attack_flag,h_true,c_true,detected,tau_detect,tau_detect_censored,false_alarm,h_hat_final,id_correct,final_entropy,final_ampvar,cumulative_act_cost,planner_runtime_ms_mean,planner_runtime_ms_p95,max_hide_error,algorithm,episode_id,case,sigma_rel
True,26,-0.04,False,20,20,False,0,False,0.49505437610423025,0.3755628598139267,0.6449621867960693,20.32550199655816,27.47568751801737,0.0,HMTD-MDE,0,case57,0.005
True,49,-0.04,True,4,4,False,49,True,0.018575636479707943,0.006690324729615974,0.6449621867960693,24.54264990228694,30.377437514835055,0.0,HMTD-MDE,1,case57,0.005
True,53,-0.04,True,1,1,False,51,False,0.26735840353369295,0.004539382401233695,0.6449621867960693,22.577410450321622,28.871997588430535,0.0,HMTD-MDE,2,case57,0.005
True,37,0.04,True,1,1,False,43,False,0.17241705744694258,0.004277983087281126,0.6449621867960693,29.01088329963386,47.71423335187137,0.0,HMTD-MDE,3,case57,0.005
True,46,0.04,True,17,17,False,0,False,0.4878579696620933,0.37941577390108994,0.6449621867960693,29.45742900192272,64.96216420782731,0.0,HMTD-MDE,4,case57,0.005
True,17,0.04,False,20,20,False,17,True,0.14325032400421656,0.020232022939734993,0.6449621867960693,21.4211042097304,34.32803153700661,0.0,HMTD-MDE,5,case57,0.005
True,24,0.04,True,1,1,False,31,False,0.3916048946500427,0.007750484557340376,0.6449621867960693,24.33326469908934,31.589023588458083,0.0,HMTD-MDE,6,case57,0.005
True,3,0.04,True,1,1,False,3,True,3.86718197811975e-10,0.0012696442911119545,0.6449621867960693,28.70016255765222,52.126994132413536,0.0,HMTD-MDE,7,case57,0.005
True,8,-0.04,True,1,1,False,8,True,3.8671819781197475e-10,7.504628368689319e-05,0.6449621867960693,28.121322850347497,41.045100675546564,0.0,HMTD-MDE,8,case57,0.005
True,22,0.04,False,20,20,False,0,False,0.5851367413200605,0.2825274530271968,0.6449621867960693,26.508449960965663,34.18472289340571,0.0,HMTD-MDE,9,case57,0.005
True,29,-0.04,True,2,2,False,31,False,0.4019815205656129,0.008033722911405434,0.6449621867960693,20.60034796304535,27.525600270018924,0.0,HMTD-MDE,10,case57,0.005
True,28,-0.04,True,1,1,False,28,True,0.0007016375944805576,0.00991148574757124,0.6449621867960693,27.36088318633847,41.13396874745377,0.0,HMTD-MDE,11,case57,0.005
True,8,0.04,True,1,1,False,8,True,3.8671819781197475e-10,7.504628368689319e-05,0.6449621867960693,26.379206296405755,36.49309611064384,0.0,HMTD-MDE,12,case57,0.005
True,28,-0.04,False,20,20,False,28,True,0.0008351719069764406,0.009911873036108597,0.6449621867960693,28.037543810205534,47.547418795875295,0.0,HMTD-MDE,13,case57,0.005
True,22,0.04,False,20,20,False,0,False,0.5025763236324329,0.3683046632591244,0.6449621867960693,30.945870809955522,55.30846398323775,0.0,HMTD-MDE,14,case57,0.005
True,26,0.04,False,20,20,False,0,False,0.5004365192080278,0.3555571990317458,0.6449621867960693,20.945177203975618,30.267000317689966,0.0,HMTD-MDE,15,case57,0.005
True,40,-0.04,True,1,1,False,40,True,9.216420973165688e-07,0.004983172894493857,0.6449621867960693,24.74859169742558,29.735878852079626,0.0,HMTD-MDE,16,case57,0.005
True,1,-0.04,False,20,20,False,0,False,0.5318307391284341,0.3661059420342838,0.6449621867960693,27.476281247800216,35.561029840027956,0.0,HMTD-MDE,17,case57,0.005
True,37,-0.04,True,2,2,False,37,True,0.17320753723812415,0.004292032315805043,0.6449621867960693,36.66793970041908,83.96944371925204,0.0,HMTD-MDE,18,case57,0.005
True,42,-0.04,True,4,4,False,42,True,2.063338919138214e-09,0.015781698591066706,0.6449621867960693,26.912616792833433,34.38911252014805,0.0,HMTD-MDE,19,case57,0.005
True,32,0.04,False,20,20,False,0,False,0.47462859661904094,0.38280779066995735,0.6449621867960693,21.281852046377026,30.747104494366805,0.0,HMTD-MDE,20,case57,0.005
True,20,0.04,True,1,1,False,20,True,0.272277523758177,0.005432215311459356,0.6449621867960693,25.80571890284773,35.75599819596392,0.0,HMTD-MDE,21,case57,0.005
True,46,0.04,False,20,20,False,0,False,0.4759187024988459,0.3833274663526963,0.6449621867960693,27.03147079446353,35.97650869342036,0.0,HMTD-MDE,22,case57,0.005
True,42,0.04,True,13,13,False,42,True,3.867180879718788e-10,0.015781698546599703,0.6449621867960693,28.230914601590484,38.11612259014512,0.0,HMTD-MDE,23,case57,0.005
True,56,-0.04,True,1,1,False,56,True,0.17144160094404476,0.007215719284532948,0.6449621867960693,26.489735356881283,34.851864288793884,0.0,HMTD-MDE,24,case57,0.005
True,53,0.04,True,1,1,False,51,False,0.21454589696471651,0.006341351857181616,0.6449621867960693,26.97116455528885,36.23388483538292,0.0,HMTD-MDE,25,case57,0.005
True,48,0.04,True,1,1,False,48,True,3.8671808797186145e-10,0.000953628856691581,0.6449621867960693,28.095178998773918,35.05764517758508,0.0,HMTD-MDE,26,case57,0.005
True,24,-0.04,True,1,1,False,31,False,0.4004022935860329,0.007467401288730742,0.6449621867960693,29.293254102231003,51.71245422097854,0.0,HMTD-MDE,27,case57,0.005
True,20,0.04,True,1,1,False,18,False,0.2219536507822201,0.008196104915107976,0.6449621867960693,28.525968798203394,45.098012199741795,0.0,HMTD-MDE,28,case57,0.005
True,34,-0.04,True,3,3,False,31,False,0.4238402045938633,0.010025464507235637,0.6449621867960693,28.520006354665384,45.1638309750706,0.0,HMTD-MDE,29,case57,0.005
True,11,-0.04,True,1,1,False,11,True,3.8671819781197475e-10,7.784713811649546e-05,0.6449621867960693,26.46789573773276,35.08802670694423,0.0,HMTD-MDE,30,case57,0.005
True,38,0.04,True,4,4,False,38,True,0.17144160094404476,0.007215719284532948,0.6449621867960693,27.876241542981006,39.50919166964013,0.0,HMTD-MDE,31,case57,0.005
True,32,0.04,False,20,20,False,0,False,0.5057382620173193,0.3704026008291783,0.6449621867960693,30.23598740401212,44.29250657267404,0.0,HMTD-MDE,32,case57,0.005
True,15,-0.04,False,20,20,False,15,True,0.12995562102803776,0.13870249372827026,0.6449621867960693,31.3727999542607,47.78331490233542,0.0,HMTD-MDE,33,case57,0.005
True,36,0.04,True,1,1,False,36,True,3.8671808797186145e-10,0.0002656380861647126,0.6449621867960693,30.18393125385046,52.80838923936244,0.0,HMTD-MDE,34,case57,0.005
True,26,0.04,False,20,20,False,0,False,0.47189858109008676,0.3837004849815572,0.6449621867960693,28.854639746714383,64.4497606845107,0.0,HMTD-MDE,35,case57,0.005
True,28,0.04,True,11,11,False,28,True,0.010148748966306409,0.009948932460811436,0.6449621867960693,30.789264506893232,43.75767472083684,0.0,HMTD-MDE,36,case57,0.005
True,3,0.04,True,1,1,False,3,True,3.867181703519762e-10,0.0012696442911119547,0.6449621867960693,33.58266450231895,71.0686792066554,0.0,HMTD-MDE,37,case57,0.005
True,6,0.04,True,1,1,False,6,True,3.8671819781197475e-10,0.0007964005941637583,0.6449621867960693,32.115339601296,55.197454211884185,0.0,HMTD-MDE,38,case57,0.005
True,51,-0.04,True,10,10,False,51,True,0.157062653712303,0.016318162684215997,0.6449621867960693,31.54832505679224,44.971576743409976,0.0,HMTD-MDE,39,case57,0.005
True,17,0.04,True,1,1,False,17,True,0.15215208311195394,0.02003996446646192,0.6449621867960693,40.0472041539615,112.79748058586853,0.0,HMTD-MDE,40,case57,0.005
True,49,-0.04,True,5,5,False,49,True,0.007924408375960045,0.00673801599125382,0.6449621867960693,29.58445830445271,48.99761700944512,0.0,HMTD-MDE,41,case57,0.005
True,19,-0.04,True,1,1,False,18,False,0.24312350321582735,0.007552948358893176,0.6449621867960693,28.624818695243448,50.03109165700154,0.0,HMTD-MDE,42,case57,0.005
True,31,0.04,False,20,20,False,33,False,0.4158839301485143,0.014625451436346757,0.6449621867960693,33.66283545619808,69.57071697979701,0.0,HMTD-MDE,43,case57,0.005
True,55,0.04,True,1,1,False,55,True,2.2130317297666575e-05,0.00039365636533211524,0.6449621867960693,33.32796034810599,60.43852884031367,0.0,HMTD-MDE,44,case57,0.005
True,2,0.04,True,1,1,False,2,True,3.867181978119967e-10,0.00195562968249633,0.6449621867960693,29.464339598780498,47.890779518638745,0.0,HMTD-MDE,45,case57,0.005
True,34,-0.04,True,3,3,False,31,False,0.42437124902909334,0.009375083284666831,0.6449621867960693,33.952579108881764,63.138100304058796,0.0,HMTD-MDE,46,case57,0.005
True,14,-0.04,True,1,1,False,14,True,3.8671819781197475e-10,0.003115447415609492,0.6449621867960693,27.27985830279067,39.78362231573557,0.0,HMTD-MDE,47,case57,0.005
True,1,0.04,False,20,20,False,1,True,0.20066594846107316,0.14892560245257733,0.6449621867960693,33.932743745390326,71.31152708025185,0.0,HMTD-MDE,48,case57,0.005
True,34,-0.04,True,3,3,False,31,False,0.4161715476287091,0.0096270424735065,0.6449621867960693,32.52857905754354,55.51847501483282,0.0,HMTD-MDE,49,case57,0.005
True,40,-0.04,True,1,1,False,40,True,7.307489717355759e-07,0.004983173133242175,0.6449621867960693,30.76938120648265,58.506694016978145,0.0,HMTD-MDE,50,case57,0.005
True,27,-0.04,False,20,20,False,27,True,0.018658507037754565,0.015543477573422875,0.6449621867960693,36.9379499432398,82.71049018076157,0.0,HMTD-MDE,51,case57,0.005
True,44,-0.04,False,20,20,False,44,True,0.19035508521480618,0.07049350701544113,0.6449621867960693,30.323904001852497,45.81823155167513,0.0,HMTD-MDE,52,case57,0.005
True,1,0.04,False,20,20,False,0,False,0.5268130009203343,0.34692861419298904,0.6449621867960693,28.133570856880397,41.05026044126135,0.0,HMTD-MDE,53,case57,0.005
True,20,-0.04,True,1,1,False,18,False,0.24286030787156154,0.007556812093263644,0.6449621867960693,31.960685300873592,51.10701211378911,0.0,HMTD-MDE,54,case57,0.005
True,41,-0.04,True,1,1,False,55,False,0.07353847620691506,0.00038342324135827937,0.6449621867960693,28.477760302484967,41.390091966604814,0.0,HMTD-MDE,55,case57,0.005
True,25,0.04,False,20,20,False,0,False,0.5761063186664284,0.28925168094533804,0.6449621867960693,28.43021040316671,40.595142016536556,0.0,HMTD-MDE,56,case57,0.005
True,33,0.04,False,20,20,False,33,True,0.3414916681230306,0.023532818020677766,0.6449621867960693,23.939002139377408,32.5762205553474,0.0,HMTD-MDE,57,case57,0.005
True,42,-0.04,False,20,20,False,42,True,3.8671806051192644e-10,0.015781698546599707,0.6449621867960693,33.867106298566796,56.20812562701759,0.0,HMTD-MDE,58,case57,0.005
True,21,0.04,False,20,20,False,0,False,0.47312347791803855,0.38377985109725965,0.6449621867960693,30.764014649321325,47.250762133626274,0.0,HMTD-MDE,59,case57,0.005
True,36,-0.04,True,1,1,False,36,True,3.86718087971862e-10,0.0002656380861647126,0.6449621867960693,29.365558244171552,50.07541638042313,0.0,HMTD-MDE,60,case57,0.005
True,46,0.04,False,20,20,False,0,False,0.4956994911335407,0.3761660068166696,0.6449621867960693,31.276504349079914,63.355366679024904,0.0,HMTD-MDE,61,case57,0.005
True,56,0.04,True,1,1,False,38,False,0.1714416009440448,0.007215719284532948,0.6449621867960693,30.842393805505708,66.83689588098787,0.0,HMTD-MDE,62,case57,0.005
True,8,-0.04,True,1,1,False,8,True,3.8671819781197475e-10,7.504628368689319e-05,0.6449621867960693,29.976072843419388,46.575527128879926,0.0,HMTD-MDE,63,case57,0.005
True,2,0.04,True,1,1,False,2,True,3.8671819781197486e-10,0.00195562968249633,0.6449621867960693,30.356064601801336,51.14728714688681,0.0,HMTD-MDE,64,case57,0.005
True,43,0.04,True,1,1,False,37,False,0.17314962298389625,0.004290956140282492,0.6449621867960693,31.257468851981685,40.85384855279702,0.0,HMTD-MDE,65,case57,0.005
True,11,0.04,True,1,1,False,11,True,3.8671819781197475e-10,7.784713811649546e-05,0.6449621867960693,27.912804050720297,43.898561914102174,0.0,HMTD-MDE,66,case57,0.005
True,7,0.04,False,20,20,False,7,True,3.867180330576621e-10,0.011665826026726011,0.6449621867960693,32.94851250539068,60.72147704835516,0.0,HMTD-MDE,67,case57,0.005
True,7,-0.04,True,19,19,False,7,True,3.8671819781197475e-10,0.011665826026726002,0.6449621867960693,32.74927495222073,53.754641689010896,0.0,HMTD-MDE,68,case57,0.005
True,51,-0.04,True,9,9,False,51,True,0.15433386131757076,0.013649044518200591,0.6449621867960693,34.02862905350048,53.172651462955415,0.0,HMTD-MDE,69,case57,0.005
True,12,-0.04,True,1,1,False,12,True,3.8671819781197475e-10,1.652337231092268e-05,0.6449621867960693,28.80048755032476,52.09265353041701,0.0,HMTD-MDE,70,case57,0.005
True,17,-0.04,False,20,20,False,17,True,0.15947743362410144,0.019749867772137143,0.6449621867960693,30.58090216072742,50.05554548115471,0.0,HMTD-MDE,71,case57,0.005
True,35,0.04,True,1,1,False,35,True,3.8671808797186145e-10,0.00023937756299611992,0.6449621867960693,32.956829250906594,84.95947882474866,0.0,HMTD-MDE,72,case57,0.005
True,37,0.04,True,1,1,False,37,True,0.17293159881638187,0.004286966433897905,0.6449621867960693,31.57040635705925,44.915297310217284,0.0,HMTD-MDE,73,case57,0.005
True,11,0.04,True,1,1,False,11,True,3.8671819781197475e-10,7.784713811649546e-05,0.6449621867960693,29.722527042031288,50.45432916667779,0.0,HMTD-MDE,74,case57,0.005
True,43,-0.04,True,1,1,False,37,False,0.1721807382454774,0.004274098868256025,0.6449621867960693,37.37570210068952,71.57389759668153,0.0,HMTD-MDE,75,case57,0.005
True,39,0.04,False,20,20,False,39,True,0.020751957593375846,0.0541847991469188,0.6449621867960693,29.549712556763552,53.49728364672047,0.0,HMTD-MDE,76,case57,0.005
True,41,-0.04,True,1,1,False,41,True,0.0002753706652015834,0.00027705466585327485,0.6449621867960693,29.56255414756015,52.90195447159932,0.0,HMTD-MDE,77,case57,0.005
True,11,-0.04,True,1,1,False,11,True,3.8671819781197475e-10,7.784713811649546e-05,0.6449621867960693,29.59214999282267,48.51290441001767,0.0,HMTD-MDE,78,case57,0.005
True,24,0.04,True,1,1,False,34,False,0.4026072689319877,0.007346925135607909,0.6449621867960693,31.620904302690178,62.2883648989955,0.0,HMTD-MDE,79,case57,0.005
True,26,-0.04,False,20,20,False,0,False,0.4888170225967445,0.3772078840621763,0.6449621867960693,30.67843965254724,52.793039905373014,0.0,HMTD-MDE,80,case57,0.005
True,37,0.04,True,1,1,False,43,False,0.17670453405690445,0.004366555859917793,0.6449621867960693,30.86879795009736,44.45453190128319,0.0,HMTD-MDE,81,case57,0.005
True,26,-0.04,False,20,20,False,0,False,0.5311405588401779,0.35312515028462377,0.6449621867960693,29.923827145830728,53.29726698982996,0.0,HMTD-MDE,82,case57,0.005
True,20,-0.04,True,1,1,False,18,False,0.20690352976867504,0.00858527716349045,0.6449621867960693,31.35225854930468,56.960748546407586,0.0,HMTD-MDE,83,case57,0.005
True,54,0.04,False,20,20,False,54,True,0.10132940257411199,0.03037338713070305,0.6449621867960693,29.167416697600856,40.07791074109266,0.0,HMTD-MDE,84,case57,0.005
True,31,0.04,True,4,4,False,31,True,0.4098291119213804,0.014214676344954328,0.6449621867960693,30.466547902324237,52.42170833807904,0.0,HMTD-MDE,85,case57,0.005
True,28,0.04,True,11,11,False,28,True,0.0004815524298223064,0.009910870408076452,0.6449621867960693,33.15948125964496,62.43472885689701,0.0,HMTD-MDE,86,case57,0.005
True,26,-0.04,False,20,20,False,0,False,0.5170299628831545,0.36389424185041264,0.6449621867960693,30.272312494344078,55.21778898255434,0.0,HMTD-MDE,87,case57,0.005
True,17,-0.04,False,20,20,False,17,True,0.2891319932519721,0.014840707808287031,0.6449621867960693,32.792660396080464,43.750083254417405,0.0,HMTD-MDE,88,case57,0.005
True,55,-0.04,True,1,1,False,55,True,3.0491416252499076e-06,0.0003936570798539305,0.6449621867960693,34.88598335243296,52.74213692173363,0.0,HMTD-MDE,89,case57,0.005
True,11,0.04,True,1,1,False,11,True,3.8671819781197475e-10,7.784713811649546e-05,0.6449621867960693,31.06027484172955,49.2215229314752,0.0,HMTD-MDE,90,case57,0.005
True,48,-0.04,True,1,1,False,48,True,3.8671808797186145e-10,0.000953628856691581,0.6449621867960693,26.693510296172462,38.284822262357935,0.0,HMTD-MDE,91,case57,0.005
True,50,-0.04,True,1,1,False,49,False,0.029071929791792905,0.006634367146755506,0.6449621867960693,31.10074370051734,52.9916916129878,0.0,HMTD-MDE,92,case57,0.005
True,53,-0.04,True,1,1,False,51,False,0.12133299559570473,0.00780703192180253,0.6449621867960693,28.19063540082425,54.93450065841898,0.0,HMTD-MDE,93,case57,0.005
True,43,0.04,True,1,1,False,37,False,0.17147107328223785,0.004263962904880906,0.6449621867960693,29.67419174965471,56.646768414066194,0.0,HMTD-MDE,94,case57,0.005
True,40,-0.04,True,1,1,False,40,True,2.6864331440359077e-07,0.004983173657428464,0.6449621867960693,31.835654156748202,53.607780631864465,0.0,HMTD-MDE,95,case57,0.005
True,10,-0.04,True,1,1,False,10,True,3.8671819781197475e-10,0.00021045392980386027,0.6449621867960693,28.91486666048877,56.39142914733384,0.0,HMTD-MDE,96,case57,0.005
True,14,0.04,True,1,1,False,14,True,3.8671819781197475e-10,0.003115447415609492,0.6449621867960693,30.164075043285266,42.259022596408634,0.0,HMTD-MDE,97,case57,0.005
True,53,-0.04,True,1,1,False,51,False,0.26943373552956196,0.0043528920763276505,0.6449621867960693,34.07198339118622,63.35993269458413,0.0,HMTD-MDE,98,case57,0.005
True,49,-0.04,True,4,4,False,49,True,0.03604175589740193,0.0065928697298402285,0.6449621867960693,30.343485507182777,51.378246178501286,0.0,HMTD-MDE,99,case57,0.005
True,56,0.04,True,6,6,False,56,True,0.1714416009440448,0.007215719284532948,0.6449621867960693,32.08397735434119,59.8099482653197,0.0,HMTD-MDE,100,case57,0.005
True,17,-0.04,True,15,15,False,17,True,0.2565510553326243,0.015683240957114843,0.6449621867960693,30.82622090005316,56.457228839281015,0.0,HMTD-MDE,101,case57,0.005
True,12,0.04,True,1,1,False,12,True,3.8671819781197475e-10,1.652337231092268e-05,0.6449621867960693,29.94868970126845,42.24757473857609,0.0,HMTD-MDE,102,case57,0.005
True,48,-0.04,True,1,1,False,48,True,3.8671808797186145e-10,0.000953628856691581,0.6449621867960693,27.787624899065122,42.4816392158391,0.0,HMTD-MDE,103,case57,0.005
True,31,0.04,True,19,19,False,31,True,0.42400574119155077,0.011280304812177934,0.6449621867960693,28.896762401564047,39.32359729951714,0.0,HMTD-MDE,104,case57,0.005
True,31,0.04,False,20,20,False,31,True,0.4386803645217383,0.01144404645681318,0.6449621867960693,28.607968747382984,44.4721687701531,0.0,HMTD-MDE,105,case57,0.005
True,41,-0.04,True,1,1,False,41,True,0.0005329085105063743,0.00027706862014834945,0.6449621867960693,31.665733357658613,57.02937711030246,0.0,HMTD-MDE,106,case57,0.005
True,16,-0.04,False,20,20,False,0,False,0.48845030943485346,0.3147210553284319,0.6449621867960693,36.1246874963399,70.04855002742262,0.0,HMTD-MDE,107,case57,0.005
True,20,0.04,True,1,1,False,18,False,0.15589804744812946,0.009582340104081277,0.6449621867960693,34.79222504829522,60.621789598371876,0.0,HMTD-MDE,108,case57,0.005
True,50,0.04,True,1,1,False,49,False,0.08524563578591204,0.0062008117278289625,0.6449621867960693,31.06166659563314,54.486675391672186,0.0,HMTD-MDE,109,case57,0.005
True,17,0.04,True,7,7,False,17,True,0.16312635099082093,0.019680532931478714,0.6449621867960693,32.097591608180664,49.01292498980186,0.0,HMTD-MDE,110,case57,0.005
True,41,0.04,True,1,1,False,41,True,3.156445847744109e-07,0.0002770418378783731,0.6449621867960693,29.573518797405995,61.52752153284383,0.0,HMTD-MDE,111,case57,0.005
True,15,0.04,False,20,20,False,0,False,0.5439504565992663,0.32201208330679526,0.6449621867960693,29.10159605089575,45.52483159350233,0.0,HMTD-MDE,112,case57,0.005
True,12,-0.04,True,1,1,False,12,True,3.8671819781197475e-10,1.652337231092268e-05,0.6449621867960693,31.121670742868446,56.94095627113713,0.0,HMTD-MDE,113,case57,0.005
True,33,-0.04,False,20,20,False,33,True,0.24847120375944798,0.02473433023784658,0.6449621867960693,29.860256242682226,52.17831876070706,0.0,HMTD-MDE,114,case57,0.005
True,8,0.04,True,1,1,False,8,True,3.8671819781197475e-10,7.504628368689319e-05,0.6449621867960693,30.104643694357947,45.09050419146661,0.0,HMTD-MDE,115,case57,0.005
True,16,-0.04,False,20,20,False,16,True,0.46946976927837997,0.2650859111339739,0.6449621867960693,31.094537500757724,61.101294044055976,0.0,HMTD-MDE,116,case57,0.005
True,46,-0.04,False,20,20,False,0,False,0.4838179534952067,0.3799152050144675,0.6449621867960693,30.355072807287797,45.18135416146836,0.0,HMTD-MDE,117,case57,0.005
True,8,-0.04,True,1,1,False,8,True,3.8671819781197475e-10,7.504628368689319e-05,0.6449621867960693,32.42036670562811,51.04840175481514,0.0,HMTD-MDE,118,case57,0.005
True,20,0.04,True,1,1,False,18,False,0.24068346313645736,0.007625357232306211,0.6449621867960693,33.132497998303734,56.230454513570294,0.0,HMTD-MDE,119,case57,0.005
True,52,-0.04,True,1,1,False,51,False,0.10914371463415605,0.007945913223519499,0.6449621867960693,36.09080414462369,67.58885628369174,0.0,HMTD-MDE,120,case57,0.005
True,9,-0.04,True,1,1,False,9,True,3.8671819781197475e-10,0.0022435738309238046,0.6449621867960693,35.164589653140865,68.24316284910311,0.0,HMTD-MDE,121,case57,0.005
True,21,0.04,False,20,20,False,0,False,0.4845490583492926,0.3787190627071329,0.6449621867960693,33.364516697474755,60.4964434489375,0.0,HMTD-MDE,122,case57,0.005
True,43,0.04,True,1,1,False,37,False,0.1715369072497968,0.004264724469653604,0.6449621867960693,29.785039648413658,64.17319583997596,0.0,HMTD-MDE,123,case57,0.005
True,18,-0.04,True,9,9,False,18,True,0.1973358149903897,0.016842787309167478,0.6449621867960693,35.8685916493414,72.75662914908025,0.0,HMTD-MDE,124,case57,0.005
True,38,-0.04,True,1,1,False,38,True,0.1714416009440448,0.007215719284532948,0.6449621867960693,31.464568796218373,58.09513122658245,0.0,HMTD-MDE,125,case57,0.005
True,47,-0.04,False,20,20,False,0,False,0.537236051890581,0.3014602731072658,0.6449621867960693,28.88173119572457,51.07695864571724,0.0,HMTD-MDE,126,case57,0.005
True,51,-0.04,True,14,14,False,51,True,0.13737786665564763,0.014338669054336624,0.6449621867960693,33.11068339680787,72.80772562953644,0.0,HMTD-MDE,127,case57,0.005
True,23,0.04,True,0,0,False,0,False,0.5170152486585909,0.3629386315869066,0.6449621867960693,29.09834164311178,52.180377044714994,0.0,HMTD-MDE,128,case57,0.005
True,40,0.04,True,1,1,False,40,True,3.393868653285251e-06,0.004983169749680973,0.6449621867960693,34.68310419411864,54.855122620938374,0.0,HMTD-MDE,129,case57,0.005
True,20,-0.04,True,1,1,False,20,True,0.2540824786903719,0.003999326651830352,0.6449621867960693,32.61506240523886,55.62579405959698,0.0,HMTD-MDE,130,case57,0.005
True,51,-0.04,True,3,3,False,51,True,0.15782823775296714,0.017042289797372344,0.6449621867960693,30.21758960094303,54.04354580387009,0.0,HMTD-MDE,131,case57,0.005
True,26,0.04,False,20,20,False,0,False,0.4873402531083196,0.377158739629184,0.6449621867960693,28.702220850391313,45.268661068985246,0.0,HMTD-MDE,132,case57,0.005
True,43,-0.04,True,1,1,False,43,True,0.17467157095905297,0.0043211710790444936,0.6449621867960693,30.20719369815197,61.12883723108098,0.0,HMTD-MDE,133,case57,0.005
True,54,-0.04,False,20,20,False,54,True,0.07824992080646373,0.032339130165111904,0.6449621867960693,29.37787496484816,40.8249017491471,0.0,HMTD-MDE,134,case57,0.005
True,32,0.04,False,20,20,False,0,False,0.5203833965848526,0.35748972680726077,0.6449621867960693,32.99128735088743,48.93609760329128,0.0,HMTD-MDE,135,case57,0.005
True,47,0.04,False,20,20,False,0,False,0.5190877419543259,0.36518113674471586,0.6449621867960693,36.49828965135384,60.09717772249133,0.0,HMTD-MDE,136,case57,0.005
True,51,0.04,True,2,2,False,51,True,0.16685825127520856,0.018521733555939335,0.6449621867960693,33.18896239507012,44.15170586435125,0.0,HMTD-MDE,137,case57,0.005
True,53,0.04,True,1,1,False,51,False,0.036198570732021186,0.008604892350721307,0.6449621867960693,35.289056348847225,60.17235385952519,0.0,HMTD-MDE,138,case57,0.005
True,54,0.04,False,20,20,False,54,True,0.08899694338490179,0.031084981364709715,0.6449621867960693,34.38347915362101,68.18522147077603,0.0,HMTD-MDE,139,case57,0.005
True,20,0.04,True,1,1,False,18,False,0.26163041541100795,0.006697069235719862,0.6449621867960693,29.933812597300857,50.6946708803298,0.0,HMTD-MDE,140,case57,0.005
True,52,0.04,True,1,1,False,51,False,0.06813845881193908,0.008351383822737046,0.6449621867960693,29.51754360983614,43.92763512150852,0.0,HMTD-MDE,141,case57,0.005
True,10,0.04,True,1,1,False,10,True,3.8671819781197475e-10,0.00021045392980386027,0.6449621867960693,32.761720853159204,56.97823483496906,0.0,HMTD-MDE,142,case57,0.005
True,12,-0.04,True,1,1,False,12,True,3.8671819781197475e-10,1.652337231092268e-05,0.6449621867960693,31.372014599037357,67.81755557167344,0.0,HMTD-MDE,143,case57,0.005
True,10,0.04,True,1,1,False,10,True,3.8671819781197475e-10,0.00021045392980386027,0.6449621867960693,28.082452050875872,43.94752708612942,0.0,HMTD-MDE,144,case57,0.005
True,11,-0.04,True,1,1,False,11,True,3.8671819781197475e-10,7.784713811649546e-05,0.6449621867960693,29.05443954805378,36.948568731895676,0.0,HMTD-MDE,145,case57,0.005
True,25,-0.04,False,20,20,False,0,False,0.5132975705683063,0.3433145026753427,0.6449621867960693,30.88140204490628,51.4834431523923,0.0,HMTD-MDE,146,case57,0.005
True,36,0.04,True,1,1,False,36,True,3.867180879718624e-10,0.0002656380861647126,0.6449621867960693,31.00480830471497,54.2604691174347,0.0,HMTD-MDE,147,case57,0.005
True,44,-0.04,False,20,20,False,44,True,0.022583949082598156,0.0325172757540218,0.6449621867960693,28.532451958744787,46.82505654054695,0.0,HMTD-MDE,148,case57,0.005
True,24,0.04,True,1,1,False,31,False,0.39717567270360155,0.007840432053771757,0.6449621867960693,26.93711045430973,39.53404204221442,0.0,HMTD-MDE,149,case57,0.005
True,3,0.04,True,1,1,False,3,True,3.8671819781197475e-10,0.0012696442911119545,0.6449621867960693,31.786587592796423,46.34910035820212,0.0,HMTD-MDE,150,case57,0.005
True,42,0.04,False,20,20,False,42,True,3.8671808797218907e-10,0.015781698546599703,0.6449621867960693,33.70396870013792,51.744669047184296,0.0,HMTD-MDE,151,case57,0.005
True,23,0.04,False,20,20,False,0,False,0.5363935832854179,0.35917529958907796,0.6449621867960693,37.305866758106276,54.357947321841515,0.0,HMTD-MDE,152,case57,0.005
True,45,0.04,True,7,7,False,45,True,3.8671808797193554e-10,0.010458991147358978,0.6449621867960693,32.00485824781936,59.157006253371954,0.0,HMTD-MDE,153,case57,0.005
True,24,-0.04,True,1,1,False,31,False,0.40136949213418055,0.007630491394325549,0.6449621867960693,31.50348344934173,49.641989587689764,0.0,HMTD-MDE,154,case57,0.005
True,22,-0.04,False,20,20,False,0,False,0.5834830277088919,0.30460034942843306,0.6449621867960693,32.651635599904694,60.481377120595425,0.0,HMTD-MDE,155,case57,0.005
True,23,0.04,False,20,20,False,0,False,0.4851363689739408,0.3752582910116299,0.6449621867960693,26.8403209047392,44.37134342442733,0.0,HMTD-MDE,156,case57,0.005
True,54,0.04,False,20,20,False,54,True,0.16047974224677417,0.02618978707033457,0.6449621867960693,28.012624953407794,44.161031598923735,0.0,HMTD-MDE,157,case57,0.005
True,33,-0.04,False,20,20,False,33,True,0.435600143765432,0.013625610910548003,0.6449621867960693,30.986962403403595,41.699702412006445,0.0,HMTD-MDE,158,case57,0.005
True,39,-0.04,False,20,20,False,39,True,0.37601043813409374,0.18152810132986263,0.6449621867960693,34.59615833708085,46.48701459227597,0.0,HMTD-MDE,159,case57,0.005
False,0,0.0,False,20,20,False,0,True,0.4884600629714336,0.3748261502379556,0.6449621867960693,26.382560445927083,39.56137017812581,0.0,HMTD-MDE,160,case57,0.005
False,0,0.0,False,20,20,False,0,True,0.5213680060544753,0.35905621293081924,0.6449621867960693,29.777687398018315,46.30189401796088,0.0,HMTD-MDE,161,case57,0.005
False,0,0.0,False,20,20,False,0,True,0.4945054044973427,0.37365753741847973,0.6449621867960693,26.777387448237278,39.46241838275455,0.0,HMTD-MDE,162,case57,0.005
False,0,0.0,False,20,20,False,0,True,0.48851641679068214,0.26835087608167807,0.6449621867960693,29.38150420668535,48.4372607228579,0.0,HMTD-MDE,163,case57,0.005
False,0,0.0,False,20,20,False,0,True,0.5119215328047142,0.36145348319553344,0.6449621867960693,31.075785341090523,49.308779175044045,0.0,HMTD-MDE,164,case57,0.005
False,0,0.0,False,20,20,False,0,True,0.526326386958182,0.268499731683624,0.6449621867960693,28.930693931761198,54.936120760976344,0.0,HMTD-MDE,165,case57,0.005
False,0,0.0,False,20,20,False,0,True,0.5006164568640671,0.37117326400511935,0.6449621867960693,27.998495844076388,45.89465802419,0.0,HMTD-MDE,166,case57,0.005
False,0,0.0,False,20,20,False,0,True,0.5054894000861734,0.35265044415379754,0.6449621867960693,30.413954198593274,58.82980660826434,0.0,HMTD-MDE,167,case57,0.005
False,0,0.0,False,20,20,False,0,True,0.5191523182918019,0.3600768736050202,0.6449621867960693,29.901458401582204,53.20113548077644,0.0,HMTD-MDE,168,case57,0.005
False,0,0.0,False,20,20,False,0,True,0.4874638931645742,0.3776638035683869,0.6449621867960693,33.232443741871975,52.65922320249957,0.0,HMTD-MDE,169,case57,0.005
False,0,0.0,False,20,20,False,0,True,0.5518358788529497,0.3294631335032927,0.6449621867960693,37.01396660762839,67.05059969681315,0.0,HMTD-MDE,170,case57,0.005
False,0,0.0,False,20,20,False,0,True,0.5270810198217922,0.3543298469854137,0.6449621867960693,35.66188114346005,81.78920590726193,0.0,HMTD-MDE,171,case57,0.005
False,0,0.0,False,20,20,False,0,True,0.4972900175823044,0.37375489215131347,0.6449621867960693,34.56470629898831,56.87294644012584,0.0,HMTD-MDE,172,case57,0.005
False,0,0.0,False,20,20,False,0,True,0.5380359776211092,0.3580851862162,0.6449621867960693,34.176912539987825,43.00204788160045,0.0,HMTD-MDE,173,case57,0.005
False,0,0.0,False,20,20,False,0,True,0.506749795435787,0.36705821146818773,0.6449621867960693,32.026141800452024,45.494258339749656,0.0,HMTD-MDE,174,case57,0.005
False,0,0.0,False,20,20,False,0,True,0.5433455813460356,0.33696231853195757,0.6449621867960693,33.352770953206345,61.95943125640043,0.0,HMTD-MDE,175,case57,0.005
False,0,0.0,False,20,20,False,1,False,0.4014685736855131,0.2527831159864584,0.6449621867960693,27.462395848124288,45.15606518252753,0.0,HMTD-MDE,176,case57,0.005
False,0,0.0,False,20,20,False,0,True,0.5212193372575779,0.35466415024524944,0.6449621867960693,28.350960594252683,50.791423220653094,0.0,HMTD-MDE,177,case57,0.005
False,0,0.0,False,20,20,False,0,True,0.5319177118363495,0.35150139157513727,0.6449621867960693,35.77478755323682,79.08132947923153,0.0,HMTD-MDE,178,case57,0.005
False,0,0.0,False,20,20,False,0,True,0.49179846083835577,0.37653947902237805,0.6449621867960693,31.788893655175343,75.88602295145392,0.0,HMTD-MDE,179,case57,0.005
False,0,0.0,False,20,20,False,0,True,0.49563145876517956,0.37580561837498483,0.6449621867960693,33.453252096660435,73.38091455749237,0.0,HMTD-MDE,180,case57,0.005
False,0,0.0,False,20,20,False,0,True,0.48227358769834744,0.37838557422942093,0.6449621867960693,33.999018793110736,57.44197349995378,0.0,HMTD-MDE,181,case57,0.005
False,0,0.0,False,20,20,False,0,True,0.5010138451268222,0.37175434637091354,0.6449621867960693,24.46728119684849,31.521837189211517,0.0,HMTD-MDE,182,case57,0.005
False,0,0.0,False,20,20,False,0,True,0.5285152698737707,0.35625455834133724,0.6449621867960693,27.91663954849355,49.782269384013496,0.0,HMTD-MDE,183,case57,0.005
False,0,0.0,True,11,11,True,0,True,0.5181536960235645,0.36537346394513104,0.6449621867960693,30.168764499831013,46.534697996685296,0.0,HMTD-MDE,184,case57,0.005
False,0,0.0,False,20,20,False,0,True,0.519231742172247,0.363790036461904,0.6449621867960693,29.219279199605808,44.67821515863763,0.0,HMTD-MDE,185,case57,0.005
False,0,0.0,False,20,20,False,0,True,0.4877722620645053,0.3757544118954774,0.6449621867960693,30.642475045169704,49.23662982182581,0.0,HMTD-MDE,186,case57,0.005
False,0,0.0,False,20,20,False,0,True,0.5353214939416657,0.35336887557530483,0.6449621867960693,25.53598540253006,34.59011874801946,0.0,HMTD-MDE,187,case57,0.005
False,0,0.0,False,20,20,False,15,False,0.4685822676399524,0.2821590073769591,0.6449621867960693,25.862585494178347,33.499346129247,0.0,HMTD-MDE,188,case57,0.005
False,0,0.0,False,20,20,False,0,True,0.5001698647978097,0.3728035449146721,0.6449621867960693,18.666018795920536,23.525520809926093,0.0,HMTD-MDE,189,case57,0.005
False,0,0.0,False,20,20,False,0,True,0.5307187921732193,0.35427321867613853,0.6449621867960693,27.402858203276992,42.53399762674235,0.0,HMTD-MDE,190,case57,0.005
False,0,0.0,False,20,20,False,0,True,0.5503494804705878,0.3258015099491106,0.6449621867960693,30.231368794920854,41.71980181999971,0.0,HMTD-MDE,191,case57,0.005
False,0,0.0,False,20,20,False,0,True,0.502032040578949,0.3721874183723641,0.6449621867960693,19.992754294071347,24.876262884936295,0.0,HMTD-MDE,192,case57,0.005
False,0,0.0,False,20,20,False,0,True,0.5633990122714276,0.27801832758183687,0.6449621867960693,31.69234590022825,53.90048154222313,0.0,HMTD-MDE,193,case57,0.005
False,0,0.0,False,20,20,False,0,True,0.5161352602115887,0.3592322198872573,0.6449621867960693,16.481675050454214,18.045268434798345,0.0,HMTD-MDE,194,case57,0.005
False,0,0.0,False,20,20,False,0,True,0.49844386902061477,0.37356191344844,0.6449621867960693,26.63099984638393,36.37458683806473,0.0,HMTD-MDE,195,case57,0.005
False,0,0.0,False,20,20,False,0,True,0.4911656604657337,0.37625445193353046,0.6449621867960693,20.964726951206103,24.42930239485577,0.0,HMTD-MDE,196,case57,0.005
False,0,0.0,False,20,20,False,0,True,0.5480776989029501,0.34665672564238614,0.6449621867960693,15.527060546446592,17.688699398422614,0.0,HMTD-MDE,197,case57,0.005
False,0,0.0,False,20,20,False,0,True,0.5072045218535985,0.36536584369766506,0.6449621867960693,18.817193794529885,21.936401756829582,0.0,HMTD-MDE,198,case57,0.005
False,0,0.0,False,20,20,False,0,True,0.4798196702669011,0.2897319073808801,0.6449621867960693,10.270845852210186,12.26358509156853,0.0,HMTD-MDE,199,case57,0.005
True,26,-0.04,True,1,1,False,26,True,0.1714416009440448,0.0016545999909402275,0.4801309673464152,363.62587494950276,428.9656871755154,0.0,MS-HIDE,0,case57,0.005
True,49,-0.04,True,1,1,False,49,True,1.5865066456958274e-09,0.0005838579207746907,0.32837549926903675,283.5741270449944,371.1472975701327,0.0,MS-HIDE,1,case57,0.005
True,53,-0.04,True,1,1,False,53,True,0.17144160464497032,0.0005488801810117217,0.26767867149353447,355.5671227979474,431.71959820028974,0.0,MS-HIDE,2,case57,0.005
True,37,0.04,True,1,1,False,37,True,0.1714416048992182,0.0005245536924569021,0.4180488204711792,281.2788500508759,353.38380863540806,0.0,MS-HIDE,3,case57,0.005
True,46,0.04,True,17,17,False,0,False,0.3609687037127371,0.3491858102684295,0.5379329452993262,264.9327291554073,324.11331454932224,0.0,MS-HIDE,4,case57,0.005
True,17,0.04,True,2,2,False,17,True,0.0020227935920560107,0.0018145627207039742,0.42685673030654125,372.17072704806924,427.2411170270074,0.0,MS-HIDE,5,case57,0.005
True,24,0.04,True,2,2,False,24,True,0.17144160139898915,0.000942042058045381,0.45687011782419884,279.5808229013346,322.5271121656988,0.0,MS-HIDE,6,case57,0.005
True,3,0.04,True,1,1,False,3,True,3.8671819781197475e-10,0.0007025620326732209,0.33973415881590785,364.56954984460026,443.34482738049815,0.0,MS-HIDE,7,case57,0.005
True,8,-0.04,True,1,1,False,8,True,3.8671819781197475e-10,8.422750397428089e-05,0.3280214608159919,269.99253520625643,334.332718726364,0.0,MS-HIDE,8,case57,0.005
True,22,0.04,False,20,20,False,0,False,0.39259948455417093,0.33762302030049285,0.4781525041521594,262.2288000449771,317.28792144567706,0.0,MS-HIDE,9,case57,0.005
True,29,-0.04,True,2,2,False,24,False,0.17144160120283514,0.0009420420579948801,0.45749701481904237,374.1033772006631,519.5034693751963,0.0,MS-HIDE,10,case57,0.005
True,28,-0.04,True,1,1,False,28,True,3.867181154325349e-10,0.0005221485340391607,0.29140794998391256,274.9485478940187,335.8929493493634,0.0,MS-HIDE,11,case57,0.005
True,8,0.04,True,1,1,False,8,True,3.8671819781197475e-10,8.422750358604354e-05,0.3394475328782709,364.6196832967689,447.8834482113609,0.0,MS-HIDE,12,case57,0.005
True,28,-0.04,True,1,1,False,28,True,5.612240260167319e-10,0.0005221485344994833,0.28910408577513236,288.6975708970567,343.93318332731724,0.0,MS-HIDE,13,case57,0.005
True,22,0.04,False,20,20,False,0,False,0.37194275862556964,0.34576482401774633,0.5707716765981155,272.25523539527785,333.7038868747186,0.0,MS-HIDE,14,case57,0.005
True,26,0.04,True,1,1,False,26,True,0.1714416009440448,0.0016965557138020565,0.4605762823403818,369.8062978539383,437.1439788432339,0.0,MS-HIDE,15,case57,0.005
True,40,-0.04,True,1,1,False,40,True,3.878220572363682e-10,0.003404753841517868,0.4713196359915836,271.8123707571067,327.31795267609414,0.0,MS-HIDE,16,case57,0.005
True,1,-0.04,True,13,13,False,1,True,3.909427710503262e-08,0.011154514173693003,0.446737613352914,364.06282915268093,427.8432058752526,0.0,MS-HIDE,17,case57,0.005
True,37,-0.04,True,1,1,False,37,True,0.1714416076386034,0.0005245536934624679,0.43242156671396115,274.75139585440047,333.1617639691103,0.0,MS-HIDE,18,case57,0.005
True,42,-0.04,True,1,1,False,42,True,3.8671808797186145e-10,0.0007969804586667118,0.5316886376865538,275.5827041954035,338.4023770951899,0.0,MS-HIDE,19,case57,0.005
True,32,0.04,False,20,20,False,0,False,0.37515926713333714,0.3412159635606937,0.5662055669165911,376.28731034637894,432.7754104015199,0.0,MS-HIDE,20,case57,0.005
True,20,0.04,True,1,1,False,19,False,0.1714416017800177,0.000709619637752827,0.33823045425730464,278.21719775383826,331.4808118506335,0.0,MS-HIDE,21,case57,0.005
True,46,0.04,False,20,20,False,0,False,0.3717629107523329,0.3459430457983643,0.5176394047349195,362.4726436508354,412.81273301574527,0.0,MS-HIDE,22,case57,0.005
True,42,0.04,True,1,1,False,42,True,3.8671808797186145e-10,0.0007969804586667118,0.5316886376865538,268.081383293611,334.863937474438,0.0,MS-HIDE,23,case57,0.005
True,56,-0.04,True,1,1,False,56,True,0.17144160094404476,0.002070228407726645,0.5666705191444084,262.9570875869831,333.0347982089734,0.0,MS-HIDE,24,case57,0.005
True,53,0.04,True,1,1,False,52,False,0.1714416098073868,0.0005488801838427977,0.26767867149353447,276.0764626960736,325.09907774510793,0.0,MS-HIDE,25,case57,0.005
True,48,0.04,True,1,1,False,48,True,3.8671808797186145e-10,0.00039468703309662154,0.3208517169136349,262.92728965345304,308.76040689472575,0.0,MS-HIDE,26,case57,0.005
True,24,-0.04,True,1,1,False,29,False,0.17144160100073552,0.00094204205861442,0.45388973536756405,274.55793960834853,334.86802017141605,0.0,MS-HIDE,27,case57,0.005
True,20,0.04,True,1,1,False,19,False,0.1714416147269185,0.0007096196483533003,0.34615337479273967,267.1206916071242,322.6427357265493,0.0,MS-HIDE,28,case57,0.005
True,34,-0.04,True,1,1,False,34,True,4.819561942292235e-10,0.0007338263538397956,0.30624750501330394,264.11428530409466,324.96029728499707,0.0,MS-HIDE,29,case57,0.005
True,11,-0.04,True,1,1,False,11,True,3.8671819781197475e-10,9.819904336304998e-05,0.33317688700442216,265.02034169679973,316.6623797995271,0.0,MS-HIDE,30,case57,0.005
True,38,0.04,True,2,2,False,56,False,0.17144160094404476,0.0020702284077261015,0.5602728051661255,273.8793707510922,361.21974934649194,0.0,MS-HIDE,31,case57,0.005
True,32,0.04,False,20,20,False,0,False,0.3652309102690404,0.34789555538178635,0.5110401014537518,276.2280352995731,355.14403126435354,0.0,MS-HIDE,32,case57,0.005
True,15,-0.04,False,20,20,False,0,False,0.4050469641260761,0.3056948387248955,0.5643805482424685,272.0825937954942,327.0563309284626,0.0,MS-HIDE,33,case57,0.005
True,36,0.04,True,1,1,False,36,True,3.8671808797186145e-10,0.00028653457809331683,0.36733708281074656,277.6174916536547,335.0265625369502,0.0,MS-HIDE,34,case57,0.005
True,26,0.04,True,1,1,False,26,True,0.1714416009440448,0.0015980209955126035,0.481429826284129,263.59058959642425,332.5474502897123,0.0,MS-HIDE,35,case57,0.005
True,28,0.04,True,1,1,False,28,True,3.87056302871602e-10,0.0005221485341139683,0.2848506781724268,269.56112520128954,330.0984351284569,0.0,MS-HIDE,36,case57,0.005
True,3,0.04,True,1,1,False,3,True,3.8671819781197475e-10,0.0007025620332455313,0.34446595891705184,265.32066860527266,346.91067884559743,0.0,MS-HIDE,37,case57,0.005
True,6,0.04,True,1,1,False,6,True,3.8671819781197475e-10,0.0005938831961145417,0.26460128951078643,263.4839166450547,310.68616282136645,0.0,MS-HIDE,38,case57,0.005
True,51,-0.04,True,1,1,False,51,True,4.399837441437206e-10,0.0015715331532682815,0.46006953928897937,254.2408458510181,328.1515538605163,0.0,MS-HIDE,39,case57,0.005
True,17,0.04,True,2,2,False,17,True,7.926459171933997e-06,0.0009599849283258442,0.39156632697902927,265.4537209571572,329.94840385508724,0.0,MS-HIDE,40,case57,0.005
True,49,-0.04,True,1,1,False,49,True,8.038580745707141e-10,0.0005838579199996069,0.3306811855572789,265.8642063004663,326.7954559181817,0.0,MS-HIDE,41,case57,0.005
True,19,-0.04,True,2,2,False,20,False,0.17144160514259227,0.0007096196403369636,0.34899402937134205,256.3332770485431,309.9990121234441,0.0,MS-HIDE,42,case57,0.005
True,31,0.04,True,1,1,False,31,True,1.4781142725742566e-08,0.0007116821782302431,0.3402920918142145,257.0431416941574,322.65515442995826,0.0,MS-HIDE,43,case57,0.005
True,55,0.04,True,1,1,False,55,True,3.86718087971891e-10,0.00026178273217974046,0.35460350804510354,260.392662344384,313.06561012170283,0.0,MS-HIDE,44,case57,0.005
True,2,0.04,True,1,1,False,2,True,3.8671819781197475e-10,0.000686389135078727,0.2690600627163342,263.80750015960075,323.8840086676646,0.0,MS-HIDE,45,case57,0.005
True,34,-0.04,True,1,1,False,34,True,4.400159086366427e-10,0.0007338263539655573,0.29436974034259167,284.6106059558224,372.0427023887169,0.0,MS-HIDE,46,case57,0.005
True,14,-0.04,True,1,1,False,14,True,3.8671819781197475e-10,0.0005420254824179906,0.34803435700237095,273.44388744968455,336.79714165918995,0.0,MS-HIDE,47,case57,0.005
True,1,0.04,True,4,4,False,1,True,3.867181978121589e-10,0.011195981975101913,0.4293283461510812,275.589558298816,384.58026392618194,0.0,MS-HIDE,48,case57,0.005
True,34,-0.04,True,1,1,False,34,True,4.14447537054047e-10,0.0007338263538185643,0.2951520853749112,273.3214248903096,351.2882315641037,0.0,MS-HIDE,49,case57,0.005
True,40,-0.04,True,2,2,False,40,True,3.8671808797228135e-10,0.003275593354574251,0.426689647108472,263.00446040404495,340.8337744040182,0.0,MS-HIDE,50,case57,0.005
True,27,-0.04,True,1,1,False,27,True,2.9825780033990597e-09,0.0004910117922923663,0.2883615425091597,269.5068979577627,324.55223333090544,0.0,MS-HIDE,51,case57,0.005
True,44,-0.04,True,1,1,False,44,True,0.0002477588277912192,0.0013826672089935332,0.5006645613192005,276.9796875567408,335.5651479709195,0.0,MS-HIDE,52,case57,0.005
True,1,0.04,False,20,20,False,1,True,1.6751978415675832e-09,0.01126645723259157,0.45173895694736155,274.0368959028274,339.8823330062442,0.0,MS-HIDE,53,case57,0.005
True,20,-0.04,True,1,1,False,20,True,0.17144161853245388,0.0007096196518842065,0.3464264016883359,269.0919771557674,342.3512044624659,0.0,MS-HIDE,54,case57,0.005
True,41,-0.04,True,1,1,False,41,True,3.928631917765666e-10,0.00017807206990774687,0.36100122202338636,274.2432270431891,353.56983747624326,0.0,MS-HIDE,55,case57,0.005
True,25,0.04,True,1,1,False,25,True,0.1714416009440448,0.0016538789915561001,0.4761569274097828,266.51300620578695,327.6223940687487,0.0,MS-HIDE,56,case57,0.005
True,33,0.04,True,6,6,False,33,True,9.367084490879069e-07,0.006347952379011107,0.4330119812227346,260.60280624369625,336.49267500732094,0.0,MS-HIDE,57,case57,0.005
True,42,-0.04,True,1,1,False,42,True,3.8671808797186145e-10,0.0007969804589795659,0.5174052444740609,256.77357289241627,330.8497083460679,0.0,MS-HIDE,58,case57,0.005
True,21,0.04,False,20,20,False,0,False,0.36247066213002055,0.3480750257655153,0.518035849674479,266.91750414902344,344.1592160379514,0.0,MS-HIDE,59,case57,0.005
True,36,-0.04,True,1,1,False,36,True,3.8671808797186145e-10,0.00028653457865409027,0.360111453776775,270.3561959118815,328.7101208610693,0.0,MS-HIDE,60,case57,0.005
True,46,0.04,False,20,20,False,0,False,0.38167401337821205,0.3399640588772411,0.5348819276393606,265.997312599211,342.09925174945965,0.0,MS-HIDE,61,case57,0.005
True,56,0.04,True,1,1,False,56,True,0.17144160094404476,0.0020702284077266453,0.5666705191444084,273.54310834780335,310.7719565334264,0.0,MS-HIDE,62,case57,0.005
True,8,-0.04,True,1,1,False,8,True,3.8671819781197475e-10,8.422750358604354e-05,0.3394475328782709,266.3796105014626,333.5036478936672,0.0,MS-HIDE,63,case57,0.005
True,2,0.04,True,1,1,False,2,True,3.8671819781197475e-10,0.0006863891343481353,0.2723274109117937,263.163039603387,326.40180688176775,0.0,MS-HIDE,64,case57,0.005
True,43,0.04,True,1,1,False,37,False,0.17144161828645538,0.0005245536996210782,0.4152977169114045,267.9511353489943,327.6217062346405,0.0,MS-HIDE,65,case57,0.005
True,11,0.04,True,1,1,False,11,True,3.8671819781197475e-10,9.819904271711801e-05,0.3394475328782709,268.2809520891169,361.21217946638353,0.0,MS-HIDE,66,case57,0.005
True,7,0.04,True,5,5,False,7,True,3.8671819781197475e-10,0.0061090209211152,0.5240736038202554,267.8919855505228,366.4364788623061,0.0,MS-HIDE,67,case57,0.005
True,7,-0.04,True,1,1,False,7,True,3.867181978119748e-10,0.006056592232327777,0.5160392520640311,257.16156045673415,332.9392271378311,0.0,MS-HIDE,68,case57,0.005
True,51,-0.04,True,2,2,False,51,True,4.219082609390386e-10,0.0015715331530883967,0.46139794671170375,256.3676519552246,324.37353956338484,0.0,MS-HIDE,69,case57,0.005
True,12,-0.04,True,1,1,False,12,True,3.8671819781197475e-10,8.655649183383206e-05,0.2673149380565303,269.2804604477715,321.8792014493374,0.0,MS-HIDE,70,case57,0.005
True,17,-0.04,True,2,2,False,17,True,1.595124662885096e-05,0.0009599866854810388,0.40147461396678874,274.24347285123076,322.444679227192,0.0,MS-HIDE,71,case57,0.005
True,35,0.04,True,1,1,False,35,True,3.8671808797186145e-10,0.0002819700583545112,0.32034846538255446,267.0524205546826,349.1469368629623,0.0,MS-HIDE,72,case57,0.005
True,37,0.04,True,1,1,False,43,False,0.17144161915595146,0.0005245537000015521,0.42996851131467123,263.1721125537297,321.0976791626308,0.0,MS-HIDE,73,case57,0.005
True,11,0.04,True,1,1,False,11,True,3.8671819781197475e-10,9.819904305629217e-05,0.33973415881590785,263.02315210341476,312.7905642846599,0.0,MS-HIDE,74,case57,0.005
True,43,-0.04,True,1,1,False,43,True,0.17144160717224516,0.0005245536932902669,0.428761070069507,258.12579985067714,333.49113927106373,0.0,MS-HIDE,75,case57,0.005
True,39,0.04,True,2,2,False,39,True,3.8671808797186145e-10,0.0014013788411950832,0.4995124975224149,254.4044561858755,329.0295399026945,0.0,MS-HIDE,76,case57,0.005
True,41,-0.04,True,1,1,False,41,True,3.8671806051190354e-10,0.00017807206987875546,0.3441234983673812,258.63196659774985,318.77880979154725,0.0,MS-HIDE,77,case57,0.005
True,11,-0.04,True,1,1,False,11,True,3.8671819781197475e-10,9.819904305629217e-05,0.33973415881590785,267.926689752494,324.4161402719328,0.0,MS-HIDE,78,case57,0.005
True,24,0.04,True,1,1,False,24,True,0.17144160121731838,0.0009420420586341985,0.44859223079777655,258.2021457492374,313.40594853973016,0.0,MS-HIDE,79,case57,0.005
True,26,-0.04,True,1,1,False,26,True,0.1714416009442066,0.0015926719099265488,0.44740117943684776,267.4337230506353,331.2284059240483,0.0,MS-HIDE,80,case57,0.005
True,37,0.04,True,1,1,False,43,False,0.1714416029443349,0.0005245536912403673,0.4193193440574548,266.4585707447259,322.0631722826511,0.0,MS-HIDE,81,case57,0.005
True,26,-0.04,True,1,1,False,25,False,0.1714416009440448,0.001599925193113836,0.4292419695663185,263.7167790904641,327.7022118825699,0.0,MS-HIDE,82,case57,0.005
True,20,-0.04,True,2,2,False,19,False,0.17144160640768852,0.0007096196415702895,0.3671824335321021,280.59286249335855,335.69724546396174,0.0,MS-HIDE,83,case57,0.005
True,54,0.04,True,1,1,False,54,True,5.844187274687483e-10,0.0012431510608014486,0.39581440673229573,265.76807090023067,353.8205833290704,0.0,MS-HIDE,84,case57,0.005
True,31,0.04,True,1,1,False,31,True,2.6344449540862223e-08,0.0007116821785990597,0.3282326748245738,264.42450420581736,341.7854333558353,0.0,MS-HIDE,85,case57,0.005
True,28,0.04,True,1,1,False,28,True,5.238622413234641e-10,0.000522148534161007,0.29780566396219543,276.2506144528743,343.2227726239944,0.0,MS-HIDE,86,case57,0.005
True,26,-0.04,True,1,1,False,25,False,0.17144160094800973,0.0015926719099977889,0.4343368364741862,273.6364395037526,344.76969135866966,0.0,MS-HIDE,87,case57,0.005
True,17,-0.04,True,1,1,False,17,True,0.0005328100806584072,0.0018105496242075733,0.3951653704977956,268.5247522080317,353.74211460002704,0.0,MS-HIDE,88,case57,0.005
True,55,-0.04,True,1,1,False,55,True,3.867180879718625e-10,0.00026178273214593455,0.35600109877147984,263.3248937490862,333.9294396137121,0.0,MS-HIDE,89,case57,0.005
True,11,0.04,True,1,1,False,11,True,3.8671819781197475e-10,9.81990436286026e-05,0.34446595891705184,259.85531870101113,329.5030734996545,0.0,MS-HIDE,90,case57,0.005
True,48,-0.04,True,1,1,False,48,True,5.523272492416856e-10,0.00039468703313285856,0.3208517169136349,262.1075792994816,337.2982562228572,0.0,MS-HIDE,91,case57,0.005
True,50,-0.04,True,1,1,False,50,True,1.2571517268693747e-09,0.0007120391385373573,0.3689499387728479,263.2100021583028,319.21804552257527,0.0,MS-HIDE,92,case57,0.005
True,53,-0.04,True,1,1,False,52,False,0.17144161936811794,0.000548880189269826,0.2753593910593828,262.9281416971935,318.9850605005631,0.0,MS-HIDE,93,case57,0.005
True,43,0.04,True,1,1,False,37,False,0.17144160127115765,0.0005245536907263972,0.430202391331233,266.38253120472655,378.50131453596987,0.0,MS-HIDE,94,case57,0.005
True,40,-0.04,True,2,2,False,40,True,3.8671808797188994e-10,0.0032286696613303394,0.49671291388792194,252.39465843769722,305.8087458804948,0.0,MS-HIDE,95,case57,0.005
True,10,-0.04,True,1,1,False,10,True,3.8671819781197475e-10,0.000228250591028361,0.3439199543291962,267.19437294232193,388.2425851246808,0.0,MS-HIDE,96,case57,0.005
True,14,0.04,True,1,1,False,14,True,3.8671819781197475e-10,0.0005420254822605368,0.34517520659479695,265.51190204918385,324.5595872460399,0.0,MS-HIDE,97,case57,0.005
True,53,-0.04,True,1,1,False,52,False,0.1714416109626088,0.0005488801842200694,0.2758952461058627,274.57315829524305,331.4327410334954,0.0,MS-HIDE,98,case57,0.005
True,49,-0.04,True,1,1,False,49,True,7.497637023130954e-10,0.0005838579203658543,0.324380947426944,275.55783115385566,350.05445799615705,0.0,MS-HIDE,99,case57,0.005
True,56,0.04,True,1,1,False,56,True,0.17144160094404476,0.0020702284077266453,0.5666705191444084,256.09826870495453,325.43828574998776,0.0,MS-HIDE,100,case57,0.005
True,17,-0.04,True,1,1,False,17,True,9.333409969477173e-06,0.000959985228293303,0.38690433374555777,257.45900634792633,314.9667061981745,0.0,MS-HIDE,101,case57,0.005
True,12,0.04,True,1,1,False,12,True,3.8671819781197475e-10,8.655649062545728e-05,0.2723274109117937,258.219075051602,313.29041287244763,0.0,MS-HIDE,102,case57,0.005
True,48,-0.04,True,2,2,False,48,True,3.8671808797186145e-10,0.000394687033141909,0.32460183893773675,261.55649375577923,341.12072295101825,0.0,MS-HIDE,103,case57,0.005
True,31,0.04,True,1,1,False,31,True,2.2348475931547228e-06,0.0007116822151984922,0.33812074206113363,263.37452915031463,356.0141101363115,0.0,MS-HIDE,104,case57,0.005
True,31,0.04,True,1,1,False,31,True,4.199977356838629e-06,0.0007116822508170909,0.367744607275818,273.043158245855,335.8422753139166,0.0,MS-HIDE,105,case57,0.005
True,41,-0.04,True,1,1,False,41,True,3.867180879719032e-10,0.00017807206990474428,0.36100122202338636,263.1255708489334,318.86627291096374,0.0,MS-HIDE,106,case57,0.005
True,16,-0.04,False,20,20,False,16,True,5.501316080201207e-06,0.023037516614362406,0.621737843128447,253.36192700779065,314.33190451643895,0.0,MS-HIDE,107,case57,0.005
True,20,0.04,True,1,1,False,20,True,0.17144163747960695,0.0007096196676787806,0.3464264016883359,267.0211062883027,332.47385238937574,0.0,MS-HIDE,108,case57,0.005
True,50,0.04,True,1,1,False,50,True,6.449221975927696e-10,0.0007120391383976522,0.3609019834138011,263.02144590299577,305.84650417731615,0.0,MS-HIDE,109,case57,0.005
True,17,0.04,True,3,3,False,17,True,7.721360125141075e-08,0.0009599833801663622,0.38897531457491014,269.9182374024531,321.6976163588697,0.0,MS-HIDE,110,case57,0.005
True,41,0.04,True,1,1,False,41,True,3.8671806051183814e-10,0.0001780720698793084,0.35906228125065126,274.8834896599874,366.139027668396,0.0,MS-HIDE,111,case57,0.005
True,15,0.04,False,20,20,False,15,True,0.22589414566681226,0.12793833697957707,0.5752879375741817,259.81474789150525,309.45041009690624,0.0,MS-HIDE,112,case57,0.005
True,12,-0.04,True,1,1,False,12,True,3.8671819781197475e-10,8.655649126748302e-05,0.2709990034890693,262.70213550596964,318.83591811929364,0.0,MS-HIDE,113,case57,0.005
True,33,-0.04,True,5,5,False,33,True,5.261381756908225e-06,0.006355423047324883,0.44726933462042673,253.4507146541728,306.4458347740583,0.0,MS-HIDE,114,case57,0.005
True,8,0.04,True,1,1,False,8,True,3.8671819781197475e-10,8.422750422514648e-05,0.3392781705445239,256.56913130078465,331.54186280444264,0.0,MS-HIDE,115,case57,0.005
True,16,-0.04,False,20,20,False,16,True,0.00018237657242175652,0.04088453050667429,0.5021349256315878,256.04319360572845,310.8715833572205,0.0,MS-HIDE,116,case57,0.005
True,46,-0.04,False,20,20,False,0,False,0.41973883796307715,0.2609540869266317,0.517533650331557,254.051454202272,305.24227885471197,0.0,MS-HIDE,117,case57,0.005
True,8,-0.04,True,1,1,False,8,True,3.8671819781197475e-10,8.422750392521771e-05,0.33973415881590785,274.1290417587152,356.55925173778087,0.0,MS-HIDE,118,case57,0.005
True,20,0.04,True,1,1,False,20,True,0.1714416029488532,0.0007096196386003552,0.3486170769959765,264.4693166890647,331.0601121163927,0.0,MS-HIDE,119,case57,0.005
True,52,-0.04,True,1,1,False,52,True,0.17144161374077324,0.0005488801859483798,0.26767867149353447,270.83827080205083,330.0773693277734,0.0,MS-HIDE,120,case57,0.005
True,9,-0.04,True,1,1,False,9,True,3.8671819781197475e-10,0.0018206884103404628,0.40415682227729144,269.2569335427834,336.50959372171206,0.0,MS-HIDE,121,case57,0.005
True,21,0.04,False,20,20,False,0,False,0.35710127775055844,0.35024527203941075,0.532534319027635,246.14165815000888,302.1892437333009,0.0,MS-HIDE,122,case57,0.005
True,43,0.04,True,1,1,False,37,False,0.17144181550543283,0.0005245538182980715,0.4244734432875008,267.78340629825834,330.0201669451781,0.0,MS-HIDE,123,case57,0.005
True,18,-0.04,True,1,1,False,18,True,0.0012237519515126576,0.0016400428381828447,0.44473629210521104,252.04220015439205,318.1853628368117,0.0,MS-HIDE,124,case57,0.005
True,38,-0.04,True,2,2,False,56,False,0.17144160094404476,0.0020702284077261015,0.5602728051661255,253.50217284576505,306.99550683784764,0.0,MS-HIDE,125,case57,0.005
True,47,-0.04,False,20,20,False,0,False,0.3642160228683313,0.3480113803055529,0.5221977915296886,248.2665769464802,316.8446562747704,0.0,MS-HIDE,126,case57,0.005
True,51,-0.04,True,1,1,False,51,True,7.917347737578147e-10,0.0015715331537243921,0.46006953928897937,267.2715914522996,345.1401642232668,0.0,MS-HIDE,127,case57,0.005
True,23,0.04,True,0,0,False,0,False,0.3998703121737637,0.32646770789441987,0.5530573819354676,261.481068606372,316.1315940495115,0.0,MS-HIDE,128,case57,0.005
True,40,0.04,True,2,2,False,40,True,3.8671808797195337e-10,0.003275573380969202,0.44098371042189777,263.2942750991788,315.080861869501,0.0,MS-HIDE,129,case57,0.005
True,20,-0.04,True,1,1,False,20,True,0.17144160353816026,0.0007096196392664738,0.34615337479273967,253.27644984645303,295.5410277703777,0.0,MS-HIDE,130,case57,0.005
True,51,-0.04,True,1,1,False,51,True,7.185672792693607e-10,0.0015715331536249515,0.46006953928897937,266.376262405538,326.6474145813845,0.0,MS-HIDE,131,case57,0.005
True,26,0.04,True,1,1,False,25,False,0.1714416009440448,0.0015926719109781659,0.4502048706829588,266.9078291946789,332.00968815071974,0.0,MS-HIDE,132,case57,0.005
True,43,-0.04,True,1,1,False,43,True,0.17144160613132572,0.0005245536926923902,0.43881928069224396,275.1702792942524,369.0885791758774,0.0,MS-HIDE,133,case57,0.005
True,54,-0.04,True,2,2,False,54,True,1.3345360157679884e-09,0.0012431510630061472,0.3795266804863597,268.5879959462909,331.40783747076057,0.0,MS-HIDE,134,case57,0.005
True,32,0.04,False,20,20,False,0,False,0.38211764656153396,0.33959911335333415,0.5740190391206454,266.4411604986526,335.8470458275406,0.0,MS-HIDE,135,case57,0.005
True,47,0.04,False,20,20,False,0,False,0.3637342620984843,0.34781648221661016,0.5264206145728809,254.06437720230312,298.51911039149854,0.0,MS-HIDE,136,case57,0.005
True,51,0.04,True,1,1,False,51,True,4.562269986746953e-10,0.001571533154045371,0.43911922732261943,267.9894415050512,316.26162473403383,0.0,MS-HIDE,137,case57,0.005
True,53,0.04,True,1,1,False,52,False,0.17144162046938693,0.000548880190209655,0.2889241921200722,268.91233534843195,331.8107229308225,0.0,MS-HIDE,138,case57,0.005
True,54,0.04,True,1,1,False,54,True,3.8850471859407336e-10,0.001240997226526074,0.4139256871344438,271.5815854986431,324.92367566155735,0.0,MS-HIDE,139,case57,0.005
True,20,0.04,True,1,1,False,19,False,0.17144160460849403,0.0007096196400406357,0.3464264016883359,270.4589062544983,338.43063065432943,0.0,MS-HIDE,140,case57,0.005
True,52,0.04,True,1,1,False,53,False,0.1714416175365078,0.0005488801880113908,0.27407638547181734,257.33883553766645,323.1267104012659,0.0,MS-HIDE,141,case57,0.005
True,10,0.04,True,1,1,False,10,True,3.8671819781197475e-10,0.00022825059072890288,0.3474602802169151,268.3471313503105,323.41024793859106,0.0,MS-HIDE,142,case57,0.005
True,12,-0.04,True,1,1,False,12,True,3.8671819781197475e-10,8.655649064526017e-05,0.2681398530814953,257.3779356054729,298.75767942285165,0.0,MS-HIDE,143,case57,0.005
True,10,0.04,True,1,1,False,10,True,3.8671819781197475e-10,0.00022825059075443253,0.34327272238661666,260.47250400006305,310.61803993070504,0.0,MS-HIDE,144,case57,0.005
True,11,-0.04,True,1,1,False,11,True,3.8671819781197475e-10,9.819904304916552e-05,0.3461318727941907,269.01638961280696,335.53706667735247,0.0,MS-HIDE,145,case57,0.005
True,25,-0.04,True,2,2,False,25,True,0.1714416009440448,0.0015926719092230887,0.4589679174812268,274.64099153876305,352.11528506479226,0.0,MS-HIDE,146,case57,0.005
True,36,0.04,True,1,1,False,36,True,3.8671808797186145e-10,0.0002865345779727563,0.36927602358348166,266.2407145515317,330.98955800232943,0.0,MS-HIDE,147,case57,0.005
True,44,-0.04,True,1,1,False,44,True,4.2018800221608e-06,0.001418414066916803,0.5067060674708435,255.70769589685372,329.89711041154806,0.0,MS-HIDE,148,case57,0.005
True,24,0.04,True,1,1,False,29,False,0.17144160202355052,0.0009420420587773133,0.4403426953227204,255.5813646002207,323.67015002237173,0.0,MS-HIDE,149,case57,0.005
True,3,0.04,True,1,1,False,3,True,3.8671819781197475e-10,0.0007025620327448124,0.3352066697295907,267.78355615679175,334.01799795683473,0.0,MS-HIDE,150,case57,0.005
True,42,0.04,True,1,1,False,42,True,3.8671808797186145e-10,0.0007969804584782112,0.5303602302638295,268.28156664269045,333.6274830682669,0.0,MS-HIDE,151,case57,0.005
True,23,0.04,False,20,20,False,0,False,0.38922417828036254,0.3404330958686066,0.4735167033977762,257.30311040533707,319.94113060936803,0.0,MS-HIDE,152,case57,0.005
True,45,0.04,True,1,1,False,45,True,3.8671808797186145e-10,0.0009238824751842947,0.4563896270592697,271.0896853473969,333.2924648944755,0.0,MS-HIDE,153,case57,0.005
True,24,-0.04,True,1,1,False,24,True,0.1714416019876587,0.0009420420588316311,0.45416276226316027,273.4188145492226,356.3014294632012,0.0,MS-HIDE,154,case57,0.005
True,22,-0.04,False,20,20,False,0,False,0.38523131661147825,0.3426271429242505,0.5005933083455378,259.27793330629356,344.7097916243365,0.0,MS-HIDE,155,case57,0.005
True,23,0.04,False,20,20,False,0,False,0.3639389409193681,0.3474062483430895,0.5827970500465367,258.22365835192613,316.08959230943583,0.0,MS-HIDE,156,case57,0.005
True,54,0.04,True,1,1,False,54,True,4.871301972110893e-10,0.0012431510402900524,0.4010415248790009,247.68339989241213,325.7550618844107,0.0,MS-HIDE,157,case57,0.005
True,33,-0.04,True,8,8,False,33,True,8.014110471253583e-06,0.006331453101256524,0.4240830220402977,254.22228949901182,307.3934895917774,0.0,MS-HIDE,158,case57,0.005
True,39,-0.04,True,1,1,False,39,True,3.8671808797186145e-10,0.0014013788410938588,0.5062831936364679,256.4542980544502,312.33237564738374,0.0,MS-HIDE,159,case57,0.005
False,0,0.0,False,20,20,False,0,True,0.367238653235686,0.3468322605617095,0.52691229547454,269.1548666538438,325.1001437922241,0.0,MS-HIDE,160,case57,0.005
False,0,0.0,False,20,20,False,0,True,0.3852960527775099,0.3373677981775402,0.5283414019609979,250.99884764349557,305.9472826716956,0.0,MS-HIDE,161,case57,0.005
False,0,0.0,False,20,20,False,0,True,0.3624080754822523,0.3487458123128669,0.5499619489492427,268.20647500571795,329.4890398799908,0.0,MS-HIDE,162,case57,0.005
False,0,0.0,False,20,20,False,0,True,0.3747101558555894,0.34060836980010445,0.5483704265438203,258.9320875471458,318.40106222662143,0.0,MS-HIDE,163,case57,0.005
False,0,0.0,False,20,20,False,0,True,0.37293689292728777,0.3452472557954802,0.5159858589031786,250.34723535354715,306.2234639801318,0.0,MS-HIDE,164,case57,0.005
False,0,0.0,False,20,20,False,0,True,0.3955136609382178,0.3358361928019866,0.5374246571804417,252.86456445173826,303.82328301202506,0.0,MS-HIDE,165,case57,0.005
False,0,0.0,False,20,20,False,0,True,0.3647856839357206,0.34801298745032655,0.5163096578356029,251.81674586201552,329.11740206182003,0.0,MS-HIDE,166,case57,0.005
False,0,0.0,False,20,20,False,0,True,0.3683437091060623,0.34652647819365023,0.5678989020653729,258.5237980558304,332.5358461705037,0.0,MS-HIDE,167,case57,0.005
False,0,0.0,False,20,20,False,0,True,0.3849529909961502,0.33865715994359646,0.5353808351819457,262.4513104005018,329.21153952775063,0.0,MS-HIDE,168,case57,0.005
False,0,0.0,False,20,20,False,0,True,0.4304491958799017,0.2972335585578371,0.5737306099736346,257.0574354089331,348.164154458209,0.0,MS-HIDE,169,case57,0.005
False,0,0.0,False,20,20,False,0,True,0.3663647861546578,0.34762426459329465,0.5405899063062207,266.70285405707546,319.0395330428146,0.0,MS-HIDE,170,case57,0.005
False,0,0.0,False,20,20,False,0,True,0.38707310050259414,0.33938786631799056,0.505208970031302,267.52768535516225,310.63620596250985,0.0,MS-HIDE,171,case57,0.005
False,0,0.0,False,20,20,False,0,True,0.3824659450461348,0.33769278033026373,0.5773664900771902,255.45775619684719,305.32761808426585,0.0,MS-HIDE,172,case57,0.005
False,0,0.0,False,20,20,False,0,True,0.4230296365607851,0.28790597224607856,0.5138738738908306,248.90105020895135,321.5590524254367,0.0,MS-HIDE,173,case57,0.005
False,0,0.0,False,20,20,False,0,True,0.3570536319334106,0.34994149693417176,0.5998389453850818,252.29322705708913,359.2153027682798,0.0,MS-HIDE,174,case57,0.005
False,0,0.0,False,20,20,False,0,True,0.35693084064470776,0.3495199079500098,0.5565178045974872,260.5035042419331,341.98792081151623,0.0,MS-HIDE,175,case57,0.005
False,0,0.0,False,20,20,False,0,True,0.3618234520630633,0.3493717209176838,0.564189492661371,262.7889061928727,317.4792505829828,0.0,MS-HIDE,176,case57,0.005
False,0,0.0,False,20,20,False,0,True,0.36897269690948015,0.34572696134116876,0.5712998873097492,262.64216869312804,327.5242458534194,0.0,MS-HIDE,177,case57,0.005
False,0,0.0,False,20,20,False,0,True,0.37905815302099616,0.3442686154239808,0.5399745036915498,265.18301455071196,313.5351979057305,0.0,MS-HIDE,178,case57,0.005
False,0,0.0,False,20,20,False,0,True,0.3637314191504828,0.34783984801333134,0.5227001569579957,233.41418964555487,290.17101727367844,0.0,MS-HIDE,179,case57,0.005
False,0,0.0,False,20,20,False,0,True,0.35834470322311074,0.34940263928517457,0.5449027115536219,280.4324188065948,354.91422147024423,0.0,MS-HIDE,180,case57,0.005
False,0,0.0,False,20,20,False,0,True,0.3696430848656077,0.34594285542576636,0.5312663244421433,253.15584370400757,309.9823690688936,0.0,MS-HIDE,181,case57,0.005
False,0,0.0,False,20,20,False,0,True,0.363201723697248,0.3486759292127591,0.5533236062927136,261.8092770484509,337.96013542159926,0.0,MS-HIDE,182,case57,0.005
False,0,0.0,False,20,20,False,0,True,0.40328756162082074,0.335047879374205,0.5293786238402554,249.41593954572454,291.464129195083,0.0,MS-HIDE,183,case57,0.005
False,0,0.0,True,11,11,True,0,True,0.4310621589926317,0.2883493114384661,0.5604054313498447,167.3816792492289,221.68690177495594,0.0,MS-HIDE,184,case57,0.005
False,0,0.0,False,20,20,False,0,True,0.37189606550622545,0.3462905023547803,0.5358549187071625,259.902502206387,320.51452950690873,0.0,MS-HIDE,185,case57,0.005
False,0,0.0,False,20,20,False,0,True,0.3588118730602128,0.3490546195600216,0.5218285015604787,235.83681869495194,274.4102336553624,0.0,MS-HIDE,186,case57,0.005
False,0,0.0,False,20,20,False,0,True,0.3989018153497342,0.3351779454765126,0.523033425797416,262.4148645903915,318.4695624891902,0.0,MS-HIDE,187,case57,0.005
False,0,0.0,False,20,20,False,0,True,0.36984229741669733,0.34577148340137387,0.5716538643743818,222.92510205879807,277.18291818164295,0.0,MS-HIDE,188,case57,0.005
False,0,0.0,False,20,20,False,0,True,0.38108865650262047,0.34184851819061973,0.5461312926484925,130.70684374251869,187.18174936948344,0.0,MS-HIDE,189,case57,0.005
False,0,0.0,False,20,20,False,0,True,0.36044833113885716,0.34939982812326464,0.5491880734115566,253.86554800497834,303.3755128242774,0.0,MS-HIDE,190,case57,0.005
False,0,0.0,False,20,20,False,0,True,0.37508887393065954,0.34276710778517416,0.5551700347322581,178.0714166990947,255.52679201064166,0.0,MS-HIDE,191,case57,0.005
False,0,0.0,False,20,20,False,0,True,0.3759614034469434,0.3428060725851956,0.5424825132628348,259.50567520048935,318.91787355416454,0.0,MS-HIDE,192,case57,0.005
False,0,0.0,False,20,20,False,0,True,0.39654403291583673,0.3383676615322052,0.47333797581243564,159.7228229540633,224.10577294067483,0.0,MS-HIDE,193,case57,0.005
False,0,0.0,False,20,20,False,0,True,0.3736682707441515,0.3459141268944175,0.5273329963993652,81.99239574896637,123.64895559148863,0.0,MS-HIDE,194,case57,0.005
False,0,0.0,False,20,20,False,0,True,0.35773541372242224,0.3495567913965477,0.5524722536512401,236.98977504682261,292.4768329830841,0.0,MS-HIDE,195,case57,0.005
False,0,0.0,False,20,20,False,0,True,0.3764111979695203,0.3435085110783573,0.5454650364556793,133.2073394471081,178.62652676703874,0.0,MS-HIDE,196,case57,0.005
False,0,0.0,False,20,20,False,0,True,0.3653953308684497,0.3477787457745742,0.5568220768020655,229.70017089974135,286.55085419595713,0.0,MS-HIDE,197,case57,0.005
False,0,0.0,False,20,20,False,0,True,0.4400709465864541,0.2553215928854357,0.5433560609578844,127.31637924734967,174.92360000615008,0.0,MS-HIDE,198,case57,0.005
False,0,0.0,False,20,20,False,0,True,0.3730588776717196,0.3442477058156326,0.575131185503106,75.20580630225595,84.31318690418266,0.0,MS-HIDE,199,case57,0.005
True,26,-0.04,True,1,1,False,26,True,0.17144160095293662,0.005398655831777407,0.6946651679887632,2.0383374474477023,2.4515291763236746,0.0,RHMTD,0,case57,0.005
True,49,-0.04,True,1,1,False,49,True,3.867180605121656e-10,0.0011211276589731876,0.7031763863922,3.1923687929520383,4.40913748170715,0.0,RHMTD,1,case57,0.005
True,53,-0.04,True,1,1,False,53,True,0.1714416009440448,0.001319544669777256,0.7061114305861951,3.878347741556354,10.576630575815217,0.0,RHMTD,2,case57,0.005
True,37,0.04,True,1,1,False,43,False,0.1714416009440448,0.0008188067694034793,0.6963739639653085,5.388962506549433,12.618210448999902,0.0,RHMTD,3,case57,0.005
True,46,0.04,True,17,17,False,0,False,0.36684508029434626,0.3469096305862136,0.6946312741064754,7.899928942788393,31.032569345552496,0.0,RHMTD,4,case57,0.005
True,17,0.04,True,5,5,False,17,True,3.188319216550134e-05,0.027016818059325806,0.6998393279171573,2.0710500481072813,2.37442713114433,0.0,RHMTD,5,case57,0.005
True,24,0.04,True,1,1,False,24,True,0.1714416009569101,0.010683686542282361,0.6929940233908594,3.6740124953212216,7.602334799594248,0.0,RHMTD,6,case57,0.005
True,3,0.04,True,1,1,False,3,True,3.8671819781197475e-10,0.0026195508122576084,0.6977877947654327,4.258462454890832,11.958810102078138,0.0,RHMTD,7,case57,0.005
True,8,-0.04,True,1,1,False,8,True,3.8671819781197475e-10,8.834981719818567e-05,0.7050455676820152,4.123962603625841,10.160414277925158,0.0,RHMTD,8,case57,0.005
True,22,0.04,False,20,20,False,0,False,0.456253039028389,0.30154666868025753,0.6976274094521628,4.031281144125387,8.010482732788661,0.0,RHMTD,9,case57,0.005
True,29,-0.04,True,3,3,False,24,False,0.1714416009440448,0.005991837627211546,0.6955706455796734,2.029320751898922,2.425756529555656,0.0,RHMTD,10,case57,0.005
True,28,-0.04,True,1,1,False,28,True,3.867181428919181e-10,0.0016273536939630728,0.6906948533828214,3.5076416475931183,8.89301486022305,0.0,RHMTD,11,case57,0.005
True,8,0.04,True,1,1,False,8,True,3.8671819781197475e-10,0.00013244221868618697,0.6983076530817569,3.311445759027265,6.204026431078093,0.0,RHMTD,12,case57,0.005
True,28,-0.04,True,1,1,False,28,True,3.867181428919181e-10,0.00034668306139575683,0.6980451085632124,6.184543648851104,14.404410391580344,0.0,RHMTD,13,case57,0.005
True,22,0.04,False,20,20,False,0,False,0.37288572056387875,0.34487929574119547,0.6999195205737923,3.833083194331266,7.387004443444313,0.0,RHMTD,14,case57,0.005
True,26,0.04,True,1,1,False,25,False,0.1714416009440448,0.0019394746065908067,0.7029138418736557,2.012887451564893,2.2866038605570793,0.0,RHMTD,15,case57,0.005
True,40,-0.04,True,1,1,False,40,True,7.302572178195602e-10,0.007523570885822541,0.6989696876590645,3.5292313114041463,5.683076832792728,0.0,RHMTD,16,case57,0.005
True,1,-0.04,False,20,20,False,1,True,3.8671819781197656e-10,0.01733552020974795,0.6959342983056191,4.010466655017808,4.522008082130941,0.0,RHMTD,17,case57,0.005
True,37,-0.04,True,1,1,False,43,False,0.1714416009440448,0.0010722181410259255,0.6993944315367031,3.4637707081856206,7.999539896263742,0.0,RHMTD,18,case57,0.005
True,42,-0.04,True,1,1,False,42,True,3.8671808797186145e-10,0.0015934800113401202,0.7018636637994773,3.346350049832836,5.432322999695319,0.0,RHMTD,19,case57,0.005
True,32,0.04,False,20,20,False,0,False,0.3614205635620287,0.3485100344460028,0.7002570270282067,2.0926208031596616,2.3597916879225522,0.0,RHMTD,20,case57,0.005
True,20,0.04,True,1,1,False,19,False,0.1714416009440448,0.000990402481845504,0.7010446605838406,4.117220739135519,8.998529121163301,0.0,RHMTD,21,case57,0.005
True,46,0.04,False,20,20,False,0,False,0.35677456531234925,0.35088979974263274,0.7050455676820151,3.805481147719547,8.43812288658228,0.0,RHMTD,22,case57,0.005
True,42,0.04,True,3,3,False,42,True,3.8671808797186145e-10,0.0024842420812347028,0.6967968937971228,4.383058400708251,12.680650627589786,0.0,RHMTD,23,case57,0.005
True,56,-0.04,True,1,1,False,56,True,0.1714416009440448,0.008928881626373607,0.7034389309107447,4.4880580506287515,9.219064615899699,0.0,RHMTD,24,case57,0.005
True,53,0.04,True,1,1,False,53,True,0.1714416009440448,0.001293547295103584,0.6932174433063512,3.9367751422105357,7.30205030704383,0.0,RHMTD,25,case57,0.005
True,48,0.04,True,2,2,False,48,True,3.8671808797186145e-10,0.0019420256565663308,0.6994537086425714,3.2316167489625514,4.683250299422073,0.0,RHMTD,26,case57,0.005
True,24,-0.04,True,2,2,False,24,True,0.1714416014633005,0.004728272772694435,0.6989286196054825,4.376485405373387,8.44728569791187,0.0,RHMTD,27,case57,0.005
True,20,0.04,True,1,1,False,20,True,0.1714416009440448,0.0007784937443444636,0.7001977499223384,3.2395312533481047,5.989378539379688,0.0,RHMTD,28,case57,0.005
True,34,-0.04,True,2,2,False,34,True,3.867180879724632e-10,0.007309256466071818,0.6985911131510678,4.308728949399665,8.664249366847802,0.0,RHMTD,29,case57,0.005
True,11,-0.04,True,1,1,False,11,True,3.8671819781197475e-10,0.00021297692523252157,0.7015854344509314,3.1201021454762667,3.8425392820499855,0.0,RHMTD,30,case57,0.005
True,38,0.04,True,4,4,False,56,False,0.1714416009440448,0.009538737241854613,0.697600212182758,5.036987556377426,9.532666718587292,0.0,RHMTD,31,case57,0.005
True,32,0.04,False,20,20,False,0,False,0.3662788900486585,0.34756442981998076,0.6909906030593058,3.521510449354537,7.342380945920014,0.0,RHMTD,32,case57,0.005
True,15,-0.04,False,20,20,False,15,True,0.030871981018780026,0.05858289580842777,0.701060345413842,3.8670310546876863,8.466295525431635,0.0,RHMTD,33,case57,0.005
True,36,0.04,True,1,1,False,36,True,3.8671808797186145e-10,0.0004445590253222311,0.7026512973551109,3.565329054254107,6.793058951734566,0.0,RHMTD,34,case57,0.005
True,26,0.04,True,2,2,False,26,True,0.1714416009440448,0.0017090097048891584,0.6970594383156674,4.040462549892254,8.452762503293343,0.0,RHMTD,35,case57,0.005
True,28,0.04,True,1,1,False,28,True,3.867181428919181e-10,0.0015046641901293918,0.7058488860676505,3.1421374005731195,4.160277132177725,0.0,RHMTD,36,case57,0.005
True,3,0.04,True,1,1,False,3,True,3.8671819781197475e-10,0.0013931018197776684,0.6956508382363082,4.51451666012872,11.188408031011933,0.0,RHMTD,37,case57,0.005
True,6,0.04,True,1,1,False,6,True,3.8671819781197475e-10,0.002399740979363781,0.6988536576696125,3.841812603059225,7.34022563265171,0.0,RHMTD,38,case57,0.005
True,51,-0.04,True,1,1,False,51,True,3.867180879726122e-10,0.005467474485860934,0.695650838236308,4.419695754768327,10.942166362656282,0.0,RHMTD,39,case57,0.005
True,17,0.04,True,1,1,False,17,True,1.3402166952982567e-07,0.01930067852552476,0.7026512973551109,5.339829102740623,11.851843385375114,0.0,RHMTD,40,case57,0.005
True,49,-0.04,True,1,1,False,49,True,3.867180605118685e-10,0.0011191715347437482,0.6962971879836142,4.573683248599991,4.887943767244019,0.0,RHMTD,41,case57,0.005
True,19,-0.04,True,1,1,False,20,False,0.1714416009440448,0.0007728648595163615,0.7013228899323865,4.104245750932023,7.907110470114283,0.0,RHMTD,42,case57,0.005
True,31,0.04,True,1,1,False,31,True,0.0004849627557534509,0.0017244127595257884,0.6991109714673922,5.815264553530142,13.102481569512756,0.0,RHMTD,43,case57,0.005
True,55,0.04,True,1,1,False,55,True,3.8671808797186145e-10,0.00027073866651770715,0.7012479279965167,3.5590687941294163,6.032572322874333,0.0,RHMTD,44,case57,0.005
True,2,0.04,True,1,1,False,2,True,3.8671819781197475e-10,0.0015134165724943482,0.7005195715467514,3.6694417969556525,7.043290205183443,0.0,RHMTD,45,case57,0.005
True,34,-0.04,True,1,1,False,34,True,3.8671808797186145e-10,0.0012065203393101347,0.7009853834779722,3.5370999452425167,7.012427013251,0.0,RHMTD,46,case57,0.005
True,14,-0.04,True,1,1,False,14,True,3.8671819781197475e-10,0.00040321949988380104,0.6966626547553845,3.844308393308893,8.327357735834084,0.0,RHMTD,47,case57,0.005
True,1,0.04,False,20,20,False,1,True,3.867181703521105e-10,0.016627352974591034,0.7028388799377856,4.468566505238414,8.909844010486275,0.0,RHMTD,48,case57,0.005
True,34,-0.04,True,1,1,False,34,True,3.8671808797186145e-10,0.0014850407140530719,0.7002570270282068,3.2821165019413456,3.816018774523405,0.0,RHMTD,49,case57,0.005
True,40,-0.04,True,1,1,False,40,True,3.8671806051183726e-10,0.003798709859013598,0.6980451085632122,4.805172950727865,12.106152399792347,0.0,RHMTD,50,case57,0.005
True,27,-0.04,True,1,1,False,27,True,3.867181428919181e-10,0.0006967715222950003,0.6993735159859367,4.037608200451359,9.80401808046736,0.0,RHMTD,51,case57,0.005
True,44,-0.04,True,9,9,False,44,True,6.153826630137792e-10,0.013503766358825466,0.7029138418736556,3.614081145497039,7.651343761244789,0.0,RHMTD,52,case57,0.005
True,1,0.04,False,20,20,False,1,True,1.8540801492478862e-09,0.022894481341056858,0.7029138418736556,5.311979138059542,7.776568434201211,0.0,RHMTD,53,case57,0.005
True,20,-0.04,True,1,1,False,19,False,0.1714416009440448,0.0010763453749965007,0.702651297355111,2.927414546138607,3.2027458364609633,0.0,RHMTD,54,case57,0.005
True,41,-0.04,True,1,1,False,41,True,3.8671808797186145e-10,0.00017971270541800754,0.7007978008952975,3.706322851940058,5.980762810213492,0.0,RHMTD,55,case57,0.005
True,25,0.04,True,3,3,False,25,True,0.17144160094404481,0.008308934097969352,0.7047830231634706,4.22778339125216,8.51934796664864,0.0,RHMTD,56,case57,0.005
True,33,0.04,True,7,7,False,33,True,0.0010538841437012622,0.02495617743617619,0.7029138418736556,4.8160875419853255,10.529093784862205,0.0,RHMTD,57,case57,0.005
True,42,-0.04,True,1,1,False,42,True,3.8671808797186145e-10,0.0032845658247682794,0.6994537086425716,5.418343644123524,11.52306038420649,0.0,RHMTD,58,case57,0.005
True,21,0.04,False,20,20,False,0,False,0.37851934666017095,0.34308805062840764,0.7085057009130991,3.4091167006408796,4.46282702032477,0.0,RHMTD,59,case57,0.005
True,36,-0.04,True,1,1,False,36,True,3.8671808797186145e-10,0.0009809236465392651,0.7045047938149245,4.340520748519339,9.673872234998273,0.0,RHMTD,60,case57,0.005
True,46,0.04,False,20,20,False,0,False,0.36715342620651403,0.34745661488417706,0.6990360095315222,5.604049994144589,19.301142319454822,0.0,RHMTD,61,case57,0.005
True,56,0.04,True,4,4,False,56,True,0.17144160094470662,0.010133648077699595,0.6942683844284803,4.29923954361584,5.6295954971574425,0.0,RHMTD,62,case57,0.005
True,8,-0.04,True,1,1,False,8,True,3.8671819781197475e-10,0.0001325286919524002,0.7007821160652958,6.386975047644228,25.988510760362274,0.0,RHMTD,63,case57,0.005
True,2,0.04,True,1,1,False,2,True,3.8671819781197475e-10,0.0008346865682356012,0.6916909991917157,3.252631251234561,3.8632478710496843,0.0,RHMTD,64,case57,0.005
True,43,0.04,True,1,1,False,37,False,0.1714416009440448,0.0010750852405718308,0.6961759272733972,2.900789404520765,3.2986663340125233,0.0,RHMTD,65,case57,0.005
True,11,0.04,True,1,1,False,11,True,3.8671819781197475e-10,0.00021306819859284905,0.6943224308135836,4.304947852506302,6.676072892150858,0.0,RHMTD,66,case57,0.005
True,7,0.04,True,7,7,False,7,True,3.867181978120363e-10,0.007229669809809647,0.7029138418736556,3.4861271909903735,7.2972437454154715,0.0,RHMTD,67,case57,0.005
True,7,-0.04,True,6,6,False,7,True,3.8671819781197517e-10,0.007363241068879903,0.7020303308313853,4.895854205824435,10.684203554410487,0.0,RHMTD,68,case57,0.005
True,51,-0.04,True,1,1,False,51,True,3.867180879718745e-10,0.006479757682400099,0.6956508382363082,4.416156143997796,11.888209733297117,0.0,RHMTD,69,case57,0.005
True,12,-0.04,True,1,1,False,12,True,3.8671819781197475e-10,4.5824207439770595e-05,0.6966417392046179,5.927599899587221,19.506650624680343,0.0,RHMTD,70,case57,0.005
True,17,-0.04,True,4,4,False,17,True,0.07524465152977718,0.0038161186219957334,0.6989286196054825,3.0216353392461315,3.300476830918342,0.0,RHMTD,71,case57,0.005
True,35,0.04,True,1,1,False,35,True,3.867180879718616e-10,0.00113159481040477,0.696716701140488,3.899035305948928,11.975520171108656,0.0,RHMTD,72,case57,0.005
True,37,0.04,True,1,1,False,37,True,0.1714416009440448,0.001072308935554006,0.7002570270282069,5.996962444623932,11.801933296374072,0.0,RHMTD,73,case57,0.005
True,11,0.04,True,1,1,False,11,True,3.8671819781197475e-10,0.00017757695548772226,0.6961759272733974,3.3644044131506234,5.949000670807436,0.0,RHMTD,74,case57,0.005
True,43,-0.04,True,1,1,False,37,False,0.1714416009440448,0.0008171130817273797,0.6976002121827581,7.674837450031191,15.559989941539294,0.0,RHMTD,75,case57,0.005
True,39,0.04,True,2,2,False,39,True,3.8671808797186145e-10,0.003415789335625791,0.6964052666340019,3.5279645962873474,6.163939516409301,0.0,RHMTD,76,case57,0.005
True,41,-0.04,True,1,1,False,41,True,3.8671808797186145e-10,0.00019781120458282076,0.6945517701741885,3.29205404559616,5.1259702071547535,0.0,RHMTD,77,case57,0.005
True,11,-0.04,True,1,1,False,11,True,3.8671819781197475e-10,0.00021276168126361828,0.6901488487949661,3.2608438399620354,4.6435416734311765,0.0,RHMTD,78,case57,0.005
True,24,0.04,True,3,3,False,24,True,0.17144160094404481,0.0007810942542432164,0.7010603454138419,3.8132414978463203,8.989449663204145,0.0,RHMTD,79,case57,0.005
True,26,-0.04,True,4,4,False,26,True,0.1714416009440448,0.0017252907243012214,0.7002570270282069,3.253689594566822,4.413570527685807,0.0,RHMTD,80,case57,0.005
True,37,0.04,True,1,1,False,37,True,0.1714416009440448,0.0010723338079314196,0.7023887528365664,3.889820841141045,9.249406278831886,0.0,RHMTD,81,case57,0.005
True,26,-0.04,True,1,1,False,25,False,0.17144160094404481,0.0019064888170023835,0.6910446494444095,5.873247954878025,11.666379525559039,0.0,RHMTD,82,case57,0.005
True,20,-0.04,True,1,1,False,19,False,0.1714416009440448,0.0007782842038883891,0.7037171602592909,3.89793100184761,10.309081524610521,0.0,RHMTD,83,case57,0.005
True,54,0.04,True,1,1,False,54,True,3.8671808797186145e-10,0.0006970001922176494,0.7021105234880205,4.751987601048313,12.304875007248485,0.0,RHMTD,84,case57,0.005
True,31,0.04,True,1,1,False,31,True,0.0015232554237024137,0.0020558291560671517,0.7037171602592907,4.11324365704786,8.110357701662005,0.0,RHMTD,85,case57,0.005
True,28,0.04,True,1,1,False,28,True,3.867181428919181e-10,0.00033484469270144476,0.696716701140488,2.972878998843953,4.007128885132261,0.0,RHMTD,86,case57,0.005
True,26,-0.04,True,1,1,False,25,False,0.1714416009440448,0.0017452603713423644,0.6989286196054824,4.56707080011256,11.588278805720629,0.0,RHMTD,87,case57,0.005
True,17,-0.04,True,8,8,False,17,True,0.05746109555568511,0.020791903690093292,0.6932617986301688,4.605629108846188,8.999929143465126,0.0,RHMTD,88,case57,0.005
True,55,-0.04,True,1,1,False,55,True,3.8671808797186145e-10,0.0002968058396832979,0.7010446605838405,4.4552960025612265,11.28424172056839,0.0,RHMTD,89,case57,0.005
True,11,0.04,True,1,1,False,11,True,3.8671819781197475e-10,8.722933966074129e-05,0.7032174544457823,5.172929092077538,5.920457976753855,0.0,RHMTD,90,case57,0.005
True,48,-0.04,True,1,1,False,48,True,3.8671808797186145e-10,0.001955927322307634,0.6970751231456689,4.039614548673853,5.145614943467094,0.0,RHMTD,91,case57,0.005
True,50,-0.04,True,1,1,False,50,True,3.8671808797186145e-10,0.0009841682534632936,0.701060345413842,3.2877207471756265,5.2123767614830285,0.0,RHMTD,92,case57,0.005
True,53,-0.04,True,2,2,False,53,True,0.1714416009480122,0.001049400300489781,0.7018479789694758,4.754337703343481,10.311495829955682,0.0,RHMTD,93,case57,0.005
True,43,0.04,True,1,1,False,37,False,0.1714416009440448,0.0010716849175374291,0.697600212182758,4.432814643951133,8.63248191017192,0.0,RHMTD,94,case57,0.005
True,40,-0.04,True,1,1,False,40,True,3.867180879719047e-10,0.0036751574538939364,0.6975043346961217,3.121785551775247,3.828897915082054,0.0,RHMTD,95,case57,0.005
True,10,-0.04,True,1,1,False,10,True,3.8671819781197475e-10,0.00042759608728770693,0.702051246382152,3.6892999982228503,7.413197885034608,0.0,RHMTD,96,case57,0.005
True,14,0.04,True,1,1,False,14,True,3.8671819781197475e-10,0.0026710752275860253,0.6994537086425714,4.347266699187458,10.975056560710076,0.0,RHMTD,97,case57,0.005
True,53,-0.04,True,1,1,False,52,False,0.1714416009440448,0.004064404709328967,0.7007821160652961,4.445581196341664,11.171920463675635,0.0,RHMTD,98,case57,0.005
True,49,-0.04,True,3,3,False,49,True,3.867180879718616e-10,0.0011514279900405185,0.6983285686325233,4.453993702190928,10.932080959901214,0.0,RHMTD,99,case57,0.005
True,56,0.04,True,2,2,False,38,False,0.17144160094404476,0.007213197375658444,0.7013228899323868,5.272166754002683,13.357050344347966,0.0,RHMTD,100,case57,0.005
True,17,-0.04,True,2,2,False,17,True,0.007066051311706943,0.004239506630347045,0.7047830231634707,5.308256254647858,13.034114308538857,0.0,RHMTD,101,case57,0.005
True,12,0.04,True,1,1,False,12,True,3.8671819781197475e-10,4.5825853195624844e-05,0.7015854344509311,3.8734646514058113,8.723237493541093,0.0,RHMTD,102,case57,0.005
True,48,-0.04,True,2,2,False,48,True,3.8671808797186145e-10,0.0021913301508160936,0.6982536066966536,5.977191700367257,8.904688077745995,0.0,RHMTD,103,case57,0.005
True,31,0.04,True,1,1,False,31,True,4.565238600255468e-05,0.0017242318824846328,0.7021262083180217,5.648118708631955,8.71045449166562,0.0,RHMTD,104,case57,0.005
True,31,0.04,True,1,1,False,31,True,0.023148128479501415,0.0018590553173690894,0.7001820650923368,3.566906347987242,6.676941044861452,0.0,RHMTD,105,case57,0.005
True,41,-0.04,True,1,1,False,41,True,3.8671808797186145e-10,0.00019683073963815755,0.7012479279965167,6.4958688482875,10.180183357442766,0.0,RHMTD,106,case57,0.005
True,16,-0.04,False,20,20,False,16,True,8.43712303833454e-08,0.030115727146236615,0.6963791946860736,3.628266806481406,6.505839916644621,0.0,RHMTD,107,case57,0.005
True,20,0.04,True,1,1,False,20,True,0.1714416009440448,0.003972516642013797,0.6984289137919739,3.536412352696061,6.19561876228545,0.0,RHMTD,108,case57,0.005
True,50,0.04,True,1,1,False,50,True,3.867180879718768e-10,0.003788840333159727,0.6965597325021589,4.007989712408744,10.414088133256882,0.0,RHMTD,109,case57,0.005
True,17,0.04,True,7,7,False,17,True,0.01166322146334882,0.01362037870900467,0.6989286196054825,3.0560272076399997,3.4618687786860405,0.0,RHMTD,110,case57,0.005
True,41,0.04,True,1,1,False,41,True,3.8671808797186145e-10,0.0007055406610015499,0.6960092602414891,5.770527047570795,23.211569047998644,0.0,RHMTD,111,case57,0.005
True,15,0.04,False,20,20,False,15,True,0.00295754208606431,0.04855667521342387,0.6985911131510678,3.414333245018497,6.10317257815041,0.0,RHMTD,112,case57,0.005
True,12,-0.04,True,1,1,False,12,True,3.8671819781197475e-10,4.582685473224259e-05,0.6923939724179001,2.92990829620976,3.3179725956870243,0.0,RHMTD,113,case57,0.005
True,33,-0.04,False,20,20,False,33,True,6.117912487017507e-07,0.02570439549516569,0.6959935754114877,3.7166021385928616,8.224927372066304,0.0,RHMTD,114,case57,0.005
True,8,0.04,True,1,1,False,8,True,3.8671819781197475e-10,0.00013252869194875348,0.7004446096108814,4.26811869838275,11.027260427363219,0.0,RHMTD,115,case57,0.005
True,16,-0.04,False,20,20,False,16,True,1.2755470337122197e-07,0.025572102881980596,0.6924420852380717,3.5651750455144793,5.930280868778941,0.0,RHMTD,116,case57,0.005
True,46,-0.04,False,20,20,False,0,False,0.38502478356920955,0.34145148129173414,0.6980451085632124,3.8704063452314585,9.212539554573596,0.0,RHMTD,117,case57,0.005
True,8,-0.04,True,1,1,False,8,True,3.8671819781197475e-10,0.00017240709964412172,0.7063739751047395,3.9419728447683156,7.683964620810003,0.0,RHMTD,118,case57,0.005
True,20,0.04,True,1,1,False,19,False,0.1714416009440448,0.006030530167748134,0.6999944825096623,3.0494145408738405,4.151339890086093,0.0,RHMTD,119,case57,0.005
True,52,-0.04,True,1,1,False,52,True,0.1714416009440448,0.0014152154005734217,0.6917388836874303,4.468981298850849,8.022529803565718,0.0,RHMTD,120,case57,0.005
True,9,-0.04,True,1,1,False,9,True,3.8671819781197475e-10,0.004305555306262064,0.7077023825274638,3.500002040527761,7.508004488772714,0.0,RHMTD,121,case57,0.005
True,21,0.04,False,20,20,False,0,False,0.36580991416588315,0.3480286954661996,0.6996360605044811,2.827918651746586,3.205331234494224,0.0,RHMTD,122,case57,0.005
True,43,0.04,True,1,1,False,37,False,0.1714416009440448,0.0011364678554426607,0.693256567909404,4.831595896393992,10.143983614398186,0.0,RHMTD,123,case57,0.005
True,18,-0.04,True,3,3,False,18,True,0.021625247654482826,0.03967949912403206,0.6967219318612528,3.38996454665903,5.063358304323634,0.0,RHMTD,124,case57,0.005
True,38,-0.04,True,1,1,False,56,False,0.17144160094404476,0.007290501206953332,0.7012479279965167,3.0499813467031345,3.9911172789288694,0.0,RHMTD,125,case57,0.005
True,47,-0.04,False,20,20,False,0,False,0.37981175710807336,0.34337245437598884,0.7071772934903748,4.311997897457331,10.529552752268502,0.0,RHMTD,126,case57,0.005
True,51,-0.04,True,1,1,False,51,True,3.8671808797206117e-10,0.004830056243028735,0.6970001612097991,4.1410334466490895,9.910938926623205,0.0,RHMTD,127,case57,0.005
True,23,0.04,True,0,0,False,0,False,0.4066862021081069,0.33011080309101953,0.6991911641240269,3.4770458383718506,5.494058656040583,0.0,RHMTD,128,case57,0.005
True,40,0.04,True,1,1,False,40,True,3.867180605118379e-10,0.005319396850831435,0.7005195715467513,3.1855145993176848,5.7287982606794685,0.0,RHMTD,129,case57,0.005
True,20,-0.04,True,1,1,False,20,True,0.17144160095378838,0.0009963026884500582,0.700535256376753,3.855937547632493,4.296752397203831,0.0,RHMTD,130,case57,0.005
True,51,-0.04,True,1,1,False,51,True,3.8671808797186145e-10,0.004902874125761479,0.70424224929638,3.781945849186741,9.014485761872495,0.0,RHMTD,131,case57,0.005
True,26,0.04,True,1,1,False,26,True,0.1714416009440448,0.001884371947348754,0.6945849753321284,3.588016642606817,7.433628832222894,0.0,RHMTD,132,case57,0.005
True,43,-0.04,True,1,1,False,43,True,0.1714416009440448,0.0010723349656284297,0.7039797047778353,3.640262453700416,6.31278300425038,0.0,RHMTD,133,case57,0.005
True,54,-0.04,True,1,1,False,54,True,3.867180879757216e-10,0.007410678540578765,0.6998393279171574,3.7330457125790417,6.334343433263718,0.0,RHMTD,134,case57,0.005
True,32,0.04,False,20,20,False,0,False,0.36628218081721353,0.34755690866812405,0.7039797047778353,4.431106147239916,10.163218164234422,0.0,RHMTD,135,case57,0.005
True,47,0.04,False,20,20,False,0,False,0.38329938668628416,0.3415271277962358,0.6986660750869378,4.269662449951284,10.676511845667847,0.0,RHMTD,136,case57,0.005
True,51,0.04,True,1,1,False,51,True,4.0651877202826905e-10,0.004824510480079197,0.7031920712222017,3.778697893721983,9.155751718208194,0.0,RHMTD,137,case57,0.005
True,53,0.04,True,1,1,False,52,False,0.17144160094404476,0.0013099609725233867,0.70424224929638,4.868183244252577,5.353874986758486,0.0,RHMTD,138,case57,0.005
True,54,0.04,True,2,2,False,54,True,3.8671808797214543e-10,0.007221383786818556,0.7002570270282069,3.570102047524415,6.318939902121201,0.0,RHMTD,139,case57,0.005
True,20,0.04,True,1,1,False,20,True,0.1714416009440448,0.0007815098612712686,0.7001820650923369,4.448091649101116,9.265505603980277,0.0,RHMTD,140,case57,0.005
True,52,0.04,True,1,1,False,52,True,0.17144160094479824,0.0010525567500903957,0.6972574750075787,4.232981347013265,8.551405955222435,0.0,RHMTD,141,case57,0.005
True,10,0.04,True,1,1,False,10,True,3.8671819781197475e-10,0.00042956010064351414,0.70424224929638,7.4219082976924255,25.26779786567207,0.0,RHMTD,142,case57,0.005
True,12,-0.04,True,1,1,False,12,True,3.8671819781197475e-10,4.5825853015601455e-05,0.7037171602592909,3.018418699502945,3.694682964123786,0.0,RHMTD,143,case57,0.005
True,10,0.04,True,1,1,False,10,True,3.8671819781197475e-10,0.00044410225065614345,0.6922526886095728,3.3665001043118536,4.16527286288329,0.0,RHMTD,144,case57,0.005
True,11,-0.04,True,1,1,False,11,True,3.8671819781197475e-10,0.00021276168165638306,0.6947062360423455,4.798679097439162,5.399129461147849,0.0,RHMTD,145,case57,0.005
True,25,-0.04,True,2,2,False,25,True,0.1714416009440448,0.002285388443544848,0.7015854344509311,4.504635502235033,9.503597894217826,0.0,RHMTD,146,case57,0.005
True,36,0.04,True,1,1,False,36,True,3.8671808797186145e-10,0.000422959971771413,0.6993194696008332,2.931127112242393,3.3487499895272776,0.0,RHMTD,147,case57,0.005
True,44,-0.04,True,2,2,False,44,True,3.8671808797220034e-10,0.0022281827520577576,0.6991911641240269,3.4105811530025676,6.804708362324163,0.0,RHMTD,148,case57,0.005
True,24,0.04,True,1,1,False,24,True,0.17144160109432216,0.004749817011046829,0.7005195715467514,3.9450456970371306,8.936752390582116,0.0,RHMTD,149,case57,0.005
True,3,0.04,True,1,1,False,3,True,3.8671819781198396e-10,0.0029772614981032892,0.7007228389594276,4.234602150972933,10.670163109898567,0.0,RHMTD,150,case57,0.005
True,42,0.04,True,2,2,False,42,True,3.8671808797186145e-10,0.0015300913998137675,0.6962971879836142,4.005664549185894,7.560478887171486,0.0,RHMTD,151,case57,0.005
True,23,0.04,False,20,20,False,0,False,0.3730020712165115,0.34351665656331526,0.6959342983056193,3.7103914975887164,8.71877220342867,0.0,RHMTD,152,case57,0.005
True,45,0.04,True,1,1,False,45,True,3.8671808797186145e-10,0.0010621834951573042,0.7026512973551109,3.9515062962891534,7.844839608878836,0.0,RHMTD,153,case57,0.005
True,24,-0.04,True,1,1,False,24,True,0.1714416009440448,0.0024775736987917786,0.6961968428241637,3.574689562083222,5.512310459744189,0.0,RHMTD,154,case57,0.005
True,22,-0.04,False,20,20,False,0,False,0.40795634312045437,0.3323599568196022,0.7033587382541098,4.802541548269801,11.13989854056854,0.0,RHMTD,155,case57,0.005
True,23,0.04,False,20,20,False,0,False,0.35726656815904223,0.3496293782709536,0.7005195715467514,2.9905311937909573,3.269389574415982,0.0,RHMTD,156,case57,0.005
True,54,0.04,True,1,1,False,54,True,3.867180879725162e-10,0.0006368649140623242,0.6990360095315222,4.770649902638979,10.861593773006462,0.0,RHMTD,157,case57,0.005
True,33,-0.04,False,20,20,False,33,True,0.013624387194823923,0.025194891332198613,0.7031763863922001,4.488210612908006,9.832333371741699,0.0,RHMTD,158,case57,0.005
True,39,-0.04,True,2,2,False,39,True,3.867180879718616e-10,0.00328186262485781,0.7021262083180217,5.876658341730945,15.200358635047467,0.0,RHMTD,159,case57,0.005
False,0,0.0,False,20,20,False,0,True,0.36932893363761515,0.3454501095796819,0.70424224929638,3.5617917019408196,5.3128523984923985,0.0,RHMTD,160,case57,0.005
False,0,0.0,False,20,20,False,0,True,0.352502116668929,0.351555499331754,0.6948091582955711,3.168170902063139,5.193104775389657,0.0,RHMTD,161,case57,0.005
False,0,0.0,False,20,20,False,0,True,0.37730163078859424,0.3430808622871084,0.6963739639653085,4.338089487282559,11.121758277295166,0.0,RHMTD,162,case57,0.005
False,0,0.0,False,20,20,False,0,True,0.4069651152737681,0.31177708443960983,0.6935601804815307,5.787143702036701,13.885229165316568,0.0,RHMTD,163,case57,0.005
False,0,0.0,False,20,20,False,0,True,0.41041736109232235,0.2980725338340119,0.6885370556265333,4.158308255136944,10.535414211335594,0.0,RHMTD,164,case57,0.005
False,0,0.0,False,20,20,False,0,True,0.4270350700214517,0.32268407458028237,0.6927568620958954,5.621764561510645,13.714058010373284,0.0,RHMTD,165,case57,0.005
False,0,0.0,False,20,20,False,0,True,0.3757095921923622,0.3438051448229833,0.7037171602592909,5.229774801409803,24.23543990880717,0.0,RHMTD,166,case57,0.005
False,0,0.0,False,20,20,False,0,True,0.3606463552234178,0.3491745126051175,0.6991911641240272,3.849502097000368,8.47759642638266,0.0,RHMTD,167,case57,0.005
False,0,0.0,False,20,20,False,0,True,0.4032547861154686,0.331497030795998,0.6936403731381655,3.4441707568475977,3.8576893013669245,0.0,RHMTD,168,case57,0.005
False,0,0.0,False,20,20,False,0,True,0.3770993757664548,0.3440410553300452,0.7018479789694758,3.329387353733182,5.513013969175519,0.0,RHMTD,169,case57,0.005
False,0,0.0,False,20,20,False,0,True,0.4088282562197951,0.32786720699923544,0.7042579341263815,4.909120895899832,10.356493445578964,0.0,RHMTD,170,case57,0.005
False,0,0.0,False,20,20,False,0,True,0.3697359646290576,0.3465804830079424,0.6890804831206139,5.419649841496721,23.254793407977562,0.0,RHMTD,171,case57,0.005
False,0,0.0,False,20,20,False,0,True,0.416369224413016,0.329816186373792,0.6972026655745243,5.938320801942609,14.902191932196756,0.0,RHMTD,172,case57,0.005
False,0,0.0,False,20,20,False,0,True,0.3753025310602482,0.3450242136246034,0.7047830231634707,4.749316745437682,11.64133338315878,0.0,RHMTD,173,case57,0.005
False,0,0.0,False,20,20,False,0,True,0.3629672147364561,0.34802988230102083,0.7047830231634705,5.25207290193066,14.75220978318248,0.0,RHMTD,174,case57,0.005
False,0,0.0,False,20,20,False,0,True,0.4017190945225919,0.33129448471588585,0.7047080612276005,5.308247898938134,16.552976760431203,0.0,RHMTD,175,case57,0.005
False,0,0.0,False,20,20,False,0,True,0.3690598607850746,0.3461744537950171,0.7023730680065647,6.2467770534567535,9.701302408939261,0.0,RHMTD,176,case57,0.005
False,0,0.0,False,20,20,False,0,True,0.3897062875055642,0.33861336054952806,0.6956971370106553,3.4290729061467573,5.521931539988149,0.0,RHMTD,177,case57,0.005
False,0,0.0,False,20,20,False,0,True,0.35853249723597463,0.3495258321845861,0.6929138307342245,3.434112496324815,6.337572916527279,0.0,RHMTD,178,case57,0.005
False,0,0.0,False,20,20,False,0,True,0.3629363494096951,0.3483435371488965,0.7034546157407462,4.7698395035695285,11.792014937964268,0.0,RHMTD,179,case57,0.005
False,0,0.0,False,20,20,False,0,True,0.3635558241228761,0.3471753490446819,0.6993735159859366,6.043377038440667,6.808495489531239,0.0,RHMTD,180,case57,0.005
False,0,0.0,False,20,20,False,0,True,0.3646241010079581,0.3478394912314911,0.695772098946525,3.13767499756068,3.967012517387048,0.0,RHMTD,181,case57,0.005
False,0,0.0,False,20,20,False,0,True,0.361666574229644,0.3489557580529054,0.6977825640446678,4.066356347175315,6.027935445308699,0.0,RHMTD,182,case57,0.005
False,0,0.0,False,20,20,False,0,True,0.435713680998782,0.3162418295530081,0.7034389309107447,3.450385545147583,5.312827069428755,0.0,RHMTD,183,case57,0.005
False,0,0.0,True,11,11,True,0,True,0.3696044308453507,0.34627765983852243,0.7074398380089193,3.4274290956091136,5.892699700780216,0.0,RHMTD,184,case57,0.005
False,0,0.0,False,20,20,False,0,True,0.44622938273393836,0.29319185756487864,0.6915104613756301,4.835360293509439,9.817829809617265,0.0,RHMTD,185,case57,0.005
False,0,0.0,False,20,20,False,0,True,0.35365041231878885,0.35123355252172517,0.6961968428241638,5.0650477525778115,11.18687648558991,0.0,RHMTD,186,case57,0.005
False,0,0.0,False,20,20,False,0,True,0.3805587998838243,0.3420119928602632,0.6929601295085716,5.113414753577672,13.528391651925638,0.0,RHMTD,187,case57,0.005
False,0,0.0,False,20,20,False,0,True,0.4076783600264979,0.30588731115366913,0.691111863769523,5.4074646439403296,8.79577297018844,0.0,RHMTD,188,case57,0.005
False,0,0.0,False,20,20,False,0,True,0.3870400275285817,0.3375922550886413,0.7039797047778353,2.790937339887023,3.150825574994087,0.0,RHMTD,189,case57,0.005
False,0,0.0,False,20,20,False,0,True,0.3814071520189514,0.3421498481561868,0.6994537086425716,3.704225007095374,5.367373232729742,0.0,RHMTD,190,case57,0.005
False,0,0.0,False,20,20,False,0,True,0.4127925871775924,0.31905019900149817,0.6999944825096621,3.9745124988257885,8.335974987130612,0.0,RHMTD,191,case57,0.005
False,0,0.0,False,20,20,False,0,True,0.37834294743645236,0.343690494651543,0.7012479279965167,2.825487547670491,3.1932231766404584,0.0,RHMTD,192,case57,0.005
False,0,0.0,False,20,20,False,0,True,0.44450427350609983,0.3117551499615587,0.6958541056489842,3.1461520469747484,4.18870832945686,0.0,RHMTD,193,case57,0.005
False,0,0.0,False,20,20,False,0,True,0.4089363075930733,0.32976939237392466,0.7007821160652961,2.6780332409543917,2.956391667248681,0.0,RHMTD,194,case57,0.005
False,0,0.0,False,20,20,False,0,True,0.36161548911396396,0.34858937656799377,0.6991911641240269,4.115472949342802,10.079636052250862,0.0,RHMTD,195,case57,0.005
False,0,0.0,False,20,20,False,0,True,0.36407461032749355,0.3477584149730967,0.6953882937177636,3.4383061982225627,4.671516976668504,0.0,RHMTD,196,case57,0.005
False,0,0.0,False,20,20,False,0,True,0.39267645437515536,0.3326505614345707,0.6999944825096622,2.729779199580662,3.0487083189655095,0.0,RHMTD,197,case57,0.005
False,0,0.0,False,20,20,False,0,True,0.37498883353281126,0.3449930667023741,0.7023887528365664,2.8198937012348324,3.1070848024683073,0.0,RHMTD,198,case57,0.005
False,0,0.0,False,20,20,False,15,False,0.13420736820169124,0.09022751821637105,0.701060345413842,2.5241478928364813,2.748057688586414,0.0,RHMTD,199,case57,0.005
True,26,-0.04,True,5,5,False,25,False,0.1714437494200738,0.010701880140783182,0.495557491573015,26.69823345495388,37.72719794942532,0.0,Robust-MTD,0,case57,0.005
True,49,-0.04,True,1,1,False,49,True,0.03985722956786398,0.003712503422259632,0.495557491573015,28.199352003866807,42.045719086308964,0.0,Robust-MTD,1,case57,0.005
True,53,-0.04,False,20,20,False,52,False,0.21573476862039923,0.010938271587868385,0.495557491573015,18.960137403337285,27.22683779720683,0.0,Robust-MTD,2,case57,0.005
True,37,0.04,True,1,1,False,37,True,0.20702822946265223,0.001709097727758387,0.495557491573015,26.897335404646583,35.645608365302934,0.0,Robust-MTD,3,case57,0.005
True,46,0.04,True,17,17,False,0,False,0.43246428760780165,0.33016169767243864,0.495557491573015,26.309172800392844,39.157632982824,0.0,Robust-MTD,4,case57,0.005
True,17,0.04,False,20,20,False,17,True,0.16766938091091396,0.06986843177039365,0.495557491573015,25.160946050891653,37.18074196076487,0.0,Robust-MTD,5,case57,0.005
True,24,0.04,True,1,1,False,31,False,0.2287227542267833,0.007417480134554466,0.495557491573015,29.993437364464626,46.5361622045748,0.0,Robust-MTD,6,case57,0.005
True,3,0.04,False,20,20,False,3,True,1.0314275242854564e-09,0.012039909750941285,0.495557491573015,19.479497999418527,29.026734849321656,0.0,Robust-MTD,7,case57,0.005
True,8,-0.04,True,1,1,False,8,True,3.8671819781197475e-10,0.00018473191580488263,0.495557491573015,26.712820897228085,36.51464521244635,0.0,Robust-MTD,8,case57,0.005
True,22,0.04,False,20,20,False,0,False,0.49779907169380117,0.210602638280533,0.495557491573015,28.728827045415528,49.69124587369152,0.0,Robust-MTD,9,case57,0.005
True,29,-0.04,True,1,1,False,31,False,0.2583631926997684,0.006594279123709008,0.495557491573015,25.193631197907962,37.85920354130212,0.0,Robust-MTD,10,case57,0.005
True,28,-0.04,True,1,1,False,28,True,3.867181428919181e-10,0.0002550042628638299,0.495557491573015,29.618210392072797,44.36175356095191,0.0,Robust-MTD,11,case57,0.005
True,8,0.04,True,1,1,False,8,True,3.8671819781197475e-10,0.00018473191580488263,0.495557491573015,19.61252920445986,30.38752114225645,0.0,Robust-MTD,12,case57,0.005
True,28,-0.04,True,1,1,False,28,True,3.867181428919181e-10,0.0002550042628638299,0.495557491573015,25.892097750329413,32.13801489910111,0.0,Robust-MTD,13,case57,0.005
True,22,0.04,False,20,20,False,0,False,0.4442707316539612,0.32369660737659,0.495557491573015,28.263550100382417,40.134179466986105,0.0,Robust-MTD,14,case57,0.005
True,26,0.04,True,19,19,False,25,False,0.17144230706475044,0.010701884422033184,0.495557491573015,24.99088955228217,39.6549211931415,0.0,Robust-MTD,15,case57,0.005
True,40,-0.04,True,1,1,False,40,True,3.867180605121599e-10,0.005374032492142889,0.495557491573015,28.347060453961603,39.9347416125238,0.0,Robust-MTD,16,case57,0.005
True,1,-0.04,False,20,20,False,1,True,3.8671819781204894e-10,0.024454209879265745,0.495557491573015,19.850185298128054,29.016854127985425,0.0,Robust-MTD,17,case57,0.005
True,37,-0.04,True,1,1,False,43,False,0.269430196270098,0.004033090575768986,0.495557491573015,28.08469179435633,33.84292882401496,0.0,Robust-MTD,18,case57,0.005
True,42,-0.04,True,3,3,False,42,True,3.8671808797186497e-10,0.00603934730983795,0.495557491573015,26.250581204658374,33.80442259658594,0.0,Robust-MTD,19,case57,0.005
True,32,0.04,False,20,20,False,0,False,0.4123321644752945,0.33629089434959764,0.495557491573015,23.543091662577353,34.16382328432519,0.0,Robust-MTD,20,case57,0.005
True,20,0.04,True,1,1,False,19,False,0.17144160212526127,0.0011658141698697496,0.495557491573015,33.64304579736199,48.80217290192381,0.0,Robust-MTD,21,case57,0.005
True,46,0.04,False,20,20,False,0,False,0.42614193356587826,0.33191280759565334,0.495557491573015,21.66791654599365,40.71596877765843,0.0,Robust-MTD,22,case57,0.005
True,42,0.04,True,1,1,False,42,True,3.8671808797186145e-10,0.00603934730983795,0.495557491573015,25.717281305696815,36.152618782944046,0.0,Robust-MTD,23,case57,0.005
True,56,-0.04,True,1,1,False,56,True,0.1714416009440448,0.006897548172040661,0.495557491573015,26.642835297388956,37.291962213930674,0.0,Robust-MTD,24,case57,0.005
True,53,0.04,False,20,20,False,53,True,0.19388694109829413,0.011180365973824333,0.495557491573015,32.211689607356675,49.55137293727603,0.0,Robust-MTD,25,case57,0.005
True,48,0.04,True,1,1,False,48,True,3.8671808797186145e-10,0.002693359075625542,0.495557491573015,29.139056350686587,52.08217289473396,0.0,Robust-MTD,26,case57,0.005
True,24,-0.04,True,1,1,False,31,False,0.30897910025832953,0.004938548839537427,0.495557491573015,25.960922794183716,34.12671672413126,0.0,Robust-MTD,27,case57,0.005
True,20,0.04,True,1,1,False,19,False,0.17144160145569676,0.0011658141659875929,0.495557491573015,30.88034999964293,54.85071837902072,0.0,Robust-MTD,28,case57,0.005
True,34,-0.04,True,18,18,False,34,True,0.3044155487763804,0.021503244858335824,0.495557491573015,27.93785000394564,37.27507119183432,0.0,Robust-MTD,29,case57,0.005
True,11,-0.04,True,1,1,False,11,True,3.8671819781197475e-10,0.00024157082727923305,0.495557491573015,27.265106289996766,45.432291316683425,0.0,Robust-MTD,30,case57,0.005
True,38,0.04,True,4,4,False,38,True,0.17144160094404476,0.006897548172040661,0.495557491573015,29.252843756694347,56.01679614337627,0.0,Robust-MTD,31,case57,0.005
True,32,0.04,False,20,20,False,0,False,0.4557303387329975,0.31991428356858476,0.495557491573015,31.18160000012722,58.6730857467046,0.0,Robust-MTD,32,case57,0.005
True,15,-0.04,False,20,20,False,15,True,0.051127773671086375,0.1127107333457292,0.495557491573015,33.26220221060794,56.4436023880262,0.0,Robust-MTD,33,case57,0.005
True,36,0.04,True,1,1,False,36,True,3.867180879720852e-10,0.0008632594015323962,0.495557491573015,33.796328998869285,49.80257915740368,0.0,Robust-MTD,34,case57,0.005
True,26,0.04,False,20,20,False,25,False,0.1714418297861652,0.010701885728321767,0.495557491573015,32.71892504999414,57.46378719632049,0.0,Robust-MTD,35,case57,0.005
True,28,0.04,True,1,1,False,28,True,3.867181428919181e-10,0.0002550042628638299,0.495557491573015,29.151324994745664,55.70265176065733,0.0,Robust-MTD,36,case57,0.005
True,3,0.04,True,14,14,False,3,True,3.610429035193123e-09,0.012039909754741493,0.495557491573015,29.78252905595582,43.68065770249814,0.0,Robust-MTD,37,case57,0.005
True,6,0.04,True,1,1,False,6,True,3.8671819781197475e-10,0.002296740708245618,0.495557491573015,30.934431147761643,68.44061184674501,0.0,Robust-MTD,38,case57,0.005
True,51,-0.04,True,1,1,False,53,False,0.25810004397273933,0.010217273248789615,0.495557491573015,35.47077105322387,82.89011939195917,0.0,Robust-MTD,39,case57,0.005
True,17,0.04,True,1,1,False,17,True,0.15628856578125078,0.06196841307057437,0.495557491573015,32.109477047924884,47.42899582488465,0.0,Robust-MTD,40,case57,0.005
True,49,-0.04,True,1,1,False,49,True,0.022590217727090096,0.0037573810558560313,0.495557491573015,31.689127150457352,51.451112859649605,0.0,Robust-MTD,41,case57,0.005
True,19,-0.04,True,1,1,False,19,True,0.17144160183770463,0.0011658141681845538,0.495557491573015,30.32130631036125,53.826275322353474,0.0,Robust-MTD,42,case57,0.005
True,31,0.04,True,3,3,False,30,False,0.3330028292859535,0.01433210537310671,0.495557491573015,27.166979206958786,37.220374701428234,0.0,Robust-MTD,43,case57,0.005
True,55,0.04,True,1,1,False,55,True,3.8671808797186145e-10,0.00044002471438886963,0.495557491573015,30.839156307047233,52.97150622645859,0.0,Robust-MTD,44,case57,0.005
True,2,0.04,True,1,1,False,2,True,3.8671819781197475e-10,0.0004897847498490309,0.495557491573015,27.314775000559166,35.72531521786005,0.0,Robust-MTD,45,case57,0.005
True,34,-0.04,True,11,11,False,34,True,0.3078718636554584,0.02165142882414866,0.495557491573015,32.71943755680695,59.56098273454702,0.0,Robust-MTD,46,case57,0.005
True,14,-0.04,True,1,1,False,14,True,3.8671819781197475e-10,0.00039951593975834436,0.495557491573015,32.65221875044517,45.62793748045807,0.0,Robust-MTD,47,case57,0.005
True,1,0.04,False,20,20,False,1,True,2.807514724742754e-07,0.024454221263792847,0.495557491573015,33.64110635011457,65.66206459247043,0.0,Robust-MTD,48,case57,0.005
True,34,-0.04,False,20,20,False,34,True,0.3044650327050689,0.02122627878896818,0.495557491573015,32.780785401700996,65.79035381728318,0.0,Robust-MTD,49,case57,0.005
True,40,-0.04,True,1,1,False,40,True,3.867180879722021e-10,0.005374032492142889,0.495557491573015,35.09231044736225,71.15296426054557,0.0,Robust-MTD,50,case57,0.005
True,27,-0.04,True,1,1,False,27,True,2.7798722481070963e-06,0.0003321833729220437,0.495557491573015,28.667527055949904,38.88618724013214,0.0,Robust-MTD,51,case57,0.005
True,44,-0.04,True,16,16,False,44,True,0.002458347371517198,0.011436149207346523,0.495557491573015,33.02481040300336,59.641919084242545,0.0,Robust-MTD,52,case57,0.005
True,1,0.04,False,20,20,False,1,True,3.867181978121793e-10,0.024454209879265745,0.495557491573015,28.172406196244992,46.70979727525265,0.0,Robust-MTD,53,case57,0.005
True,20,-0.04,True,1,1,False,20,True,0.17144161277065312,0.0011658142378922418,0.495557491573015,29.596660350216553,50.844464288093164,0.0,Robust-MTD,54,case57,0.005
True,41,-0.04,True,1,1,False,41,True,3.8671808797186145e-10,0.0002974313552103733,0.495557491573015,28.16021674661897,41.96108719334006,0.0,Robust-MTD,55,case57,0.005
True,25,0.04,False,20,20,False,25,True,0.1714571552287731,0.010701834152755373,0.495557491573015,34.91505208949093,55.72749790444505,0.0,Robust-MTD,56,case57,0.005
True,33,0.04,True,7,7,False,33,True,0.3241427907894722,0.019860452770669924,0.495557491573015,26.345541648333892,34.274053847184405,0.0,Robust-MTD,57,case57,0.005
True,42,-0.04,True,2,2,False,42,True,3.8671808797186145e-10,0.00603934730983795,0.495557491573015,27.814720789319836,39.15414137882181,0.0,Robust-MTD,58,case57,0.005
True,21,0.04,False,20,20,False,0,False,0.4346616273812758,0.3280878070379431,0.495557491573015,32.163020959706046,56.52647020469887,0.0,Robust-MTD,59,case57,0.005
True,36,-0.04,True,1,1,False,36,True,1.0902740831333751e-07,0.0008632594026255056,0.495557491573015,28.728220844641328,47.392929217312485,0.0,Robust-MTD,60,case57,0.005
True,46,0.04,False,20,20,False,0,False,0.4371360363965205,0.32758645703772304,0.495557491573015,30.39438120322302,40.29282500268896,0.0,Robust-MTD,61,case57,0.005
True,56,0.04,True,1,1,False,38,False,0.17144160094404476,0.006897548172040662,0.495557491573015,34.81152495078277,53.675953831407256,0.0,Robust-MTD,62,case57,0.005
True,8,-0.04,True,1,1,False,8,True,3.8671819781197475e-10,0.00018473191580488263,0.495557491573015,30.087572897900827,55.69210828980432,0.0,Robust-MTD,63,case57,0.005
True,2,0.04,True,1,1,False,2,True,3.8671819781197475e-10,0.0004897847498490309,0.495557491573015,33.410924999043345,55.440762481885045,0.0,Robust-MTD,64,case57,0.005
True,43,0.04,True,1,1,False,43,True,0.2598144926784737,0.00325589585348579,0.495557491573015,29.739854295621626,44.26161072624382,0.0,Robust-MTD,65,case57,0.005
True,11,0.04,True,1,1,False,11,True,3.8671819781197475e-10,0.00024157082727923305,0.495557491573015,33.270500096841715,58.6768336565001,0.0,Robust-MTD,66,case57,0.005
True,7,0.04,False,20,20,False,7,True,3.8671819781219897e-10,0.021718705382802062,0.495557491573015,41.90608355856966,67.79861639370215,0.0,Robust-MTD,67,case57,0.005
True,7,-0.04,False,20,20,False,7,True,3.867181978121589e-10,0.021718705382802062,0.495557491573015,27.609047951409593,35.27074616868049,0.0,Robust-MTD,68,case57,0.005
True,51,-0.04,True,1,1,False,51,True,0.31427334944003493,0.007335414256988231,0.495557491573015,33.109762554522604,66.58602328679991,0.0,Robust-MTD,69,case57,0.005
True,12,-0.04,True,1,1,False,12,True,3.8671819781197475e-10,5.86515229289565e-05,0.495557491573015,29.240583395585418,45.74250804434996,0.0,Robust-MTD,70,case57,0.005
True,17,-0.04,False,20,20,False,17,True,0.17027312711926423,0.07248148680382076,0.495557491573015,32.619941694429144,48.379960100282936,0.0,Robust-MTD,71,case57,0.005
True,35,0.04,True,1,1,False,35,True,2.1047445448234286e-09,0.000909445250584218,0.495557491573015,31.192891651880927,66.75628754601348,0.0,Robust-MTD,72,case57,0.005
True,37,0.04,True,1,1,False,44,False,0.2667755555939405,0.005652202485291732,0.495557491573015,31.442706455709416,47.07211669883696,0.0,Robust-MTD,73,case57,0.005
True,11,0.04,True,1,1,False,11,True,3.8671819781197475e-10,0.00024157082727923305,0.495557491573015,31.907897800556384,45.99968723196071,0.0,Robust-MTD,74,case57,0.005
True,43,-0.04,True,1,1,False,43,True,0.2295828076599213,0.002170519948971007,0.495557491573015,33.94054379896261,46.365245842025615,0.0,Robust-MTD,75,case57,0.005
True,39,0.04,True,1,1,False,39,True,3.867180879718622e-10,0.007334545584469838,0.495557491573015,36.08687920495868,64.6376205375418,0.0,Robust-MTD,76,case57,0.005
True,41,-0.04,True,1,1,False,41,True,3.8671808797186145e-10,0.0002974313552103733,0.495557491573015,34.28707091079559,61.72487915027887,0.0,Robust-MTD,77,case57,0.005
True,11,-0.04,True,1,1,False,11,True,3.8671819781197475e-10,0.00024157082727923305,0.495557491573015,32.80689595849253,67.33344645763285,0.0,Robust-MTD,78,case57,0.005
True,24,0.04,True,1,1,False,31,False,0.29805643448134117,0.004779254116160743,0.495557491573015,33.55984794907272,48.17157356883401,0.0,Robust-MTD,79,case57,0.005
True,26,-0.04,True,19,19,False,26,True,0.17144168703721716,0.010701886091789596,0.495557491573015,28.3885124954395,59.09355797048193,0.0,Robust-MTD,80,case57,0.005
True,37,0.04,True,1,1,False,37,True,0.26726710855647423,0.0037881258614977636,0.495557491573015,28.81786244106479,44.15148123225664,0.0,Robust-MTD,81,case57,0.005
True,26,-0.04,True,6,6,False,26,True,0.17144371023276686,0.010701880261105098,0.495557491573015,28.86709380254615,53.805035434197634,0.0,Robust-MTD,82,case57,0.005
True,20,-0.04,True,1,1,False,20,True,0.17144160463195088,0.0011658141851563675,0.495557491573015,29.699781397357583,37.67053961055355,0.0,Robust-MTD,83,case57,0.005
True,54,0.04,True,1,1,False,51,False,0.26776714022450726,0.005568382176700373,0.495557491573015,34.17700834979769,65.99693573662081,0.0,Robust-MTD,84,case57,0.005
True,31,0.04,True,1,1,False,30,False,0.3010983689811669,0.014493659687764292,0.495557491573015,31.106502047623508,50.856937526259586,0.0,Robust-MTD,85,case57,0.005
True,28,0.04,True,1,1,False,28,True,3.867181428919181e-10,0.0002550042628638299,0.495557491573015,29.64666869957,40.506862226175144,0.0,Robust-MTD,86,case57,0.005
True,26,-0.04,True,11,11,False,25,False,0.17144967754509283,0.010701860673827952,0.495557491573015,32.934622903121635,55.53966043225955,0.0,Robust-MTD,87,case57,0.005
True,17,-0.04,False,20,20,False,17,True,0.17688778106247938,0.046989370247096145,0.495557491573015,31.809383304789662,60.64080038340765,0.0,Robust-MTD,88,case57,0.005
True,55,-0.04,True,1,1,False,55,True,3.8671808797186145e-10,0.00044002471438886963,0.495557491573015,26.911191843100823,39.32574554637542,0.0,Robust-MTD,89,case57,0.005
True,11,0.04,True,1,1,False,11,True,3.8671819781197475e-10,0.00024157082727923305,0.495557491573015,39.30944370513316,90.57114557654134,0.0,Robust-MTD,90,case57,0.005
True,48,-0.04,True,1,1,False,48,True,3.8671808797186145e-10,0.002693359075625542,0.495557491573015,30.46104184759315,44.63562770397403,0.0,Robust-MTD,91,case57,0.005
True,50,-0.04,True,1,1,False,49,False,0.03336709001609835,0.0037304530496065384,0.495557491573015,28.605762610095553,40.80953989177943,0.0,Robust-MTD,92,case57,0.005
True,53,-0.04,False,20,20,False,52,False,0.18717449355960758,0.011240485574636446,0.495557491573015,32.35199585033115,57.220779149793096,0.0,Robust-MTD,93,case57,0.005
True,43,0.04,True,1,1,False,43,True,0.17613084416305677,0.0013193033741445888,0.495557491573015,37.883823152515106,70.21919966500718,0.0,Robust-MTD,94,case57,0.005
True,40,-0.04,True,1,1,False,40,True,3.867180879720589e-10,0.005374032492142889,0.495557491573015,33.85926245537121,67.2160243149847,0.0,Robust-MTD,95,case57,0.005
True,10,-0.04,True,1,1,False,10,True,3.8671819781197475e-10,0.0005805765380627747,0.495557491573015,34.52897504903376,53.726258900132976,0.0,Robust-MTD,96,case57,0.005
True,14,0.04,True,1,1,False,14,True,3.8671819781197475e-10,0.00039951593975834436,0.495557491573015,29.4926061964361,40.02168781880756,0.0,Robust-MTD,97,case57,0.005
True,53,-0.04,True,5,5,False,52,False,0.23597902080251257,0.010654631972025073,0.495557491573015,37.05750830704346,70.72204135183712,0.0,Robust-MTD,98,case57,0.005
True,49,-0.04,True,1,1,False,49,True,0.06144817604888611,0.003643472861362069,0.495557491573015,35.37497074576095,52.210716309491595,0.0,Robust-MTD,99,case57,0.005
True,56,0.04,True,6,6,False,56,True,0.17144160094404476,0.006897548172040662,0.495557491573015,34.3448437488405,68.66249373415486,0.0,Robust-MTD,100,case57,0.005
True,17,-0.04,False,20,20,False,17,True,0.20143480884356132,0.0757300018630432,0.495557491573015,32.71008545416407,56.43702921224759,0.0,Robust-MTD,101,case57,0.005
True,12,0.04,True,1,1,False,12,True,3.8671819781197475e-10,5.86515229289565e-05,0.495557491573015,26.96723539265804,36.20181007427165,0.0,Robust-MTD,102,case57,0.005
True,48,-0.04,True,1,1,False,48,True,3.8671808797186145e-10,0.002693359075625542,0.495557491573015,33.598133391933516,72.70909198268782,0.0,Robust-MTD,103,case57,0.005
True,31,0.04,True,2,2,False,30,False,0.3042112517837815,0.012900824464917252,0.495557491573015,33.98701465630438,59.14167676528451,0.0,Robust-MTD,104,case57,0.005
True,31,0.04,True,8,8,False,30,False,0.37614226942345647,0.012126701176884132,0.495557491573015,32.15065224794671,54.27447325200776,0.0,Robust-MTD,105,case57,0.005
True,41,-0.04,True,1,1,False,41,True,3.8671808797186145e-10,0.0002974313552103733,0.495557491573015,31.983406253857538,49.88945825898555,0.0,Robust-MTD,106,case57,0.005
True,16,-0.04,False,20,20,False,16,True,0.3962241936137378,0.21523756540686464,0.495557491573015,36.27186044759583,67.70168604853099,0.0,Robust-MTD,107,case57,0.005
True,20,0.04,True,1,1,False,20,True,0.17144160095440733,0.0011658141632539362,0.495557491573015,33.26486684673,49.24595622287601,0.0,Robust-MTD,108,case57,0.005
True,50,0.04,True,1,1,False,49,False,0.06465905836639012,0.0036319371511907544,0.495557491573015,36.64985414943658,70.95198331517169,0.0,Robust-MTD,109,case57,0.005
True,17,0.04,False,20,20,False,17,True,0.17165642732697406,0.07495753051794658,0.495557491573015,35.676712400163524,66.67876277642794,0.0,Robust-MTD,110,case57,0.005
True,41,0.04,True,1,1,False,41,True,3.8671808797186145e-10,0.0002974313552103733,0.495557491573015,29.59159779420588,42.184764536796145,0.0,Robust-MTD,111,case57,0.005
True,15,0.04,False,20,20,False,0,False,0.4635530364440024,0.2699576357246,0.495557491573015,32.45937906031031,64.6048812544905,0.0,Robust-MTD,112,case57,0.005
True,12,-0.04,True,1,1,False,12,True,3.8671819781197475e-10,5.86515229289565e-05,0.495557491573015,25.700864658574574,36.50313334655949,0.0,Robust-MTD,113,case57,0.005
True,33,-0.04,False,20,20,False,34,False,0.28436887692879037,0.0223380138766196,0.495557491573015,26.975846002460457,38.61155274498742,0.0,Robust-MTD,114,case57,0.005
True,8,0.04,True,1,1,False,8,True,3.8671819781197475e-10,0.00018473191580488263,0.495557491573015,33.871404101955704,64.33129174401985,0.0,Robust-MTD,115,case57,0.005
True,16,-0.04,False,20,20,False,16,True,0.3122141890867123,0.15880778665503253,0.495557491573015,34.80597915186081,55.865383349009804,0.0,Robust-MTD,116,case57,0.005
True,46,-0.04,False,20,20,False,0,False,0.44492008485694795,0.3221249836776402,0.495557491573015,37.61768756376114,87.67346038948745,0.0,Robust-MTD,117,case57,0.005
True,8,-0.04,True,1,1,False,8,True,3.8671819781197475e-10,0.00018473191580488263,0.495557491573015,30.522572904010303,47.08507675968577,0.0,Robust-MTD,118,case57,0.005
True,20,0.04,True,1,1,False,20,True,0.17144160363439748,0.0011658141789772267,0.495557491573015,35.437135450774804,69.80257675168106,0.0,Robust-MTD,119,case57,0.005
True,52,-0.04,True,4,4,False,53,False,0.19438211518919887,0.011173651662469752,0.495557491573015,41.149897800642066,91.3550670054974,0.0,Robust-MTD,120,case57,0.005
True,9,-0.04,True,1,1,False,9,True,3.8671819781197475e-10,0.004653036732884365,0.495557491573015,36.826029108488,68.58235863910525,0.0,Robust-MTD,121,case57,0.005
True,21,0.04,False,20,20,False,0,False,0.4313427823283704,0.32945115743509507,0.495557491573015,31.103050051024184,47.93775983562227,0.0,Robust-MTD,122,case57,0.005
True,43,0.04,True,1,1,False,43,True,0.19714058141772725,0.0015565471751305946,0.495557491573015,36.02533536031842,53.16069579566829,0.0,Robust-MTD,123,case57,0.005
True,18,-0.04,True,9,9,False,0,False,0.4931140572333881,0.23530763602610977,0.495557491573015,30.67331879865378,45.5616131570423,0.0,Robust-MTD,124,case57,0.005
True,38,-0.04,True,1,1,False,56,False,0.17144160094404476,0.006897548172040661,0.495557491573015,31.681422964902595,48.87740384438078,0.0,Robust-MTD,125,case57,0.005
True,47,-0.04,False,20,20,False,0,False,0.47071038451226616,0.25411760973235675,0.495557491573015,31.983960300567563,56.597231526393465,0.0,Robust-MTD,126,case57,0.005
True,51,-0.04,True,1,1,False,53,False,0.2721604024475763,0.009814253994599387,0.495557491573015,29.843460451229475,57.509954154375016,0.0,Robust-MTD,127,case57,0.005
True,23,0.04,True,0,0,False,0,False,0.4781351033213579,0.3086626738726044,0.495557491573015,30.681639604154043,42.68653542094398,0.0,Robust-MTD,128,case57,0.005
True,40,0.04,True,1,1,False,40,True,3.952420634120101e-10,0.005374032492136606,0.495557491573015,29.40519369149115,40.03968061588239,0.0,Robust-MTD,129,case57,0.005
True,20,-0.04,True,1,1,False,19,False,0.17144160251033033,0.0011658141721571655,0.495557491573015,32.132891690707766,56.66416008316447,0.0,Robust-MTD,130,case57,0.005
True,51,-0.04,True,1,1,False,52,False,0.2186363926213924,0.010876255804027676,0.495557491573015,36.96988544834312,68.23840036522598,0.0,Robust-MTD,131,case57,0.005
True,26,0.04,True,15,15,False,25,False,0.1714439087514161,0.010701879649814968,0.495557491573015,27.71253745595459,36.7694482614752,0.0,Robust-MTD,132,case57,0.005
True,43,-0.04,True,1,1,False,44,False,0.2699127582933381,0.005262339972012523,0.495557491573015,30.034012557007372,48.73924794665073,0.0,Robust-MTD,133,case57,0.005
True,54,-0.04,True,1,1,False,51,False,0.293707392821634,0.006534481014949127,0.495557491573015,32.45499604381621,53.61790655297228,0.0,Robust-MTD,134,case57,0.005
True,32,0.04,False,20,20,False,0,False,0.46294151142358775,0.31316754855238255,0.495557491573015,31.136508501367643,52.22492114990019,0.0,Robust-MTD,135,case57,0.005
True,47,0.04,False,20,20,False,0,False,0.4408111943112065,0.3269101941336059,0.495557491573015,33.67243320099078,58.54091664950829,0.0,Robust-MTD,136,case57,0.005
True,51,0.04,True,1,1,False,52,False,0.22053907907679732,0.010855378502162397,0.495557491573015,32.42238529783208,56.24345442338381,0.0,Robust-MTD,137,case57,0.005
True,53,0.04,True,10,10,False,52,False,0.17920904280552516,0.01130319274997735,0.495557491573015,34.075954189756885,63.057514608954094,0.0,Robust-MTD,138,case57,0.005
True,54,0.04,True,1,1,False,51,False,0.29556829190611483,0.006379925613731735,0.495557491573015,28.125147955142893,39.42159616271966,0.0,Robust-MTD,139,case57,0.005
True,20,0.04,True,1,1,False,19,False,0.17144160119236512,0.0011658141648589822,0.495557491573015,27.34194380172994,47.04547357687262,0.0,Robust-MTD,140,case57,0.005
True,52,0.04,True,17,17,False,53,False,0.18335033873542383,0.0112717882610287,0.495557491573015,27.716285461792722,36.569325302843936,0.0,Robust-MTD,141,case57,0.005
True,10,0.04,True,1,1,False,10,True,3.8671819781197475e-10,0.0005805765380627747,0.495557491573015,30.239443643949926,46.87538933067117,0.0,Robust-MTD,142,case57,0.005
True,12,-0.04,True,1,1,False,12,True,3.8671819781197475e-10,5.86515229289565e-05,0.495557491573015,32.203443846083246,57.176195815554834,0.0,Robust-MTD,143,case57,0.005
True,10,0.04,True,1,1,False,10,True,3.8671819781197475e-10,0.0005805765380627747,0.495557491573015,36.46998124604579,90.21240587462673,0.0,Robust-MTD,144,case57,0.005
True,11,-0.04,True,1,1,False,11,True,3.8671819781197475e-10,0.00024157082727923305,0.495557491573015,33.006241760449484,48.98527323093734,0.0,Robust-MTD,145,case57,0.005
True,25,-0.04,True,4,4,False,25,True,0.1715615088619694,0.010701401966930115,0.495557491573015,28.546018747147173,45.649260442587575,0.0,Robust-MTD,146,case57,0.005
True,36,0.04,True,1,1,False,36,True,3.510181118313956e-08,0.0008632594018604304,0.495557491573015,34.03104368480854,52.515729100559845,0.0,Robust-MTD,147,case57,0.005
True,44,-0.04,False,20,20,False,44,True,0.0006153432208826993,0.011445589650731674,0.495557491573015,33.10100419039372,43.773064546985566,0.0,Robust-MTD,148,case57,0.005
True,24,0.04,True,1,1,False,31,False,0.2589733163667279,0.006644318537855812,0.495557491573015,31.33594990358688,56.09805835119917,0.0,Robust-MTD,149,case57,0.005
True,3,0.04,False,20,20,False,3,True,1.3042850808361468e-08,0.012039909769683013,0.495557491573015,33.4900873422157,49.77890804002528,0.0,Robust-MTD,150,case57,0.005
True,42,0.04,True,3,3,False,42,True,3.8671808797186145e-10,0.00603934730983795,0.495557491573015,32.96903950104024,54.30510419246276,0.0,Robust-MTD,151,case57,0.005
True,23,0.04,False,20,20,False,0,False,0.4920275335942686,0.2972235865512686,0.495557491573015,31.257920752977952,53.18246691604145,0.0,Robust-MTD,152,case57,0.005
True,45,0.04,True,1,1,False,45,True,3.8671808797186145e-10,0.0009484584751343845,0.495557491573015,40.387277110130526,69.39080628508238,0.0,Robust-MTD,153,case57,0.005
True,24,-0.04,True,1,1,False,31,False,0.29656356570024217,0.005738133329989834,0.495557491573015,35.71561045537237,57.789878838229924,0.0,Robust-MTD,154,case57,0.005
True,22,-0.04,False,20,20,False,0,False,0.500007911421265,0.2984697748071524,0.495557491573015,32.156416604993865,42.12701012729668,0.0,Robust-MTD,155,case57,0.005
True,23,0.04,False,20,20,False,0,False,0.42782062921636205,0.32749402455825577,0.495557491573015,30.853054154431447,49.09958089701833,0.0,Robust-MTD,156,case57,0.005
True,54,0.04,True,1,1,False,51,False,0.19731879754717874,0.0036336506509786343,0.495557491573015,30.946208449313417,47.33257855405102,0.0,Robust-MTD,157,case57,0.005
True,33,-0.04,False,20,20,False,33,True,0.41073773356961407,0.015231826604885531,0.495557491573015,29.092054191278294,41.66785620618612,0.0,Robust-MTD,158,case57,0.005
True,39,-0.04,True,8,8,False,39,True,3.8671808797186636e-10,0.007334545584469838,0.495557491573015,30.440612448728643,58.950802101753666,0.0,Robust-MTD,159,case57,0.005
False,0,0.0,False,20,20,False,0,True,0.4218371670341957,0.33205781059929795,0.495557491573015,30.175468637025915,44.02105172339364,0.0,Robust-MTD,160,case57,0.005
False,0,0.0,False,20,20,False,0,True,0.4746619202249729,0.30690042114581545,0.495557491573015,39.09599374746904,80.02419762779029,0.0,Robust-MTD,161,case57,0.005
False,0,0.0,False,20,20,False,0,True,0.4298717310311573,0.3289871802763288,0.495557491573015,28.8680126570398,56.59221910173074,0.0,Robust-MTD,162,case57,0.005
False,0,0.0,False,20,20,False,0,True,0.4566059869564947,0.3178706666874182,0.495557491573015,29.18176249950193,37.32462356565523,0.0,Robust-MTD,163,case57,0.005
False,0,0.0,False,20,20,False,0,True,0.44765751978690294,0.3227050812296399,0.495557491573015,31.021968711866066,49.334318752517014,0.0,Robust-MTD,164,case57,0.005
False,0,0.0,False,20,20,False,0,True,0.5157387692602884,0.2728932165225826,0.495557491573015,38.74522490659729,81.0108723060694,0.0,Robust-MTD,165,case57,0.005
False,0,0.0,False,20,20,False,0,True,0.4334963905546193,0.32830783108755235,0.495557491573015,33.25626044534147,53.13833306136078,0.0,Robust-MTD,166,case57,0.005
False,0,0.0,False,20,20,False,0,True,0.46259075573960695,0.30963926193811564,0.495557491573015,31.55376239155885,57.81233930028975,0.0,Robust-MTD,167,case57,0.005
False,0,0.0,False,20,20,False,0,True,0.4336370993407472,0.3287973832668125,0.495557491573015,30.677837491384707,52.54346699512099,0.0,Robust-MTD,168,case57,0.005
False,0,0.0,False,20,20,False,0,True,0.4465643027920557,0.3229166343981387,0.495557491573015,27.824300102656707,40.269514286774246,0.0,Robust-MTD,169,case57,0.005
False,0,0.0,False,20,20,False,0,True,0.4963112863784082,0.2918688369540153,0.495557491573015,35.279537399765104,56.36977498943452,0.0,Robust-MTD,170,case57,0.005
False,0,0.0,False,20,20,False,0,True,0.47767304294427426,0.3121560175711558,0.495557491573015,33.57161884778179,53.94189792277757,0.0,Robust-MTD,171,case57,0.005
False,0,0.0,False,20,20,False,0,True,0.46417092340020344,0.3141204600047752,0.495557491573015,29.300629152567126,42.63539137318732,0.0,Robust-MTD,172,case57,0.005
False,0,0.0,False,20,20,False,0,True,0.5077175420685343,0.2956471393779139,0.495557491573015,30.110818645334803,53.66262499301229,0.0,Robust-MTD,173,case57,0.005
False,0,0.0,False,20,20,False,0,True,0.43270035208499474,0.3292213418938287,0.495557491573015,32.00363533978816,67.18739999341778,0.0,Robust-MTD,174,case57,0.005
False,0,0.0,False,20,20,False,0,True,0.5112642074395906,0.27897878234653894,0.495557491573015,34.78229169850238,70.42837294284256,0.0,Robust-MTD,175,case57,0.005
False,0,0.0,False,20,20,False,0,True,0.4941880629107357,0.24107919077713102,0.495557491573015,30.606710450956598,56.275183317484334,0.0,Robust-MTD,176,case57,0.005
False,0,0.0,False,20,20,False,0,True,0.46761335287921907,0.31024223858923894,0.495557491573015,27.87674160208553,36.16237019596158,0.0,Robust-MTD,177,case57,0.005
False,0,0.0,False,20,20,False,0,True,0.47511748874866755,0.30561960590548415,0.495557491573015,32.36994579783641,52.225783979520216,0.0,Robust-MTD,178,case57,0.005
False,0,0.0,False,20,20,False,0,True,0.4265530186136673,0.3292067724646828,0.495557491573015,38.041568707558326,93.55509194429033,0.0,Robust-MTD,179,case57,0.005
False,0,0.0,False,20,20,False,0,True,0.43854159407252474,0.32629017191719234,0.495557491573015,38.75854579673614,58.12625027610925,0.0,Robust-MTD,180,case57,0.005
False,0,0.0,False,20,20,False,0,True,0.4253702348568455,0.33118259551102713,0.495557491573015,31.625110495951958,68.84879618010018,0.0,Robust-MTD,181,case57,0.005
False,0,0.0,False,20,20,False,0,True,0.4617429590300586,0.3178498406665381,0.495557491573015,29.69204595137853,48.28278573113495,0.0,Robust-MTD,182,case57,0.005
False,0,0.0,False,20,20,False,0,True,0.48431169421808007,0.3073348605489784,0.495557491573015,37.974608258809894,80.36461040028375,0.0,Robust-MTD,183,case57,0.005
False,0,0.0,True,11,11,True,0,True,0.458526436054704,0.3199311294817184,0.495557491573015,27.687481252360158,35.85076840536204,0.0,Robust-MTD,184,case57,0.005
False,0,0.0,False,20,20,False,0,True,0.4924271713109114,0.30275725656643926,0.495557491573015,33.014870845363475,64.38532085157932,0.0,Robust-MTD,185,case57,0.005
False,0,0.0,False,20,20,False,0,True,0.42851829387776913,0.32768593746524455,0.495557491573015,36.83581470977515,72.56360868341291,0.0,Robust-MTD,186,case57,0.005
False,0,0.0,False,20,20,False,0,True,0.46183103221777627,0.31499498705579876,0.495557491573015,28.635302104521543,42.94957885576878,0.0,Robust-MTD,187,case57,0.005
False,0,0.0,False,20,20,False,15,False,0.4331358686440246,0.2406637265783545,0.495557491573015,38.48020000732504,90.02866664086471,0.0,Robust-MTD,188,case57,0.005
False,0,0.0,False,20,20,False,0,True,0.45953030405091866,0.31643362383965773,0.495557491573015,19.983823047368787,23.537310742540285,0.0,Robust-MTD,189,case57,0.005
False,0,0.0,False,20,20,False,0,True,0.4686203956066402,0.31457347968231447,0.495557491573015,33.992989649414085,54.41804762813266,0.0,Robust-MTD,190,case57,0.005
False,0,0.0,False,20,20,False,0,True,0.4932460414736556,0.2964640630944525,0.495557491573015,26.74997484718915,38.4556770528434,0.0,Robust-MTD,191,case57,0.005
False,0,0.0,False,20,20,False,0,True,0.44448332605487056,0.3241976813286642,0.495557491573015,33.872768699075095,57.80689377279487,0.0,Robust-MTD,192,case57,0.005
False,0,0.0,False,20,20,False,0,True,0.5267121665634279,0.23877256362471244,0.495557491573015,30.71766460489016,44.29332083382179,0.0,Robust-MTD,193,case57,0.005
False,0,0.0,False,20,20,False,0,True,0.4640515564588484,0.30957543147569255,0.495557491573015,16.69939595158212,18.429658375680447,0.0,Robust-MTD,194,case57,0.005
False,0,0.0,False,20,20,False,0,True,0.44457035859966815,0.32511704303515754,0.495557491573015,34.84449175593909,61.76055422693027,0.0,Robust-MTD,195,case57,0.005
False,0,0.0,False,20,20,False,0,True,0.44133763206297616,0.32508585364645853,0.495557491573015,18.520406255265698,22.30376835213974,0.0,Robust-MTD,196,case57,0.005
False,0,0.0,False,20,20,False,0,True,0.5016966506571732,0.29766826325609286,0.495557491573015,31.161164646619,49.59023393457756,0.0,Robust-MTD,197,case57,0.005
False,0,0.0,False,20,20,False,0,True,0.4475258864166105,0.3241551179333471,0.495557491573015,20.87029984977562,25.582056253915656,0.0,Robust-MTD,198,case57,0.005
False,0,0.0,False,20,20,False,0,True,0.42823374117393165,0.2555326548452492,0.495557491573015,10.201752104330808,10.778776768711396,0.0,Robust-MTD,199,case57,0.005
True,26,-0.04,False,20,20,False,0,False,0.5974568318719216,0.3392421116242352,0.6449621867960693,26.59250835131388,44.75133959494998,0.0,HMTD-MDE,0,case57,0.01
True,49,-0.04,False,20,20,False,49,True,0.10759121533633478,0.013461358531468586,0.6449621867960693,26.465529203414917,38.816249987576164,0.0,HMTD-MDE,1,case57,0.01
True,53,-0.04,True,1,1,False,53,True,0.2061236469371159,0.004450389954396036,0.6449621867960693,27.56682084291242,33.26571691432037,0.0,HMTD-MDE,2,case57,0.01
True,37,0.04,True,5,5,False,37,True,0.1719858580467513,0.009982985235517536,0.6449621867960693,28.77647500135936,36.58334130886943,0.0,HMTD-MDE,3,case57,0.01
True,46,0.04,True,17,17,False,0,False,0.572216017139353,0.3637529756599128,0.6449621867960693,27.75349990115501,37.18949826725294,0.0,HMTD-MDE,4,case57,0.01
True,17,0.04,False,20,20,False,17,True,0.20258077086269466,0.039267755835392486,0.6449621867960693,27.760195644805208,63.26600589964074,0.0,HMTD-MDE,5,case57,0.01
True,24,0.04,False,20,20,False,30,False,0.3987980067816613,0.015768807744184682,0.6449621867960693,24.228454203694128,29.49844377581031,0.0,HMTD-MDE,6,case57,0.01
True,3,0.04,True,1,1,False,3,True,3.8671819781215627e-10,0.0034832369284029763,0.6449621867960693,25.928835390368477,32.071928845834925,0.0,HMTD-MDE,7,case57,0.01
True,8,-0.04,True,1,1,False,8,True,3.8671819781197475e-10,0.00028489480589777717,0.6449621867960693,26.90034574479796,35.08819999406114,0.0,HMTD-MDE,8,case57,0.01
True,22,0.04,False,20,20,False,17,False,0.6073898348669017,0.22062113072802253,0.6449621867960693,31.254562508547675,65.12456667842343,0.0,HMTD-MDE,9,case57,0.01
True,29,-0.04,False,20,20,False,31,False,0.4066676489222374,0.017064975801047048,0.6449621867960693,22.05230199615471,29.821256283321418,0.0,HMTD-MDE,10,case57,0.01
True,28,-0.04,False,20,20,False,28,True,0.09599050451743178,0.022646012290534864,0.6449621867960693,28.13465200306382,51.41697914805266,0.0,HMTD-MDE,11,case57,0.01
True,8,0.04,True,1,1,False,8,True,3.8671819781197475e-10,0.00028489480589777717,0.6449621867960693,26.444624952273443,33.51690061681438,0.0,HMTD-MDE,12,case57,0.01
True,28,-0.04,False,20,20,False,28,True,0.11018779624412925,0.023036692496876114,0.6449621867960693,31.095993804046884,52.32463784341235,0.0,HMTD-MDE,13,case57,0.01
True,22,0.04,False,20,20,False,0,False,0.6050241339704564,0.34711342894613906,0.6449621867960693,27.70693535276223,37.86275835300331,0.0,HMTD-MDE,14,case57,0.01
True,26,0.04,False,20,20,False,0,False,0.5769113426276968,0.34580866121360043,0.6449621867960693,24.947683498612605,34.75954854220619,0.0,HMTD-MDE,15,case57,0.01
True,40,-0.04,False,20,20,False,40,True,0.0012646294853161054,0.011280528778619478,0.6449621867960693,30.38833964674268,47.24464408063798,0.0,HMTD-MDE,16,case57,0.01
True,1,-0.04,False,20,20,False,0,False,0.6391948482197117,0.3295257820064361,0.6449621867960693,26.394406205508858,33.28650835319422,0.0,HMTD-MDE,17,case57,0.01
True,37,-0.04,True,15,15,False,37,True,0.17206288001840073,0.00998588727055923,0.6449621867960693,26.087408300372772,34.476558375172324,0.0,HMTD-MDE,18,case57,0.01
True,42,-0.04,False,20,20,False,42,True,4.6133765585023014e-09,0.03399701617374942,0.6449621867960693,28.308827147702686,37.432828883174814,0.0,HMTD-MDE,19,case57,0.01
True,32,0.04,False,20,20,False,0,False,0.5467974402758118,0.3737548756766368,0.6449621867960693,26.045220851665363,51.530495486804284,0.0,HMTD-MDE,20,case57,0.01
True,20,0.04,True,2,2,False,20,True,0.25392766513313325,0.008818082503911214,0.6449621867960693,26.018654051586054,37.619944056496024,0.0,HMTD-MDE,21,case57,0.01
True,46,0.04,False,20,20,False,0,False,0.557551995693139,0.36774621822974374,0.6449621867960693,32.00348565587774,45.07610209402635,0.0,HMTD-MDE,22,case57,0.01
True,42,0.04,False,20,20,False,42,True,1.266341954061922e-08,0.03399701658245823,0.6449621867960693,27.430985306273215,37.512747943401344,0.0,HMTD-MDE,23,case57,0.01
True,56,-0.04,True,3,3,False,38,False,0.17144160094404476,0.015389855031208715,0.6449621867960693,33.07912089221645,57.57570065034089,0.0,HMTD-MDE,24,case57,0.01
True,53,0.04,True,1,1,False,53,True,0.2417082168802721,0.0056916763598968455,0.6449621867960693,28.1235564063536,59.63305770710577,0.0,HMTD-MDE,25,case57,0.01
True,48,0.04,True,1,1,False,48,True,3.8671808797219646e-10,0.002753712702745942,0.6449621867960693,28.690320954774506,43.17037500150038,0.0,HMTD-MDE,26,case57,0.01
True,24,-0.04,True,16,16,False,30,False,0.39965526702918935,0.01587614688517056,0.6449621867960693,30.160514498129487,46.52546905563213,0.0,HMTD-MDE,27,case57,0.01
True,20,0.04,True,1,1,False,20,True,0.2702047724504723,0.010771388692024526,0.6449621867960693,29.708716593449935,52.104831245378605,0.0,HMTD-MDE,28,case57,0.01
True,34,-0.04,True,18,18,False,31,False,0.4268484768796029,0.0200376384482188,0.6449621867960693,28.1498082971666,51.58614618703724,0.0,HMTD-MDE,29,case57,0.01
True,11,-0.04,True,1,1,False,11,True,3.8671819781197475e-10,0.0002955651145503168,0.6449621867960693,26.336516643641517,35.96180659078527,0.0,HMTD-MDE,30,case57,0.01
True,38,0.04,False,20,20,False,56,False,0.1714416009440448,0.015389855031208715,0.6449621867960693,31.0597312025493,50.79780654050412,0.0,HMTD-MDE,31,case57,0.01
True,32,0.04,False,20,20,False,0,False,0.5879016679548882,0.3534937137711702,0.6449621867960693,30.74944799009245,42.94701458420607,0.0,HMTD-MDE,32,case57,0.01
True,15,-0.04,False,20,20,False,0,False,0.5619790895505204,0.3651247850943873,0.6449621867960693,34.56338335527107,58.83251007762741,0.0,HMTD-MDE,33,case57,0.01
True,36,0.04,True,1,1,False,36,True,3.867181154319156e-10,0.0008651682048311886,0.6449621867960693,33.89053529826924,55.930431262822836,0.0,HMTD-MDE,34,case57,0.01
True,26,0.04,False,20,20,False,0,False,0.5535509071923476,0.37007737234560206,0.6449621867960693,28.17354810249526,36.76895624957981,0.0,HMTD-MDE,35,case57,0.01
True,28,0.04,False,20,20,False,28,True,0.16960179762471175,0.02633479921229571,0.6449621867960693,34.33258340228349,63.07655685232021,0.0,HMTD-MDE,36,case57,0.01
True,3,0.04,True,1,1,False,3,True,4.0569040848571224e-10,0.0034832369284074688,0.6449621867960693,34.96664784033783,59.15501186100304,0.0,HMTD-MDE,37,case57,0.01
True,6,0.04,True,1,1,False,6,True,3.8671819781197475e-10,0.002363277542522319,0.6449621867960693,30.525904297246598,53.929140209220364,0.0,HMTD-MDE,38,case57,0.01
True,51,-0.04,False,20,20,False,51,True,0.17611447187615054,0.033126452644134774,0.6449621867960693,26.919564648414962,35.49040207581129,0.0,HMTD-MDE,39,case57,0.01
True,17,0.04,False,20,20,False,17,True,0.21243647973653404,0.04011035510559249,0.6449621867960693,31.216776950168423,54.83559376443736,0.0,HMTD-MDE,40,case57,0.01
True,49,-0.04,True,12,12,False,49,True,0.0777947336294287,0.014102226585224765,0.6449621867960693,36.96354595012963,71.21329796791542,0.0,HMTD-MDE,41,case57,0.01
True,19,-0.04,True,1,1,False,20,False,0.2721180571060981,0.011425669272227126,0.6449621867960693,38.335368598927744,70.71954755811025,0.0,HMTD-MDE,42,case57,0.01
True,31,0.04,False,20,20,False,31,True,0.4347833605121986,0.02710280434077175,0.6449621867960693,33.64084774220828,64.1846419137437,0.0,HMTD-MDE,43,case57,0.01
True,55,0.04,True,1,1,False,55,True,0.020111170098605184,0.0012602716179722613,0.6449621867960693,30.832877059583552,55.56904132827186,0.0,HMTD-MDE,44,case57,0.01
True,2,0.04,True,2,2,False,2,True,4.0838017647051686e-10,0.005048856714368892,0.6449621867960693,28.9663791510975,48.13455179391895,0.0,HMTD-MDE,45,case57,0.01
True,34,-0.04,True,18,18,False,31,False,0.4264052433278872,0.01991130554466411,0.6449621867960693,37.38483340421226,87.88118310330901,0.0,HMTD-MDE,46,case57,0.01
True,14,-0.04,True,1,1,False,14,True,3.8671819781197475e-10,0.007593593808137527,0.6449621867960693,28.667825102456845,42.75587774754969,0.0,HMTD-MDE,47,case57,0.01
True,1,0.04,False,20,20,False,16,False,0.5364096545484978,0.3148340004078052,0.6449621867960693,37.561729046865366,91.32823544496205,0.0,HMTD-MDE,48,case57,0.01
True,34,-0.04,False,20,20,False,31,False,0.42286719403255696,0.019017660678848435,0.6449621867960693,33.403820751118474,64.17597051768101,0.0,HMTD-MDE,49,case57,0.01
True,40,-0.04,False,20,20,False,40,True,0.0012930609943086235,0.011280489697319393,0.6449621867960693,30.351141607388854,42.985616659279934,0.0,HMTD-MDE,50,case57,0.01
True,27,-0.04,False,20,20,False,27,True,0.158881044890474,0.0314127272594051,0.6449621867960693,33.413826997275464,76.93135270965286,0.0,HMTD-MDE,51,case57,0.01
True,44,-0.04,False,20,20,False,0,False,0.5585206935487321,0.3711344058275655,0.6449621867960693,26.977922799414955,34.526757994899526,0.0,HMTD-MDE,52,case57,0.01
True,1,0.04,False,20,20,False,0,False,0.590468552687567,0.3387864874984242,0.6449621867960693,37.31883324799128,79.5912027533632,0.0,HMTD-MDE,53,case57,0.01
True,20,-0.04,True,1,1,False,20,True,0.2650759499088578,0.009858774608538297,0.6449621867960693,27.885133496602066,43.911783362273134,0.0,HMTD-MDE,54,case57,0.01
True,41,-0.04,True,1,1,False,55,False,0.009251809659708728,0.0012634505318857812,0.6449621867960693,33.867795957485214,59.01239789091052,0.0,HMTD-MDE,55,case57,0.01
True,25,0.04,False,20,20,False,0,False,0.6273611899240674,0.29990910990691116,0.6449621867960693,28.905441708047874,40.41644584212918,0.0,HMTD-MDE,56,case57,0.01
True,33,0.04,False,20,20,False,0,False,0.5917573774265308,0.35668408633060456,0.6449621867960693,32.37270409590565,51.46891010517724,0.0,HMTD-MDE,57,case57,0.01
True,42,-0.04,False,20,20,False,42,True,0.000118920991809626,0.03400780967089986,0.6449621867960693,35.25026659772266,49.58512852608693,0.0,HMTD-MDE,58,case57,0.01
True,21,0.04,False,20,20,False,0,False,0.5552889729561289,0.370686026665321,0.6449621867960693,37.583572953008115,79.34362500673161,0.0,HMTD-MDE,59,case57,0.01
True,36,-0.04,True,1,1,False,36,True,3.8671808797195244e-10,0.0008651682048311887,0.6449621867960693,26.413804144249298,45.31111839460209,0.0,HMTD-MDE,60,case57,0.01
True,46,0.04,False,20,20,False,0,False,0.5785079523664993,0.3609536732621534,0.6449621867960693,27.047876955475658,35.276757733663544,0.0,HMTD-MDE,61,case57,0.01
True,56,0.04,False,20,20,False,38,False,0.1714416009530465,0.015389855031188737,0.6449621867960693,35.72675829927903,79.80381457309707,0.0,HMTD-MDE,62,case57,0.01
True,8,-0.04,True,1,1,False,8,True,3.8671819781197475e-10,0.00028489480589777717,0.6449621867960693,30.883745788014494,52.1995097922627,0.0,HMTD-MDE,63,case57,0.01
True,2,0.04,True,1,1,False,2,True,3.867181978120117e-10,0.005048856714374031,0.6449621867960693,30.805141699966043,46.736911070183865,0.0,HMTD-MDE,64,case57,0.01
True,43,0.04,True,6,6,False,37,False,0.17204442884564547,0.009985186821865194,0.6449621867960693,30.03316871181596,59.14822712657042,0.0,HMTD-MDE,65,case57,0.01
True,11,0.04,True,1,1,False,11,True,3.8671819781197475e-10,0.0002955651145503168,0.6449621867960693,31.42292913980782,58.54780237423257,0.0,HMTD-MDE,66,case57,0.01
True,7,0.04,False,20,20,False,7,True,4.556969661678429e-09,0.025269140638313318,0.6449621867960693,29.67279804579448,59.10747911839283,0.0,HMTD-MDE,67,case57,0.01
True,7,-0.04,False,20,20,False,7,True,5.187276602648633e-10,0.025269140528155588,0.6449621867960693,28.67368760635145,42.49585625366309,0.0,HMTD-MDE,68,case57,0.01
True,51,-0.04,False,20,20,False,51,True,0.29250957000526345,0.031096216877710706,0.6449621867960693,32.42042915080674,69.02859790134245,0.0,HMTD-MDE,69,case57,0.01
True,12,-0.04,True,1,1,False,12,True,3.8671819781197475e-10,6.506154484848831e-05,0.6449621867960693,30.207097899983637,45.463706235750585,0.0,HMTD-MDE,70,case57,0.01
True,17,-0.04,False,20,20,False,17,True,0.21352809882834856,0.037636709519536814,0.6449621867960693,30.531393593992107,55.568620524718426,0.0,HMTD-MDE,71,case57,0.01
True,35,0.04,True,1,1,False,35,True,3.8671808797200037e-10,0.0007903150392325828,0.6449621867960693,34.7409249516204,56.76368715357972,0.0,HMTD-MDE,72,case57,0.01
True,37,0.04,True,3,3,False,43,False,0.17168185636141753,0.009972203046063537,0.6449621867960693,30.97066250629723,65.05463681824041,0.0,HMTD-MDE,73,case57,0.01
True,11,0.04,True,1,1,False,11,True,3.8671819781197475e-10,0.0002955651145503168,0.6449621867960693,32.63292081246618,60.53291909338442,0.0,HMTD-MDE,74,case57,0.01
True,43,-0.04,False,20,20,False,43,True,0.1716149599405029,0.009970022162130996,0.6449621867960693,29.40874165215064,44.59919965593145,0.0,HMTD-MDE,75,case57,0.01
True,39,0.04,False,20,20,False,0,False,0.5932686663901429,0.3109733779506569,0.6449621867960693,29.523483352386393,43.465802690479904,0.0,HMTD-MDE,76,case57,0.01
True,41,-0.04,True,1,1,False,41,True,0.13215251736705744,0.0010031452245854707,0.6449621867960693,28.915520748705603,45.8061559329508,0.0,HMTD-MDE,77,case57,0.01
True,11,-0.04,True,1,1,False,11,True,3.8671819781197475e-10,0.0002955651145503168,0.6449621867960693,36.14841039525345,77.59133540967015,0.0,HMTD-MDE,78,case57,0.01
True,24,0.04,True,13,13,False,30,False,0.4051416392580633,0.016252924685866102,0.6449621867960693,29.16231030540075,42.68338365072852,0.0,HMTD-MDE,79,case57,0.01
True,26,-0.04,False,20,20,False,0,False,0.5823253660468549,0.35679582007419297,0.6449621867960693,33.710591797716916,63.34357114101294,0.0,HMTD-MDE,80,case57,0.01
True,37,0.04,False,20,20,False,43,False,0.17486029549395005,0.010114747702529866,0.6449621867960693,29.88494375604205,46.15692856605165,0.0,HMTD-MDE,81,case57,0.01
True,26,-0.04,False,20,20,False,0,False,0.5865670544527597,0.36481636467055756,0.6449621867960693,30.634693754836917,63.82639373478015,0.0,HMTD-MDE,82,case57,0.01
True,20,-0.04,True,2,2,False,20,True,0.2690702702282432,0.010500526824603163,0.6449621867960693,32.384731303318404,64.73300419165753,0.0,HMTD-MDE,83,case57,0.01
True,54,0.04,False,20,20,False,0,False,0.5784386928675846,0.2791784652491147,0.6449621867960693,31.654250095016323,52.62663546891419,0.0,HMTD-MDE,84,case57,0.01
True,31,0.04,False,20,20,False,31,True,0.43148217156695134,0.023068799468179236,0.6449621867960693,35.43770825199317,69.29575867543466,0.0,HMTD-MDE,85,case57,0.01
True,28,0.04,True,11,11,False,28,True,0.09108306775339423,0.02252353824170983,0.6449621867960693,28.315795748494565,45.66186453157571,0.0,HMTD-MDE,86,case57,0.01
True,26,-0.04,False,20,20,False,0,False,0.6101530302020524,0.3392106866922455,0.6449621867960693,28.716939451987855,39.688132985611446,0.0,HMTD-MDE,87,case57,0.01
True,17,-0.04,False,20,20,False,17,True,0.5275395700220818,0.08453043148056899,0.6449621867960693,30.110270841396414,62.54505413817242,0.0,HMTD-MDE,88,case57,0.01
True,55,-0.04,True,1,1,False,55,True,0.0142743952540235,0.0012620163449628455,0.6449621867960693,27.900958407553844,36.65941493236461,0.0,HMTD-MDE,89,case57,0.01
True,11,0.04,True,1,1,False,11,True,3.8671819781197475e-10,0.0002955651145503168,0.6449621867960693,34.5125709020067,50.765277014579624,0.0,HMTD-MDE,90,case57,0.01
True,48,-0.04,True,1,1,False,48,True,3.8671808797186145e-10,0.002753712702745942,0.6449621867960693,38.54107485385612,82.44451395003126,0.0,HMTD-MDE,91,case57,0.01
True,50,-0.04,True,1,1,False,49,False,0.1336475684645245,0.012631639548955463,0.6449621867960693,28.48177085397765,39.11458989605309,0.0,HMTD-MDE,92,case57,0.01
True,53,-0.04,True,1,1,False,52,False,0.26457630421669714,0.007292823610251507,0.6449621867960693,37.71824600698892,68.60822470043786,0.0,HMTD-MDE,93,case57,0.01
True,43,0.04,True,6,6,False,37,False,0.17145372801873793,0.00996532257517498,0.6449621867960693,35.6870958552463,68.47517530841289,0.0,HMTD-MDE,94,case57,0.01
True,40,-0.04,True,4,4,False,40,True,0.000808974002964188,0.01128288000435821,0.6449621867960693,33.715881101670675,64.6727555897087,0.0,HMTD-MDE,95,case57,0.01
True,10,-0.04,True,1,1,False,10,True,3.8671819781197475e-10,0.0007455511118699345,0.6449621867960693,27.131224950426258,41.27344134321904,0.0,HMTD-MDE,96,case57,0.01
True,14,0.04,True,7,7,False,14,True,3.867181978119748e-10,0.007593593808137527,0.6449621867960693,37.77854809886776,96.27728574560025,0.0,HMTD-MDE,97,case57,0.01
True,53,-0.04,True,1,1,False,53,True,0.21745652652879424,0.004764652902824318,0.6449621867960693,29.212987498613074,52.85162914660759,0.0,HMTD-MDE,98,case57,0.01
True,49,-0.04,False,20,20,False,49,True,0.1233373694669301,0.012980201516434949,0.6449621867960693,27.245458541437984,39.01885146333372,0.0,HMTD-MDE,99,case57,0.01
True,56,0.04,True,6,6,False,38,False,0.17144160101377046,0.015389855032371627,0.6449621867960693,31.75557294744067,47.57943753211296,0.0,HMTD-MDE,100,case57,0.01
True,17,-0.04,False,20,20,False,18,False,0.31927112804912955,0.025793200650676886,0.6449621867960693,30.24045839847531,55.69989226351027,0.0,HMTD-MDE,101,case57,0.01
True,12,0.04,True,1,1,False,12,True,3.8671819781197475e-10,6.506154484848831e-05,0.6449621867960693,28.94453544577118,44.05094585963528,0.0,HMTD-MDE,102,case57,0.01
True,48,-0.04,True,1,1,False,48,True,3.867180879718647e-10,0.002753712702745942,0.6449621867960693,35.725533397635445,67.2310714639025,0.0,HMTD-MDE,103,case57,0.01
True,31,0.04,False,20,20,False,31,True,0.42658127080886055,0.020078958572194248,0.6449621867960693,27.705729100853205,43.39551219891291,0.0,HMTD-MDE,104,case57,0.01
True,31,0.04,False,20,20,False,33,False,0.4398343942385358,0.028314180742235073,0.6449621867960693,35.50176649878267,59.56971906125548,0.0,HMTD-MDE,105,case57,0.01
True,41,-0.04,True,1,1,False,41,True,0.14413857504066008,0.0010179169349130803,0.6449621867960693,35.27805650373921,74.81718751078009,0.0,HMTD-MDE,106,case57,0.01
True,16,-0.04,False,20,20,False,0,False,0.5503340217539637,0.3742960759998441,0.6449621867960693,28.02260214521084,39.140217268140994,0.0,HMTD-MDE,107,case57,0.01
True,20,0.04,True,1,1,False,20,True,0.23236784904071123,0.007623782683603069,0.6449621867960693,32.659039535792544,55.815764854196466,0.0,HMTD-MDE,108,case57,0.01
True,50,0.04,True,1,1,False,50,True,0.17068524499676355,0.009290011667430336,0.6449621867960693,30.418014503084123,41.84903159039095,0.0,HMTD-MDE,109,case57,0.01
True,17,0.04,False,20,20,False,17,True,0.22441164061181232,0.037149686321401934,0.6449621867960693,38.4902832476655,92.26867503020918,0.0,HMTD-MDE,110,case57,0.01
True,41,0.04,True,1,1,False,41,True,0.021746918472077832,0.000932479243819484,0.6449621867960693,34.11420615448151,59.76351210847497,0.0,HMTD-MDE,111,case57,0.01
True,15,0.04,False,20,20,False,0,False,0.6008886557100147,0.34348062221629416,0.6449621867960693,30.049574896111153,56.35987285349986,0.0,HMTD-MDE,112,case57,0.01
True,12,-0.04,True,1,1,False,12,True,3.8671819781197475e-10,6.506154484848831e-05,0.6449621867960693,32.88407081272453,62.987818109104424,0.0,HMTD-MDE,113,case57,0.01
True,33,-0.04,False,20,20,False,33,True,0.59292849337104,0.11555908945592523,0.6449621867960693,33.78337295143865,74.88190241856502,0.0,HMTD-MDE,114,case57,0.01
True,8,0.04,True,1,1,False,8,True,3.8671819781197475e-10,0.00028489480589777717,0.6449621867960693,31.984812454902567,67.45613719394896,0.0,HMTD-MDE,115,case57,0.01
True,16,-0.04,False,20,20,False,0,False,0.5828589401746831,0.35436869097931306,0.6449621867960693,29.484856201452203,42.55512437084693,0.0,HMTD-MDE,116,case57,0.01
True,46,-0.04,False,20,20,False,0,False,0.5584887939046892,0.36842005908893927,0.6449621867960693,30.775385454762727,53.91945354058409,0.0,HMTD-MDE,117,case57,0.01
True,8,-0.04,True,1,1,False,8,True,3.8671819781197475e-10,0.00028489480589777717,0.6449621867960693,29.335737554356456,41.25835356826429,0.0,HMTD-MDE,118,case57,0.01
True,20,0.04,True,2,2,False,20,True,0.26215176338062085,0.00954954410226893,0.6449621867960693,26.718189651728608,33.91623992356472,0.0,HMTD-MDE,119,case57,0.01
True,52,-0.04,True,1,1,False,52,True,0.270332312458593,0.008222671228542214,0.6449621867960693,28.430370858404785,45.80496102571488,0.0,HMTD-MDE,120,case57,0.01
True,9,-0.04,True,2,2,False,9,True,3.8671819781197475e-10,0.0057420482213255955,0.6449621867960693,32.69898755825125,61.06157566537151,0.0,HMTD-MDE,121,case57,0.01
True,21,0.04,False,20,20,False,0,False,0.5548446979295256,0.3692895933154119,0.6449621867960693,33.440564447664656,60.55785201315305,0.0,HMTD-MDE,122,case57,0.01
True,43,0.04,True,1,1,False,43,True,0.17146709969220428,0.009965656279632706,0.6449621867960693,38.55606045399327,75.06687083223369,0.0,HMTD-MDE,123,case57,0.01
True,18,-0.04,True,9,9,False,18,True,0.2715193363613988,0.030744595854752223,0.6449621867960693,31.758764438563958,47.1691850863863,0.0,HMTD-MDE,124,case57,0.01
True,38,-0.04,True,18,18,False,38,True,0.1714416009440448,0.015389855031208717,0.6449621867960693,35.23542904877104,69.4987440336263,0.0,HMTD-MDE,125,case57,0.01
True,47,-0.04,False,20,20,False,0,False,0.6143831670974568,0.2639453751230578,0.6449621867960693,31.527485550032,69.3626892316388,0.0,HMTD-MDE,126,case57,0.01
True,51,-0.04,False,20,20,False,51,True,0.20284109616221216,0.028567038258267577,0.6449621867960693,35.639629152137786,60.55741522577595,0.0,HMTD-MDE,127,case57,0.01
True,23,0.04,True,0,0,False,0,False,0.5955276911352699,0.3483081941046495,0.6449621867960693,33.70336895168293,56.88602980226279,0.0,HMTD-MDE,128,case57,0.01
True,40,0.04,True,6,6,False,40,True,0.001668579898183274,0.011278438981090379,0.6449621867960693,29.02532930893358,45.48057498468553,0.0,HMTD-MDE,129,case57,0.01
True,20,-0.04,True,1,1,False,19,False,0.20761512365217372,0.006747996649391539,0.6449621867960693,27.81850195315201,36.75178336270619,0.0,HMTD-MDE,130,case57,0.01
True,51,-0.04,False,20,20,False,51,True,0.12781751007197706,0.027056702423725303,0.6449621867960693,33.17623750481289,80.19298788276501,0.0,HMTD-MDE,131,case57,0.01
True,26,0.04,False,20,20,False,0,False,0.568507877501913,0.36377127777290413,0.6449621867960693,34.16070835664868,60.809072552365265,0.0,HMTD-MDE,132,case57,0.01
True,43,-0.04,True,7,7,False,37,False,0.1723231458849748,0.00999608188572302,0.6449621867960693,31.44458745373413,55.00051457784139,0.0,HMTD-MDE,133,case57,0.01
True,54,-0.04,False,20,20,False,0,False,0.5895537029004693,0.3507101201027991,0.6449621867960693,31.55245835077949,54.675421479623765,0.0,HMTD-MDE,134,case57,0.01
True,32,0.04,False,20,20,False,0,False,0.58988352690831,0.3575929456634457,0.6449621867960693,30.09471249533817,50.51160795264878,0.0,HMTD-MDE,135,case57,0.01
True,47,0.04,False,20,20,False,0,False,0.6249968710926082,0.32289874208699243,0.6449621867960693,29.158185349660926,40.74638896563557,0.0,HMTD-MDE,136,case57,0.01
True,51,0.04,True,2,2,False,51,True,0.1555847275311608,0.0325019168260112,0.6449621867960693,33.30430199566763,52.25632645306181,0.0,HMTD-MDE,137,case57,0.01
True,53,0.04,True,1,1,False,51,False,0.2418413684364703,0.012703378819895726,0.6449621867960693,29.867018639924936,38.45287885051221,0.0,HMTD-MDE,138,case57,0.01
True,54,0.04,False,20,20,False,45,False,0.5311336096364108,0.2046947171108579,0.6449621867960693,32.90926670015324,71.75042562303138,0.0,HMTD-MDE,139,case57,0.01
True,20,0.04,True,2,2,False,19,False,0.26354653779567794,0.009705646754950073,0.6449621867960693,34.489841700997204,62.55796846235172,0.0,HMTD-MDE,140,case57,0.01
True,52,0.04,True,1,1,False,51,False,0.26961772879838936,0.00995244514440616,0.6449621867960693,33.48126665514428,60.32135626883249,0.0,HMTD-MDE,141,case57,0.01
True,10,0.04,True,1,1,False,10,True,3.8671819781197475e-10,0.0007455511118699345,0.6449621867960693,29.554214808740653,42.20506492129062,0.0,HMTD-MDE,142,case57,0.01
True,12,-0.04,True,1,1,False,12,True,3.8671819781197475e-10,6.506154484848831e-05,0.6449621867960693,29.515135497786105,44.30808814649937,0.0,HMTD-MDE,143,case57,0.01
True,10,0.04,True,1,1,False,10,True,3.8671819781197475e-10,0.0007455511118699345,0.6449621867960693,27.5885292008752,38.87916874082295,0.0,HMTD-MDE,144,case57,0.01
True,11,-0.04,True,1,1,False,11,True,3.8671819781197475e-10,0.0002955651145503168,0.6449621867960693,34.99540205230005,61.9920791097684,0.0,HMTD-MDE,145,case57,0.01
True,25,-0.04,False,20,20,False,0,False,0.5950257090975155,0.3220180883573809,0.6449621867960693,33.617931249318644,55.66512499644888,0.0,HMTD-MDE,146,case57,0.01
True,36,0.04,True,1,1,False,36,True,3.867180879720312e-10,0.0008651682048311887,0.6449621867960693,31.67498970287852,55.069839596399135,0.0,HMTD-MDE,147,case57,0.01
True,44,-0.04,False,20,20,False,44,True,0.19791660702229621,0.09196805721567074,0.6449621867960693,34.159577143145725,60.32020865241066,0.0,HMTD-MDE,148,case57,0.01
True,24,0.04,True,7,7,False,31,False,0.4025519256571946,0.016405063059777427,0.6449621867960693,36.30355205386877,74.05784965958448,0.0,HMTD-MDE,149,case57,0.01
True,3,0.04,True,1,1,False,3,True,3.86718197811984e-10,0.0034832369284029763,0.6449621867960693,25.605908295256086,35.9661151713226,0.0,HMTD-MDE,150,case57,0.01
True,42,0.04,False,20,20,False,42,True,3.3385075402341125e-09,0.03399701615423217,0.6449621867960693,31.352022752980698,45.75017255556305,0.0,HMTD-MDE,151,case57,0.01
True,23,0.04,False,20,20,False,0,False,0.6262235408335969,0.30889515751421803,0.6449621867960693,33.29893330519553,42.54632706870329,0.0,HMTD-MDE,152,case57,0.01
True,45,0.04,False,20,20,False,45,True,1.1970678889162588e-09,0.02250114295671235,0.6449621867960693,31.65108554821927,55.728008382720894,0.0,HMTD-MDE,153,case57,0.01
True,24,-0.04,True,15,15,False,34,False,0.4021769400857685,0.016318232428114518,0.6449621867960693,28.377333213575184,64.05015175405426,0.0,HMTD-MDE,154,case57,0.01
True,22,-0.04,False,20,20,False,0,False,0.628439588660667,0.2532584173939186,0.6449621867960693,32.80622315069195,46.22775899770205,0.0,HMTD-MDE,155,case57,0.01
True,23,0.04,False,20,20,False,0,False,0.5522650722765726,0.3728758654355241,0.6449621867960693,29.01265830732882,42.91826726985165,0.0,HMTD-MDE,156,case57,0.01
True,54,0.04,False,20,20,False,54,True,0.2711519487646994,0.06041662193193026,0.6449621867960693,32.27703536103945,62.405572921852595,0.0,HMTD-MDE,157,case57,0.01
True,33,-0.04,False,20,20,False,0,False,0.6751440749843984,0.24468083610560018,0.6449621867960693,30.556152149802074,43.30450358102098,0.0,HMTD-MDE,158,case57,0.01
True,39,-0.04,False,20,20,False,0,False,0.5616535454009044,0.3668485952865117,0.6449621867960693,36.257889596163295,59.25449826172553,0.0,HMTD-MDE,159,case57,0.01
False,0,0.0,False,20,20,False,0,True,0.5601710540257583,0.37075399015681515,0.6449621867960693,31.56318750989158,64.6916000172496,0.0,HMTD-MDE,160,case57,0.01
False,0,0.0,False,20,20,False,0,True,0.5927580382246804,0.35465667765532244,0.6449621867960693,32.247568742604926,57.01535411935767,0.0,HMTD-MDE,161,case57,0.01
False,0,0.0,False,20,20,False,0,True,0.5753375028999642,0.35684950311533314,0.6449621867960693,28.445945749990642,42.229570494964726,0.0,HMTD-MDE,162,case57,0.01
False,0,0.0,False,20,20,False,0,True,0.5767804651815416,0.3047334824943381,0.6449621867960693,34.3541668029502,70.86881011782681,0.0,HMTD-MDE,163,case57,0.01
False,0,0.0,False,20,20,False,0,True,0.5869551139390933,0.3611413372029514,0.6449621867960693,28.354439648683183,44.85623098444194,0.0,HMTD-MDE,164,case57,0.01
False,0,0.0,False,20,20,False,44,False,0.5888769540894094,0.24871569843002148,0.6449621867960693,31.76511245255824,50.809962145285695,0.0,HMTD-MDE,165,case57,0.01
False,0,0.0,False,20,20,False,0,True,0.571054038168283,0.36400763546589976,0.6449621867960693,30.022806144552305,57.705506615457125,0.0,HMTD-MDE,166,case57,0.01
False,0,0.0,False,20,20,False,0,True,0.5725026882256989,0.3679202371281858,0.6449621867960693,31.794420751975846,54.82508780551144,0.0,HMTD-MDE,167,case57,0.01
False,0,0.0,False,20,20,False,0,True,0.6100659634894844,0.3315174573667038,0.6449621867960693,32.28976465179585,48.17549558065369,0.0,HMTD-MDE,168,case57,0.01
False,0,0.0,False,20,20,False,0,True,0.5648548960161499,0.36925652019835303,0.6449621867960693,32.1366938034771,61.39023750147318,0.0,HMTD-MDE,169,case57,0.01
False,0,0.0,False,20,20,False,0,True,0.6257121316143754,0.2888662952957991,0.6449621867960693,31.082025010255165,57.72670798178298,0.0,HMTD-MDE,170,case57,0.01
False,0,0.0,False,20,20,False,0,True,0.6136327276911123,0.32695778551487037,0.6449621867960693,28.735035401768982,42.16643337567804,0.0,HMTD-MDE,171,case57,0.01
False,0,0.0,False,20,20,False,0,True,0.5662900094969298,0.3667212914363858,0.6449621867960693,29.294493797351606,45.813435397576555,0.0,HMTD-MDE,172,case57,0.01
False,0,0.0,False,20,20,False,0,True,0.6114508577659191,0.3413256298835844,0.6449621867960693,30.683376957313158,41.7190520616714,0.0,HMTD-MDE,173,case57,0.01
False,0,0.0,False,20,20,False,0,True,0.5833842514823231,0.3471311643863766,0.6449621867960693,33.547681249910966,47.27150416001678,0.0,HMTD-MDE,174,case57,0.01
False,0,0.0,False,20,20,False,0,True,0.6096293314024648,0.34583722756453417,0.6449621867960693,32.454737555235624,54.89052297198215,0.0,HMTD-MDE,175,case57,0.01
False,0,0.0,False,20,20,False,1,False,0.5232278102434708,0.35785983718657804,0.6449621867960693,30.201639552251436,48.44097706372851,0.0,HMTD-MDE,176,case57,0.01
False,0,0.0,False,20,20,False,0,True,0.589914635417978,0.34057490457873446,0.6449621867960693,37.098976998822764,84.50023751647682,0.0,HMTD-MDE,177,case57,0.01
False,0,0.0,False,20,20,False,0,True,0.6243047139908261,0.3204384242467617,0.6449621867960693,28.048231202410534,45.39241523307284,0.0,HMTD-MDE,178,case57,0.01
False,0,0.0,False,20,20,False,0,True,0.5722307119716865,0.3614942611527252,0.6449621867960693,32.25619385484606,55.80033781880048,0.0,HMTD-MDE,179,case57,0.01
False,0,0.0,False,20,20,False,0,True,0.5756440158016377,0.35951201686460893,0.6449621867960693,35.448612354230136,60.2674056281103,0.0,HMTD-MDE,180,case57,0.01
False,0,0.0,False,20,20,False,0,True,0.5482376332371587,0.3779289350232602,0.6449621867960693,33.303079195320606,52.921514556510374,0.0,HMTD-MDE,181,case57,0.01
False,0,0.0,False,20,20,False,0,True,0.5876620736045354,0.35464998964023675,0.6449621867960693,26.47795414668508,34.100439553731135,0.0,HMTD-MDE,182,case57,0.01
False,0,0.0,False,20,20,False,0,True,0.6336314819259119,0.32076731986463486,0.6449621867960693,26.67318549065385,34.468286047922454,0.0,HMTD-MDE,183,case57,0.01
False,0,0.0,True,11,11,True,0,True,0.5975224537326941,0.3515811569454947,0.6449621867960693,28.918914604582824,57.32934857660439,0.0,HMTD-MDE,184,case57,0.01
False,0,0.0,False,20,20,False,0,True,0.6105381635731817,0.34651678384969836,0.6449621867960693,30.31659574189689,59.34202081698459,0.0,HMTD-MDE,185,case57,0.01
False,0,0.0,False,20,20,False,0,True,0.5624431838768552,0.3696971724536499,0.6449621867960693,34.080072899814695,52.33191693550908,0.0,HMTD-MDE,186,case57,0.01
False,0,0.0,False,20,20,False,0,True,0.628419351860748,0.3298101986823403,0.6449621867960693,23.94960011006333,33.62702848680783,0.0,HMTD-MDE,187,case57,0.01
False,0,0.0,False,20,20,False,0,True,0.5495771770828755,0.3537212001965132,0.6449621867960693,31.012158302473836,55.5795434047468,0.0,HMTD-MDE,188,case57,0.01
False,0,0.0,False,20,20,False,0,True,0.5912518677658104,0.35210613756270603,0.6449621867960693,19.1022228973452,22.77333925012499,0.0,HMTD-MDE,189,case57,0.01
False,0,0.0,False,20,20,False,0,True,0.6073517546878098,0.3407521660852241,0.6449621867960693,32.64403129578568,68.47130413225388,0.0,HMTD-MDE,190,case57,0.01
False,0,0.0,False,20,20,False,0,True,0.626844237960464,0.3206905822843883,0.6449621867960693,30.19671044894494,44.35236812569202,0.0,HMTD-MDE,191,case57,0.01
False,0,0.0,False,20,20,False,0,True,0.5877431929012346,0.35292067772575064,0.6449621867960693,20.235006394796073,23.910128860734403,0.0,HMTD-MDE,192,case57,0.01
False,0,0.0,False,20,20,False,0,True,0.5746320351478008,0.20635259277354917,0.6449621867960693,29.581797792343423,44.828051756485365,0.0,HMTD-MDE,193,case57,0.01
False,0,0.0,False,20,20,False,0,True,0.5843533587907529,0.33905474562751026,0.6449621867960693,18.25258534809109,21.868895809166133,0.0,HMTD-MDE,194,case57,0.01
False,0,0.0,False,20,20,False,0,True,0.5748512083268679,0.3641692685880753,0.6449621867960693,32.35229589045048,67.23425415402745,0.0,HMTD-MDE,195,case57,0.01
False,0,0.0,False,20,20,False,0,True,0.5711683921242579,0.3647139542246309,0.6449621867960693,19.939529203111306,23.111745205824263,0.0,HMTD-MDE,196,case57,0.01
False,0,0.0,False,20,20,False,0,True,0.6239203784384912,0.33300024526969696,0.6449621867960693,14.0758250025101,17.453848564764485,0.0,HMTD-MDE,197,case57,0.01
False,0,0.0,False,20,20,False,0,True,0.5892668073780976,0.3461797725756183,0.6449621867960693,20.77351044572424,24.549102413584478,0.0,HMTD-MDE,198,case57,0.01
False,0,0.0,False,20,20,False,0,True,0.5428442695416713,0.3591927842587037,0.6449621867960693,15.917937402264215,17.68889827071689,0.0,HMTD-MDE,199,case57,0.01
True,26,-0.04,True,3,3,False,26,True,0.1714416009441749,0.004170119817699051,0.4796691154681159,378.09653538570274,432.6476002577706,0.0,MS-HIDE,0,case57,0.01
True,49,-0.04,True,1,1,False,49,True,4.265858192654436e-10,0.0016130129423518533,0.4407417890514927,277.2578873933526,366.65993576170877,0.0,MS-HIDE,1,case57,0.01
True,53,-0.04,True,1,1,False,52,False,0.171441600947596,0.0015268310330088586,0.4495417380822841,366.20208114909474,427.78095354733637,0.0,MS-HIDE,2,case57,0.01
True,37,0.04,True,1,1,False,37,True,0.17144160094950736,0.0015616745182058527,0.5334111506249117,269.65483134554233,343.3263648767024,0.0,MS-HIDE,3,case57,0.01
True,46,0.04,True,17,17,False,0,False,0.4535569239902754,0.3274535486531365,0.49892248588204885,259.95749996509403,347.9403937904863,0.0,MS-HIDE,4,case57,0.01
True,17,0.04,True,3,3,False,17,True,0.002703859297318123,0.00788318253952118,0.5083502976183366,368.13674594450276,441.6792294912751,0.0,MS-HIDE,5,case57,0.01
True,24,0.04,True,3,3,False,29,False,0.171441601070441,0.002072505558585046,0.6692858702294886,273.6085395066766,334.6447389689274,0.0,MS-HIDE,6,case57,0.01
True,3,0.04,True,1,1,False,3,True,3.8671819781197475e-10,0.0010234120718180608,0.46679411637890617,363.5863582516322,430.36111042020025,0.0,MS-HIDE,7,case57,0.01
True,8,-0.04,True,1,1,False,8,True,3.8671819781197475e-10,0.0003177869000190791,0.3394475328782709,278.0376749491552,331.42261672765017,0.0,MS-HIDE,8,case57,0.01
True,22,0.04,False,20,20,False,0,False,0.4831873888667887,0.3082936832837846,0.4707811664753304,255.63317504129373,308.82383365242276,0.0,MS-HIDE,9,case57,0.01
True,29,-0.04,True,2,2,False,24,False,0.17144160103669115,0.002072505558888803,0.6766243854853351,373.13606259413064,451.46594728576156,0.0,MS-HIDE,10,case57,0.01
True,28,-0.04,True,1,1,False,28,True,1.3866554926884086e-09,0.0011222732837502592,0.35460350804510354,280.7454708003206,358.9627329580254,0.0,MS-HIDE,11,case57,0.01
True,8,0.04,True,1,1,False,8,True,3.8671819781197475e-10,0.0003177869002985445,0.34027054429886283,355.40942280204035,408.28899728076186,0.0,MS-HIDE,12,case57,0.01
True,28,-0.04,True,2,2,False,28,True,1.3653937604816286e-09,0.001122273283390422,0.37057343640681584,272.00025829079095,349.46923720417544,0.0,MS-HIDE,13,case57,0.01
True,22,0.04,False,20,20,False,0,False,0.4833378963951998,0.27406566616840244,0.5257733651957028,256.7871228500735,317.4407809769036,0.0,MS-HIDE,14,case57,0.01
True,26,0.04,True,3,3,False,25,False,0.1714416009440448,0.004202867921123709,0.4916193824379803,374.04358735657297,472.8532895678666,0.0,MS-HIDE,15,case57,0.01
True,40,-0.04,True,11,11,False,40,True,3.6243800628787487e-07,0.007675200573172656,0.4765945135317163,267.7683583984617,316.72667051607283,0.0,MS-HIDE,16,case57,0.01
True,1,-0.04,False,20,20,False,1,True,0.00019275804959572465,0.024738718553600453,0.45229442840313544,363.72438760008663,433.7124604906433,0.0,MS-HIDE,17,case57,0.01
True,37,-0.04,True,1,1,False,37,True,0.17144160094404476,0.0016562590951360065,0.5149884348548092,270.25361460109707,324.9389910866739,0.0,MS-HIDE,18,case57,0.01
True,42,-0.04,True,2,2,False,42,True,3.8671808797186145e-10,0.0020954845314066274,0.5669330636629529,277.3127915512305,348.88038720237097,0.0,MS-HIDE,19,case57,0.01
True,32,0.04,False,20,20,False,0,False,0.4292725280388079,0.3366361457594586,0.5043178178426346,368.9204500609776,434.8707059631137,0.0,MS-HIDE,20,case57,0.01
True,20,0.04,True,1,1,False,20,True,0.1714416009440448,0.001899389627521945,0.519550247297401,280.6782042462146,348.61247324442957,0.0,MS-HIDE,21,case57,0.01
True,46,0.04,False,20,20,False,0,False,0.42073119539841164,0.3340260891083007,0.533965902724124,368.0791312479414,420.79857116914485,0.0,MS-HIDE,22,case57,0.01
True,42,0.04,True,3,3,False,42,True,3.8671808797186145e-10,0.002095484531212994,0.5414633863351833,276.2593417457538,365.23122016515117,0.0,MS-HIDE,23,case57,0.01
True,56,-0.04,True,3,3,False,38,False,0.17144160094404476,0.00509470487524591,0.5508941982798531,268.4140186931472,320.4824354383163,0.0,MS-HIDE,24,case57,0.01
True,53,0.04,True,1,1,False,52,False,0.17144160094404476,0.00152665842094307,0.4460921319437757,284.36023119138554,329.90401877323166,0.0,MS-HIDE,25,case57,0.01
True,48,0.04,True,1,1,False,48,True,3.867180879718616e-10,0.0012942536278235767,0.38816757577023986,282.7935167006217,352.05006223404786,0.0,MS-HIDE,26,case57,0.01
True,24,-0.04,True,2,2,False,24,True,0.17144160097484193,0.0020725055586728026,0.6804454217908515,278.8613749988144,328.33001248945953,0.0,MS-HIDE,27,case57,0.01
True,20,0.04,True,1,1,False,19,False,0.1714416009440448,0.0019001977700408917,0.5339973994443932,281.71174394665286,358.4620398614789,0.0,MS-HIDE,28,case57,0.01
True,34,-0.04,True,2,2,False,34,True,3.867180879719484e-10,0.0020993388474523362,0.4634399029650444,268.9560562459519,342.8139940428082,0.0,MS-HIDE,29,case57,0.01
True,11,-0.04,True,1,1,False,11,True,3.8671819781197475e-10,0.00036839150146271833,0.3424478073616517,275.671418546699,339.65284133446403,0.0,MS-HIDE,30,case57,0.01
True,38,0.04,True,3,3,False,56,False,0.17144160094404476,0.005094704799048432,0.5602728051661255,272.91368324658833,343.4137222880963,0.0,MS-HIDE,31,case57,0.01
True,32,0.04,False,20,20,False,0,False,0.42692836596508477,0.3359840418755316,0.5226316330739487,285.2903790480923,333.8227065920364,0.0,MS-HIDE,32,case57,0.01
True,15,-0.04,False,20,20,False,0,False,0.4266190959338486,0.32610417106776307,0.5225162832982897,261.6952289099572,338.33679163653875,0.0,MS-HIDE,33,case57,0.01
True,36,0.04,True,1,1,False,36,True,3.8671811543196014e-10,0.0007148334759064396,0.3746310625035559,274.9472311959835,338.97406457981566,0.0,MS-HIDE,34,case57,0.01
True,26,0.04,True,1,1,False,25,False,0.1714416009440448,0.004206871205223952,0.4999716669985881,272.4459042015951,348.5577982180985,0.0,MS-HIDE,35,case57,0.01
True,28,0.04,True,1,1,False,28,True,1.1621811867584778e-09,0.001122273283444504,0.3610567736983548,270.67574579268694,395.5848812300247,0.0,MS-HIDE,36,case57,0.01
True,3,0.04,True,2,2,False,3,True,3.8671819781197475e-10,0.0010234120715768371,0.47033267994961503,252.75627709925175,326.8932878301712,0.0,MS-HIDE,37,case57,0.01
True,6,0.04,True,1,1,False,6,True,3.8671819781197915e-10,0.0010506935694074902,0.4789864042985631,265.5709855054738,337.2302038333146,0.0,MS-HIDE,38,case57,0.01
True,51,-0.04,True,3,3,False,51,True,3.869127752136967e-10,0.004248720643485353,0.4632012365448426,257.4877583916532,336.36992083047517,0.0,MS-HIDE,39,case57,0.01
True,17,0.04,True,5,5,False,17,True,0.03405737296075318,0.0025945095233157276,0.479874903887928,257.393570948625,327.50221250753384,0.0,MS-HIDE,40,case57,0.01
True,49,-0.04,True,1,1,False,49,True,3.8671808797186874e-10,0.0016490029448002906,0.4407417890514927,273.3087728935061,341.0430812713457,0.0,MS-HIDE,41,case57,0.01
True,19,-0.04,True,2,2,False,20,False,0.1714416009440448,0.0018963231586541518,0.507608563418325,250.41495200421193,323.7142389669316,0.0,MS-HIDE,42,case57,0.01
True,31,0.04,True,1,1,False,30,False,0.02718048276407908,0.0020817288972731743,0.43709552817950625,258.2033248443622,325.782770535443,0.0,MS-HIDE,43,case57,0.01
True,55,0.04,True,1,1,False,55,True,3.920073455869798e-10,0.0008710260659507293,0.35592617937266596,255.12962715001774,313.2680645940127,0.0,MS-HIDE,44,case57,0.01
True,2,0.04,True,2,2,False,2,True,3.8671819781197656e-10,0.001558553134258431,0.49369174435510954,257.8631540964125,352.1140437107533,0.0,MS-HIDE,45,case57,0.01
True,34,-0.04,True,1,1,False,34,True,3.8671808797186145e-10,0.002131777579847414,0.46422825571819504,272.9414292931324,329.8766711144708,0.0,MS-HIDE,46,case57,0.01
True,14,-0.04,True,1,1,False,14,True,3.8671819781197734e-10,0.0013023726319667743,0.5148487654155617,261.0785477445461,311.85253719741013,0.0,MS-HIDE,47,case57,0.01
True,1,0.04,False,20,20,False,1,True,0.000680899311391331,0.027030791046114937,0.5091218309805496,259.37679174530786,319.31620032119105,0.0,MS-HIDE,48,case57,0.01
True,34,-0.04,True,3,3,False,34,True,3.9316487626338114e-10,0.0020963463459576052,0.46193303172416794,250.15943535836416,316.6965770331444,0.0,MS-HIDE,49,case57,0.01
True,40,-0.04,True,14,14,False,40,True,6.091569135294599e-09,0.007667186146521078,0.40787497152599184,275.59979780053254,363.6581395898247,0.0,MS-HIDE,50,case57,0.01
True,27,-0.04,True,1,1,False,27,True,4.799005248189328e-10,0.001174664711218814,0.3628109262319663,270.74443970050197,328.368770837551,0.0,MS-HIDE,51,case57,0.01
True,44,-0.04,True,3,3,False,44,True,1.9142103617768304e-05,0.0037935841754579837,0.5268288267075082,265.8692519937176,360.42569997080136,0.0,MS-HIDE,52,case57,0.01
True,1,0.04,False,20,20,False,1,True,0.00020749618258593492,0.02501132865646052,0.483100574553205,267.409597846563,318.7584270955995,0.0,MS-HIDE,53,case57,0.01
True,20,-0.04,True,2,2,False,20,True,0.1714416009440448,0.0018982368904307987,0.5177429073417457,259.68423759331927,339.68448546947917,0.0,MS-HIDE,54,case57,0.01
True,41,-0.04,True,1,1,False,41,True,4.0220044857705564e-10,0.0006132213469075278,0.35166287562564413,261.60722304775845,323.3900735824136,0.0,MS-HIDE,55,case57,0.01
True,25,0.04,True,2,2,False,26,False,0.17144160094423472,0.004170120092776389,0.4490285580734841,281.78625225264113,360.9711312572472,0.0,MS-HIDE,56,case57,0.01
True,33,0.04,True,15,15,False,33,True,1.4554876021268609e-05,0.014157952136756764,0.4446834571747753,260.9543270955328,306.55277262267197,0.0,MS-HIDE,57,case57,0.01
True,42,-0.04,True,2,2,False,42,True,3.8671808797186145e-10,0.0020954845316290558,0.5679989265671327,265.8480041078292,335.28954521461856,0.0,MS-HIDE,58,case57,0.01
True,21,0.04,False,20,20,False,0,False,0.4458663413350239,0.32972598804932113,0.5520364524908327,254.83986040344465,319.42900002759416,0.0,MS-HIDE,59,case57,0.01
True,36,-0.04,True,1,1,False,36,True,3.867180879721284e-10,0.0007148334763384611,0.37313425791769705,261.6943769506179,308.4728597168578,0.0,MS-HIDE,60,case57,0.01
True,46,0.04,False,20,20,False,0,False,0.44520951778229984,0.3260412443359929,0.5527352204711432,246.33388326037675,317.7931360696675,0.0,MS-HIDE,61,case57,0.01
True,56,0.04,True,3,3,False,38,False,0.1714416009440448,0.005094704816581693,0.540549007466255,267.968929244671,354.41746633150615,0.0,MS-HIDE,62,case57,0.01
True,8,-0.04,True,2,2,False,8,True,3.8671819781197475e-10,0.0003177869002325071,0.3360188810487895,271.85221039981116,328.5465270600981,0.0,MS-HIDE,63,case57,0.01
True,2,0.04,True,1,1,False,2,True,3.867181978119759e-10,0.0015585531342639117,0.5006740174634274,267.8664521488827,334.1979589429684,0.0,MS-HIDE,64,case57,0.01
True,43,0.04,True,1,1,False,43,True,0.17144160113014395,0.0015646421720127443,0.5138705691460236,260.7344918011222,317.7280496485764,0.0,MS-HIDE,65,case57,0.01
True,11,0.04,True,1,1,False,11,True,3.8671819781197475e-10,0.0003683915006784564,0.33743029460712765,256.24284174118657,310.1836815301795,0.0,MS-HIDE,66,case57,0.01
True,7,0.04,False,20,20,False,7,True,3.8671819781197506e-10,0.013721480763422425,0.5417929197800307,271.2009790557204,328.5472083167406,0.0,MS-HIDE,67,case57,0.01
True,7,-0.04,False,20,20,False,7,True,3.9227351299314374e-10,0.01372076737314984,0.539862740152598,258.5360896977363,344.06097111932473,0.0,MS-HIDE,68,case57,0.01
True,51,-0.04,True,3,3,False,51,True,3.9305415554847845e-10,0.004226153272340225,0.4527331134497563,261.81725615169853,310.88212882750673,0.0,MS-HIDE,69,case57,0.01
True,12,-0.04,True,1,1,False,12,True,3.8671819781197475e-10,0.0002901152597598226,0.27540479289454173,252.82692919718102,319.49510443082545,0.0,MS-HIDE,70,case57,0.01
True,17,-0.04,True,3,3,False,17,True,0.001621067702580272,0.002549776566774107,0.5152415259228256,270.30773554870393,336.17191075463785,0.0,MS-HIDE,71,case57,0.01
True,35,0.04,True,1,1,False,35,True,3.8671808797186145e-10,0.0009331971383940741,0.32818164532036603,268.03912085015327,327.9340875305934,0.0,MS-HIDE,72,case57,0.01
True,37,0.04,True,1,1,False,43,False,0.1714416009508751,0.001564659889450288,0.5185287529998509,261.91228124371264,343.2943791151047,0.0,MS-HIDE,73,case57,0.01
True,11,0.04,True,1,1,False,11,True,3.8671819781197475e-10,0.0003683915015089427,0.3392781705445239,271.0107604973018,350.96353575063404,0.0,MS-HIDE,74,case57,0.01
True,43,-0.04,True,1,1,False,37,False,0.1714416009752386,0.0015619078467854126,0.5216486588905789,258.7071228044806,333.30704937689006,0.0,MS-HIDE,75,case57,0.01
True,39,0.04,True,2,2,False,39,True,3.867180879718649e-10,0.003647474192318536,0.5015297357935581,273.44960420159623,363.8276416895678,0.0,MS-HIDE,76,case57,0.01
True,41,-0.04,True,1,1,False,41,True,4.0318839611769116e-10,0.0006132213468806799,0.3621691319762279,270.267241547117,349.96281390485825,0.0,MS-HIDE,77,case57,0.01
True,11,-0.04,True,1,1,False,11,True,3.8671819781197475e-10,0.0003683915014164428,0.33576762064856125,263.0069793493021,334.4666881719604,0.0,MS-HIDE,78,case57,0.01
True,24,0.04,True,1,1,False,24,True,0.1714416009850825,0.0020725055589859956,0.6741898057407172,266.41891650215257,344.61749377078377,0.0,MS-HIDE,79,case57,0.01
True,26,-0.04,True,1,1,False,26,True,0.1714416009443669,0.004170132427441028,0.4733111510163849,264.89380830025766,335.23035826219717,0.0,MS-HIDE,80,case57,0.01
True,37,0.04,True,1,1,False,43,False,0.17144160112490886,0.0015616723772958884,0.5235455027679679,256.26661460264586,332.53742049855646,0.0,MS-HIDE,81,case57,0.01
True,26,-0.04,True,1,1,False,26,True,0.1714416009440448,0.004294157801586178,0.48534592057966813,265.9767980047036,348.6889708379749,0.0,MS-HIDE,82,case57,0.01
True,20,-0.04,True,2,2,False,19,False,0.1714416009440448,0.0019355620767611376,0.5119633022705685,258.4893687570002,328.327749989694,0.0,MS-HIDE,83,case57,0.01
True,54,0.04,True,1,1,False,54,True,5.155068947629109e-10,0.0019102505312627886,0.6262483451748133,270.8167853037594,344.56127645680687,0.0,MS-HIDE,84,case57,0.01
True,31,0.04,True,2,2,False,31,True,0.016189380468018877,0.0019462592153766968,0.4062666140181333,253.0587186542107,331.53454432031145,0.0,MS-HIDE,85,case57,0.01
True,28,0.04,True,1,1,False,28,True,7.41781409242273e-10,0.0011222732831842792,0.36771703219518226,273.11030009004753,339.2586354573723,0.0,MS-HIDE,86,case57,0.01
True,26,-0.04,True,3,3,False,26,True,0.17144160094404481,0.004401647498336934,0.49941495125978913,267.42182499729097,382.62726035900414,0.0,MS-HIDE,87,case57,0.01
True,17,-0.04,True,2,2,False,17,True,0.0027051424961965055,0.002556877856028296,0.4932810298523598,255.23982500017155,303.255036030896,0.0,MS-HIDE,88,case57,0.01
True,55,-0.04,True,1,1,False,55,True,3.8671808797195125e-10,0.0008710260658895629,0.3691277953053025,261.3032749533886,325.16561805969116,0.0,MS-HIDE,89,case57,0.01
True,11,0.04,True,1,1,False,11,True,3.8671819781197475e-10,0.00036839150160813256,0.33447472646924326,269.0883979521459,338.51461877347907,0.0,MS-HIDE,90,case57,0.01
True,48,-0.04,True,2,2,False,48,True,1.9270009662524347e-09,0.0012947159987247543,0.3617495452810763,254.67922090319917,315.14095237944275,0.0,MS-HIDE,91,case57,0.01
True,50,-0.04,True,1,1,False,50,True,3.86718087971904e-10,0.0014815974620797803,0.43581486270728387,253.93414585560092,306.6282667045016,0.0,MS-HIDE,92,case57,0.01
True,53,-0.04,True,1,1,False,52,False,0.17144160094404476,0.0015311948621555076,0.3979418853992238,263.1187394988956,309.76916875224566,0.0,MS-HIDE,93,case57,0.01
True,43,0.04,True,1,1,False,43,True,0.1714416009878636,0.0015995053794962471,0.515687764096621,265.8065728988731,316.29424404527526,0.0,MS-HIDE,94,case57,0.01
True,40,-0.04,True,4,4,False,40,True,1.578599308773806e-09,0.00767032657516078,0.4330617113358029,283.7198248511413,335.22672646795405,0.0,MS-HIDE,95,case57,0.01
True,10,-0.04,True,1,1,False,10,True,3.8671819781197475e-10,0.0008020016223035871,0.3352066697295907,262.51519374200143,319.3682562705362,0.0,MS-HIDE,96,case57,0.01
True,14,0.04,True,2,2,False,14,True,3.867181978119751e-10,0.0013023726319397657,0.5103659107909215,270.4019293509191,367.33363185485365,0.0,MS-HIDE,97,case57,0.01
True,53,-0.04,True,1,1,False,53,True,0.17144160094404476,0.0015310264314820907,0.42662831695122316,259.783168847207,334.53614854370244,0.0,MS-HIDE,98,case57,0.01
True,49,-0.04,True,3,3,False,49,True,4.311860079994638e-10,0.001613012942315386,0.4383276425295256,264.7424542461522,343.4736472729128,0.0,MS-HIDE,99,case57,0.01
True,56,0.04,True,1,1,False,38,False,0.17144160094404476,0.005094704795421053,0.5599861792284886,262.9525145981461,350.72982471319847,0.0,MS-HIDE,100,case57,0.01
True,17,-0.04,True,3,3,False,17,True,0.057178949713874355,0.00264043270065375,0.5141088686764019,264.77698320231866,313.85832318337634,0.0,MS-HIDE,101,case57,0.01
True,12,0.04,True,1,1,False,12,True,3.8671819781197475e-10,0.0002901152601130332,0.26767867149353447,277.7274520980427,348.5724457568722,0.0,MS-HIDE,102,case57,0.01
True,48,-0.04,True,1,1,False,48,True,3.867180879718739e-10,0.0013040352620220636,0.32832572647628533,270.11049584834836,416.45613368600607,0.0,MS-HIDE,103,case57,0.01
True,31,0.04,True,3,3,False,31,True,9.796363463669858e-05,0.0019444639144178893,0.39560720850835157,271.2299646023894,344.3360017932719,0.0,MS-HIDE,104,case57,0.01
True,31,0.04,True,2,2,False,31,True,0.06461815212465914,0.0020910618438490587,0.42668449895491334,273.52653531124815,343.5014889226295,0.0,MS-HIDE,105,case57,0.01
True,41,-0.04,True,1,1,False,41,True,4.971371193788535e-10,0.0006132213469478752,0.35814207161581235,263.97417709522415,323.17362852045335,0.0,MS-HIDE,106,case57,0.01
True,16,-0.04,False,20,20,False,0,False,0.46835637567386124,0.30047223194242567,0.5385968234660613,259.7296581516275,331.3937107042875,0.0,MS-HIDE,107,case57,0.01
True,20,0.04,True,4,4,False,20,True,0.1714416009440448,0.0019246523268972777,0.4916082452754659,246.4921041915659,311.93640798155684,0.0,MS-HIDE,108,case57,0.01
True,50,0.04,True,3,3,False,50,True,3.867180879718899e-10,0.001481597461880447,0.4449996810581873,259.968002102687,307.34817263728473,0.0,MS-HIDE,109,case57,0.01
True,17,0.04,True,3,3,False,17,True,0.059339214276119656,0.0026939285116303895,0.4983454021665438,252.5439792952966,300.8326413691975,0.0,MS-HIDE,110,case57,0.01
True,41,0.04,True,1,1,False,41,True,3.867180879720722e-10,0.0006132213466798961,0.36083631961920365,272.2140603058506,330.3198205627269,0.0,MS-HIDE,111,case57,0.01
True,15,0.04,False,20,20,False,0,False,0.4563360351423834,0.3260592539731734,0.49787077606115804,260.38737494673114,320.92075030959677,0.0,MS-HIDE,112,case57,0.01
True,12,-0.04,True,1,1,False,12,True,3.8671819781197475e-10,0.0002901152601130332,0.26767867149353447,275.9675416047685,351.19657084287616,0.0,MS-HIDE,113,case57,0.01
True,33,-0.04,False,20,20,False,33,True,6.746092944698078e-06,0.01419207123907469,0.43845501476350957,263.0725729512051,310.7612997002434,0.0,MS-HIDE,114,case57,0.01
True,8,0.04,True,1,1,False,8,True,3.8671819781197475e-10,0.00031778690141623654,0.34297535213523345,261.54857089568395,339.0497642423725,0.0,MS-HIDE,115,case57,0.01
True,16,-0.04,False,20,20,False,0,False,0.4473175120076333,0.32477669089883593,0.532700931509104,262.81559569761157,340.80535833199974,0.0,MS-HIDE,116,case57,0.01
True,46,-0.04,False,20,20,False,0,False,0.4955101375275109,0.30461138096040946,0.5305996800941457,247.13446460082196,307.9032274428755,0.0,MS-HIDE,117,case57,0.01
True,8,-0.04,True,1,1,False,8,True,3.8671819781197475e-10,0.0003177869002905102,0.33973415881590785,274.6275833953405,367.23273779207375,0.0,MS-HIDE,118,case57,0.01
True,20,0.04,True,1,1,False,19,False,0.1714416009440448,0.0018979897322699102,0.5162109047410692,279.496343905339,349.89665237953886,0.0,MS-HIDE,119,case57,0.01
True,52,-0.04,True,1,1,False,53,False,0.17144160094806618,0.0015309945628504576,0.4139771529512583,271.51089384569786,338.56042019324383,0.0,MS-HIDE,120,case57,0.01
True,9,-0.04,True,1,1,False,9,True,3.8671819781197475e-10,0.0047965004060637065,0.42955466844272855,265.1396290952107,342.2201044595568,0.0,MS-HIDE,121,case57,0.01
True,21,0.04,False,20,20,False,0,False,0.43043790307935836,0.33381160434597923,0.5584794935912294,260.8051374554634,311.4537478977582,0.0,MS-HIDE,122,case57,0.01
True,43,0.04,True,1,1,False,37,False,0.17144160101983452,0.0015646596975933107,0.5235455027679679,272.5622062513139,343.3723836700665,0.0,MS-HIDE,123,case57,0.01
True,18,-0.04,True,3,3,False,18,True,0.0011014302194577309,0.004033724902442797,0.5185186726780753,268.7772748962743,328.9280606695684,0.0,MS-HIDE,124,case57,0.01
True,38,-0.04,True,6,6,False,38,True,0.1714416009440448,0.005094705343293447,0.53999052392977,266.0161978477845,331.05254965194035,0.0,MS-HIDE,125,case57,0.01
True,47,-0.04,False,20,20,False,0,False,0.4387602744919507,0.3311305026062316,0.5175358070323528,265.00541674904525,355.66388542356435,0.0,MS-HIDE,126,case57,0.01
True,51,-0.04,True,3,3,False,51,True,3.8671806051283153e-10,0.0042261532725715355,0.46032803016589585,262.98668130184524,361.4371318981284,0.0,MS-HIDE,127,case57,0.01
True,23,0.04,True,0,0,False,0,False,0.4432326227593898,0.3315194236780821,0.5415493809120452,251.7613666394027,310.78527257195674,0.0,MS-HIDE,128,case57,0.01
True,40,0.04,True,4,4,False,40,True,2.250916889414603e-09,0.007666737984726037,0.4275019377412009,275.30740625516046,340.23129135894123,0.0,MS-HIDE,129,case57,0.01
True,20,-0.04,True,1,1,False,19,False,0.1714416009440448,0.0019298787656108463,0.5339937369054581,273.255508299917,337.5054705014918,0.0,MS-HIDE,130,case57,0.01
True,51,-0.04,True,3,3,False,51,True,3.9428448653129865e-10,0.004226153271469493,0.4551931506102621,256.88149574853014,302.8732163482346,0.0,MS-HIDE,131,case57,0.01
True,26,0.04,True,2,2,False,26,True,0.1714416009455284,0.004171035283122962,0.4783305532481078,261.7428395606112,333.46535356831737,0.0,MS-HIDE,132,case57,0.01
True,43,-0.04,True,1,1,False,37,False,0.17144160098664146,0.0015995233175707768,0.524304653457632,269.0842748474097,318.28340211941395,0.0,MS-HIDE,133,case57,0.01
True,54,-0.04,True,1,1,False,54,True,0.00012828311365514633,0.0019109248969299928,0.6505739537996884,272.8041395021137,330.27718362573074,0.0,MS-HIDE,134,case57,0.01
True,32,0.04,False,20,20,False,0,False,0.4564893229369783,0.32588837443563,0.5267474750175475,257.06590200425126,322.80107294500345,0.0,MS-HIDE,135,case57,0.01
True,47,0.04,False,20,20,False,0,False,0.4484144971829422,0.3262035608643893,0.5364424251729613,254.507914595888,313.4159889334115,0.0,MS-HIDE,136,case57,0.01
True,51,0.04,True,2,2,False,51,True,3.9061820381776804e-10,0.0042261532771598435,0.45601791821567433,266.98714370431844,336.09313962224405,0.0,MS-HIDE,137,case57,0.01
True,53,0.04,True,1,1,False,52,False,0.1714416009471947,0.0015269549808240301,0.4275270205025636,256.4082792989211,318.8487833540421,0.0,MS-HIDE,138,case57,0.01
True,54,0.04,True,1,1,False,54,True,5.002468686276088e-10,0.0019103072338189464,0.631111643767361,258.674577093916,310.81998715526424,0.0,MS-HIDE,139,case57,0.01
True,20,0.04,True,2,2,False,20,True,0.1714416009440448,0.0018972567506020106,0.5262523287972165,257.4348791502416,341.35051035264047,0.0,MS-HIDE,140,case57,0.01
True,52,0.04,True,1,1,False,53,False,0.17144160094404476,0.0015308550477026173,0.42352880946958726,261.8866853386862,329.6169791254215,0.0,MS-HIDE,141,case57,0.01
True,10,0.04,True,1,1,False,10,True,3.8671819781197475e-10,0.0008020016223191906,0.3474602802169151,267.7539270516718,322.2893139347434,0.0,MS-HIDE,142,case57,0.01
True,12,-0.04,True,1,1,False,12,True,3.8671819781197475e-10,0.00029011526073611187,0.2653729852052923,264.4802457478363,317.00461188738706,0.0,MS-HIDE,143,case57,0.01
True,10,0.04,True,1,1,False,10,True,3.8671819781197475e-10,0.0008020016222398245,0.33973415881590785,256.5592458966421,315.5410628096434,0.0,MS-HIDE,144,case57,0.01
True,11,-0.04,True,1,1,False,11,True,3.8671819781197475e-10,0.0003683915010502192,0.3474602802169151,265.8362958492944,324.0435919869924,0.0,MS-HIDE,145,case57,0.01
True,25,-0.04,True,1,1,False,25,True,0.1714416009440448,0.004211979696394249,0.46029700871403323,255.7635291508632,316.6349520150107,0.0,MS-HIDE,146,case57,0.01
True,36,0.04,True,1,1,False,36,True,3.8822590580792945e-10,0.0007148334762483374,0.38202360117453416,264.7436543920776,325.64384408178745,0.0,MS-HIDE,147,case57,0.01
True,44,-0.04,True,1,1,False,44,True,3.8671806051239954e-10,0.003792771265538183,0.5189710880361614,280.9290707518812,333.05547886411665,0.0,MS-HIDE,148,case57,0.01
True,24,0.04,True,1,1,False,24,True,0.1714423287887693,0.002072505912684838,0.6763462965917044,264.47334810509346,340.096408338286,0.0,MS-HIDE,149,case57,0.01
True,3,0.04,True,2,2,False,3,True,3.8671819781197475e-10,0.0010234120716261467,0.467998468106696,264.56651259213686,328.43145000224473,0.0,MS-HIDE,150,case57,0.01
True,42,0.04,True,2,2,False,42,True,3.8671808797186145e-10,0.002095484531265195,0.5666705191444084,268.59779574733693,322.394749999512,0.0,MS-HIDE,151,case57,0.01
True,23,0.04,False,20,20,False,0,False,0.47106110574756216,0.32095741710118353,0.5113677755323616,256.84071664582007,345.2496416372015,0.0,MS-HIDE,152,case57,0.01
True,45,0.04,True,1,1,False,45,True,3.8671808797186145e-10,0.0023695424059910247,0.501760506432359,266.3853768957779,335.3630514204269,0.0,MS-HIDE,153,case57,0.01
True,24,-0.04,True,1,1,False,24,True,0.17144160098777836,0.0020725055589873613,0.6648720701158886,271.9189333525719,334.5598211657489,0.0,MS-HIDE,154,case57,0.01
True,22,-0.04,False,20,20,False,0,False,0.46537225419491524,0.3172214090739813,0.5647239430375159,257.0085333951283,315.0575777719496,0.0,MS-HIDE,155,case57,0.01
True,23,0.04,False,20,20,False,0,False,0.43111703259872064,0.33220449215086123,0.5428740670751778,245.5272062041331,303.9051419647876,0.0,MS-HIDE,156,case57,0.01
True,54,0.04,True,1,1,False,54,True,5.219511281831328e-10,0.0019102570987504686,0.6506975891650434,274.6868208923843,350.0775478838478,0.0,MS-HIDE,157,case57,0.01
True,33,-0.04,False,20,20,False,33,True,9.53850379507471e-06,0.014188534087994857,0.44949263887940516,252.70106475800276,314.69061105162837,0.0,MS-HIDE,158,case57,0.01
True,39,-0.04,True,3,3,False,39,True,3.867180879718745e-10,0.0036474741921080083,0.516396185381869,275.0031898089219,331.3223336881493,0.0,MS-HIDE,159,case57,0.01
False,0,0.0,False,20,20,False,0,True,0.4235786089783372,0.3353465283683704,0.5585306275275358,271.4070333458949,328.21015174849896,0.0,MS-HIDE,160,case57,0.01
False,0,0.0,False,20,20,False,0,True,0.4465965161900693,0.31971413599262993,0.5433139134921665,258.63023334823083,322.5903836661019,0.0,MS-HIDE,161,case57,0.01
False,0,0.0,False,20,20,False,0,True,0.47468915883909135,0.3063652318837387,0.559366646592616,257.52471244486514,321.8095815478591,0.0,MS-HIDE,162,case57,0.01
False,0,0.0,False,20,20,False,0,True,0.4567984392056164,0.32569199367519414,0.5419436312139797,250.75535829819273,312.4250830645906,0.0,MS-HIDE,163,case57,0.01
False,0,0.0,False,20,20,False,0,True,0.41196154983659217,0.34098291023992616,0.5234549436089279,263.1814082968049,340.31726494431496,0.0,MS-HIDE,164,case57,0.01
False,0,0.0,False,20,20,False,0,True,0.44003648513484095,0.335539552544751,0.507532572415991,258.41850415745284,327.2780910949223,0.0,MS-HIDE,165,case57,0.01
False,0,0.0,False,20,20,False,0,True,0.4277210458814854,0.3344368830596371,0.5206495065755394,272.17550635978114,327.0853961876128,0.0,MS-HIDE,166,case57,0.01
False,0,0.0,False,20,20,False,0,True,0.470364215687172,0.31730994308497346,0.5356261692301219,261.2845708965324,323.98735272872733,0.0,MS-HIDE,167,case57,0.01
False,0,0.0,False,20,20,False,0,True,0.43465279716906086,0.33056208343197085,0.5297327851781086,262.89898764225654,329.933697899105,0.0,MS-HIDE,168,case57,0.01
False,0,0.0,False,20,20,False,0,True,0.44256869829743845,0.3260575254047389,0.5267937951599699,249.73529595590662,323.2897020905512,0.0,MS-HIDE,169,case57,0.01
False,0,0.0,False,20,20,False,0,True,0.5070014949469103,0.29641991947318264,0.5008472085072888,269.37054569716565,312.28236459428445,0.0,MS-HIDE,170,case57,0.01
False,0,0.0,False,20,20,False,0,True,0.4261043238776407,0.3335355579125658,0.5309931048988915,272.669264455908,327.7998059231322,0.0,MS-HIDE,171,case57,0.01
False,0,0.0,False,20,20,False,0,True,0.41944809341937006,0.33725435174960006,0.5744737623458522,260.5434541939758,332.5002146040788,0.0,MS-HIDE,172,case57,0.01
False,0,0.0,False,20,20,False,0,True,0.4909359710064127,0.31127315839688124,0.5181332231224546,262.3674604023108,344.185068475781,0.0,MS-HIDE,173,case57,0.01
False,0,0.0,False,20,20,False,0,True,0.4450682156349239,0.3306594284920331,0.5474404329960095,264.54072920023464,320.2003211219562,0.0,MS-HIDE,174,case57,0.01
False,0,0.0,False,20,20,False,0,True,0.4236467968481032,0.3312971670959892,0.5812931323242866,256.36142500152346,302.9319999739529,0.0,MS-HIDE,175,case57,0.01
False,0,0.0,False,20,20,False,0,True,0.4603785500148513,0.29085508490061873,0.5299092747885352,261.85961039736867,315.6065068964381,0.0,MS-HIDE,176,case57,0.01
False,0,0.0,False,20,20,False,0,True,0.44404376336423873,0.329394808622722,0.4921111889605159,260.94662484538276,321.4205933792982,0.0,MS-HIDE,177,case57,0.01
False,0,0.0,False,20,20,False,0,True,0.46497196324569334,0.3159276887001458,0.5052261435870836,250.63270415121224,301.665947897709,0.0,MS-HIDE,178,case57,0.01
False,0,0.0,False,20,20,False,0,True,0.43248792270850955,0.3359001487935594,0.5316078673056296,241.90226060745772,333.6297812551493,0.0,MS-HIDE,179,case57,0.01
False,0,0.0,False,20,20,False,0,True,0.42460512280898804,0.3376995644626129,0.5024824159095029,257.0020083512645,320.63636009988846,0.0,MS-HIDE,180,case57,0.01
False,0,0.0,False,20,20,False,0,True,0.4408775740917257,0.32954666225044954,0.530792546818009,243.79188754828647,290.46618606953416,0.0,MS-HIDE,181,case57,0.01
False,0,0.0,False,20,20,False,0,True,0.4653584442267014,0.32180635199685,0.49711200035697634,265.4827313061105,367.009044389124,0.0,MS-HIDE,182,case57,0.01
False,0,0.0,False,20,20,False,0,True,0.4648858673504895,0.31547539312036954,0.5234195947044777,264.8043895576848,321.0388523963048,0.0,MS-HIDE,183,case57,0.01
False,0,0.0,True,11,11,True,0,True,0.4840779157604387,0.31903128272247555,0.5563583395922289,162.2204687591875,230.06937054451555,0.0,MS-HIDE,184,case57,0.01
False,0,0.0,False,20,20,False,0,True,0.5163234336103281,0.20036013999883154,0.4903015219622248,251.2170581438113,299.35190971009433,0.0,MS-HIDE,185,case57,0.01
False,0,0.0,False,20,20,False,0,True,0.43289071794911044,0.32862584937363637,0.5565788716297766,243.54725831362884,303.16418539441656,0.0,MS-HIDE,186,case57,0.01
False,0,0.0,False,20,20,False,0,True,0.4437977739293162,0.33161684711471207,0.4961783155563152,252.06773538666312,307.11930825782474,0.0,MS-HIDE,187,case57,0.01
False,0,0.0,False,20,20,False,0,True,0.45220014020293836,0.33336758453589976,0.5201636435334458,208.54064374580048,294.03935349546373,0.0,MS-HIDE,188,case57,0.01
False,0,0.0,False,20,20,False,0,True,0.45481348465361016,0.3337362583791023,0.5087629875156064,125.12163965438958,177.04554196388926,0.0,MS-HIDE,189,case57,0.01
False,0,0.0,False,20,20,False,0,True,0.4721094206145208,0.30959964700163367,0.533729658834138,252.26055000384807,319.8709000367671,0.0,MS-HIDE,190,case57,0.01
False,0,0.0,False,20,20,False,0,True,0.42471157801243853,0.33454333507729406,0.569218108379945,178.61496255209204,255.36335623182828,0.0,MS-HIDE,191,case57,0.01
False,0,0.0,False,20,20,False,0,True,0.4354557655024205,0.3323452579582597,0.5107117375288691,258.42364174313843,321.77912737824954,0.0,MS-HIDE,192,case57,0.01
False,0,0.0,False,20,20,False,0,True,0.4642876529883401,0.3264619045503776,0.5184410356364012,172.55556856107432,230.16372646961827,0.0,MS-HIDE,193,case57,0.01
False,0,0.0,False,20,20,False,0,True,0.46032384621843614,0.32434130956675017,0.5105576274548469,95.38996665214654,127.252677056822,0.0,MS-HIDE,194,case57,0.01
False,0,0.0,False,20,20,False,0,True,0.4477645770621219,0.3281065327236436,0.5377285542632259,227.42046886705793,280.2023444150109,0.0,MS-HIDE,195,case57,0.01
False,0,0.0,False,20,20,False,0,True,0.42889059970800747,0.33559944260766805,0.546156916036246,130.64203539397568,178.4754690452246,0.0,MS-HIDE,196,case57,0.01
False,0,0.0,False,20,20,False,0,True,0.48511375253433975,0.22697696624890154,0.5152463580219568,242.98324570117984,316.17809345771093,0.0,MS-HIDE,197,case57,0.01
False,0,0.0,False,20,20,False,0,True,0.457163719001461,0.32457471278742694,0.5390048271494667,133.09428965148982,168.10841691622048,0.0,MS-HIDE,198,case57,0.01
False,0,0.0,False,20,20,False,0,True,0.45286041498747337,0.3275496928924685,0.5303604710343549,76.11468115064781,84.87275379884522,0.0,MS-HIDE,199,case57,0.01
True,26,-0.04,True,2,2,False,26,True,0.1714416011036989,0.00861165363209332,0.6946651679887632,2.140708453953266,2.491599734639749,0.0,RHMTD,0,case57,0.01
True,49,-0.04,True,1,1,False,49,True,3.867180879722141e-10,0.003281377041758706,0.7031763863922,3.09323750261683,5.072671116795391,0.0,RHMTD,1,case57,0.01
True,53,-0.04,True,1,1,False,53,True,0.17144160094556185,0.0038227468800116453,0.7061114305861951,4.240181305794977,10.222020815126598,0.0,RHMTD,2,case57,0.01
True,37,0.04,True,1,1,False,37,True,0.1714416009440448,0.0025123811158494387,0.6963739639653085,5.019523002556525,10.792321132612425,0.0,RHMTD,3,case57,0.01
True,46,0.04,True,17,17,False,0,False,0.43733174930649493,0.32960821630805615,0.6946312741064754,4.2162000929238275,8.583041344536468,0.0,RHMTD,4,case57,0.01
True,17,0.04,False,20,20,False,17,True,0.0963424641176704,0.04466210181513056,0.6998393279171573,2.171527099562809,2.571552398148924,0.0,RHMTD,5,case57,0.01
True,24,0.04,True,1,1,False,29,False,0.17144160096374994,0.013931570892921175,0.6929940233908594,3.320620796876028,6.062002427643168,0.0,RHMTD,6,case57,0.01
True,3,0.04,True,3,3,False,3,True,3.8671819781197475e-10,0.005504218492867223,0.6977877947654327,3.391439648112282,5.44541250856128,0.0,RHMTD,7,case57,0.01
True,8,-0.04,True,1,1,False,8,True,3.8671819781197475e-10,0.00033345882170102213,0.7050455676820152,4.242572901421227,9.187125004245903,0.0,RHMTD,8,case57,0.01
True,22,0.04,False,20,20,False,0,False,0.5525372648204315,0.2640262829070227,0.6976274094521628,3.6050498514669016,6.418435412342663,0.0,RHMTD,9,case57,0.01
True,29,-0.04,True,3,3,False,29,True,0.17144160094671976,0.01023752167174569,0.6955706455796734,2.032320891157724,2.4500378203811124,0.0,RHMTD,10,case57,0.01
True,28,-0.04,True,1,1,False,28,True,3.867181428919194e-10,0.00415274446920808,0.6906948533828214,3.458772847079672,6.5546253026695975,0.0,RHMTD,11,case57,0.01
True,8,0.04,True,1,1,False,8,True,3.8671819781197475e-10,0.00048432174357702424,0.6983076530817569,4.0226562559837475,7.743462527287195,0.0,RHMTD,12,case57,0.01
True,28,-0.04,True,1,1,False,28,True,3.867181428919181e-10,0.0011951786331795642,0.6980451085632124,4.090520850149915,9.05682735028677,0.0,RHMTD,13,case57,0.01
True,22,0.04,False,20,20,False,0,False,0.4697075656650588,0.30429006142578235,0.6999195205737923,4.614818742265925,10.217540158191696,0.0,RHMTD,14,case57,0.01
True,26,0.04,True,6,6,False,25,False,0.1714416009440448,0.005583931531383605,0.7029138418736557,2.047562552616,2.4742163281189278,0.0,RHMTD,15,case57,0.01
True,40,-0.04,True,14,14,False,40,True,8.328074443461015e-10,0.012903969525064464,0.6989696876590645,3.216512393555604,5.499308631988242,0.0,RHMTD,16,case57,0.01
True,1,-0.04,False,20,20,False,1,True,0.00013316599367868464,0.03789270770601047,0.6959342983056191,3.853639497538097,7.264734760974535,0.0,RHMTD,17,case57,0.01
True,37,-0.04,True,1,1,False,43,False,0.1714416009440448,0.0030482838595780586,0.6993944315367031,4.352339549222961,8.182864545960916,0.0,RHMTD,18,case57,0.01
True,42,-0.04,True,1,1,False,42,True,3.8671808797186145e-10,0.004456267902095131,0.7018636637994773,5.547970891348086,12.225420857430436,0.0,RHMTD,19,case57,0.01
True,32,0.04,False,20,20,False,0,False,0.41198817501255136,0.3353330862143549,0.7002570270282067,2.0894604007480666,2.5646829803008586,0.0,RHMTD,20,case57,0.01
True,20,0.04,True,1,1,False,19,False,0.1714416009440448,0.002646422470825393,0.7010446605838406,4.792885453207418,9.214790220721635,0.0,RHMTD,21,case57,0.01
True,46,0.04,False,20,20,False,0,False,0.4209556363788681,0.3331121146868769,0.7050455676820151,3.639237390598282,7.415476703317838,0.0,RHMTD,22,case57,0.01
True,42,0.04,True,3,3,False,42,True,3.8671808797186166e-10,0.005703135215905833,0.6967968937971228,3.7196915422100574,7.040317275095734,0.0,RHMTD,23,case57,0.01
True,56,-0.04,True,1,1,False,56,True,0.1714416009440448,0.015685256922112645,0.7034389309107447,3.6276687489589676,6.81443301436957,0.0,RHMTD,24,case57,0.01
True,53,0.04,True,1,1,False,53,True,0.1714416009440448,0.0034826215033759316,0.6932174433063512,4.6023312519537285,9.37790899770335,0.0,RHMTD,25,case57,0.01
True,48,0.04,True,2,2,False,48,True,3.8671808797186145e-10,0.0050234038901803115,0.6994537086425714,4.3598916119663045,12.427700031548738,0.0,RHMTD,26,case57,0.01
True,24,-0.04,True,4,4,False,24,True,0.171441601223168,0.006552376491182677,0.6989286196054825,3.8595039950450882,10.13033681374509,0.0,RHMTD,27,case57,0.01
True,20,0.04,True,1,1,False,20,True,0.1714416009440448,0.002218309889431022,0.7001977499223384,3.2222353998804465,3.837583688437011,0.0,RHMTD,28,case57,0.01
True,34,-0.04,True,2,2,False,34,True,3.867180605147919e-10,0.012075042128802217,0.6985911131510678,9.691960498457775,44.12972949503458,0.0,RHMTD,29,case57,0.01
True,11,-0.04,True,1,1,False,11,True,3.8671819781197475e-10,0.0007519078100424372,0.7015854344509314,5.562837608158588,19.555131215020097,0.0,RHMTD,30,case57,0.01
True,38,0.04,True,4,4,False,38,True,0.17144160094404476,0.016301881786840475,0.697600212182758,5.377652164315805,17.127885116497055,0.0,RHMTD,31,case57,0.01
True,32,0.04,False,20,20,False,0,False,0.44621436316934854,0.32605971814697243,0.6909906030593058,4.509933301596902,10.08203928067815,0.0,RHMTD,32,case57,0.01
True,15,-0.04,False,20,20,False,0,False,0.42203445398062417,0.32739132091313305,0.701060345413842,3.7312104483135045,9.216630892478863,0.0,RHMTD,33,case57,0.01
True,36,0.04,True,1,1,False,36,True,3.8671808797186145e-10,0.0014191996864771964,0.7026512973551109,4.1113228449830785,9.84294936351944,0.0,RHMTD,34,case57,0.01
True,26,0.04,True,2,2,False,25,False,0.1714416009440448,0.004497943165650443,0.6970594383156674,3.759416803950444,7.57460623572115,0.0,RHMTD,35,case57,0.01
True,28,0.04,True,1,1,False,28,True,3.867181428919181e-10,0.0032984013201675486,0.7058488860676505,3.9760229439707473,10.742468704120256,0.0,RHMTD,36,case57,0.01
True,3,0.04,True,1,1,False,3,True,3.8671817035200247e-10,0.00379889617110106,0.6956508382363082,3.749970899662003,7.697743395692676,0.0,RHMTD,37,case57,0.01
True,6,0.04,True,1,1,False,6,True,3.867181978119748e-10,0.005854215555235341,0.6988536576696125,4.27672500081826,10.516335451393388,0.0,RHMTD,38,case57,0.01
True,51,-0.04,False,20,20,False,51,True,3.8671808797355976e-10,0.012065364435849218,0.695650838236308,4.48940220521763,10.975949958083223,0.0,RHMTD,39,case57,0.01
True,17,0.04,True,9,9,False,17,True,0.010102875612706171,0.028329465017252094,0.7026512973551109,4.476700103259645,8.68466109968722,0.0,RHMTD,40,case57,0.01
True,49,-0.04,True,1,1,False,49,True,3.867180879718678e-10,0.0032466926670628566,0.6962971879836142,4.0585332055343315,10.768551769433545,0.0,RHMTD,41,case57,0.01
True,19,-0.04,True,1,1,False,20,False,0.1714416009440448,0.002165228937176241,0.7013228899323865,3.496977046597749,7.552468715584837,0.0,RHMTD,42,case57,0.01
True,31,0.04,True,1,1,False,31,True,0.06054970480114908,0.0045634479253937104,0.6991109714673922,3.4971083485288545,5.460408629733143,0.0,RHMTD,43,case57,0.01
True,55,0.04,True,1,1,False,55,True,3.8671808797186145e-10,0.000909979385986072,0.7012479279965167,5.774935500812717,21.93193574785255,0.0,RHMTD,44,case57,0.01
True,2,0.04,True,1,1,False,2,True,3.8671819781197475e-10,0.004189507288593304,0.7005195715467514,3.665862450725399,6.1082454747520405,0.0,RHMTD,45,case57,0.01
True,34,-0.04,True,1,1,False,34,True,3.867180879718616e-10,0.003461424297709731,0.7009853834779722,4.330752301029861,8.660860770032741,0.0,RHMTD,46,case57,0.01
True,14,-0.04,True,1,1,False,14,True,3.8671819781197475e-10,0.001323266488640775,0.6966626547553845,3.4501999471103773,5.20006697624922,0.0,RHMTD,47,case57,0.01
True,1,0.04,False,20,20,False,1,True,0.0010627934832749201,0.04083454419096699,0.7028388799377856,3.5591708961874247,6.6040378384059295,0.0,RHMTD,48,case57,0.01
True,34,-0.04,True,1,1,False,34,True,3.86718087971872e-10,0.004792429906124248,0.7002570270282068,3.3412814053008333,5.6651723076356575,0.0,RHMTD,49,case57,0.01
True,40,-0.04,False,20,20,False,40,True,3.867180879722365e-10,0.009140534772384502,0.6980451085632122,8.054449950577691,15.544632967794367,0.0,RHMTD,50,case57,0.01
True,27,-0.04,True,1,1,False,27,True,3.867181428919181e-10,0.0020455978953501388,0.6993735159859367,4.540510606602766,10.617231240030387,0.0,RHMTD,51,case57,0.01
True,44,-0.04,True,9,9,False,44,True,5.806252302776683e-10,0.019624376056454652,0.7029138418736556,5.13337729498744,13.26079200371169,0.0,RHMTD,52,case57,0.01
True,1,0.04,False,20,20,False,1,True,0.012749620907804033,0.046620286802406985,0.7029138418736556,4.096981353359297,8.013307978399103,0.0,RHMTD,53,case57,0.01
True,20,-0.04,True,1,1,False,19,False,0.17144160094569888,0.0030112691647668686,0.702651297355111,3.600718651432544,3.994269092800105,0.0,RHMTD,54,case57,0.01
True,41,-0.04,True,1,1,False,41,True,3.8671808797186145e-10,0.0006444644135611347,0.7007978008952975,3.344891546294093,6.279120207182133,0.0,RHMTD,55,case57,0.01
True,25,0.04,True,4,4,False,26,False,0.1714416009440448,0.013396965688027626,0.7047830231634706,5.204587694606744,13.45299970125781,0.0,RHMTD,56,case57,0.01
True,33,0.04,False,20,20,False,29,False,0.40140367576010366,0.029082588058391968,0.7029138418736556,3.2666604995029047,4.887494031572715,0.0,RHMTD,57,case57,0.01
True,42,-0.04,True,2,2,False,42,True,3.8671808797186145e-10,0.008736519095856725,0.6994537086425716,4.583575006108731,9.687285131076353,0.0,RHMTD,58,case57,0.01
True,21,0.04,False,20,20,False,0,False,0.44328093198707114,0.32435050790900416,0.7085057009130991,3.969672802486457,7.852533625555227,0.0,RHMTD,59,case57,0.01
True,36,-0.04,True,1,1,False,36,True,3.867181154318936e-10,0.002500340267743316,0.7045047938149245,3.783231304259971,6.285029472201136,0.0,RHMTD,60,case57,0.01
True,46,0.04,False,20,20,False,0,False,0.4529430793416925,0.3202958730341349,0.6990360095315222,3.348170846584253,3.999414923600857,0.0,RHMTD,61,case57,0.01
True,56,0.04,True,7,7,False,38,False,0.17144160095814295,0.01714084587565532,0.6942683844284803,4.9749665427953005,12.443846443784425,0.0,RHMTD,62,case57,0.01
True,8,-0.04,True,1,1,False,8,True,3.8671819781197475e-10,0.00048768484218572296,0.7007821160652958,5.031548006809317,9.55940419516993,0.0,RHMTD,63,case57,0.01
True,2,0.04,True,1,1,False,2,True,3.8671819781197475e-10,0.002697599377667113,0.6916909991917157,7.365991800907068,37.11744793108665,0.0,RHMTD,64,case57,0.01
True,43,0.04,True,1,1,False,37,False,0.1714416009440448,0.003075060993453365,0.6961759272733972,3.584993749973364,5.45344727870543,0.0,RHMTD,65,case57,0.01
True,11,0.04,True,1,1,False,11,True,3.8671819781197475e-10,0.0007549391434555541,0.6943224308135836,4.757514543598518,8.998691622400674,0.0,RHMTD,66,case57,0.01
True,7,0.04,False,20,20,False,7,True,5.028533724899651e-06,0.017625488076428473,0.7029138418736556,4.729481253889389,6.691987803787946,0.0,RHMTD,67,case57,0.01
True,7,-0.04,False,20,20,False,7,True,3.8991448572606727e-10,0.017211747670243936,0.7020303308313853,3.495027107419446,8.581568789668381,0.0,RHMTD,68,case57,0.01
True,51,-0.04,True,5,5,False,51,True,3.8671806051933493e-10,0.012579756742113028,0.6956508382363082,4.831902147270739,7.927989927702604,0.0,RHMTD,69,case57,0.01
True,12,-0.04,True,1,1,False,12,True,3.8671819781197475e-10,0.00017715035484214208,0.6966417392046179,4.6832187625113875,10.01741818035953,0.0,RHMTD,70,case57,0.01
True,17,-0.04,True,8,8,False,18,False,0.12961366033322422,0.011847929589866937,0.6989286196054825,5.820922990096733,8.269206879776936,0.0,RHMTD,71,case57,0.01
True,35,0.04,True,1,1,False,35,True,3.867180879719831e-10,0.0027807177397786266,0.696716701140488,3.587404251447879,4.108537474530759,0.0,RHMTD,72,case57,0.01
True,37,0.04,True,1,1,False,37,True,0.1714416009440448,0.0030476406334949465,0.7002570270282069,3.75929580477532,7.276006211759525,0.0,RHMTD,73,case57,0.01
True,11,0.04,True,1,1,False,11,True,3.8671819781197475e-10,0.0006343916925124052,0.6961759272733974,4.002835450228304,8.1195541570196,0.0,RHMTD,74,case57,0.01
True,43,-0.04,True,1,1,False,37,False,0.1714416009440448,0.002484189101779918,0.6976002121827581,3.992787553579546,7.728751789545641,0.0,RHMTD,75,case57,0.01
True,39,0.04,True,7,7,False,39,True,3.8671808797186197e-10,0.008465075337879253,0.6964052666340019,4.529781301971525,10.772652085870506,0.0,RHMTD,76,case57,0.01
True,41,-0.04,True,1,1,False,41,True,3.8671808797186306e-10,0.0007015276598169328,0.6945517701741885,4.503610395477153,11.169734803843314,0.0,RHMTD,77,case57,0.01
True,11,-0.04,True,1,1,False,11,True,3.8671819781197475e-10,0.0007444192512089295,0.6901488487949661,4.311787654296495,9.556895875721246,0.0,RHMTD,78,case57,0.01
True,24,0.04,True,3,3,False,24,True,0.1714416009440448,0.0027632957737087327,0.7010603454138419,3.7478813028428704,9.059143406921066,0.0,RHMTD,79,case57,0.01
True,26,-0.04,True,4,4,False,26,True,0.1714416009440448,0.004647520314067025,0.7002570270282069,3.451783346827142,6.695766371558423,0.0,RHMTD,80,case57,0.01
True,37,0.04,True,1,1,False,37,True,0.1714416009440448,0.003050991714271013,0.7023887528365664,4.976395799894817,10.307512496365247,0.0,RHMTD,81,case57,0.01
True,26,-0.04,True,1,1,False,26,True,0.1714416009440448,0.00493291936660401,0.6910446494444095,3.292087439331226,4.465933059691456,0.0,RHMTD,82,case57,0.01
True,20,-0.04,True,1,1,False,19,False,0.1714416009440448,0.0022119370141909086,0.7037171602592909,3.3587041922146454,5.494591966271401,0.0,RHMTD,83,case57,0.01
True,54,0.04,True,1,1,False,54,True,3.8671808797186145e-10,0.002513881460439988,0.7021105234880205,4.9219270556932315,11.428625311236841,0.0,RHMTD,84,case57,0.01
True,31,0.04,True,1,1,False,31,True,0.03333492015406139,0.005060684683135394,0.7037171602592907,3.58099999721162,8.1086746591609,0.0,RHMTD,85,case57,0.01
True,28,0.04,True,1,1,False,28,True,3.867181428919181e-10,0.0010892287081273853,0.696716701140488,4.036916699260473,9.676021157065412,0.0,RHMTD,86,case57,0.01
True,26,-0.04,True,1,1,False,25,False,0.1714416009440448,0.00479289266707891,0.6989286196054824,3.7038022914202884,6.031766725936909,0.0,RHMTD,87,case57,0.01
True,17,-0.04,True,11,11,False,17,True,0.16102450659082904,0.03210814152834916,0.6932617986301688,3.4824126574676484,6.224583342554983,0.0,RHMTD,88,case57,0.01
True,55,-0.04,True,1,1,False,55,True,3.8671808797186145e-10,0.0009827130280797,0.7010446605838405,2.980500101693906,3.727758341119625,0.0,RHMTD,89,case57,0.01
True,11,0.04,True,1,1,False,11,True,3.8671819781197475e-10,0.00033090370700178504,0.7032174544457823,5.080289545003325,11.756869041710166,0.0,RHMTD,90,case57,0.01
True,48,-0.04,True,1,1,False,48,True,3.8671808797186145e-10,0.005190688936746467,0.6970751231456689,4.65608345111832,10.713586834026502,0.0,RHMTD,91,case57,0.01
True,50,-0.04,True,2,2,False,50,True,3.867180879718616e-10,0.0032428842784969747,0.701060345413842,4.637993848882616,9.400018467567863,0.0,RHMTD,92,case57,0.01
True,53,-0.04,True,2,2,False,52,False,0.17144160094656336,0.003025802973397828,0.7018479789694758,4.163756247726269,10.61066902184394,0.0,RHMTD,93,case57,0.01
True,43,0.04,True,1,1,False,37,False,0.1714416009440448,0.0030274762239694457,0.697600212182758,3.9467081427574153,8.136439547524787,0.0,RHMTD,94,case57,0.01
True,40,-0.04,True,4,4,False,40,True,3.8671808797202167e-10,0.008930250048495325,0.6975043346961217,4.644281303626485,14.81923540122808,0.0,RHMTD,95,case57,0.01
True,10,-0.04,True,1,1,False,10,True,3.8671819781197475e-10,0.0013617505397178896,0.702051246382152,3.4199250425444916,4.953578839194967,0.0,RHMTD,96,case57,0.01
True,14,0.04,True,2,2,False,14,True,3.8671819781209537e-10,0.004573866699459372,0.6994537086425714,3.546683202148415,7.566727028461174,0.0,RHMTD,97,case57,0.01
True,53,-0.04,True,2,2,False,52,False,0.17144160094662061,0.006848354508485411,0.7007821160652961,3.789349994622171,6.916307989740745,0.0,RHMTD,98,case57,0.01
True,49,-0.04,True,3,3,False,49,True,3.8671806051189315e-10,0.003578470073416872,0.6983285686325233,4.510579211637378,10.251369027537304,0.0,RHMTD,99,case57,0.01
True,56,0.04,True,13,13,False,38,False,0.17144160097333805,0.01608174056987891,0.7013228899323868,3.529848001198843,5.259642325108874,0.0,RHMTD,100,case57,0.01
True,17,-0.04,True,12,12,False,17,True,0.1713273965115745,0.01235019847191203,0.7047830231634707,3.4271727490704507,3.9524851483292944,0.0,RHMTD,101,case57,0.01
True,12,0.04,True,1,1,False,12,True,3.8671819781197475e-10,0.00017723885031653978,0.7015854344509311,3.375908502493985,5.983685477986002,0.0,RHMTD,102,case57,0.01
True,48,-0.04,True,2,2,False,48,True,3.8671808797186145e-10,0.006132808596079809,0.6982536066966536,3.194108308525756,5.054387525888161,0.0,RHMTD,103,case57,0.01
True,31,0.04,True,3,3,False,31,True,0.028113243669896572,0.004544924341758429,0.7021262083180217,5.335979087976739,10.137368718278609,0.0,RHMTD,104,case57,0.01
True,31,0.04,True,2,2,False,30,False,0.1657387933935579,0.004562369160577248,0.7001820650923368,4.193510499317199,9.28514375409577,0.0,RHMTD,105,case57,0.01
True,41,-0.04,True,1,1,False,41,True,3.867180605118366e-10,0.0006805799868046133,0.7012479279965167,5.463329204940237,13.662649985053584,0.0,RHMTD,106,case57,0.01
True,16,-0.04,False,20,20,False,16,True,0.18454068109323712,0.11762656888448532,0.6963791946860736,4.618208351894282,11.802772921510043,0.0,RHMTD,107,case57,0.01
True,20,0.04,True,1,1,False,20,True,0.1714416009440448,0.005847474151277293,0.6984289137919739,4.353368759620935,9.722662882995794,0.0,RHMTD,108,case57,0.01
True,50,0.04,True,2,2,False,50,True,4.653306829834491e-10,0.006351213572557844,0.6965597325021589,4.260622744914144,8.858672602218578,0.0,RHMTD,109,case57,0.01
True,17,0.04,True,7,7,False,17,True,0.17138488083392056,0.02059593655266933,0.6989286196054825,5.04529585596174,10.711447303765471,0.0,RHMTD,110,case57,0.01
True,41,0.04,True,1,1,False,41,True,3.867180605118362e-10,0.0020696297214996768,0.6960092602414891,3.3103104447945952,5.549731242354031,0.0,RHMTD,111,case57,0.01
True,15,0.04,False,20,20,False,0,False,0.4301294634119879,0.2817647171136603,0.6985911131510678,4.86541039426811,11.45084371673875,0.0,RHMTD,112,case57,0.01
True,12,-0.04,True,1,1,False,12,True,3.8671819781197475e-10,0.00017729311171765216,0.6923939724179001,3.956335294060409,9.819534752750775,0.0,RHMTD,113,case57,0.01
True,33,-0.04,False,20,20,False,33,True,0.004856073376292805,0.05803945085492845,0.6959935754114877,4.396358443773352,10.496097581926735,0.0,RHMTD,114,case57,0.01
True,8,0.04,True,1,1,False,8,True,3.8671819781197475e-10,0.0004876848421639067,0.7004446096108814,3.1743750034365803,4.38352949859109,0.0,RHMTD,115,case57,0.01
True,16,-0.04,False,20,20,False,16,True,0.36494957498992636,0.18083980872015737,0.6924420852380717,3.958845802117139,11.599724696134219,0.0,RHMTD,116,case57,0.01
True,46,-0.04,False,20,20,False,0,False,0.508332106844248,0.2980564696491725,0.6980451085632124,3.3432500524213538,4.3103660282213285,0.0,RHMTD,117,case57,0.01
True,8,-0.04,True,1,1,False,8,True,3.8671819781197475e-10,0.0006192385518653159,0.7063739751047395,2.994348047650419,3.49434166273568,0.0,RHMTD,118,case57,0.01
True,20,0.04,True,1,1,False,19,False,0.1714416009440448,0.009002855629634756,0.6999944825096623,4.312758499872871,11.836114336620092,0.0,RHMTD,119,case57,0.01
True,52,-0.04,True,1,1,False,53,False,0.1714416009440448,0.00397344783628225,0.6917388836874303,3.5314602486323565,7.954641347168945,0.0,RHMTD,120,case57,0.01
True,9,-0.04,True,9,9,False,9,True,3.8671817035195113e-10,0.010090378655776309,0.7077023825274638,6.72833334247116,13.062748246011365,0.0,RHMTD,121,case57,0.01
True,21,0.04,False,20,20,False,0,False,0.4280122845738474,0.3315887640515958,0.6996360605044811,3.6362750484840944,7.580073515418919,0.0,RHMTD,122,case57,0.01
True,43,0.04,True,1,1,False,43,True,0.1714416009440448,0.003168250659373691,0.693256567909404,4.132670795661397,10.183785407571124,0.0,RHMTD,123,case57,0.01
True,18,-0.04,True,9,9,False,18,True,0.14964585475686212,0.055064478932076895,0.6967219318612528,6.202466652030125,6.623032974312128,0.0,RHMTD,124,case57,0.01
True,38,-0.04,True,18,18,False,38,True,0.1714416009440448,0.014155125138810967,0.7012479279965167,3.892833454301581,9.366020586458038,0.0,RHMTD,125,case57,0.01
True,47,-0.04,False,20,20,False,0,False,0.47210890903892744,0.31370516317830366,0.7071772934903748,3.9570375025505204,9.839025296969341,0.0,RHMTD,126,case57,0.01
True,51,-0.04,True,2,2,False,51,True,4.469988543662207e-06,0.010669003097684893,0.6970001612097991,3.7260645942296833,7.522137818159536,0.0,RHMTD,127,case57,0.01
True,23,0.04,True,0,0,False,0,False,0.5169889001095506,0.2677085834057466,0.6991911641240269,4.18910424632486,8.479761818307452,0.0,RHMTD,128,case57,0.01
True,40,0.04,True,3,3,False,40,True,3.9426084584683544e-10,0.010862587979873495,0.7005195715467513,4.397960306960158,8.645723282825214,0.0,RHMTD,129,case57,0.01
True,20,-0.04,True,2,2,False,20,True,0.1714416009483766,0.0026276173635865104,0.700535256376753,4.395764690707438,7.208604208426565,0.0,RHMTD,130,case57,0.01
True,51,-0.04,False,20,20,False,51,True,3.339675652596685e-09,0.011461610806261012,0.70424224929638,6.130079203285277,11.490658397087856,0.0,RHMTD,131,case57,0.01
True,26,0.04,True,1,1,False,26,True,0.1714416009440448,0.004761137619039936,0.6945849753321284,3.1530084961559623,5.225752139813267,0.0,RHMTD,132,case57,0.01
True,43,-0.04,True,1,1,False,37,False,0.1714416009440448,0.0030517587927796257,0.7039797047778353,4.317881105816923,13.336645465460611,0.0,RHMTD,133,case57,0.01
True,54,-0.04,True,1,1,False,54,True,3.9427385976145585e-10,0.009380733687121133,0.6998393279171574,3.2497458421858028,5.472372591611929,0.0,RHMTD,134,case57,0.01
True,32,0.04,False,20,20,False,0,False,0.4303905734793562,0.32982393930394327,0.7039797047778353,3.6024437576998025,5.745283042779194,0.0,RHMTD,135,case57,0.01
True,47,0.04,False,20,20,False,0,False,0.4769204634841312,0.3091897975285039,0.6986660750869378,3.2681103504728526,3.6807499971473634,0.0,RHMTD,136,case57,0.01
True,51,0.04,True,2,2,False,51,True,5.217612708792355e-05,0.010527051341118653,0.7031920712222017,3.413808305049315,5.557554500410337,0.0,RHMTD,137,case57,0.01
True,53,0.04,True,2,2,False,52,False,0.17144160094438968,0.0036190135511187547,0.70424224929638,4.620062452158891,8.170038927346482,0.0,RHMTD,138,case57,0.01
True,54,0.04,True,2,2,False,54,True,3.8671808797287635e-10,0.013070265946744838,0.7002570270282069,3.6712477973196656,9.750038071069868,0.0,RHMTD,139,case57,0.01
True,20,0.04,True,1,1,False,20,True,0.1714416009440448,0.002305556316460217,0.7001820650923369,3.09650634881109,3.542687796289103,0.0,RHMTD,140,case57,0.01
True,52,0.04,True,1,1,False,52,True,0.1714416009480723,0.003089055252384883,0.6972574750075787,4.8170354013564065,10.793853498762482,0.0,RHMTD,141,case57,0.01
True,10,0.04,True,1,1,False,10,True,3.8671819781197475e-10,0.0014014514041661343,0.70424224929638,5.275497891125269,11.633329803589733,0.0,RHMTD,142,case57,0.01
True,12,-0.04,True,1,1,False,12,True,3.8671819781197475e-10,0.0001772387363655586,0.7037171602592909,5.631977156735957,12.380394042702413,0.0,RHMTD,143,case57,0.01
True,10,0.04,True,1,1,False,10,True,3.8671819781197475e-10,0.0014053777909133996,0.6922526886095728,5.556441607768647,17.093369018402882,0.0,RHMTD,144,case57,0.01
True,11,-0.04,True,1,1,False,11,True,3.8671819781197475e-10,0.000744420890290774,0.6947062360423455,6.443793795187958,20.470138147356945,0.0,RHMTD,145,case57,0.01
True,25,-0.04,True,2,2,False,25,True,0.17144160094404481,0.0064949744113144674,0.7015854344509311,4.282587344641797,10.089924972271548,0.0,RHMTD,146,case57,0.01
True,36,0.04,True,1,1,False,36,True,3.8671808797186145e-10,0.001316013326092159,0.6993194696008332,4.647202053456567,11.197214247658849,0.0,RHMTD,147,case57,0.01
True,44,-0.04,True,14,14,False,44,True,3.867180879721126e-10,0.006201724867085892,0.6991911641240269,3.8363812025636435,5.741010399651722,0.0,RHMTD,148,case57,0.01
True,24,0.04,True,4,4,False,29,False,0.17144160110250917,0.0066157357348978,0.7005195715467514,4.079114651540294,9.434468779363671,0.0,RHMTD,149,case57,0.01
True,3,0.04,True,2,2,False,3,True,3.867181978120289e-10,0.007005206150950978,0.7007228389594276,6.823241649544798,13.471714252955307,0.0,RHMTD,150,case57,0.01
True,42,0.04,True,2,2,False,42,True,3.8671808797186145e-10,0.004184229159580146,0.6962971879836142,4.44541665201541,9.018799968180247,0.0,RHMTD,151,case57,0.01
True,23,0.04,False,20,20,False,0,False,0.44130810892710537,0.32707129597317375,0.6959342983056193,4.1807771573076025,13.171954138670117,0.0,RHMTD,152,case57,0.01
True,45,0.04,True,1,1,False,45,True,3.8671808797186145e-10,0.003047388248575836,0.7026512973551109,3.3177376026287675,3.6941750004189147,0.0,RHMTD,153,case57,0.01
True,24,-0.04,True,1,1,False,29,False,0.1714416009440448,0.005281803154378995,0.6961968428241637,3.361987243988551,6.21630567184184,0.0,RHMTD,154,case57,0.01
True,22,-0.04,False,20,20,False,0,False,0.5029572931449368,0.3047655422488381,0.7033587382541098,3.6668333981651813,10.627060747356156,0.0,RHMTD,155,case57,0.01
True,23,0.04,False,20,20,False,0,False,0.40860583230789704,0.3373475483576653,0.7005195715467514,5.0117936509195715,12.037535381386995,0.0,RHMTD,156,case57,0.01
True,54,0.04,True,1,1,False,54,True,3.867180879720918e-10,0.001971276766829064,0.6990360095315222,3.814458253327757,6.916314631234857,0.0,RHMTD,157,case57,0.01
True,33,-0.04,False,20,20,False,0,False,0.5495244610752331,0.24811094783880835,0.7031763863922001,5.862470698775724,21.56751701550093,0.0,RHMTD,158,case57,0.01
True,39,-0.04,True,8,8,False,39,True,3.8671808797188777e-10,0.007655196428708702,0.7021262083180217,3.188941505504772,4.753218442783692,0.0,RHMTD,159,case57,0.01
False,0,0.0,False,20,20,False,0,True,0.4165851672870302,0.33340250877857136,0.70424224929638,3.217289550229907,4.93087770882994,0.0,RHMTD,160,case57,0.01
False,0,0.0,False,20,20,False,0,True,0.41624734385870366,0.3354200985512378,0.6948091582955711,4.008527140831575,8.629044060944581,0.0,RHMTD,161,case57,0.01
False,0,0.0,False,20,20,False,0,True,0.4401494871585328,0.325982947315986,0.6963739639653085,4.531873101950623,9.823946500546313,0.0,RHMTD,162,case57,0.01
False,0,0.0,False,20,20,False,0,True,0.4578527512087675,0.28779102315339666,0.6935601804815307,3.942389704752714,8.88417979876977,0.0,RHMTD,163,case57,0.01
False,0,0.0,False,20,20,False,0,True,0.46904336371811167,0.27275127801204513,0.6885370556265333,3.5236627067206427,5.434143752790994,0.0,RHMTD,164,case57,0.01
False,0,0.0,False,20,20,False,0,True,0.5185700129245837,0.28480982170030755,0.6927568620958954,5.660995899233967,10.649541625753072,0.0,RHMTD,165,case57,0.01
False,0,0.0,False,20,20,False,0,True,0.44421100028378757,0.3248225111375163,0.7037171602592909,3.6023540946189314,6.4316580130253,0.0,RHMTD,166,case57,0.01
False,0,0.0,False,20,20,False,0,True,0.42770020602765446,0.33097507889763367,0.6991911641240272,6.140337386750616,10.580064525129302,0.0,RHMTD,167,case57,0.01
False,0,0.0,False,20,20,False,0,True,0.4781042286252152,0.307613013955518,0.6936403731381655,4.129585440387018,8.527171128662307,0.0,RHMTD,168,case57,0.01
False,0,0.0,False,20,20,False,0,True,0.43852555776486923,0.3278520201235959,0.7018479789694758,3.5971667093690485,5.865381905459802,0.0,RHMTD,169,case57,0.01
False,0,0.0,False,20,20,False,0,True,0.49002248717447144,0.2967933857166716,0.7042579341263815,6.342862598830834,23.69069161359221,0.0,RHMTD,170,case57,0.01
False,0,0.0,False,20,20,False,0,True,0.4509717192979708,0.32337270975067106,0.6890804831206139,3.765206295065582,6.662920466624205,0.0,RHMTD,171,case57,0.01
False,0,0.0,False,20,20,False,0,True,0.5062410318804895,0.3010441155797179,0.6972026655745243,4.7830542956944555,5.358706263359664,0.0,RHMTD,172,case57,0.01
False,0,0.0,False,20,20,False,0,True,0.5016371010964915,0.29441505635367504,0.7047830231634707,4.257493742625229,9.21188960201107,0.0,RHMTD,173,case57,0.01
False,0,0.0,False,20,20,False,0,True,0.428597318292757,0.32986458803312957,0.7047830231634705,4.419674939708784,12.474756219307894,0.0,RHMTD,174,case57,0.01
False,0,0.0,False,20,20,False,0,True,0.4738767739944108,0.30572210430877894,0.7047080612276005,3.4334563912125304,4.507608612766494,0.0,RHMTD,175,case57,0.01
False,0,0.0,False,20,20,False,0,True,0.4322988362491771,0.3293077250047441,0.7023730680065647,4.744383398792706,11.839755889377559,0.0,RHMTD,176,case57,0.01
False,0,0.0,False,20,20,False,0,True,0.455175689445152,0.32027430019319775,0.6956971370106553,5.133410493726842,12.012480924022393,0.0,RHMTD,177,case57,0.01
False,0,0.0,False,20,20,False,0,True,0.4094436963037286,0.3373556305663532,0.6929138307342245,3.493158202036284,4.761881541344343,0.0,RHMTD,178,case57,0.01
False,0,0.0,False,20,20,False,0,True,0.4494096629310762,0.3191727846933998,0.7034546157407462,3.4431103529641405,7.062139903428033,0.0,RHMTD,179,case57,0.01
False,0,0.0,False,20,20,False,0,True,0.41500939615716576,0.33493219401660407,0.6993735159859366,3.688283296651207,6.989512513973752,0.0,RHMTD,180,case57,0.01
False,0,0.0,False,20,20,False,0,True,0.4401700367877226,0.32808100367418214,0.695772098946525,4.948160354979336,12.036289562820462,0.0,RHMTD,181,case57,0.01
False,0,0.0,False,20,20,False,0,True,0.43729442204582286,0.32891801883462385,0.6977825640446678,2.9592041537398472,3.2714590168325235,0.0,RHMTD,182,case57,0.01
False,0,0.0,False,20,20,False,0,True,0.5477278671169209,0.2744363309783705,0.7034389309107447,4.193962551653385,10.34412289154716,0.0,RHMTD,183,case57,0.01
False,0,0.0,True,11,11,True,0,True,0.44062194794455695,0.32683902621581384,0.7074398380089193,3.7813063943758607,7.275269040837888,0.0,RHMTD,184,case57,0.01
False,0,0.0,False,20,20,False,0,True,0.5148264736789694,0.21773261233309815,0.6915104613756301,4.2363979533547536,9.053089257213292,0.0,RHMTD,185,case57,0.01
False,0,0.0,False,20,20,False,0,True,0.4079763772977568,0.33818474691929673,0.6961968428241638,4.350441764108837,8.745961941895075,0.0,RHMTD,186,case57,0.01
False,0,0.0,False,20,20,False,0,True,0.4632187468987245,0.3119442001339374,0.6929601295085716,4.534527100622654,10.888443450676283,0.0,RHMTD,187,case57,0.01
False,0,0.0,False,20,20,False,0,True,0.45706863177604024,0.30463508621987906,0.691111863769523,3.2890813512494788,4.326416394906119,0.0,RHMTD,188,case57,0.01
False,0,0.0,False,20,20,False,0,True,0.45803648201037145,0.31632440358302816,0.7039797047778353,2.7815875015221536,3.1843583419686183,0.0,RHMTD,189,case57,0.01
False,0,0.0,False,20,20,False,0,True,0.45133596160856043,0.32315994620798816,0.6994537086425716,4.307450100895949,10.486665234202519,0.0,RHMTD,190,case57,0.01
False,0,0.0,False,20,20,False,0,True,0.48562817591636065,0.29078503158373936,0.6999944825096621,4.0258542489027604,7.160106263472701,0.0,RHMTD,191,case57,0.01
False,0,0.0,False,20,20,False,0,True,0.4391158520094208,0.326980812530856,0.7012479279965167,2.894245708012022,3.3246997161768377,0.0,RHMTD,192,case57,0.01
False,0,0.0,False,20,20,False,25,False,0.47868195502497,0.1437436979464838,0.6958541056489842,3.803541761590168,8.194986902526582,0.0,RHMTD,193,case57,0.01
False,0,0.0,False,20,20,False,0,True,0.47659134580660073,0.2971284307592055,0.7007821160652961,2.8930251428391784,3.3801812387537216,0.0,RHMTD,194,case57,0.01
False,0,0.0,False,20,20,False,0,True,0.45108837761837406,0.31802348838763905,0.6991911641240269,4.394120696815662,11.33149550587405,0.0,RHMTD,195,case57,0.01
False,0,0.0,False,20,20,False,0,True,0.42467831258384836,0.3336007224561581,0.6953882937177636,2.934706347878091,3.276046412065626,0.0,RHMTD,196,case57,0.01
False,0,0.0,False,20,20,False,0,True,0.45018774249270016,0.3222790082280713,0.6999944825096622,2.6996374945156276,3.0194205523002893,0.0,RHMTD,197,case57,0.01
False,0,0.0,False,20,20,False,0,True,0.4573459902892705,0.3211664114282191,0.7023887528365664,2.8481854969868436,3.145651752129197,0.0,RHMTD,198,case57,0.01
False,0,0.0,False,20,20,False,15,False,0.1368654930639736,0.16438716314076346,0.701060345413842,2.707260361057706,3.052962155197747,0.0,RHMTD,199,case57,0.01
True,26,-0.04,True,1,1,False,26,True,0.21896364038601546,0.005105381528689467,0.4948417944683423,23.503768851514906,28.990572615293786,0.0,Robust-MTD,0,case57,0.01
True,49,-0.04,True,1,1,False,50,False,0.22625818394686262,0.007017021732549179,0.4948417944683423,33.43236679502297,61.66656073182823,0.0,Robust-MTD,1,case57,0.01
True,53,-0.04,True,1,1,False,51,False,0.2490101552588445,0.005826936153187085,0.4948417944683423,20.907276996877044,32.46961007534993,0.0,Robust-MTD,2,case57,0.01
True,37,0.04,True,1,1,False,44,False,0.19888654945551734,0.0032062744039835873,0.4948417944683423,25.258985502296127,33.3058124728268,0.0,Robust-MTD,3,case57,0.01
True,46,0.04,True,17,17,False,0,False,0.5473360185149716,0.35354028292667666,0.4948417944683423,27.502722752979025,40.745393774705015,0.0,Robust-MTD,4,case57,0.01
True,17,0.04,True,3,3,False,18,False,0.22066964807278625,0.006981552477588396,0.4948417944683423,24.64419159514364,30.069123173598207,0.0,Robust-MTD,5,case57,0.01
True,24,0.04,True,5,5,False,24,True,0.32420934936097934,0.014451869099186767,0.4948417944683423,28.04230199835729,41.8224163237028,0.0,Robust-MTD,6,case57,0.01
True,3,0.04,True,16,16,False,3,True,0.0004140981072760963,0.008621037203614342,0.4948417944683423,21.72761670080945,31.831689219689,0.0,Robust-MTD,7,case57,0.01
True,8,-0.04,True,1,1,False,8,True,3.8671819781197475e-10,0.004882064964206214,0.4948417944683423,28.22016660065856,36.56598055385988,0.0,Robust-MTD,8,case57,0.01
True,22,0.04,False,20,20,False,0,False,0.6060313263572102,0.3066542938263783,0.4948417944683423,26.331943852710538,37.615750002441935,0.0,Robust-MTD,9,case57,0.01
True,29,-0.04,True,3,3,False,29,True,0.3344517664501811,0.01557342389773089,0.4948417944683423,24.244635400827974,31.0087131918408,0.0,Robust-MTD,10,case57,0.01
True,28,-0.04,True,1,1,False,28,True,3.867181428919449e-10,0.0033735226776998493,0.4948417944683423,28.84392504929565,51.36277113633699,0.0,Robust-MTD,11,case57,0.01
True,8,0.04,True,1,1,False,8,True,3.8671819781197475e-10,0.004882064964206214,0.4948417944683423,22.60354784957599,36.71638302039355,0.0,Robust-MTD,12,case57,0.01
True,28,-0.04,True,1,1,False,28,True,4.551910360201059e-10,0.003373522677711143,0.4948417944683423,26.757947850273922,35.13087294413708,0.0,Robust-MTD,13,case57,0.01
True,22,0.04,False,20,20,False,0,False,0.5743269876994536,0.3332075416038328,0.4948417944683423,27.26030214689672,33.51354373735377,0.0,Robust-MTD,14,case57,0.01
True,26,0.04,True,1,1,False,26,True,0.21605564964738264,0.005122406839801203,0.4948417944683423,26.50603755027987,40.75026518548839,0.0,Robust-MTD,15,case57,0.01
True,40,-0.04,False,20,20,False,40,True,0.00039492891790810587,0.047375411523741646,0.4948417944683423,32.22435414500069,56.267997590475716,0.0,Robust-MTD,16,case57,0.01
True,1,-0.04,False,20,20,False,0,False,0.5904723205239737,0.2787580496624254,0.4948417944683423,21.798700047656894,34.1006187547464,0.0,Robust-MTD,17,case57,0.01
True,37,-0.04,True,1,1,False,44,False,0.1022059800878798,0.00362214504563613,0.4948417944683423,25.64788970630616,32.21737324784044,0.0,Robust-MTD,18,case57,0.01
True,42,-0.04,True,4,4,False,42,True,3.8671808797186176e-10,0.012298808387578544,0.4948417944683423,28.821729292394593,50.504232986713774,0.0,Robust-MTD,19,case57,0.01
True,32,0.04,False,20,20,False,0,False,0.5095869641974846,0.3709375620667279,0.4948417944683423,24.885943802655675,31.266535096801828,0.0,Robust-MTD,20,case57,0.01
True,20,0.04,True,1,1,False,17,False,0.33188545856536206,0.005664226302748569,0.4948417944683423,28.82215829740744,36.884318443480915,0.0,Robust-MTD,21,case57,0.01
True,46,0.04,False,20,20,False,0,False,0.5018413147010818,0.3790389317151846,0.4948417944683423,20.873297806247137,29.44268332503271,0.0,Robust-MTD,22,case57,0.01
True,42,0.04,True,18,18,False,42,True,3.867180879729902e-10,0.012298808387578544,0.4948417944683423,24.882631143555045,32.15471423754934,0.0,Robust-MTD,23,case57,0.01
True,56,-0.04,True,3,3,False,56,True,0.17144160094404476,0.015075329385466215,0.4948417944683423,26.577604038175195,35.064210707787424,0.0,Robust-MTD,24,case57,0.01
True,53,0.04,True,1,1,False,51,False,0.20098428474459942,0.006826243996146087,0.4948417944683423,27.573845742153935,35.89678957068827,0.0,Robust-MTD,25,case57,0.01
True,48,0.04,True,1,1,False,50,False,0.21251929470239814,0.007104646265809073,0.4948417944683423,31.823500044993125,50.70457084220835,0.0,Robust-MTD,26,case57,0.01
True,24,-0.04,True,9,9,False,24,True,0.30554319174929323,0.012991152814144192,0.4948417944683423,29.308716545347124,59.85051213647239,0.0,Robust-MTD,27,case57,0.01
True,20,0.04,True,1,1,False,18,False,0.2612224611069677,0.006658877036921594,0.4948417944683423,29.726676995051093,46.609399665612735,0.0,Robust-MTD,28,case57,0.01
True,34,-0.04,True,18,18,False,34,True,0.4052382072227106,0.039962486216400125,0.4948417944683423,35.08273319748696,54.3643151962897,0.0,Robust-MTD,29,case57,0.01
True,11,-0.04,True,1,1,False,11,True,3.8671819781197475e-10,0.004888621605915981,0.4948417944683423,29.643168512848206,47.05213125271258,0.0,Robust-MTD,30,case57,0.01
True,38,0.04,False,20,20,False,56,False,0.17144160094404476,0.015075329385466215,0.4948417944683423,29.192214555223472,43.67643542063888,0.0,Robust-MTD,31,case57,0.01
True,32,0.04,False,20,20,False,0,False,0.5199054051950568,0.3690280128771451,0.4948417944683423,27.903204251197167,42.97383926750628,0.0,Robust-MTD,32,case57,0.01
True,15,-0.04,False,20,20,False,0,False,0.5145670554793418,0.36100210456408505,0.4948417944683423,30.989264594973065,48.10737083025743,0.0,Robust-MTD,33,case57,0.01
True,36,0.04,True,1,1,False,36,True,5.073313917093421e-10,0.0009164437876425398,0.4948417944683423,30.804802049533464,44.892935419920846,0.0,Robust-MTD,34,case57,0.01
True,26,0.04,True,2,2,False,26,True,0.20173962413476162,0.00519505367836978,0.4948417944683423,34.31576879811473,59.016748212161474,0.0,Robust-MTD,35,case57,0.01
True,28,0.04,True,1,1,False,28,True,3.8671814289192767e-10,0.0033735226776998493,0.4948417944683423,31.344410360907204,45.85216010164006,0.0,Robust-MTD,36,case57,0.01
True,3,0.04,True,8,8,False,3,True,0.0038235465933636726,0.008615439305030127,0.4948417944683423,29.678383251302876,44.83989377331455,0.0,Robust-MTD,37,case57,0.01
True,6,0.04,False,20,20,False,6,True,1.2198661291046392e-09,0.011385499125552733,0.4948417944683423,34.748108295025304,52.769531265948906,0.0,Robust-MTD,38,case57,0.01
True,51,-0.04,True,10,10,False,54,False,0.18376022971740463,0.01446615647551374,0.4948417944683423,27.258085247012787,47.94876392697916,0.0,Robust-MTD,39,case57,0.01
True,17,0.04,True,1,1,False,18,False,0.2475444289753145,0.006792529829335288,0.4948417944683423,31.953408353729174,49.92415803717452,0.0,Robust-MTD,40,case57,0.01
True,49,-0.04,True,2,2,False,50,False,0.17110410928180256,0.007679595284587984,0.4948417944683423,37.968724995153025,79.81856905098542,0.0,Robust-MTD,41,case57,0.01
True,19,-0.04,True,1,1,False,18,False,0.28784936083499807,0.0064008381271941205,0.4948417944683423,25.86699799867347,33.79090653616004,0.0,Robust-MTD,42,case57,0.01
True,31,0.04,False,20,20,False,30,False,0.39927173442772523,0.06468782433889525,0.4948417944683423,36.342556308954954,91.40672110952438,0.0,Robust-MTD,43,case57,0.01
True,55,0.04,True,1,1,False,55,True,3.867180879718649e-10,0.0038404153115128067,0.4948417944683423,36.580747802508995,70.61442674894354,0.0,Robust-MTD,44,case57,0.01
True,2,0.04,True,2,2,False,2,True,1.3474172949942487e-05,0.0058139303060758315,0.4948417944683423,30.59151879278943,50.76786421414,0.0,Robust-MTD,45,case57,0.01
True,34,-0.04,True,11,11,False,31,False,0.40079126095357814,0.04194469458052559,0.4948417944683423,28.83221466327086,49.01072739739903,0.0,Robust-MTD,46,case57,0.01
True,14,-0.04,True,1,1,False,14,True,3.8671819781200764e-10,0.0034844732392646867,0.4948417944683423,28.891035457490943,41.18723192950711,0.0,Robust-MTD,47,case57,0.01
True,1,0.04,False,20,20,False,1,True,0.22818107905950738,0.20624972288991503,0.4948417944683423,37.9362769483123,85.32623747887558,0.0,Robust-MTD,48,case57,0.01
True,34,-0.04,False,20,20,False,34,True,0.40522239529169507,0.040300356009083854,0.4948417944683423,28.72602069983259,45.92123777547387,0.0,Robust-MTD,49,case57,0.01
True,40,-0.04,False,20,20,False,40,True,0.0020984796817889693,0.04755030418818715,0.4948417944683423,26.946398001746275,37.609741996857345,0.0,Robust-MTD,50,case57,0.01
True,27,-0.04,True,1,1,False,26,False,0.21184882112595654,0.005145605346354644,0.4948417944683423,37.202706100651994,60.958324727835155,0.0,Robust-MTD,51,case57,0.01
True,44,-0.04,True,1,1,False,44,True,0.05931271250724372,0.0037459184241648885,0.4948417944683423,31.128572943271138,52.450302700162865,0.0,Robust-MTD,52,case57,0.01
True,1,0.04,False,20,20,False,0,False,0.4997127847768982,0.3783883708786537,0.4948417944683423,32.80908960441593,63.6633402464213,0.0,Robust-MTD,53,case57,0.01
True,20,-0.04,True,1,1,False,18,False,0.2949067989828095,0.006311187837542115,0.4948417944683423,31.44628350273706,59.696568158688024,0.0,Robust-MTD,54,case57,0.01
True,41,-0.04,False,20,20,False,41,True,3.867180605118429e-10,0.016569358082100326,0.4948417944683423,41.345085549983196,78.69709611113655,0.0,Robust-MTD,55,case57,0.01
True,25,0.04,True,2,2,False,25,True,0.2325657118107577,0.00501319396933001,0.4948417944683423,34.18620619631838,62.19867742620409,0.0,Robust-MTD,56,case57,0.01
True,33,0.04,False,20,20,False,34,False,0.39911886409422354,0.033276378372613935,0.4948417944683423,34.36917525541503,50.301002696505805,0.0,Robust-MTD,57,case57,0.01
True,42,-0.04,True,8,8,False,42,True,3.867180879721542e-10,0.012298808387578544,0.4948417944683423,29.00213544489816,46.197717275936164,0.0,Robust-MTD,58,case57,0.01
True,21,0.04,False,20,20,False,0,False,0.5415855496655643,0.35301530623485733,0.4948417944683423,30.637199999182485,49.70270798366983,0.0,Robust-MTD,59,case57,0.01
True,36,-0.04,True,1,1,False,36,True,1.3663665561955617e-06,0.0009164437709115221,0.4948417944683423,33.461429094313644,56.06458540132737,0.0,Robust-MTD,60,case57,0.01
True,46,0.04,False,20,20,False,0,False,0.5249036525292273,0.36782775394065065,0.4948417944683423,33.98996464966331,67.8152735810727,0.0,Robust-MTD,61,case57,0.01
True,56,0.04,False,20,20,False,38,False,0.17144160095166613,0.015075329385449754,0.4948417944683423,28.641024997341447,40.036956936819486,0.0,Robust-MTD,62,case57,0.01
True,8,-0.04,True,2,2,False,8,True,3.8671819781197475e-10,0.004882064964206214,0.4948417944683423,27.989404092659242,40.917887483374216,0.0,Robust-MTD,63,case57,0.01
True,2,0.04,True,1,1,False,2,True,1.5521344026995157e-05,0.005813932189885153,0.4948417944683423,31.44275204394944,61.01339166343678,0.0,Robust-MTD,64,case57,0.01
True,43,0.04,True,1,1,False,44,False,0.11527649639090724,0.0035782696691225415,0.4948417944683423,32.06759775348473,59.50900004827419,0.0,Robust-MTD,65,case57,0.01
True,11,0.04,True,1,1,False,11,True,3.8671819781197475e-10,0.004888621605915981,0.4948417944683423,30.074216797947884,40.90760276012589,0.0,Robust-MTD,66,case57,0.01
True,7,0.04,False,20,20,False,0,False,0.5702934179258264,0.3199123718184705,0.4948417944683423,34.33144165028352,51.12420625519009,0.0,Robust-MTD,67,case57,0.01
True,7,-0.04,False,20,20,False,0,False,0.58770741466234,0.2709251470151143,0.4948417944683423,28.79270005505532,36.90031842270401,0.0,Robust-MTD,68,case57,0.01
True,51,-0.04,True,5,5,False,51,True,0.27242074600698796,0.011358213783328406,0.4948417944683423,28.0311332520796,40.2299646200845,0.0,Robust-MTD,69,case57,0.01
True,12,-0.04,True,1,1,False,12,True,3.8671819781197475e-10,0.00045950791273184757,0.4948417944683423,29.789985399111174,42.66151040501427,0.0,Robust-MTD,70,case57,0.01
True,17,-0.04,True,3,3,False,18,False,0.24873987376601014,0.00678555160876686,0.4948417944683423,31.268756301142272,51.43635479034861,0.0,Robust-MTD,71,case57,0.01
True,35,0.04,True,1,1,False,35,True,2.3513740385914497e-09,0.000868359885308281,0.4948417944683423,36.909749964252114,71.08795240928887,0.0,Robust-MTD,72,case57,0.01
True,37,0.04,True,1,1,False,44,False,0.05770897368672763,0.003749968892579739,0.4948417944683423,30.4102645983221,53.65705623407849,0.0,Robust-MTD,73,case57,0.01
True,11,0.04,True,1,1,False,11,True,3.8671819781197475e-10,0.004888621605915981,0.4948417944683423,31.45826880063396,53.47297299886125,0.0,Robust-MTD,74,case57,0.01
True,43,-0.04,True,1,1,False,44,False,0.11763061578210904,0.0035700385029593987,0.4948417944683423,32.36973130260594,62.10711909516251,0.0,Robust-MTD,75,case57,0.01
True,39,0.04,True,1,1,False,39,True,3.867180879718649e-10,0.0036474741932404305,0.4948417944683423,38.12508534756489,80.77050829306248,0.0,Robust-MTD,76,case57,0.01
True,41,-0.04,False,20,20,False,41,True,3.867180879732405e-10,0.016569358082100326,0.4948417944683423,33.37355420226231,54.335522282053724,0.0,Robust-MTD,77,case57,0.01
True,11,-0.04,True,1,1,False,11,True,3.8671819781197475e-10,0.004888621605915981,0.4948417944683423,31.965579191455618,52.91010478395039,0.0,Robust-MTD,78,case57,0.01
True,24,0.04,True,2,2,False,24,True,0.27525026559209076,0.011391560428994175,0.4948417944683423,30.04206884652376,51.20277708338109,0.0,Robust-MTD,79,case57,0.01
True,26,-0.04,True,3,3,False,25,False,0.20138719233327187,0.005196627307819101,0.4948417944683423,32.744664599886164,57.39697226090358,0.0,Robust-MTD,80,case57,0.01
True,37,0.04,True,1,1,False,44,False,0.11933722709032174,0.0035640066655803983,0.4948417944683423,32.84652490110602,56.78087048290765,0.0,Robust-MTD,81,case57,0.01
True,26,-0.04,True,1,1,False,26,True,0.21084278740320825,0.005150914385642916,0.4948417944683423,32.39003341004718,57.59618272713855,0.0,Robust-MTD,82,case57,0.01
True,20,-0.04,True,1,1,False,18,False,0.26908178686481754,0.006585578137328123,0.4948417944683423,35.24510630231816,56.468587825656904,0.0,Robust-MTD,83,case57,0.01
True,54,0.04,False,20,20,False,54,True,0.15516319498514858,0.015476614555242085,0.4948417944683423,32.89322920027189,65.02562258974649,0.0,Robust-MTD,84,case57,0.01
True,31,0.04,False,20,20,False,31,True,0.3755639325203377,0.051671357552125506,0.4948417944683423,38.78356035856996,70.41096937318798,0.0,Robust-MTD,85,case57,0.01
True,28,0.04,True,1,1,False,28,True,3.8671814289191867e-10,0.0033735226776998493,0.4948417944683423,32.307725003920496,51.919537837966345,0.0,Robust-MTD,86,case57,0.01
True,26,-0.04,True,1,1,False,25,False,0.23463820448106093,0.004997004050490545,0.4948417944683423,34.74824785371311,61.763348538079306,0.0,Robust-MTD,87,case57,0.01
True,17,-0.04,True,2,2,False,18,False,0.3312929640098846,0.005696147823853415,0.4948417944683423,31.08283760084305,65.14329823257869,0.0,Robust-MTD,88,case57,0.01
True,55,-0.04,True,1,1,False,55,True,3.867180605118526e-10,0.003840415311512807,0.4948417944683423,34.09412089677062,60.78279648791069,0.0,Robust-MTD,89,case57,0.01
True,11,0.04,True,1,1,False,11,True,3.8671819781197475e-10,0.004888621605915981,0.4948417944683423,31.394831399666145,61.115402402356295,0.0,Robust-MTD,90,case57,0.01
True,48,-0.04,True,1,1,False,48,True,0.2662031525548332,0.005267241914245388,0.4948417944683423,27.483397992909886,41.27258399676067,0.0,Robust-MTD,91,case57,0.01
True,50,-0.04,True,5,5,False,50,True,0.13704155537127988,0.008054378061998546,0.4948417944683423,29.460927145555615,45.145554767805166,0.0,Robust-MTD,92,case57,0.01
True,53,-0.04,True,1,1,False,51,False,0.1561534007692173,0.007473710394946088,0.4948417944683423,34.69610825704876,51.44149342959285,0.0,Robust-MTD,93,case57,0.01
True,43,0.04,True,1,1,False,44,False,0.22414233387561971,0.0030435585857268186,0.4948417944683423,28.473335489979945,45.88100691034924,0.0,Robust-MTD,94,case57,0.01
True,40,-0.04,False,20,20,False,40,True,0.030950388885169756,0.04655268676493054,0.4948417944683423,29.38538535090629,40.288733079796664,0.0,Robust-MTD,95,case57,0.01
True,10,-0.04,True,1,1,False,10,True,3.8671819781197475e-10,0.006716505493575347,0.4948417944683423,33.96808540564962,53.801208297954894,0.0,Robust-MTD,96,case57,0.01
True,14,0.04,True,1,1,False,14,True,3.8671817035206415e-10,0.0034844732392646876,0.4948417944683423,30.992810346651822,62.192026787670336,0.0,Robust-MTD,97,case57,0.01
True,53,-0.04,True,1,1,False,51,False,0.2653657936915389,0.00543403253083529,0.4948417944683423,32.48397709976416,61.04602884151973,0.0,Robust-MTD,98,case57,0.01
True,49,-0.04,True,1,1,False,50,False,0.21745983613260708,0.007076996910878008,0.4948417944683423,28.482641658047214,39.37651218730026,0.0,Robust-MTD,99,case57,0.01
True,56,0.04,True,6,6,False,38,False,0.17144160112039583,0.015075329385140973,0.4948417944683423,29.975235502934083,47.59787290240639,0.0,Robust-MTD,100,case57,0.01
True,17,-0.04,True,2,2,False,18,False,0.31257347022423804,0.006079016087067945,0.4948417944683423,27.26518539711833,38.545685706776574,0.0,Robust-MTD,101,case57,0.01
True,12,0.04,True,1,1,False,12,True,3.8671819781197475e-10,0.00045950791273184757,0.4948417944683423,32.82279584382195,55.96773189608939,0.0,Robust-MTD,102,case57,0.01
True,48,-0.04,True,1,1,False,48,True,0.26015678620631466,0.005252559147370924,0.4948417944683423,38.820531143574044,72.35024762048856,0.0,Robust-MTD,103,case57,0.01
True,31,0.04,False,20,20,False,31,True,0.3935414638097833,0.04745029531977145,0.4948417944683423,34.58324170205742,50.4575732542435,0.0,Robust-MTD,104,case57,0.01
True,31,0.04,False,20,20,False,0,False,0.5328644402987879,0.36230756789281016,0.4948417944683423,36.999481249949895,73.70479022501969,0.0,Robust-MTD,105,case57,0.01
True,41,-0.04,False,20,20,False,41,True,3.867180879761423e-10,0.016569358082100326,0.4948417944683423,32.08507499366533,57.617768424097456,0.0,Robust-MTD,106,case57,0.01
True,16,-0.04,False,20,20,False,0,False,0.5012648630187251,0.3734824316803095,0.4948417944683423,30.390441796043888,39.94812440942043,0.0,Robust-MTD,107,case57,0.01
True,20,0.04,True,1,1,False,18,False,0.256771244809035,0.00668983810946594,0.4948417944683423,31.71553749707527,75.81955413043033,0.0,Robust-MTD,108,case57,0.01
True,50,0.04,True,14,14,False,50,True,0.21998482363758817,0.007212867703202673,0.4948417944683423,30.915602145250887,44.58181077498011,0.0,Robust-MTD,109,case57,0.01
True,17,0.04,True,3,3,False,18,False,0.2580390773427589,0.006706671368913667,0.4948417944683423,28.270658297697082,41.68857879994904,0.0,Robust-MTD,110,case57,0.01
True,41,0.04,False,20,20,False,41,True,5.456946521027055e-10,0.016569358082885347,0.4948417944683423,34.6265207946999,68.37081041303463,0.0,Robust-MTD,111,case57,0.01
True,15,0.04,False,20,20,False,0,False,0.5127621366595326,0.3692304260937099,0.4948417944683423,31.17833330470603,49.02973482967356,0.0,Robust-MTD,112,case57,0.01
True,12,-0.04,True,1,1,False,12,True,3.8671819781197475e-10,0.00045950791273184757,0.4948417944683423,31.62153745361138,60.441797613748356,0.0,Robust-MTD,113,case57,0.01
True,33,-0.04,False,20,20,False,31,False,0.3826962966077752,0.04422848275662962,0.4948417944683423,32.089041598374024,60.03203924919945,0.0,Robust-MTD,114,case57,0.01
True,8,0.04,True,1,1,False,8,True,3.8671819781197475e-10,0.004882064964206214,0.4948417944683423,28.694904150324874,53.88130801729859,0.0,Robust-MTD,115,case57,0.01
True,16,-0.04,False,20,20,False,0,False,0.5102633713632533,0.3696976057380522,0.4948417944683423,29.36810199462343,40.69392886012794,0.0,Robust-MTD,116,case57,0.01
True,46,-0.04,False,20,20,False,0,False,0.5275759450198803,0.3590088283938463,0.4948417944683423,38.369575058459304,101.05658780958038,0.0,Robust-MTD,117,case57,0.01
True,8,-0.04,True,1,1,False,8,True,3.8671819781197475e-10,0.004882064964206214,0.4948417944683423,26.236366605735384,31.7833246663213,0.0,Robust-MTD,118,case57,0.01
True,20,0.04,True,1,1,False,18,False,0.2970533538850321,0.00628459128221634,0.4948417944683423,29.311537538887933,47.85752080206294,0.0,Robust-MTD,119,case57,0.01
True,52,-0.04,True,1,1,False,51,False,0.15825838832519154,0.007612796721300304,0.4948417944683423,31.071681194589473,49.269466652185656,0.0,Robust-MTD,120,case57,0.01
True,9,-0.04,False,20,20,False,9,True,1.4883141404340063e-07,0.03584234820094626,0.4948417944683423,29.225149907870218,49.527066660812125,0.0,Robust-MTD,121,case57,0.01
True,21,0.04,False,20,20,False,0,False,0.4974484258026196,0.3826334237538858,0.4948417944683423,32.90245624666568,50.86297117522918,0.0,Robust-MTD,122,case57,0.01
True,43,0.04,True,1,1,False,44,False,0.11774373492583504,0.003569640385540566,0.4948417944683423,28.581333410693333,38.23930352809839,0.0,Robust-MTD,123,case57,0.01
True,18,-0.04,True,5,5,False,18,True,0.24994521377044893,0.006771781502693749,0.4948417944683423,34.964489651611075,70.3380961494986,0.0,Robust-MTD,124,case57,0.01
True,38,-0.04,True,18,18,False,38,True,0.17144160094404476,0.015075329385466213,0.4948417944683423,35.29450609639753,77.47181457234547,0.0,Robust-MTD,125,case57,0.01
True,47,-0.04,False,20,20,False,0,False,0.5672210629446225,0.3441086375161302,0.4948417944683423,29.63842700701207,51.07050206861459,0.0,Robust-MTD,126,case57,0.01
True,51,-0.04,True,2,2,False,54,False,0.21353387431974385,0.013175066159556985,0.4948417944683423,31.96167074784171,54.39648720785045,0.0,Robust-MTD,127,case57,0.01
True,23,0.04,True,0,0,False,0,False,0.5567653153747673,0.3516945776156504,0.4948417944683423,30.38283530040644,56.20000381604768,0.0,Robust-MTD,128,case57,0.01
True,40,0.04,True,15,15,False,40,True,0.0005243798137622163,0.04736993292787549,0.4948417944683423,36.705972903291695,65.09800175845159,0.0,Robust-MTD,129,case57,0.01
True,20,-0.04,True,1,1,False,17,False,0.3380999775896218,0.005412258686287877,0.4948417944683423,29.527379252249375,55.89984616381117,0.0,Robust-MTD,130,case57,0.01
True,51,-0.04,True,3,3,False,54,False,0.1656040649115379,0.014944451895079139,0.4948417944683423,28.58558130392339,37.502777116606026,0.0,Robust-MTD,131,case57,0.01
True,26,0.04,True,1,1,False,25,False,0.21935681164946447,0.005103014485119587,0.4948417944683423,33.85447290202137,57.634070474887274,0.0,Robust-MTD,132,case57,0.01
True,43,-0.04,True,1,1,False,44,False,0.07917078435373333,0.0036923413772585734,0.4948417944683423,28.689512494020164,57.88980975921732,0.0,Robust-MTD,133,case57,0.01
True,54,-0.04,False,20,20,False,54,True,0.13225073882917848,0.016073797715678104,0.4948417944683423,33.23671875114087,58.06317285459955,0.0,Robust-MTD,134,case57,0.01
True,32,0.04,False,20,20,False,0,False,0.5107783115535715,0.37037955866403227,0.4948417944683423,36.61603750078939,57.34496906516143,0.0,Robust-MTD,135,case57,0.01
True,47,0.04,False,20,20,False,0,False,0.5765526991053779,0.3185890810954481,0.4948417944683423,32.726116650155745,50.39129520300778,0.0,Robust-MTD,136,case57,0.01
True,51,0.04,True,2,2,False,54,False,0.15908087309409308,0.015211877468702494,0.4948417944683423,36.95492299448233,65.7764128263807,0.0,Robust-MTD,137,case57,0.01
True,53,0.04,True,1,1,False,51,False,0.10755409459490814,0.008287128800207566,0.4948417944683423,33.75337924808264,61.310189260984785,0.0,Robust-MTD,138,case57,0.01
True,54,0.04,False,20,20,False,54,True,0.1387764965131602,0.015926651382077033,0.4948417944683423,34.728762501617894,53.60316847218202,0.0,Robust-MTD,139,case57,0.01
True,20,0.04,True,1,1,False,18,False,0.29134258463517804,0.006355735907872372,0.4948417944683423,42.58421674603596,96.0092202149099,0.0,Robust-MTD,140,case57,0.01
True,52,0.04,True,1,1,False,51,False,0.12354049715041582,0.007961061416358875,0.4948417944683423,28.281395803787746,35.97936280129944,0.0,Robust-MTD,141,case57,0.01
True,10,0.04,True,3,3,False,10,True,3.8671819781197475e-10,0.006716505493575347,0.4948417944683423,31.159293896052986,52.151901469915174,0.0,Robust-MTD,142,case57,0.01
True,12,-0.04,True,1,1,False,12,True,3.8671819781197475e-10,0.00045950791273184757,0.4948417944683423,34.2120769462781,51.82691015361343,0.0,Robust-MTD,143,case57,0.01
True,10,0.04,True,2,2,False,10,True,3.8671819781197506e-10,0.006716505493575347,0.4948417944683423,31.03333129256498,52.48453191306909,0.0,Robust-MTD,144,case57,0.01
True,11,-0.04,True,1,1,False,11,True,3.8671819781197475e-10,0.004888621605915981,0.4948417944683423,35.33873959677294,68.3566413470544,0.0,Robust-MTD,145,case57,0.01
True,25,-0.04,True,1,1,False,25,True,0.2547337643147444,0.004792918229202604,0.4948417944683423,27.82676039787475,34.356035085511394,0.0,Robust-MTD,146,case57,0.01
True,36,0.04,True,1,1,False,36,True,1.1883239085124916e-07,0.0009164437863965861,0.4948417944683423,31.841408344917,61.4204770710785,0.0,Robust-MTD,147,case57,0.01
True,44,-0.04,True,1,1,False,44,True,0.038512659484475895,0.0037951708774604173,0.4948417944683423,29.961302000447176,44.832470503752134,0.0,Robust-MTD,148,case57,0.01
True,24,0.04,True,2,2,False,24,True,0.3371935351408539,0.015733243511210644,0.4948417944683423,30.387510391301475,43.7347190163564,0.0,Robust-MTD,149,case57,0.01
True,3,0.04,True,4,4,False,3,True,0.0017223584929272672,0.008619095882869339,0.4948417944683423,30.400262548937462,44.69184164190666,0.0,Robust-MTD,150,case57,0.01
True,42,0.04,False,20,20,False,42,True,3.8671808797192065e-10,0.012298808387578544,0.4948417944683423,28.783572991960682,47.846916975686334,0.0,Robust-MTD,151,case57,0.01
True,23,0.04,False,20,20,False,0,False,0.6021105064586645,0.32445535253309843,0.4948417944683423,30.039220754406415,45.83102679171134,0.0,Robust-MTD,152,case57,0.01
True,45,0.04,True,7,7,False,45,True,3.8671808797186683e-10,0.008872938518095718,0.4948417944683423,35.96186879440211,62.98438271915077,0.0,Robust-MTD,153,case57,0.01
True,24,-0.04,True,1,1,False,29,False,0.33643100838846024,0.015568852060180993,0.4948417944683423,34.64631465030834,61.45710559503642,0.0,Robust-MTD,154,case57,0.01
True,22,-0.04,False,20,20,False,0,False,0.6204303676219554,0.3018020971187199,0.4948417944683423,34.39287299697753,60.402800631709404,0.0,Robust-MTD,155,case57,0.01
True,23,0.04,False,20,20,False,0,False,0.5010959811566728,0.377691124304002,0.4948417944683423,34.62071040121373,68.25593334797307,0.0,Robust-MTD,156,case57,0.01
True,54,0.04,False,20,20,False,54,True,0.24133110743566183,0.01319264474592138,0.4948417944683423,33.07801029877737,49.41116874397269,0.0,Robust-MTD,157,case57,0.01
True,33,-0.04,False,20,20,False,34,False,0.42921059965690966,0.032943246557504954,0.4948417944683423,29.1234584961785,53.204674992593944,0.0,Robust-MTD,158,case57,0.01
True,39,-0.04,True,1,1,False,39,True,3.867180879718745e-10,0.0036474741932404305,0.4948417944683423,33.56743139738683,57.085646467749065,0.0,Robust-MTD,159,case57,0.01
False,0,0.0,False,20,20,False,0,True,0.5168721125135021,0.36725559607993014,0.4948417944683423,36.13624370191246,78.68161603400951,0.0,Robust-MTD,160,case57,0.01
False,0,0.0,False,20,20,False,0,True,0.5055254218654229,0.37759061682732853,0.4948417944683423,33.99060609517619,54.105810404871605,0.0,Robust-MTD,161,case57,0.01
False,0,0.0,False,20,20,False,0,True,0.5382098239507941,0.35469513067905517,0.4948417944683423,29.356287608970888,45.49449345795438,0.0,Robust-MTD,162,case57,0.01
False,0,0.0,False,20,20,False,0,True,0.5267721091833509,0.3651652159564305,0.4948417944683423,33.380583408870734,59.42266278434545,0.0,Robust-MTD,163,case57,0.01
False,0,0.0,False,20,20,False,0,True,0.5292156923522258,0.3609464771649822,0.4948417944683423,29.915637499652803,53.97070147737396,0.0,Robust-MTD,164,case57,0.01
False,0,0.0,False,20,20,False,0,True,0.5216215313060678,0.3729830724605057,0.4948417944683423,31.73959804698825,48.20922978105956,0.0,Robust-MTD,165,case57,0.01
False,0,0.0,False,20,20,False,0,True,0.5111216665545557,0.3726812073548286,0.4948417944683423,34.35983954987023,50.913589625270134,0.0,Robust-MTD,166,case57,0.01
False,0,0.0,False,20,20,False,0,True,0.5496869711968612,0.3324728540631409,0.4948417944683423,29.215681299683638,50.382054474903285,0.0,Robust-MTD,167,case57,0.01
False,0,0.0,False,20,20,False,0,True,0.5464895922170379,0.35035806417721765,0.4948417944683423,28.395320803974755,42.190789917367525,0.0,Robust-MTD,168,case57,0.01
False,0,0.0,False,20,20,False,0,True,0.5236080810280828,0.3704489129071459,0.4948417944683423,29.6388249960728,37.340860377298675,0.0,Robust-MTD,169,case57,0.01
False,0,0.0,False,20,20,False,0,True,0.5547460710431481,0.3464447380127574,0.4948417944683423,30.146022952976637,54.23111073323526,0.0,Robust-MTD,170,case57,0.01
False,0,0.0,False,20,20,False,0,True,0.5423270256051279,0.36116743551426833,0.4948417944683423,36.582560554961674,75.46055863494986,0.0,Robust-MTD,171,case57,0.01
False,0,0.0,False,20,20,False,0,True,0.538275293676045,0.3603261662442969,0.4948417944683423,30.886402013129555,42.972012134851006,0.0,Robust-MTD,172,case57,0.01
False,0,0.0,False,20,20,False,0,True,0.5783968393499684,0.3428370445992638,0.4948417944683423,27.170145889976993,46.26580061449204,0.0,Robust-MTD,173,case57,0.01
False,0,0.0,False,20,20,False,0,True,0.5110333475212617,0.37586011523766,0.4948417944683423,31.797762552741915,52.343329149880454,0.0,Robust-MTD,174,case57,0.01
False,0,0.0,False,20,20,False,0,True,0.5552941296956766,0.3465256170389732,0.4948417944683423,35.39845634950325,55.938462808262585,0.0,Robust-MTD,175,case57,0.01
False,0,0.0,False,20,20,False,1,False,0.41572427272516915,0.2591375624656731,0.4948417944683423,35.60304170532618,74.20595241419507,0.0,Robust-MTD,176,case57,0.01
False,0,0.0,False,20,20,False,0,True,0.5630678849068284,0.3286978776254129,0.4948417944683423,33.89296040404588,53.418958667316474,0.0,Robust-MTD,177,case57,0.01
False,0,0.0,False,20,20,False,0,True,0.5704704607680424,0.3202625707275677,0.4948417944683423,29.995935250190087,47.07245805766435,0.0,Robust-MTD,178,case57,0.01
False,0,0.0,False,20,20,False,0,True,0.4891557317892662,0.38554010771047964,0.4948417944683423,34.11724790057633,72.04483098466883,0.0,Robust-MTD,179,case57,0.01
False,0,0.0,False,20,20,False,0,True,0.5180414377722513,0.3710839249445212,0.4948417944683423,30.753129051299766,49.470005914918154,0.0,Robust-MTD,180,case57,0.01
False,0,0.0,False,20,20,False,0,True,0.4925650675788644,0.3819986143421942,0.4948417944683423,34.30497295339592,54.147475003264844,0.0,Robust-MTD,181,case57,0.01
False,0,0.0,False,20,20,False,0,True,0.5358426508973309,0.3579295287659535,0.4948417944683423,32.94420419551898,52.32670037657956,0.0,Robust-MTD,182,case57,0.01
False,0,0.0,False,20,20,False,0,True,0.5937035257538605,0.3231866163086437,0.4948417944683423,31.43219584308099,53.30899020482321,0.0,Robust-MTD,183,case57,0.01
False,0,0.0,True,11,11,True,0,True,0.5367163548613436,0.3643051410848487,0.4948417944683423,24.585243806359358,34.21509201871232,0.0,Robust-MTD,184,case57,0.01
False,0,0.0,False,20,20,False,0,True,0.5880800636556385,0.33634350532133445,0.4948417944683423,36.00816454272717,70.60129135497846,0.0,Robust-MTD,185,case57,0.01
False,0,0.0,False,20,20,False,0,True,0.5014469552019052,0.37368237759653017,0.4948417944683423,33.28493325097952,60.90559854346793,0.0,Robust-MTD,186,case57,0.01
False,0,0.0,False,20,20,False,0,True,0.5937920283708727,0.32543582202793214,0.4948417944683423,31.885935246828012,45.421430616988815,0.0,Robust-MTD,187,case57,0.01
False,0,0.0,False,20,20,False,0,True,0.5321010081000316,0.36758475292813475,0.4948417944683423,36.769258411368355,62.373883646796486,0.0,Robust-MTD,188,case57,0.01
False,0,0.0,False,20,20,False,0,True,0.533986867649997,0.3657527964589521,0.4948417944683423,19.892983348108828,23.397204172215424,0.0,Robust-MTD,189,case57,0.01
False,0,0.0,False,20,20,False,0,True,0.5350721901739321,0.36279564709719436,0.4948417944683423,29.68319179781247,46.532297899830155,0.0,Robust-MTD,190,case57,0.01
False,0,0.0,False,20,20,False,0,True,0.5460913696009139,0.35839364005244734,0.4948417944683423,29.399575002025813,46.966127393534414,0.0,Robust-MTD,191,case57,0.01
False,0,0.0,False,20,20,False,0,True,0.5288967627419374,0.36484687638265134,0.4948417944683423,34.816714498447254,62.973113954649314,0.0,Robust-MTD,192,case57,0.01
False,0,0.0,False,20,20,False,0,True,0.5875261656791992,0.3391577624849222,0.4948417944683423,27.19633539672941,40.58525653090329,0.0,Robust-MTD,193,case57,0.01
False,0,0.0,False,20,20,False,0,True,0.5221435020451608,0.3571723601327065,0.4948417944683423,16.188075000536628,18.208826426416636,0.0,Robust-MTD,194,case57,0.01
False,0,0.0,False,20,20,False,0,True,0.5233256242866029,0.36927568476439815,0.4948417944683423,28.29878535703756,39.407445202232346,0.0,Robust-MTD,195,case57,0.01
False,0,0.0,False,20,20,False,0,True,0.49304612712428164,0.3838477861946668,0.4948417944683423,19.845850014826283,23.19414581579622,0.0,Robust-MTD,196,case57,0.01
False,0,0.0,False,20,20,False,0,True,0.5525832338863177,0.3583170818819825,0.4948417944683423,27.55553329770919,42.380074685206644,0.0,Robust-MTD,197,case57,0.01
False,0,0.0,False,20,20,False,0,True,0.5376401731788188,0.3606038965746296,0.4948417944683423,19.05127495410852,23.70038607623428,0.0,Robust-MTD,198,case57,0.01
False,0,0.0,False,20,20,False,0,True,0.5205287931698006,0.36583701169612626,0.4948417944683423,14.969068850041367,17.865457705920562,0.0,Robust-MTD,199,case57,0.01
True,26,-0.04,False,20,20,False,0,False,0.6840415280777735,0.3171518295941695,0.6449621867960693,20.576387440087274,28.244724380783737,0.0,HMTD-MDE,0,case57,0.02
True,49,-0.04,False,20,20,False,49,True,0.230350641295411,0.023254032568674417,0.6449621867960693,31.18769169668667,42.17491394956603,0.0,HMTD-MDE,1,case57,0.02
True,53,-0.04,True,4,4,False,53,True,0.18317315650251134,0.009447228690726447,0.6449621867960693,24.011741651338525,33.10314855189063,0.0,HMTD-MDE,2,case57,0.02
True,37,0.04,False,20,20,False,43,False,0.17243531729104508,0.02182244269746974,0.6449621867960693,26.643343805335462,36.75824612146245,0.0,HMTD-MDE,3,case57,0.02
True,46,0.04,True,17,17,False,0,False,0.667314679252641,0.35942465274049906,0.6449621867960693,32.72803745348938,47.85147115762813,0.0,HMTD-MDE,4,case57,0.02
True,17,0.04,False,20,20,False,0,False,0.7259784638052177,0.284908519470092,0.6449621867960693,20.884349950938486,29.0556249790825,0.0,HMTD-MDE,5,case57,0.02
True,24,0.04,False,20,20,False,24,True,0.39688800388052975,0.0338258746400181,0.6449621867960693,27.989054197678342,39.38458575576081,0.0,HMTD-MDE,6,case57,0.02
True,3,0.04,True,16,16,False,3,True,0.0019698999547391317,0.008399586617717909,0.6449621867960693,28.796881236485206,51.661543088266626,0.0,HMTD-MDE,7,case57,0.02
True,8,-0.04,True,1,1,False,8,True,3.8671819781197475e-10,0.0009800311848865621,0.6449621867960693,31.824983347905803,57.46278334117961,0.0,HMTD-MDE,8,case57,0.02
True,22,0.04,False,20,20,False,17,False,0.6230887600142618,0.21794779496046326,0.6449621867960693,27.430093797738664,42.698773185838945,0.0,HMTD-MDE,9,case57,0.02
True,29,-0.04,False,20,20,False,31,False,0.4145856467003146,0.0390859294202457,0.6449621867960693,20.426002008025534,28.835566676571034,0.0,HMTD-MDE,10,case57,0.02
True,28,-0.04,False,20,20,False,28,True,0.16790365970768598,0.06028939361327328,0.6449621867960693,25.32642700825818,32.11137950129342,0.0,HMTD-MDE,11,case57,0.02
True,8,0.04,True,1,1,False,8,True,3.8671819781197475e-10,0.0009800311848865621,0.6449621867960693,23.15575205720961,29.117918739211756,0.0,HMTD-MDE,12,case57,0.02
True,28,-0.04,False,20,20,False,28,True,0.22244160007761943,0.07152032093506662,0.6449621867960693,29.547206254210323,56.18341071531177,0.0,HMTD-MDE,13,case57,0.02
True,22,0.04,False,20,20,False,0,False,0.7016585316011543,0.32712540482682784,0.6449621867960693,28.80771665077191,48.41384408064187,0.0,HMTD-MDE,14,case57,0.02
True,26,0.04,False,20,20,False,0,False,0.6687650325543133,0.3582887711841995,0.6449621867960693,20.800879105809145,28.61265836108942,0.0,HMTD-MDE,15,case57,0.02
True,40,-0.04,False,20,20,False,40,True,0.043758683075466424,0.023716710170744927,0.6449621867960693,23.736045992700383,36.235769125050865,0.0,HMTD-MDE,16,case57,0.02
True,1,-0.04,False,20,20,False,0,False,0.7293502543173777,0.32792427224159704,0.6449621867960693,26.94698534323834,38.29946673649829,0.0,HMTD-MDE,17,case57,0.02
True,37,-0.04,False,20,20,False,37,True,0.1724809036695617,0.021827854764428976,0.6449621867960693,26.356833497993648,47.438687487738214,0.0,HMTD-MDE,18,case57,0.02
True,42,-0.04,False,20,20,False,42,True,0.0036506139871451087,0.08381030999849515,0.6449621867960693,27.392400096869096,51.33305868075696,0.0,HMTD-MDE,19,case57,0.02
True,32,0.04,False,20,20,False,0,False,0.6313483724439214,0.38047165883881773,0.6449621867960693,20.611668849596754,29.031239892356098,0.0,HMTD-MDE,20,case57,0.02
True,20,0.04,False,20,20,False,20,True,0.2535601433848297,0.019848058849032967,0.6449621867960693,30.442085504182614,67.70553779497281,0.0,HMTD-MDE,21,case57,0.02
True,46,0.04,False,20,20,False,0,False,0.6611889943677429,0.36342802858038636,0.6449621867960693,32.22070429183077,73.08246046304706,0.0,HMTD-MDE,22,case57,0.02
True,42,0.04,False,20,20,False,42,True,0.08288156820347796,0.09886763674275244,0.6449621867960693,29.10826029838063,43.984495452605195,0.0,HMTD-MDE,23,case57,0.02
True,56,-0.04,True,3,3,False,38,False,0.17260995163285567,0.03306820523820373,0.6449621867960693,29.942464604391716,45.57842535723468,0.0,HMTD-MDE,24,case57,0.02
True,53,0.04,True,3,3,False,52,False,0.19831931251662385,0.01006697021210039,0.6449621867960693,25.751085247611627,35.7569315325236,0.0,HMTD-MDE,25,case57,0.02
True,48,0.04,True,6,6,False,48,True,4.474062438857355e-10,0.006835100873956723,0.6449621867960693,27.924535496276803,39.40035651321526,0.0,HMTD-MDE,26,case57,0.02
True,24,-0.04,False,20,20,False,29,False,0.3981066356498079,0.03412635998101667,0.6449621867960693,29.017948001273908,59.56508124654648,0.0,HMTD-MDE,27,case57,0.02
True,20,0.04,False,20,20,False,19,False,0.23722482382970667,0.017763897993987574,0.6449621867960693,28.825672858511098,39.112125302199274,0.0,HMTD-MDE,28,case57,0.02
True,34,-0.04,True,18,18,False,31,False,0.43558928183179424,0.050277546170253914,0.6449621867960693,30.27859374997206,50.89859617000912,0.0,HMTD-MDE,29,case57,0.02
True,11,-0.04,True,1,1,False,11,True,3.8671819781197475e-10,0.0010130229882641384,0.6449621867960693,28.071674998500384,43.33980801166036,0.0,HMTD-MDE,30,case57,0.02
True,38,0.04,False,20,20,False,38,True,0.1724585932416244,0.03300060655234415,0.6449621867960693,26.353827043203637,39.352299986057915,0.0,HMTD-MDE,31,case57,0.02
True,32,0.04,False,20,20,False,0,False,0.6687802558116483,0.3578092426080121,0.6449621867960693,25.984974947641604,46.57202019589022,0.0,HMTD-MDE,32,case57,0.02
True,15,-0.04,False,20,20,False,0,False,0.6468615639783687,0.3973076768101334,0.6449621867960693,31.729739610455,63.786416302900776,0.0,HMTD-MDE,33,case57,0.02
True,36,0.04,True,1,1,False,36,True,0.0015789888517805252,0.002522348589341225,0.6449621867960693,24.92971264582593,33.72732888383326,0.0,HMTD-MDE,34,case57,0.02
True,26,0.04,False,20,20,False,0,False,0.6489286530607877,0.36780016828504236,0.6449621867960693,30.71266050392296,45.68952711997555,0.0,HMTD-MDE,35,case57,0.02
True,28,0.04,False,20,20,False,27,False,0.16671215948111706,0.06674465739204276,0.6449621867960693,32.26257079804782,57.780898193595945,0.0,HMTD-MDE,36,case57,0.02
True,3,0.04,True,8,8,False,3,True,1.711826338850451e-05,0.00839631972075176,0.6449621867960693,33.035573054803535,58.98587946430782,0.0,HMTD-MDE,37,case57,0.02
True,6,0.04,True,1,1,False,6,True,3.8671819781197734e-10,0.006002626817937998,0.6449621867960693,31.088706295122392,42.705813172506176,0.0,HMTD-MDE,38,case57,0.02
True,51,-0.04,False,20,20,False,51,True,0.25591821470575943,0.08879175250058204,0.6449621867960693,29.822468748898245,40.9017901896732,0.0,HMTD-MDE,39,case57,0.02
True,17,0.04,False,20,20,False,0,False,0.6979692567318235,0.3242333716142169,0.6449621867960693,28.82503540313337,48.93287149898243,0.0,HMTD-MDE,40,case57,0.02
True,49,-0.04,True,12,12,False,49,True,0.15804995064534544,0.025470848582341502,0.6449621867960693,28.041081153787673,39.656716299941785,0.0,HMTD-MDE,41,case57,0.02
True,19,-0.04,False,20,20,False,19,True,0.25837510859437773,0.02072612605307199,0.6449621867960693,27.639733196701854,42.328868724871434,0.0,HMTD-MDE,42,case57,0.02
True,31,0.04,False,20,20,False,31,True,0.4551939210546094,0.0685888088920906,0.6449621867960693,30.573287449078634,52.863961900584414,0.0,HMTD-MDE,43,case57,0.02
True,55,0.04,True,1,1,False,55,True,0.15642762660997106,0.004437099467752923,0.6449621867960693,34.83730625885073,68.80775480531157,0.0,HMTD-MDE,44,case57,0.02
True,2,0.04,True,5,5,False,2,True,0.006818032122478451,0.011639456145633166,0.6449621867960693,25.742027052911,34.81187915313058,0.0,HMTD-MDE,45,case57,0.02
True,34,-0.04,False,20,20,False,31,False,0.4340988572278914,0.0495913561049547,0.6449621867960693,27.891854161862284,36.55866906628944,0.0,HMTD-MDE,46,case57,0.02
True,14,-0.04,False,20,20,False,14,True,3.8671817035266215e-10,0.01687813472895611,0.6449621867960693,28.654799959622324,45.440750024863526,0.0,HMTD-MDE,47,case57,0.02
True,1,0.04,False,20,20,False,0,False,0.6472168439671874,0.39414849060610246,0.6449621867960693,33.45409589528572,67.36917317030021,0.0,HMTD-MDE,48,case57,0.02
True,34,-0.04,False,20,20,False,31,False,0.4300448138334487,0.04573793735450979,0.6449621867960693,30.01125414739363,45.97013295569924,0.0,HMTD-MDE,49,case57,0.02
True,40,-0.04,False,20,20,False,40,True,0.060917503734311686,0.023322929033568047,0.6449621867960693,26.604041844257154,43.29728391894605,0.0,HMTD-MDE,50,case57,0.02
True,27,-0.04,False,20,20,False,0,False,0.6903227903039207,0.26969507769712786,0.6449621867960693,33.4418562008068,59.955480918870315,0.0,HMTD-MDE,51,case57,0.02
True,44,-0.04,False,20,20,False,0,False,0.6473321975786169,0.3738157491204447,0.6449621867960693,28.31996254681144,56.27192497777287,0.0,HMTD-MDE,52,case57,0.02
True,1,0.04,False,20,20,False,0,False,0.6714824370301632,0.3432341221296281,0.6449621867960693,26.570908303256147,34.61811939487234,0.0,HMTD-MDE,53,case57,0.02
True,20,-0.04,False,20,20,False,20,True,0.24979524204190987,0.019284187692654862,0.6449621867960693,24.098564602900296,29.610558936838068,0.0,HMTD-MDE,54,case57,0.02
True,41,-0.04,True,1,1,False,55,False,0.03189894019631318,0.0035120039728351606,0.6449621867960693,31.181027091224678,47.46858809958212,0.0,HMTD-MDE,55,case57,0.02
True,25,0.04,False,20,20,False,0,False,0.6828659053623666,0.3173929455247048,0.6449621867960693,26.73337895248551,37.053553844452836,0.0,HMTD-MDE,56,case57,0.02
True,33,0.04,False,20,20,False,0,False,0.6912660940989224,0.34690803352571853,0.6449621867960693,32.896485342644155,51.62830978515561,0.0,HMTD-MDE,57,case57,0.02
True,42,-0.04,False,20,20,False,0,False,0.6810276396726105,0.3221906675622076,0.6449621867960693,30.689066697959788,50.7021274388535,0.0,HMTD-MDE,58,case57,0.02
True,21,0.04,False,20,20,False,0,False,0.6536697154243347,0.36795567760119813,0.6449621867960693,27.958529195166193,51.585460439673625,0.0,HMTD-MDE,59,case57,0.02
True,36,-0.04,True,1,1,False,36,True,7.466548553455902e-07,0.0025224923678899077,0.6449621867960693,31.139952095691115,55.325445529888405,0.0,HMTD-MDE,60,case57,0.02
True,46,0.04,False,20,20,False,0,False,0.6715277077948921,0.35408175891524307,0.6449621867960693,36.98208954301663,63.10839549114462,0.0,HMTD-MDE,61,case57,0.02
True,56,0.04,False,20,20,False,38,False,0.1714853577482115,0.03288853446210004,0.6449621867960693,32.49889159924351,48.80560174933636,0.0,HMTD-MDE,62,case57,0.02
True,8,-0.04,True,1,1,False,8,True,3.8671819781197475e-10,0.0009800311848865621,0.6449621867960693,31.764070753706616,50.76930566865485,0.0,HMTD-MDE,63,case57,0.02
True,2,0.04,False,20,20,False,2,True,0.0006360657540778477,0.011652455622185294,0.6449621867960693,27.86048759589903,37.98439641541336,0.0,HMTD-MDE,64,case57,0.02
True,43,0.04,False,20,20,False,43,True,0.17241365578829315,0.02181988535195751,0.6449621867960693,24.802804307546467,29.97403751651291,0.0,HMTD-MDE,65,case57,0.02
True,11,0.04,True,1,1,False,11,True,3.8671819781197475e-10,0.0010130229882641384,0.6449621867960693,27.006774948677048,38.29093889798969,0.0,HMTD-MDE,66,case57,0.02
True,7,0.04,False,20,20,False,7,True,0.10381171938753646,0.07584772289884278,0.6449621867960693,26.008195843314752,40.75084824289661,0.0,HMTD-MDE,67,case57,0.02
True,7,-0.04,False,20,20,False,7,True,0.30133965226262927,0.10374165576824121,0.6449621867960693,29.370875045424327,39.74913191923407,0.0,HMTD-MDE,68,case57,0.02
True,51,-0.04,False,20,20,False,54,False,0.5976313992254916,0.20337260302458426,0.6449621867960693,30.73656664637383,41.967943744384684,0.0,HMTD-MDE,69,case57,0.02
True,12,-0.04,True,1,1,False,12,True,3.8671819781197475e-10,0.0002487290309277764,0.6449621867960693,29.800366747076623,42.614731506910196,0.0,HMTD-MDE,70,case57,0.02
True,17,-0.04,False,20,20,False,17,True,0.5338652987364201,0.1568922967516217,0.6449621867960693,31.726291598170064,65.67800832854121,0.0,HMTD-MDE,71,case57,0.02
True,35,0.04,True,1,1,False,35,True,0.00010262588587138165,0.0023388615050070013,0.6449621867960693,26.66274785879068,35.205832732026465,0.0,HMTD-MDE,72,case57,0.02
True,37,0.04,False,20,20,False,37,True,0.17155512041217594,0.02172876858205239,0.6449621867960693,29.525806294986978,50.56274579255842,0.0,HMTD-MDE,73,case57,0.02
True,11,0.04,True,1,1,False,11,True,3.8671819781197475e-10,0.0010130229882641384,0.6449621867960693,30.88965849019587,62.834772965288735,0.0,HMTD-MDE,74,case57,0.02
True,43,-0.04,False,20,20,False,37,False,0.17151390215883555,0.021725254445550096,0.6449621867960693,31.543316741590388,52.82614024181385,0.0,HMTD-MDE,75,case57,0.02
True,39,0.04,False,20,20,False,0,False,0.662494673522757,0.3658282748530858,0.6449621867960693,39.06068753567524,69.33378506219019,0.0,HMTD-MDE,76,case57,0.02
True,41,-0.04,True,1,1,False,55,False,0.16996865270258,0.0031705821568772984,0.6449621867960693,32.39479155454319,68.38309099257461,0.0,HMTD-MDE,77,case57,0.02
True,11,-0.04,True,1,1,False,11,True,3.8671819781197475e-10,0.0010130229882641384,0.6449621867960693,29.641351947793737,38.85855270782488,0.0,HMTD-MDE,78,case57,0.02
True,24,0.04,True,13,13,False,34,False,0.41284765700730264,0.03798488826527208,0.6449621867960693,29.015639450517483,62.82575411896689,0.0,HMTD-MDE,79,case57,0.02
True,26,-0.04,False,20,20,False,0,False,0.6738330066009125,0.35363376491613774,0.6449621867960693,26.701239607064053,41.9666941423202,0.0,HMTD-MDE,80,case57,0.02
True,37,0.04,False,20,20,False,43,False,0.1809833982357172,0.02321245822656736,0.6449621867960693,33.17340834182687,47.72049758466895,0.0,HMTD-MDE,81,case57,0.02
True,26,-0.04,False,20,20,False,0,False,0.6531414374255405,0.38651358130132585,0.6449621867960693,30.613031244138256,53.70348929136528,0.0,HMTD-MDE,82,case57,0.02
True,20,-0.04,False,20,20,False,20,True,0.2424556085704549,0.018360801957365024,0.6449621867960693,35.31693754775915,64.90222081483809,0.0,HMTD-MDE,83,case57,0.02
True,54,0.04,False,20,20,False,0,False,0.6484885145043576,0.379870103892883,0.6449621867960693,36.847683347878046,59.97290626692123,0.0,HMTD-MDE,84,case57,0.02
True,31,0.04,False,20,20,False,31,True,0.43239968551221925,0.048836496599221596,0.6449621867960693,36.829935302375816,78.76381422975102,0.0,HMTD-MDE,85,case57,0.02
True,28,0.04,False,20,20,False,28,True,0.1635955408885984,0.05928595260288118,0.6449621867960693,31.79903134878259,65.34818128275222,0.0,HMTD-MDE,86,case57,0.02
True,26,-0.04,False,20,20,False,0,False,0.6987188552102664,0.33130867378131046,0.6449621867960693,33.12690211168956,62.83218366734218,0.0,HMTD-MDE,87,case57,0.02
True,17,-0.04,False,20,20,False,0,False,0.6851246890636051,0.26169682911061043,0.6449621867960693,36.60205630294513,59.47236637584866,0.0,HMTD-MDE,88,case57,0.02
True,55,-0.04,True,1,1,False,55,True,0.1170564710408125,0.0033918027070486884,0.6449621867960693,31.496702053118497,57.291387207806125,0.0,HMTD-MDE,89,case57,0.02
True,11,0.04,True,1,1,False,11,True,3.8671819781197475e-10,0.0010130229882641384,0.6449621867960693,29.09588340553455,47.670612801448456,0.0,HMTD-MDE,90,case57,0.02
True,48,-0.04,True,2,2,False,48,True,3.867180879718617e-10,0.006835100873864217,0.6449621867960693,30.89102289522998,50.24128362420016,0.0,HMTD-MDE,91,case57,0.02
True,50,-0.04,True,15,15,False,50,True,0.16959479223260093,0.020056399330547203,0.6449621867960693,25.729033243260346,34.558812124305405,0.0,HMTD-MDE,92,case57,0.02
True,53,-0.04,True,3,3,False,52,False,0.21033700434801164,0.010701410362200738,0.6449621867960693,34.980079196975566,72.47437019832435,0.0,HMTD-MDE,93,case57,0.02
True,43,0.04,False,20,20,False,37,False,0.17147914226990968,0.021722462371216188,0.6449621867960693,35.93805625569075,99.63554828136694,0.0,HMTD-MDE,94,case57,0.02
True,40,-0.04,False,20,20,False,40,True,0.024893718219891642,0.02411083171850948,0.6449621867960693,28.21544389880728,46.39565974939615,0.0,HMTD-MDE,95,case57,0.02
True,10,-0.04,True,1,1,False,10,True,3.8671819781197475e-10,0.0022597999254097413,0.6449621867960693,30.166564593673684,56.0938770940993,0.0,HMTD-MDE,96,case57,0.02
True,14,0.04,True,15,15,False,14,True,3.8671819781207753e-10,0.016878134728956107,0.6449621867960693,25.876258246717043,33.23171425727197,0.0,HMTD-MDE,97,case57,0.02
True,53,-0.04,True,5,5,False,53,True,0.20458738041711413,0.010381448340674091,0.6449621867960693,34.78983550157864,77.7385812602006,0.0,HMTD-MDE,98,case57,0.02
True,49,-0.04,False,20,20,False,49,True,0.15633835981181193,0.026145672994087005,0.6449621867960693,25.609677002648823,32.98196249816102,0.0,HMTD-MDE,99,case57,0.02
True,56,0.04,False,20,20,False,38,False,0.1714416487273334,0.03288433946283213,0.6449621867960693,28.27055005764123,43.86115446104668,0.0,HMTD-MDE,100,case57,0.02
True,17,-0.04,False,20,20,False,18,False,0.345266497916055,0.04841935080746046,0.6449621867960693,36.03514180285856,73.60468962287999,0.0,HMTD-MDE,101,case57,0.02
True,12,0.04,True,1,1,False,12,True,3.8671819781197475e-10,0.0002487290309277764,0.6449621867960693,30.86091450531967,45.30206873314455,0.0,HMTD-MDE,102,case57,0.02
True,48,-0.04,True,2,2,False,48,True,3.867180879722048e-10,0.006835100873864217,0.6449621867960693,33.53461875231005,55.96267765504309,0.0,HMTD-MDE,103,case57,0.02
True,31,0.04,False,20,20,False,31,True,0.4212142366481401,0.0415397451472343,0.6449621867960693,33.21162909560371,68.80171457887627,0.0,HMTD-MDE,104,case57,0.02
True,31,0.04,False,20,20,False,0,False,0.677081474635168,0.346945724584106,0.6449621867960693,32.146764651406556,53.39510834601243,0.0,HMTD-MDE,105,case57,0.02
True,41,-0.04,True,1,1,False,55,False,0.1677343138854581,0.003197209201414985,0.6449621867960693,31.869093762361445,52.46495207829867,0.0,HMTD-MDE,106,case57,0.02
True,16,-0.04,False,20,20,False,0,False,0.6360402820786782,0.3836133145844556,0.6449621867960693,29.191077244468033,42.09437887475361,0.0,HMTD-MDE,107,case57,0.02
True,20,0.04,True,13,13,False,20,True,0.18815060095993125,0.014227833414907754,0.6449621867960693,26.992951994179748,39.37019789300394,0.0,HMTD-MDE,108,case57,0.02
True,50,0.04,True,14,14,False,50,True,0.14767339453861447,0.016487617817273367,0.6449621867960693,32.37139599805232,49.21074022131508,0.0,HMTD-MDE,109,case57,0.02
True,17,0.04,False,20,20,False,17,True,0.5421342564463343,0.17750524120629996,0.6449621867960693,35.877233248902485,47.681355883833064,0.0,HMTD-MDE,110,case57,0.02
True,41,0.04,True,1,1,False,41,True,0.14948138113309414,0.0029560726404262013,0.6449621867960693,31.36018329532817,46.704906263039454,0.0,HMTD-MDE,111,case57,0.02
True,15,0.04,True,0,0,False,0,False,0.6751179791911108,0.35423718752899946,0.6449621867960693,32.93313135218341,60.524129227269455,0.0,HMTD-MDE,112,case57,0.02
True,12,-0.04,True,1,1,False,12,True,3.8671819781197475e-10,0.0002487290309277764,0.6449621867960693,31.24739165068604,39.24171248509085,0.0,HMTD-MDE,113,case57,0.02
True,33,-0.04,False,20,20,False,0,False,0.7084305050891351,0.2681109117989212,0.6449621867960693,28.933647990925238,43.864492021384656,0.0,HMTD-MDE,114,case57,0.02
True,8,0.04,True,1,1,False,8,True,3.8671819781197475e-10,0.0009800311848865621,0.6449621867960693,31.870956302736882,51.57823511690368,0.0,HMTD-MDE,115,case57,0.02
True,16,-0.04,False,20,20,False,0,False,0.6623659716729868,0.3529442041650455,0.6449621867960693,28.85549585625995,45.79283125349323,0.0,HMTD-MDE,116,case57,0.02
True,46,-0.04,False,20,20,False,0,False,0.6481925460042425,0.36912359000063427,0.6449621867960693,36.308777157682925,65.49772325088273,0.0,HMTD-MDE,117,case57,0.02
True,8,-0.04,True,1,1,False,8,True,3.8671819781197475e-10,0.0009800311848865621,0.6449621867960693,27.61736664979253,42.33700002369007,0.0,HMTD-MDE,118,case57,0.02
True,20,0.04,False,20,20,False,20,True,0.2293821869131776,0.016975689301418392,0.6449621867960693,35.34069789748173,80.10895003681073,0.0,HMTD-MDE,119,case57,0.02
True,52,-0.04,True,8,8,False,52,True,0.22764753643894503,0.011876433960619898,0.6449621867960693,35.83682284806855,63.07473515335006,0.0,HMTD-MDE,120,case57,0.02
True,9,-0.04,True,9,9,False,9,True,3.8671819781208306e-10,0.013089543223447114,0.6449621867960693,31.253110244870186,54.25637114385609,0.0,HMTD-MDE,121,case57,0.02
True,21,0.04,False,20,20,False,0,False,0.6384756113831872,0.3784546560061701,0.6449621867960693,28.093098051613197,44.606169112375945,0.0,HMTD-MDE,122,case57,0.02
True,43,0.04,False,20,20,False,37,False,0.1714632086254459,0.021721262093570413,0.6449621867960693,33.35181655129418,45.75061456998811,0.0,HMTD-MDE,123,case57,0.02
True,18,-0.04,True,9,9,False,18,True,0.33000269355876066,0.06914045498608205,0.6449621867960693,33.35699979797937,65.12135202647187,0.0,HMTD-MDE,124,case57,0.02
True,38,-0.04,False,20,20,False,38,True,0.17144171510420672,0.032884344762331735,0.6449621867960693,33.20521044952329,48.76220180885866,0.0,HMTD-MDE,125,case57,0.02
True,47,-0.04,False,20,20,False,0,False,0.6931280389041364,0.2769131528252779,0.6449621867960693,29.423831147141755,53.307541605317965,0.0,HMTD-MDE,126,case57,0.02
True,51,-0.04,False,20,20,False,51,True,0.28632903782112173,0.06966728906496594,0.6449621867960693,31.68983349460177,59.12089996563736,0.0,HMTD-MDE,127,case57,0.02
True,23,0.04,True,0,0,False,0,False,0.6725246496449225,0.35124925392693607,0.6449621867960693,32.52298534789588,60.24361490271986,0.0,HMTD-MDE,128,case57,0.02
True,40,0.04,True,15,15,False,40,True,0.025347330804580688,0.02410231274961955,0.6449621867960693,27.680360444355756,40.19951691734607,0.0,HMTD-MDE,129,case57,0.02
True,20,-0.04,False,20,20,False,19,False,0.21497832736670805,0.0157844583946113,0.6449621867960693,34.87329579947982,56.366877691471046,0.0,HMTD-MDE,130,case57,0.02
True,51,-0.04,False,20,20,False,51,True,0.1869916680166215,0.04963416002181492,0.6449621867960693,28.155362489633262,40.038116654613994,0.0,HMTD-MDE,131,case57,0.02
True,26,0.04,False,20,20,False,0,False,0.6593749904297783,0.36834474117223137,0.6449621867960693,30.86594589985907,71.48740237171296,0.0,HMTD-MDE,132,case57,0.02
True,43,-0.04,True,7,7,False,37,False,0.17232532591036223,0.021809556292734632,0.6449621867960693,30.2828000014415,50.9321333753178,0.0,HMTD-MDE,133,case57,0.02
True,54,-0.04,False,20,20,False,0,False,0.6369719881351356,0.38107492316050395,0.6449621867960693,34.584047898533754,61.9870600901777,0.0,HMTD-MDE,134,case57,0.02
True,32,0.04,False,20,20,False,0,False,0.668828569143552,0.37762898667132766,0.6449621867960693,27.9656351020094,39.37391253712124,0.0,HMTD-MDE,135,case57,0.02
True,47,0.04,False,20,20,False,0,False,0.7058316002356685,0.2941635325608159,0.6449621867960693,33.268110497738235,62.394644058076665,0.0,HMTD-MDE,136,case57,0.02
True,51,0.04,True,2,2,False,51,True,0.21561993563337567,0.07205670684127403,0.6449621867960693,33.68478330667131,70.89674136950634,0.0,HMTD-MDE,137,case57,0.02
True,53,0.04,True,9,9,False,53,True,0.26397191251884894,0.01646181214823832,0.6449621867960693,32.31550830532797,89.08337980974467,0.0,HMTD-MDE,138,case57,0.02
True,54,0.04,False,20,20,False,45,False,0.5505664885286633,0.24094081009930438,0.6449621867960693,26.612052094424143,40.28151728271041,0.0,HMTD-MDE,139,case57,0.02
True,20,0.04,False,20,20,False,19,False,0.2252456839346056,0.01660437920671845,0.6449621867960693,27.671441741404124,38.11583549540956,0.0,HMTD-MDE,140,case57,0.02
True,52,0.04,True,9,9,False,52,True,0.24002793702025116,0.012974690818610088,0.6449621867960693,32.61000014608726,57.20069200615399,0.0,HMTD-MDE,141,case57,0.02
True,10,0.04,True,1,1,False,10,True,3.8671819781197475e-10,0.0022597999254097413,0.6449621867960693,29.602958358009346,39.17857326450759,0.0,HMTD-MDE,142,case57,0.02
True,12,-0.04,True,1,1,False,12,True,3.8671819781197475e-10,0.0002487290309277764,0.6449621867960693,32.84717075584922,60.237366706132896,0.0,HMTD-MDE,143,case57,0.02
True,10,0.04,True,1,1,False,10,True,3.8671819781197475e-10,0.0022597999254097413,0.6449621867960693,34.09098333795555,60.1733413495822,0.0,HMTD-MDE,144,case57,0.02
True,11,-0.04,True,1,1,False,11,True,3.8671819781197475e-10,0.0010130229882641384,0.6449621867960693,28.75310414819978,47.56273959646934,0.0,HMTD-MDE,145,case57,0.02
True,25,-0.04,False,20,20,False,0,False,0.690682420679443,0.32048497146587746,0.6449621867960693,27.747364446986467,43.75678514188622,0.0,HMTD-MDE,146,case57,0.02
True,36,0.04,True,1,1,False,36,True,1.6290121524941577e-05,0.0025224914858090527,0.6449621867960693,29.31232495175209,54.574856912950054,0.0,HMTD-MDE,147,case57,0.02
True,44,-0.04,False,20,20,False,0,False,0.6923511069214519,0.33418167571029156,0.6449621867960693,34.435579102137126,61.55790832417552,0.0,HMTD-MDE,148,case57,0.02
True,24,0.04,True,7,7,False,34,False,0.4045993434744025,0.035821256681541465,0.6449621867960693,34.88001035002526,86.17645033809823,0.0,HMTD-MDE,149,case57,0.02
True,3,0.04,True,4,4,False,3,True,0.00018334776172611287,0.008396531122995437,0.6449621867960693,31.45409589924384,43.06751075491776,0.0,HMTD-MDE,150,case57,0.02
True,42,0.04,False,20,20,False,42,True,0.03580498900315702,0.08772451586881025,0.6449621867960693,31.274362650583498,51.3180923240725,0.0,HMTD-MDE,151,case57,0.02
True,23,0.04,False,20,20,False,0,False,0.6966633894563654,0.29643113856790765,0.6449621867960693,33.218960446538404,61.45216664299369,0.0,HMTD-MDE,152,case57,0.02
True,45,0.04,False,20,20,False,45,True,0.6264484630914408,0.2474762986636803,0.6449621867960693,31.893814602517523,61.903311061905704,0.0,HMTD-MDE,153,case57,0.02
True,24,-0.04,False,20,20,False,34,False,0.4028441632184083,0.03545341876007489,0.6449621867960693,29.06904584961012,51.20452500705142,0.0,HMTD-MDE,154,case57,0.02
True,22,-0.04,False,20,20,False,45,False,0.6488701204661769,0.233219096002284,0.6449621867960693,30.67315005173441,45.503045519581086,0.0,HMTD-MDE,155,case57,0.02
True,23,0.04,False,20,20,False,0,False,0.6327707169060217,0.38802165787015686,0.6449621867960693,35.134591595851816,54.26421193405987,0.0,HMTD-MDE,156,case57,0.02
True,54,0.04,False,20,20,False,0,False,0.7022769172986036,0.2876390563699272,0.6449621867960693,35.72033750242554,64.39626044302717,0.0,HMTD-MDE,157,case57,0.02
True,33,-0.04,False,20,20,False,0,False,0.6851781905748259,0.3521680173972499,0.6449621867960693,32.955818899790756,49.371734802844024,0.0,HMTD-MDE,158,case57,0.02
True,39,-0.04,False,20,20,False,0,False,0.6350393798236497,0.3786733517422198,0.6449621867960693,31.06551460805349,53.015789919300005,0.0,HMTD-MDE,159,case57,0.02
False,0,0.0,False,20,20,False,0,True,0.6455091264536608,0.37605022651865266,0.6449621867960693,31.355999896186404,55.563914219965234,0.0,HMTD-MDE,160,case57,0.02
False,0,0.0,False,20,20,False,0,True,0.6740483613214072,0.3698026676590327,0.6449621867960693,27.2542189079104,34.63434826699087,0.0,HMTD-MDE,161,case57,0.02
False,0,0.0,False,20,20,False,0,True,0.6618666398004016,0.35875475904751775,0.6449621867960693,28.445641646976583,41.37126845598688,0.0,HMTD-MDE,162,case57,0.02
False,0,0.0,False,20,20,False,0,True,0.6700243971709209,0.3490006586357163,0.6449621867960693,29.787535354262218,38.82212463358884,0.0,HMTD-MDE,163,case57,0.02
False,0,0.0,False,20,20,False,0,True,0.6694525509021132,0.37150283190977373,0.6449621867960693,30.367766550625674,50.03253091708757,0.0,HMTD-MDE,164,case57,0.02
False,0,0.0,False,20,20,False,0,True,0.689297717370203,0.2609186731398909,0.6449621867960693,29.743825050536543,56.78591489268001,0.0,HMTD-MDE,165,case57,0.02
False,0,0.0,False,20,20,False,0,True,0.6520356014936377,0.37201534795713664,0.6449621867960693,26.16369372117333,43.34917739615778,0.0,HMTD-MDE,166,case57,0.02
False,0,0.0,False,20,20,False,0,True,0.653054529025018,0.37912809361707034,0.6449621867960693,26.719137554755434,36.36708751437255,0.0,HMTD-MDE,167,case57,0.02
False,0,0.0,False,20,20,False,0,True,0.6806683638758924,0.3260331278720665,0.6449621867960693,28.483060450525954,59.659902079147315,0.0,HMTD-MDE,168,case57,0.02
False,0,0.0,False,20,20,False,0,True,0.6533251240549497,0.37529318641994125,0.6449621867960693,28.354225045768544,40.33483360835819,0.0,HMTD-MDE,169,case57,0.02
False,0,0.0,False,20,20,False,0,True,0.6967372002482841,0.2942694892237471,0.6449621867960693,33.96125004219357,54.94343748723623,0.0,HMTD-MDE,170,case57,0.02
False,0,0.0,False,20,20,False,0,True,0.699852230476388,0.3267106903969654,0.6449621867960693,34.019495954271406,64.70251042337624,0.0,HMTD-MDE,171,case57,0.02
False,0,0.0,False,20,20,False,0,True,0.6479578161435001,0.37443463450700754,0.6449621867960693,26.833270795759745,42.1434937423328,0.0,HMTD-MDE,172,case57,0.02
False,0,0.0,False,20,20,False,0,True,0.6857486789201603,0.3472352067107354,0.6449621867960693,29.001966645591892,41.89879820623901,0.0,HMTD-MDE,173,case57,0.02
False,0,0.0,False,20,20,False,0,True,0.6651183643596086,0.3525809431304624,0.6449621867960693,31.368612396181565,45.2136401901953,0.0,HMTD-MDE,174,case57,0.02
False,0,0.0,False,20,20,False,0,True,0.6929044956957379,0.3600491942829904,0.6449621867960693,30.592943847295828,57.08996102039237,0.0,HMTD-MDE,175,case57,0.02
False,0,0.0,False,20,20,False,0,True,0.6878461232235902,0.36850514363254444,0.6449621867960693,38.43529594887514,69.17379795922902,0.0,HMTD-MDE,176,case57,0.02
False,0,0.0,False,20,20,False,0,True,0.6619801610979955,0.34963877779421454,0.6449621867960693,27.957229246385396,37.675825634505614,0.0,HMTD-MDE,177,case57,0.02
False,0,0.0,False,20,20,False,0,True,0.6997087058830946,0.32232658158499505,0.6449621867960693,28.205154096940532,44.596174999605864,0.0,HMTD-MDE,178,case57,0.02
False,0,0.0,False,20,20,False,0,True,0.6560860330492249,0.37060474610505245,0.6449621867960693,27.35349569702521,40.92966395837721,0.0,HMTD-MDE,179,case57,0.02
False,0,0.0,False,20,20,False,0,True,0.6632478962690068,0.36569542172408737,0.6449621867960693,29.423595740809105,47.588635433930904,0.0,HMTD-MDE,180,case57,0.02
False,0,0.0,False,20,20,False,0,True,0.6239770597978758,0.39202979496991586,0.6449621867960693,31.800418996135704,64.43815692327918,0.0,HMTD-MDE,181,case57,0.02
False,0,0.0,False,20,20,False,0,True,0.6795721175567618,0.3533158122389799,0.6449621867960693,28.840156353544444,48.06630693783518,0.0,HMTD-MDE,182,case57,0.02
False,0,0.0,False,20,20,False,0,True,0.7212812520974776,0.31442462387229,0.6449621867960693,35.962468895013444,66.58022913034077,0.0,HMTD-MDE,183,case57,0.02
False,0,0.0,True,11,11,True,0,True,0.6775260894663448,0.35937009838377454,0.6449621867960693,24.976772849913687,34.95192325208336,0.0,HMTD-MDE,184,case57,0.02
False,0,0.0,False,20,20,False,0,True,0.7123004531486228,0.33744841183677343,0.6449621867960693,31.449550099205226,43.98722083424218,0.0,HMTD-MDE,185,case57,0.02
False,0,0.0,False,20,20,False,0,True,0.6471898364031728,0.3805891072160564,0.6449621867960693,36.03427080088295,100.04604231799021,0.0,HMTD-MDE,186,case57,0.02
False,0,0.0,False,20,20,False,0,True,0.719751295798228,0.3153417130812421,0.6449621867960693,21.46515200729482,26.1744937801268,0.0,HMTD-MDE,187,case57,0.02
False,0,0.0,False,20,20,False,0,True,0.6669165680542818,0.39107306932048147,0.6449621867960693,33.06897079455666,55.20246074593163,0.0,HMTD-MDE,188,case57,0.02
False,0,0.0,False,20,20,False,0,True,0.689050246610288,0.34654016498300017,0.6449621867960693,18.73096869676374,21.138932977919467,0.0,HMTD-MDE,189,case57,0.02
False,0,0.0,False,20,20,False,0,True,0.6839933298691168,0.3557134285154448,0.6449621867960693,28.54049779707566,46.45847289648373,0.0,HMTD-MDE,190,case57,0.02
False,0,0.0,False,20,20,False,0,True,0.6975806638773971,0.34071272922904094,0.6449621867960693,25.47926465049386,44.60711942519993,0.0,HMTD-MDE,191,case57,0.02
False,0,0.0,False,20,20,False,0,True,0.6653798957310685,0.3578529795069101,0.6449621867960693,18.389460592879914,22.60186074709054,0.0,HMTD-MDE,192,case57,0.02
False,0,0.0,False,20,20,False,28,False,0.5647522669805938,0.18589233335623495,0.6449621867960693,27.85589995328337,39.40751662885305,0.0,HMTD-MDE,193,case57,0.02
False,0,0.0,True,7,7,True,0,True,0.6716121607739473,0.35558830254566787,0.6449621867960693,20.15841664688196,23.730220831930637,0.0,HMTD-MDE,194,case57,0.02
False,0,0.0,False,20,20,False,0,True,0.6558765417544374,0.3731872043767889,0.6449621867960693,34.03759989887476,70.50463394843975,0.0,HMTD-MDE,195,case57,0.02
False,0,0.0,False,20,20,False,0,True,0.6546330598385779,0.36999011396938736,0.6449621867960693,19.67375215899665,23.315451791859232,0.0,HMTD-MDE,196,case57,0.02
False,0,0.0,False,20,20,False,0,True,0.7077451017831697,0.33775003831845685,0.6449621867960693,13.44745430687908,16.91533932753373,0.0,HMTD-MDE,197,case57,0.02
False,0,0.0,False,20,20,False,0,True,0.6765778692163248,0.3499410404097296,0.6449621867960693,18.57708344468847,21.71313899452798,0.0,HMTD-MDE,198,case57,0.02
False,0,0.0,False,20,20,False,0,True,0.6382110419107031,0.40188699418642715,0.6449621867960693,11.911245837109163,14.617116635781713,0.0,HMTD-MDE,199,case57,0.02
True,26,-0.04,True,5,5,False,26,True,0.1714416009440448,0.009791318665955983,0.4417337408009692,372.4980853992747,451.1398458707858,0.0,MS-HIDE,0,case57,0.02
True,49,-0.04,True,3,3,False,49,True,3.893763528458763e-10,0.004336707478475411,0.4651680992719595,275.557716700132,350.5065586679848,0.0,MS-HIDE,1,case57,0.02
True,53,-0.04,True,3,3,False,53,True,0.1714416009490786,0.00424032009276713,0.4379955338618757,355.58839994482696,430.771880951944,0.0,MS-HIDE,2,case57,0.02
True,37,0.04,True,2,2,False,37,True,0.1714416009440448,0.0043258043208437074,0.5360478868576057,265.70167093886994,330.9949666785542,0.0,MS-HIDE,3,case57,0.02
True,46,0.04,True,17,17,False,0,False,0.5344552372838731,0.31594116521957627,0.5451300387799797,248.84091669518966,318.06161905988125,0.0,MS-HIDE,4,case57,0.02
True,17,0.04,True,11,11,False,17,True,0.003572981594107937,0.00640755982202197,0.44869616674035484,378.23646040051244,518.3150410593967,0.0,MS-HIDE,5,case57,0.02
True,24,0.04,True,4,4,False,29,False,0.17144160735990838,0.005615264313176879,0.6614237029314626,274.7487521060975,340.0222732539988,0.0,MS-HIDE,6,case57,0.02
True,3,0.04,True,3,3,False,3,True,3.8671819781197475e-10,0.0029516623043355076,0.46227935795956765,360.14536039729137,408.88560619496394,0.0,MS-HIDE,7,case57,0.02
True,8,-0.04,True,1,1,False,8,True,3.8671819781197475e-10,0.0010797786687860383,0.32943222392611216,269.51428960601334,323.47968338872306,0.0,MS-HIDE,8,case57,0.02
True,22,0.04,False,20,20,False,0,False,0.6134634692066946,0.2840910428586722,0.5615434228274075,259.31694789614994,328.3969420037465,0.0,MS-HIDE,9,case57,0.02
True,29,-0.04,True,3,3,False,24,False,0.1714416009440448,0.005615264355689615,0.6705439910405191,376.61655220144894,518.5660047602154,0.0,MS-HIDE,10,case57,0.02
True,28,-0.04,True,2,2,False,28,True,3.8671814289191836e-10,0.002230140679500223,0.5118504672122659,275.4478582442971,320.8222707995447,0.0,MS-HIDE,11,case57,0.02
True,8,0.04,True,1,1,False,8,True,3.8671819781197475e-10,0.0010797786690754211,0.3441929320214556,366.5243811556138,434.31116875726843,0.0,MS-HIDE,12,case57,0.02
True,28,-0.04,True,1,1,False,28,True,3.867181428926154e-10,0.0022300198178843433,0.49431504555297434,281.56537705508526,332.89612914959446,0.0,MS-HIDE,13,case57,0.02
True,22,0.04,False,20,20,False,0,False,0.5865904822211224,0.29536264908563015,0.54915730709457,273.58064590371214,340.8873267529998,0.0,MS-HIDE,14,case57,0.02
True,26,0.04,True,11,11,False,25,False,0.1714416009440448,0.01003829653198749,0.4488338320745902,366.6642811469501,442.16553184087513,0.0,MS-HIDE,15,case57,0.02
True,40,-0.04,False,20,20,False,40,True,9.183102583377468e-05,0.017084655802856948,0.44900969991210354,269.58959579642396,317.98023752344307,0.0,MS-HIDE,16,case57,0.02
True,1,-0.04,False,20,20,False,0,False,0.5937065065045612,0.2979347157042622,0.5336111864153665,371.88696039956994,447.45388298470186,0.0,MS-HIDE,17,case57,0.02
True,37,-0.04,True,2,2,False,37,True,0.17144160097940128,0.004373416890880775,0.5181030619182747,284.8836957127787,336.13300624419935,0.0,MS-HIDE,18,case57,0.02
True,42,-0.04,True,2,2,False,42,True,3.8671808797186145e-10,0.005410341373993504,0.5550133728194608,269.68216455716174,339.71504344954155,0.0,MS-HIDE,19,case57,0.02
True,32,0.04,False,20,20,False,0,False,0.5415384137587671,0.31624954346732037,0.5077861542639456,374.5003271033056,444.455697218656,0.0,MS-HIDE,20,case57,0.02
True,20,0.04,True,1,1,False,20,True,0.1714416009440448,0.004995151301916335,0.49829637206118726,271.6255895997165,319.8274020716781,0.0,MS-HIDE,21,case57,0.02
True,46,0.04,False,20,20,False,0,False,0.5102097985545951,0.33192674142232803,0.5146952848811753,358.80893535213545,444.3025193992082,0.0,MS-HIDE,22,case57,0.02
True,42,0.04,True,4,4,False,42,True,3.8671808797186145e-10,0.005410497355507573,0.5632983025646816,274.0763270005118,363.2882372185122,0.0,MS-HIDE,23,case57,0.02
True,56,-0.04,True,3,3,False,56,True,0.1714416009440448,0.011585063060356136,0.5580185392522911,256.7698979546549,313.4447770891711,0.0,MS-HIDE,24,case57,0.02
True,53,0.04,True,2,2,False,53,True,0.17144160095451935,0.004168046039809092,0.41990418202916385,281.91437080095056,352.1398645971203,0.0,MS-HIDE,25,case57,0.02
True,48,0.04,True,4,4,False,48,True,1.1861584835554726e-06,0.0029696535788296505,0.5269955436392753,265.511381343822,321.644964281586,0.0,MS-HIDE,26,case57,0.02
True,24,-0.04,True,2,2,False,24,True,0.17144160100590655,0.005356990279834036,0.6539581993084465,279.054310452193,336.2011881865328,0.0,MS-HIDE,27,case57,0.02
True,20,0.04,True,1,1,False,19,False,0.1714416009440448,0.004978133651315862,0.5421078690772041,274.91749999462627,332.93285689724144,0.0,MS-HIDE,28,case57,0.02
True,34,-0.04,True,3,3,False,34,True,3.8671811543221083e-10,0.005434689620331598,0.4955643792896985,269.9561667017406,344.1298020683462,0.0,MS-HIDE,29,case57,0.02
True,11,-0.04,True,1,1,False,11,True,3.8671819781197475e-10,0.0012305831351708872,0.355875530005509,275.5621709075058,333.29826878616586,0.0,MS-HIDE,30,case57,0.02
True,38,0.04,False,20,20,False,38,True,0.1714416009440448,0.011583571997998419,0.5609837277670237,269.3545686022844,320.4422815470025,0.0,MS-HIDE,31,case57,0.02
True,32,0.04,False,20,20,False,0,False,0.5744437869400377,0.3060938322774734,0.5285880974792255,265.81469779484905,336.45374616316985,0.0,MS-HIDE,32,case57,0.02
True,15,-0.04,False,20,20,False,0,False,0.5311836484945194,0.33402119089960874,0.5345884758707272,267.164672902436,315.67449101421516,0.0,MS-HIDE,33,case57,0.02
True,36,0.04,True,1,1,False,36,True,3.86718087972094e-10,0.0021471602333868883,0.4124459134697389,269.0783542464487,340.0128204666544,0.0,MS-HIDE,34,case57,0.02
True,26,0.04,False,20,20,False,26,True,0.1714416009440448,0.009796077530166149,0.46746431447497705,272.3394771513995,349.26666253595613,0.0,MS-HIDE,35,case57,0.02
True,28,0.04,True,1,1,False,28,True,3.8671814289191816e-10,0.0022888602129838625,0.5012619299874387,265.57382509927265,349.337264886708,0.0,MS-HIDE,36,case57,0.02
True,3,0.04,True,4,4,False,3,True,3.8671819781197486e-10,0.0029516623041235435,0.45476550201320465,261.70047700288706,346.7996356834192,0.0,MS-HIDE,37,case57,0.02
True,6,0.04,True,2,2,False,6,True,1.1105820794255744e-07,0.002490872808968618,0.5604951228022412,263.9031167986104,327.3175785521744,0.0,MS-HIDE,38,case57,0.02
True,51,-0.04,False,20,20,False,51,True,1.358941528447016e-05,0.009950282644618624,0.4848531082060046,274.38369985320605,355.00519999768585,0.0,MS-HIDE,39,case57,0.02
True,17,0.04,True,12,12,False,17,True,0.0026609715190794424,0.006447760180290508,0.4600037113460977,249.23471669608261,318.79691249341704,0.0,MS-HIDE,40,case57,0.02
True,49,-0.04,True,3,3,False,49,True,7.006681296563526e-08,0.004336707462826047,0.45687213428806506,255.06744164449628,318.3523020532448,0.0,MS-HIDE,41,case57,0.02
True,19,-0.04,True,4,4,False,19,True,0.1714416009440448,0.0050164024760845334,0.48020132059145004,268.230831247638,332.11474611307494,0.0,MS-HIDE,42,case57,0.02
True,31,0.04,True,2,2,False,31,True,0.0040415086933372315,0.005094853497194018,0.444521825044839,258.9934709510999,348.69352528185124,0.0,MS-HIDE,43,case57,0.02
True,55,0.04,True,1,1,False,55,True,4.822071875533733e-06,0.0025328308337701265,0.4649810207326426,267.55904789606575,333.2622351066675,0.0,MS-HIDE,44,case57,0.02
True,2,0.04,True,4,4,False,2,True,3.8671819781206047e-10,0.0042139270372592965,0.48861388396203986,268.60595614707563,327.2070940816775,0.0,MS-HIDE,45,case57,0.02
True,34,-0.04,True,4,4,False,34,True,4.3713424036799124e-10,0.005680188272606698,0.4556232457829108,269.31303130986635,335.65857536450494,0.0,MS-HIDE,46,case57,0.02
True,14,-0.04,True,1,1,False,14,True,3.867181978120374e-10,0.003623896425397723,0.597007713130119,260.8262999448925,322.299264598405,0.0,MS-HIDE,47,case57,0.02
True,1,0.04,False,20,20,False,0,False,0.5906230539805627,0.3077417760025505,0.5232927161526152,256.62005834747106,331.6639149154071,0.0,MS-HIDE,48,case57,0.02
True,34,-0.04,True,9,9,False,34,True,3.867180879718629e-10,0.005466696320705782,0.49239112225989173,263.26477919647004,328.0449586658506,0.0,MS-HIDE,49,case57,0.02
True,40,-0.04,False,20,20,False,40,True,0.00469544233439179,0.022205969013525777,0.5094395447473258,271.3442042004317,341.5184059820604,0.0,MS-HIDE,50,case57,0.02
True,27,-0.04,True,3,3,False,27,True,3.867181428919713e-10,0.0031388771344640237,0.5285548968890985,266.5743354620645,323.45653544180095,0.0,MS-HIDE,51,case57,0.02
True,44,-0.04,True,9,9,False,44,True,0.0010321737225112803,0.009170090498148369,0.5080946744916995,264.1848979576025,323.0021645693342,0.0,MS-HIDE,52,case57,0.02
True,1,0.04,False,20,20,False,0,False,0.5393272834060334,0.32813718640622186,0.5207254246768114,270.47862290928606,345.60872052970814,0.0,MS-HIDE,53,case57,0.02
True,20,-0.04,True,2,2,False,20,True,0.1714416009440448,0.005048616358229017,0.4891212189954151,263.69847304886207,326.97338542784564,0.0,MS-HIDE,54,case57,0.02
True,41,-0.04,True,1,1,False,41,True,3.873189901160799e-10,0.001926029123942962,0.5524292738619114,268.6290896643186,325.0827018317068,0.0,MS-HIDE,55,case57,0.02
True,25,0.04,False,20,20,False,26,False,0.17144160094472102,0.009786407413800513,0.454904308600005,264.1049041529186,346.6356413002359,0.0,MS-HIDE,56,case57,0.02
True,33,0.04,False,20,20,False,33,True,0.18464601695630403,0.06500619409200667,0.5030134820904542,257.68661245238036,309.124685783172,0.0,MS-HIDE,57,case57,0.02
True,42,-0.04,True,4,4,False,42,True,3.8671808797186145e-10,0.005410341571603407,0.5552344246133571,268.36003329080995,335.0931618042523,0.0,MS-HIDE,58,case57,0.02
True,21,0.04,False,20,20,False,0,False,0.5374447368064856,0.31888164712828404,0.509801455681918,262.97804780188017,315.54063961375505,0.0,MS-HIDE,59,case57,0.02
True,36,-0.04,True,1,1,False,36,True,3.867181154319971e-10,0.0021607375601943564,0.41435911586294716,269.7499791480368,330.151883608778,0.0,MS-HIDE,60,case57,0.02
True,46,0.04,False,20,20,False,0,False,0.5441789764529832,0.32758061665676136,0.4872539668863539,268.6584332433995,323.99853989772964,0.0,MS-HIDE,61,case57,0.02
True,56,0.04,False,20,20,False,56,True,0.17144160094404476,0.011585018292431765,0.5549588248910594,264.8609229014255,339.8150624765549,0.0,MS-HIDE,62,case57,0.02
True,8,-0.04,True,1,1,False,8,True,3.8671819781197475e-10,0.0010797786690754211,0.3441929320214556,243.97184169501998,304.40355596947484,0.0,MS-HIDE,63,case57,0.02
True,2,0.04,True,1,1,False,2,True,3.867181978120449e-10,0.004213927035483688,0.4939756687248017,263.3245710574556,328.22014759003656,0.0,MS-HIDE,64,case57,0.02
True,43,0.04,True,3,3,False,37,False,0.17144160095182762,0.004217323413023695,0.5189056601680831,268.90422301075887,326.25232883729046,0.0,MS-HIDE,65,case57,0.02
True,11,0.04,True,1,1,False,11,True,3.8671819781197475e-10,0.0008614990991923072,0.36795367381036903,277.3296084487811,348.5911235329695,0.0,MS-HIDE,66,case57,0.02
True,7,0.04,False,20,20,False,0,False,0.5675128929475465,0.34392905073690383,0.453428085697514,264.27602289477363,337.1707982587396,0.0,MS-HIDE,67,case57,0.02
True,7,-0.04,False,20,20,False,7,True,5.329074443818369e-06,0.0317373302230726,0.49433589428465907,259.9177269032225,336.66220029990654,0.0,MS-HIDE,68,case57,0.02
True,51,-0.04,True,5,5,False,51,True,4.3177683406749406e-10,0.009950010480313297,0.45030952147347086,251.41190000285863,302.4469389405567,0.0,MS-HIDE,69,case57,0.02
True,12,-0.04,True,1,1,False,12,True,3.8671819781197475e-10,0.00041065838764520185,0.3474602802169151,266.12247084849514,322.14802704402246,0.0,MS-HIDE,70,case57,0.02
True,17,-0.04,True,4,4,False,17,True,0.0011561809317239152,0.006398488725548404,0.48309241852860796,259.1825271549169,330.89803126931656,0.0,MS-HIDE,71,case57,0.02
True,35,0.04,True,2,2,False,35,True,3.8671808797186145e-10,0.0016086225796340978,0.432485446648153,260.1327145501273,315.2966985478997,0.0,MS-HIDE,72,case57,0.02
True,37,0.04,True,3,3,False,43,False,0.17144357573649951,0.004241176656898871,0.5103136564472802,256.5227269602474,320.9232548222644,0.0,MS-HIDE,73,case57,0.02
True,11,0.04,True,1,1,False,11,True,3.8671819781197475e-10,0.0012089514864707894,0.3939215369591963,271.1643624526914,328.5605871613371,0.0,MS-HIDE,74,case57,0.02
True,43,-0.04,True,1,1,False,37,False,0.17144160094404476,0.0043788739088787085,0.5102463251613368,255.34451045969035,311.09579644398764,0.0,MS-HIDE,75,case57,0.02
True,39,0.04,True,18,18,False,39,True,3.8671808797192556e-10,0.00861336418142417,0.483503148507602,263.7193187401863,327.4088440404739,0.0,MS-HIDE,76,case57,0.02
True,41,-0.04,True,1,1,False,41,True,3.8676821044532544e-10,0.0019273863662110475,0.49090177042349203,269.79144580545835,344.1801378008677,0.0,MS-HIDE,77,case57,0.02
True,11,-0.04,True,1,1,False,11,True,3.8671819781197475e-10,0.0012305831343561852,0.35534007255036404,262.14468326361384,317.79371049487963,0.0,MS-HIDE,78,case57,0.02
True,24,0.04,True,2,2,False,29,False,0.17144174875595336,0.00535317619849501,0.6801349353812978,255.69735620520078,340.3928166575497,0.0,MS-HIDE,79,case57,0.02
True,26,-0.04,True,19,19,False,25,False,0.17144160094404481,0.009952297081830423,0.4597820100816726,266.76074175338726,325.3820797632216,0.0,MS-HIDE,80,case57,0.02
True,37,0.04,True,3,3,False,37,True,0.1714416009440448,0.0042175441351764865,0.5336206345139216,270.7284396456089,334.3368333327817,0.0,MS-HIDE,81,case57,0.02
True,26,-0.04,True,6,6,False,25,False,0.1714416009440448,0.010032912275903097,0.46166203023480906,265.9730082435999,349.12055271852296,0.0,MS-HIDE,82,case57,0.02
True,20,-0.04,True,2,2,False,19,False,0.1714416009440448,0.005054394570688246,0.48937219464038617,254.9363624944817,330.9725398547016,0.0,MS-HIDE,83,case57,0.02
True,54,0.04,True,3,3,False,54,True,4.099925090559317e-10,0.005005611090445926,0.6420628053202242,258.20954584633,334.2564294900513,0.0,MS-HIDE,84,case57,0.02
True,31,0.04,True,4,4,False,31,True,0.0024698005734284543,0.005179086798400541,0.44384093117715057,269.70558324537706,339.67144096968696,0.0,MS-HIDE,85,case57,0.02
True,28,0.04,True,2,2,False,28,True,3.867181428919181e-10,0.0022300177659232414,0.510980135539651,253.99746855546258,302.02977849694435,0.0,MS-HIDE,86,case57,0.02
True,26,-0.04,True,11,11,False,25,False,0.1714416009440448,0.00995424889903597,0.47495982037805523,276.4909978461219,384.51955385680776,0.0,MS-HIDE,87,case57,0.02
True,17,-0.04,True,9,9,False,17,True,0.005245440691473366,0.006440189799210025,0.4591080435708228,259.67880008975044,300.13166423595976,0.0,MS-HIDE,88,case57,0.02
True,55,-0.04,True,1,1,False,55,True,1.1585040373749193e-05,0.0025241268205734445,0.4468331642644937,249.69067925121635,288.89387921371963,0.0,MS-HIDE,89,case57,0.02
True,11,0.04,True,1,1,False,11,True,3.8671819781197475e-10,0.0012305831354743164,0.35341554972064626,265.7797917519929,367.5200250261696,0.0,MS-HIDE,90,case57,0.02
True,48,-0.04,True,3,3,False,48,True,6.450322105029879e-10,0.0029696525579099124,0.518224869237034,262.60592915059533,316.6808600828517,0.0,MS-HIDE,91,case57,0.02
True,50,-0.04,True,3,3,False,50,True,3.867180879720199e-10,0.004035709630090182,0.4241035225215837,261.5323979523964,323.1635148928035,0.0,MS-HIDE,92,case57,0.02
True,53,-0.04,True,3,3,False,52,False,0.1714416009440448,0.004165900828333723,0.4377287349852285,262.00918130925857,306.01577145280316,0.0,MS-HIDE,93,case57,0.02
True,43,0.04,True,2,2,False,43,True,0.17144187882305426,0.004287189718463102,0.5214086275536217,259.73328546097036,321.94945422234014,0.0,MS-HIDE,94,case57,0.02
True,40,-0.04,False,20,20,False,40,True,5.539237738320938e-06,0.01710602072911542,0.45764299036800504,258.3549561910331,335.1516964612529,0.0,MS-HIDE,95,case57,0.02
True,10,-0.04,True,1,1,False,10,True,3.8671819781197475e-10,0.0019354563802871665,0.527134629980967,264.9077479931293,340.9278687584447,0.0,MS-HIDE,96,case57,0.02
True,14,0.04,True,1,1,False,14,True,3.8671817035202227e-10,0.003638283565383365,0.5958857955006528,266.0058519511949,320.1569767814363,0.0,MS-HIDE,97,case57,0.02
True,53,-0.04,True,1,1,False,52,False,0.17144160094404476,0.00416069773864376,0.4426616450512636,254.62392294721215,298.17550799343735,0.0,MS-HIDE,98,case57,0.02
True,49,-0.04,True,4,4,False,49,True,1.2857375518138955e-08,0.004336707480757743,0.4456634827422661,279.3019395408919,341.23523300222587,0.0,MS-HIDE,99,case57,0.02
True,56,0.04,True,6,6,False,56,True,0.17144160094695896,0.0115844236477537,0.5559306883314185,265.37498960096855,321.05235213821294,0.0,MS-HIDE,100,case57,0.02
True,17,-0.04,True,3,3,False,17,True,0.005660451582636565,0.007612548200446603,0.470140577431427,258.14779374049976,306.56273716595024,0.0,MS-HIDE,101,case57,0.02
True,12,0.04,True,1,1,False,12,True,3.8671819781197475e-10,0.0004106583874232911,0.33317688700442216,271.7863646510523,327.59005479165353,0.0,MS-HIDE,102,case57,0.02
True,48,-0.04,True,3,3,False,48,True,1.0760090306152158e-08,0.00296965256472205,0.5045402751757516,264.6157103998121,328.5680937522557,0.0,MS-HIDE,103,case57,0.02
True,31,0.04,True,7,7,False,31,True,0.00780664322802678,0.005137370738441575,0.41277123200658283,266.29831050231587,337.83257258182863,0.0,MS-HIDE,104,case57,0.02
True,31,0.04,True,5,5,False,31,True,0.006383606806636097,0.005084408894264183,0.4242218337418902,265.89863945846446,329.00707914959645,0.0,MS-HIDE,105,case57,0.02
True,41,-0.04,True,2,2,False,41,True,3.867845465123081e-10,0.0019126365289919558,0.4402963620490949,249.85373750096187,329.8859417147469,0.0,MS-HIDE,106,case57,0.02
True,16,-0.04,False,20,20,False,0,False,0.5616074694909278,0.31575347779348767,0.5383479747473352,264.6743041521404,322.68310982035473,0.0,MS-HIDE,107,case57,0.02
True,20,0.04,True,2,2,False,19,False,0.1714416009440448,0.005014962718381516,0.5075635516403095,271.00747090007644,352.02806075976696,0.0,MS-HIDE,108,case57,0.02
True,50,0.04,True,4,4,False,50,True,3.931149209751699e-10,0.004035709633895107,0.4561598177859465,251.86758525087498,304.59233089350164,0.0,MS-HIDE,109,case57,0.02
True,17,0.04,True,17,17,False,17,True,0.0060299053283494435,0.006844360421362236,0.4948053080697908,260.7863334036665,341.06145867554005,0.0,MS-HIDE,110,case57,0.02
True,41,0.04,True,1,1,False,41,True,1.536463809603546e-08,0.001913822333490802,0.4718760077407066,262.361058301758,321.2079044460552,0.0,MS-HIDE,111,case57,0.02
True,15,0.04,True,0,0,False,0,False,0.5781665495116223,0.287083132099032,0.47547799410822295,265.0636312493589,350.3162673005136,0.0,MS-HIDE,112,case57,0.02
True,12,-0.04,True,1,1,False,12,True,3.8671819781197475e-10,0.00041065838764520185,0.3474602802169151,261.99276239494793,315.32310801558197,0.0,MS-HIDE,113,case57,0.02
True,33,-0.04,False,20,20,False,33,True,0.19418990942024128,0.09328391844740536,0.45734512139634875,273.64119585836306,352.94358964310965,0.0,MS-HIDE,114,case57,0.02
True,8,0.04,True,1,1,False,8,True,3.8671819781197475e-10,0.001079778668545583,0.3280336736933406,267.12103949394077,321.3147166825365,0.0,MS-HIDE,115,case57,0.02
True,16,-0.04,False,20,20,False,0,False,0.5393467647201492,0.33460249518666474,0.5236628263956034,277.98619800887536,394.15884375048336,0.0,MS-HIDE,116,case57,0.02
True,46,-0.04,False,20,20,False,0,False,0.5405743564722524,0.3253240413801678,0.48862230468867646,269.2506770021282,368.30309166107327,0.0,MS-HIDE,117,case57,0.02
True,8,-0.04,True,1,1,False,8,True,3.8671819781197475e-10,0.0010797786693331523,0.34639441731273524,273.0596895533381,333.33423777075956,0.0,MS-HIDE,118,case57,0.02
True,20,0.04,True,1,1,False,20,True,0.1714416009440448,0.0049856654371002625,0.5048828916326198,260.47269369882997,346.5595124842367,0.0,MS-HIDE,119,case57,0.02
True,52,-0.04,True,3,3,False,52,True,0.17144160094933084,0.0042555515092439385,0.4390661750091973,268.46673119580373,342.2121639363468,0.0,MS-HIDE,120,case57,0.02
True,9,-0.04,True,8,8,False,9,True,3.867181978119823e-10,0.011054790105078014,0.42023646678849913,262.7038166479906,333.83726190077147,0.0,MS-HIDE,121,case57,0.02
True,21,0.04,False,20,20,False,0,False,0.5315543881519513,0.3332043991270245,0.5385771848895543,270.597037448897,330.40467853425076,0.0,MS-HIDE,122,case57,0.02
True,43,0.04,True,1,1,False,43,True,0.1714416009440448,0.004218827888773754,0.5371994646368213,272.2469228465343,326.99655765609356,0.0,MS-HIDE,123,case57,0.02
True,18,-0.04,True,9,9,False,18,True,0.063381685806989,0.033369448867570616,0.5076692856226022,258.3695249952143,303.15637016319675,0.0,MS-HIDE,124,case57,0.02
True,38,-0.04,True,18,18,False,38,True,0.1714416009440448,0.011586837538777461,0.5615498380419617,272.97313545132056,328.7906618352281,0.0,MS-HIDE,125,case57,0.02
True,47,-0.04,False,20,20,False,0,False,0.5180373671121248,0.3276018701928154,0.5577816295782158,277.7514354005689,372.65969231375493,0.0,MS-HIDE,126,case57,0.02
True,51,-0.04,False,20,20,False,51,True,4.1155614609016327e-10,0.0099501267798936,0.4717613872646589,260.5630125501193,317.76187641080475,0.0,MS-HIDE,127,case57,0.02
True,23,0.04,True,0,0,False,0,False,0.5255254239884238,0.3272769945722797,0.5335701127011225,258.73087924846914,327.46737082197797,0.0,MS-HIDE,128,case57,0.02
True,40,0.04,True,15,15,False,40,True,0.0009895799927872775,0.017829877809354477,0.5062839649570356,261.4920812397031,329.74887497548485,0.0,MS-HIDE,129,case57,0.02
True,20,-0.04,True,1,1,False,20,True,0.1714416009440448,0.005077772989642022,0.5354036396062415,265.2575375424931,339.7208413487533,0.0,MS-HIDE,130,case57,0.02
True,51,-0.04,False,20,20,False,51,True,4.097254381056361e-10,0.00995078044950357,0.4595079184281847,270.9202416532207,349.58517289487645,0.0,MS-HIDE,131,case57,0.02
True,26,0.04,True,15,15,False,25,False,0.1714416009460221,0.009800784387820262,0.44400206810953774,263.14301249803975,340.38846461335197,0.0,MS-HIDE,132,case57,0.02
True,43,-0.04,True,2,2,False,37,False,0.17144162146183692,0.004217251545887418,0.5300825456423678,265.75178945204243,333.9972347777803,0.0,MS-HIDE,133,case57,0.02
True,54,-0.04,True,4,4,False,54,True,4.994045356031712e-08,0.005042628918710587,0.6709736595586129,279.02845409698784,349.4888041721424,0.0,MS-HIDE,134,case57,0.02
True,32,0.04,False,20,20,False,0,False,0.5557312902117316,0.30621034066002667,0.5196194215879489,263.1637687009061,318.9182187838015,0.0,MS-HIDE,135,case57,0.02
True,47,0.04,False,20,20,False,0,False,0.5263365692366064,0.3344406513714504,0.5101757319927314,259.35790424700826,334.0240895893658,0.0,MS-HIDE,136,case57,0.02
True,51,0.04,True,2,2,False,51,True,4.137548732047487e-05,0.009949845417276415,0.46698895483922365,256.503133350634,315.8333479223075,0.0,MS-HIDE,137,case57,0.02
True,53,0.04,True,3,3,False,53,True,0.1714416009440448,0.004154971540190013,0.43143814989207663,269.3864916538587,329.5315131137613,0.0,MS-HIDE,138,case57,0.02
True,54,0.04,True,4,4,False,54,True,2.2216813056741104e-07,0.005004839664150448,0.6231614467120618,259.07955009606667,297.1386458229972,0.0,MS-HIDE,139,case57,0.02
True,20,0.04,True,2,2,False,20,True,0.1714416009440448,0.004976736367287224,0.4790454276770628,275.6934834003914,364.342293763184,0.0,MS-HIDE,140,case57,0.02
True,52,0.04,True,3,3,False,52,True,0.17144160094791785,0.0041392145209063706,0.40673719412274806,269.39582489430904,337.3809044802329,0.0,MS-HIDE,141,case57,0.02
True,10,0.04,True,1,1,False,10,True,3.8671819781197475e-10,0.0018888601214913788,0.5226688738181714,267.33633334515616,329.77163604518864,0.0,MS-HIDE,142,case57,0.02
True,12,-0.04,True,1,1,False,12,True,3.8671819781197475e-10,0.00041065838766619705,0.34327272238661666,268.81835835811216,345.59863367758226,0.0,MS-HIDE,143,case57,0.02
True,10,0.04,True,1,1,False,10,True,3.8671819781197475e-10,0.0018931593704016494,0.5196050220257988,258.01094170019496,340.5124312383123,0.0,MS-HIDE,144,case57,0.02
True,11,-0.04,True,1,1,False,11,True,3.8671819781197475e-10,0.0012305831232203375,0.37581112498099756,263.5221270902548,333.2253982458497,0.0,MS-HIDE,145,case57,0.02
True,25,-0.04,True,4,4,False,26,False,0.17144160094404481,0.00996074755992756,0.47593154546949346,261.9020854559494,334.86811009352095,0.0,MS-HIDE,146,case57,0.02
True,36,0.04,True,1,1,False,36,True,3.8847097034045413e-10,0.002146527441320598,0.422383022846968,268.9851187489694,339.0415003115777,0.0,MS-HIDE,147,case57,0.02
True,44,-0.04,True,12,12,False,44,True,0.0009074432297454531,0.009110294977858193,0.50091801494649,279.9750398029573,337.9679753532401,0.0,MS-HIDE,148,case57,0.02
True,24,0.04,True,1,1,False,29,False,0.171441601412124,0.005367539559254006,0.6189434758407218,261.85016440285835,318.45897319435613,0.0,MS-HIDE,149,case57,0.02
True,3,0.04,True,1,1,False,3,True,3.8671819781197517e-10,0.002951670553362923,0.47468280802261575,257.4982790480135,309.7018848086009,0.0,MS-HIDE,150,case57,0.02
True,42,0.04,True,3,3,False,42,True,3.8671808797186145e-10,0.0054103414194230015,0.5533861331656083,262.6162959000794,317.4647295061732,0.0,MS-HIDE,151,case57,0.02
True,23,0.04,False,20,20,False,28,False,0.23241924336890415,0.028980988098111612,0.5285782499549748,254.01326045102905,291.9034523889423,0.0,MS-HIDE,152,case57,0.02
True,45,0.04,True,6,6,False,45,True,3.8671808797186145e-10,0.005997599959116494,0.49596579049229916,269.2008604557486,324.67028811515775,0.0,MS-HIDE,153,case57,0.02
True,24,-0.04,True,8,8,False,24,True,0.1714416009440448,0.005625230348826063,0.60820386621989,269.4367186399177,327.88763507560367,0.0,MS-HIDE,154,case57,0.02
True,22,-0.04,False,20,20,False,0,False,0.5698147790291943,0.24782419457468446,0.5389619207350562,273.34214800212067,338.0175276979571,0.0,MS-HIDE,155,case57,0.02
True,23,0.04,False,20,20,False,0,False,0.5576604062854821,0.31415707673536797,0.5293293989222374,266.0484604915837,325.6873482343508,0.0,MS-HIDE,156,case57,0.02
True,54,0.04,True,3,3,False,54,True,4.485245167128354e-10,0.005118604818932636,0.6146630272669973,275.1186959008919,330.9847750148038,0.0,MS-HIDE,157,case57,0.02
True,33,-0.04,False,20,20,False,0,False,0.5773616874293273,0.3025323087376726,0.5218640784584917,256.6781686444301,312.2870826628059,0.0,MS-HIDE,158,case57,0.02
True,39,-0.04,False,20,20,False,39,True,3.867181154320541e-10,0.008612590859244594,0.5041562789723568,263.4344292600872,353.2765246956842,0.0,MS-HIDE,159,case57,0.02
False,0,0.0,False,20,20,False,0,True,0.5727492733127378,0.31395360142688516,0.49902279662191196,265.4662125511095,317.7934268314857,0.0,MS-HIDE,160,case57,0.02
False,0,0.0,False,20,20,False,0,True,0.5343244764281262,0.3398285272219504,0.4867536829785941,252.4312414607266,349.4235898979241,0.0,MS-HIDE,161,case57,0.02
False,0,0.0,False,20,20,False,0,True,0.5100246218628793,0.33054052725366,0.5645214907056993,253.31241665116977,343.44655415043235,0.0,MS-HIDE,162,case57,0.02
False,0,0.0,False,20,20,False,0,True,0.5349520419051947,0.32254641010609075,0.5471676996511669,261.17278964666184,309.4996607716894,0.0,MS-HIDE,163,case57,0.02
False,0,0.0,False,20,20,False,0,True,0.5273528424632382,0.3240000152257192,0.4936025225563957,250.7333875022596,303.9497288526036,0.0,MS-HIDE,164,case57,0.02
False,0,0.0,False,20,20,False,0,True,0.5617734707934696,0.3136259305110898,0.5132534730131657,269.6376937965397,318.95661911694333,0.0,MS-HIDE,165,case57,0.02
False,0,0.0,False,20,20,False,0,True,0.5240161664182905,0.33334990315058477,0.49086814059368566,261.0036439000396,319.1993746731896,0.0,MS-HIDE,166,case57,0.02
False,0,0.0,False,20,20,False,0,True,0.5484998160272623,0.3270870656667376,0.5417186793761031,257.02625215344597,320.9236369235441,0.0,MS-HIDE,167,case57,0.02
False,0,0.0,False,20,20,False,0,True,0.5350850847470434,0.3272435072083994,0.5191252475999096,259.4135103514418,317.25534102588426,0.0,MS-HIDE,168,case57,0.02
False,0,0.0,False,20,20,False,0,True,0.5693543582058676,0.3095726809647569,0.5203041085093841,252.52469809784088,313.6194672610145,0.0,MS-HIDE,169,case57,0.02
False,0,0.0,False,20,20,False,0,True,0.5896469890064858,0.27858360200983057,0.546188954408636,266.142291756114,341.916655676323,0.0,MS-HIDE,170,case57,0.02
False,0,0.0,False,20,20,False,0,True,0.6171945662602005,0.28627631425747735,0.49233503997763756,265.1830437040189,375.4217580455589,0.0,MS-HIDE,171,case57,0.02
False,0,0.0,False,20,20,False,0,True,0.5247283664678677,0.3249701382990223,0.525512698649286,271.346985391574,345.6957444082946,0.0,MS-HIDE,172,case57,0.02
False,0,0.0,False,20,20,False,0,True,0.5195095246098885,0.33114517729579834,0.5025602658593283,265.7960896496661,352.23925208847504,0.0,MS-HIDE,173,case57,0.02
False,0,0.0,False,20,20,False,0,True,0.5539675564222218,0.31492339341975556,0.54162189138805,264.0441729075974,336.7573069233913,0.0,MS-HIDE,174,case57,0.02
False,0,0.0,False,20,20,False,0,True,0.543549678875626,0.336764785825785,0.5427979952185035,266.94726664281916,319.3780750007136,0.0,MS-HIDE,175,case57,0.02
False,0,0.0,False,20,20,False,0,True,0.5517957784759191,0.31629655371932175,0.5156193309171976,263.92060825019144,365.201780947973,0.0,MS-HIDE,176,case57,0.02
False,0,0.0,False,20,20,False,0,True,0.545426344540565,0.3152350388942383,0.5199646095283166,254.54097499896307,307.2013899334707,0.0,MS-HIDE,177,case57,0.02
False,0,0.0,False,20,20,False,0,True,0.5649304146662021,0.32709749232777313,0.5131310267505804,245.08000429486856,302.5002854614286,0.0,MS-HIDE,178,case57,0.02
False,0,0.0,False,20,20,False,0,True,0.5360372311462526,0.328830362463867,0.5296212964082729,242.8777021006681,316.9002649199684,0.0,MS-HIDE,179,case57,0.02
False,0,0.0,False,20,20,False,0,True,0.520724508490538,0.3274970789796975,0.5397784051437119,257.3686021496542,312.39668778725905,0.0,MS-HIDE,180,case57,0.02
False,0,0.0,False,20,20,False,0,True,0.539477469212996,0.3211136936187821,0.5682537617361778,255.5456207977841,315.9755874599796,0.0,MS-HIDE,181,case57,0.02
False,0,0.0,False,20,20,False,0,True,0.5949231699710666,0.2818883802359362,0.5471418846114857,276.4586873963708,343.0549202079419,0.0,MS-HIDE,182,case57,0.02
False,0,0.0,False,20,20,False,25,False,0.4346534684706732,0.09495820447349229,0.5206233779685924,267.5382561516017,380.62947531579994,0.0,MS-HIDE,183,case57,0.02
False,0,0.0,True,11,11,True,0,True,0.599357123485673,0.20905927048909337,0.5142175935991589,146.41794389754068,179.45968711865135,0.0,MS-HIDE,184,case57,0.02
False,0,0.0,False,20,20,False,0,True,0.5174389542760943,0.33176887860981563,0.5393147527429907,263.4346208476927,356.0163107555128,0.0,MS-HIDE,185,case57,0.02
False,0,0.0,False,20,20,False,0,True,0.5285653176581929,0.31871521477146064,0.5416013865022338,244.51836454682052,307.4463205266511,0.0,MS-HIDE,186,case57,0.02
False,0,0.0,False,20,20,False,0,True,0.5424118447937897,0.31580568362768574,0.5316985789912207,271.376202054671,354.45245355367666,0.0,MS-HIDE,187,case57,0.02
False,0,0.0,False,20,20,False,0,True,0.5834941051391667,0.32429167548762805,0.5196320076023051,232.695816794876,295.0781191029819,0.0,MS-HIDE,188,case57,0.02
False,0,0.0,False,20,20,False,0,True,0.5554803163573089,0.32268592355062725,0.5195359257109416,130.00652714981697,169.60440238472074,0.0,MS-HIDE,189,case57,0.02
False,0,0.0,False,20,20,False,0,True,0.5859321436443584,0.28409217444262524,0.4949422195880716,255.36327713925854,316.242727113422,0.0,MS-HIDE,190,case57,0.02
False,0,0.0,False,20,20,False,0,True,0.5502428319190458,0.3358202568202624,0.5236142281239514,168.97747720649932,235.2759497036459,0.0,MS-HIDE,191,case57,0.02
False,0,0.0,False,20,20,False,0,True,0.5877763717776042,0.3029932296643595,0.5158350696925613,254.0371978568146,314.01557674689684,0.0,MS-HIDE,192,case57,0.02
False,0,0.0,False,20,20,False,0,True,0.5665289504097119,0.29565050446208285,0.5471746375539863,175.91543949674815,245.86046249605718,0.0,MS-HIDE,193,case57,0.02
False,0,0.0,True,7,7,True,1,False,0.5075487336100847,0.25954181684737465,0.4978034409846147,101.30739375017583,132.68168986251115,0.0,MS-HIDE,194,case57,0.02
False,0,0.0,False,20,20,False,0,True,0.5181505018431407,0.33140149602605595,0.5456997651472526,237.34345629636664,316.00836912111845,0.0,MS-HIDE,195,case57,0.02
False,0,0.0,False,20,20,False,0,True,0.5507459175494331,0.3201089581456434,0.5177047087237232,135.36215820349753,172.47267677739728,0.0,MS-HIDE,196,case57,0.02
False,0,0.0,False,20,20,False,0,True,0.5810347126380014,0.2957154123419798,0.5454506290853454,218.14539164479356,287.5254444370512,0.0,MS-HIDE,197,case57,0.02
False,0,0.0,False,20,20,False,0,True,0.5879241948659776,0.30262594502748263,0.5422120435155566,132.54966464883182,178.44052324362568,0.0,MS-HIDE,198,case57,0.02
False,0,0.0,False,20,20,False,0,True,0.5606764003452963,0.3197480428932112,0.5279203673163102,79.4419812009437,86.56236039241776,0.0,MS-HIDE,199,case57,0.02
True,26,-0.04,True,5,5,False,26,True,0.17144160119040633,0.01566679242698708,0.6946651679887632,2.011495956685394,2.3117062635719776,0.0,RHMTD,0,case57,0.02
True,49,-0.04,True,11,11,False,49,True,2.069881676743816e-05,0.008546561527783809,0.7031763863922,3.4405540995066985,5.157760120346216,0.0,RHMTD,1,case57,0.02
True,53,-0.04,True,10,10,False,53,True,0.17144170935311878,0.00985171312256497,0.7061114305861951,2.850816652062349,3.852423277567141,0.0,RHMTD,2,case57,0.02
True,37,0.04,True,5,5,False,43,False,0.1714416009440448,0.006781541310660673,0.6963739639653085,4.562760595581494,11.151044422877023,0.0,RHMTD,3,case57,0.02
True,46,0.04,True,17,17,False,0,False,0.5620509677534177,0.29751193513605617,0.6946312741064754,3.969564504222945,7.297329502762297,0.0,RHMTD,4,case57,0.02
True,17,0.04,False,20,20,False,18,False,0.17215363599591263,0.08570142681273789,0.6998393279171573,2.1184457960771397,2.3631476011360064,0.0,RHMTD,5,case57,0.02
True,24,0.04,True,4,4,False,24,True,0.1714416009693603,0.019301296760228435,0.6929940233908594,3.496264651766978,7.832715238328092,0.0,RHMTD,6,case57,0.02
True,3,0.04,False,20,20,False,3,True,3.867181703521683e-10,0.01118605012134152,0.6977877947654327,3.5354479477973655,6.721152091631667,0.0,RHMTD,7,case57,0.02
True,8,-0.04,True,1,1,False,8,True,3.8671819781197475e-10,0.001144085254058584,0.7050455676820152,3.953062553773634,10.35480895661749,0.0,RHMTD,8,case57,0.02
True,22,0.04,False,20,20,False,0,False,0.6382345708613406,0.22786760731379108,0.6976274094521628,6.850016748649068,14.939424616750356,0.0,RHMTD,9,case57,0.02
True,29,-0.04,True,5,5,False,24,False,0.17144160094461877,0.015391367604320324,0.6955706455796734,2.0170916948700324,2.2775919584091757,0.0,RHMTD,10,case57,0.02
True,28,-0.04,True,1,1,False,28,True,3.867181428924471e-10,0.0085173839545295,0.6906948533828214,6.470620902837254,11.589160742005365,0.0,RHMTD,11,case57,0.02
True,8,0.04,True,1,1,False,8,True,3.8671819781197475e-10,0.0015317150122064612,0.6983076530817569,3.924574799020775,9.237699653021995,0.0,RHMTD,12,case57,0.02
True,28,-0.04,True,1,1,False,28,True,3.8671814289198025e-10,0.0036346482156859802,0.6980451085632124,3.193501997157,4.896914897835815,0.0,RHMTD,13,case57,0.02
True,22,0.04,False,20,20,False,0,False,0.5735156516959853,0.23818659314501905,0.6999195205737923,5.6903270422481,12.039008270949147,0.0,RHMTD,14,case57,0.02
True,26,0.04,False,20,20,False,25,False,0.1714416009440448,0.014679548725496127,0.7029138418736557,2.037639552145265,2.366256623645313,0.0,RHMTD,15,case57,0.02
True,40,-0.04,False,20,20,False,40,True,1.335247027399061e-05,0.024785063644940045,0.6989696876590645,3.7468728522071615,7.920642293174752,0.0,RHMTD,16,case57,0.02
True,1,-0.04,False,20,20,False,1,True,0.1391039857550637,0.09530084379452014,0.6959342983056191,4.209918814012781,10.036943759769208,0.0,RHMTD,17,case57,0.02
True,37,-0.04,True,4,4,False,37,True,0.1714416009440448,0.007478408272746576,0.6993944315367031,4.247614453197457,7.613994058920071,0.0,RHMTD,18,case57,0.02
True,42,-0.04,True,5,5,False,42,True,3.86718060514018e-10,0.010649757525071827,0.7018636637994773,3.9013645640807226,7.540494078421037,0.0,RHMTD,19,case57,0.02
True,32,0.04,False,20,20,False,0,False,0.4980877700844529,0.3217899261777385,0.7002570270282067,2.0682437461800873,2.309989553759806,0.0,RHMTD,20,case57,0.02
True,20,0.04,True,6,6,False,19,False,0.1714416009440448,0.007121272456703549,0.7010446605838406,3.444547895924188,7.024143161834218,0.0,RHMTD,21,case57,0.02
True,46,0.04,False,20,20,False,0,False,0.5285279713693238,0.30067716049904203,0.7050455676820151,3.6162437027087435,6.609389296500013,0.0,RHMTD,22,case57,0.02
True,42,0.04,True,18,18,False,42,True,3.867180879767276e-10,0.012842916955473526,0.6967968937971228,4.827331245178357,12.155169417383155,0.0,RHMTD,23,case57,0.02
True,56,-0.04,True,3,3,False,56,True,0.17201994796524003,0.03048859074512566,0.7034389309107447,3.998704307014123,8.293102800962517,0.0,RHMTD,24,case57,0.02
True,53,0.04,True,11,11,False,53,True,0.1714416009440448,0.008160953700865047,0.6932174433063512,3.8754126464482397,6.8320312886498895,0.0,RHMTD,25,case57,0.02
True,48,0.04,False,20,20,False,48,True,3.8671808798054245e-10,0.012211493356434266,0.6994537086425714,7.552562651108019,12.462167290505073,0.0,RHMTD,26,case57,0.02
True,24,-0.04,True,4,4,False,24,True,0.17144160143279827,0.012159880486857002,0.6989286196054825,3.4729936480289325,3.9684208284597924,0.0,RHMTD,27,case57,0.02
True,20,0.04,True,1,1,False,19,False,0.1714416009440448,0.005845431496942969,0.7001977499223384,4.268335390952416,13.118925309390763,0.0,RHMTD,28,case57,0.02
True,34,-0.04,True,5,5,False,34,True,4.26816017247307e-10,0.018608361943936516,0.6985911131510678,5.153376993257552,9.500170190585798,0.0,RHMTD,29,case57,0.02
True,11,-0.04,True,1,1,False,11,True,3.8671819781197475e-10,0.002231509714776552,0.7015854344509314,3.4577874932438135,7.293802427011542,0.0,RHMTD,30,case57,0.02
True,38,0.04,False,20,20,False,56,False,0.17157082668960827,0.029524384654973562,0.697600212182758,3.3746521483408287,4.766381831723269,0.0,RHMTD,31,case57,0.02
True,32,0.04,False,20,20,False,0,False,0.5545471466097351,0.3022464968159787,0.6909906030593058,2.8308897017268464,3.3084937545936555,0.0,RHMTD,32,case57,0.02
True,15,-0.04,False,20,20,False,0,False,0.4950455852856697,0.3209642118198185,0.701060345413842,3.398589594871737,5.374421147280375,0.0,RHMTD,33,case57,0.02
True,36,0.04,True,1,1,False,36,True,3.867180879718616e-10,0.004096910214888613,0.7026512973551109,4.275335351121612,8.740807700087318,0.0,RHMTD,34,case57,0.02
True,26,0.04,True,8,8,False,26,True,0.17144160094404481,0.010955977425916603,0.6970594383156674,3.1544541474431753,5.012433009687812,0.0,RHMTD,35,case57,0.02
True,28,0.04,True,1,1,False,28,True,3.867181428919485e-10,0.006238971545519336,0.7058488860676505,3.8037501013604924,7.23571876296774,0.0,RHMTD,36,case57,0.02
True,3,0.04,True,14,14,False,3,True,4.161770165525084e-10,0.009224256306142296,0.6956508382363082,3.0091602471657097,3.916657966328785,0.0,RHMTD,37,case57,0.02
True,6,0.04,False,20,20,False,6,True,3.8671819781198654e-10,0.012930095983968574,0.6988536576696125,4.107150100753643,8.583079135860318,0.0,RHMTD,38,case57,0.02
True,51,-0.04,False,20,20,False,51,True,0.0030208980696924737,0.024926654274626373,0.695650838236308,5.213545693550259,11.344991641817614,0.0,RHMTD,39,case57,0.02
True,17,0.04,False,20,20,False,17,True,0.12240944372098765,0.04914643838620381,0.7026512973551109,3.015160351060331,4.755091344122776,0.0,RHMTD,40,case57,0.02
True,49,-0.04,True,14,14,False,49,True,3.867180879718992e-10,0.008266082460194201,0.6962971879836142,4.120624950155616,10.783468745648866,0.0,RHMTD,41,case57,0.02
True,19,-0.04,True,1,1,False,19,True,0.1714416009440448,0.005591146420964742,0.7013228899323865,4.43291449919343,9.867012515314865,0.0,RHMTD,42,case57,0.02
True,31,0.04,False,20,20,False,31,True,0.1672258673895217,0.010732845818879322,0.6991109714673922,4.101881146198139,9.25090447999537,0.0,RHMTD,43,case57,0.02
True,55,0.04,True,1,1,False,55,True,3.8671808797186595e-10,0.0026930162410275416,0.7012479279965167,3.67562270257622,8.835868455935273,0.0,RHMTD,44,case57,0.02
True,2,0.04,True,1,1,False,2,True,3.8671819781197656e-10,0.009727156088692925,0.7005195715467514,4.632974899141118,6.9326038472354625,0.0,RHMTD,45,case57,0.02
True,34,-0.04,True,11,11,False,34,True,8.945277610994795e-09,0.009136839805699348,0.7009853834779722,3.7373854458564892,8.880496141500776,0.0,RHMTD,46,case57,0.02
True,14,-0.04,True,4,4,False,14,True,3.867181978119751e-10,0.003900246392660614,0.6966626547553845,4.467344001750462,10.150206257821996,0.0,RHMTD,47,case57,0.02
True,1,0.04,False,20,20,False,0,False,0.5426657676850435,0.24677502571677168,0.7028388799377856,4.292845944291912,10.397620816365825,0.0,RHMTD,48,case57,0.02
True,34,-0.04,True,3,3,False,34,True,3.9630178835550293e-10,0.012779251175247856,0.7002570270282068,3.1877833971520886,4.184281497146005,0.0,RHMTD,49,case57,0.02
True,40,-0.04,False,20,20,False,40,True,0.0015052075147973432,0.020832933833577188,0.6980451085632122,3.018464657361619,4.141064305440523,0.0,RHMTD,50,case57,0.02
True,27,-0.04,True,1,1,False,27,True,3.8671814289192984e-10,0.0050935696541596735,0.6993735159859367,3.5653334081871435,7.745542336488143,0.0,RHMTD,51,case57,0.02
True,44,-0.04,False,20,20,False,44,True,0.004164218387546528,0.03503447359611568,0.7029138418736556,4.064945847494528,7.5218396435957455,0.0,RHMTD,52,case57,0.02
True,1,0.04,False,20,20,False,0,False,0.5620395899553152,0.2948674286528057,0.7029138418736556,4.166264657396823,9.070483344839893,0.0,RHMTD,53,case57,0.02
True,20,-0.04,True,3,3,False,19,False,0.17144160100566389,0.007538876887198726,0.702651297355111,3.845322850975208,7.271247595781464,0.0,RHMTD,54,case57,0.02
True,41,-0.04,True,1,1,False,41,True,3.867180879719343e-10,0.002179414608419724,0.7007978008952975,3.6026792018674314,6.407729169586676,0.0,RHMTD,55,case57,0.02
True,25,0.04,False,20,20,False,26,False,0.17144160095202202,0.024193421191035944,0.7047830231634706,3.620108400355093,6.330423557665203,0.0,RHMTD,56,case57,0.02
True,33,0.04,False,20,20,False,0,False,0.619806971119254,0.16411424551409207,0.7029138418736556,5.001387506490573,12.370603581075565,0.0,RHMTD,57,case57,0.02
True,42,-0.04,True,7,7,False,42,True,3.8671808797314374e-10,0.018222859178156452,0.6994537086425716,4.230537454714067,9.166391924372878,0.0,RHMTD,58,case57,0.02
True,21,0.04,False,20,20,False,0,False,0.5432705887008463,0.30245082348602204,0.7085057009130991,4.0055582561763,7.971479490515778,0.0,RHMTD,59,case57,0.02
True,36,-0.04,True,3,3,False,36,True,3.8671808797192116e-10,0.00546312642476422,0.7045047938149245,3.7966105446685106,6.606354191899304,0.0,RHMTD,60,case57,0.02
True,46,0.04,False,20,20,False,0,False,0.5679847941592701,0.27596225590566065,0.6990360095315222,4.46732705750037,11.259935118141586,0.0,RHMTD,61,case57,0.02
True,56,0.04,False,20,20,False,56,True,0.17145454130724408,0.03051609483972614,0.6942683844284803,5.183589446824044,11.0599476232892,0.0,RHMTD,62,case57,0.02
True,8,-0.04,True,1,1,False,8,True,3.8671819781197475e-10,0.0015908094221284278,0.7007821160652958,3.531712546828203,7.527664885856213,0.0,RHMTD,63,case57,0.02
True,2,0.04,True,4,4,False,2,True,3.867181978119751e-10,0.007549371330075232,0.6916909991917157,3.6731623113155365,6.122733009397055,0.0,RHMTD,64,case57,0.02
True,43,0.04,True,3,3,False,37,False,0.17144160094404476,0.007585089690203533,0.6961759272733972,3.405618784017861,6.966781849041582,0.0,RHMTD,65,case57,0.02
True,11,0.04,True,1,1,False,11,True,3.8671819781197475e-10,0.002279215542077228,0.6943224308135836,3.814498003339395,7.508671487448741,0.0,RHMTD,66,case57,0.02
True,7,0.04,False,20,20,False,7,True,0.029475603673315923,0.040724877786924844,0.7029138418736556,5.579054146073759,11.763579203397983,0.0,RHMTD,67,case57,0.02
True,7,-0.04,False,20,20,False,7,True,1.3099124725094225e-05,0.03899334948927881,0.7020303308313853,6.566127151018009,13.062904190155702,0.0,RHMTD,68,case57,0.02
True,51,-0.04,False,20,20,False,51,True,6.837849888135258e-06,0.025012304554280447,0.6956508382363082,4.272966596181504,8.88951246161014,0.0,RHMTD,69,case57,0.02
True,12,-0.04,True,1,1,False,12,True,3.8671819781197475e-10,0.0006332604467315631,0.6966417392046179,5.42302914254833,9.006851754384146,0.0,RHMTD,70,case57,0.02
True,17,-0.04,False,20,20,False,18,False,0.12523644342399717,0.03155266033030007,0.6989286196054825,4.995168751338497,10.006952018011381,0.0,RHMTD,71,case57,0.02
True,35,0.04,True,1,1,False,35,True,3.8671811543224805e-10,0.005699343730682136,0.696716701140488,3.49075410340447,7.149841976934113,0.0,RHMTD,72,case57,0.02
True,37,0.04,True,1,1,False,43,False,0.1714416009440448,0.007423367779404038,0.7002570270282069,4.040833353064954,8.067029161611579,0.0,RHMTD,73,case57,0.02
True,11,0.04,True,1,1,False,11,True,3.8671819781197475e-10,0.0018916900568350466,0.6961759272733974,4.651737297535874,9.281854153960012,0.0,RHMTD,74,case57,0.02
True,43,-0.04,True,1,1,False,37,False,0.1714416009440448,0.006482408371677504,0.6976002121827581,3.4813103469787166,7.24312528036535,0.0,RHMTD,75,case57,0.02
True,39,0.04,False,20,20,False,39,True,3.867180879719375e-10,0.019345719660176255,0.6964052666340019,3.3292269479716197,5.408614545012826,0.0,RHMTD,76,case57,0.02
True,41,-0.04,True,1,1,False,41,True,3.867180879719763e-10,0.002282114395448697,0.6945517701741885,3.2547603506827727,4.337395814945925,0.0,RHMTD,77,case57,0.02
True,11,-0.04,True,1,1,False,11,True,3.8671819781197475e-10,0.0021324906326080245,0.6901488487949661,6.064066800172441,24.375104130012932,0.0,RHMTD,78,case57,0.02
True,24,0.04,True,4,4,False,29,False,0.1714416009440448,0.008754499464637902,0.7010603454138419,3.169358248123899,3.693949684384281,0.0,RHMTD,79,case57,0.02
True,26,-0.04,False,20,20,False,25,False,0.17144160096399305,0.011556922055617007,0.7002570270282069,3.897925093770027,10.842754496843554,0.0,RHMTD,80,case57,0.02
True,37,0.04,True,6,6,False,43,False,0.1714416009440448,0.007468040196264545,0.7023887528365664,4.163279154454358,10.908588182064706,0.0,RHMTD,81,case57,0.02
True,26,-0.04,True,1,1,False,25,False,0.1714416009440448,0.011938541312550123,0.6910446494444095,8.682085448526777,16.607872300664948,0.0,RHMTD,82,case57,0.02
True,20,-0.04,True,2,2,False,20,True,0.1714416009440448,0.0057913653946860795,0.7037171602592909,5.290352148585953,12.996889330679553,0.0,RHMTD,83,case57,0.02
True,54,0.04,True,1,1,False,54,True,3.8671808797186916e-10,0.007854893085285626,0.7021105234880205,4.130989543045871,8.862380884238519,0.0,RHMTD,84,case57,0.02
True,31,0.04,True,4,4,False,31,True,0.1226572085692376,0.011484309568396764,0.7037171602592907,2.9834750399459153,3.4978142764884983,0.0,RHMTD,85,case57,0.02
True,28,0.04,True,1,1,False,28,True,3.867181428919181e-10,0.003081009894918297,0.696716701140488,5.037522697239183,5.3893568401690874,0.0,RHMTD,86,case57,0.02
True,26,-0.04,False,20,20,False,26,True,0.1714416009641898,0.012057171799379953,0.6989286196054824,3.894764496362768,6.513424686272632,0.0,RHMTD,87,case57,0.02
True,17,-0.04,False,20,20,False,18,False,0.17134749025775217,0.05302057064646302,0.6932617986301688,3.9559688040753826,10.28388480481226,0.0,RHMTD,88,case57,0.02
True,55,-0.04,True,1,1,False,55,True,3.867180605118633e-10,0.002835890036711614,0.7010446605838405,3.3346728392643854,6.101466639665888,0.0,RHMTD,89,case57,0.02
True,11,0.04,True,1,1,False,11,True,3.8671819781197475e-10,0.001152226255652001,0.7032174544457823,3.436687495559454,3.7280860298778946,0.0,RHMTD,90,case57,0.02
True,48,-0.04,True,19,19,False,48,True,3.8671808797186145e-10,0.012710748948358812,0.6970751231456689,3.0712001025676727,4.2879809625446805,0.0,RHMTD,91,case57,0.02
True,50,-0.04,True,14,14,False,50,True,5.024065342108568e-10,0.008717945718474755,0.701060345413842,4.043499997351319,12.368597582099031,0.0,RHMTD,92,case57,0.02
True,53,-0.04,True,9,9,False,52,False,0.17144163945341573,0.007709499156299571,0.7018479789694758,8.533089654520154,47.03468304069248,0.0,RHMTD,93,case57,0.02
True,43,0.04,True,1,1,False,43,True,0.1714416009440448,0.007311824816167848,0.697600212182758,3.1875646527623758,4.141280901967551,0.0,RHMTD,94,case57,0.02
True,40,-0.04,False,20,20,False,40,True,7.170044134390008e-06,0.020146296343564015,0.6975043346961217,3.28188355488237,5.877967283595355,0.0,RHMTD,95,case57,0.02
True,10,-0.04,True,1,1,False,10,True,3.8671819781197475e-10,0.0035457418085440423,0.702051246382152,8.507843749248423,14.4116848299746,0.0,RHMTD,96,case57,0.02
True,14,0.04,True,2,2,False,14,True,4.33357430183171e-10,0.008350061048109269,0.6994537086425714,3.909704097895883,4.649329144740491,0.0,RHMTD,97,case57,0.02
True,53,-0.04,True,2,2,False,53,True,0.17144160095968244,0.01217928319943819,0.7007821160652961,3.683387304772623,6.687858002260334,0.0,RHMTD,98,case57,0.02
True,49,-0.04,True,13,13,False,49,True,2.906052729614879e-08,0.009749733364053336,0.6983285686325233,3.9435644983313978,4.244041349738852,0.0,RHMTD,99,case57,0.02
True,56,0.04,False,20,20,False,56,True,0.1714416082325274,0.033990023336659306,0.7013228899323868,5.14521449804306,9.834830649197116,0.0,RHMTD,100,case57,0.02
True,17,-0.04,False,20,20,False,18,False,0.19763258488043306,0.04315834972563319,0.7047830231634707,3.7233228562399745,7.143195514800031,0.0,RHMTD,101,case57,0.02
True,12,0.04,True,1,1,False,12,True,3.8671819781197475e-10,0.0006365797776427664,0.7015854344509311,4.381370646297,9.942229156149557,0.0,RHMTD,102,case57,0.02
True,48,-0.04,False,20,20,False,48,True,3.8671808797190964e-10,0.014629476007368964,0.6982536066966536,5.4720374959288165,10.615545517066506,0.0,RHMTD,103,case57,0.02
True,31,0.04,True,19,19,False,31,True,0.1673321028537374,0.010682323222362742,0.7021262083180217,4.795485403155908,9.123135401750915,0.0,RHMTD,104,case57,0.02
True,31,0.04,True,5,5,False,30,False,0.11538742975314972,0.010950350732175235,0.7001820650923368,4.061016748892143,4.533545812591927,0.0,RHMTD,105,case57,0.02
True,41,-0.04,True,1,1,False,41,True,3.8671808797198584e-10,0.0020886236802055195,0.7012479279965167,3.432751994114369,5.930535067454912,0.0,RHMTD,106,case57,0.02
True,16,-0.04,False,20,20,False,0,False,0.5405814713562443,0.30331486954460085,0.6963791946860736,4.6222436969401315,10.092983083450237,0.0,RHMTD,107,case57,0.02
True,20,0.04,True,1,1,False,20,True,0.1714416009440448,0.010143023781517985,0.6984289137919739,4.9485313560580835,11.761547936475843,0.0,RHMTD,108,case57,0.02
True,50,0.04,True,2,2,False,50,True,1.7484214778607263e-09,0.011569906354245416,0.6965597325021589,4.444945708382875,10.54784550215118,0.0,RHMTD,109,case57,0.02
True,17,0.04,False,20,20,False,18,False,0.16070809904620123,0.036949919006816684,0.6989286196054825,4.195037498720922,9.269681267323906,0.0,RHMTD,110,case57,0.02
True,41,0.04,True,1,1,False,41,True,3.867180879722223e-10,0.0049438052151272015,0.6960092602414891,4.741089494200423,10.327406608848849,0.0,RHMTD,111,case57,0.02
True,15,0.04,True,0,0,False,0,False,0.5268242584811342,0.31664035042554933,0.6985911131510678,4.113943802076392,8.553166655474342,0.0,RHMTD,112,case57,0.02
True,12,-0.04,True,1,1,False,12,True,3.8671819781197475e-10,0.0006384826039393405,0.6923939724179001,6.303416701848619,15.145770885283152,0.0,RHMTD,113,case57,0.02
True,33,-0.04,False,20,20,False,33,True,0.5095488523704638,0.2459131238607511,0.6959935754114877,4.384687490528449,7.837408920750022,0.0,RHMTD,114,case57,0.02
True,8,0.04,True,1,1,False,8,True,3.8671819781197475e-10,0.001590809004309956,0.7004446096108814,4.24870214483235,6.153847958194109,0.0,RHMTD,115,case57,0.02
True,16,-0.04,False,20,20,False,0,False,0.5533682911341764,0.29873492218501063,0.6924420852380717,3.5522436955943704,6.079191318713132,0.0,RHMTD,116,case57,0.02
True,46,-0.04,False,20,20,False,0,False,0.6200229258622706,0.2566300912391842,0.6980451085632124,3.407370808417909,4.883102732128466,0.0,RHMTD,117,case57,0.02
True,8,-0.04,True,1,1,False,8,True,3.8671819781197475e-10,0.0018943251376487855,0.7063739751047395,3.7818998971488327,7.816838161670607,0.0,RHMTD,118,case57,0.02
True,20,0.04,True,2,2,False,20,True,0.1714416009440448,0.013446895036457084,0.6999944825096623,3.4760124457534403,7.934851819300093,0.0,RHMTD,119,case57,0.02
True,52,-0.04,True,1,1,False,53,False,0.17144160094404476,0.00885433824415693,0.6917388836874303,3.3678917068755254,5.753017324605026,0.0,RHMTD,120,case57,0.02
True,9,-0.04,False,20,20,False,9,True,4.852883963112487e-09,0.02172923531612294,0.7077023825274638,4.122799998731352,8.426951762521643,0.0,RHMTD,121,case57,0.02
True,21,0.04,False,20,20,False,0,False,0.5224354150392362,0.3138874475024571,0.6996360605044811,3.8944165949942544,6.973270783782939,0.0,RHMTD,122,case57,0.02
True,43,0.04,True,1,1,False,37,False,0.1714416009440448,0.007460922796534357,0.693256567909404,4.3697563029127195,12.846168735995889,0.0,RHMTD,123,case57,0.02
True,18,-0.04,True,9,9,False,18,True,0.40682801783428174,0.12294439758023364,0.6967219318612528,3.490437302389182,5.58158336207271,0.0,RHMTD,124,case57,0.02
True,38,-0.04,False,20,20,False,38,True,0.17144160195977967,0.029963030397369986,0.7012479279965167,3.632881343946792,8.487794085522184,0.0,RHMTD,125,case57,0.02
True,47,-0.04,False,20,20,False,0,False,0.5960310299926049,0.23331862124720984,0.7071772934903748,4.642729149782099,9.596974993473852,0.0,RHMTD,126,case57,0.02
True,51,-0.04,False,20,20,False,51,True,0.06555952894134212,0.02203717068725348,0.6970001612097991,5.928960448363796,17.269044433487583,0.0,RHMTD,127,case57,0.02
True,23,0.04,True,0,0,False,0,False,0.6025653566664401,0.2468476091416781,0.6991911641240269,3.430464692064561,6.783031250233765,0.0,RHMTD,128,case57,0.02
True,40,0.04,True,15,15,False,40,True,5.6885792017326386e-05,0.02228423982168362,0.7005195715467513,5.99200420838315,11.892579105915532,0.0,RHMTD,129,case57,0.02
True,20,-0.04,True,2,2,False,19,False,0.17144160094565702,0.0065099566148303055,0.700535256376753,3.6792499042348936,7.1532402129378205,0.0,RHMTD,130,case57,0.02
True,51,-0.04,False,20,20,False,51,True,0.0030373747268653767,0.02493197371457119,0.70424224929638,3.742637447430752,7.271712215151641,0.0,RHMTD,131,case57,0.02
True,26,0.04,True,17,17,False,26,True,0.1714416009440448,0.011417344481007,0.6945849753321284,4.904212453402579,11.504523261100998,0.0,RHMTD,132,case57,0.02
True,43,-0.04,True,1,1,False,37,False,0.1714416009440448,0.007503170606698816,0.7039797047778353,2.9995249933563173,3.310358614544384,0.0,RHMTD,133,case57,0.02
True,54,-0.04,True,4,4,False,54,True,5.309878277437496e-10,0.012791296346380971,0.6998393279171574,3.213562400196679,3.7274833535775573,0.0,RHMTD,134,case57,0.02
True,32,0.04,False,20,20,False,0,False,0.5435506053768224,0.29672779795861765,0.7039797047778353,3.9885499922093,5.917683962616149,0.0,RHMTD,135,case57,0.02
True,47,0.04,False,20,20,False,0,False,0.5967498594160362,0.26477185572613177,0.6986660750869378,4.223658496630378,9.524046455044301,0.0,RHMTD,136,case57,0.02
True,51,0.04,True,2,2,False,51,True,0.015951966658104284,0.022457997377254593,0.7031920712222017,4.833268796210177,7.852780952816853,0.0,RHMTD,137,case57,0.02
True,53,0.04,True,9,9,False,53,True,0.17144160094435826,0.00865646462137544,0.70424224929638,3.7048666883492842,6.33928961469792,0.0,RHMTD,138,case57,0.02
True,54,0.04,True,2,2,False,54,True,8.095555253180454e-10,0.019116537681592202,0.7002570270282069,7.349510348285548,12.951962198712907,0.0,RHMTD,139,case57,0.02
True,20,0.04,True,2,2,False,19,False,0.1714416009440448,0.006803376093290271,0.7001820650923369,3.647264704341069,8.824606647249311,0.0,RHMTD,140,case57,0.02
True,52,0.04,True,5,5,False,52,True,0.17144160094641636,0.007962181451980794,0.6972574750075787,5.14767914719414,12.825971154961735,0.0,RHMTD,141,case57,0.02
True,10,0.04,True,1,1,False,10,True,3.8671819781197475e-10,0.0037954858529349314,0.70424224929638,3.447660501115024,4.417257683235226,0.0,RHMTD,142,case57,0.02
True,12,-0.04,True,1,1,False,12,True,3.8671819781197475e-10,0.0006365323289347621,0.7037171602592909,3.824041740153916,7.7186583162983915,0.0,RHMTD,143,case57,0.02
True,10,0.04,True,1,1,False,10,True,3.8671819781197475e-10,0.003578114667843084,0.6922526886095728,4.990949993953109,10.617731235106477,0.0,RHMTD,144,case57,0.02
True,11,-0.04,True,1,1,False,11,True,3.8671819781197475e-10,0.002133465912732419,0.6947062360423455,6.497043700073846,8.308910435880577,0.0,RHMTD,145,case57,0.02
True,25,-0.04,True,3,3,False,25,True,0.1714416009440448,0.015839252522365503,0.7015854344509311,3.6002313514472917,9.351257744128816,0.0,RHMTD,146,case57,0.02
True,36,0.04,True,1,1,False,36,True,3.867180879718731e-10,0.0037266731939021754,0.6993194696008332,3.3853563509183004,6.190463181701489,0.0,RHMTD,147,case57,0.02
True,44,-0.04,False,20,20,False,44,True,2.301327007343547e-06,0.016634875410172032,0.6991911641240269,4.498712459462695,10.641789878718555,0.0,RHMTD,148,case57,0.02
True,24,0.04,True,6,6,False,29,False,0.1714416010315995,0.01245927612617944,0.7005195715467514,3.939799952786416,8.346312210778711,0.0,RHMTD,149,case57,0.02
True,3,0.04,False,20,20,False,3,True,3.867181978122767e-10,0.014661064149491273,0.7007228389594276,3.208637493662536,5.154866646626034,0.0,RHMTD,150,case57,0.02
True,42,0.04,True,18,18,False,42,True,3.8671806051183716e-10,0.010476751186704717,0.6962971879836142,3.743414444033988,6.906637540669186,0.0,RHMTD,151,case57,0.02
True,23,0.04,False,20,20,False,0,False,0.5389790351253304,0.3142923380140253,0.6959342983056193,3.351500051212497,5.6432145909639075,0.0,RHMTD,152,case57,0.02
True,45,0.04,True,7,7,False,45,True,3.8671808797186326e-10,0.007765706507383525,0.7026512973551109,3.7448853079695255,6.825135406688788,0.0,RHMTD,153,case57,0.02
True,24,-0.04,True,2,2,False,24,True,0.17144160094414826,0.010854437664453213,0.6961968428241637,5.063754238653928,21.61850353877526,0.0,RHMTD,154,case57,0.02
True,22,-0.04,False,20,20,False,0,False,0.6318658155544197,0.2700341328215828,0.7033587382541098,4.940879048081115,15.820995799731467,0.0,RHMTD,155,case57,0.02
True,23,0.04,False,20,20,False,0,False,0.5053031545048442,0.32066836891944384,0.7005195715467514,4.959626999334432,13.525010744342588,0.0,RHMTD,156,case57,0.02
True,54,0.04,True,1,1,False,54,True,3.867180605121746e-10,0.005292233873283959,0.6990360095315222,4.039949947036803,7.434862526133662,0.0,RHMTD,157,case57,0.02
True,33,-0.04,False,20,20,False,0,False,0.5771646528008925,0.2906751444344076,0.7031763863922001,3.2193083403399214,5.6271726207342,0.0,RHMTD,158,case57,0.02
True,39,-0.04,False,20,20,False,39,True,6.248775228579788e-10,0.017446557719822873,0.7021262083180217,5.178289549075998,12.92493329674473,0.0,RHMTD,159,case57,0.02
False,0,0.0,False,20,20,False,0,True,0.5009948839986161,0.3186836490425061,0.70424224929638,4.287989647127688,7.02561045181938,0.0,RHMTD,160,case57,0.02
False,0,0.0,False,20,20,False,0,True,0.5299113861037916,0.3078215248215581,0.6948091582955711,4.077670752303675,9.798229479929432,0.0,RHMTD,161,case57,0.02
False,0,0.0,False,20,20,False,0,True,0.538448217238719,0.3058901723521642,0.6963739639653085,3.610402101185173,7.722314595594074,0.0,RHMTD,162,case57,0.02
False,0,0.0,False,20,20,False,0,True,0.5406111889174735,0.29678446197614305,0.6935601804815307,2.875229195342399,3.146637842291966,0.0,RHMTD,163,case57,0.02
False,0,0.0,False,20,20,False,0,True,0.5634827256218168,0.25271807041519284,0.6885370556265333,4.05988545389846,4.476179499761218,0.0,RHMTD,164,case57,0.02
False,0,0.0,False,20,20,False,0,True,0.623925412124029,0.23016858360681974,0.6927568620958954,5.4885583551367745,11.675537505652779,0.0,RHMTD,165,case57,0.02
False,0,0.0,False,20,20,False,0,True,0.5464616720221638,0.30408795915932907,0.7037171602592909,4.163652003626339,9.838066657539464,0.0,RHMTD,166,case57,0.02
False,0,0.0,False,20,20,False,0,True,0.5324104467227591,0.3077632625083262,0.6991911641240272,3.783693740842864,9.257104792050086,0.0,RHMTD,167,case57,0.02
False,0,0.0,False,20,20,False,0,True,0.5791116866162279,0.26464362697531635,0.6936403731381655,4.833468797733076,11.936110429815018,0.0,RHMTD,168,case57,0.02
False,0,0.0,False,20,20,False,0,True,0.5382034588041472,0.30883895741640083,0.7018479789694758,3.225416550412774,5.040745809674264,0.0,RHMTD,169,case57,0.02
False,0,0.0,False,20,20,False,0,True,0.6279503095671856,0.2527322775058652,0.7042579341263815,5.980010487837717,13.651800274965359,0.0,RHMTD,170,case57,0.02
False,0,0.0,False,20,20,False,0,True,0.5737764750198466,0.2915037492558649,0.6890804831206139,4.174404146033339,9.966212476138033,0.0,RHMTD,171,case57,0.02
False,0,0.0,False,20,20,False,0,True,0.6024762760235491,0.28234652340544975,0.6972026655745243,4.998802149202675,11.392429130501121,0.0,RHMTD,172,case57,0.02
False,0,0.0,False,20,20,False,0,True,0.5699187278115067,0.2064963879712876,0.7047830231634707,3.812631155597046,9.499985695583746,0.0,RHMTD,173,case57,0.02
False,0,0.0,False,20,20,False,0,True,0.5230231246726849,0.3109438918453075,0.7047830231634705,5.037458401056938,12.9835080500925,0.0,RHMTD,174,case57,0.02
False,0,0.0,False,20,20,False,0,True,0.5749617924506457,0.2892177003037609,0.7047080612276005,3.539995744358748,3.8548374694073666,0.0,RHMTD,175,case57,0.02
False,0,0.0,False,20,20,False,0,True,0.5345549416489342,0.31050248921130785,0.7023730680065647,3.8638187979813665,5.388106245663958,0.0,RHMTD,176,case57,0.02
False,0,0.0,False,20,20,False,0,True,0.5428276190742866,0.30774860579988284,0.6956971370106553,2.830654149875045,3.1790312525117774,0.0,RHMTD,177,case57,0.02
False,0,0.0,False,20,20,False,0,True,0.5057723943489263,0.3203184548617828,0.6929138307342245,3.6580354091711342,8.988249371759593,0.0,RHMTD,178,case57,0.02
False,0,0.0,False,20,20,False,0,True,0.5592756677007535,0.26693024677799576,0.7034546157407462,4.934418751508929,7.402166345855244,0.0,RHMTD,179,case57,0.02
False,0,0.0,False,20,20,False,0,True,0.5078939489399903,0.3199526747164052,0.6993735159859366,3.563564590876922,5.608263949397955,0.0,RHMTD,180,case57,0.02
False,0,0.0,False,20,20,False,0,True,0.5343463638192291,0.31115182394873775,0.695772098946525,3.8251583435339853,7.826633617514747,0.0,RHMTD,181,case57,0.02
False,0,0.0,False,20,20,False,0,True,0.5448725374515222,0.3043654712990132,0.6977825640446678,3.5712458047783002,6.215814923052678,0.0,RHMTD,182,case57,0.02
False,0,0.0,False,20,20,False,0,True,0.6780426672731075,0.21876455248632953,0.7034389309107447,6.198039455921389,12.59557256707925,0.0,RHMTD,183,case57,0.02
False,0,0.0,True,11,11,True,0,True,0.5550900692321225,0.299109859375789,0.7074398380089193,3.658370900666341,6.566900035250004,0.0,RHMTD,184,case57,0.02
False,0,0.0,False,20,20,False,18,False,0.555293757240123,0.1646305887789333,0.6915104613756301,3.7451937969308347,6.246298263431533,0.0,RHMTD,185,case57,0.02
False,0,0.0,False,20,20,False,0,True,0.4999938047712299,0.3230394328695358,0.6961968428241638,4.181814644834958,11.965685087488964,0.0,RHMTD,186,case57,0.02
False,0,0.0,False,20,20,False,0,True,0.5719475515993038,0.2643244081893017,0.6929601295085716,2.7983748994302005,3.113604200189002,0.0,RHMTD,187,case57,0.02
False,0,0.0,False,20,20,False,0,True,0.5381099379501187,0.32243254930628396,0.691111863769523,6.594933199812658,17.304333313950355,0.0,RHMTD,188,case57,0.02
False,0,0.0,False,20,20,False,0,True,0.5836664044629323,0.27471983770840414,0.7039797047778353,2.7649895404465497,3.0192020640242845,0.0,RHMTD,189,case57,0.02
False,0,0.0,False,20,20,False,0,True,0.5498078550540172,0.30324513090326405,0.6994537086425716,4.240583456703462,6.4290256530512275,0.0,RHMTD,190,case57,0.02
False,0,0.0,False,20,20,False,0,True,0.56967502814975,0.2910271490258577,0.6999944825096621,3.545272906194441,5.85669732245151,0.0,RHMTD,191,case57,0.02
False,0,0.0,False,20,20,False,0,True,0.5289526706935183,0.31165602352782534,0.7012479279965167,2.8252083488041535,3.1184247112832963,0.0,RHMTD,192,case57,0.02
False,0,0.0,False,20,20,False,25,False,0.32657732336302947,0.0548700778494241,0.6958541056489842,4.03899579832796,8.458745214738885,0.0,RHMTD,193,case57,0.02
False,0,0.0,True,7,7,True,0,True,0.55739171264988,0.2949641820507133,0.7007821160652961,2.8553103504236788,3.1744690815685326,0.0,RHMTD,194,case57,0.02
False,0,0.0,False,20,20,False,0,True,0.575412506950944,0.25905974557414435,0.6991911641240269,4.28174584521912,11.147474971949123,0.0,RHMTD,195,case57,0.02
False,0,0.0,False,20,20,False,0,True,0.5292260164012568,0.3163043625394909,0.6953882937177636,2.8453500475734472,3.185837151249871,0.0,RHMTD,196,case57,0.02
False,0,0.0,False,20,20,False,0,True,0.54490169984258,0.3022954448559298,0.6999944825096622,2.6885916537139565,3.0636027368018404,0.0,RHMTD,197,case57,0.02
False,0,0.0,False,20,20,False,0,True,0.5718839527177318,0.2899272808708957,0.7023887528365664,2.8436061344109476,3.279395157005638,0.0,RHMTD,198,case57,0.02
False,0,0.0,False,20,20,False,15,False,0.2852546772662996,0.3583948315637687,0.701060345413842,2.6706498523708433,2.980038966052234,0.0,RHMTD,199,case57,0.02
True,26,-0.04,True,5,5,False,25,False,0.2564787868285547,0.011003259500924156,0.4948417944683423,24.160889504128136,31.537802075035877,0.0,Robust-MTD,0,case57,0.02
True,49,-0.04,True,11,11,False,49,True,0.2688063521432274,0.013485390037834333,0.4948417944683423,29.80529365304392,36.628166391165024,0.0,Robust-MTD,1,case57,0.02
True,53,-0.04,True,2,2,False,52,False,0.26234009425868,0.008797585499665424,0.4948417944683423,19.251629250356928,28.21965654147789,0.0,Robust-MTD,2,case57,0.02
True,37,0.04,True,2,2,False,44,False,0.26474683467660637,0.0064963248494211085,0.4948417944683423,25.83806460024789,39.29897050256842,0.0,Robust-MTD,3,case57,0.02
True,46,0.04,True,17,17,False,0,False,0.6326779931418777,0.34171041050418655,0.4948417944683423,27.147298050113022,34.34422329009976,0.0,Robust-MTD,4,case57,0.02
True,17,0.04,False,20,20,False,18,False,0.2898632611314382,0.01438008825765093,0.4948417944683423,25.448637452791445,35.79024439677596,0.0,Robust-MTD,5,case57,0.02
True,24,0.04,False,20,20,False,29,False,0.2866341585717071,0.027024705794116144,0.4948417944683423,29.872022950439714,51.608487521298244,0.0,Robust-MTD,6,case57,0.02
True,3,0.04,False,20,20,False,3,True,0.04892000382635166,0.018677914743730786,0.4948417944683423,19.4196603493765,29.253547612461265,0.0,Robust-MTD,7,case57,0.02
True,8,-0.04,True,2,2,False,8,True,3.867181978123097e-10,0.01131983726463035,0.4948417944683423,24.90014584909659,41.93184827454388,0.0,Robust-MTD,8,case57,0.02
True,22,0.04,False,20,20,False,0,False,0.6900384662748097,0.2741331358199132,0.4948417944683423,25.77796254772693,33.484176726778976,0.0,Robust-MTD,9,case57,0.02
True,29,-0.04,True,16,16,False,29,True,0.3058850540265202,0.029840838029101546,0.4948417944683423,24.1470687527908,33.58003987523263,0.0,Robust-MTD,10,case57,0.02
True,28,-0.04,True,1,1,False,28,True,8.594591309841787e-10,0.008126819555255582,0.4948417944683423,29.644945947802626,42.47499134216924,0.0,Robust-MTD,11,case57,0.02
True,8,0.04,True,9,9,False,8,True,3.8671817035195563e-10,0.01131983726463035,0.4948417944683423,19.150749943219125,28.6488440760877,0.0,Robust-MTD,12,case57,0.02
True,28,-0.04,True,5,5,False,28,True,5.138354197290883e-10,0.008126819555039447,0.4948417944683423,23.576441704062745,29.630947561236102,0.0,Robust-MTD,13,case57,0.02
True,22,0.04,False,20,20,False,0,False,0.6724397291099602,0.30236569967499877,0.4948417944683423,30.351045899442397,47.802243422484075,0.0,Robust-MTD,14,case57,0.02
True,26,0.04,False,20,20,False,25,False,0.2482628900493457,0.011215916487375162,0.4948417944683423,24.56501054984983,29.57486937521026,0.0,Robust-MTD,15,case57,0.02
True,40,-0.04,False,20,20,False,40,True,0.4812415472659331,0.2317351313857368,0.4948417944683423,28.48235204583034,40.557533298851936,0.0,Robust-MTD,16,case57,0.02
True,1,-0.04,False,20,20,False,0,False,0.6569881408057031,0.27324369892666056,0.4948417944683423,21.759450039826334,33.09048300434371,0.0,Robust-MTD,17,case57,0.02
True,37,-0.04,True,1,1,False,44,False,0.24347768246836918,0.007076582062848819,0.4948417944683423,25.50754784606397,32.58973057963886,0.0,Robust-MTD,18,case57,0.02
True,42,-0.04,True,19,19,False,42,True,0.0001095107788052209,0.026587751051269214,0.4948417944683423,27.670845805550925,39.29004938108849,0.0,Robust-MTD,19,case57,0.02
True,32,0.04,False,20,20,False,0,False,0.5959302458510622,0.3567958317890898,0.4948417944683423,23.63564360421151,30.498325015651066,0.0,Robust-MTD,20,case57,0.02
True,20,0.04,True,6,6,False,17,False,0.34157143329568396,0.012037514173158258,0.4948417944683423,29.47161869087722,47.702359795221135,0.0,Robust-MTD,21,case57,0.02
True,46,0.04,False,20,20,False,0,False,0.6052129395002158,0.3545262527554645,0.4948417944683423,18.78724590060301,27.090724973822944,0.0,Robust-MTD,22,case57,0.02
True,42,0.04,False,20,20,False,42,True,4.076549797997306e-06,0.026586503614394588,0.4948417944683423,26.512431248556823,36.15643547673245,0.0,Robust-MTD,23,case57,0.02
True,56,-0.04,True,3,3,False,38,False,0.17251839422430826,0.0321929585368077,0.4948417944683423,27.33725405705627,34.893075012951165,0.0,Robust-MTD,24,case57,0.02
True,53,0.04,True,1,1,False,51,False,0.2745080509578677,0.01071277614302999,0.4948417944683423,27.08745400304906,36.03308091114741,0.0,Robust-MTD,25,case57,0.02
True,48,0.04,True,1,1,False,49,False,0.254171414008596,0.013762007537694413,0.4948417944683423,29.47896234691143,44.855172620736994,0.0,Robust-MTD,26,case57,0.02
True,24,-0.04,False,20,20,False,29,False,0.3213032799857511,0.03196787957878896,0.4948417944683423,29.161485546501353,58.44407110707835,0.0,Robust-MTD,27,case57,0.02
True,20,0.04,True,3,3,False,17,False,0.32711622475207414,0.013121207441222681,0.4948417944683423,29.691277092206292,56.83417912514416,0.0,Robust-MTD,28,case57,0.02
True,34,-0.04,True,18,18,False,34,True,0.4391261216959491,0.09707750628111084,0.4948417944683423,34.09832714532968,62.59879786812236,0.0,Robust-MTD,29,case57,0.02
True,11,-0.04,True,1,1,False,11,True,3.8671819781197475e-10,0.011334563842983649,0.4948417944683423,28.64312085439451,42.04499167972245,0.0,Robust-MTD,30,case57,0.02
True,38,0.04,False,20,20,False,56,False,0.17373860947157338,0.03220626634102964,0.4948417944683423,27.85262905235868,40.04326879221482,0.0,Robust-MTD,31,case57,0.02
True,32,0.04,False,20,20,False,0,False,0.6098751520985815,0.34981714318947676,0.4948417944683423,28.491889496217482,44.63768600253388,0.0,Robust-MTD,32,case57,0.02
True,15,-0.04,False,20,20,False,0,False,0.5865953877314115,0.37294958830949354,0.4948417944683423,28.130897949449718,43.89159589773045,0.0,Robust-MTD,33,case57,0.02
True,36,0.04,True,1,1,False,36,True,0.0009707946109096865,0.0026513858120477923,0.4948417944683423,29.848779150051996,48.73888296133373,0.0,Robust-MTD,34,case57,0.02
True,26,0.04,False,20,20,False,25,False,0.23712943773830858,0.011438003332210914,0.4948417944683423,34.98763739480637,56.19886213680731,0.0,Robust-MTD,35,case57,0.02
True,28,0.04,True,2,2,False,28,True,3.8671814289225704e-10,0.008126819554997354,0.4948417944683423,32.96363760600798,51.54597502260003,0.0,Robust-MTD,36,case57,0.02
True,3,0.04,True,14,14,False,3,True,0.10934955306299605,0.018036970108569247,0.4948417944683423,40.145410344121046,79.82377858133988,0.0,Robust-MTD,37,case57,0.02
True,6,0.04,False,20,20,False,6,True,0.00205835834851472,0.02468522361333909,0.4948417944683423,29.56706255208701,49.102496472187354,0.0,Robust-MTD,38,case57,0.02
True,51,-0.04,False,20,20,False,54,False,0.2531719731117436,0.027349938343735995,0.4948417944683423,26.606599896331318,42.17833685397637,0.0,Robust-MTD,39,case57,0.02
True,17,0.04,True,1,1,False,18,False,0.300659700518694,0.014105649719164243,0.4948417944683423,30.793879099655896,64.59014734718949,0.0,Robust-MTD,40,case57,0.02
True,49,-0.04,False,20,20,False,50,False,0.23988707020911576,0.015188271045998621,0.4948417944683423,30.519524845294654,44.306143777794226,0.0,Robust-MTD,41,case57,0.02
True,19,-0.04,True,1,1,False,17,False,0.3257764480041777,0.013198856843910364,0.4948417944683423,33.30137699958868,55.84701878251508,0.0,Robust-MTD,42,case57,0.02
True,31,0.04,False,20,20,False,0,False,0.6296431542509825,0.3337660838966256,0.4948417944683423,31.044831301551312,51.09349336416927,0.0,Robust-MTD,43,case57,0.02
True,55,0.04,True,4,4,False,55,True,1.6113851869953318e-05,0.009004602114202804,0.4948417944683423,31.382295896764848,69.38929202442523,0.0,Robust-MTD,44,case57,0.02
True,2,0.04,False,20,20,False,2,True,0.03098197507091545,0.013383024818496564,0.4948417944683423,32.26333330385387,50.65207916777586,0.0,Robust-MTD,45,case57,0.02
True,34,-0.04,False,20,20,False,34,True,0.4430872240012604,0.10468554835497196,0.4948417944683423,31.930185499368235,53.3907041506609,0.0,Robust-MTD,46,case57,0.02
True,14,-0.04,True,1,1,False,14,True,3.876995719774676e-10,0.008395664289470186,0.4948417944683423,36.58564384968486,67.79244759527502,0.0,Robust-MTD,47,case57,0.02
True,1,0.04,False,20,20,False,0,False,0.6101911307724439,0.3622739185318506,0.4948417944683423,32.5622666394338,58.21018479473425,0.0,Robust-MTD,48,case57,0.02
True,34,-0.04,False,20,20,False,34,True,0.46659949009741064,0.10552111417044363,0.4948417944683423,27.717910395585932,37.38111009588466,0.0,Robust-MTD,49,case57,0.02
True,40,-0.04,False,20,20,False,0,False,0.661487454377162,0.2846720582425755,0.4948417944683423,30.1662270037923,56.58502674777993,0.0,Robust-MTD,50,case57,0.02
True,27,-0.04,True,2,2,False,26,False,0.2545401973140407,0.011058747565126625,0.4948417944683423,28.267447851249017,39.57251281244681,0.0,Robust-MTD,51,case57,0.02
True,44,-0.04,True,1,1,False,44,True,0.17508795683388406,0.008043645035799,0.4948417944683423,28.969414700986817,42.92222884832882,0.0,Robust-MTD,52,case57,0.02
True,1,0.04,False,20,20,False,0,False,0.5875274639036676,0.36517328347052097,0.4948417944683423,36.719481099862605,65.47708097496073,0.0,Robust-MTD,53,case57,0.02
True,20,-0.04,True,3,3,False,17,False,0.3356031928805071,0.012637847279425338,0.4948417944683423,34.848995800712146,77.59427530982067,0.0,Robust-MTD,54,case57,0.02
True,41,-0.04,False,20,20,False,41,True,0.0010049193851546217,0.03612145767689762,0.4948417944683423,34.28559184540063,45.148726829211235,0.0,Robust-MTD,55,case57,0.02
True,25,0.04,False,20,20,False,25,True,0.26869962422514543,0.010485434015309483,0.4948417944683423,35.78397084784228,46.970568742835894,0.0,Robust-MTD,56,case57,0.02
True,33,0.04,False,20,20,False,33,True,0.40640539533693293,0.06580860004596176,0.4948417944683423,35.2883708459558,68.0176360794576,0.0,Robust-MTD,57,case57,0.02
True,42,-0.04,False,20,20,False,42,True,2.7574631023443068e-08,0.02658650275921026,0.4948417944683423,27.027866695425473,37.201084720436484,0.0,Robust-MTD,58,case57,0.02
True,21,0.04,False,20,20,False,0,False,0.6241487052697404,0.33898939677121065,0.4948417944683423,27.053649997105822,41.973775316728286,0.0,Robust-MTD,59,case57,0.02
True,36,-0.04,True,1,1,False,36,True,0.054407386477060116,0.002644740170106654,0.4948417944683423,29.90530430106446,54.3337600916857,0.0,Robust-MTD,60,case57,0.02
True,46,0.04,False,20,20,False,0,False,0.6169361039755002,0.341834353157606,0.4948417944683423,33.486058344715275,55.30671456363054,0.0,Robust-MTD,61,case57,0.02
True,56,0.04,False,20,20,False,56,True,0.17151753949770088,0.03219874753262344,0.4948417944683423,30.00500630296301,45.55054972588555,0.0,Robust-MTD,62,case57,0.02
True,8,-0.04,True,6,6,False,8,True,3.86718197812293e-10,0.01131983726463035,0.4948417944683423,31.58257510222029,50.64127323275899,0.0,Robust-MTD,63,case57,0.02
True,2,0.04,False,20,20,False,2,True,0.03244207987571444,0.01339258622154676,0.4948417944683423,33.9071479102131,49.22868063149508,0.0,Robust-MTD,64,case57,0.02
True,43,0.04,True,1,1,False,44,False,0.22402599341305868,0.007422467149472568,0.4948417944683423,36.007887407322414,69.98411254899113,0.0,Robust-MTD,65,case57,0.02
True,11,0.04,True,12,12,False,11,True,3.8671819781197553e-10,0.011334563842983649,0.4948417944683423,32.902562493109144,57.5849291722989,0.0,Robust-MTD,66,case57,0.02
True,7,0.04,False,20,20,False,0,False,0.6392231271821537,0.33942207539352415,0.4948417944683423,30.882041656877846,56.605514863622375,0.0,Robust-MTD,67,case57,0.02
True,7,-0.04,False,20,20,False,0,False,0.6868041363750507,0.26942788584094196,0.4948417944683423,31.891250007902272,72.93030000000728,0.0,Robust-MTD,68,case57,0.02
True,51,-0.04,False,20,20,False,51,True,0.32981073059131266,0.021292923617903418,0.4948417944683423,36.522012352361344,83.71156874345618,0.0,Robust-MTD,69,case57,0.02
True,12,-0.04,True,1,1,False,12,True,3.8671819781197475e-10,0.0014890009799783566,0.4948417944683423,32.575847950647585,45.580241084098816,0.0,Robust-MTD,70,case57,0.02
True,17,-0.04,False,20,20,False,18,False,0.2981983636752582,0.014166541009699092,0.4948417944683423,32.34175000106916,67.94168546330185,0.0,Robust-MTD,71,case57,0.02
True,35,0.04,True,1,1,False,35,True,0.0035038129612612293,0.0025351322684034035,0.4948417944683423,36.17929574975278,94.17203716584483,0.0,Robust-MTD,72,case57,0.02
True,37,0.04,True,1,1,False,44,False,0.18186636949794133,0.007970721728683815,0.4948417944683423,35.47568124777172,88.39670894376468,0.0,Robust-MTD,73,case57,0.02
True,11,0.04,False,20,20,False,11,True,3.8671819781198587e-10,0.011334563842983649,0.4948417944683423,34.559339462430216,63.13532887143085,0.0,Robust-MTD,74,case57,0.02
True,43,-0.04,True,1,1,False,44,False,0.22612990256603435,0.0073891174525961105,0.4948417944683423,37.28592719999142,95.35894822620322,0.0,Robust-MTD,75,case57,0.02
True,39,0.04,True,1,1,False,39,True,2.323106416850783e-08,0.008612567446811438,0.4948417944683423,29.34677919256501,39.499770506517976,0.0,Robust-MTD,76,case57,0.02
True,41,-0.04,False,20,20,False,41,True,8.446985160977461e-06,0.03607979474233569,0.4948417944683423,33.68932720331941,61.729580958490274,0.0,Robust-MTD,77,case57,0.02
True,11,-0.04,True,15,15,False,11,True,3.8671819781197553e-10,0.011334563842983649,0.4948417944683423,31.451841656235047,49.025677118333995,0.0,Robust-MTD,78,case57,0.02
True,24,0.04,True,13,13,False,29,False,0.2865070655600984,0.02709377101404215,0.4948417944683423,32.1036145061953,68.75102023186629,0.0,Robust-MTD,79,case57,0.02
True,26,-0.04,False,20,20,False,26,True,0.24097338546620284,0.011398428128915429,0.4948417944683423,29.78464579791762,44.8963417002233,0.0,Robust-MTD,80,case57,0.02
True,37,0.04,True,1,1,False,44,False,0.22807078103694217,0.0073576295104492255,0.4948417944683423,31.289818554068912,50.08672672556714,0.0,Robust-MTD,81,case57,0.02
True,26,-0.04,True,6,6,False,25,False,0.24138853901887491,0.011372884570655415,0.4948417944683423,31.592489601462145,65.50339341920335,0.0,Robust-MTD,82,case57,0.02
True,20,-0.04,True,3,3,False,17,False,0.33084711360027586,0.012935325332094003,0.4948417944683423,28.441752152866684,41.87512050557416,0.0,Robust-MTD,83,case57,0.02
True,54,0.04,False,20,20,False,54,True,0.23737830140145946,0.029619288907709266,0.4948417944683423,31.25049169757403,43.25142702437009,0.0,Robust-MTD,84,case57,0.02
True,31,0.04,False,20,20,False,0,False,0.6283942268839863,0.2126757895139177,0.4948417944683423,34.37460220302455,70.71835691749584,0.0,Robust-MTD,85,case57,0.02
True,28,0.04,True,2,2,False,28,True,5.302760699920871e-10,0.008126819555070957,0.4948417944683423,32.38745025591925,56.874752449220985,0.0,Robust-MTD,86,case57,0.02
True,26,-0.04,True,11,11,False,26,True,0.257495635550852,0.010972432504647397,0.4948417944683423,36.249466755543835,79.15846729301848,0.0,Robust-MTD,87,case57,0.02
True,17,-0.04,True,12,12,False,17,True,0.3423778757604371,0.011916093878981331,0.4948417944683423,36.40841454907786,60.34671074012296,0.0,Robust-MTD,88,case57,0.02
True,55,-0.04,True,10,10,False,55,True,2.408725785014752e-05,0.009004601059900943,0.4948417944683423,35.12246471073013,59.45727568177974,0.0,Robust-MTD,89,case57,0.02
True,11,0.04,False,20,20,False,11,True,3.8671817035195103e-10,0.011334563842983649,0.4948417944683423,31.518102044356052,44.08005896839313,0.0,Robust-MTD,90,case57,0.02
True,48,-0.04,True,3,3,False,49,False,0.2697777181534101,0.012454546902586131,0.4948417944683423,36.22949573909864,54.492221123655334,0.0,Robust-MTD,91,case57,0.02
True,50,-0.04,False,20,20,False,50,True,0.1922400210220377,0.016691484921599126,0.4948417944683423,29.81817914696876,52.57715027546512,0.0,Robust-MTD,92,case57,0.02
True,53,-0.04,True,2,2,False,51,False,0.265804437481565,0.012146600168380753,0.4948417944683423,33.20367079868447,56.284195827902295,0.0,Robust-MTD,93,case57,0.02
True,43,0.04,True,3,3,False,44,False,0.27107647444586325,0.006105697826845622,0.4948417944683423,30.69678544998169,41.1261934466893,0.0,Robust-MTD,94,case57,0.02
True,40,-0.04,False,20,20,False,41,False,0.4467490051292713,0.16941036363817788,0.4948417944683423,31.17506664711982,44.28086279076526,0.0,Robust-MTD,95,case57,0.02
True,10,-0.04,False,20,20,False,10,True,3.8671819781199735e-10,0.015073796982634015,0.4948417944683423,31.541031200322326,52.548268414102495,0.0,Robust-MTD,96,case57,0.02
True,14,0.04,True,9,9,False,14,True,4.0574690221264606e-10,0.008395664289463329,0.4948417944683423,40.92086460732389,83.52422468306032,0.0,Robust-MTD,97,case57,0.02
True,53,-0.04,True,1,1,False,52,False,0.27166360170548887,0.009452715694878966,0.4948417944683423,31.293443695176393,49.84462111315225,0.0,Robust-MTD,98,case57,0.02
True,49,-0.04,False,20,20,False,50,False,0.2577862935588188,0.01445530780939918,0.4948417944683423,38.534708353108726,72.89565237006174,0.0,Robust-MTD,99,case57,0.02
True,56,0.04,False,20,20,False,56,True,0.17144329584367074,0.03219931990014528,0.4948417944683423,34.2123519978486,62.12310681876261,0.0,Robust-MTD,100,case57,0.02
True,17,-0.04,True,15,15,False,17,True,0.340031170693161,0.012268113296403354,0.4948417944683423,30.311729287495837,51.199488167185336,0.0,Robust-MTD,101,case57,0.02
True,12,0.04,True,1,1,False,12,True,3.8671819781197475e-10,0.0014890009799783566,0.4948417944683423,39.98612085124478,71.95794408908115,0.0,Robust-MTD,102,case57,0.02
True,48,-0.04,True,4,4,False,48,True,0.2713757339778851,0.012612612952688191,0.4948417944683423,35.45843115425669,79.73780830798206,0.0,Robust-MTD,103,case57,0.02
True,31,0.04,False,20,20,False,31,True,0.48747527069410806,0.12169823308261643,0.4948417944683423,30.41425416013226,59.902137517929084,0.0,Robust-MTD,104,case57,0.02
True,31,0.04,False,20,20,False,0,False,0.5812168057200189,0.3658787086914545,0.4948417944683423,33.056056196801364,55.64424856274855,0.0,Robust-MTD,105,case57,0.02
True,41,-0.04,False,20,20,False,41,True,4.049548746620359e-05,0.036081868564213256,0.4948417944683423,34.796456299955025,56.79516490490645,0.0,Robust-MTD,106,case57,0.02
True,16,-0.04,False,20,20,False,0,False,0.578901282017581,0.3751113197690462,0.4948417944683423,29.118676998768933,46.36507438262925,0.0,Robust-MTD,107,case57,0.02
True,20,0.04,True,10,10,False,17,False,0.34145175008553796,0.01142701539312434,0.4948417944683423,30.60013529320713,55.11857674864587,0.0,Robust-MTD,108,case57,0.02
True,50,0.04,True,17,17,False,50,True,0.2655581262154956,0.014005189144845052,0.4948417944683423,31.47740210697521,59.14650266349781,0.0,Robust-MTD,109,case57,0.02
True,17,0.04,True,7,7,False,18,False,0.3090065302705126,0.013856352962314933,0.4948417944683423,37.85746670037042,76.15429580619093,0.0,Robust-MTD,110,case57,0.02
True,41,0.04,False,20,20,False,41,True,0.07927854177441847,0.045059239842806464,0.4948417944683423,34.20888139808085,53.09319372172468,0.0,Robust-MTD,111,case57,0.02
True,15,0.04,True,0,0,False,0,False,0.6157094017954239,0.34495316435364504,0.4948417944683423,35.65472924383357,80.74212083593011,0.0,Robust-MTD,112,case57,0.02
True,12,-0.04,True,1,1,False,12,True,3.8671819781197475e-10,0.0014890009799783566,0.4948417944683423,31.269137549679726,41.55787116033028,0.0,Robust-MTD,113,case57,0.02
True,33,-0.04,False,20,20,False,31,False,0.4509384082478998,0.115352726872088,0.4948417944683423,30.837560392683372,42.785250654560535,0.0,Robust-MTD,114,case57,0.02
True,8,0.04,False,20,20,False,8,True,3.867181978119756e-10,0.01131983726463035,0.4948417944683423,30.35251228720881,39.44725800247399,0.0,Robust-MTD,115,case57,0.02
True,16,-0.04,False,20,20,False,0,False,0.5971365455451155,0.3598489774604619,0.4948417944683423,30.483472844935022,53.72181486454792,0.0,Robust-MTD,116,case57,0.02
True,46,-0.04,False,20,20,False,0,False,0.6176953339092629,0.3322635634272561,0.4948417944683423,31.544535345165063,61.883774332818575,0.0,Robust-MTD,117,case57,0.02
True,8,-0.04,True,8,8,False,8,True,3.8671819781197475e-10,0.01131983726463035,0.4948417944683423,27.61062908975873,37.44861072045752,0.0,Robust-MTD,118,case57,0.02
True,20,0.04,True,2,2,False,17,False,0.3345649597588218,0.012706718806754471,0.4948417944683423,37.83335214247927,94.04700238374063,0.0,Robust-MTD,119,case57,0.02
True,52,-0.04,True,1,1,False,51,False,0.27021895974221116,0.01234294933117489,0.4948417944683423,36.93598545505665,56.922167330048985,0.0,Robust-MTD,120,case57,0.02
True,9,-0.04,False,20,20,False,9,True,0.19204835571527112,0.12041346007491166,0.4948417944683423,32.50654159928672,48.879253835184514,0.0,Robust-MTD,121,case57,0.02
True,21,0.04,False,20,20,False,0,False,0.6034562191268988,0.35599977693897206,0.4948417944683423,29.846777152852155,42.418952385196484,0.0,Robust-MTD,122,case57,0.02
True,43,0.04,True,1,1,False,44,False,0.253728255141142,0.006842993401623362,0.4948417944683423,28.515470898128115,48.434164290665656,0.0,Robust-MTD,123,case57,0.02
True,18,-0.04,True,9,9,False,18,True,0.31222617947457765,0.013752378444864306,0.4948417944683423,30.68671879300382,43.96116276038815,0.0,Robust-MTD,124,case57,0.02
True,38,-0.04,False,20,20,False,56,False,0.17144218097713146,0.03219932713319782,0.4948417944683423,31.897260251571428,58.74828091182282,0.0,Robust-MTD,125,case57,0.02
True,47,-0.04,False,20,20,False,0,False,0.6843605521960185,0.26208382494037463,0.4948417944683423,26.270310397376306,35.73215827636887,0.0,Robust-MTD,126,case57,0.02
True,51,-0.04,False,20,20,False,51,True,0.2990951459469594,0.02386224093854876,0.4948417944683423,28.39496875240002,37.306648548110395,0.0,Robust-MTD,127,case57,0.02
True,23,0.04,True,0,0,False,0,False,0.664137659249057,0.3186311225449425,0.4948417944683423,33.01366469531786,75.73759824153969,0.0,Robust-MTD,128,case57,0.02
True,40,0.04,True,15,15,False,40,True,0.5009945268923182,0.23126092384611985,0.4948417944683423,28.325387451332062,40.62469996279106,0.0,Robust-MTD,129,case57,0.02
True,20,-0.04,True,1,1,False,20,True,0.3311588721405893,0.010350429103108664,0.4948417944683423,32.610185447265394,55.694747919915265,0.0,Robust-MTD,130,case57,0.02
True,51,-0.04,False,20,20,False,54,False,0.24537668485871644,0.027191480644958417,0.4948417944683423,30.500481190392748,45.28071874810849,0.0,Robust-MTD,131,case57,0.02
True,26,0.04,True,15,15,False,26,True,0.25488089031780414,0.011049274176059144,0.4948417944683423,33.6668331961846,54.165435698814704,0.0,Robust-MTD,132,case57,0.02
True,43,-0.04,True,1,1,False,44,False,0.19594606025399314,0.0078079753051222,0.4948417944683423,35.58629995386582,65.57014971622267,0.0,Robust-MTD,133,case57,0.02
True,54,-0.04,False,20,20,False,54,True,0.21019269847627953,0.03121115694350706,0.4948417944683423,29.685370897641405,67.7559625270078,0.0,Robust-MTD,134,case57,0.02
True,32,0.04,False,20,20,False,0,False,0.5977105015800972,0.3673946698092233,0.4948417944683423,27.67304160806816,35.69766636064742,0.0,Robust-MTD,135,case57,0.02
True,47,0.04,False,20,20,False,0,False,0.6596196853958189,0.2672112316098237,0.4948417944683423,36.18846866011154,59.447883011307574,0.0,Robust-MTD,136,case57,0.02
True,51,0.04,True,2,2,False,54,False,0.2328083293323877,0.02860242504226764,0.4948417944683423,30.997385503724217,48.424879825324766,0.0,Robust-MTD,137,case57,0.02
True,53,0.04,True,1,1,False,51,False,0.22997696082930888,0.014964983912297246,0.4948417944683423,29.17111255810596,50.26275560667273,0.0,Robust-MTD,138,case57,0.02
True,54,0.04,False,20,20,False,54,True,0.21957817392721535,0.030636948054117256,0.4948417944683423,28.539429156808183,47.846227145055316,0.0,Robust-MTD,139,case57,0.02
True,20,0.04,True,2,2,False,17,False,0.3331123978914266,0.012795332897689225,0.4948417944683423,38.42802074505016,55.04404721432366,0.0,Robust-MTD,140,case57,0.02
True,52,0.04,True,6,6,False,51,False,0.24994233580336525,0.01360143479431226,0.4948417944683423,35.87920635472983,92.1896068874048,0.0,Robust-MTD,141,case57,0.02
True,10,0.04,True,13,13,False,10,True,3.8671817035205955e-10,0.015073796982634018,0.4948417944683423,31.201208248967305,49.880175036378205,0.0,Robust-MTD,142,case57,0.02
True,12,-0.04,True,1,1,False,12,True,3.8671819781197475e-10,0.0014890009799783566,0.4948417944683423,33.71750610822346,53.332462508115,0.0,Robust-MTD,143,case57,0.02
True,10,0.04,True,13,13,False,10,True,3.8671806051460666e-10,0.015073796982634023,0.4948417944683423,29.62842700071633,41.867245180765174,0.0,Robust-MTD,144,case57,0.02
True,11,-0.04,True,19,19,False,11,True,3.8671819781197475e-10,0.011334563842983649,0.4948417944683423,34.78026880475227,67.23461248038804,0.0,Robust-MTD,145,case57,0.02
True,25,-0.04,True,4,4,False,28,False,0.16374605390280908,0.008572054822307822,0.4948417944683423,32.972633448662236,64.99613507185131,0.0,Robust-MTD,146,case57,0.02
True,36,0.04,True,1,1,False,36,True,0.015533235327156178,0.0026500978033098554,0.4948417944683423,33.361604204401374,55.63505442405586,0.0,Robust-MTD,147,case57,0.02
True,44,-0.04,False,20,20,False,44,True,0.13705874330015863,0.008401434228092456,0.4948417944683423,34.97086875140667,62.61767768883149,0.0,Robust-MTD,148,case57,0.02
True,24,0.04,False,20,20,False,29,False,0.32727888506643044,0.03344260083644936,0.4948417944683423,31.217077051405795,59.55620802415069,0.0,Robust-MTD,149,case57,0.02
True,3,0.04,False,20,20,False,3,True,0.096999509371482,0.01819994528097046,0.4948417944683423,33.78780019993428,60.028895770665265,0.0,Robust-MTD,150,case57,0.02
True,42,0.04,False,20,20,False,42,True,7.71311255147512e-06,0.02658653953793635,0.4948417944683423,33.28841040492989,40.864863150636666,0.0,Robust-MTD,151,case57,0.02
True,23,0.04,False,20,20,False,0,False,0.7106368243830198,0.27821487330337913,0.4948417944683423,29.38681675295811,47.77254614455163,0.0,Robust-MTD,152,case57,0.02
True,45,0.04,False,20,20,False,45,True,6.62178444139626e-10,0.01943601953096549,0.4948417944683423,30.54097489803098,54.52022529498208,0.0,Robust-MTD,153,case57,0.02
True,24,-0.04,False,20,20,False,24,True,0.3379465375508039,0.03570959975922353,0.4948417944683423,30.355643649818376,61.280778839136474,0.0,Robust-MTD,154,case57,0.02
True,22,-0.04,False,20,20,False,0,False,0.6858882366275603,0.26633459487822886,0.4948417944683423,32.09662924637087,54.90473815007135,0.0,Robust-MTD,155,case57,0.02
True,23,0.04,False,20,20,False,0,False,0.586127095206095,0.3628831263627651,0.4948417944683423,35.49573534692172,62.14802710164805,0.0,Robust-MTD,156,case57,0.02
True,54,0.04,False,20,20,False,54,True,0.31326773487752024,0.02762717371186161,0.4948417944683423,31.041420850669965,63.40794967545663,0.0,Robust-MTD,157,case57,0.02
True,33,-0.04,False,20,20,False,34,False,0.43083018808842855,0.08578312911992544,0.4948417944683423,29.311708151362836,40.70535386563279,0.0,Robust-MTD,158,case57,0.02
True,39,-0.04,False,20,20,False,39,True,0.0001410935601670206,0.00861258804988483,0.4948417944683423,35.64906884566881,52.84512711805293,0.0,Robust-MTD,159,case57,0.02
False,0,0.0,False,20,20,False,0,True,0.5982691306245281,0.3636629389634086,0.4948417944683423,32.29517285653856,60.89564441645053,0.0,Robust-MTD,160,case57,0.02
False,0,0.0,False,20,20,False,0,True,0.6035446458038338,0.36110151874013185,0.4948417944683423,39.636522851651534,64.8416851152434,0.0,Robust-MTD,161,case57,0.02
False,0,0.0,False,20,20,False,0,True,0.6226136029895903,0.3431732384370525,0.4948417944683423,31.9406978553161,49.617703552939936,0.0,Robust-MTD,162,case57,0.02
False,0,0.0,False,20,20,False,0,True,0.6402078343597093,0.3292086794330959,0.4948417944683423,28.71284584980458,42.01371638628191,0.0,Robust-MTD,163,case57,0.02
False,0,0.0,False,20,20,False,0,True,0.6179310617445182,0.35530855155265406,0.4948417944683423,33.60668130626436,74.99349614954556,0.0,Robust-MTD,164,case57,0.02
False,0,0.0,False,20,20,False,0,True,0.6663043024287928,0.3103499243100194,0.4948417944683423,29.357256411458366,42.48379346390721,0.0,Robust-MTD,165,case57,0.02
False,0,0.0,False,20,20,False,0,True,0.5995214573377942,0.35624172163476775,0.4948417944683423,28.54274170822464,42.66847947437782,0.0,Robust-MTD,166,case57,0.02
False,0,0.0,False,20,20,False,0,True,0.6208771555823734,0.34454678276430584,0.4948417944683423,29.434541595401242,44.94187082455029,0.0,Robust-MTD,167,case57,0.02
False,0,0.0,False,20,20,False,0,True,0.6349041131721681,0.31440116625717296,0.4948417944683423,31.32977510977071,49.6530996868387,0.0,Robust-MTD,168,case57,0.02
False,0,0.0,False,20,20,False,0,True,0.6200806315715276,0.3462002367228344,0.4948417944683423,31.2441125017358,47.89393273240422,0.0,Robust-MTD,169,case57,0.02
False,0,0.0,False,20,20,False,0,True,0.6655220883049686,0.2915329010031327,0.4948417944683423,37.564595745061524,73.35224370763171,0.0,Robust-MTD,170,case57,0.02
False,0,0.0,False,20,20,False,0,True,0.6524356541137923,0.3332405408874813,0.4948417944683423,36.3292772002751,73.7484645913355,0.0,Robust-MTD,171,case57,0.02
False,0,0.0,False,20,20,False,0,True,0.6293679388940785,0.33786931588649827,0.4948417944683423,32.072466699173674,48.39349576213864,0.0,Robust-MTD,172,case57,0.02
False,0,0.0,False,20,20,False,0,True,0.6865014881815032,0.2987608833606705,0.4948417944683423,31.2010603985982,54.024872920126654,0.0,Robust-MTD,173,case57,0.02
False,0,0.0,False,20,20,False,0,True,0.6132338798086849,0.35185765457889046,0.4948417944683423,35.88316450477578,80.85571012634318,0.0,Robust-MTD,174,case57,0.02
False,0,0.0,False,20,20,False,0,True,0.6562265644581788,0.3145906729468699,0.4948417944683423,32.69297709921375,56.927725291461684,0.0,Robust-MTD,175,case57,0.02
False,0,0.0,False,20,20,False,1,False,0.5933373180988029,0.3492509686747627,0.4948417944683423,29.00614159880206,37.74834724899848,0.0,Robust-MTD,176,case57,0.02
False,0,0.0,False,20,20,False,0,True,0.6283463035396332,0.3268414743083822,0.4948417944683423,31.506816597538997,71.3907422934426,0.0,Robust-MTD,177,case57,0.02
False,0,0.0,False,20,20,False,0,True,0.6436972805562741,0.3061795129639493,0.4948417944683423,27.295956353191286,37.83493576338515,0.0,Robust-MTD,178,case57,0.02
False,0,0.0,False,20,20,False,0,True,0.5843325892007055,0.3664106962162266,0.4948417944683423,36.54653960256837,74.11716392962263,0.0,Robust-MTD,179,case57,0.02
False,0,0.0,False,20,20,False,0,True,0.6137688245982761,0.3499755359549873,0.4948417944683423,35.7169541035546,74.25711848190986,0.0,Robust-MTD,180,case57,0.02
False,0,0.0,False,20,20,False,0,True,0.5736337268169237,0.37413933632130203,0.4948417944683423,31.184783301432617,47.56806424702519,0.0,Robust-MTD,181,case57,0.02
False,0,0.0,False,20,20,False,0,True,0.6330692091983722,0.33270171713875,0.4948417944683423,30.788416697760113,58.46496876038146,0.0,Robust-MTD,182,case57,0.02
False,0,0.0,False,20,20,False,0,True,0.6842793870240953,0.30313013941897304,0.4948417944683423,32.68859784875531,45.1473104039906,0.0,Robust-MTD,183,case57,0.02
False,0,0.0,True,11,11,True,0,True,0.6330078142596962,0.34367685736635945,0.4948417944683423,23.51898955530487,33.13358570740093,0.0,Robust-MTD,184,case57,0.02
False,0,0.0,False,20,20,False,0,True,0.6885686247837195,0.30460820813856027,0.4948417944683423,34.83843739377335,57.35253538296093,0.0,Robust-MTD,185,case57,0.02
False,0,0.0,False,20,20,False,0,True,0.5919549961831765,0.35192354445392976,0.4948417944683423,29.74064375157468,47.83495655865409,0.0,Robust-MTD,186,case57,0.02
False,0,0.0,False,20,20,False,0,True,0.6872321858196395,0.29810208746353756,0.4948417944683423,29.158377050771378,50.44016668398399,0.0,Robust-MTD,187,case57,0.02
False,0,0.0,False,20,20,False,0,True,0.6241906678503159,0.34774813747842076,0.4948417944683423,30.116270756116137,41.89143476833125,0.0,Robust-MTD,188,case57,0.02
False,0,0.0,False,20,20,False,0,True,0.6594323526424174,0.3200779632441004,0.4948417944683423,19.913910498144105,22.754752365290187,0.0,Robust-MTD,189,case57,0.02
False,0,0.0,False,20,20,False,0,True,0.6357610578683647,0.3401411965042381,0.4948417944683423,31.512508448213335,51.180067291716114,0.0,Robust-MTD,190,case57,0.02
False,0,0.0,False,20,20,False,0,True,0.6528246114465032,0.3245983036182313,0.4948417944683423,29.01368114980869,44.16918958013413,0.0,Robust-MTD,191,case57,0.02
False,0,0.0,False,20,20,False,0,True,0.6097818849722902,0.3515069296466841,0.4948417944683423,37.14393954433035,86.02560416038614,0.0,Robust-MTD,192,case57,0.02
False,0,0.0,False,20,20,False,0,True,0.7075245234461958,0.2548262883382202,0.4948417944683423,28.149366489378735,39.62495002779179,0.0,Robust-MTD,193,case57,0.02
False,0,0.0,True,7,7,True,0,True,0.5934394427078529,0.3594102586196554,0.4948417944683423,18.52178754634224,22.721827079658397,0.0,Robust-MTD,194,case57,0.02
False,0,0.0,False,20,20,False,0,True,0.6135583882920002,0.35327115226135464,0.4948417944683423,31.587183306692168,46.26757022051608,0.0,Robust-MTD,195,case57,0.02
False,0,0.0,False,20,20,False,0,True,0.5967075503300394,0.3614353563692179,0.4948417944683423,19.071589643135667,22.80292768846266,0.0,Robust-MTD,196,case57,0.02
False,0,0.0,False,20,20,False,0,True,0.6708699381125246,0.32623903230027734,0.4948417944683423,29.140154004562646,41.25928269058932,0.0,Robust-MTD,197,case57,0.02
False,0,0.0,False,20,20,False,0,True,0.6386095928835436,0.3342326352833344,0.4948417944683423,18.333895746036433,22.125506537850015,0.0,Robust-MTD,198,case57,0.02
False,0,0.0,False,20,20,False,0,True,0.5917608292190359,0.3497116844288845,0.4948417944683423,10.179358455934562,10.903248598333448,0.0,Robust-MTD,199,case57,0.02
True,26,-0.04,False,20,20,False,0,False,0.7219186034879355,0.3234265443446571,0.6449621867960693,20.596718744491227,27.882322610821575,0.0,HMTD-MDE,0,case57,0.03
True,49,-0.04,False,20,20,False,49,True,0.31407730328736416,0.0489676859598441,0.6449621867960693,23.867054187576286,31.92145026987419,0.0,HMTD-MDE,1,case57,0.03
True,53,-0.04,True,4,4,False,53,True,0.181394673008547,0.014992934607295977,0.6449621867960693,27.42658955103252,35.068076776224196,0.0,HMTD-MDE,2,case57,0.03
True,37,0.04,False,20,20,False,37,True,0.17448018174011126,0.0349585991009327,0.6449621867960693,34.21142294246238,75.62918955809438,0.0,HMTD-MDE,3,case57,0.03
True,46,0.04,True,17,17,False,0,False,0.717417953098637,0.36992088830068903,0.6449621867960693,27.28014799358789,36.885698203695945,0.0,HMTD-MDE,4,case57,0.03
True,17,0.04,False,20,20,False,0,False,0.7612982939538928,0.34295314286713263,0.6449621867960693,21.586295758606866,30.231097285286527,0.0,HMTD-MDE,5,case57,0.03
True,24,0.04,False,20,20,False,24,True,0.40018375554446817,0.0570324070336377,0.6449621867960693,25.517931350623257,37.32960833585822,0.0,HMTD-MDE,6,case57,0.03
True,3,0.04,False,20,20,False,3,True,0.11005224439297215,0.01423906268410927,0.6449621867960693,25.086610348080285,31.641896138899046,0.0,HMTD-MDE,7,case57,0.03
True,8,-0.04,True,1,1,False,8,True,3.8671819781197475e-10,0.001870442850207673,0.6449621867960693,27.454220960498787,36.530633657821454,0.0,HMTD-MDE,8,case57,0.03
True,22,0.04,False,20,20,False,18,False,0.6509202338030154,0.24159026886145227,0.6449621867960693,26.88825215154793,38.68928960582707,0.0,HMTD-MDE,9,case57,0.03
True,29,-0.04,False,20,20,False,31,False,0.43647799292133915,0.07507304124996173,0.6449621867960693,20.628514606505632,26.558643774478696,0.0,HMTD-MDE,10,case57,0.03
True,28,-0.04,False,20,20,False,28,True,0.43564428706338854,0.16093716634764088,0.6449621867960693,27.51406649767887,43.07322289969307,0.0,HMTD-MDE,11,case57,0.03
True,8,0.04,True,1,1,False,8,True,3.8671819781197475e-10,0.001870442850207673,0.6449621867960693,26.366941604646854,42.25124107033481,0.0,HMTD-MDE,12,case57,0.03
True,28,-0.04,False,20,20,False,0,False,0.6990353308444016,0.32978590470188107,0.6449621867960693,27.345616745878942,38.65434343751986,0.0,HMTD-MDE,13,case57,0.03
True,22,0.04,False,20,20,False,0,False,0.7405324594637517,0.3226122324883839,0.6449621867960693,26.020816748496145,42.719312777626335,0.0,HMTD-MDE,14,case57,0.03
True,26,0.04,False,20,20,False,0,False,0.7200455792670156,0.3593986610823465,0.6449621867960693,20.698824946884997,29.131845547817647,0.0,HMTD-MDE,15,case57,0.03
True,40,-0.04,False,20,20,False,40,True,0.11924399621096292,0.034455044828976836,0.6449621867960693,25.32348539971281,38.74762085615657,0.0,HMTD-MDE,16,case57,0.03
True,1,-0.04,False,20,20,False,0,False,0.7706825697882634,0.34180217302370375,0.6449621867960693,25.194270798237994,35.6489479308948,0.0,HMTD-MDE,17,case57,0.03
True,37,-0.04,False,20,20,False,43,False,0.17468164209196738,0.03501044803905885,0.6449621867960693,27.595827102777548,33.059440230135806,0.0,HMTD-MDE,18,case57,0.03
True,42,-0.04,False,20,20,False,42,True,0.19235932300672814,0.17895109754457816,0.6449621867960693,32.512375101214275,61.165801799506895,0.0,HMTD-MDE,19,case57,0.03
True,32,0.04,False,20,20,False,0,False,0.6806108702026917,0.39536111860186923,0.6449621867960693,21.286458303802647,28.50569587026257,0.0,HMTD-MDE,20,case57,0.03
True,20,0.04,False,20,20,False,19,False,0.2594039342126673,0.034176934633226685,0.6449621867960693,25.242162510403432,38.441930926637724,0.0,HMTD-MDE,21,case57,0.03
True,46,0.04,False,20,20,False,0,False,0.7199993696668544,0.37117448587121993,0.6449621867960693,29.659706342499703,49.2295035510324,0.0,HMTD-MDE,22,case57,0.03
True,42,0.04,False,20,20,False,42,True,0.5977986501608566,0.3158225258333407,0.6449621867960693,26.035189552931115,34.087622896186076,0.0,HMTD-MDE,23,case57,0.03
True,56,-0.04,True,3,3,False,38,False,0.5058936953319849,0.15220000516066987,0.6449621867960693,28.86135619482957,41.969368065474555,0.0,HMTD-MDE,24,case57,0.03
True,53,0.04,True,15,15,False,53,True,0.19053431818299318,0.015576022727557131,0.6449621867960693,26.187674948596396,36.268115209531985,0.0,HMTD-MDE,25,case57,0.03
True,48,0.04,True,6,6,False,48,True,0.0001428431454588503,0.011057729675860673,0.6449621867960693,30.298556195339188,54.852606228087105,0.0,HMTD-MDE,26,case57,0.03
True,24,-0.04,False,20,20,False,24,True,0.39810103826350823,0.056507428148825325,0.6449621867960693,27.267691743327305,38.38150568481069,0.0,HMTD-MDE,27,case57,0.03
True,20,0.04,False,20,20,False,20,True,0.22250370118098928,0.026363041117424452,0.6449621867960693,32.21374600834679,62.624181268620305,0.0,HMTD-MDE,28,case57,0.03
True,34,-0.04,True,18,18,False,31,False,0.6522676787507838,0.16774578676329185,0.6449621867960693,30.648343902430497,46.98362682829611,0.0,HMTD-MDE,29,case57,0.03
True,11,-0.04,True,1,1,False,11,True,3.8671819781197475e-10,0.0019276098704617366,0.6449621867960693,29.745241644559428,64.35897050250789,0.0,HMTD-MDE,30,case57,0.03
True,38,0.04,False,20,20,False,38,True,0.6346502382971697,0.21280730870223705,0.6449621867960693,26.202374949934892,32.63847262132913,0.0,HMTD-MDE,31,case57,0.03
True,32,0.04,False,20,20,False,0,False,0.7121850334172034,0.37405359060437626,0.6449621867960693,35.66460405127145,76.86381838284434,0.0,HMTD-MDE,32,case57,0.03
True,15,-0.04,False,20,20,False,0,False,0.6909816962848175,0.40280091382165023,0.6449621867960693,36.45326050755102,84.58547562186143,0.0,HMTD-MDE,33,case57,0.03
True,36,0.04,True,1,1,False,36,True,0.07562128928305416,0.0043646836249468385,0.6449621867960693,31.39162709994707,57.39497498434503,0.0,HMTD-MDE,34,case57,0.03
True,26,0.04,False,20,20,False,0,False,0.6995206898129986,0.37916512140978886,0.6449621867960693,30.1209187542554,46.805943732033484,0.0,HMTD-MDE,35,case57,0.03
True,28,0.04,False,20,20,False,27,False,0.17008452601285107,0.11733353817414484,0.6449621867960693,31.933175047743138,64.09309615846725,0.0,HMTD-MDE,36,case57,0.03
True,3,0.04,True,14,14,False,3,True,0.008788853038789674,0.013460863612448202,0.6449621867960693,29.495458345627412,59.475250012474135,0.0,HMTD-MDE,37,case57,0.03
True,6,0.04,False,20,20,False,6,True,5.691178486086291e-07,0.009791915530120618,0.6449621867960693,35.60474800178781,68.69694853958208,0.0,HMTD-MDE,38,case57,0.03
True,51,-0.04,False,20,20,False,51,True,0.6994049688882163,0.26146605613578766,0.6449621867960693,35.417289499309845,60.62224374909422,0.0,HMTD-MDE,39,case57,0.03
True,17,0.04,False,20,20,False,0,False,0.7257862902580987,0.3718334156682257,0.6449621867960693,35.97386455221567,75.83341727731754,0.0,HMTD-MDE,40,case57,0.03
True,49,-0.04,True,12,12,False,49,True,0.18652840056419556,0.03807747513861266,0.6449621867960693,32.27017084718682,62.289497334859334,0.0,HMTD-MDE,41,case57,0.03
True,19,-0.04,False,20,20,False,20,False,0.2540983194783243,0.032758590543428785,0.6449621867960693,26.646373001858592,33.28744374157395,0.0,HMTD-MDE,42,case57,0.03
True,31,0.04,False,20,20,False,0,False,0.7321747871132348,0.2685491616976402,0.6449621867960693,31.29250610654708,42.23518922808584,0.0,HMTD-MDE,43,case57,0.03
True,55,0.04,True,4,4,False,55,True,0.18876153275446542,0.0072603957847181474,0.6449621867960693,28.865433260216378,39.48293267167173,0.0,HMTD-MDE,44,case57,0.03
True,2,0.04,False,20,20,False,2,True,0.09780651191768178,0.01770909103480706,0.6449621867960693,33.08461045380682,49.41018334648111,0.0,HMTD-MDE,45,case57,0.03
True,34,-0.04,False,20,20,False,31,False,0.5883356069864044,0.1446434942008542,0.6449621867960693,27.480168658075854,55.28493539604825,0.0,HMTD-MDE,46,case57,0.03
True,14,-0.04,False,20,20,False,14,True,4.54756568697352e-09,0.02645323316954562,0.6449621867960693,30.162945794290863,49.16942084673795,0.0,HMTD-MDE,47,case57,0.03
True,1,0.04,False,20,20,False,0,False,0.6981466615465115,0.4109611223263575,0.6449621867960693,29.081193747697398,41.84740834170953,0.0,HMTD-MDE,48,case57,0.03
True,34,-0.04,False,20,20,False,31,False,0.5281693365703595,0.11368357871988621,0.6449621867960693,27.96536665118765,40.67537531373092,0.0,HMTD-MDE,49,case57,0.03
True,40,-0.04,False,20,20,False,40,True,0.17255796455582426,0.03131877756844604,0.6449621867960693,29.450593853835016,54.316078545525684,0.0,HMTD-MDE,50,case57,0.03
True,27,-0.04,False,20,20,False,0,False,0.7344679979359744,0.3334182227425515,0.6449621867960693,31.345810461789373,55.47844583634287,0.0,HMTD-MDE,51,case57,0.03
True,44,-0.04,False,20,20,False,0,False,0.7049531141865523,0.3813216552853499,0.6449621867960693,26.49745619564783,36.222075633122586,0.0,HMTD-MDE,52,case57,0.03
True,1,0.04,False,20,20,False,0,False,0.7168616917070249,0.3616562974969848,0.6449621867960693,34.98856870282907,68.85338958236389,0.0,HMTD-MDE,53,case57,0.03
True,20,-0.04,False,20,20,False,19,False,0.25388180127302196,0.03253572032624111,0.6449621867960693,31.707795747206543,63.35256879101509,0.0,HMTD-MDE,54,case57,0.03
True,41,-0.04,True,1,1,False,55,False,0.06414722160593722,0.005902898201212088,0.6449621867960693,32.39447080413811,63.62471636384727,0.0,HMTD-MDE,55,case57,0.03
True,25,0.04,False,20,20,False,0,False,0.7235289032687119,0.31116112007136476,0.6449621867960693,32.37316464947071,56.83489551884122,0.0,HMTD-MDE,56,case57,0.03
True,33,0.04,False,20,20,False,0,False,0.7505150298895403,0.34648441747576886,0.6449621867960693,31.87420829781331,54.016821164987064,0.0,HMTD-MDE,57,case57,0.03
True,42,-0.04,False,20,20,False,0,False,0.7286701781208649,0.3682421503869687,0.6449621867960693,34.13300640240777,60.86912495375147,0.0,HMTD-MDE,58,case57,0.03
True,21,0.04,False,20,20,False,0,False,0.7036219625429299,0.37946330614517665,0.6449621867960693,28.026581299491227,42.3553663364146,0.0,HMTD-MDE,59,case57,0.03
True,36,-0.04,True,1,1,False,36,True,0.0008395210171266315,0.004391144214671413,0.6449621867960693,32.42572504968848,63.97254414914645,0.0,HMTD-MDE,60,case57,0.03
True,46,0.04,False,20,20,False,0,False,0.7184883993989729,0.3580178144272317,0.6449621867960693,24.146698007825762,37.552312164916664,0.0,HMTD-MDE,61,case57,0.03
True,56,0.04,False,20,20,False,38,False,0.2011065778559591,0.059653232736037586,0.6449621867960693,30.328524953802116,55.66336665651762,0.0,HMTD-MDE,62,case57,0.03
True,8,-0.04,True,1,1,False,8,True,3.8671819781197475e-10,0.001870442850207673,0.6449621867960693,31.60310819512233,48.46163959300614,0.0,HMTD-MDE,63,case57,0.03
True,2,0.04,False,20,20,False,2,True,0.02745784000856152,0.01825980383494455,0.6449621867960693,32.645587594015524,56.177469372050844,0.0,HMTD-MDE,64,case57,0.03
True,43,0.04,False,20,20,False,37,False,0.1744224821654941,0.034943930079100474,0.6449621867960693,30.471199841122143,50.583547889255,0.0,HMTD-MDE,65,case57,0.03
True,11,0.04,True,1,1,False,11,True,3.8671819781197475e-10,0.0019276098704617366,0.6449621867960693,33.39692489244044,60.78272678714716,0.0,HMTD-MDE,66,case57,0.03
True,7,0.04,False,20,20,False,0,False,0.7267561942798791,0.31834477962067165,0.6449621867960693,28.889533251640387,42.2239681269275,0.0,HMTD-MDE,67,case57,0.03
True,7,-0.04,False,20,20,False,0,False,0.7807586204443476,0.26934650966790696,0.6449621867960693,30.52734149969183,43.81574166181963,0.0,HMTD-MDE,68,case57,0.03
True,51,-0.04,False,20,20,False,0,False,0.7298548582232021,0.36994282177928595,0.6449621867960693,35.22693560225889,62.32105204253458,0.0,HMTD-MDE,69,case57,0.03
True,12,-0.04,True,1,1,False,12,True,3.8671819781197475e-10,0.0005253246560272829,0.6449621867960693,31.98426449089311,52.57586453517434,0.0,HMTD-MDE,70,case57,0.03
True,17,-0.04,False,20,20,False,0,False,0.7328484948409989,0.3044444006154331,0.6449621867960693,36.64518334844615,73.26265478332063,0.0,HMTD-MDE,71,case57,0.03
True,35,0.04,True,1,1,False,35,True,0.023274038694915535,0.004106023776855532,0.6449621867960693,35.65960006089881,69.22112885513346,0.0,HMTD-MDE,72,case57,0.03
True,37,0.04,False,20,20,False,37,True,0.1716153944094026,0.03432524876242936,0.6449621867960693,27.766881047864445,37.6261723227799,0.0,HMTD-MDE,73,case57,0.03
True,11,0.04,True,1,1,False,11,True,3.8671819781197475e-10,0.0019276098704617366,0.6449621867960693,30.371145700337365,48.911924989079125,0.0,HMTD-MDE,74,case57,0.03
True,43,-0.04,False,20,20,False,37,False,0.1715372386760327,0.03431304565911447,0.6449621867960693,32.22471455228515,59.61983922170477,0.0,HMTD-MDE,75,case57,0.03
True,39,0.04,False,20,20,False,0,False,0.7051407313228243,0.38125951164508687,0.6449621867960693,30.820931255584583,44.303254809346996,0.0,HMTD-MDE,76,case57,0.03
True,41,-0.04,True,1,1,False,55,False,0.16893260746179994,0.005445564218589301,0.6449621867960693,29.414547843043692,53.746338962810114,0.0,HMTD-MDE,77,case57,0.03
True,11,-0.04,True,1,1,False,11,True,3.8671819781197475e-10,0.0019276098704617366,0.6449621867960693,32.10210409888532,53.70418778038586,0.0,HMTD-MDE,78,case57,0.03
True,24,0.04,True,19,19,False,31,False,0.43217777950355746,0.07250682509605404,0.6449621867960693,39.27075409446843,80.6534934206866,0.0,HMTD-MDE,79,case57,0.03
True,26,-0.04,False,20,20,False,0,False,0.7215368549962684,0.3632389493351854,0.6449621867960693,25.51226249197498,34.97653784288559,0.0,HMTD-MDE,80,case57,0.03
True,37,0.04,False,20,20,False,37,True,0.20312355667907672,0.04639908921011985,0.6449621867960693,29.31758959311992,46.565947946510285,0.0,HMTD-MDE,81,case57,0.03
True,26,-0.04,False,20,20,False,0,False,0.6956831095601486,0.3981799209073096,0.6449621867960693,32.722495796042494,60.79226216534153,0.0,HMTD-MDE,82,case57,0.03
True,20,-0.04,False,20,20,False,19,False,0.23090911212213963,0.02771308791509389,0.6449621867960693,34.59610416321084,74.46157953236255,0.0,HMTD-MDE,83,case57,0.03
True,54,0.04,False,20,20,False,0,False,0.6974918179098322,0.392501111519672,0.6449621867960693,28.989733441267163,51.48273125523703,0.0,HMTD-MDE,84,case57,0.03
True,31,0.04,False,20,20,False,31,True,0.48492505328245167,0.09584611253421413,0.6449621867960693,29.436545856879093,46.08304579451216,0.0,HMTD-MDE,85,case57,0.03
True,28,0.04,False,20,20,False,28,True,0.20337509935923667,0.11393985169008006,0.6449621867960693,31.769491505110636,64.8721541161649,0.0,HMTD-MDE,86,case57,0.03
True,26,-0.04,False,20,20,False,0,False,0.739279557644455,0.33761294055432467,0.6449621867960693,32.249954191502184,70.49567081849091,0.0,HMTD-MDE,87,case57,0.03
True,17,-0.04,False,20,20,False,0,False,0.7002039940427218,0.26180672706622005,0.6449621867960693,30.957047946867533,52.16268603981009,0.0,HMTD-MDE,88,case57,0.03
True,55,-0.04,True,2,2,False,55,True,0.15271421223794518,0.005653546489311506,0.6449621867960693,35.06601653934922,54.313375262427165,0.0,HMTD-MDE,89,case57,0.03
True,11,0.04,True,1,1,False,11,True,3.8671819781197475e-10,0.0019276098704617366,0.6449621867960693,29.306400089990348,46.580122568411774,0.0,HMTD-MDE,90,case57,0.03
True,48,-0.04,True,19,19,False,48,True,1.22996405165207e-07,0.011057259677605224,0.6449621867960693,33.559033248457126,63.934704189887306,0.0,HMTD-MDE,91,case57,0.03
True,50,-0.04,False,20,20,False,50,True,0.1532307526175001,0.027779323462350753,0.6449621867960693,33.195202151546255,67.34261520032305,0.0,HMTD-MDE,92,case57,0.03
True,53,-0.04,False,20,20,False,52,False,0.19448815779475004,0.01586742541725755,0.6449621867960693,31.523929204558954,59.220034023746855,0.0,HMTD-MDE,93,case57,0.03
True,43,0.04,False,20,20,False,43,True,0.17162324336948864,0.03432651845474661,0.6449621867960693,33.171479249722324,51.86737536860165,0.0,HMTD-MDE,94,case57,0.03
True,40,-0.04,False,20,20,False,40,True,0.06706527580725184,0.03694091138893332,0.6449621867960693,34.73101449490059,76.38501602632459,0.0,HMTD-MDE,95,case57,0.03
True,10,-0.04,True,1,1,False,10,True,3.8671819781197475e-10,0.003985450867860098,0.6449621867960693,36.163220947491936,53.91280690382702,0.0,HMTD-MDE,96,case57,0.03
True,14,0.04,True,16,16,False,14,True,8.90107905930833e-10,0.026453233177402904,0.6449621867960693,38.763339558499865,66.63806490250866,0.0,HMTD-MDE,97,case57,0.03
True,53,-0.04,False,20,20,False,53,True,0.20757252200209234,0.016999376593954098,0.6449621867960693,41.45197925390676,89.32010560529307,0.0,HMTD-MDE,98,case57,0.03
True,49,-0.04,False,20,20,False,49,True,0.1862986779813462,0.04094250367015217,0.6449621867960693,34.58530424977653,45.65970831899906,0.0,HMTD-MDE,99,case57,0.03
True,56,0.04,False,20,20,False,38,False,0.17240258166999375,0.05401224198104873,0.6449621867960693,35.18980005173944,52.81930039054714,0.0,HMTD-MDE,100,case57,0.03
True,17,-0.04,False,20,20,False,19,False,0.40660775911219355,0.09174960868057223,0.6449621867960693,35.65349385316949,48.40506490436384,0.0,HMTD-MDE,101,case57,0.03
True,12,0.04,True,1,1,False,12,True,3.8671819781197475e-10,0.0005253246560272829,0.6449621867960693,34.5393915544264,62.77521429874469,0.0,HMTD-MDE,102,case57,0.03
True,48,-0.04,True,12,12,False,48,True,2.408349412054048e-08,0.011057259491905778,0.6449621867960693,33.52766459865961,65.08341940061656,0.0,HMTD-MDE,103,case57,0.03
True,31,0.04,False,20,20,False,31,True,0.42353047080685285,0.0684550488763406,0.6449621867960693,39.18481674918439,78.19410211814103,0.0,HMTD-MDE,104,case57,0.03
True,31,0.04,False,20,20,False,0,False,0.6810065733438075,0.39121692853800516,0.6449621867960693,29.558574900147505,44.119137185043655,0.0,HMTD-MDE,105,case57,0.03
True,41,-0.04,True,1,1,False,55,False,0.16605786725503738,0.0054955549676461365,0.6449621867960693,37.00261250487529,58.109485707245774,0.0,HMTD-MDE,106,case57,0.03
True,16,-0.04,False,20,20,False,0,False,0.6877472954896878,0.395772050644019,0.6449621867960693,34.671289593097754,53.82698059547694,0.0,HMTD-MDE,107,case57,0.03
True,20,0.04,False,20,20,False,19,False,0.19094533935523544,0.022707352482818022,0.6449621867960693,36.65169579908252,68.18430030252784,0.0,HMTD-MDE,108,case57,0.03
True,50,0.04,True,14,14,False,50,True,0.22888689409539498,0.024592260552403232,0.6449621867960693,37.11487290565856,90.72657260403508,0.0,HMTD-MDE,109,case57,0.03
True,17,0.04,False,20,20,False,0,False,0.7194347716474717,0.3338612762648918,0.6449621867960693,36.74280834966339,75.39538567361889,0.0,HMTD-MDE,110,case57,0.03
True,41,0.04,True,1,1,False,41,True,0.1676929406680851,0.0052422848193540185,0.6449621867960693,31.598931152257133,43.285968355485245,0.0,HMTD-MDE,111,case57,0.03
True,15,0.04,True,0,0,False,0,False,0.7196282039000729,0.3722479149242063,0.6449621867960693,31.891289606573988,66.21950000408106,0.0,HMTD-MDE,112,case57,0.03
True,12,-0.04,True,1,1,False,12,True,3.8671819781197475e-10,0.0005253246560272829,0.6449621867960693,37.40552714734804,72.86082736100073,0.0,HMTD-MDE,113,case57,0.03
True,33,-0.04,False,20,20,False,0,False,0.729888538525107,0.28488337241056166,0.6449621867960693,36.443358298856765,65.64634548849426,0.0,HMTD-MDE,114,case57,0.03
True,8,0.04,True,1,1,False,8,True,3.8671819781197475e-10,0.001870442850207673,0.6449621867960693,29.956364500685595,40.84367470932197,0.0,HMTD-MDE,115,case57,0.03
True,16,-0.04,False,20,20,False,0,False,0.7052970848165137,0.3659425156825376,0.6449621867960693,37.77231654676143,60.12506876431872,0.0,HMTD-MDE,116,case57,0.03
True,46,-0.04,False,20,20,False,0,False,0.6982443874105122,0.37862507708080007,0.6449621867960693,36.94726670219097,57.4496964516584,0.0,HMTD-MDE,117,case57,0.03
True,8,-0.04,True,1,1,False,8,True,3.8671819781197475e-10,0.001870442850207673,0.6449621867960693,45.89488329074811,81.27583128516575,0.0,HMTD-MDE,118,case57,0.03
True,20,0.04,False,20,20,False,19,False,0.21471350609617212,0.025271241002443257,0.6449621867960693,33.88595019641798,47.51314553432167,0.0,HMTD-MDE,119,case57,0.03
True,52,-0.04,False,20,20,False,53,False,0.22316359101534086,0.01872486085252108,0.6449621867960693,37.823487698915415,74.26145063363948,0.0,HMTD-MDE,120,case57,0.03
True,9,-0.04,False,20,20,False,9,True,1.7919574641931285e-08,0.0205705031679964,0.6449621867960693,41.713785351021215,87.34993779798971,0.0,HMTD-MDE,121,case57,0.03
True,21,0.04,False,20,20,False,0,False,0.6888675386595858,0.3928877151870819,0.6449621867960693,36.29942505504005,58.25154584308622,0.0,HMTD-MDE,122,case57,0.03
True,43,0.04,False,20,20,False,43,True,0.17148511371447242,0.03430551416204382,0.6449621867960693,40.885408205213025,78.79529965284748,0.0,HMTD-MDE,123,case57,0.03
True,18,-0.04,True,9,9,False,18,True,0.7119344561885856,0.23076600150744075,0.6449621867960693,45.44899150496349,117.4804139067419,0.0,HMTD-MDE,124,case57,0.03
True,38,-0.04,False,20,20,False,38,True,0.17195972914295343,0.05399303000984009,0.6449621867960693,35.69272919849027,74.9847568367841,0.0,HMTD-MDE,125,case57,0.03
True,47,-0.04,False,20,20,False,0,False,0.7454780726189572,0.31049412133675003,0.6449621867960693,36.68234795331955,56.66789584211077,0.0,HMTD-MDE,126,case57,0.03
True,51,-0.04,False,20,20,False,51,True,0.6431086117700268,0.20045542416034215,0.6449621867960693,37.3304333363194,53.49386069574394,0.0,HMTD-MDE,127,case57,0.03
True,23,0.04,True,0,0,False,0,False,0.7111047848816832,0.3698456207492229,0.6449621867960693,31.89185629307758,47.30940659937917,0.0,HMTD-MDE,128,case57,0.03
True,40,0.04,True,15,15,False,40,True,0.06232747939439466,0.037127061773090206,0.6449621867960693,30.187122747884132,41.591887507820516,0.0,HMTD-MDE,129,case57,0.03
True,20,-0.04,False,20,20,False,20,True,0.22809857708446765,0.027209449898952638,0.6449621867960693,36.62421875051223,63.377679508994355,0.0,HMTD-MDE,130,case57,0.03
True,51,-0.04,False,20,20,False,51,True,0.26852426148941994,0.07815336245238513,0.6449621867960693,37.165058447862975,52.10856872727164,0.0,HMTD-MDE,131,case57,0.03
True,26,0.04,False,20,20,False,0,False,0.7104291305276476,0.3809810891983715,0.6449621867960693,36.69908530137036,65.29036047577394,0.0,HMTD-MDE,132,case57,0.03
True,43,-0.04,True,7,7,False,43,True,0.17352726217430733,0.034723760884296594,0.6449621867960693,30.568139351089485,37.735693136346526,0.0,HMTD-MDE,133,case57,0.03
True,54,-0.04,False,20,20,False,0,False,0.680394951715866,0.39692642917014254,0.6449621867960693,32.09818544855807,45.51075203926304,0.0,HMTD-MDE,134,case57,0.03
True,32,0.04,False,20,20,False,0,False,0.7144718948955823,0.3903373206040538,0.6449621867960693,39.06233340094332,67.82567943737384,0.0,HMTD-MDE,135,case57,0.03
True,47,0.04,False,20,20,False,0,False,0.7373993193733904,0.28947395097569206,0.6449621867960693,36.1791582981823,53.67304824176245,0.0,HMTD-MDE,136,case57,0.03
True,51,0.04,True,2,2,False,51,True,0.39433373665457067,0.15556671562329683,0.6449621867960693,38.76665409479756,51.86469437612688,0.0,HMTD-MDE,137,case57,0.03
True,53,0.04,False,20,20,False,53,True,0.2558335587966984,0.02461084157736614,0.6449621867960693,37.459881155518815,67.16838782886043,0.0,HMTD-MDE,138,case57,0.03
True,54,0.04,False,20,20,False,45,False,0.5879941095823862,0.26581859906606686,0.6449621867960693,33.879997945041396,49.493493448244415,0.0,HMTD-MDE,139,case57,0.03
True,20,0.04,False,20,20,False,20,True,0.20765361971820545,0.024397029500875547,0.6449621867960693,35.04195435671136,79.16254613955971,0.0,HMTD-MDE,140,case57,0.03
True,52,0.04,False,20,20,False,52,True,0.22521148045476932,0.018987632636189442,0.6449621867960693,30.88710625015665,44.75423923286144,0.0,HMTD-MDE,141,case57,0.03
True,10,0.04,True,1,1,False,10,True,3.8671819781197475e-10,0.003985450867860098,0.6449621867960693,31.93745410244446,55.072719053714536,0.0,HMTD-MDE,142,case57,0.03
True,12,-0.04,True,1,1,False,12,True,3.8671819781197475e-10,0.0005253246560272829,0.6449621867960693,34.70429380249698,60.64926905091854,0.0,HMTD-MDE,143,case57,0.03
True,10,0.04,True,1,1,False,10,True,3.8671819781197475e-10,0.003985450867860098,0.6449621867960693,35.925635453895666,55.742225662106684,0.0,HMTD-MDE,144,case57,0.03
True,11,-0.04,True,1,1,False,11,True,3.8671819781197475e-10,0.0019276098704617366,0.6449621867960693,37.868470945977606,66.71277977002322,0.0,HMTD-MDE,145,case57,0.03
True,25,-0.04,False,20,20,False,0,False,0.7471926222975107,0.3291659768333283,0.6449621867960693,38.35899584228173,60.16849131265191,0.0,HMTD-MDE,146,case57,0.03
True,36,0.04,True,1,1,False,36,True,0.006147592952999797,0.004390156594926719,0.6449621867960693,39.7505708533572,68.93617288442333,0.0,HMTD-MDE,147,case57,0.03
True,44,-0.04,False,20,20,False,0,False,0.7296605963068149,0.3658966640248868,0.6449621867960693,36.17763745423872,62.61375556932764,0.0,HMTD-MDE,148,case57,0.03
True,24,0.04,False,20,20,False,34,False,0.40867194062059636,0.061051767539778506,0.6449621867960693,35.215204153792,55.638622288825,0.0,HMTD-MDE,149,case57,0.03
True,3,0.04,True,9,9,False,3,True,0.031735784107849906,0.01357153914371968,0.6449621867960693,36.49074175336864,59.6483041386819,0.0,HMTD-MDE,150,case57,0.03
True,42,0.04,False,20,20,False,42,True,0.4895656243889481,0.24460246275266506,0.6449621867960693,38.96270414697938,73.58984231250362,0.0,HMTD-MDE,151,case57,0.03
True,23,0.04,False,20,20,False,0,False,0.7337200777579921,0.31367400241427934,0.6449621867960693,36.97213325067423,53.16527466638945,0.0,HMTD-MDE,152,case57,0.03
True,45,0.04,False,20,20,False,0,False,0.7397715392256522,0.3540363790961023,0.6449621867960693,31.28409170312807,38.89213923248464,0.0,HMTD-MDE,153,case57,0.03
True,24,-0.04,False,20,20,False,30,False,0.4049921837177696,0.05944295582887384,0.6449621867960693,27.250154261128046,46.53664857323747,0.0,HMTD-MDE,154,case57,0.03
True,22,-0.04,False,20,20,False,45,False,0.6620214277169809,0.24621382386108093,0.6449621867960693,36.91630200482905,64.27029377082363,0.0,HMTD-MDE,155,case57,0.03
True,23,0.04,False,20,20,False,0,False,0.6831493877507883,0.4009770111765752,0.6449621867960693,38.823462536674924,67.48086664592847,0.0,HMTD-MDE,156,case57,0.03
True,54,0.04,False,20,20,False,0,False,0.745237581386819,0.35116387508000685,0.6449621867960693,35.333739448105916,47.25692226493266,0.0,HMTD-MDE,157,case57,0.03
True,33,-0.04,False,20,20,False,0,False,0.7263219861130247,0.3570213972789508,0.6449621867960693,38.632325013168156,51.276644028257586,0.0,HMTD-MDE,158,case57,0.03
True,39,-0.04,False,20,20,False,0,False,0.6822049910743574,0.394316047603851,0.6449621867960693,38.51554575085174,50.64049614302351,0.0,HMTD-MDE,159,case57,0.03
False,0,0.0,False,20,20,False,0,True,0.6961708132731272,0.3845490191719883,0.6449621867960693,33.0197937466437,54.95175062387717,0.0,HMTD-MDE,160,case57,0.03
False,0,0.0,False,20,20,False,0,True,0.7208851311839641,0.38549804707876956,0.6449621867960693,41.07627299672458,86.12598335894295,0.0,HMTD-MDE,161,case57,0.03
False,0,0.0,False,20,20,False,0,True,0.710585268485126,0.3710782693848561,0.6449621867960693,37.646489453618415,89.05431878520177,0.0,HMTD-MDE,162,case57,0.03
False,0,0.0,False,20,20,False,0,True,0.7198797879279181,0.37477665161462514,0.6449621867960693,35.319729303591885,59.37150625686628,0.0,HMTD-MDE,163,case57,0.03
False,0,0.0,False,20,20,False,0,True,0.7153668272398509,0.38228628700889516,0.6449621867960693,30.18084174254909,39.45312913856469,0.0,HMTD-MDE,164,case57,0.03
False,0,0.0,False,20,20,False,0,True,0.7391599034762097,0.27028317483030245,0.6449621867960693,35.76602710527368,48.35549586859999,0.0,HMTD-MDE,165,case57,0.03
False,0,0.0,False,20,20,False,0,True,0.6982239865528087,0.3861503637877089,0.6449621867960693,33.407616848126054,46.03958189836705,0.0,HMTD-MDE,166,case57,0.03
False,0,0.0,False,20,20,False,0,True,0.6985236794933867,0.385433471458231,0.6449621867960693,38.6390791478334,71.27591518801638,0.0,HMTD-MDE,167,case57,0.03
False,0,0.0,False,20,20,False,0,True,0.7083365423478976,0.3322097604990979,0.6449621867960693,35.802335347398184,52.806802096893115,0.0,HMTD-MDE,168,case57,0.03
False,0,0.0,False,20,20,False,0,True,0.709281937636413,0.38359763467440233,0.6449621867960693,28.16449574602302,42.57325446524192,0.0,HMTD-MDE,169,case57,0.03
False,0,0.0,False,20,20,False,0,True,0.7339136969973066,0.3119511431155975,0.6449621867960693,37.36316050635651,53.016074982588194,0.0,HMTD-MDE,170,case57,0.03
False,0,0.0,False,20,20,False,0,True,0.7440717147656082,0.3447501692171871,0.6449621867960693,34.547595999902114,51.8887702113716,0.0,HMTD-MDE,171,case57,0.03
False,0,0.0,False,20,20,False,0,True,0.6943466495753877,0.3894358036117791,0.6449621867960693,37.730689501040615,52.794956890284084,0.0,HMTD-MDE,172,case57,0.03
False,0,0.0,False,20,20,False,0,True,0.7379504318624382,0.3534987142476863,0.6449621867960693,37.69412090186961,51.139521444565624,0.0,HMTD-MDE,173,case57,0.03
False,0,0.0,False,20,20,False,0,True,0.7129337281502981,0.3713614500624498,0.6449621867960693,38.8211811427027,79.88730140787084,0.0,HMTD-MDE,174,case57,0.03
False,0,0.0,False,20,20,False,0,True,0.7396289150758024,0.36287786433138086,0.6449621867960693,32.21998119552154,47.16076873883141,0.0,HMTD-MDE,175,case57,0.03
False,0,0.0,False,20,20,False,0,True,0.7334286830374583,0.3468633789757963,0.6449621867960693,31.889079057145864,89.43779727851508,0.0,HMTD-MDE,176,case57,0.03
False,0,0.0,False,20,20,False,0,True,0.7063381512054723,0.3595330326498555,0.6449621867960693,33.47874589380808,63.07275655854029,0.0,HMTD-MDE,177,case57,0.03
False,0,0.0,False,20,20,False,0,True,0.7363661771966611,0.33796711439564764,0.6449621867960693,35.20464784814976,71.23640831850939,0.0,HMTD-MDE,178,case57,0.03
False,0,0.0,False,20,20,False,0,True,0.7019376288756505,0.3861672191884762,0.6449621867960693,34.906908409902826,73.17066395189615,0.0,HMTD-MDE,179,case57,0.03
False,0,0.0,False,20,20,False,0,True,0.710063746096686,0.38188471229906196,0.6449621867960693,39.8132460511988,73.23592293250842,0.0,HMTD-MDE,180,case57,0.03
False,0,0.0,False,20,20,False,0,True,0.6704453124396668,0.40512659887161057,0.6449621867960693,31.923833445762288,50.59083124797326,0.0,HMTD-MDE,181,case57,0.03
False,0,0.0,False,20,20,False,0,True,0.7263056400680643,0.36613724014881577,0.6449621867960693,31.973012496018782,48.13835443055724,0.0,HMTD-MDE,182,case57,0.03
False,0,0.0,False,20,20,False,0,True,0.7609990408576529,0.32955883753039195,0.6449621867960693,31.197041599079967,62.694308359641596,0.0,HMTD-MDE,183,case57,0.03
False,0,0.0,True,11,11,True,0,True,0.7215985945367294,0.37472471686688513,0.6449621867960693,28.649031149689108,40.85789791715798,0.0,HMTD-MDE,184,case57,0.03
False,0,0.0,False,20,20,False,0,True,0.7622713200735088,0.3404288033114332,0.6449621867960693,39.04087509436067,55.41198361315766,0.0,HMTD-MDE,185,case57,0.03
False,0,0.0,False,20,20,False,0,True,0.6955256609660484,0.3930328124598411,0.6449621867960693,46.37512699409854,65.02187258738567,0.0,HMTD-MDE,186,case57,0.03
False,0,0.0,False,20,20,False,0,True,0.7618848375235165,0.311632733409784,0.6449621867960693,31.034354062285274,41.41639100853354,0.0,HMTD-MDE,187,case57,0.03
False,0,0.0,False,20,20,False,0,True,0.7174100485242225,0.3918641865461059,0.6449621867960693,31.41763749881647,48.50495661376046,0.0,HMTD-MDE,188,case57,0.03
False,0,0.0,False,20,20,False,0,True,0.7398560254256438,0.3535459072686289,0.6449621867960693,20.719795703189448,29.231422292650677,0.0,HMTD-MDE,189,case57,0.03
False,0,0.0,False,20,20,False,0,True,0.7297435656344397,0.37319470628546714,0.6449621867960693,38.67436879663728,67.89283095567957,0.0,HMTD-MDE,190,case57,0.03
False,0,0.0,False,20,20,False,0,True,0.7391550637728065,0.3554187831408637,0.6449621867960693,30.70253769401461,49.50659161549993,0.0,HMTD-MDE,191,case57,0.03
False,0,0.0,False,20,20,False,0,True,0.709453468000217,0.3738163134678426,0.6449621867960693,20.26814999699127,25.178916365257464,0.0,HMTD-MDE,192,case57,0.03
False,0,0.0,False,20,20,False,28,False,0.5758758382925326,0.21193900984426917,0.6449621867960693,29.581037390744314,39.51012671459467,0.0,HMTD-MDE,193,case57,0.03
False,0,0.0,True,7,7,True,0,True,0.7220468256695806,0.35533704549352535,0.6449621867960693,20.898539506015368,25.374837184790522,0.0,HMTD-MDE,194,case57,0.03
False,0,0.0,False,20,20,False,0,True,0.7018167469238071,0.387784039391028,0.6449621867960693,36.354516688152216,78.00371010089295,0.0,HMTD-MDE,195,case57,0.03
False,0,0.0,False,20,20,False,0,True,0.6992373405579486,0.38489323677656956,0.6449621867960693,23.576137443888,32.81686697155237,0.0,HMTD-MDE,196,case57,0.03
False,0,0.0,False,20,20,False,0,True,0.7507062863345443,0.3507633142738742,0.6449621867960693,13.996891560964286,17.352305908570997,0.0,HMTD-MDE,197,case57,0.03
False,0,0.0,False,20,20,False,0,True,0.7238148490344549,0.36731991752949267,0.6449621867960693,22.087127197301015,33.099133646464914,0.0,HMTD-MDE,198,case57,0.03
False,0,0.0,False,20,20,False,0,True,0.6836706392181773,0.4081503120231173,0.6449621867960693,13.721445901319385,15.044355593272485,0.0,HMTD-MDE,199,case57,0.03
True,26,-0.04,False,20,20,False,26,True,0.17144160094404481,0.01558775390797306,0.4606774480990877,369.68923544627614,457.7885889506446,0.0,MS-HIDE,0,case57,0.03
True,49,-0.04,True,11,11,False,49,True,2.547800928644312e-07,0.0072368391893977676,0.4558512586472089,285.4297520010732,359.5229399012169,0.0,MS-HIDE,1,case57,0.03
True,53,-0.04,True,4,4,False,53,True,0.1714416009440448,0.006935843153708187,0.4460861812082237,354.61083110712934,432.0419909781788,0.0,MS-HIDE,2,case57,0.03
True,37,0.04,True,3,3,False,37,True,0.17144160094404476,0.00719741931305335,0.5320570390593407,272.83369570213836,332.528254785575,0.0,MS-HIDE,3,case57,0.03
True,46,0.04,True,17,17,False,0,False,0.6062275806621771,0.31286170092188975,0.510942519920692,258.8199833553517,359.3283812602749,0.0,MS-HIDE,4,case57,0.03
True,17,0.04,False,20,20,False,17,True,0.006613481475726499,0.017134685835142313,0.4397673945478662,366.767635504948,439.22682948468855,0.0,MS-HIDE,5,case57,0.03
True,24,0.04,True,11,11,False,24,True,0.17144160117158094,0.009106281768513464,0.6419922305701161,274.2336042545503,326.3741951988777,0.0,MS-HIDE,6,case57,0.03
True,3,0.04,True,6,6,False,3,True,3.867181703519611e-10,0.0050815362293789145,0.4770839726672107,365.67951865436044,448.982301465004,0.0,MS-HIDE,7,case57,0.03
True,8,-0.04,True,2,2,False,8,True,3.8671819781197475e-10,0.0015621192449100604,0.5193132131614037,265.29355014208704,331.19842950545717,0.0,MS-HIDE,8,case57,0.03
True,22,0.04,False,20,20,False,0,False,0.6428804306719309,0.21916676197347412,0.5316587157267112,255.36182084470056,327.4448493291857,0.0,MS-HIDE,9,case57,0.03
True,29,-0.04,True,6,6,False,24,False,0.17144172278511077,0.00910625651241811,0.635712786776579,372.4857396504376,439.56561901723165,0.0,MS-HIDE,10,case57,0.03
True,28,-0.04,True,7,7,False,28,True,3.867181428919754e-10,0.003933038911329676,0.48177703176625236,273.52607920765877,335.0964964716696,0.0,MS-HIDE,11,case57,0.03
True,8,0.04,True,1,1,False,8,True,3.8671819781197475e-10,0.0015624062851870553,0.534315764193616,371.6596853977535,437.8019062220131,0.0,MS-HIDE,12,case57,0.03
True,28,-0.04,True,2,2,False,28,True,4.936898504849035e-10,0.003933043087787121,0.5042174981253231,277.88217285997234,314.92372915672604,0.0,MS-HIDE,13,case57,0.03
True,22,0.04,False,20,20,False,0,False,0.586308319681542,0.26085331025908576,0.49271377447402853,263.7274812965188,321.8967941123992,0.0,MS-HIDE,14,case57,0.03
True,26,0.04,False,20,20,False,26,True,0.17144160094404481,0.015555202992894427,0.44344628242927064,373.42618954426143,436.9937035400667,0.0,MS-HIDE,15,case57,0.03
True,40,-0.04,False,20,20,False,40,True,0.0012238467302262955,0.030529625523490346,0.5299752075381915,275.1067479955964,332.965237784083,0.0,MS-HIDE,16,case57,0.03
True,1,-0.04,False,20,20,False,0,False,0.6806802455815747,0.22391464693868401,0.5489841768224784,361.87078750226647,466.76294412464017,0.0,MS-HIDE,17,case57,0.03
True,37,-0.04,True,5,5,False,37,True,0.1731536763947466,0.007084038461064897,0.505450908227146,275.31298749381676,330.1757187524345,0.0,MS-HIDE,18,case57,0.03
True,42,-0.04,True,4,4,False,42,True,3.8671808797186145e-10,0.00888466978275322,0.5687410149001554,284.5754624984693,346.9839603640139,0.0,MS-HIDE,19,case57,0.03
True,32,0.04,False,20,20,False,0,False,0.6259739207038153,0.31035234724259436,0.5443030978480963,362.4502334423596,407.83937564410866,0.0,MS-HIDE,20,case57,0.03
True,20,0.04,True,7,7,False,20,True,0.1714416009440448,0.008248750192266688,0.4882999869375139,282.1871895081131,350.93399374745786,0.0,MS-HIDE,21,case57,0.03
True,46,0.04,False,20,20,False,0,False,0.6251984637634822,0.3013455608689115,0.5232525034736625,367.1037458610954,430.9300997352706,0.0,MS-HIDE,22,case57,0.03
True,42,0.04,True,5,5,False,42,True,3.8671808797190064e-10,0.008982046531002019,0.5436925156589307,281.7023853567662,342.4252577009611,0.0,MS-HIDE,23,case57,0.03
True,56,-0.04,True,3,3,False,56,True,0.17144160108252493,0.01839660173434472,0.5571276232605984,270.3471250453731,337.4392645666376,0.0,MS-HIDE,24,case57,0.03
True,53,0.04,True,6,6,False,53,True,0.17144160094553568,0.0069471325330897685,0.4470615081914971,276.5259123960277,357.0912006602157,0.0,MS-HIDE,25,case57,0.03
True,48,0.04,True,4,4,False,48,True,1.1829156686352036e-07,0.005110200911486475,0.4995934686571889,261.5245417517144,323.1495420099236,0.0,MS-HIDE,26,case57,0.03
True,24,-0.04,True,9,9,False,29,False,0.17144187979497647,0.00879566298435198,0.6417503842981501,272.9383041529218,351.9209705060348,0.0,MS-HIDE,27,case57,0.03
True,20,0.04,True,8,8,False,19,False,0.1714416009440448,0.00823084924440885,0.4545231486482613,267.57507081201766,328.36499376862776,0.0,MS-HIDE,28,case57,0.03
True,34,-0.04,True,5,5,False,34,True,3.8697780272269866e-10,0.008985334886385461,0.4529533450989776,269.2742125567747,359.4782437838149,0.0,MS-HIDE,29,case57,0.03
True,11,-0.04,True,1,1,False,11,True,3.8671819781197475e-10,0.0016450079540128544,0.5418330578310927,287.65051889640745,357.373116715462,0.0,MS-HIDE,30,case57,0.03
True,38,0.04,False,20,20,False,56,False,0.17144166386638826,0.01981816140033068,0.5205931327592012,256.37993345735595,313.9479402190773,0.0,MS-HIDE,31,case57,0.03
True,32,0.04,False,20,20,False,0,False,0.6151555776836625,0.31559693836402697,0.5164269451164333,273.77043745073024,335.7304958481109,0.0,MS-HIDE,32,case57,0.03
True,15,-0.04,False,20,20,False,0,False,0.6047554032315553,0.3285853096934096,0.5009125268961373,265.016164604458,327.2748874704121,0.0,MS-HIDE,33,case57,0.03
True,36,0.04,True,1,1,False,36,True,3.867180879721903e-10,0.0037988867399994675,0.42534073127134986,271.2740542483516,339.78461012011394,0.0,MS-HIDE,34,case57,0.03
True,26,0.04,False,20,20,False,25,False,0.17144160094807098,0.01578405515493816,0.4678017002748281,262.9604582412867,303.2543478970183,0.0,MS-HIDE,35,case57,0.03
True,28,0.04,True,2,2,False,28,True,3.8671814289192984e-10,0.004015018200101138,0.4884497783977119,275.7791020500008,325.09699310758157,0.0,MS-HIDE,36,case57,0.03
True,3,0.04,True,7,7,False,3,True,3.867181978120689e-10,0.005081536007399861,0.474416895998084,256.3155042997096,317.6128566003172,0.0,MS-HIDE,37,case57,0.03
True,6,0.04,True,5,5,False,6,True,0.00026527290188244556,0.00435262514495471,0.567735191110317,257.8794603497954,327.73614552279474,0.0,MS-HIDE,38,case57,0.03
True,51,-0.04,False,20,20,False,51,True,4.9432307641146536e-05,0.019796546620757163,0.5679575848159993,250.21299995714796,303.53830212843604,0.0,MS-HIDE,39,case57,0.03
True,17,0.04,False,20,20,False,17,True,0.03785001528587903,0.03468999465173998,0.491214540682748,270.7256229012273,324.89773956476716,0.0,MS-HIDE,40,case57,0.03
True,49,-0.04,True,7,7,False,49,True,1.1057193904932028e-06,0.007236829583883912,0.4497288122158962,264.60002489038743,310.3510205692146,0.0,MS-HIDE,41,case57,0.03
True,19,-0.04,True,8,8,False,20,False,0.1714416009440448,0.008307455616969823,0.4772344923758455,258.90695409616455,322.8069082950242,0.0,MS-HIDE,42,case57,0.03
True,31,0.04,False,20,20,False,31,True,0.03581203568955478,0.02145644256647322,0.5112606243141347,257.38503949542064,304.7612351103453,0.0,MS-HIDE,43,case57,0.03
True,55,0.04,True,2,2,False,55,True,7.10588766298253e-05,0.0044203820799719445,0.45282068204285,267.3595687490888,340.03702435875323,0.0,MS-HIDE,44,case57,0.03
True,2,0.04,True,5,5,False,2,True,3.8671819781215503e-10,0.007047757013692042,0.49412366805114616,264.65174155600835,346.89705032797065,0.0,MS-HIDE,45,case57,0.03
True,34,-0.04,True,4,4,False,34,True,7.589677388790598e-10,0.009067233966234598,0.4437731099006806,264.3022291478701,338.06247324100696,0.0,MS-HIDE,46,case57,0.03
True,14,-0.04,True,2,2,False,14,True,3.8671819781212013e-10,0.006180774492603429,0.607957298320719,268.2735373498872,339.6718732692534,0.0,MS-HIDE,47,case57,0.03
True,1,0.04,False,20,20,False,0,False,0.5786052406028492,0.3385326394404585,0.5203854923789819,264.25425203924533,340.0908038718626,0.0,MS-HIDE,48,case57,0.03
True,34,-0.04,True,3,3,False,34,True,3.878529446084197e-10,0.008918357705527126,0.42579047764681666,266.0822875535814,338.53400204970967,0.0,MS-HIDE,49,case57,0.03
True,40,-0.04,False,20,20,False,40,True,0.2050182502225384,0.02809781765380419,0.5103483091486046,263.2663999509532,307.88386666972656,0.0,MS-HIDE,50,case57,0.03
True,27,-0.04,True,2,2,False,27,True,4.467085873133291e-10,0.00535128165759156,0.5273674367931074,263.82765205635224,317.91664999909705,0.0,MS-HIDE,51,case57,0.03
True,44,-0.04,False,20,20,False,44,True,0.0005659104284808176,0.014709468170884256,0.5362550708323544,263.07338104525115,332.46892054739874,0.0,MS-HIDE,52,case57,0.03
True,1,0.04,False,20,20,False,1,True,0.4378117854177198,0.24464227347250944,0.5366976651564163,256.20598120440263,307.5613458931912,0.0,MS-HIDE,53,case57,0.03
True,20,-0.04,True,5,5,False,20,True,0.1714416009440448,0.008347424800691238,0.46456844021547644,260.07058114919346,327.69967144704424,0.0,MS-HIDE,54,case57,0.03
True,41,-0.04,True,1,1,False,41,True,3.918675530546416e-10,0.0034440245349887607,0.5199612499994153,260.55022916116286,312.6626089797355,0.0,MS-HIDE,55,case57,0.03
True,25,0.04,False,20,20,False,25,True,0.17144160097405559,0.015543302326326816,0.43075765523530113,265.2152707945788,338.54525063070474,0.0,MS-HIDE,56,case57,0.03
True,33,0.04,False,20,20,False,0,False,0.6444772968109675,0.3276955114307044,0.5204724327291814,273.69030214613304,342.1885086398106,0.0,MS-HIDE,57,case57,0.03
True,42,-0.04,True,8,8,False,42,True,3.867180879718713e-10,0.008884642492303804,0.5650046052672695,265.0346457550768,325.163795237313,0.0,MS-HIDE,58,case57,0.03
True,21,0.04,False,20,20,False,0,False,0.6197495329600667,0.3243968673882063,0.4770616988981432,265.46013515326194,308.4319208195666,0.0,MS-HIDE,59,case57,0.03
True,36,-0.04,True,1,1,False,36,True,4.5662281580573435e-10,0.003809826842759759,0.40803830542811936,270.90227085282095,330.62562080449425,0.0,MS-HIDE,60,case57,0.03
True,46,0.04,False,20,20,False,0,False,0.6200822161773671,0.31106865637663855,0.5180279921942076,263.78101680020336,329.0409646171611,0.0,MS-HIDE,61,case57,0.03
True,56,0.04,False,20,20,False,38,False,0.17144160123702196,0.018242406587718814,0.5786358296176536,273.6909625586122,352.35824348346796,0.0,MS-HIDE,62,case57,0.03
True,8,-0.04,True,1,1,False,8,True,3.8671819781197475e-10,0.0015620966218738912,0.5485213441546306,268.583045800915,339.5415937382495,0.0,MS-HIDE,63,case57,0.03
True,2,0.04,True,4,4,False,2,True,3.8671819781213616e-10,0.007047752892549877,0.49346628597675524,255.85942510224413,337.57651937194174,0.0,MS-HIDE,64,case57,0.03
True,43,0.04,True,3,3,False,43,True,0.1714416459981236,0.007054633772058886,0.5219185629359101,263.1478979514213,322.77593125763815,0.0,MS-HIDE,65,case57,0.03
True,11,0.04,True,1,1,False,11,True,3.8671819781197475e-10,0.0016449244905339267,0.5255413275032309,265.7158624526346,322.12587709072983,0.0,MS-HIDE,66,case57,0.03
True,7,0.04,False,20,20,False,0,False,0.6556710878298434,0.2744269893671517,0.5267923448755596,256.4353728550486,331.7228312749649,0.0,MS-HIDE,67,case57,0.03
True,7,-0.04,False,20,20,False,0,False,0.6408596271534709,0.2874194674873901,0.5123180561880258,264.3222144455649,367.4842327047372,0.0,MS-HIDE,68,case57,0.03
True,51,-0.04,False,20,20,False,51,True,5.6958508229436836e-08,0.015883062767545832,0.47880546949529446,254.52123539580495,315.4331333062146,0.0,MS-HIDE,69,case57,0.03
True,12,-0.04,True,1,1,False,12,True,3.8671819781197475e-10,0.0008416808968945353,0.33973415881590785,272.0868479460478,353.00548960512975,0.0,MS-HIDE,70,case57,0.03
True,17,-0.04,False,20,20,False,17,True,0.0031802590284286773,0.012244739358400253,0.4688368932803142,265.35953324637376,341.3968666951405,0.0,MS-HIDE,71,case57,0.03
True,35,0.04,True,2,2,False,35,True,3.8671808797186145e-10,0.002933545153391073,0.4202587403589828,263.19035833876114,331.20025624521077,0.0,MS-HIDE,72,case57,0.03
True,37,0.04,True,6,6,False,37,True,0.17144160122889904,0.00719863651159309,0.5150773915712901,258.9849457493983,321.5259604126914,0.0,MS-HIDE,73,case57,0.03
True,11,0.04,True,1,1,False,11,True,3.8671819781197475e-10,0.0016449242274321353,0.5274212559186041,261.4734208880691,326.6015895613237,0.0,MS-HIDE,74,case57,0.03
True,43,-0.04,True,2,2,False,37,False,0.17144162690952458,0.007262764891532543,0.5102463251613368,265.0080584018724,351.896502712043,0.0,MS-HIDE,75,case57,0.03
True,39,0.04,False,20,20,False,39,True,3.8671811543206126e-10,0.013725026444781838,0.4989350005393308,269.8688561882591,344.51085625623824,0.0,MS-HIDE,76,case57,0.03
True,41,-0.04,True,1,1,False,41,True,1.506433202326414e-07,0.0034522950831519343,0.49902306464158375,263.9439063001191,324.6939618111355,0.0,MS-HIDE,77,case57,0.03
True,11,-0.04,True,2,2,False,11,True,3.8671819781197475e-10,0.0016455179176718098,0.5404665268168611,262.5170208455529,308.8257288909517,0.0,MS-HIDE,78,case57,0.03
True,24,0.04,True,3,3,False,29,False,0.1714416011005169,0.009106173634671115,0.6604017253463105,255.92037294991314,311.53105028497527,0.0,MS-HIDE,79,case57,0.03
True,26,-0.04,False,20,20,False,25,False,0.1714416009440448,0.0155676527071577,0.4692536601568695,272.38950209866744,340.24735834973404,0.0,MS-HIDE,80,case57,0.03
True,37,0.04,True,7,7,False,43,False,0.1714416306142028,0.007056304751258183,0.5350264286741202,252.06291039066852,326.4734228490852,0.0,MS-HIDE,81,case57,0.03
True,26,-0.04,False,20,20,False,25,False,0.1714416009440448,0.015701614133752137,0.4415166195338093,263.0010563560063,324.5263625140069,0.0,MS-HIDE,82,case57,0.03
True,20,-0.04,True,5,5,False,20,True,0.1714416009440448,0.008215039034292403,0.47218449320332684,267.15516870026477,347.5120500283083,0.0,MS-HIDE,83,case57,0.03
True,54,0.04,True,2,2,False,54,True,4.081610848443498e-10,0.008269178385147515,0.640045567049081,323.544579258305,420.7815913512605,0.0,MS-HIDE,84,case57,0.03
True,31,0.04,False,20,20,False,31,True,0.02159986154417108,0.008827590460920244,0.4409270892866257,284.99642274691723,369.6269208710874,0.0,MS-HIDE,85,case57,0.03
True,28,0.04,True,2,2,False,28,True,3.8671814289191945e-10,0.003933331511042972,0.5092350108798471,257.8262791997986,320.57743510231376,0.0,MS-HIDE,86,case57,0.03
True,26,-0.04,False,20,20,False,26,True,0.1714416013301957,0.015842357034204762,0.4489077306365687,268.81191885622684,347.08822713000706,0.0,MS-HIDE,87,case57,0.03
True,17,-0.04,False,20,20,False,17,True,0.06393384895652932,0.032911121767824326,0.4617367853599878,306.93714794761036,386.30248930712696,0.0,MS-HIDE,88,case57,0.03
True,55,-0.04,True,2,2,False,55,True,5.550726487915291e-06,0.004441148650084752,0.49624142535776206,304.44039390422404,366.87952469219454,0.0,MS-HIDE,89,case57,0.03
True,11,0.04,True,1,1,False,11,True,3.8671819781197475e-10,0.001644579398637298,0.5545630174962086,264.13087504915893,323.8128937286092,0.0,MS-HIDE,90,case57,0.03
True,48,-0.04,True,3,3,False,48,True,4.2372645664519484e-10,0.005138188461739763,0.5074650485549147,308.5918791475706,404.4724878040143,0.0,MS-HIDE,91,case57,0.03
True,50,-0.04,True,5,5,False,50,True,2.558401740827215e-09,0.006771670445030659,0.45102228571750885,258.87856024492066,313.87425585999154,0.0,MS-HIDE,92,case57,0.03
True,53,-0.04,True,6,6,False,53,True,0.1714416009467321,0.006936648355734832,0.45692761776983654,290.49155410029925,428.52647294057533,0.0,MS-HIDE,93,case57,0.03
True,43,0.04,True,4,4,False,37,False,0.1714416042813995,0.007143443819445852,0.5336018648599112,306.8007124995347,406.32032355060807,0.0,MS-HIDE,94,case57,0.03
True,40,-0.04,False,20,20,False,40,True,0.08087554002485657,0.03511402534075648,0.509159068481829,275.2275375998579,376.9412086548983,0.0,MS-HIDE,95,case57,0.03
True,10,-0.04,True,1,1,False,10,True,3.8671819781197475e-10,0.0034543445543982615,0.5384761241669954,315.2097168000182,381.21603268082254,0.0,MS-HIDE,96,case57,0.03
True,14,0.04,True,2,2,False,14,True,3.950140531215984e-10,0.006282119508303969,0.6223827600353081,277.3110978479963,361.9991142186337,0.0,MS-HIDE,97,case57,0.03
True,53,-0.04,True,4,4,False,52,False,0.1714416009440448,0.0069814766746390255,0.46162044093138244,301.9541458488675,357.7322652068688,0.0,MS-HIDE,98,case57,0.03
True,49,-0.04,True,9,9,False,49,True,6.347712280722461e-07,0.007236861506118164,0.453903372451485,314.15874785452615,400.52070590900263,0.0,MS-HIDE,99,case57,0.03
True,56,0.04,False,20,20,False,38,False,0.17144160212611678,0.01835606725880442,0.56840522326959,306.3511042128084,439.5338399161119,0.0,MS-HIDE,100,case57,0.03
True,17,-0.04,True,15,15,False,17,True,0.15524213423049443,0.03191683940618582,0.464447025732726,289.17416045151185,367.980943468865,0.0,MS-HIDE,101,case57,0.03
True,12,0.04,True,1,1,False,12,True,3.8671819781197475e-10,0.0008416808968598898,0.3461318727941907,311.5808436559746,408.95657914516056,0.0,MS-HIDE,102,case57,0.03
True,48,-0.04,True,6,6,False,48,True,3.9806592184081913e-10,0.00511022861379545,0.5368685967874216,323.71963344630785,431.16599374916404,0.0,MS-HIDE,103,case57,0.03
True,31,0.04,True,19,19,False,31,True,0.006888365898654367,0.008511452552725422,0.43420488948174685,301.06351864524186,372.57892675697803,0.0,MS-HIDE,104,case57,0.03
True,31,0.04,True,19,19,False,31,True,0.0071330193139427815,0.008811729917520002,0.4651430329272419,290.79295629635453,340.2263143478194,0.0,MS-HIDE,105,case57,0.03
True,41,-0.04,True,2,2,False,41,True,4.304512527999319e-10,0.003427143856283507,0.547577949068916,317.5766312109772,370.8380455500447,0.0,MS-HIDE,106,case57,0.03
True,16,-0.04,False,20,20,False,0,False,0.6138008457812199,0.3188592530630696,0.5098286136589859,320.62330830085557,383.9097389747622,0.0,MS-HIDE,107,case57,0.03
True,20,0.04,True,10,10,False,19,False,0.1714416009440448,0.00826809258952126,0.525446262782825,317.40406249591615,389.5137999817962,0.0,MS-HIDE,108,case57,0.03
True,50,0.04,True,7,7,False,50,True,3.9664445486227767e-10,0.006771669498929558,0.4455778721896423,329.7430521022761,413.96496606757864,0.0,MS-HIDE,109,case57,0.03
True,17,0.04,False,20,20,False,17,True,0.008871246022249616,0.02512136099653587,0.4679349997018059,331.3788228580961,464.9119291250827,0.0,MS-HIDE,110,case57,0.03
True,41,0.04,True,1,1,False,41,True,9.001499641584925e-10,0.0034304581318241934,0.5231789591260224,314.27178770536557,394.29472151678056,0.0,MS-HIDE,111,case57,0.03
True,15,0.04,True,0,0,False,0,False,0.609827482817633,0.31200491599907915,0.5007559328369073,310.63623749942053,404.03759524924686,0.0,MS-HIDE,112,case57,0.03
True,12,-0.04,True,1,1,False,12,True,3.8671819781197475e-10,0.0008416808981813507,0.34446595891705184,328.37666664563585,426.7784374882467,0.0,MS-HIDE,113,case57,0.03
True,33,-0.04,False,20,20,False,0,False,0.5858139628208181,0.26765345782675803,0.4937764359933969,300.41013964510057,398.2826440798817,0.0,MS-HIDE,114,case57,0.03
True,8,0.04,True,1,1,False,8,True,3.8671819781197475e-10,0.0015620946672559343,0.5273984846349575,304.73030213906895,350.8631565899123,0.0,MS-HIDE,115,case57,0.03
True,16,-0.04,False,20,20,False,0,False,0.6108810009079783,0.3131826921327732,0.5075206579869642,308.78821875085123,376.4871673018206,0.0,MS-HIDE,116,case57,0.03
True,46,-0.04,False,20,20,False,0,False,0.689783368057547,0.2542167109313278,0.5426034729856608,311.5144333569333,385.4403285193257,0.0,MS-HIDE,117,case57,0.03
True,8,-0.04,True,1,1,False,8,True,3.8671819781197475e-10,0.0015673318127409313,0.5491012344358684,323.63817065779585,400.991609794437,0.0,MS-HIDE,118,case57,0.03
True,20,0.04,True,8,8,False,19,False,0.1714416009440448,0.008301058132913283,0.5030892542996087,325.886629143497,408.8929065328557,0.0,MS-HIDE,119,case57,0.03
True,52,-0.04,True,4,4,False,52,True,0.1714416009440448,0.006991515442234066,0.448614500498449,313.59043544507585,400.462690985296,0.0,MS-HIDE,120,case57,0.03
True,9,-0.04,False,20,20,False,9,True,3.8671814289254387e-10,0.017671477533951808,0.40694164799751165,326.78609184513334,396.1483169929125,0.0,MS-HIDE,121,case57,0.03
True,21,0.04,False,20,20,False,0,False,0.61375787329476,0.3106701621465394,0.5371134896825295,329.5289686968317,486.7243395769038,0.0,MS-HIDE,122,case57,0.03
True,43,0.04,True,8,8,False,37,False,0.1714449287264484,0.007067933318114292,0.5148236924747612,325.5173312034458,434.92522472224664,0.0,MS-HIDE,123,case57,0.03
True,18,-0.04,True,9,9,False,18,True,0.14311414622862154,0.028078791466106836,0.509723430005078,292.24477300595026,340.18177084217314,0.0,MS-HIDE,124,case57,0.03
True,38,-0.04,False,20,20,False,38,True,0.17144160214749665,0.018592242889880428,0.5176190326266369,328.25133549631573,411.8669413437601,0.0,MS-HIDE,125,case57,0.03
True,47,-0.04,False,20,20,False,0,False,0.5869711618631935,0.33051738002556147,0.5234970874907375,296.3636355038034,411.2490434286883,0.0,MS-HIDE,126,case57,0.03
True,51,-0.04,False,20,20,False,51,True,1.0637556716270141e-06,0.01584189888725647,0.47634187358589275,322.86337486002594,389.4913368654671,0.0,MS-HIDE,127,case57,0.03
True,23,0.04,True,0,0,False,0,False,0.6182444219203432,0.32125769333900067,0.497509654953965,318.1904916506028,468.85853364365175,0.0,MS-HIDE,128,case57,0.03
True,40,0.04,True,15,15,False,40,True,0.00043769040459255306,0.030156196779718453,0.5411869460614489,310.2147978992434,405.49925203667954,0.0,MS-HIDE,129,case57,0.03
True,20,-0.04,True,4,4,False,20,True,0.1714416009440448,0.008381992927654245,0.46639171359207865,304.08776235126425,383.04187848989386,0.0,MS-HIDE,130,case57,0.03
True,51,-0.04,False,20,20,False,51,True,2.81159554727349e-07,0.015829011479745324,0.4833436624511616,305.52845210477244,374.80535061622504,0.0,MS-HIDE,131,case57,0.03
True,26,0.04,True,15,15,False,25,False,0.17144160108514797,0.015663093831352656,0.46745807245863924,308.71104589896277,385.30026634689426,0.0,MS-HIDE,132,case57,0.03
True,43,-0.04,True,7,7,False,43,True,0.17144391716781396,0.007107722553729328,0.5292417141523695,304.6857292007189,371.7214291915298,0.0,MS-HIDE,133,case57,0.03
True,54,-0.04,True,10,10,False,54,True,4.1264189464494384e-10,0.008270854981726791,0.6244333072993016,298.65620414784644,375.7980187481736,0.0,MS-HIDE,134,case57,0.03
True,32,0.04,False,20,20,False,0,False,0.6769140803749618,0.28411316299203226,0.5292180098922711,294.59991029289085,350.4534538369626,0.0,MS-HIDE,135,case57,0.03
True,47,0.04,False,20,20,False,0,False,0.6185242551316947,0.31607588802518577,0.5026713517035634,300.1986936928006,380.3617041354301,0.0,MS-HIDE,136,case57,0.03
True,51,0.04,True,2,2,False,51,True,1.8249057193844947e-05,0.01589604467243781,0.45390601240525325,319.79259375075344,399.89095558703417,0.0,MS-HIDE,137,case57,0.03
True,53,0.04,True,5,5,False,53,True,0.1714416009440448,0.006946199097469578,0.4504316505006763,315.58288129454013,400.1386496791383,0.0,MS-HIDE,138,case57,0.03
True,54,0.04,True,5,5,False,54,True,5.882026627142193e-10,0.008264813657989594,0.6128520298536636,295.1807624514913,354.06960210821126,0.0,MS-HIDE,139,case57,0.03
True,20,0.04,True,5,5,False,19,False,0.1714416009440448,0.008231078327673376,0.49452765369340373,304.1427770018345,351.12844344403135,0.0,MS-HIDE,140,case57,0.03
True,52,0.04,True,5,5,False,53,False,0.1714416009529639,0.006963310372154476,0.4491691128254643,309.7593896964099,376.1966354446486,0.0,MS-HIDE,141,case57,0.03
True,10,0.04,True,2,2,False,10,True,3.8671819781197475e-10,0.0033872572229887757,0.5144753388466118,314.4356583536137,372.4095110403141,0.0,MS-HIDE,142,case57,0.03
True,12,-0.04,True,1,1,False,12,True,3.8671819781197475e-10,0.000841680898034435,0.3474602802169151,295.01246455474757,353.2198228873313,0.0,MS-HIDE,143,case57,0.03
True,10,0.04,True,1,1,False,10,True,3.8671819781197475e-10,0.0033865524758478565,0.5185189984298979,310.06189375184476,388.77270900120493,0.0,MS-HIDE,144,case57,0.03
True,11,-0.04,True,2,2,False,11,True,3.8671819781197475e-10,0.0016455107849699673,0.5374481993292162,315.11281869898085,370.74547257507226,0.0,MS-HIDE,145,case57,0.03
True,25,-0.04,True,8,8,False,26,False,0.17144160094404481,0.01579784971673561,0.4649695005092355,298.1479519425193,360.63033786485903,0.0,MS-HIDE,146,case57,0.03
True,36,0.04,True,2,2,False,36,True,3.8717760589240973e-10,0.003802285776273039,0.4214240751611632,308.3051353460178,372.512870177161,0.0,MS-HIDE,147,case57,0.03
True,44,-0.04,False,20,20,False,44,True,0.0004508178648304637,0.015101901900910986,0.5059383501070118,303.04282309953123,361.2409792229301,0.0,MS-HIDE,148,case57,0.03
True,24,0.04,True,2,2,False,29,False,0.17145565638869048,0.0088145880057822,0.6452960477810568,309.53255620843265,375.0319538405165,0.0,MS-HIDE,149,case57,0.03
True,3,0.04,True,6,6,False,3,True,3.8671819781200097e-10,0.005081536467108525,0.4677162560557584,320.4740123474039,392.84053092123946,0.0,MS-HIDE,150,case57,0.03
True,42,0.04,True,3,3,False,42,True,3.8671808797186254e-10,0.008884666445618805,0.5662683142336264,311.6640020016348,403.37544165668083,0.0,MS-HIDE,151,case57,0.03
True,23,0.04,False,20,20,False,0,False,0.6417936061400682,0.2986033539362996,0.511035008646645,311.7702541523613,390.49531728960574,0.0,MS-HIDE,152,case57,0.03
True,45,0.04,True,18,18,False,45,True,3.867180879718616e-10,0.009794530523878301,0.4846406927848046,304.7229311428964,374.12063814117573,0.0,MS-HIDE,153,case57,0.03
True,24,-0.04,False,20,20,False,24,True,0.17144166553300388,0.008827842539608851,0.6345289148540192,305.8431437559193,370.30422354873735,0.0,MS-HIDE,154,case57,0.03
True,22,-0.04,False,20,20,False,0,False,0.6325007179767704,0.30586170011765934,0.4907682894277946,310.7006625010399,409.3194875138579,0.0,MS-HIDE,155,case57,0.03
True,23,0.04,False,20,20,False,0,False,0.583676276597921,0.326680494302008,0.5191058418441431,310.65427295980044,375.2167351078242,0.0,MS-HIDE,156,case57,0.03
True,54,0.04,True,9,9,False,54,True,1.1276020643481574e-08,0.008417590618394628,0.6105051534406263,306.3952478521969,401.1160878348164,0.0,MS-HIDE,157,case57,0.03
True,33,-0.04,False,20,20,False,0,False,0.7271599982270305,0.21619818885567652,0.5271986375974207,302.0757918478921,363.9172169845552,0.0,MS-HIDE,158,case57,0.03
True,39,-0.04,False,20,20,False,39,True,4.426997654146502e-10,0.013891204605552423,0.5093962026373057,321.5830207482213,405.022641675896,0.0,MS-HIDE,159,case57,0.03
False,0,0.0,False,20,20,False,0,True,0.5963333904539165,0.3261097266120272,0.4778186040172484,306.78689369524363,364.53385826025624,0.0,MS-HIDE,160,case57,0.03
False,0,0.0,False,20,20,False,0,True,0.6395203667580411,0.3181778326798632,0.5333669244043602,303.27301244833507,352.8217805956956,0.0,MS-HIDE,161,case57,0.03
False,0,0.0,False,20,20,False,0,True,0.5613731315477799,0.3370792153285544,0.5082588316103167,310.3088625561213,355.664310415159,0.0,MS-HIDE,162,case57,0.03
False,0,0.0,False,20,20,False,0,True,0.6318050098774565,0.3194911136556558,0.44929480155253054,299.99971445067786,357.5031208485598,0.0,MS-HIDE,163,case57,0.03
False,0,0.0,False,20,20,False,0,True,0.6078723804102197,0.3333293866948697,0.5257638165168053,309.3881604465423,404.01627294777427,0.0,MS-HIDE,164,case57,0.03
False,0,0.0,False,20,20,False,0,True,0.6549327386638378,0.2994075539590109,0.5203642441367013,287.9198979004286,335.88026394718327,0.0,MS-HIDE,165,case57,0.03
False,0,0.0,False,20,20,False,0,True,0.6664695150203235,0.2790744251198217,0.5064790111911108,308.92361464502756,360.33174136246095,0.0,MS-HIDE,166,case57,0.03
False,0,0.0,False,20,20,False,0,True,0.6229760682182311,0.29544069333035944,0.5277270999333776,304.9932979978621,370.16041598108137,0.0,MS-HIDE,167,case57,0.03
False,0,0.0,False,20,20,False,0,True,0.5820653152630095,0.31658522889668184,0.5209648881654241,314.6960022015264,385.54066310753115,0.0,MS-HIDE,168,case57,0.03
False,0,0.0,False,20,20,False,0,True,0.6049156514260148,0.30538746669113664,0.5268056130667612,306.6738499997882,368.84172737482004,0.0,MS-HIDE,169,case57,0.03
False,0,0.0,False,20,20,False,0,True,0.6754795811375113,0.2563772009153688,0.47898037380861613,306.96880634350237,372.96010627178475,0.0,MS-HIDE,170,case57,0.03
False,0,0.0,False,20,20,False,0,True,0.6111567492714851,0.31934880176245956,0.5134969381088987,285.73027509555686,378.6161649040878,0.0,MS-HIDE,171,case57,0.03
False,0,0.0,False,20,20,False,0,True,0.6128284818113486,0.31991809577440267,0.48675492030174594,295.76931669726036,356.0172023979249,0.0,MS-HIDE,172,case57,0.03
False,0,0.0,False,20,20,False,0,True,0.6081869484143333,0.3195958412286143,0.5154448996180645,306.07071878912393,374.9075726198498,0.0,MS-HIDE,173,case57,0.03
False,0,0.0,False,20,20,False,0,True,0.595511745794658,0.33775522294403865,0.5046043702771251,314.6949562971713,371.37094232894015,0.0,MS-HIDE,174,case57,0.03
False,0,0.0,False,20,20,False,0,True,0.5849160554789044,0.3181087268774456,0.5838764484016028,313.2717875036178,386.0216100845719,0.0,MS-HIDE,175,case57,0.03
False,0,0.0,False,20,20,False,0,True,0.6165573218629193,0.3043232930152113,0.5252266623695898,307.88166859711055,372.9551728698425,0.0,MS-HIDE,176,case57,0.03
False,0,0.0,False,20,20,False,0,True,0.6351545985244815,0.3011121790400817,0.5047339392557288,307.8137749573216,373.96812859224156,0.0,MS-HIDE,177,case57,0.03
False,0,0.0,False,20,20,False,0,True,0.6515377323995493,0.30340711557840977,0.4876447300799329,316.85294585186057,378.93158125225455,0.0,MS-HIDE,178,case57,0.03
False,0,0.0,False,20,20,False,0,True,0.5933452853049782,0.3336642185644818,0.5130512186331778,261.72761249763425,350.93227645847946,0.0,MS-HIDE,179,case57,0.03
False,0,0.0,False,20,20,False,0,True,0.5791351837341219,0.3411048756821708,0.5421126695162356,304.8250292544253,366.35203754121903,0.0,MS-HIDE,180,case57,0.03
False,0,0.0,False,20,20,False,0,True,0.6136904530237045,0.31752930309441263,0.5587717617782888,302.46311675582547,368.07679339835886,0.0,MS-HIDE,181,case57,0.03
False,0,0.0,False,20,20,False,0,True,0.709560340889767,0.23377215364716275,0.5431921420337659,300.56048124679364,376.54370387026574,0.0,MS-HIDE,182,case57,0.03
False,0,0.0,False,20,20,False,0,True,0.624611780307486,0.3094739550258817,0.504274714657257,298.7329187017167,372.81857886118814,0.0,MS-HIDE,183,case57,0.03
False,0,0.0,True,11,11,True,0,True,0.6434687139692173,0.288313809272311,0.4961444777170697,218.03991045162547,302.5417080556508,0.0,MS-HIDE,184,case57,0.03
False,0,0.0,False,20,20,False,0,True,0.6239163580454373,0.317447801822485,0.4966670692195096,312.7790854021441,360.5909065809101,0.0,MS-HIDE,185,case57,0.03
False,0,0.0,False,20,20,False,0,True,0.5894397290883395,0.32831962870250014,0.5388281917986641,270.8372249471722,347.7276684134267,0.0,MS-HIDE,186,case57,0.03
False,0,0.0,False,20,20,False,0,True,0.5906319807021542,0.3375211543421393,0.5163384913503548,311.01656465616543,375.6973562238273,0.0,MS-HIDE,187,case57,0.03
False,0,0.0,False,20,20,False,0,True,0.6625950385161183,0.29769848005565314,0.502987710097229,277.6215876045171,337.67655413248576,0.0,MS-HIDE,188,case57,0.03
False,0,0.0,False,20,20,False,0,True,0.601029703572253,0.3172642740938815,0.5036419470547753,145.37278129719198,209.28925003972836,0.0,MS-HIDE,189,case57,0.03
False,0,0.0,False,20,20,False,0,True,0.641676779839141,0.2783548988333916,0.5314637033463812,301.59341460093856,380.21046489593573,0.0,MS-HIDE,190,case57,0.03
False,0,0.0,False,20,20,False,0,True,0.5835128557983603,0.3259936978478089,0.5111897369943471,225.42898965184577,299.69291221350437,0.0,MS-HIDE,191,case57,0.03
False,0,0.0,False,20,20,False,0,True,0.6317258154810153,0.3025594482869265,0.5037696531763756,321.8577019928489,417.66967228322756,0.0,MS-HIDE,192,case57,0.03
False,0,0.0,False,20,20,False,0,True,0.6369104325333146,0.32370108588156443,0.5169551547736305,224.31693964463193,302.8234458528459,0.0,MS-HIDE,193,case57,0.03
False,0,0.0,True,7,7,True,0,True,0.6379898394652714,0.31758493185325554,0.5374416986039406,109.64109174965415,142.373731607222,0.0,MS-HIDE,194,case57,0.03
False,0,0.0,False,20,20,False,0,True,0.6370721941174383,0.3185088741145656,0.49939159513841713,272.91955839900766,335.45597887714393,0.0,MS-HIDE,195,case57,0.03
False,0,0.0,False,20,20,False,0,True,0.6389226875254213,0.30249759629595063,0.5132402155652568,144.6478728990769,192.21911875938534,0.0,MS-HIDE,196,case57,0.03
False,0,0.0,False,20,20,False,0,True,0.6506898334534259,0.27235688399719965,0.5461869023516044,269.04762080230284,357.92752949055284,0.0,MS-HIDE,197,case57,0.03
False,0,0.0,False,20,20,False,0,True,0.6642772556764587,0.23941376676273615,0.5003757368997869,145.31894800602458,208.92108716070655,0.0,MS-HIDE,198,case57,0.03
False,0,0.0,False,20,20,False,0,True,0.625629987011454,0.30091414082191437,0.514529392984155,77.6567124587018,84.82021488598548,0.0,MS-HIDE,199,case57,0.03
True,26,-0.04,False,20,20,False,26,True,0.17144160114425686,0.02302354884922848,0.6946651679887632,2.0514289615675807,2.2813086136011407,0.0,RHMTD,0,case57,0.03
True,49,-0.04,True,11,11,False,49,True,0.0025504324623318465,0.014256511824653973,0.7031763863922,4.36701045546215,9.576106548774993,0.0,RHMTD,1,case57,0.03
True,53,-0.04,False,20,20,False,52,False,0.17172126924695766,0.01601857721211681,0.7061114305861951,3.473031261819415,6.6108047903981095,0.0,RHMTD,2,case57,0.03
True,37,0.04,True,5,5,False,37,True,0.1714416009440448,0.011465315929418317,0.6963739639653085,4.658756253775209,10.292839948670007,0.0,RHMTD,3,case57,0.03
True,46,0.04,True,17,17,False,0,False,0.6372761727525813,0.2804853407516765,0.6946312741064754,4.17585410468746,9.009260433958845,0.0,RHMTD,4,case57,0.03
True,17,0.04,False,20,20,False,18,False,0.3986341939961161,0.16324990757776825,0.6998393279171573,2.0001146564027295,2.274367248173803,0.0,RHMTD,5,case57,0.03
True,24,0.04,True,11,11,False,24,True,0.17144160096606592,0.024289762652743487,0.6929940233908594,4.677579199778847,8.832230846746839,0.0,RHMTD,6,case57,0.03
True,3,0.04,False,20,20,False,3,True,3.8671806051402355e-10,0.017114701080132626,0.6977877947654327,3.3934479957679287,6.501364876748995,0.0,RHMTD,7,case57,0.03
True,8,-0.04,True,1,1,False,8,True,3.8671819781197475e-10,0.0022004783866857976,0.7050455676820152,4.8635730519890785,11.238343463628562,0.0,RHMTD,8,case57,0.03
True,22,0.04,False,20,20,False,0,False,0.6480117972209146,0.20604187870660723,0.6976274094521628,4.122516806819476,9.397924976656217,0.0,RHMTD,9,case57,0.03
True,29,-0.04,True,16,16,False,29,True,0.1714416009440448,0.020243356893038536,0.6955706455796734,2.029825045610778,2.473222606931813,0.0,RHMTD,10,case57,0.03
True,28,-0.04,True,2,2,False,28,True,3.8937499400862315e-10,0.012198151435989362,0.6906948533828214,3.544912443612702,6.142254438600507,0.0,RHMTD,11,case57,0.03
True,8,0.04,True,1,1,False,8,True,3.8671819781197475e-10,0.0027464143139342818,0.6983076530817569,3.7116646562935784,8.230577391805127,0.0,RHMTD,12,case57,0.03
True,28,-0.04,True,2,2,False,28,True,4.1462246957964315e-10,0.006415600618709861,0.6980451085632124,4.173587399418466,11.970695183845237,0.0,RHMTD,13,case57,0.03
True,22,0.04,False,20,20,False,0,False,0.6089121272865127,0.21146402013011928,0.6999195205737923,4.124637495260686,9.062629798427224,0.0,RHMTD,14,case57,0.03
True,26,0.04,False,20,20,False,26,True,0.17144160404004896,0.024603831742109582,0.7029138418736557,2.0366186421597376,2.350882682367228,0.0,RHMTD,15,case57,0.03
True,40,-0.04,False,20,20,False,40,True,0.0024227878261763574,0.03768847340517565,0.6989696876590645,3.2319604593794793,5.573658333742061,0.0,RHMTD,16,case57,0.03
True,1,-0.04,False,20,20,False,1,True,0.6029700951913873,0.21332288623092985,0.6959342983056191,4.988039602176286,12.35307261813433,0.0,RHMTD,17,case57,0.03
True,37,-0.04,False,20,20,False,37,True,0.1714416009440448,0.012016809015794685,0.6993944315367031,4.320262503460981,10.534385454957379,0.0,RHMTD,18,case57,0.03
True,42,-0.04,True,5,5,False,42,True,1.0389935455257158e-09,0.016968575071057476,0.7018636637994773,4.214912554016337,8.599183626938611,0.0,RHMTD,19,case57,0.03
True,32,0.04,False,20,20,False,0,False,0.5606259858770801,0.32025387020680046,0.7002570270282067,2.0491311443038285,2.2934288310352717,0.0,RHMTD,20,case57,0.03
True,20,0.04,True,7,7,False,20,True,0.1714416009440448,0.01212935251263417,0.7010446605838406,3.556939691770822,5.6144173315260595,0.0,RHMTD,21,case57,0.03
True,46,0.04,False,20,20,False,0,False,0.5943442753534066,0.28328327255009883,0.7050455676820151,4.95039995003026,5.43870832771066,0.0,RHMTD,22,case57,0.03
True,42,0.04,False,20,20,False,42,True,4.147630295271526e-10,0.02077087306286359,0.6967968937971228,3.702791698742658,5.571266644983557,0.0,RHMTD,23,case57,0.03
True,56,-0.04,True,3,3,False,56,True,0.4614413678048242,0.11177629699457606,0.7034389309107447,7.765820747590624,42.79348754498643,0.0,RHMTD,24,case57,0.03
True,53,0.04,False,20,20,False,53,True,0.1714416009440448,0.013020833664332373,0.6932174433063512,3.806900102063082,7.3111249570502,0.0,RHMTD,25,case57,0.03
True,48,0.04,False,20,20,False,48,True,2.4559387515542266e-09,0.020498096946980526,0.6994537086425714,3.2668750442098826,4.281031561549756,0.0,RHMTD,26,case57,0.03
True,24,-0.04,False,20,20,False,24,True,0.1714416026925663,0.01867515006803354,0.6989286196054825,3.5879915551049635,6.963955980609173,0.0,RHMTD,27,case57,0.03
True,20,0.04,True,8,8,False,20,True,0.1714416009440448,0.009669321376271871,0.7001977499223384,4.534741697716527,10.34633577801288,0.0,RHMTD,28,case57,0.03
True,34,-0.04,True,18,18,False,34,True,2.280770842769161e-09,0.024855722153809608,0.6985911131510678,4.203099897131324,10.483487791498199,0.0,RHMTD,29,case57,0.03
True,11,-0.04,True,1,1,False,11,True,3.8671819781197475e-10,0.0038270926182248245,0.7015854344509314,4.078620957443491,9.431172921904365,0.0,RHMTD,30,case57,0.03
True,38,0.04,False,20,20,False,56,False,0.4341257765384928,0.10481290802139073,0.697600212182758,3.6625542532419786,5.742691631894564,0.0,RHMTD,31,case57,0.03
True,32,0.04,False,20,20,False,0,False,0.6196273960568256,0.29432875819967574,0.6909906030593058,4.280641648801975,7.896585759590391,0.0,RHMTD,32,case57,0.03
True,15,-0.04,False,20,20,False,0,False,0.564131387144851,0.3114495516300818,0.701060345413842,3.6037395533639938,6.71776013914496,0.0,RHMTD,33,case57,0.03
True,36,0.04,True,1,1,False,36,True,4.2520783960768076e-10,0.007160500923579688,0.7026512973551109,4.021462393575348,10.930739922332583,0.0,RHMTD,34,case57,0.03
True,26,0.04,False,20,20,False,25,False,0.17144160095876704,0.01783120720775069,0.6970594383156674,3.2896707474719733,5.145547600113789,0.0,RHMTD,35,case57,0.03
True,28,0.04,True,1,1,False,28,True,3.8671814289260373e-10,0.00899894688063282,0.7058488860676505,4.5479062013328075,6.300254535744917,0.0,RHMTD,36,case57,0.03
True,3,0.04,True,14,14,False,3,True,4.17467886852481e-10,0.014933528348347432,0.6956508382363082,3.7310999003238976,4.400471111875971,0.0,RHMTD,37,case57,0.03
True,6,0.04,False,20,20,False,6,True,3.915393707424973e-10,0.020098739008905808,0.6988536576696125,5.409495797357522,16.44539522530977,0.0,RHMTD,38,case57,0.03
True,51,-0.04,False,20,20,False,51,True,0.0926457343865679,0.036416525122846155,0.695650838236308,5.665570747805759,11.901383055374048,0.0,RHMTD,39,case57,0.03
True,17,0.04,False,20,20,False,17,True,0.44892090475773994,0.1392647896217358,0.7026512973551109,4.441622851300053,9.01067290105858,0.0,RHMTD,40,case57,0.03
True,49,-0.04,False,20,20,False,49,True,4.6314605389732223e-10,0.013724151607143575,0.6962971879836142,4.134864546358585,6.470908984192654,0.0,RHMTD,41,case57,0.03
True,19,-0.04,True,1,1,False,20,False,0.1714416009440448,0.009289784535301498,0.7013228899323865,4.043720694608055,7.00007914565504,0.0,RHMTD,42,case57,0.03
True,31,0.04,False,20,20,False,30,False,0.17092975397378682,0.017053280234198633,0.6991109714673922,3.9907039928948507,10.326061933301391,0.0,RHMTD,43,case57,0.03
True,55,0.04,True,1,1,False,55,True,8.022206214009397e-10,0.004695280702157055,0.7012479279965167,4.044073005206883,8.967995547573082,0.0,RHMTD,44,case57,0.03
True,2,0.04,False,20,20,False,2,True,3.867181978122054e-10,0.015052847752418361,0.7005195715467514,4.638181245536543,11.12335205252749,0.0,RHMTD,45,case57,0.03
True,34,-0.04,False,20,20,False,34,True,0.000591270360719145,0.015606216532468806,0.7009853834779722,2.972637498169206,3.6613208329072227,0.0,RHMTD,46,case57,0.03
True,14,-0.04,True,6,6,False,14,True,3.8671819781203054e-10,0.00708085422309063,0.6966626547553845,4.461541603086516,11.51249552203808,0.0,RHMTD,47,case57,0.03
True,1,0.04,False,20,20,False,0,False,0.6100981135847945,0.32239441066774843,0.7028388799377856,3.330975054996088,5.228406249079855,0.0,RHMTD,48,case57,0.03
True,34,-0.04,True,3,3,False,34,True,3.167923350955521e-08,0.020289799697993573,0.7002570270282068,3.806210355833173,8.73127501399722,0.0,RHMTD,49,case57,0.03
True,40,-0.04,False,20,20,False,40,True,0.06084792635455547,0.031689962128081735,0.6980451085632122,3.546783293131739,6.419971442664974,0.0,RHMTD,50,case57,0.03
True,27,-0.04,True,1,1,False,27,True,3.8671814289234813e-10,0.008192374275636306,0.6993735159859367,3.539220802485943,8.11228686652612,0.0,RHMTD,51,case57,0.03
True,44,-0.04,False,20,20,False,0,False,0.6151736359135104,0.2343919002106029,0.7029138418736556,3.0705915967701003,3.839069060632028,0.0,RHMTD,52,case57,0.03
True,1,0.04,False,20,20,False,0,False,0.6226268472594916,0.2949178575944058,0.7029138418736556,6.716704202699475,36.68289025081322,0.0,RHMTD,53,case57,0.03
True,20,-0.04,True,4,4,False,19,False,0.17144160099569647,0.011851904900936835,0.702651297355111,5.165591646800749,10.61480350617787,0.0,RHMTD,54,case57,0.03
True,41,-0.04,True,1,1,False,41,True,8.424552759004654e-05,0.004130496269585805,0.7007978008952975,3.2427208469016477,4.160768748261036,0.0,RHMTD,55,case57,0.03
True,25,0.04,False,20,20,False,25,True,0.17144160288575203,0.0350858118566743,0.7047830231634706,2.9287332523381338,3.320741050993093,0.0,RHMTD,56,case57,0.03
True,33,0.04,False,20,20,False,0,False,0.6812252160317057,0.21091154122936345,0.7029138418736556,4.422862402861938,8.48264546948485,0.0,RHMTD,57,case57,0.03
True,42,-0.04,False,20,20,False,42,True,4.2150394596122424e-10,0.026447045134401076,0.6994537086425716,5.880043748766184,10.519593729986841,0.0,RHMTD,58,case57,0.03
True,21,0.04,False,20,20,False,0,False,0.6068337285868797,0.30019701837064633,0.7085057009130991,4.110100050456822,10.45409586513415,0.0,RHMTD,59,case57,0.03
True,36,-0.04,True,3,3,False,36,True,3.867180879719823e-10,0.00839784348838739,0.7045047938149245,3.142754003056325,4.736918734852225,0.0,RHMTD,60,case57,0.03
True,46,0.04,False,20,20,False,0,False,0.6213582532560353,0.26920143178493333,0.6990360095315222,5.603235401213169,8.070952419075208,0.0,RHMTD,61,case57,0.03
True,56,0.04,False,20,20,False,56,True,0.19129331827464385,0.046062398835412244,0.6942683844284803,4.486224954598583,9.6690264879726,0.0,RHMTD,62,case57,0.03
True,8,-0.04,True,1,1,False,8,True,3.8671819781197475e-10,0.0029368507335361797,0.7007821160652958,5.1145959965651855,8.03709409665319,0.0,RHMTD,63,case57,0.03
True,2,0.04,True,10,10,False,2,True,3.867181978120023e-10,0.012732856709743678,0.6916909991917157,5.4098272492410615,9.65998126484921,0.0,RHMTD,64,case57,0.03
True,43,0.04,True,6,6,False,43,True,0.1714416009440448,0.012206947964075138,0.6961759272733972,3.47412925621029,5.202027090126654,0.0,RHMTD,65,case57,0.03
True,11,0.04,True,1,1,False,11,True,3.8671819781197475e-10,0.003989186782688559,0.6943224308135836,2.899327059276402,3.4383562451694165,0.0,RHMTD,66,case57,0.03
True,7,0.04,False,20,20,False,7,True,0.17332724036600006,0.07433435146443358,0.7029138418736556,3.31497709848918,4.018012780579744,0.0,RHMTD,67,case57,0.03
True,7,-0.04,False,20,20,False,7,True,0.0005314478644938078,0.06691943271107129,0.7020303308313853,3.9663270028540865,8.37745204626117,0.0,RHMTD,68,case57,0.03
True,51,-0.04,False,20,20,False,51,True,0.0028843715930395703,0.038459419516958616,0.6956508382363082,4.513552048592828,9.859231242444368,0.0,RHMTD,69,case57,0.03
True,12,-0.04,True,1,1,False,12,True,3.8671819781197475e-10,0.0012356318096972806,0.6966417392046179,4.91386259382125,10.730870568659158,0.0,RHMTD,70,case57,0.03
True,17,-0.04,False,20,20,False,18,False,0.14661932861122504,0.05587371665035304,0.6989286196054825,4.047237400664017,10.580608664895408,0.0,RHMTD,71,case57,0.03
True,35,0.04,True,2,2,False,35,True,3.869846974249006e-10,0.008216052425304559,0.696716701140488,3.4827583469450474,4.108541016466922,0.0,RHMTD,72,case57,0.03
True,37,0.04,True,3,3,False,37,True,0.1714416009440448,0.011856663595248583,0.7002570270282069,4.253601995878853,8.928393429960128,0.0,RHMTD,73,case57,0.03
True,11,0.04,True,1,1,False,11,True,3.8671819781197475e-10,0.003238194751660745,0.6961759272733974,4.086037407978438,8.96327499940526,0.0,RHMTD,74,case57,0.03
True,43,-0.04,False,20,20,False,43,True,0.1714416009440448,0.010661307279341347,0.6976002121827581,3.7385458912467584,7.59205595531967,0.0,RHMTD,75,case57,0.03
True,39,0.04,False,20,20,False,39,True,1.2484771572959428e-05,0.030492583943205465,0.6964052666340019,6.4383250050013885,10.329756228020452,0.0,RHMTD,76,case57,0.03
True,41,-0.04,True,2,2,False,41,True,3.9660620360087015e-10,0.004165190904371792,0.6945517701741885,3.5448165057459846,7.148375315591696,0.0,RHMTD,77,case57,0.03
True,11,-0.04,True,1,1,False,11,True,3.8671819781197475e-10,0.003572440299070516,0.6901488487949661,3.2520958979148418,4.798687805305238,0.0,RHMTD,78,case57,0.03
True,24,0.04,True,4,4,False,29,False,0.1714416009440448,0.015656755801380758,0.7010603454138419,4.243381303967908,10.926354498951698,0.0,RHMTD,79,case57,0.03
True,26,-0.04,False,20,20,False,25,False,0.17144160300133135,0.019193855500466046,0.7002570270282069,2.867879200493917,3.177958336891607,0.0,RHMTD,80,case57,0.03
True,37,0.04,False,20,20,False,37,True,0.1714416009440448,0.01195196346146202,0.7023887528365664,5.306208351976238,13.606699361116636,0.0,RHMTD,81,case57,0.03
True,26,-0.04,False,20,20,False,25,False,0.1714416009440448,0.019466531088856955,0.6910446494444095,4.651072950218804,11.03573366708589,0.0,RHMTD,82,case57,0.03
True,20,-0.04,True,3,3,False,20,True,0.1714416009440448,0.009558008277131052,0.7037171602592909,3.716054157121107,6.643627418088731,0.0,RHMTD,83,case57,0.03
True,54,0.04,True,2,2,False,54,True,4.102375386277517e-10,0.013850218268445806,0.7021105234880205,3.6056916520465165,6.360570181277581,0.0,RHMTD,84,case57,0.03
True,31,0.04,False,20,20,False,31,True,0.15346454100810897,0.01809346100241946,0.7037171602592907,3.439633297966793,5.301481930655431,0.0,RHMTD,85,case57,0.03
True,28,0.04,True,1,1,False,28,True,3.8671814289191986e-10,0.005258775519283374,0.696716701140488,4.419466655235738,10.6467729434371,0.0,RHMTD,86,case57,0.03
True,26,-0.04,False,20,20,False,25,False,0.17144160732233457,0.01984616749117868,0.6989286196054824,3.0820186977507547,4.361131539917552,0.0,RHMTD,87,case57,0.03
True,17,-0.04,False,20,20,False,18,False,0.17365658087302097,0.08202002572634974,0.6932617986301688,3.885360457934439,10.08837776607834,0.0,RHMTD,88,case57,0.03
True,55,-0.04,True,1,1,False,55,True,4.527973824780519e-10,0.004903376778365919,0.7010446605838405,4.616735357558355,11.237241659546273,0.0,RHMTD,89,case57,0.03
True,11,0.04,True,1,1,False,11,True,3.8671819781197475e-10,0.002259132914661099,0.7032174544457823,4.164195907651447,9.268454168341124,0.0,RHMTD,90,case57,0.03
True,48,-0.04,False,20,20,False,48,True,3.867180879718622e-10,0.021033651703155173,0.6970751231456689,3.3980436448473483,5.577820859616624,0.0,RHMTD,91,case57,0.03
True,50,-0.04,False,20,20,False,50,True,7.552891367866196e-06,0.014168606352011398,0.701060345413842,5.354322891798802,13.418231214745909,0.0,RHMTD,92,case57,0.03
True,53,-0.04,False,20,20,False,53,True,0.1726965711315009,0.01292295265441064,0.7018479789694758,5.0649186508962885,8.772497292375213,0.0,RHMTD,93,case57,0.03
True,43,0.04,True,6,6,False,37,False,0.1714416009440448,0.011691766054777418,0.697600212182758,4.254568761098199,10.282178485067561,0.0,RHMTD,94,case57,0.03
True,40,-0.04,False,20,20,False,40,True,0.000958936101402377,0.0318121888124958,0.6975043346961217,4.345879194443114,7.0217336062342035,0.0,RHMTD,95,case57,0.03
True,10,-0.04,True,1,1,False,10,True,3.8671819781197486e-10,0.005817425887243754,0.702051246382152,3.776918799849227,7.4756910325959325,0.0,RHMTD,96,case57,0.03
True,14,0.04,True,2,2,False,14,True,7.434080816736726e-10,0.012657041422353224,0.6994537086425714,4.620379343396053,8.866217001923365,0.0,RHMTD,97,case57,0.03
True,53,-0.04,True,5,5,False,52,False,0.17145084297615273,0.017814191791978833,0.7007821160652961,4.534193649305962,10.943001462146642,0.0,RHMTD,98,case57,0.03
True,49,-0.04,False,20,20,False,49,True,0.00018163399354858572,0.016129717010573186,0.6983285686325233,4.695518751395866,8.73809829063248,0.0,RHMTD,99,case57,0.03
True,56,0.04,False,20,20,False,38,False,0.17149020640058535,0.0540620261184418,0.7013228899323868,3.832139552105218,10.685684805503115,0.0,RHMTD,100,case57,0.03
True,17,-0.04,False,20,20,False,0,False,0.6238185384212945,0.27037305074435747,0.7047830231634707,4.997958306921646,10.135170194553215,0.0,RHMTD,101,case57,0.03
True,12,0.04,True,1,1,False,12,True,3.8671819781197475e-10,0.0012549281230119782,0.7015854344509311,5.207639699801803,13.374522901722232,0.0,RHMTD,102,case57,0.03
True,48,-0.04,False,20,20,False,48,True,3.8671808797368735e-10,0.02314187040299159,0.6982536066966536,3.9853313501225784,10.301591979805382,0.0,RHMTD,103,case57,0.03
True,31,0.04,False,20,20,False,30,False,0.17026291123847662,0.01686399892872449,0.7021262083180217,5.656977096805349,9.04428540961819,0.0,RHMTD,104,case57,0.03
True,31,0.04,True,19,19,False,30,False,0.121563700399981,0.017657050187620114,0.7001820650923368,4.145314599736594,9.119008667767048,0.0,RHMTD,105,case57,0.03
True,41,-0.04,True,1,1,False,41,True,3.867180879721787e-10,0.0037006815262185053,0.7012479279965167,4.154874954838306,9.118085153750144,0.0,RHMTD,106,case57,0.03
True,16,-0.04,False,20,20,False,0,False,0.5910874597331589,0.31227550235733176,0.6963791946860736,4.685556309414096,11.247486021602526,0.0,RHMTD,107,case57,0.03
True,20,0.04,True,10,10,False,20,True,0.1714416009440448,0.014749360737210889,0.6984289137919739,4.951347841415554,10.400727071100846,0.0,RHMTD,108,case57,0.03
True,50,0.04,False,20,20,False,50,True,2.644770996476505e-09,0.01711506869933089,0.6965597325021589,10.229993701796047,13.986872934037907,0.0,RHMTD,109,case57,0.03
True,17,0.04,False,20,20,False,18,False,0.2450005620241401,0.0671868014845433,0.6989286196054825,4.3032853020122275,10.372847606777215,0.0,RHMTD,110,case57,0.03
True,41,0.04,True,1,1,False,41,True,4.1599725379465344e-10,0.007440726975124046,0.6960092602414891,4.987341753439978,10.173936869250626,0.0,RHMTD,111,case57,0.03
True,15,0.04,True,0,0,False,0,False,0.5936203587391716,0.3079037195066795,0.6985911131510678,4.526712352526374,10.325066393124873,0.0,RHMTD,112,case57,0.03
True,12,-0.04,True,1,1,False,12,True,3.8671819781197475e-10,0.0012652220452401344,0.6923939724179001,4.838335502427071,11.115192316356117,0.0,RHMTD,113,case57,0.03
True,33,-0.04,False,20,20,False,0,False,0.6364957766635828,0.29863032476734835,0.6959935754114877,5.41902084951289,11.087006871821373,0.0,RHMTD,114,case57,0.03
True,8,0.04,True,1,1,False,8,True,3.8671819781197475e-10,0.0029368213395104324,0.7004446096108814,4.5815062476322055,9.91883335809689,0.0,RHMTD,115,case57,0.03
True,16,-0.04,False,20,20,False,0,False,0.61006711381062,0.29391742323809134,0.6924420852380717,4.979476949665695,12.395948238554418,0.0,RHMTD,116,case57,0.03
True,46,-0.04,False,20,20,False,0,False,0.6627754585661153,0.2592967047028932,0.6980451085632124,5.0609019584953785,10.592752089723954,0.0,RHMTD,117,case57,0.03
True,8,-0.04,True,1,1,False,8,True,3.8671819781197646e-10,0.0033226885759581244,0.7063739751047395,4.519139640615322,11.402496160008015,0.0,RHMTD,118,case57,0.03
True,20,0.04,True,5,5,False,19,False,0.1714416009440448,0.017607521410348492,0.6999944825096623,4.121802095323801,9.190327400574462,0.0,RHMTD,119,case57,0.03
True,52,-0.04,True,17,17,False,52,True,0.1714416009440448,0.013549261911790239,0.6917388836874303,3.073429098003544,4.25968366325833,0.0,RHMTD,120,case57,0.03
True,9,-0.04,False,20,20,False,9,True,0.009125638009562466,0.03380257134431682,0.7077023825274638,4.704249950009398,12.747051464975813,0.0,RHMTD,121,case57,0.03
True,21,0.04,False,20,20,False,0,False,0.5856149365108364,0.3111565562258647,0.6996360605044811,4.729152098298073,12.431525299325594,0.0,RHMTD,122,case57,0.03
True,43,0.04,True,1,1,False,43,True,0.1714416012209814,0.011704961071556542,0.693256567909404,6.832420694991015,15.060766643728162,0.0,RHMTD,123,case57,0.03
True,18,-0.04,True,9,9,False,0,False,0.5991502686321589,0.20776955413887088,0.6967219318612528,5.359810500522144,11.16074018063955,0.0,RHMTD,124,case57,0.03
True,38,-0.04,False,20,20,False,38,True,0.1714772598455344,0.048577452744310856,0.7012479279965167,4.569054150488228,9.368083288427457,0.0,RHMTD,125,case57,0.03
True,47,-0.04,False,20,20,False,0,False,0.6329758099393514,0.20879900394033268,0.7071772934903748,4.119475148036145,8.558177709346639,0.0,RHMTD,126,case57,0.03
True,51,-0.04,False,20,20,False,51,True,0.19614814240832756,0.029980310869612083,0.6970001612097991,4.902747803134844,11.705999678815715,0.0,RHMTD,127,case57,0.03
True,23,0.04,True,0,0,False,0,False,0.6427712273973414,0.2624145213693341,0.6991911641240269,5.080756344250403,12.371894367970526,0.0,RHMTD,128,case57,0.03
True,40,0.04,True,15,15,False,40,True,0.004089730183426136,0.03423584963663195,0.7005195715467513,5.039489400223829,10.574563950649466,0.0,RHMTD,129,case57,0.03
True,20,-0.04,True,4,4,False,19,False,0.17144160094514094,0.010431388738598401,0.700535256376753,5.355339596280828,12.261810770723983,0.0,RHMTD,130,case57,0.03
True,51,-0.04,False,20,20,False,51,True,0.05022638974178519,0.038901580710370906,0.70424224929638,3.394606342772022,6.934548541903497,0.0,RHMTD,131,case57,0.03
True,26,0.04,False,20,20,False,25,False,0.17144160138519465,0.018828749391543394,0.6945849753321284,4.577275048359297,8.909427095204594,0.0,RHMTD,132,case57,0.03
True,43,-0.04,True,7,7,False,37,False,0.1714416009440448,0.012093394123066046,0.7039797047778353,5.026075057685375,13.475575015763757,0.0,RHMTD,133,case57,0.03
True,54,-0.04,True,6,6,False,54,True,6.724060499640959e-10,0.01627195946925077,0.6998393279171574,4.806487448513508,12.636096167261721,0.0,RHMTD,134,case57,0.03
True,32,0.04,False,20,20,False,0,False,0.6117965898273223,0.2805586257778919,0.7039797047778353,4.343437502393499,8.518391958205033,0.0,RHMTD,135,case57,0.03
True,47,0.04,False,20,20,False,0,False,0.6635583560971179,0.24257446067276292,0.6986660750869378,4.564241543994285,8.90660147415474,0.0,RHMTD,136,case57,0.03
True,51,0.04,True,2,2,False,51,True,0.06898954654294379,0.034462136345207554,0.7031920712222017,5.159324954729527,10.845424979925157,0.0,RHMTD,137,case57,0.03
True,53,0.04,True,10,10,False,53,True,0.17144366113312684,0.013926975233433288,0.70424224929638,4.100274998927489,9.278428525431082,0.0,RHMTD,138,case57,0.03
True,54,0.04,False,20,20,False,54,True,1.2487597016650915e-09,0.023764132659813548,0.7002570270282069,4.0444604062940925,7.977228527306582,0.0,RHMTD,139,case57,0.03
True,20,0.04,True,2,2,False,20,True,0.1714416009440448,0.012096249478530526,0.7001820650923369,4.351075008162297,7.779305952135485,0.0,RHMTD,140,case57,0.03
True,52,0.04,False,20,20,False,53,False,0.17144223729719424,0.01309125227648655,0.6972574750075787,3.2700833427952603,4.106569051509727,0.0,RHMTD,141,case57,0.03
True,10,0.04,True,1,1,False,10,True,3.86718197811975e-10,0.006270090322472571,0.70424224929638,4.725452241837047,15.468697928008625,0.0,RHMTD,142,case57,0.03
True,12,-0.04,True,1,1,False,12,True,3.8671819781197475e-10,0.0012540391667220157,0.7037171602592909,3.934485398349352,7.98233097884804,0.0,RHMTD,143,case57,0.03
True,10,0.04,True,1,1,False,10,True,3.8671819781197475e-10,0.005740666525480589,0.6922526886095728,4.298904148163274,11.59690383647103,0.0,RHMTD,144,case57,0.03
True,11,-0.04,True,1,1,False,11,True,3.8671819781197475e-10,0.003584986256135827,0.6947062360423455,3.5372811515117064,6.321597218629905,0.0,RHMTD,145,case57,0.03
True,25,-0.04,False,20,20,False,26,False,0.17144160094963545,0.02540332380297093,0.7015854344509311,4.5021103520412,11.10451491258573,0.0,RHMTD,146,case57,0.03
True,36,0.04,True,5,5,False,36,True,9.228514270088946e-09,0.006551250450357911,0.6993194696008332,5.580658349208534,12.553010127157904,0.0,RHMTD,147,case57,0.03
True,44,-0.04,False,20,20,False,44,True,0.0020926215906913698,0.03054110874342452,0.6991911641240269,4.8574770509731025,10.282220217050057,0.0,RHMTD,148,case57,0.03
True,24,0.04,False,20,20,False,29,False,0.17144160108393075,0.01968606572890356,0.7005195715467514,5.282214647741057,9.908816387178392,0.0,RHMTD,149,case57,0.03
True,3,0.04,False,20,20,False,3,True,3.8671806051380373e-10,0.02185052677545585,0.7007228389594276,3.8165604026289657,8.278893711394634,0.0,RHMTD,150,case57,0.03
True,42,0.04,False,20,20,False,42,True,3.867180879722479e-10,0.01744785540495844,0.6962971879836142,4.098445703857578,8.813208967330866,0.0,RHMTD,151,case57,0.03
True,23,0.04,False,20,20,False,0,False,0.6071685201253708,0.3060018510467836,0.6959342983056193,5.035304109333083,15.193718433147298,0.0,RHMTD,152,case57,0.03
True,45,0.04,True,7,7,False,45,True,3.867180879722386e-10,0.01292896290509503,0.7026512973551109,4.721481254091486,10.741813122876922,0.0,RHMTD,153,case57,0.03
True,24,-0.04,False,20,20,False,29,False,0.17144160154210478,0.016561608375313813,0.6961968428241637,5.852589654386975,13.769368489738566,0.0,RHMTD,154,case57,0.03
True,22,-0.04,False,20,20,False,0,False,0.6904282029179254,0.27046081017986806,0.7033587382541098,5.190279250382446,12.585056835087022,0.0,RHMTD,155,case57,0.03
True,23,0.04,False,20,20,False,0,False,0.5773779146682816,0.3141288289885678,0.7005195715467514,5.027747852727771,9.69833992130589,0.0,RHMTD,156,case57,0.03
True,54,0.04,True,8,8,False,54,True,5.118513381505003e-07,0.009073198302639378,0.6990360095315222,5.344020848860964,11.361514270538475,0.0,RHMTD,157,case57,0.03
True,33,-0.04,False,20,20,False,0,False,0.6326937391617804,0.2830846588798391,0.7031763863922001,5.973089506733231,12.515341068501584,0.0,RHMTD,158,case57,0.03
True,39,-0.04,False,20,20,False,39,True,0.0005302789674155021,0.028444441295669535,0.7021262083180217,4.8054522078018636,10.632756297127344,0.0,RHMTD,159,case57,0.03
False,0,0.0,False,20,20,False,0,True,0.5628370639911499,0.316703469270902,0.70424224929638,3.5969396587461233,5.92785265471321,0.0,RHMTD,160,case57,0.03
False,0,0.0,False,20,20,False,0,True,0.5984877816662402,0.2967827667010075,0.6948091582955711,4.355068656150252,9.308868445805276,0.0,RHMTD,161,case57,0.03
False,0,0.0,False,20,20,False,0,True,0.6057854943344949,0.3001895705512453,0.6963739639653085,3.6668248067144305,7.747760709025897,0.0,RHMTD,162,case57,0.03
False,0,0.0,False,20,20,False,0,True,0.6054002040088442,0.3122457764363121,0.6935601804815307,5.1507311523891985,9.822653859737333,0.0,RHMTD,163,case57,0.03
False,0,0.0,False,20,20,False,0,True,0.6356530626331596,0.2524950889905597,0.6885370556265333,5.625862503075041,11.593260482186459,0.0,RHMTD,164,case57,0.03
False,0,0.0,False,20,20,False,0,True,0.6624565390194047,0.20613350886030687,0.6927568620958954,5.040195901528932,10.00206277531106,0.0,RHMTD,165,case57,0.03
False,0,0.0,False,20,20,False,0,True,0.6119321690471495,0.2970670135429516,0.7037171602592909,4.278058398631401,9.412535376031887,0.0,RHMTD,166,case57,0.03
False,0,0.0,False,20,20,False,0,True,0.602323344900966,0.2984227315100824,0.6991911641240272,4.790789549588226,11.21813090867363,0.0,RHMTD,167,case57,0.03
False,0,0.0,False,20,20,False,0,True,0.6280080198762386,0.24639634397502758,0.6936403731381655,4.952462445362471,12.085724656935783,0.0,RHMTD,168,case57,0.03
False,0,0.0,False,20,20,False,0,True,0.6134297066905825,0.29903186512794855,0.7018479789694758,5.140864438726567,13.095217297086492,0.0,RHMTD,169,case57,0.03
False,0,0.0,False,20,20,False,0,True,0.6960227802427494,0.23538155078174194,0.7042579341263815,5.808277108008042,11.781415995210416,0.0,RHMTD,170,case57,0.03
False,0,0.0,False,20,20,False,0,True,0.6455680925916715,0.27163895342111766,0.6890804831206139,4.71083125739824,9.732066732249223,0.0,RHMTD,171,case57,0.03
False,0,0.0,False,20,20,False,0,True,0.6657725131995164,0.280003298427155,0.6972026655745243,4.995702096493915,10.748777762637475,0.0,RHMTD,172,case57,0.03
False,0,0.0,False,20,20,False,14,False,0.5190695483286084,0.1598553852170307,0.7047830231634707,4.7368124447530136,10.352708669961432,0.0,RHMTD,173,case57,0.03
False,0,0.0,False,20,20,False,0,True,0.5894255151450802,0.30619889941679995,0.7047830231634705,5.248454256798141,13.072795787593353,0.0,RHMTD,174,case57,0.03
False,0,0.0,False,20,20,False,0,True,0.6413781248024675,0.2898986913238759,0.7047080612276005,5.230243792175315,10.838060441892601,0.0,RHMTD,175,case57,0.03
False,0,0.0,False,20,20,False,0,True,0.6009842839084337,0.30817899816947414,0.7023730680065647,4.641347995493561,9.98412948101759,0.0,RHMTD,176,case57,0.03
False,0,0.0,False,20,20,False,0,True,0.6037911079535131,0.3052763276765182,0.6956971370106553,4.348720645066351,8.73150566185359,0.0,RHMTD,177,case57,0.03
False,0,0.0,False,20,20,False,0,True,0.5754795034436181,0.3132967213455038,0.6929138307342245,3.950806256034412,10.644970872090198,0.0,RHMTD,178,case57,0.03
False,0,0.0,False,20,20,False,0,True,0.6057832228786751,0.24229385780789248,0.7034546157407462,8.714004041394219,29.06067849544347,0.0,RHMTD,179,case57,0.03
False,0,0.0,False,20,20,False,0,True,0.5726338721950496,0.31628459597982944,0.6993735159859366,5.007693852530792,5.724023238872206,0.0,RHMTD,180,case57,0.03
False,0,0.0,False,20,20,False,0,True,0.5867413743474964,0.31209386807405726,0.695772098946525,4.6831415966153145,8.73967021179852,0.0,RHMTD,181,case57,0.03
False,0,0.0,False,20,20,False,0,True,0.6101654211490982,0.2959549384729601,0.6977825640446678,5.275254204752855,21.258189252694144,0.0,RHMTD,182,case57,0.03
False,0,0.0,False,20,20,False,0,True,0.7265643644927977,0.204992771984428,0.7034389309107447,3.3162478473968804,4.434822563780475,0.0,RHMTD,183,case57,0.03
False,0,0.0,True,11,11,True,0,True,0.6239300254839083,0.29137717213793746,0.7074398380089193,6.001752149313688,11.638442307594252,0.0,RHMTD,184,case57,0.03
False,0,0.0,False,20,20,False,18,False,0.5684222474154291,0.16316878244114474,0.6915104613756301,4.258741703233682,8.230655977968128,0.0,RHMTD,185,case57,0.03
False,0,0.0,False,20,20,False,0,True,0.568876334568436,0.31682283206847917,0.6961968428241638,4.6955250116297975,11.654866329627112,0.0,RHMTD,186,case57,0.03
False,0,0.0,False,20,20,False,0,True,0.6206959834452801,0.2461525478970994,0.6929601295085716,3.8019958970835432,7.351127016590912,0.0,RHMTD,187,case57,0.03
False,0,0.0,False,20,20,False,0,True,0.5931148454882262,0.322707565564628,0.691111863769523,6.2702499475562945,10.932424970087617,0.0,RHMTD,188,case57,0.03
False,0,0.0,False,20,20,False,0,True,0.6504340589971886,0.25548704686436763,0.7039797047778353,3.1603893963620067,4.976801422890276,0.0,RHMTD,189,case57,0.03
False,0,0.0,False,20,20,False,0,True,0.6143005956256076,0.2967824076653414,0.6994537086425716,3.6629375972552225,7.18265621981118,0.0,RHMTD,190,case57,0.03
False,0,0.0,False,20,20,False,0,True,0.6293242797665315,0.30099061848340514,0.6999944825096621,5.950756306992844,11.169636843260388,0.0,RHMTD,191,case57,0.03
False,0,0.0,False,20,20,False,0,True,0.5906406932104447,0.3097391378786396,0.7012479279965167,2.867979253642261,3.5551600798498844,0.0,RHMTD,192,case57,0.03
False,0,0.0,False,20,20,False,26,False,0.28071783590222676,0.048710397298986574,0.6958541056489842,4.675100001622923,12.37640480976552,0.0,RHMTD,193,case57,0.03
False,0,0.0,True,7,7,True,0,True,0.6249334557288987,0.292430684323038,0.7007821160652961,2.8931228996952996,3.263247906579636,0.0,RHMTD,194,case57,0.03
False,0,0.0,False,20,20,False,0,True,0.6228745069948703,0.22899692387282047,0.6991911641240269,4.07266053953208,9.071581219905056,0.0,RHMTD,195,case57,0.03
False,0,0.0,False,20,20,False,0,True,0.5973344310641309,0.310943745748447,0.6953882937177636,3.3897958433954045,4.659718746552245,0.0,RHMTD,196,case57,0.03
False,0,0.0,False,20,20,False,0,True,0.6016585721690402,0.2989276729214595,0.6999944825096622,2.7832395571749657,3.0870434711687267,0.0,RHMTD,197,case57,0.03
False,0,0.0,False,20,20,False,0,True,0.637086988372469,0.2761437539404756,0.7023887528365664,3.5392709978623316,5.779175288625995,0.0,RHMTD,198,case57,0.03
False,0,0.0,False,20,20,False,15,False,0.47905370396843,0.4262378653601862,0.701060345413842,2.674022997962311,2.983389934524894,0.0,RHMTD,199,case57,0.03
True,26,-0.04,True,5,5,False,26,True,0.19604894365029038,0.02534860173999871,0.41323188982124337,24.938420808757655,31.99162504752167,0.0,Robust-MTD,0,case57,0.03
True,49,-0.04,True,10,10,False,49,True,0.0034774966422200407,0.013235347165818865,0.41323188982124337,26.410891651175916,34.40068481722849,0.0,Robust-MTD,1,case57,0.03
True,53,-0.04,False,20,20,False,54,False,0.2717102889369777,0.012959273967839566,0.41323188982124337,18.88619364472106,29.309635376557708,0.0,Robust-MTD,2,case57,0.03
True,37,0.04,False,20,20,False,43,False,0.17144160766752994,0.015587598843143827,0.41323188982124337,26.33048945281189,40.52034616761375,0.0,Robust-MTD,3,case57,0.03
True,46,0.04,True,17,17,False,0,False,0.680306066376889,0.3530957919025819,0.41323188982124337,25.208533255499788,35.75233751907947,0.0,Robust-MTD,4,case57,0.03
True,17,0.04,False,20,20,False,18,False,0.3407561110267123,0.02381154107976591,0.41323188982124337,25.744743749964982,43.98901282402221,0.0,Robust-MTD,5,case57,0.03
True,24,0.04,False,20,20,False,24,True,0.3621881225001832,0.014711606341512997,0.41323188982124337,30.167514548520558,49.379514620522976,0.0,Robust-MTD,6,case57,0.03
True,3,0.04,False,20,20,False,3,True,4.3246131116922974e-10,0.012473543358550516,0.41323188982124337,18.979547888739035,28.678351428243335,0.0,Robust-MTD,7,case57,0.03
True,8,-0.04,True,1,1,False,8,True,3.8671819781197475e-10,0.003924405084181856,0.41323188982124337,26.170362494303845,35.24890596454499,0.0,Robust-MTD,8,case57,0.03
True,22,0.04,False,20,20,False,0,False,0.7126424393502866,0.22975410728074105,0.41323188982124337,25.199393698130734,31.002122932113725,0.0,Robust-MTD,9,case57,0.03
True,29,-0.04,False,20,20,False,29,True,0.3994961254257072,0.020017393411203906,0.41323188982124337,26.202112494502217,31.87567917630079,0.0,Robust-MTD,10,case57,0.03
True,28,-0.04,False,20,20,False,0,False,0.6528585353836495,0.3704207211261551,0.41323188982124337,30.54085644253064,52.247406609239995,0.0,Robust-MTD,11,case57,0.03
True,8,0.04,True,1,1,False,8,True,3.8671819781197475e-10,0.003924405084181856,0.41323188982124337,19.313912501093,27.030077419476584,0.0,Robust-MTD,12,case57,0.03
True,28,-0.04,False,20,20,False,0,False,0.6592164814134985,0.36805155626846714,0.41323188982124337,29.703966600936837,43.59473155636807,0.0,Robust-MTD,13,case57,0.03
True,22,0.04,False,20,20,False,0,False,0.7037255796178752,0.3026445920090247,0.41323188982124337,28.269222952076234,39.668998183333315,0.0,Robust-MTD,14,case57,0.03
True,26,0.04,False,20,20,False,25,False,0.2279143833906846,0.03135145500137406,0.41323188982124337,24.172897945391014,32.095665199449286,0.0,Robust-MTD,15,case57,0.03
True,40,-0.04,False,20,20,False,0,False,0.6734198640049187,0.3607035780932162,0.41323188982124337,27.960120953503065,48.054072621744126,0.0,Robust-MTD,16,case57,0.03
True,1,-0.04,False,20,20,False,1,True,0.5790497526134253,0.2548189632360399,0.41323188982124337,20.236512494739145,30.17505593597889,0.0,Robust-MTD,17,case57,0.03
True,37,-0.04,False,20,20,False,37,True,0.17144160661157842,0.015587598774936148,0.41323188982124337,25.09540834580548,38.32887081080116,0.0,Robust-MTD,18,case57,0.03
True,42,-0.04,False,20,20,False,0,False,0.6863583142596824,0.3388005278144533,0.41323188982124337,24.562162591610104,36.149585735984154,0.0,Robust-MTD,19,case57,0.03
True,32,0.04,False,20,20,False,0,False,0.6482326808096013,0.37291997025514384,0.41323188982124337,23.250404055579565,29.74855178908911,0.0,Robust-MTD,20,case57,0.03
True,20,0.04,True,9,9,False,18,False,0.34275626328766523,0.023272801472404344,0.41323188982124337,27.438806250575,44.051220826804645,0.0,Robust-MTD,21,case57,0.03
True,46,0.04,False,20,20,False,0,False,0.6702893586489646,0.35894801681063215,0.41323188982124337,19.460647995583713,27.413141998113133,0.0,Robust-MTD,22,case57,0.03
True,42,0.04,False,20,20,False,0,False,0.6389657525546358,0.379555001523496,0.41323188982124337,22.66898324887734,30.129785081953745,0.0,Robust-MTD,23,case57,0.03
True,56,-0.04,True,3,3,False,56,True,0.2516425133699007,0.09939542511406184,0.41323188982124337,25.986120899324305,35.6078958400758,0.0,Robust-MTD,24,case57,0.03
True,53,0.04,True,6,6,False,54,False,0.2638964454037507,0.013947356174239294,0.41323188982124337,30.780158351990394,67.9701089364244,0.0,Robust-MTD,25,case57,0.03
True,48,0.04,False,20,20,False,48,True,0.0020317390433358513,0.015413935737253517,0.41323188982124337,26.27222919545602,38.3328020980116,0.0,Robust-MTD,26,case57,0.03
True,24,-0.04,True,16,16,False,29,False,0.3680374767536263,0.015085932319081709,0.41323188982124337,25.640479155117646,32.78648538980634,0.0,Robust-MTD,27,case57,0.03
True,20,0.04,False,20,20,False,18,False,0.34027731942345035,0.02388907839947916,0.41323188982124337,24.446027088561095,34.47688785090577,0.0,Robust-MTD,28,case57,0.03
True,34,-0.04,True,18,18,False,33,False,0.4874550029957391,0.08204687904274979,0.41323188982124337,31.387675044243224,61.363114620326094,0.0,Robust-MTD,29,case57,0.03
True,11,-0.04,True,1,1,False,11,True,3.8671819781197475e-10,0.004779992640294648,0.41323188982124337,30.58666875003837,50.236168742412715,0.0,Robust-MTD,30,case57,0.03
True,38,0.04,False,20,20,False,56,False,0.22162596138874846,0.093570665057209,0.41323188982124337,30.795868748100474,55.1793506165268,0.0,Robust-MTD,31,case57,0.03
True,32,0.04,False,20,20,False,0,False,0.683562811422879,0.35062477936476,0.41323188982124337,29.76226250466425,49.561343711684486,0.0,Robust-MTD,32,case57,0.03
True,15,-0.04,False,20,20,False,0,False,0.6506307807892882,0.3650138054018696,0.41323188982124337,33.39457065158058,82.46627738990355,0.0,Robust-MTD,33,case57,0.03
True,36,0.04,True,1,1,False,36,True,0.015583363383175928,0.00394050774121354,0.41323188982124337,31.18800813681446,55.2935829618946,0.0,Robust-MTD,34,case57,0.03
True,26,0.04,False,20,20,False,25,False,0.20855289816917297,0.027326246753579954,0.41323188982124337,27.157016744604334,39.08445480046794,0.0,Robust-MTD,35,case57,0.03
True,28,0.04,False,20,20,False,0,False,0.6756468266854951,0.3598442087037742,0.41323188982124337,33.51847089943476,49.21415181015626,0.0,Robust-MTD,36,case57,0.03
True,3,0.04,True,14,14,False,3,True,8.31373606134727e-10,0.012473543358778363,0.41323188982124337,30.759423002018593,41.25279403815513,0.0,Robust-MTD,37,case57,0.03
True,6,0.04,True,3,3,False,6,True,0.04311387903170443,0.012196630974890982,0.41323188982124337,30.584735434968024,50.56056515604725,0.0,Robust-MTD,38,case57,0.03
True,51,-0.04,False,20,20,False,51,True,0.673066933996349,0.16678791011779795,0.41323188982124337,30.32662714831531,47.83515690069182,0.0,Robust-MTD,39,case57,0.03
True,17,0.04,False,20,20,False,18,False,0.34053488581269353,0.023848675555510835,0.41323188982124337,25.31570824503433,40.77373121399433,0.0,Robust-MTD,40,case57,0.03
True,49,-0.04,True,12,12,False,49,True,0.002401718109393704,0.013100207412691705,0.41323188982124337,29.66114160080906,47.24387460446452,0.0,Robust-MTD,41,case57,0.03
True,19,-0.04,False,20,20,False,18,False,0.34159820164069615,0.023652428872925797,0.41323188982124337,27.598460507579148,38.28692082024646,0.0,Robust-MTD,42,case57,0.03
True,31,0.04,False,20,20,False,29,False,0.3666894010728398,0.015329510901367248,0.41323188982124337,28.455079247942194,48.79982531710994,0.0,Robust-MTD,43,case57,0.03
True,55,0.04,False,20,20,False,55,True,0.12501408125507968,0.02915657244438674,0.41323188982124337,27.89057285990566,39.68838682339993,0.0,Robust-MTD,44,case57,0.03
True,2,0.04,False,20,20,False,2,True,0.0018987744896973174,0.024983208155863437,0.41323188982124337,29.899593751179054,56.56521837809124,0.0,Robust-MTD,45,case57,0.03
True,34,-0.04,False,20,20,False,33,False,0.43176011931888875,0.07222579901160417,0.41323188982124337,27.974347898270935,35.508019090048045,0.0,Robust-MTD,46,case57,0.03
True,14,-0.04,False,20,20,False,14,True,7.012592142980248e-10,0.01587014104191292,0.41323188982124337,28.1030459998874,45.68603541993071,0.0,Robust-MTD,47,case57,0.03
True,1,0.04,False,20,20,False,0,False,0.6521449522864868,0.3720708391768254,0.41323188982124337,29.596181109081954,50.094957987312235,0.0,Robust-MTD,48,case57,0.03
True,34,-0.04,False,20,20,False,33,False,0.42375218415642346,0.05979739524051549,0.41323188982124337,30.33316874934826,53.07651427283418,0.0,Robust-MTD,49,case57,0.03
True,40,-0.04,False,20,20,False,0,False,0.7355889527049482,0.30764567498921525,0.41323188982124337,33.644714651745744,68.91024799842853,0.0,Robust-MTD,50,case57,0.03
True,27,-0.04,False,20,20,False,27,True,0.38493083612010087,0.1307999500357112,0.41323188982124337,29.00128960609436,44.467008317587904,0.0,Robust-MTD,51,case57,0.03
True,44,-0.04,False,20,20,False,37,False,0.3807007022200257,0.13489687719358034,0.41323188982124337,28.62451245309785,41.18054970749655,0.0,Robust-MTD,52,case57,0.03
True,1,0.04,False,20,20,False,0,False,0.6784168133531955,0.3532645938543311,0.41323188982124337,29.350991552928463,45.975662817363634,0.0,Robust-MTD,53,case57,0.03
True,20,-0.04,False,20,20,False,17,False,0.3428261307016517,0.023191923631875642,0.41323188982124337,31.773770900326777,55.36263125250116,0.0,Robust-MTD,54,case57,0.03
True,41,-0.04,False,20,20,False,55,False,0.040758294823689326,0.028646944650337815,0.41323188982124337,27.018685406073928,38.049447315279394,0.0,Robust-MTD,55,case57,0.03
True,25,0.04,False,20,20,False,26,False,0.21203946630556858,0.02795145231047032,0.41323188982124337,29.428322846069932,40.42586458672304,0.0,Robust-MTD,56,case57,0.03
True,33,0.04,False,20,20,False,34,False,0.40831811029236237,0.05165692622240308,0.41323188982124337,31.04778324777726,49.4024517654907,0.0,Robust-MTD,57,case57,0.03
True,42,-0.04,False,20,20,False,0,False,0.698759089452753,0.3461634791971354,0.41323188982124337,29.252254351740703,43.06190070055891,0.0,Robust-MTD,58,case57,0.03
True,21,0.04,False,20,20,False,0,False,0.656576085017199,0.36684155481328506,0.41323188982124337,34.00411454786081,62.281706216163,0.0,Robust-MTD,59,case57,0.03
True,36,-0.04,True,1,1,False,36,True,5.3181173236881354e-05,0.003937561741738494,0.41323188982124337,28.492970793740824,38.243662181776024,0.0,Robust-MTD,60,case57,0.03
True,46,0.04,False,20,20,False,0,False,0.6839117054831801,0.3471735635974962,0.41323188982124337,31.090704348753206,52.230377763044096,0.0,Robust-MTD,61,case57,0.03
True,56,0.04,False,20,20,False,38,False,0.5610919026462841,0.2170865058172329,0.41323188982124337,28.07812069368083,48.45900557702407,0.0,Robust-MTD,62,case57,0.03
True,8,-0.04,True,1,1,False,8,True,3.8671819781197475e-10,0.003924405084181856,0.41323188982124337,25.04993950133212,35.390635073417805,0.0,Robust-MTD,63,case57,0.03
True,2,0.04,False,20,20,False,2,True,0.003200198376152399,0.025162899883425762,0.41323188982124337,28.391866496531293,44.27345980366228,0.0,Robust-MTD,64,case57,0.03
True,43,0.04,False,20,20,False,43,True,0.17144161113712808,0.015587599070945871,0.41323188982124337,35.40793534484692,63.2391832972644,0.0,Robust-MTD,65,case57,0.03
True,11,0.04,True,1,1,False,11,True,3.8671819781197475e-10,0.004779992640294648,0.41323188982124337,33.30586034280714,42.69131602486598,0.0,Robust-MTD,66,case57,0.03
True,7,0.04,False,20,20,False,0,False,0.6959051056337259,0.34248767835291427,0.41323188982124337,32.045399842900224,48.27796013851185,0.0,Robust-MTD,67,case57,0.03
True,7,-0.04,False,20,20,False,0,False,0.7141716520267103,0.24869932161139469,0.41323188982124337,30.21979364566505,42.29214789811522,0.0,Robust-MTD,68,case57,0.03
True,51,-0.04,False,20,20,False,51,True,0.35143664073501735,0.05347761726609357,0.41323188982124337,27.448239547084086,38.94205031101593,0.0,Robust-MTD,69,case57,0.03
True,12,-0.04,True,1,1,False,12,True,3.8671819781197475e-10,0.0018535824727640205,0.41323188982124337,29.60935619776137,45.9367208008189,0.0,Robust-MTD,70,case57,0.03
True,17,-0.04,False,20,20,False,18,False,0.3421836522351515,0.023505914713331116,0.41323188982124337,33.465037602582015,48.84832351235674,0.0,Robust-MTD,71,case57,0.03
True,35,0.04,True,1,1,False,35,True,0.00501399050600386,0.004192281294168383,0.41323188982124337,30.56712910765782,53.44258160330355,0.0,Robust-MTD,72,case57,0.03
True,37,0.04,False,20,20,False,37,True,0.17144314083310583,0.01558773001637638,0.41323188982124337,37.7063853899017,66.36374405352404,0.0,Robust-MTD,73,case57,0.03
True,11,0.04,True,1,1,False,11,True,3.8671819781197475e-10,0.004779992640294648,0.41323188982124337,30.39559999597259,53.52906600164715,0.0,Robust-MTD,74,case57,0.03
True,43,-0.04,False,20,20,False,37,False,0.17144399019952597,0.015587809217925325,0.41323188982124337,45.31572089763358,76.62204346270308,0.0,Robust-MTD,75,case57,0.03
True,39,0.04,False,20,20,False,0,False,0.7097927025635508,0.30394659257002304,0.41323188982124337,34.36294789426029,56.41528579290025,0.0,Robust-MTD,76,case57,0.03
True,41,-0.04,False,20,20,False,41,True,0.12599109505790507,0.0281425906622604,0.41323188982124337,30.82077494764235,51.85792018601205,0.0,Robust-MTD,77,case57,0.03
True,11,-0.04,True,1,1,False,11,True,3.8671819781197475e-10,0.004779992640294648,0.41323188982124337,31.275641749380156,52.80417676840444,0.0,Robust-MTD,78,case57,0.03
True,24,0.04,True,13,13,False,24,True,0.3885960096079162,0.017114173744237387,0.41323188982124337,35.36883130436763,77.82195477338973,0.0,Robust-MTD,79,case57,0.03
True,26,-0.04,False,20,20,False,26,True,0.2126411322536508,0.028070602734935987,0.41323188982124337,28.05384369858075,38.54212530422957,0.0,Robust-MTD,80,case57,0.03
True,37,0.04,False,20,20,False,43,False,0.1714416010099948,0.01558759843118739,0.41323188982124337,30.956468597287312,48.1715514411917,0.0,Robust-MTD,81,case57,0.03
True,26,-0.04,False,20,20,False,26,True,0.23756988797811984,0.03393730590783154,0.41323188982124337,31.816614489071068,74.27684552676511,0.0,Robust-MTD,82,case57,0.03
True,20,-0.04,False,20,20,False,18,False,0.3405052086295297,0.023853591234199147,0.41323188982124337,31.724935345118865,48.65320622047876,0.0,Robust-MTD,83,case57,0.03
True,54,0.04,False,20,20,False,54,True,0.2747886991539668,0.016989696077872277,0.41323188982124337,29.869439540198073,54.18531186005569,0.0,Robust-MTD,84,case57,0.03
True,31,0.04,False,20,20,False,29,False,0.3585436198435387,0.01481144361640512,0.41323188982124337,35.11571054987144,75.42319556814621,0.0,Robust-MTD,85,case57,0.03
True,28,0.04,False,20,20,False,0,False,0.6673051205746963,0.353789207449159,0.41323188982124337,35.27977910125628,48.74108089134101,0.0,Robust-MTD,86,case57,0.03
True,26,-0.04,False,20,20,False,25,False,0.18923971834225622,0.024448880730271044,0.41323188982124337,32.416012554313056,63.50900003162678,0.0,Robust-MTD,87,case57,0.03
True,17,-0.04,False,20,20,False,17,True,0.3428662308024743,0.023067231470174105,0.41323188982124337,37.285389605676755,70.62081730982757,0.0,Robust-MTD,88,case57,0.03
True,55,-0.04,False,20,20,False,55,True,0.11459648859309908,0.028701618463446925,0.41323188982124337,40.24190625350457,80.70571490679868,0.0,Robust-MTD,89,case57,0.03
True,11,0.04,True,1,1,False,11,True,3.8671819781197475e-10,0.004779992640294648,0.41323188982124337,32.54551878781058,71.36339413991665,0.0,Robust-MTD,90,case57,0.03
True,48,-0.04,False,20,20,False,48,True,0.0553608449541648,0.015364541995777824,0.41323188982124337,31.730764647363685,51.64871278102513,0.0,Robust-MTD,91,case57,0.03
True,50,-0.04,False,20,20,False,0,False,0.655099353433725,0.36390714251517,0.41323188982124337,34.83727284765337,66.75722431973554,0.0,Robust-MTD,92,case57,0.03
True,53,-0.04,False,20,20,False,54,False,0.25450528593756233,0.014475806888752281,0.41323188982124337,30.974920990411192,53.371940209763146,0.0,Robust-MTD,93,case57,0.03
True,43,0.04,False,20,20,False,37,False,0.17144161539045674,0.015587599356004015,0.41323188982124337,38.77045634726528,97.88810066529551,0.0,Robust-MTD,94,case57,0.03
True,40,-0.04,False,20,20,False,0,False,0.6347830527604217,0.3799503116870697,0.41323188982124337,29.752058448502794,41.30347323953174,0.0,Robust-MTD,95,case57,0.03
True,10,-0.04,True,6,6,False,10,True,3.8671819781202387e-10,0.008806607052619337,0.41323188982124337,37.14205210853834,58.252714580157786,0.0,Robust-MTD,96,case57,0.03
True,14,0.04,True,16,16,False,14,True,1.2631208869200407e-09,0.01587014107687244,0.41323188982124337,30.470245858305134,39.75684587203432,0.0,Robust-MTD,97,case57,0.03
True,53,-0.04,True,4,4,False,53,True,0.2715921227585247,0.012756709805672537,0.41323188982124337,38.96570210054051,77.21449338132516,0.0,Robust-MTD,98,case57,0.03
True,49,-0.04,False,20,20,False,49,True,0.003121461603663321,0.01312300461508221,0.41323188982124337,38.51903334725648,58.79052496165969,0.0,Robust-MTD,99,case57,0.03
True,56,0.04,False,20,20,False,0,False,0.7360044540603106,0.29206028709037607,0.41323188982124337,28.287383404676802,36.66333720320836,0.0,Robust-MTD,100,case57,0.03
True,17,-0.04,True,15,15,False,20,False,0.3379481745216245,0.022131413995412855,0.41323188982124337,32.07636260485742,48.38742744468619,0.0,Robust-MTD,101,case57,0.03
True,12,0.04,True,1,1,False,12,True,3.8671819781197475e-10,0.0018535824727640205,0.41323188982124337,28.967579008894973,35.165716047049514,0.0,Robust-MTD,102,case57,0.03
True,48,-0.04,False,20,20,False,48,True,0.11978617887546938,0.01502253911997307,0.41323188982124337,37.54042079381179,56.21340561192485,0.0,Robust-MTD,103,case57,0.03
True,31,0.04,False,20,20,False,29,False,0.352368623383796,0.014228084918445244,0.41323188982124337,34.79204163886607,54.58282258186957,0.0,Robust-MTD,104,case57,0.03
True,31,0.04,False,20,20,False,24,False,0.37326449124953487,0.015488187135920789,0.41323188982124337,41.3697354553733,69.31294232781511,0.0,Robust-MTD,105,case57,0.03
True,41,-0.04,False,20,20,False,41,True,0.13936309174658515,0.027448680984898267,0.41323188982124337,43.72070215467829,85.45163750241048,0.0,Robust-MTD,106,case57,0.03
True,16,-0.04,False,20,20,False,0,False,0.6606451384057126,0.3649751981599555,0.41323188982124337,40.28017699893098,61.76945414335933,0.0,Robust-MTD,107,case57,0.03
True,20,0.04,False,20,20,False,20,True,0.3249381225464677,0.02131783402748937,0.41323188982124337,34.86508324567694,47.24066875351127,0.0,Robust-MTD,108,case57,0.03
True,50,0.04,False,20,20,False,50,True,0.41660673638175016,0.09667365745803733,0.41323188982124337,38.32029575423803,65.42867292009763,0.0,Robust-MTD,109,case57,0.03
True,17,0.04,True,7,7,False,18,False,0.3421950653641336,0.023505134405472417,0.41323188982124337,39.71892709378153,55.57844581198883,0.0,Robust-MTD,110,case57,0.03
True,41,0.04,False,20,20,False,41,True,0.02111670797689059,0.026585147414188215,0.41323188982124337,38.81033545185346,55.41126281314068,0.0,Robust-MTD,111,case57,0.03
True,15,0.04,True,0,0,False,0,False,0.6908259693630342,0.3470728941593454,0.41323188982124337,33.34330204525031,51.39271458901932,0.0,Robust-MTD,112,case57,0.03
True,12,-0.04,True,1,1,False,12,True,3.8671819781197475e-10,0.0018535824727640205,0.41323188982124337,31.461806246079504,50.998239603359266,0.0,Robust-MTD,113,case57,0.03
True,33,-0.04,False,20,20,False,0,False,0.7016420915971329,0.234143401739757,0.41323188982124337,34.89506265614182,58.959640163811855,0.0,Robust-MTD,114,case57,0.03
True,8,0.04,True,1,1,False,8,True,3.8671819781197475e-10,0.003924405084181856,0.41323188982124337,40.075214495300315,72.19005004444631,0.0,Robust-MTD,115,case57,0.03
True,16,-0.04,False,20,20,False,0,False,0.670939152353186,0.3593235058537475,0.41323188982124337,50.530293650808744,118.76763091422619,0.0,Robust-MTD,116,case57,0.03
True,46,-0.04,False,20,20,False,0,False,0.6752314231426639,0.3459216947840791,0.41323188982124337,37.31789784214925,62.88554759230466,0.0,Robust-MTD,117,case57,0.03
True,8,-0.04,True,1,1,False,8,True,3.8671819781197486e-10,0.003924405084181856,0.41323188982124337,36.34187493880745,83.51259821793066,0.0,Robust-MTD,118,case57,0.03
True,20,0.04,False,20,20,False,18,False,0.34058772840864926,0.023841125035108324,0.41323188982124337,43.47682514344342,84.36627530318219,0.0,Robust-MTD,119,case57,0.03
True,52,-0.04,True,4,4,False,53,False,0.2717286288736753,0.012886894779315648,0.41323188982124337,35.90335835469887,51.69542741496119,0.0,Robust-MTD,120,case57,0.03
True,9,-0.04,False,20,20,False,9,True,0.1620834349962017,0.04946313112182442,0.41323188982124337,38.7756394513417,57.39501667267183,0.0,Robust-MTD,121,case57,0.03
True,21,0.04,False,20,20,False,0,False,0.6637190138735567,0.3660085834622918,0.41323188982124337,36.08498334651813,49.81394165661188,0.0,Robust-MTD,122,case57,0.03
True,43,0.04,False,20,20,False,37,False,0.17144231937128326,0.01558765665536906,0.41323188982124337,35.33018535235897,45.05290835513735,0.0,Robust-MTD,123,case57,0.03
True,18,-0.04,True,9,9,False,18,True,0.3414226175752822,0.023694432476733033,0.41323188982124337,37.144239695044234,71.20996008161457,0.0,Robust-MTD,124,case57,0.03
True,38,-0.04,False,20,20,False,0,False,0.6728714579594731,0.3456632144351008,0.41323188982124337,33.93159165570978,56.09061491268222,0.0,Robust-MTD,125,case57,0.03
True,47,-0.04,False,20,20,False,0,False,0.7131883991546399,0.2775428722566101,0.41323188982124337,36.84205210302025,57.22483540885154,0.0,Robust-MTD,126,case57,0.03
True,51,-0.04,False,20,20,False,33,False,0.6869497578465354,0.17766106560049913,0.41323188982124337,37.65817920793779,80.42381733830553,0.0,Robust-MTD,127,case57,0.03
True,23,0.04,True,0,0,False,0,False,0.684123211581173,0.34549085652233047,0.41323188982124337,40.96119170426391,75.46708369336561,0.0,Robust-MTD,128,case57,0.03
True,40,0.04,True,15,15,False,50,False,0.6461841048950919,0.2542991781418458,0.41323188982124337,38.78453744982835,90.62210593256171,0.0,Robust-MTD,129,case57,0.03
True,20,-0.04,False,20,20,False,20,True,0.3418716011472581,0.022663835888694507,0.41323188982124337,37.33985220605973,72.90981876139996,0.0,Robust-MTD,130,case57,0.03
True,51,-0.04,False,20,20,False,0,False,0.6463972768894538,0.29125624424204877,0.41323188982124337,42.55052710068412,64.88782052183524,0.0,Robust-MTD,131,case57,0.03
True,26,0.04,True,15,15,False,25,False,0.19642525880164455,0.02540177265397945,0.41323188982124337,49.18019380129408,127.87509137415329,0.0,Robust-MTD,132,case57,0.03
True,43,-0.04,True,7,7,False,37,False,0.1714416460246983,0.015587601509205386,0.41323188982124337,38.60802709823474,79.17318925028667,0.0,Robust-MTD,133,case57,0.03
True,54,-0.04,False,20,20,False,54,True,0.2561935464983769,0.016506478798474014,0.41323188982124337,36.800243746256456,52.78167498472614,0.0,Robust-MTD,134,case57,0.03
True,32,0.04,False,20,20,False,0,False,0.6827395228236997,0.3527986445554461,0.41323188982124337,31.25933965202421,59.41447531804444,0.0,Robust-MTD,135,case57,0.03
True,47,0.04,False,20,20,False,0,False,0.7100899151240078,0.2883257045054603,0.41323188982124337,34.61473125498742,64.55451488145627,0.0,Robust-MTD,136,case57,0.03
True,51,0.04,True,2,2,False,0,False,0.7122131394922406,0.3177106575504644,0.41323188982124337,41.5341895975871,82.07279997877777,0.0,Robust-MTD,137,case57,0.03
True,53,0.04,True,1,1,False,54,False,0.2548302347097094,0.01444729244279537,0.41323188982124337,38.116923050256446,52.138989302329726,0.0,Robust-MTD,138,case57,0.03
True,54,0.04,False,20,20,False,54,True,0.26217050119411417,0.016721704878922414,0.41323188982124337,33.21866454789415,42.85889545863029,0.0,Robust-MTD,139,case57,0.03
True,20,0.04,False,20,20,False,18,False,0.3390364330912286,0.024060592473808966,0.41323188982124337,34.86205624649301,52.85252917383333,0.0,Robust-MTD,140,case57,0.03
True,52,0.04,True,17,17,False,54,False,0.2587436293366495,0.014253122297125352,0.41323188982124337,36.316339642507955,62.06313333241271,0.0,Robust-MTD,141,case57,0.03
True,10,0.04,True,13,13,False,10,True,3.867181428923377e-10,0.00880660705261934,0.41323188982124337,34.84644161071628,72.41900057997555,0.0,Robust-MTD,142,case57,0.03
True,12,-0.04,True,1,1,False,12,True,3.8671819781197475e-10,0.0018535824727640205,0.41323188982124337,37.64511050248984,61.678306607063874,0.0,Robust-MTD,143,case57,0.03
True,10,0.04,True,9,9,False,10,True,3.8671819781197755e-10,0.008806607052619337,0.41323188982124337,35.11807920585852,57.767858292209,0.0,Robust-MTD,144,case57,0.03
True,11,-0.04,True,1,1,False,11,True,3.86718197811975e-10,0.004779992640294648,0.41323188982124337,37.55576049443334,79.27324645279442,0.0,Robust-MTD,145,case57,0.03
True,25,-0.04,True,9,9,False,26,False,0.19387593395218597,0.02504818295552833,0.41323188982124337,37.11871879349928,52.233210767735734,0.0,Robust-MTD,146,case57,0.03
True,36,0.04,True,1,1,False,36,True,0.00023255629322032988,0.003937580452746409,0.41323188982124337,34.21835014305543,50.8562705363147,0.0,Robust-MTD,147,case57,0.03
True,44,-0.04,False,20,20,False,0,False,0.6989832310688039,0.34074981327072895,0.41323188982124337,37.497989588882774,53.656068415148205,0.0,Robust-MTD,148,case57,0.03
True,24,0.04,True,7,7,False,24,True,0.3851801582427945,0.01713984211416356,0.41323188982124337,35.731862450484186,49.55508924322203,0.0,Robust-MTD,149,case57,0.03
True,3,0.04,True,1,1,False,3,True,5.091334523552891e-09,0.012473543361483009,0.41323188982124337,42.36045624711551,111.1711041565286,0.0,Robust-MTD,150,case57,0.03
True,42,0.04,False,20,20,False,0,False,0.6920116154767018,0.32665400640878695,0.41323188982124337,32.92375204327982,47.66537260438784,0.0,Robust-MTD,151,case57,0.03
True,23,0.04,False,20,20,False,0,False,0.7113375829351741,0.2844319415813623,0.41323188982124337,33.4097978513455,41.767170501407236,0.0,Robust-MTD,152,case57,0.03
True,45,0.04,False,20,20,False,45,True,3.8671808797301165e-10,0.02539256592849184,0.41323188982124337,41.518300052848645,61.025421490194276,0.0,Robust-MTD,153,case57,0.03
True,24,-0.04,True,15,15,False,29,False,0.3838550574751951,0.016871502880654195,0.41323188982124337,36.91712924046442,58.721418728237055,0.0,Robust-MTD,154,case57,0.03
True,22,-0.04,False,20,20,False,0,False,0.7227609069763352,0.2534851446210824,0.41323188982124337,38.371077048941515,65.07175804581495,0.0,Robust-MTD,155,case57,0.03
True,23,0.04,False,20,20,False,0,False,0.6481817542634849,0.373929510265387,0.41323188982124337,34.76041244866792,46.44674850569572,0.0,Robust-MTD,156,case57,0.03
True,54,0.04,False,20,20,False,54,True,0.3025600470903772,0.017903490122815603,0.41323188982124337,38.3549978985684,64.12611701234711,0.0,Robust-MTD,157,case57,0.03
True,33,-0.04,False,20,20,False,33,True,0.5786817257978565,0.10745100817952119,0.41323188982124337,37.20340005529579,52.042867013369694,0.0,Robust-MTD,158,case57,0.03
True,39,-0.04,False,20,20,False,0,False,0.6454723263216642,0.3709687440491638,0.41323188982124337,39.77475210267585,69.34766521444546,0.0,Robust-MTD,159,case57,0.03
False,0,0.0,False,20,20,False,0,True,0.6694677016703996,0.35801655596113857,0.41323188982124337,40.25005209550727,61.16199614771178,0.0,Robust-MTD,160,case57,0.03
False,0,0.0,False,20,20,False,0,True,0.6875440100893732,0.35305358510770235,0.41323188982124337,33.512414488359354,56.591341309831485,0.0,Robust-MTD,161,case57,0.03
False,0,0.0,False,20,20,False,0,True,0.6640755731870024,0.36012386783190103,0.41323188982124337,37.434318897430785,62.144412822090096,0.0,Robust-MTD,162,case57,0.03
False,0,0.0,False,20,20,False,0,True,0.6750811334247836,0.3246308822774332,0.41323188982124337,32.64486024272628,52.01853298640345,0.0,Robust-MTD,163,case57,0.03
False,0,0.0,False,20,20,False,0,True,0.6968735136752149,0.34308591480883094,0.41323188982124337,33.20726874808315,71.7067353980383,0.0,Robust-MTD,164,case57,0.03
False,0,0.0,False,20,20,False,0,True,0.7156785865109683,0.2875911805542116,0.41323188982124337,35.76171889726538,54.159989912295735,0.0,Robust-MTD,165,case57,0.03
False,0,0.0,False,20,20,False,0,True,0.6535778384773187,0.3697163761848462,0.41323188982124337,32.79882080387324,50.773052126169226,0.0,Robust-MTD,166,case57,0.03
False,0,0.0,False,20,20,False,0,True,0.6756567847708037,0.3343730425378949,0.41323188982124337,37.572301996988244,57.44888991175685,0.0,Robust-MTD,167,case57,0.03
False,0,0.0,False,20,20,False,0,True,0.670812608752658,0.2993375203864442,0.41323188982124337,33.50980419199914,44.726989886839924,0.0,Robust-MTD,168,case57,0.03
False,0,0.0,False,20,20,False,0,True,0.6858803604040203,0.3521171035357936,0.41323188982124337,35.715320747112855,91.52830862440169,0.0,Robust-MTD,169,case57,0.03
False,0,0.0,False,20,20,False,0,True,0.717188585499229,0.2800579325131982,0.41323188982124337,42.24240009789355,79.94562918902379,0.0,Robust-MTD,170,case57,0.03
False,0,0.0,False,20,20,False,0,True,0.7118429306934853,0.3356272816279542,0.41323188982124337,34.89310214645229,48.6183874687413,0.0,Robust-MTD,171,case57,0.03
False,0,0.0,False,20,20,False,0,True,0.6588126059201604,0.36734861050029705,0.41323188982124337,32.903835392789915,47.98434792028275,0.0,Robust-MTD,172,case57,0.03
False,0,0.0,False,20,20,False,0,True,0.7429393103440303,0.3037126911207724,0.41323188982124337,38.24791859660763,75.65783509344331,0.0,Robust-MTD,173,case57,0.03
False,0,0.0,False,20,20,False,0,True,0.6756700561730478,0.358044918021056,0.41323188982124337,36.44456035399344,53.80771633354024,0.0,Robust-MTD,174,case57,0.03
False,0,0.0,False,20,20,False,0,True,0.7182037412015659,0.31816429956725023,0.41323188982124337,39.274612508597784,70.20374760322743,0.0,Robust-MTD,175,case57,0.03
False,0,0.0,False,20,20,False,2,False,0.4991223554775584,0.19438914003754496,0.41323188982124337,34.652281389571726,60.838420820073274,0.0,Robust-MTD,176,case57,0.03
False,0,0.0,False,20,20,False,0,True,0.6635529370246669,0.33896483693961577,0.41323188982124337,34.20454379520379,50.97711078124126,0.0,Robust-MTD,177,case57,0.03
False,0,0.0,False,20,20,False,0,True,0.6905243413173956,0.3281930714987209,0.41323188982124337,33.501687602256425,59.581720829010024,0.0,Robust-MTD,178,case57,0.03
False,0,0.0,False,20,20,False,0,True,0.6581119842103066,0.36770418512584274,0.41323188982124337,39.975423051510006,69.19428779219749,0.0,Robust-MTD,179,case57,0.03
False,0,0.0,False,20,20,False,0,True,0.671451130038788,0.3614863956778427,0.41323188982124337,35.625693801557645,58.28104170213921,0.0,Robust-MTD,180,case57,0.03
False,0,0.0,False,20,20,False,0,True,0.6408671804887021,0.37671380516256336,0.41323188982124337,36.36039585690014,46.65949202608317,0.0,Robust-MTD,181,case57,0.03
False,0,0.0,False,20,20,False,0,True,0.6945633113168609,0.34256378024526535,0.41323188982124337,37.545362347736955,69.86156008497348,0.0,Robust-MTD,182,case57,0.03
False,0,0.0,False,20,20,False,0,True,0.7176764547644919,0.31904469077339204,0.41323188982124337,36.55561879859306,56.66053574823311,0.0,Robust-MTD,183,case57,0.03
False,0,0.0,True,11,11,True,0,True,0.6926735988763748,0.3489331501847415,0.41323188982124337,29.838443646440282,40.98183781025001,0.0,Robust-MTD,184,case57,0.03
False,0,0.0,False,20,20,False,0,True,0.7234749236330748,0.3231880414703931,0.41323188982124337,35.85155215114355,46.19473180791829,0.0,Robust-MTD,185,case57,0.03
False,0,0.0,False,20,20,False,0,True,0.6595536987862048,0.3691251389618536,0.41323188982124337,33.24796455272008,51.63688778993675,0.0,Robust-MTD,186,case57,0.03
False,0,0.0,False,20,20,False,0,True,0.7211317718683713,0.3034971423747267,0.41323188982124337,38.88403965393081,72.48137291753666,0.0,Robust-MTD,187,case57,0.03
False,0,0.0,False,20,20,False,0,True,0.6789522248819047,0.3582414324530877,0.41323188982124337,31.262520898599178,55.00014191784431,0.0,Robust-MTD,188,case57,0.03
False,0,0.0,False,20,20,False,0,True,0.7143167035023708,0.33092629662790485,0.41323188982124337,20.470927152200602,24.41650835098699,0.0,Robust-MTD,189,case57,0.03
False,0,0.0,False,20,20,False,0,True,0.7059862596819966,0.33327270547750837,0.41323188982124337,33.986614644527435,58.7239430693444,0.0,Robust-MTD,190,case57,0.03
False,0,0.0,False,20,20,False,0,True,0.7070956777043644,0.32999355972966804,0.41323188982124337,30.860325004323386,42.54849823191764,0.0,Robust-MTD,191,case57,0.03
False,0,0.0,False,20,20,False,0,True,0.6780116584334321,0.35712738135917144,0.41323188982124337,38.00080810615327,58.501229097601076,0.0,Robust-MTD,192,case57,0.03
False,0,0.0,False,20,20,False,27,False,0.6226071757920121,0.21964643193648828,0.41323188982124337,30.364039554842748,41.869885081541725,0.0,Robust-MTD,193,case57,0.03
False,0,0.0,True,7,7,True,0,True,0.6675633640198598,0.35757733829309724,0.41323188982124337,18.328539555659518,22.363475352176465,0.0,Robust-MTD,194,case57,0.03
False,0,0.0,False,20,20,False,0,True,0.664013747865706,0.36485686463961053,0.41323188982124337,35.41123109462205,71.39677537488753,0.0,Robust-MTD,195,case57,0.03
False,0,0.0,False,20,20,False,0,True,0.6676145235173074,0.3641222187961748,0.41323188982124337,20.93435404531192,25.030304151005115,0.0,Robust-MTD,196,case57,0.03
False,0,0.0,False,20,20,False,0,True,0.7275987963230921,0.3221393282155401,0.41323188982124337,40.91332504758611,92.13560445932673,0.0,Robust-MTD,197,case57,0.03
False,0,0.0,False,20,20,False,0,True,0.689717846055122,0.34283215470834216,0.41323188982124337,19.574652099981904,23.147806242923256,0.0,Robust-MTD,198,case57,0.03
False,0,0.0,False,20,20,False,0,True,0.6337527902201924,0.38063304523234326,0.41323188982124337,10.627773101441562,12.568191718310118,0.0,Robust-MTD,199,case57,0.03
