attack_flag,h_true,c_true,detected,tau_detect,tau_detect_censored,false_alarm,h_hat_final,id_correct,final_entropy,final_ampvar,cumulative_act_cost,planner_runtime_ms_mean,planner_runtime_ms_p95,max_hide_error,algorithm,episode_id,case,attack_mag
True,26,-0.01,False,20,20,False,0,False,0.5971817734840822,0.33910308517990767,0.6449621867960693,24.980731357936747,31.924516920116734,0.0,HMTD-MDE,0,case57,0.01
True,49,-0.01,False,20,20,False,0,False,0.6148040859649554,0.2912114870069527,0.6449621867960693,30.910435449914075,62.24785415397493,0.0,HMTD-MDE,1,case57,0.01
True,53,-0.01,False,20,20,False,51,False,0.21159852930051135,0.019040824453965106,0.6449621867960693,27.135183199425228,35.415660424041576,0.0,HMTD-MDE,2,case57,0.01
True,37,0.01,False,20,20,False,44,False,0.22042558007712787,0.05587222866392053,0.6449621867960693,31.414749997202307,47.338195849442876,0.0,HMTD-MDE,3,case57,0.01
True,46,0.01,True,17,17,False,0,False,0.5722160171394135,0.36375297565990977,0.6449621867960693,38.51119805476628,71.58002500073054,0.0,HMTD-MDE,4,case57,0.01
True,17,0.01,False,20,20,False,0,False,0.6160272835363132,0.32748999888159824,0.6449621867960693,24.04565204924438,31.891195874777623,0.0,HMTD-MDE,5,case57,0.01
True,24,0.01,False,20,20,False,31,False,0.44366824937505617,0.025830367349564728,0.6449621867960693,27.355735350283794,37.42908926506062,0.0,HMTD-MDE,6,case57,0.01
True,3,0.01,False,20,20,False,2,False,0.13945106171758134,0.004655346252342828,0.6449621867960693,29.425151995383203,46.15024343947883,0.0,HMTD-MDE,7,case57,0.01
True,8,-0.01,True,1,1,False,8,True,3.8671819781197475e-10,0.00028489480589777717,0.6449621867960693,34.99060834583361,72.77586701093244,0.0,HMTD-MDE,8,case57,0.01
True,22,0.01,False,20,20,False,17,False,0.6073898348672523,0.22062113072834327,0.6449621867960693,34.923997905571014,47.16902051004582,0.0,HMTD-MDE,9,case57,0.01
True,29,-0.01,False,20,20,False,33,False,0.6301479356815944,0.19774670488994206,0.6449621867960693,24.057239695684984,30.86732140218374,0.0,HMTD-MDE,10,case57,0.01
True,28,-0.01,False,20,20,False,0,False,0.6340678919003238,0.29619743748179084,0.6449621867960693,26.199589445604943,34.02994160715025,0.0,HMTD-MDE,11,case57,0.01
True,8,0.01,True,1,1,False,8,True,3.8671819781197475e-10,0.00028489480589777717,0.6449621867960693,32.78980014147237,67.92943367618139,0.0,HMTD-MDE,12,case57,0.01
True,28,-0.01,False,20,20,False,0,False,0.5374072731085942,0.378745864239567,0.6449621867960693,25.82274364249315,41.201669035945095,0.0,HMTD-MDE,13,case57,0.01
True,22,0.01,False,20,20,False,0,False,0.6050241339702697,0.34711342894626146,0.6449621867960693,27.566325094085187,39.58634403243195,0.0,HMTD-MDE,14,case57,0.01
True,26,0.01,False,20,20,False,0,False,0.577054473212722,0.3458785136674698,0.6449621867960693,23.025739661534317,30.574927112320438,0.0,HMTD-MDE,15,case57,0.01
True,40,-0.01,False,20,20,False,40,True,0.039569832841218164,0.018151601103092826,0.6449621867960693,25.33505215542391,34.598339241347276,0.0,HMTD-MDE,16,case57,0.01
True,1,-0.01,False,20,20,False,0,False,0.6452997281716862,0.3303421736051846,0.6449621867960693,24.747060443041846,35.29737355711406,0.0,HMTD-MDE,17,case57,0.01
True,37,-0.01,False,20,20,False,44,False,0.2120510003574635,0.05783926325789721,0.6449621867960693,27.142260497203097,36.011314878123834,0.0,HMTD-MDE,18,case57,0.01
True,42,-0.01,False,20,20,False,42,True,0.38236933100737286,0.14508496142705207,0.6449621867960693,30.863566751941107,54.7483669477515,0.0,HMTD-MDE,19,case57,0.01
True,32,0.01,False,20,20,False,0,False,0.5467974402758007,0.3737548756766422,0.6449621867960693,24.88911660038866,31.201183388475336,0.0,HMTD-MDE,20,case57,0.01
True,20,0.01,False,20,20,False,17,False,0.266872356619585,0.03414640463856595,0.6449621867960693,28.50482905341778,43.574973224895096,0.0,HMTD-MDE,21,case57,0.01
True,46,0.01,False,20,20,False,0,False,0.5575519956930958,0.367746218229765,0.6449621867960693,30.729918699944392,64.69486633432098,0.0,HMTD-MDE,22,case57,0.01
True,42,0.01,False,20,20,False,0,False,0.5787714050177056,0.3422541451691412,0.6449621867960693,37.42411870334763,85.31056943174922,0.0,HMTD-MDE,23,case57,0.01
True,56,-0.01,True,3,3,False,0,False,0.6460410086656164,0.3035204037313505,0.6449621867960693,31.115272897295654,52.23517671984155,0.0,HMTD-MDE,24,case57,0.01
True,53,0.01,False,20,20,False,51,False,0.1579531553458851,0.02484223849093927,0.6449621867960693,30.13749794336036,48.67407119891141,0.0,HMTD-MDE,25,case57,0.01
True,48,0.01,False,20,20,False,49,False,0.1883601714057174,0.010631881050761894,0.6449621867960693,36.18347295850981,54.93736878852363,0.0,HMTD-MDE,26,case57,0.01
True,24,-0.01,False,20,20,False,33,False,0.4398958801706536,0.028604546533907177,0.6449621867960693,37.33396650641225,81.92434965749273,0.0,HMTD-MDE,27,case57,0.01
True,20,0.01,False,20,20,False,17,False,0.22867569654113168,0.03539101714671081,0.6449621867960693,31.927462396561168,73.47422946768347,0.0,HMTD-MDE,28,case57,0.01
True,34,-0.01,True,18,18,False,0,False,0.6854156725972281,0.29157684423055963,0.6449621867960693,29.370943846879527,38.47639173618519,0.0,HMTD-MDE,29,case57,0.01
True,11,-0.01,True,1,1,False,11,True,3.8671819781197475e-10,0.0002955651145503168,0.6449621867960693,37.450852105394006,88.32150177622681,0.0,HMTD-MDE,30,case57,0.01
True,38,0.01,False,20,20,False,0,False,0.5831593481934032,0.35535959960946595,0.6449621867960693,34.212672847206704,64.72693719551901,0.0,HMTD-MDE,31,case57,0.01
True,32,0.01,False,20,20,False,0,False,0.5879016679549589,0.3534937137711325,0.6449621867960693,38.52886039821897,84.3945937289391,0.0,HMTD-MDE,32,case57,0.01
True,15,-0.01,False,20,20,False,0,False,0.5697134041143389,0.37038809025153197,0.6449621867960693,36.88536465342622,81.37402923312042,0.0,HMTD-MDE,33,case57,0.01
True,36,0.01,True,1,1,False,36,True,0.15128114154418204,0.000842643780288468,0.6449621867960693,40.352881493163295,97.51784342515748,0.0,HMTD-MDE,34,case57,0.01
True,26,0.01,False,20,20,False,0,False,0.5530102203460304,0.37041049710601626,0.6449621867960693,30.780760548077524,47.37951073911972,0.0,HMTD-MDE,35,case57,0.01
True,28,0.01,False,20,20,False,27,False,0.15000606174446834,0.03072110671073107,0.6449621867960693,34.89962285384536,67.77333335776348,0.0,HMTD-MDE,36,case57,0.01
True,3,0.01,True,14,14,False,3,True,0.12457725321065699,0.003800073436362795,0.6449621867960693,34.466643843916245,79.43259642925115,0.0,HMTD-MDE,37,case57,0.01
True,6,0.01,False,20,20,False,6,True,8.117238451575753e-05,0.0023632648951130613,0.6449621867960693,36.21123134798836,54.123346458072774,0.0,HMTD-MDE,38,case57,0.01
True,51,-0.01,False,20,20,False,0,False,0.6385809510322776,0.2419381290881554,0.6449621867960693,38.57864804449491,48.68495414557402,0.0,HMTD-MDE,39,case57,0.01
True,17,0.01,False,20,20,False,0,False,0.583593808554859,0.35938597499910263,0.6449621867960693,45.771816655178554,97.37091634306127,0.0,HMTD-MDE,40,case57,0.01
True,49,-0.01,True,12,12,False,49,True,0.06744494119887585,0.014438074477614353,0.6449621867960693,35.69302909891121,58.93224519968504,0.0,HMTD-MDE,41,case57,0.01
True,19,-0.01,False,20,20,False,17,False,0.2206300755950508,0.037059951064711355,0.6449621867960693,42.979454100714065,81.81018151517492,0.0,HMTD-MDE,42,case57,0.01
True,31,0.01,False,20,20,False,0,False,0.5827776644101851,0.34979193528901054,0.6449621867960693,33.919189806329086,45.952762209344655,0.0,HMTD-MDE,43,case57,0.01
True,55,0.01,True,8,8,False,40,False,8.852846921581382e-05,0.011286109674135429,0.6449621867960693,37.013010354712605,55.64433182298672,0.0,HMTD-MDE,44,case57,0.01
True,2,0.01,False,20,20,False,2,True,0.08243800245512783,0.0048863831606701805,0.6449621867960693,35.76305430615321,50.77320801792673,0.0,HMTD-MDE,45,case57,0.01
True,34,-0.01,False,20,20,False,0,False,0.6567105175434107,0.30132633413337867,0.6449621867960693,29.967097807093523,44.77426665544047,0.0,HMTD-MDE,46,case57,0.01
True,14,-0.01,False,20,20,False,14,True,0.00021888528715128993,0.007616293820666657,0.6449621867960693,36.91722505609505,89.44403334753588,0.0,HMTD-MDE,47,case57,0.01
True,1,0.01,False,20,20,False,0,False,0.570586590248216,0.3328804791283697,0.6449621867960693,37.04545625078026,49.65545767627192,0.0,HMTD-MDE,48,case57,0.01
True,34,-0.01,False,20,20,False,0,False,0.6499419659512977,0.2725388174875954,0.6449621867960693,36.36597920267377,52.06622739788145,0.0,HMTD-MDE,49,case57,0.01
True,40,-0.01,False,20,20,False,40,True,0.26507180518934437,0.08133701320731185,0.6449621867960693,35.546512648579665,84.06074410886504,0.0,HMTD-MDE,50,case57,0.01
True,27,-0.01,False,20,20,False,0,False,0.6129433495806152,0.33406145991540764,0.6449621867960693,31.283489638008177,45.45563333667819,0.0,HMTD-MDE,51,case57,0.01
True,44,-0.01,False,20,20,False,0,False,0.5739828629732633,0.35905743798005635,0.6449621867960693,35.40771474945359,92.42160206777046,0.0,HMTD-MDE,52,case57,0.01
True,1,0.01,False,20,20,False,0,False,0.5870845922880823,0.3392498204129303,0.6449621867960693,27.79768555483315,39.33827921864577,0.0,HMTD-MDE,53,case57,0.01
True,20,-0.01,False,20,20,False,17,False,0.24670667865423807,0.03493090973961768,0.6449621867960693,34.54977064684499,61.91772318270526,0.0,HMTD-MDE,54,case57,0.01
True,41,-0.01,True,1,1,False,40,False,0.06805781932299178,0.010539161079377786,0.6449621867960693,29.30839585023932,38.98513300518971,0.0,HMTD-MDE,55,case57,0.01
True,25,0.01,False,20,20,False,0,False,0.6248233790150685,0.30387106324923313,0.6449621867960693,34.206360357347876,72.80628182052169,0.0,HMTD-MDE,56,case57,0.01
True,33,0.01,False,20,20,False,0,False,0.5906176191370748,0.35554518325190665,0.6449621867960693,34.066127199912444,68.76444342196923,0.0,HMTD-MDE,57,case57,0.01
True,42,-0.01,False,20,20,False,0,False,0.5869317156647247,0.35221498274869545,0.6449621867960693,35.90096250991337,45.55821008107159,0.0,HMTD-MDE,58,case57,0.01
True,21,0.01,False,20,20,False,0,False,0.555288972956192,0.37068602666530415,0.6449621867960693,33.91975620179437,51.17239728278947,0.0,HMTD-MDE,59,case57,0.01
True,36,-0.01,True,1,1,False,36,True,0.007735166461715872,0.0008647968413432631,0.6449621867960693,37.97728759527672,89.10416905127936,0.0,HMTD-MDE,60,case57,0.01
True,46,0.01,False,20,20,False,0,False,0.578507952366409,0.3609536732621784,0.6449621867960693,34.70394160540309,57.212764557334665,0.0,HMTD-MDE,61,case57,0.01
True,56,0.01,False,20,20,False,0,False,0.6178102387748454,0.27110690519648006,0.6449621867960693,33.54674380098004,49.99640894529876,0.0,HMTD-MDE,62,case57,0.01
True,8,-0.01,True,1,1,False,8,True,3.8671819781197475e-10,0.00028489480589777717,0.6449621867960693,40.24982505070511,60.5329276993871,0.0,HMTD-MDE,63,case57,0.01
True,2,0.01,False,20,20,False,2,True,0.03454212030753712,0.004999659707415924,0.6449621867960693,31.081910408101976,41.48868094198406,0.0,HMTD-MDE,64,case57,0.01
True,43,0.01,False,20,20,False,44,False,0.18470861034426478,0.06224946220507186,0.6449621867960693,25.519691547378898,35.24789585499094,0.0,HMTD-MDE,65,case57,0.01
True,11,0.01,True,1,1,False,11,True,3.8671819781197475e-10,0.0002955651145503168,0.6449621867960693,42.47210619796533,91.09784726751975,0.0,HMTD-MDE,66,case57,0.01
True,7,0.01,False,20,20,False,0,False,0.6261567193523935,0.335587256455391,0.6449621867960693,26.292668803944252,36.92856455745642,0.0,HMTD-MDE,67,case57,0.01
True,7,-0.01,False,20,20,False,0,False,0.6792959154283515,0.2639905540615233,0.6449621867960693,35.8099395991303,45.12586101773195,0.0,HMTD-MDE,68,case57,0.01
True,51,-0.01,False,20,20,False,0,False,0.5866404162927449,0.3537114458932123,0.6449621867960693,36.231443710858,47.09419581049588,0.0,HMTD-MDE,69,case57,0.01
True,12,-0.01,True,1,1,False,12,True,3.8671819781197475e-10,6.506154484848831e-05,0.6449621867960693,36.723935295594856,52.25389549450484,0.0,HMTD-MDE,70,case57,0.01
True,17,-0.01,False,20,20,False,0,False,0.6010747257515069,0.33892433100621716,0.6449621867960693,37.65145205252338,51.2192062364193,0.0,HMTD-MDE,71,case57,0.01
True,35,0.01,True,2,2,False,35,True,0.12334802431726355,0.000805194131247094,0.6449621867960693,36.98474994744174,55.54504787724,0.0,HMTD-MDE,72,case57,0.01
True,37,0.01,False,20,20,False,44,False,0.18602264806177157,0.06171801966834209,0.6449621867960693,35.04019160172902,45.9624034963781,0.0,HMTD-MDE,73,case57,0.01
True,11,0.01,True,1,1,False,11,True,3.8671819781197475e-10,0.0002955651145503168,0.6449621867960693,36.48852935584728,47.49760664999486,0.0,HMTD-MDE,74,case57,0.01
True,43,-0.01,False,20,20,False,44,False,0.20365799351656153,0.058665995812010686,0.6449621867960693,36.66384179668967,50.37803125742358,0.0,HMTD-MDE,75,case57,0.01
True,39,0.01,False,20,20,False,0,False,0.5633818926949035,0.3666447631702268,0.6449621867960693,43.23019995645154,99.4849392503966,0.0,HMTD-MDE,76,case57,0.01
True,41,-0.01,True,1,1,False,40,False,0.002362944158921921,0.011274586565769176,0.6449621867960693,31.376166496193036,44.602995202876635,0.0,HMTD-MDE,77,case57,0.01
True,11,-0.01,True,1,1,False,11,True,3.8671819781197475e-10,0.0002955651145503168,0.6449621867960693,39.17303938942496,79.8929833166767,0.0,HMTD-MDE,78,case57,0.01
True,24,0.01,True,19,19,False,33,False,0.6086121337846203,0.14175864260637216,0.6449621867960693,36.94558121205773,52.52685000305064,0.0,HMTD-MDE,79,case57,0.01
True,26,-0.01,False,20,20,False,0,False,0.5828622682470975,0.3564755580319665,0.6449621867960693,35.209812453831546,48.86984998011037,0.0,HMTD-MDE,80,case57,0.01
True,37,0.01,False,20,20,False,44,False,0.3348089869248874,0.1304546837710597,0.6449621867960693,33.21695205522701,55.61996043834371,0.0,HMTD-MDE,81,case57,0.01
True,26,-0.01,False,20,20,False,0,False,0.585224863491122,0.3653731943557491,0.6449621867960693,41.44516240048688,74.35896486276764,0.0,HMTD-MDE,82,case57,0.01
True,20,-0.01,False,20,20,False,17,False,0.23187580643773922,0.03571646374543852,0.6449621867960693,37.8730313066626,51.81911493127705,0.0,HMTD-MDE,83,case57,0.01
True,54,0.01,False,20,20,False,0,False,0.5586966198253335,0.3718757407316884,0.6449621867960693,34.17313750251196,62.761772584053716,0.0,HMTD-MDE,84,case57,0.01
True,31,0.01,False,20,20,False,33,False,0.6182020736578209,0.20357637770140563,0.6449621867960693,32.86000615044031,44.403092289576335,0.0,HMTD-MDE,85,case57,0.01
True,28,0.01,False,20,20,False,27,False,0.4833067599678269,0.16216379066733988,0.6449621867960693,33.06542520294897,43.28361632942689,0.0,HMTD-MDE,86,case57,0.01
True,26,-0.01,False,20,20,False,0,False,0.6128082936264445,0.3374677837173332,0.6449621867960693,33.51009804755449,52.41188814979978,0.0,HMTD-MDE,87,case57,0.01
True,17,-0.01,False,20,20,False,0,False,0.6281970476093576,0.26764148103483887,0.6449621867960693,38.50781685614493,55.85160068585541,0.0,HMTD-MDE,88,case57,0.01
True,55,-0.01,True,10,10,False,40,False,0.006056900425691921,0.011251295634708317,0.6449621867960693,38.92092090391088,67.99413786793593,0.0,HMTD-MDE,89,case57,0.01
True,11,0.01,True,1,1,False,11,True,3.8671819781197475e-10,0.0002955651145503168,0.6449621867960693,30.893950004247017,51.73176458920355,0.0,HMTD-MDE,90,case57,0.01
True,48,-0.01,True,19,19,False,48,True,0.0005527074314102421,0.0027563903232240027,0.6449621867960693,33.71095635811798,55.388914264040075,0.0,HMTD-MDE,91,case57,0.01
True,50,-0.01,False,20,20,False,49,False,0.03612253785659998,0.014773940130953366,0.6449621867960693,30.04206055193208,58.23895236826502,0.0,HMTD-MDE,92,case57,0.01
True,53,-0.01,False,20,20,False,51,False,0.13661664531564002,0.026447079019709767,0.6449621867960693,33.99303539772518,48.153972887666896,0.0,HMTD-MDE,93,case57,0.01
True,43,0.01,False,20,20,False,37,False,0.22742731754304962,0.015676671223957533,0.6449621867960693,34.39242289750837,49.76246250735132,0.0,HMTD-MDE,94,case57,0.01
True,40,-0.01,False,20,20,False,40,True,0.0022410053080013726,0.011283252141815551,0.6449621867960693,36.75740415637847,46.67240831186064,0.0,HMTD-MDE,95,case57,0.01
True,10,-0.01,True,2,2,False,10,True,3.8671819781197475e-10,0.0007455511118699345,0.6449621867960693,34.69134574988857,68.94898307218683,0.0,HMTD-MDE,96,case57,0.01
True,14,0.01,False,20,20,False,14,True,1.052052347221148e-05,0.007594123156637703,0.6449621867960693,38.87387075519655,73.2000125019113,0.0,HMTD-MDE,97,case57,0.01
True,53,-0.01,False,20,20,False,51,False,0.2628300320266007,0.02791651462555273,0.6449621867960693,27.570252094301395,45.8425735560013,0.0,HMTD-MDE,98,case57,0.01
True,49,-0.01,False,20,20,False,49,True,0.16370335004857145,0.022780753246086992,0.6449621867960693,31.266314652748406,49.901625371421694,0.0,HMTD-MDE,99,case57,0.01
True,56,0.01,False,20,20,False,38,False,0.2724932030971074,0.03807801566634886,0.6449621867960693,36.856293844175525,53.67057564435527,0.0,HMTD-MDE,100,case57,0.01
True,17,-0.01,False,20,20,False,17,True,0.45796196598514205,0.0851214809306838,0.6449621867960693,42.295997991459444,75.81827148969752,0.0,HMTD-MDE,101,case57,0.01
True,12,0.01,True,1,1,False,12,True,3.8671819781197475e-10,6.506154484848831e-05,0.6449621867960693,36.6668729489902,68.58512220496777,0.0,HMTD-MDE,102,case57,0.01
True,48,-0.01,False,20,20,False,48,True,0.0022036540034776875,0.00276695181257905,0.6449621867960693,39.47148120496422,62.30850447900594,0.0,HMTD-MDE,103,case57,0.01
True,31,0.01,False,20,20,False,33,False,0.47982732652037974,0.06644841806170586,0.6449621867960693,45.58768539864104,76.22694998281086,0.0,HMTD-MDE,104,case57,0.01
True,31,0.01,False,20,20,False,0,False,0.5505607576485584,0.37346639427427347,0.6449621867960693,38.1835979904281,60.80515658832156,0.0,HMTD-MDE,105,case57,0.01
True,41,-0.01,True,8,8,False,40,False,0.00273650067437013,0.01127255383660113,0.6449621867960693,32.01307074923534,48.41923120548018,0.0,HMTD-MDE,106,case57,0.01
True,16,-0.01,False,20,20,False,0,False,0.5537412636894232,0.3747009267076028,0.6449621867960693,35.08515614958014,46.47115981497344,0.0,HMTD-MDE,107,case57,0.01
True,20,0.01,False,20,20,False,18,False,0.32066769800652845,0.01944750970194128,0.6449621867960693,34.22151659906376,63.05181839270519,0.0,HMTD-MDE,108,case57,0.01
True,50,0.01,False,20,20,False,49,False,0.15474926055353244,0.0128871159902471,0.6449621867960693,32.98238544666674,67.0231999916723,0.0,HMTD-MDE,109,case57,0.01
True,17,0.01,False,20,20,False,0,False,0.5841464360215731,0.3489367087835578,0.6449621867960693,34.05936869676225,61.810584011254846,0.0,HMTD-MDE,110,case57,0.01
True,41,0.01,True,1,1,False,40,False,0.04585807908093399,0.010895441953178582,0.6449621867960693,38.52776255225763,59.69368749356366,0.0,HMTD-MDE,111,case57,0.01
True,15,0.01,False,20,20,False,0,False,0.5926870855696935,0.34568591775739416,0.6449621867960693,37.85708134819288,57.66129998955876,0.0,HMTD-MDE,112,case57,0.01
True,12,-0.01,True,1,1,False,12,True,3.8671819781197475e-10,6.506154484848831e-05,0.6449621867960693,37.65028965426609,72.09444132458887,0.0,HMTD-MDE,113,case57,0.01
True,33,-0.01,False,20,20,False,0,False,0.6110473753480965,0.32852336093993495,0.6449621867960693,33.371427046949975,48.88026251283009,0.0,HMTD-MDE,114,case57,0.01
True,8,0.01,True,1,1,False,8,True,3.8671819781197475e-10,0.00028489480589777717,0.6449621867960693,36.44116654759273,47.23449723387603,0.0,HMTD-MDE,115,case57,0.01
True,16,-0.01,False,20,20,False,0,False,0.5795120404498383,0.35738519078962816,0.6449621867960693,38.06854170397855,46.47186638612766,0.0,HMTD-MDE,116,case57,0.01
True,46,-0.01,False,20,20,False,0,False,0.5584887939046813,0.3684200590889438,0.6449621867960693,38.49713539821096,51.96458687132691,0.0,HMTD-MDE,117,case57,0.01
True,8,-0.01,True,1,1,False,8,True,3.8671819781197475e-10,0.00028489480589777717,0.6449621867960693,35.918074907385744,46.01265595119913,0.0,HMTD-MDE,118,case57,0.01
True,20,0.01,False,20,20,False,17,False,0.2488932177958847,0.0337699311186933,0.6449621867960693,36.75315004948061,58.16020029888023,0.0,HMTD-MDE,119,case57,0.01
True,52,-0.01,False,20,20,False,51,False,0.19917923609562427,0.035920569558073046,0.6449621867960693,36.656227146158926,69.11269552365412,0.0,HMTD-MDE,120,case57,0.01
True,9,-0.01,False,20,20,False,9,True,0.0011987623650043437,0.005747143367806757,0.6449621867960693,34.58173120743595,48.977714896318545,0.0,HMTD-MDE,121,case57,0.01
True,21,0.01,False,20,20,False,0,False,0.5548446979295583,0.369289593315395,0.6449621867960693,36.13266870379448,57.737106533022605,0.0,HMTD-MDE,122,case57,0.01
True,43,0.01,False,20,20,False,43,True,0.26818098390864187,0.027803135993659665,0.6449621867960693,33.45283129892778,47.183903848053916,0.0,HMTD-MDE,123,case57,0.01
True,18,-0.01,True,9,9,False,0,False,0.630947081614855,0.31812889516352943,0.6449621867960693,32.501687449985184,52.008541603572674,0.0,HMTD-MDE,124,case57,0.01
True,38,-0.01,False,20,20,False,38,True,0.25076644674383464,0.0329220433142951,0.6449621867960693,33.08729569835123,46.35415478551295,0.0,HMTD-MDE,125,case57,0.01
True,47,-0.01,False,20,20,False,0,False,0.614383167097316,0.26394537512262994,0.6449621867960693,35.861326998565346,50.617720588343225,0.0,HMTD-MDE,126,case57,0.01
True,51,-0.01,False,20,20,False,0,False,0.6727982713138333,0.2755459111369842,0.6449621867960693,33.27170840057079,59.260554474894896,0.0,HMTD-MDE,127,case57,0.01
True,23,0.01,True,0,0,False,0,False,0.5955276911352853,0.3483081941046473,0.6449621867960693,31.800085451686755,49.01191454846413,0.0,HMTD-MDE,128,case57,0.01
True,40,0.01,True,15,15,False,40,True,0.014851560554939384,0.013410005485433144,0.6449621867960693,37.40434595383704,64.60408188577279,0.0,HMTD-MDE,129,case57,0.01
True,20,-0.01,False,20,20,False,18,False,0.339585724694733,0.023113493916591888,0.6449621867960693,29.46669574594125,47.90019996871706,0.0,HMTD-MDE,130,case57,0.01
True,51,-0.01,False,20,20,False,54,False,0.3122129278458573,0.08416959286579123,0.6449621867960693,38.914020705851726,67.1595330524724,0.0,HMTD-MDE,131,case57,0.01
True,26,0.01,False,20,20,False,0,False,0.5683755735100542,0.36379056237177043,0.6449621867960693,31.584989550174214,52.080954168923206,0.0,HMTD-MDE,132,case57,0.01
True,43,-0.01,True,7,7,False,44,False,0.1434016701212375,0.06792465375403445,0.6449621867960693,35.5615520500578,61.61233747261576,0.0,HMTD-MDE,133,case57,0.01
True,54,-0.01,False,20,20,False,0,False,0.5596654050184153,0.37002533280635724,0.6449621867960693,31.148351894808002,48.91829785483425,0.0,HMTD-MDE,134,case57,0.01
True,32,0.01,False,20,20,False,0,False,0.5898835269083644,0.35759294566342203,0.6449621867960693,46.1435668024933,144.86293161462527,0.0,HMTD-MDE,135,case57,0.01
True,47,0.01,False,20,20,False,0,False,0.6249968710926266,0.3228987420869913,0.6449621867960693,30.36236235348042,53.52999935275875,0.0,HMTD-MDE,136,case57,0.01
True,51,0.01,True,2,2,False,0,False,0.5509836305781246,0.2678542741592475,0.6449621867960693,36.06881879095454,77.43846521771047,0.0,HMTD-MDE,137,case57,0.01
True,53,0.01,False,20,20,False,51,False,0.18335531128240246,0.049931102794761276,0.6449621867960693,38.39399584394414,61.01609547040426,0.0,HMTD-MDE,138,case57,0.01
True,54,0.01,False,20,20,False,0,False,0.5663533215103385,0.2958421392890852,0.6449621867960693,39.034472839557566,59.86391066398938,0.0,HMTD-MDE,139,case57,0.01
True,20,0.01,False,20,20,False,17,False,0.24215619707736513,0.03400064921577374,0.6449621867960693,34.11884159431793,66.11508572532331,0.0,HMTD-MDE,140,case57,0.01
True,52,0.01,False,20,20,False,51,False,0.1751361287991944,0.03777417199962904,0.6449621867960693,32.14987915416714,50.44434411101977,0.0,HMTD-MDE,141,case57,0.01
True,10,0.01,True,1,1,False,10,True,3.8671819781197475e-10,0.0007455511118699345,0.6449621867960693,34.73515420046169,59.677930886391565,0.0,HMTD-MDE,142,case57,0.01
True,12,-0.01,True,1,1,False,12,True,3.8671819781197475e-10,6.506154484848831e-05,0.6449621867960693,36.45843124832027,46.87861875281669,0.0,HMTD-MDE,143,case57,0.01
True,10,0.01,True,2,2,False,10,True,3.8671819781197475e-10,0.0007455511118699345,0.6449621867960693,32.31850209995173,47.829195475787856,0.0,HMTD-MDE,144,case57,0.01
True,11,-0.01,True,1,1,False,11,True,3.8671819781197475e-10,0.0002955651145503168,0.6449621867960693,34.816187602700666,45.566146171768196,0.0,HMTD-MDE,145,case57,0.01
True,25,-0.01,False,20,20,False,0,False,0.5957079401484903,0.3253442438494544,0.6449621867960693,33.98338340630289,48.60740863950924,0.0,HMTD-MDE,146,case57,0.01
True,36,0.01,True,4,4,False,36,True,0.03463890618198346,0.0008628075195500238,0.6449621867960693,37.893604254350066,64.85165482736194,0.0,HMTD-MDE,147,case57,0.01
True,44,-0.01,False,20,20,False,0,False,0.6032317245586343,0.34703500996873937,0.6449621867960693,34.485679102363065,52.17302017263137,0.0,HMTD-MDE,148,case57,0.01
True,24,0.01,False,20,20,False,33,False,0.4321425759336333,0.044294799387076964,0.6449621867960693,35.81876654934604,45.82182677113454,0.0,HMTD-MDE,149,case57,0.01
True,3,0.01,False,20,20,False,3,True,0.16409855961810801,0.0040762471076589805,0.6449621867960693,34.48648339835927,51.545610427274376,0.0,HMTD-MDE,150,case57,0.01
True,42,0.01,False,20,20,False,0,False,0.6383111555427087,0.26838582931780075,0.6449621867960693,34.297989547485486,48.919687789748444,0.0,HMTD-MDE,151,case57,0.01
True,23,0.01,False,20,20,False,0,False,0.6262235408335804,0.30889515751433927,0.6449621867960693,35.10005205171183,47.0127208332997,0.0,HMTD-MDE,152,case57,0.01
True,45,0.01,False,20,20,False,0,False,0.5945159908396509,0.3404110490513296,0.6449621867960693,38.70070005650632,76.75802296434996,0.0,HMTD-MDE,153,case57,0.01
True,24,-0.01,False,20,20,False,33,False,0.4163443663915845,0.03946611731179882,0.6449621867960693,36.34578773926478,67.13494405557871,0.0,HMTD-MDE,154,case57,0.01
True,22,-0.01,False,20,20,False,0,False,0.6284395886603525,0.2532584173937899,0.6449621867960693,38.3107646019198,57.258167312829755,0.0,HMTD-MDE,155,case57,0.01
True,23,0.01,False,20,20,False,0,False,0.5522650722765489,0.37287586543554685,0.6449621867960693,31.93197490181774,41.38029939495027,0.0,HMTD-MDE,156,case57,0.01
True,54,0.01,False,20,20,False,0,False,0.6081152983319199,0.34244435465454987,0.6449621867960693,36.08557705010753,59.71561846963598,0.0,HMTD-MDE,157,case57,0.01
True,33,-0.01,False,20,20,False,0,False,0.5934916000879692,0.35192215410217065,0.6449621867960693,34.50553739385214,49.95011842984241,0.0,HMTD-MDE,158,case57,0.01
True,39,-0.01,False,20,20,False,0,False,0.5534792486716184,0.37016775108310174,0.6449621867960693,41.63450214546174,74.21441279584545,0.0,HMTD-MDE,159,case57,0.01
True,13,0.01,True,1,1,False,13,True,3.8671819781197475e-10,0.00024296946723677138,0.6449621867960693,30.583368899533525,41.59742921183352,0.0,HMTD-MDE,160,case57,0.01
True,38,0.01,False,20,20,False,39,False,0.19528356398041838,0.10173058461691681,0.6449621867960693,31.151722697541118,49.14470975636506,0.0,HMTD-MDE,161,case57,0.01
True,35,0.01,True,1,1,False,35,True,0.06328793525106886,0.0007956196733586966,0.6449621867960693,29.237079151789658,45.58008747117129,0.0,HMTD-MDE,162,case57,0.01
True,26,-0.01,False,20,20,False,0,False,0.572161370679483,0.368061993583336,0.6449621867960693,35.77868965221569,68.77461841213518,0.0,HMTD-MDE,163,case57,0.01
True,1,0.01,False,20,20,False,0,False,0.5675444259029785,0.36902451722348995,0.6449621867960693,26.801293788594194,37.65607259119862,0.0,HMTD-MDE,164,case57,0.01
True,49,-0.01,False,20,20,False,49,True,0.45864534281214586,0.08043709317533385,0.6449621867960693,33.789943749434315,48.139781501959085,0.0,HMTD-MDE,165,case57,0.01
True,40,0.01,False,20,20,False,40,True,0.04433433052766117,0.018617819354400517,0.6449621867960693,51.78867084905505,126.62550563982225,0.0,HMTD-MDE,166,case57,0.01
True,40,0.01,False,20,20,False,40,True,0.10126847992408103,0.03425090180983801,0.6449621867960693,30.747220848570578,42.79911666817498,0.0,HMTD-MDE,167,case57,0.01
True,28,0.01,False,20,20,False,0,False,0.6494065608334084,0.29959043011500336,0.6449621867960693,35.24029390246142,56.563317016116365,0.0,HMTD-MDE,168,case57,0.01
True,38,0.01,False,20,20,False,39,False,0.33798505504034815,0.1746752787937487,0.6449621867960693,33.775266649900004,60.86541873810348,0.0,HMTD-MDE,169,case57,0.01
True,27,0.01,False,20,20,False,0,False,0.5848951062702105,0.3525467195310602,0.6449621867960693,41.64016670547426,86.55758125532886,0.0,HMTD-MDE,170,case57,0.01
True,30,-0.01,False,20,20,False,33,False,0.42298909582750577,0.03450574988966529,0.6449621867960693,37.18071869225241,48.34054311795627,0.0,HMTD-MDE,171,case57,0.01
True,31,-0.01,False,20,20,False,0,False,0.5904075535937559,0.35870096818432157,0.6449621867960693,35.90779996011406,49.595463959849454,0.0,HMTD-MDE,172,case57,0.01
True,27,0.01,False,20,20,False,0,False,0.6592662789577026,0.29594338935989173,0.6449621867960693,39.70921245054342,62.161783385090544,0.0,HMTD-MDE,173,case57,0.01
True,51,0.01,False,20,20,False,54,False,0.4585020966980151,0.1619998396768602,0.6449621867960693,39.13274165533949,59.39140002301429,0.0,HMTD-MDE,174,case57,0.01
True,28,0.01,False,20,20,False,0,False,0.6481073192355238,0.2257848374697877,0.6449621867960693,34.74799999676179,53.32515477202833,0.0,HMTD-MDE,175,case57,0.01
True,33,-0.01,False,20,20,False,0,False,0.6097091409408347,0.25983130706615265,0.6449621867960693,35.76125396066345,48.42537946824451,0.0,HMTD-MDE,176,case57,0.01
True,20,-0.01,False,20,20,False,17,False,0.2087106990508177,0.0381139788444721,0.6449621867960693,36.96096255152952,63.52836254518479,0.0,HMTD-MDE,177,case57,0.01
True,5,0.01,False,20,20,False,5,True,2.8677668284396413e-06,0.0019216022543006397,0.6449621867960693,38.251500006299466,67.42467085714453,0.0,HMTD-MDE,178,case57,0.01
True,38,0.01,False,20,20,False,0,False,0.6087642659203455,0.2556006053216847,0.6449621867960693,40.06282714835834,72.72488189919386,0.0,HMTD-MDE,179,case57,0.01
True,52,-0.01,True,9,9,False,51,False,0.1628298826720974,0.03167126890143504,0.6449621867960693,32.612206097110175,72.94968951900955,0.0,HMTD-MDE,180,case57,0.01
True,48,0.01,False,20,20,False,48,True,0.0005268712124593456,0.0027560498658772943,0.6449621867960693,37.71981459867675,82.98747468797957,0.0,HMTD-MDE,181,case57,0.01
True,32,-0.01,False,20,20,False,0,False,0.5791440056914323,0.36102719204690176,0.6449621867960693,33.993939543142915,49.88843336468569,0.0,HMTD-MDE,182,case57,0.01
True,48,0.01,False,20,20,False,48,True,0.08175943023328967,0.00361022510646286,0.6449621867960693,37.09304794901982,65.33118990482762,0.0,HMTD-MDE,183,case57,0.01
True,48,0.01,False,20,20,False,49,False,0.06436266648992651,0.014461788597393678,0.6449621867960693,31.526564643718302,55.02507642377169,0.0,HMTD-MDE,184,case57,0.01
True,5,0.01,True,12,12,False,5,True,0.01622688321269793,0.0019269626058732085,0.6449621867960693,33.69136874389369,45.915976716787554,0.0,HMTD-MDE,185,case57,0.01
True,41,0.01,True,6,6,False,40,False,0.026372779706292388,0.011087798025500016,0.6449621867960693,34.81282090651803,61.43138780025765,0.0,HMTD-MDE,186,case57,0.01
True,29,-0.01,False,20,20,False,0,False,0.6820059939369973,0.2086210855297678,0.6449621867960693,28.429106151452288,35.59236215078274,0.0,HMTD-MDE,187,case57,0.01
True,10,-0.01,True,3,3,False,10,True,3.8671819781197475e-10,0.0007455511118699345,0.6449621867960693,28.16994166059885,38.0277982680127,0.0,HMTD-MDE,188,case57,0.01
True,13,0.01,True,1,1,False,13,True,3.8671819781197475e-10,0.00024296946723677138,0.6449621867960693,20.071000102325343,23.18340269557666,0.0,HMTD-MDE,189,case57,0.01
True,7,-0.01,False,20,20,False,0,False,0.5829532538698116,0.34424837096472255,0.6449621867960693,30.81578974670265,44.152771148947075,0.0,HMTD-MDE,190,case57,0.01
True,34,-0.01,False,20,20,False,33,False,0.4494245071706024,0.04959118790407657,0.6449621867960693,30.282595902099274,63.407795230159536,0.0,HMTD-MDE,191,case57,0.01
True,23,-0.01,False,20,20,False,0,False,0.5960515121251975,0.34464368456617656,0.6449621867960693,19.432075001532212,23.544935407699086,0.0,HMTD-MDE,192,case57,0.01
True,22,-0.01,False,20,20,False,0,False,0.5831178874781364,0.3589280291498418,0.6449621867960693,35.660972955520265,53.978779143653824,0.0,HMTD-MDE,193,case57,0.01
True,53,-0.01,False,20,20,False,51,False,0.1740572616084883,0.03276714127553598,0.6449621867960693,21.255450003081933,25.35645387833938,0.0,HMTD-MDE,194,case57,0.01
True,40,0.01,False,20,20,False,40,True,0.0006712157071912465,0.01128457611436445,0.6449621867960693,35.98509790899698,44.80896187305919,0.0,HMTD-MDE,195,case57,0.01
True,4,-0.01,False,20,20,False,0,False,0.5974251065196515,0.3157383831662995,0.6449621867960693,22.228079300839454,28.668139944784343,0.0,HMTD-MDE,196,case57,0.01
True,23,0.01,False,20,20,False,0,False,0.5919799801323743,0.34995572434730615,0.6449621867960693,15.536329100723378,18.356675311224535,0.0,HMTD-MDE,197,case57,0.01
True,17,0.01,False,20,20,False,0,False,0.639362314867088,0.2124768221381717,0.6449621867960693,23.468250001315027,35.0860065460438,0.0,HMTD-MDE,198,case57,0.01
True,28,0.01,False,20,20,False,0,False,0.5898680298121114,0.3551977607008251,0.6449621867960693,15.916445839684455,19.447960119578056,0.0,HMTD-MDE,199,case57,0.01
True,26,-0.01,True,5,5,False,25,False,0.1714416009459257,0.004720175318774882,0.46959231718161665,417.42377070186194,483.89836079732186,0.0,MS-HIDE,0,case57,0.01
True,49,-0.01,True,10,10,False,49,True,1.553236745813556e-07,0.0016299876760664034,0.44983726963278325,331.54223115125205,385.56007672159467,0.0,MS-HIDE,1,case57,0.01
True,53,-0.01,True,11,11,False,53,True,0.17144160095668065,0.0015728112358800931,0.41547435367435065,420.56092089624144,483.25185171852485,0.0,MS-HIDE,2,case57,0.01
True,37,0.01,True,18,18,False,43,False,0.1714420258021986,0.0016276183322954337,0.5057550880356727,325.78261040034704,382.6976749871392,0.0,MS-HIDE,3,case57,0.01
True,46,0.01,True,17,17,False,0,False,0.45355692399027714,0.32745354865314324,0.49892248588204885,309.2405771429185,376.08950269350316,0.0,MS-HIDE,4,case57,0.01
True,17,0.01,False,20,20,False,17,True,0.1434269314657249,0.00636203258717674,0.4573723875972506,441.7081541469088,518.4320396248966,0.0,MS-HIDE,5,case57,0.01
True,24,0.01,False,20,20,False,24,True,0.17144162549879757,0.0022580184615861435,0.5339624987039773,319.45933954266366,388.5222687298665,0.0,MS-HIDE,6,case57,0.01
True,3,0.01,True,15,15,False,3,True,3.867181978120395e-10,0.0010308656141610748,0.4796132652972962,416.0299145936733,493.35231846780636,0.0,MS-HIDE,7,case57,0.01
True,8,-0.01,True,2,2,False,8,True,3.867181978119748e-10,0.00022848293936345224,0.537473114312203,299.13580414431635,369.2962916684337,0.0,MS-HIDE,8,case57,0.01
True,22,0.01,False,20,20,False,0,False,0.48318738886705526,0.3082936832835462,0.4707811664753304,285.71979790576734,383.7416958383984,0.0,MS-HIDE,9,case57,0.01
True,29,-0.01,True,16,16,False,24,False,0.1717482059874696,0.002233442871992971,0.5617707009284141,431.1277707951376,493.6661249957993,0.0,MS-HIDE,10,case57,0.01
True,28,-0.01,True,5,5,False,28,True,3.867181428921716e-10,0.0007399909974088226,0.5178967511047675,334.51517295034137,387.7252663834952,0.0,MS-HIDE,11,case57,0.01
True,8,0.01,True,2,2,False,8,True,3.8671819781197475e-10,0.00022844528380757754,0.5397323525753248,435.64033749862574,491.0729277122315,0.0,MS-HIDE,12,case57,0.01
True,28,-0.01,True,4,4,False,28,True,6.43160853282565e-10,0.0007399875322407317,0.47834342651084355,332.0223875110969,386.0889743838925,0.0,MS-HIDE,13,case57,0.01
True,22,0.01,False,20,20,False,0,False,0.4833378963951954,0.27406566616841516,0.5257733651957028,313.6492498946609,380.05732702731626,0.0,MS-HIDE,14,case57,0.01
True,26,0.01,False,20,20,False,25,False,0.17144160094535787,0.004283696127602942,0.5072698653296767,430.18522909551393,495.1838702312686,0.0,MS-HIDE,15,case57,0.01
True,40,-0.01,False,20,20,False,40,True,0.46676797149941124,0.10173722596853835,0.49719933523510007,317.29514590406325,381.9570327439578,0.0,MS-HIDE,16,case57,0.01
True,1,-0.01,False,20,20,False,42,False,0.060189876756291824,0.025905431390005104,0.4809382866970908,420.92627699603327,485.8085755957304,0.0,MS-HIDE,17,case57,0.01
True,37,-0.01,True,15,15,False,43,False,0.17144330062902688,0.0016539615147952332,0.5215159383312287,326.8682874069782,385.4847410344519,0.0,MS-HIDE,18,case57,0.01
True,42,-0.01,False,20,20,False,42,True,5.830160995368666e-10,0.002326461132509279,0.5413371437554403,305.67427494970616,392.19186838599853,0.0,MS-HIDE,19,case57,0.01
True,32,0.01,False,20,20,False,0,False,0.4292725280388066,0.33663614575945544,0.5043178178426346,428.9917247981066,501.8009478808396,0.0,MS-HIDE,20,case57,0.01
True,20,0.01,False,20,20,False,19,False,0.1714416009440448,0.0019637299372892436,0.47340823217423156,324.62569150084164,393.8671273732325,0.0,MS-HIDE,21,case57,0.01
True,46,0.01,False,20,20,False,0,False,0.42073119539840675,0.3340260891082987,0.533965902724124,419.30175434972625,512.8173267468823,0.0,MS-HIDE,22,case57,0.01
True,42,0.01,True,18,18,False,42,True,3.867180879721312e-10,0.0023264603297856665,0.554265152321516,335.2185646566795,396.45659934321884,0.0,MS-HIDE,23,case57,0.01
True,56,-0.01,True,3,3,False,56,True,0.2782605533166148,0.03624484852955584,0.5081154584578188,316.8498728540726,407.967268457287,0.0,MS-HIDE,24,case57,0.01
True,53,0.01,True,11,11,False,52,False,0.17144160094459163,0.0016874114840473835,0.45847633569809176,311.0446083563147,378.80549613619223,0.0,MS-HIDE,25,case57,0.01
True,48,0.01,True,6,6,False,48,True,3.341923292261268e-08,0.0011512508829102867,0.4954221173832492,315.40198740549386,389.55723535618745,0.0,MS-HIDE,26,case57,0.01
True,24,-0.01,True,14,14,False,24,True,0.1714416045175167,0.002545055794608885,0.5698626074478479,324.94375209207647,394.8457663122099,0.0,MS-HIDE,27,case57,0.01
True,20,0.01,True,8,8,False,19,False,0.1714416009440448,0.0019285943723175009,0.5018106262183142,319.22689994971734,384.9866523902165,0.0,MS-HIDE,28,case57,0.01
True,34,-0.01,True,18,18,False,34,True,7.44976445942338e-10,0.0022365719568036707,0.481219740399545,314.41627289459575,397.1816666831729,0.0,MS-HIDE,29,case57,0.01
True,11,-0.01,True,1,1,False,11,True,3.8671819781197475e-10,0.0002431664430491341,0.5595658100613162,315.07901030709036,368.2903332926799,0.0,MS-HIDE,30,case57,0.01
True,38,0.01,False,20,20,False,0,False,0.5580863724359368,0.22050110001738843,0.4737753603252106,310.40554365317803,386.6933931247331,0.0,MS-HIDE,31,case57,0.01
True,32,0.01,False,20,20,False,0,False,0.42692836596507394,0.33598404187551684,0.5226316330739487,302.2701435984345,346.8219812377356,0.0,MS-HIDE,32,case57,0.01
True,15,-0.01,False,20,20,False,0,False,0.47230723048284545,0.29575462431809113,0.5140491516879614,313.998452105443,375.14774967858114,0.0,MS-HIDE,33,case57,0.01
True,36,0.01,True,4,4,False,36,True,3.8671808797216885e-10,0.0007148499509244339,0.4740286597614905,307.86045834829565,366.94904825126287,0.0,MS-HIDE,34,case57,0.01
True,26,0.01,False,20,20,False,25,False,0.17144160094870195,0.004298129718007844,0.4963977369428628,316.66889165353496,378.9244669576874,0.0,MS-HIDE,35,case57,0.01
True,28,0.01,True,2,2,False,28,True,3.8671811543251187e-10,0.0015827552717134533,0.5294322003329938,312.7405103557976,386.05706008384004,0.0,MS-HIDE,36,case57,0.01
True,3,0.01,True,13,13,False,3,True,3.9460223484101577e-10,0.0010712588113107801,0.4940352954993269,282.024141549482,372.0636420010124,0.0,MS-HIDE,37,case57,0.01
True,6,0.01,True,10,10,False,6,True,0.0004912682049903917,0.0008382546173363504,0.5687428452765507,294.58216869970784,371.93262885266455,0.0,MS-HIDE,38,case57,0.01
True,51,-0.01,False,20,20,False,51,True,9.994679656217876e-06,0.0061480185789516755,0.5303142882491076,328.22088539251126,514.1695460974006,0.0,MS-HIDE,39,case57,0.01
True,17,0.01,False,20,20,False,18,False,0.11140115425732273,0.007650304644195891,0.5058414896860749,303.5391186422203,363.55335029948037,0.0,MS-HIDE,40,case57,0.01
True,49,-0.01,False,20,20,False,49,True,5.897822387655628e-06,0.0016130123444271453,0.43518298474201866,305.3864124492975,392.28092293196823,0.0,MS-HIDE,41,case57,0.01
True,19,-0.01,True,13,13,False,19,True,0.1714416009440448,0.0019618556242263123,0.4960710263966158,303.3459438069258,376.97281877335627,0.0,MS-HIDE,42,case57,0.01
True,31,0.01,False,20,20,False,31,True,0.11824367294199097,0.010852292960091816,0.5197754226728223,286.60604370525107,384.908051750972,0.0,MS-HIDE,43,case57,0.01
True,55,0.01,True,5,5,False,55,True,0.00012293095019687747,0.0008572753930108354,0.46022124286657257,299.33394174440764,362.53318160888745,0.0,MS-HIDE,44,case57,0.01
True,2,0.01,False,20,20,False,2,True,3.86718197811992e-10,0.001578399350983077,0.5124547382849867,308.0602561996784,365.2658475999488,0.0,MS-HIDE,45,case57,0.01
True,34,-0.01,True,11,11,False,34,True,5.828073715677709e-10,0.0021809058376922744,0.451666288513415,311.07091460435186,381.1321128712734,0.0,MS-HIDE,46,case57,0.01
True,14,-0.01,True,18,18,False,14,True,3.867181978120582e-10,0.001367182961798769,0.5341113093867553,314.9648877122672,396.4075089927064,0.0,MS-HIDE,47,case57,0.01
True,1,0.01,False,20,20,False,0,False,0.43942957137585403,0.33000235349188345,0.5493663508270006,293.8977332552895,359.5874920254573,0.0,MS-HIDE,48,case57,0.01
True,34,-0.01,True,14,14,False,34,True,3.8812249243188585e-10,0.002170609781521214,0.44238779721124305,305.17405419959687,385.6367521017092,0.0,MS-HIDE,49,case57,0.01
True,40,-0.01,False,20,20,False,40,True,0.02233302547107645,0.015110895642186623,0.504975153818506,302.14293129974976,355.1355098228669,0.0,MS-HIDE,50,case57,0.01
True,27,-0.01,True,1,1,False,27,True,1.3275077761737215e-08,0.0011128276446760283,0.5300101314404511,317.9168041009689,428.9445479022107,0.0,MS-HIDE,51,case57,0.01
True,44,-0.01,False,20,20,False,44,True,0.01109098448793795,0.00921877584323888,0.4863310374881377,294.322273042053,360.04263990034815,0.0,MS-HIDE,52,case57,0.01
True,1,0.01,False,20,20,False,0,False,0.431436785800075,0.3320656507107665,0.5777750642737315,312.4328728968976,387.83098096901085,0.0,MS-HIDE,53,case57,0.01
True,20,-0.01,True,13,13,False,20,True,0.1714416009440448,0.002139399366830111,0.45220344990255634,307.5812209455762,356.1796917085303,0.0,MS-HIDE,54,case57,0.01
True,41,-0.01,True,3,3,False,41,True,0.00013908890651047914,0.000718824864955844,0.49080138839643084,299.6344623476034,380.976253861445,0.0,MS-HIDE,55,case57,0.01
True,25,0.01,False,20,20,False,26,False,0.17144160128410138,0.004298751621371008,0.4336726745688729,300.4136625007959,382.2725777019514,0.0,MS-HIDE,56,case57,0.01
True,33,0.01,False,20,20,False,33,True,0.33359061590441047,0.12860296671807284,0.4711875184416734,322.081949893618,402.25523505068855,0.0,MS-HIDE,57,case57,0.01
True,42,-0.01,False,20,20,False,42,True,6.32762529770457e-06,0.002116724678051896,0.5234966389353867,302.98195419600233,364.40043922339106,0.0,MS-HIDE,58,case57,0.01
True,21,0.01,False,20,20,False,0,False,0.44586634133498987,0.329725988049336,0.5520364524908327,305.7655519951368,374.45984580263035,0.0,MS-HIDE,59,case57,0.01
True,36,-0.01,True,3,3,False,36,True,8.22480041679195e-10,0.0007682922908456547,0.4629205368085194,316.9692458555801,393.5942020994844,0.0,MS-HIDE,60,case57,0.01
True,46,0.01,False,20,20,False,0,False,0.4452095177823073,0.32604124433597964,0.5527352204711432,316.99840835353825,408.4631312493002,0.0,MS-HIDE,61,case57,0.01
True,56,0.01,False,20,20,False,38,False,0.27471465387111266,0.036829521728966266,0.4843654353308202,296.34979575057514,355.5338249920169,0.0,MS-HIDE,62,case57,0.01
True,8,-0.01,True,2,2,False,8,True,3.8671819781197475e-10,0.00022844520046656785,0.5333570206151249,307.0853959012311,372.30426013993565,0.0,MS-HIDE,63,case57,0.01
True,2,0.01,True,10,10,False,2,True,3.8671819781209775e-10,0.0020685606324637464,0.4820910249233824,292.6953937509097,366.926326462999,0.0,MS-HIDE,64,case57,0.01
True,43,0.01,False,20,20,False,43,True,0.171452700298994,0.0015620437513553624,0.5015328341021612,322.93494794575963,413.6148295045132,0.0,MS-HIDE,65,case57,0.01
True,11,0.01,True,1,1,False,11,True,3.8671819781197475e-10,0.00024316580765074112,0.555266410728057,303.29749785305467,348.3385815809015,0.0,MS-HIDE,66,case57,0.01
True,7,0.01,False,20,20,False,0,False,0.5050912627080026,0.2985874648534063,0.5118749188653956,281.12687283719424,335.9239124954911,0.0,MS-HIDE,67,case57,0.01
True,7,-0.01,False,20,20,False,15,False,0.45701882037478364,0.24367263362225652,0.5601722987464434,289.7672916413285,392.0800223102561,0.0,MS-HIDE,68,case57,0.01
True,51,-0.01,False,20,20,False,51,True,2.2607350942140205e-06,0.004334537257046588,0.510032405037515,298.77982304024044,357.95045031700283,0.0,MS-HIDE,69,case57,0.01
True,12,-0.01,True,1,1,False,12,True,3.8671819781197475e-10,0.00011124082597434126,0.4221881647893744,300.39569375512656,367.4168152792845,0.0,MS-HIDE,70,case57,0.01
True,17,-0.01,False,20,20,False,18,False,0.14051672402944881,0.013205892600341895,0.46247477147542276,308.9487979596015,373.3079062629259,0.0,MS-HIDE,71,case57,0.01
True,35,0.01,True,2,2,False,35,True,3.867180879718631e-10,0.0005095948241150977,0.44102208323715353,294.8403729533311,363.44047080783645,0.0,MS-HIDE,72,case57,0.01
True,37,0.01,False,20,20,False,43,False,0.171442630316602,0.0015995456313786399,0.48774543269255355,299.9344603042118,363.0606851365883,0.0,MS-HIDE,73,case57,0.01
True,11,0.01,True,1,1,False,11,True,3.8671819781197475e-10,0.00024316580773365169,0.527683381068485,310.7925062533468,384.9314205086558,0.0,MS-HIDE,74,case57,0.01
True,43,-0.01,False,20,20,False,43,True,0.17146331515362734,0.002624893815854643,0.5238468072568402,301.5628874534741,381.69028812262695,0.0,MS-HIDE,75,case57,0.01
True,39,0.01,False,20,20,False,39,True,2.6339077793277475e-05,0.003671023230443211,0.5328914389942716,322.27241260989103,384.27609378122725,0.0,MS-HIDE,76,case57,0.01
True,41,-0.01,True,2,2,False,41,True,2.467694756145048e-06,0.0007670413204450349,0.569934670248867,313.2787582522724,377.59957020753063,0.0,MS-HIDE,77,case57,0.01
True,11,-0.01,True,2,2,False,11,True,3.8671819781197475e-10,0.00024308036765366848,0.5369505522010805,299.33286045852583,357.6847250078572,0.0,MS-HIDE,78,case57,0.01
True,24,0.01,True,13,13,False,29,False,0.1714416080560036,0.002270861646587936,0.5110917766451741,307.37396264157724,386.8947339593433,0.0,MS-HIDE,79,case57,0.01
True,26,-0.01,False,20,20,False,26,True,0.1714416009440448,0.004293958556795666,0.47001418224304997,300.72010620497167,379.6946670045145,0.0,MS-HIDE,80,case57,0.01
True,37,0.01,False,20,20,False,43,False,0.17144162556236148,0.0015619283040878141,0.5185828585951084,300.6596645602258,400.8051952085225,0.0,MS-HIDE,81,case57,0.01
True,26,-0.01,False,20,20,False,26,True,0.1714416013626765,0.004228615187285369,0.5162202256506842,307.3370542493649,357.53021912532864,0.0,MS-HIDE,82,case57,0.01
True,20,-0.01,False,20,20,False,20,True,0.1714416009440448,0.001959564932086196,0.46296178110308067,309.144200157607,386.2786979880184,0.0,MS-HIDE,83,case57,0.01
True,54,0.01,True,15,15,False,54,True,5.8337795918324365e-05,0.001910887531326628,0.5624944765142482,301.48855833976995,373.9421524194768,0.0,MS-HIDE,84,case57,0.01
True,31,0.01,False,20,20,False,30,False,0.16535238833123117,0.005290392306010277,0.5310829823670165,318.3471230062423,370.2220934210345,0.0,MS-HIDE,85,case57,0.01
True,28,0.01,True,4,4,False,28,True,3.867181428919253e-10,0.0008731780608474778,0.5234687611245918,307.7075979934307,368.156546499813,0.0,MS-HIDE,86,case57,0.01
True,26,-0.01,False,20,20,False,25,False,0.17144160094404481,0.004338513697863953,0.4777308821775112,318.9698062604293,372.27088127692696,0.0,MS-HIDE,87,case57,0.01
True,17,-0.01,False,20,20,False,17,True,0.017519020344543983,0.0031501279872455383,0.4397875406371896,299.69764795387164,423.88232324738055,0.0,MS-HIDE,88,case57,0.01
True,55,-0.01,True,5,5,False,55,True,1.0471667041020462e-05,0.0009497925841104855,0.47737979792119817,299.21326469630003,374.8860271065496,0.0,MS-HIDE,89,case57,0.01
True,11,0.01,True,2,2,False,11,True,3.8671819781197475e-10,0.00024308072102620476,0.5402512349828793,308.1679083989002,370.04672085749917,0.0,MS-HIDE,90,case57,0.01
True,48,-0.01,True,6,6,False,48,True,3.909836558218373e-10,0.0010304654846864391,0.4740631273753422,319.59040420188103,392.3541538766586,0.0,MS-HIDE,91,case57,0.01
True,50,-0.01,True,15,15,False,50,True,4.743211457169601e-06,0.0014817328993179154,0.4385333584677075,296.2595832970692,373.40220270561986,0.0,MS-HIDE,92,case57,0.01
True,53,-0.01,False,20,20,False,53,True,0.1714416009440448,0.0015316146742486662,0.44069941586106326,317.02249380759895,397.2036809835118,0.0,MS-HIDE,93,case57,0.01
True,43,0.01,True,6,6,False,43,True,0.1714478600838315,0.0016427109200781334,0.5051886002714532,312.4146771064261,385.73979198699817,0.0,MS-HIDE,94,case57,0.01
True,40,-0.01,False,20,20,False,0,False,0.45547141324800183,0.2582838795832087,0.5453342860747917,286.28459385654423,349.07589797803666,0.0,MS-HIDE,95,case57,0.01
True,10,-0.01,True,2,2,False,10,True,3.8671819781197475e-10,0.00061359116843107,0.5660563849619672,309.8071542539401,410.78555411659187,0.0,MS-HIDE,96,case57,0.01
True,14,0.01,True,16,16,False,14,True,3.8671808797353474e-10,0.001314396524654843,0.5290939353420255,317.164627002785,414.42195659619756,0.0,MS-HIDE,97,case57,0.01
True,53,-0.01,True,5,5,False,52,False,0.1714416009440448,0.0016813901419214568,0.4768778457887334,307.27640425320715,381.7347975971643,0.0,MS-HIDE,98,case57,0.01
True,49,-0.01,False,20,20,False,49,True,1.0626083868675073e-05,0.001628603769185032,0.4299682622842105,307.0070041459985,404.11024310742505,0.0,MS-HIDE,99,case57,0.01
True,56,0.01,False,20,20,False,56,True,0.17144160585250967,0.00587861018191967,0.513938957938072,331.01296889362857,461.6089402290527,0.0,MS-HIDE,100,case57,0.01
True,17,-0.01,True,15,15,False,17,True,0.016919104258113035,0.006328270537353179,0.4497284071354817,305.43701465649065,379.3610851309495,0.0,MS-HIDE,101,case57,0.01
True,12,0.01,True,1,1,False,12,True,3.8671819781197475e-10,6.813834241567842e-05,0.43051258969643125,322.8183249506401,448.79535211366607,0.0,MS-HIDE,102,case57,0.01
True,48,-0.01,True,14,14,False,48,True,3.867180879725868e-10,0.001730772651364444,0.47542262015365105,316.68018950440455,371.9317020731978,0.0,MS-HIDE,103,case57,0.01
True,31,0.01,False,20,20,False,31,True,0.03375079265503495,0.0032022044141328866,0.4767711084030356,314.6477334055817,388.58940383652225,0.0,MS-HIDE,104,case57,0.01
True,31,0.01,False,20,20,False,31,True,0.1145347595236983,0.0036543939398820786,0.5069424687412093,299.08324374700896,377.9744857427431,0.0,MS-HIDE,105,case57,0.01
True,41,-0.01,True,1,1,False,41,True,3.187710444442749e-08,0.0006132324836851283,0.518172628216915,314.3457416939782,388.2369648810709,0.0,MS-HIDE,106,case57,0.01
True,16,-0.01,False,20,20,False,0,False,0.439098090947045,0.33167448154183427,0.5017788168690931,307.85614584747236,445.98958479764406,0.0,MS-HIDE,107,case57,0.01
True,20,0.01,True,2,2,False,19,False,0.1714416009440448,0.001980207710547444,0.4679246389087933,297.92163739039097,355.35350173595367,0.0,MS-HIDE,108,case57,0.01
True,50,0.01,True,14,14,False,50,True,2.262819545214629e-05,0.0018925790742090139,0.4791822639030109,300.43926030630246,359.57312264945364,0.0,MS-HIDE,109,case57,0.01
True,17,0.01,False,20,20,False,17,True,0.14102176768233535,0.0051329471602602934,0.4780596233791054,318.4021312481491,428.81782260374166,0.0,MS-HIDE,110,case57,0.01
True,41,0.01,True,2,2,False,41,True,5.808242475367495e-07,0.0006133180948746243,0.5365132136972225,307.82269584888127,373.2237416290445,0.0,MS-HIDE,111,case57,0.01
True,15,0.01,False,20,20,False,0,False,0.428344379916879,0.33019556805473826,0.5489804150935353,316.71506665006746,414.3129687086912,0.0,MS-HIDE,112,case57,0.01
True,12,-0.01,True,1,1,False,12,True,3.8671819781197475e-10,0.00011017006818771151,0.4068073462138209,297.828547944664,360.7828103966313,0.0,MS-HIDE,113,case57,0.01
True,33,-0.01,False,20,20,False,0,False,0.4374309143076641,0.33230231890680234,0.5031027169419943,302.660781290615,353.6251211189665,0.0,MS-HIDE,114,case57,0.01
True,8,0.01,True,1,1,False,8,True,3.8671819781197475e-10,0.00023822592855046607,0.5349711297655189,323.4456061909441,429.7023618564709,0.0,MS-HIDE,115,case57,0.01
True,16,-0.01,False,20,20,False,0,False,0.4312383009540635,0.33227927849214295,0.5524461897779651,294.022097956622,374.2179978900822,0.0,MS-HIDE,116,case57,0.01
True,46,-0.01,False,20,20,False,0,False,0.4955101375275033,0.3046113809604011,0.5305996800941457,308.81012295139953,380.8312582987128,0.0,MS-HIDE,117,case57,0.01
True,8,-0.01,True,1,1,False,8,True,3.86718197811975e-10,0.000238266868642993,0.5597246152006319,292.15414165810216,348.25292915920727,0.0,MS-HIDE,118,case57,0.01
True,20,0.01,False,20,20,False,20,True,0.1714416009440448,0.0019077829288327408,0.4662391655303097,307.16743124939967,354.0217034955277,0.0,MS-HIDE,119,case57,0.01
True,52,-0.01,True,7,7,False,52,True,0.1714416009440448,0.001658907395083053,0.41439879277398495,306.64368754660245,369.7775437729433,0.0,MS-HIDE,120,case57,0.01
True,9,-0.01,False,20,20,False,9,True,3.867180330552154e-10,0.004798724519015973,0.41294409607681554,304.455762548605,361.4722360594897,0.0,MS-HIDE,121,case57,0.01
True,21,0.01,False,20,20,False,0,False,0.4304379030793908,0.33381160434598833,0.5584794935912294,309.0883083001245,378.984377058805,0.0,MS-HIDE,122,case57,0.01
True,43,0.01,True,14,14,False,37,False,0.17151941438642712,0.001562411124334591,0.5131815256444417,322.1443228976568,390.16433815995697,0.0,MS-HIDE,123,case57,0.01
True,18,-0.01,True,9,9,False,17,False,0.15703491686512902,0.012265969202261482,0.46569520033091855,309.7383665066445,382.23993926367257,0.0,MS-HIDE,124,case57,0.01
True,38,-0.01,False,20,20,False,38,True,0.4589851111209836,0.1382120566710678,0.5168048288071218,307.4656480021076,405.420531265554,0.0,MS-HIDE,125,case57,0.01
True,47,-0.01,False,20,20,False,0,False,0.43876027449194877,0.3311305026062256,0.5175358070323528,305.57406670122873,377.59215866972227,0.0,MS-HIDE,126,case57,0.01
True,51,-0.01,False,20,20,False,51,True,8.90339359288369e-05,0.004226193490658842,0.521848134793093,322.1764019515831,415.29708097805275,0.0,MS-HIDE,127,case57,0.01
True,23,0.01,True,0,0,False,0,False,0.44323262275940395,0.3315194236780847,0.5415493809120452,323.2661854068283,390.72469966195064,0.0,MS-HIDE,128,case57,0.01
True,40,0.01,True,15,15,False,40,True,0.0015096479926161167,0.009179876258729156,0.544742032712817,296.22668120719027,386.93370659311773,0.0,MS-HIDE,129,case57,0.01
True,20,-0.01,False,20,20,False,19,False,0.1714416009440448,0.0019579859158116246,0.44196570436439125,295.56012710381765,353.43391430506017,0.0,MS-HIDE,130,case57,0.01
True,51,-0.01,False,20,20,False,51,True,0.28513285230762725,0.10658080959296504,0.5227522118225255,296.40266679925844,358.59467915433925,0.0,MS-HIDE,131,case57,0.01
True,26,0.01,True,15,15,False,25,False,0.17937620353736694,0.005605507769324183,0.5361548737578106,307.6109374553198,372.46508577954955,0.0,MS-HIDE,132,case57,0.01
True,43,-0.01,True,7,7,False,37,False,0.1714417959137915,0.0016744666257606231,0.5179724384973297,295.6896770512685,351.5393208217574,0.0,MS-HIDE,133,case57,0.01
True,54,-0.01,False,20,20,False,54,True,0.0006847289029178986,0.0019107146426957915,0.5799547742036278,296.19991649815347,346.5890797873726,0.0,MS-HIDE,134,case57,0.01
True,32,0.01,False,20,20,False,0,False,0.45648932293697625,0.32588837443564506,0.5267474750175475,314.23638945270795,397.64491424721206,0.0,MS-HIDE,135,case57,0.01
True,47,0.01,False,20,20,False,0,False,0.44841449718293763,0.32620356086438257,0.5364424251729613,292.9256604023976,360.0806875299895,0.0,MS-HIDE,136,case57,0.01
True,51,0.01,True,2,2,False,51,True,0.004870927097090284,0.007360683553850359,0.5303502109423124,306.26214584335685,378.6188943660818,0.0,MS-HIDE,137,case57,0.01
True,53,0.01,True,10,10,False,52,False,0.17144160094519362,0.0015855623555968363,0.4366703307603273,316.67373544478323,414.6780249866424,0.0,MS-HIDE,138,case57,0.01
True,54,0.01,True,16,16,False,54,True,2.3971324369979e-05,0.001960507663801873,0.5930382725989938,296.41218964534346,367.65077679010574,0.0,MS-HIDE,139,case57,0.01
True,20,0.01,False,20,20,False,19,False,0.17144160094430624,0.0019080294427551703,0.4451398571246023,318.3462563029025,384.21193606336607,0.0,MS-HIDE,140,case57,0.01
True,52,0.01,True,9,9,False,53,False,0.1714416009440448,0.0017135804878201121,0.43853326981565943,310.2967688057106,355.7502902811393,0.0,MS-HIDE,141,case57,0.01
True,10,0.01,True,2,2,False,10,True,3.8671819781197475e-10,0.0006041819217856263,0.5425426406197937,314.8224937991472,391.6177541716025,0.0,MS-HIDE,142,case57,0.01
True,12,-0.01,True,1,1,False,12,True,3.8671819781197475e-10,6.81383427770382e-05,0.38761282578298845,324.83386255044024,392.26333548722323,0.0,MS-HIDE,143,case57,0.01
True,10,0.01,True,2,2,False,10,True,3.8671819781197475e-10,0.0006219058457345213,0.5273145684475954,316.7980416503269,397.2293618397089,0.0,MS-HIDE,144,case57,0.01
True,11,-0.01,True,1,1,False,11,True,3.8671819781197475e-10,0.00024308036852042038,0.5433315213870525,311.790677101817,377.74369996623136,0.0,MS-HIDE,145,case57,0.01
True,25,-0.01,True,9,9,False,26,False,0.1714416009440448,0.0043376962270111515,0.47362968749357737,301.69023524504155,365.6703694170574,0.0,MS-HIDE,146,case57,0.01
True,36,0.01,True,3,3,False,36,True,1.6989347085028353e-09,0.0007561362677630777,0.4571129676826048,318.3887688064715,367.98725416301755,0.0,MS-HIDE,147,case57,0.01
True,44,-0.01,False,20,20,False,44,True,0.00044377712335618943,0.004329809405190611,0.5073626931333034,315.35788319597486,405.8119437569986,0.0,MS-HIDE,148,case57,0.01
True,24,0.01,True,15,15,False,24,True,0.17144160150283014,0.002285427039467534,0.5937412754852456,302.89792709227186,351.8452080228599,0.0,MS-HIDE,149,case57,0.01
True,3,0.01,True,7,7,False,3,True,3.8671819781203074e-10,0.0011450029615512325,0.5045893800471896,305.51866055175196,392.27516285609454,0.0,MS-HIDE,150,case57,0.01
True,42,0.01,False,20,20,False,42,True,3.8671808797195653e-10,0.0020986744475128103,0.5385363938893457,303.62509999540634,362.25694547756575,0.0,MS-HIDE,151,case57,0.01
True,23,0.01,False,20,20,False,0,False,0.47106110574755017,0.32095741710119485,0.5113677755323616,310.9560354001587,368.15753477276303,0.0,MS-HIDE,152,case57,0.01
True,45,0.01,True,7,7,False,45,True,3.867180605118481e-10,0.002408609899254118,0.5286919376090313,319.4775519601535,398.23887770762667,0.0,MS-HIDE,153,case57,0.01
True,24,-0.01,False,20,20,False,24,True,0.1714416763342081,0.002241220558238112,0.5254739771762387,306.320768801379,359.7971121780575,0.0,MS-HIDE,154,case57,0.01
True,22,-0.01,False,20,20,False,0,False,0.4653722541948958,0.3172214090739848,0.5647239430375159,296.7844625498401,402.7645437512547,0.0,MS-HIDE,155,case57,0.01
True,23,0.01,False,20,20,False,0,False,0.4311170325987323,0.33220449215087616,0.5428740670751778,284.4594063528348,345.77165002701804,0.0,MS-HIDE,156,case57,0.01
True,54,0.01,True,8,8,False,54,True,0.0005850831114744061,0.001910689736887266,0.5938469387749364,305.0503728009062,362.228004145436,0.0,MS-HIDE,157,case57,0.01
True,33,-0.01,False,20,20,False,0,False,0.5271516446326376,0.2975124223297422,0.49026296638452116,305.27352100471035,374.1200294927694,0.0,MS-HIDE,158,case57,0.01
True,39,-0.01,False,20,20,False,0,False,0.4739717156189627,0.31710869629547556,0.5567321986518096,310.0286229455378,388.7300330155995,0.0,MS-HIDE,159,case57,0.01
True,13,0.01,True,1,1,False,13,True,3.8671819781197475e-10,0.00024296946484459904,0.58362690731654,310.8809209545143,368.8303830829682,0.0,MS-HIDE,160,case57,0.01
True,38,0.01,False,20,20,False,56,False,0.17145238975956092,0.005094896212471698,0.5391481438060017,316.57065201434307,423.5602785513038,0.0,MS-HIDE,161,case57,0.01
True,35,0.01,True,2,2,False,35,True,3.867180879719193e-10,0.0006134102161637153,0.4467505064837877,323.9958081918303,381.7653121921467,0.0,MS-HIDE,162,case57,0.01
True,26,-0.01,False,20,20,False,26,True,0.17149960005117498,0.004217462794995253,0.5295805064679324,305.1507916417904,364.5133291371167,0.0,MS-HIDE,163,case57,0.01
True,1,0.01,False,20,20,False,0,False,0.43173440588541,0.33683311079311895,0.48982822114201696,305.6282957550138,354.7004291584017,0.0,MS-HIDE,164,case57,0.01
True,49,-0.01,True,19,19,False,49,True,3.5908773252042907e-09,0.0016301392738730426,0.44969472879623107,292.57468324212823,360.69944519840647,0.0,MS-HIDE,165,case57,0.01
True,40,0.01,False,20,20,False,40,True,0.005321765213100758,0.009179544601165558,0.5226515696749668,294.4252500514267,382.22827883728314,0.0,MS-HIDE,166,case57,0.01
True,40,0.01,False,20,20,False,40,True,0.18205558842156822,0.06262210898753925,0.4937100721440867,293.52709370141383,365.37225596548524,0.0,MS-HIDE,167,case57,0.01
True,28,0.01,True,5,5,False,28,True,3.976126836940658e-10,0.0013516606977202258,0.5543634215278355,330.6409228942357,406.50417288416065,0.0,MS-HIDE,168,case57,0.01
True,38,0.01,False,20,20,False,56,False,0.29481830560204453,0.044550182439458505,0.5420438872961812,295.7644626003457,346.0015086166095,0.0,MS-HIDE,169,case57,0.01
True,27,0.01,True,4,4,False,27,True,5.046790442601214e-10,0.001092804080759723,0.5353750641902623,307.30297290720046,375.2277437626617,0.0,MS-HIDE,170,case57,0.01
True,30,-0.01,False,20,20,False,30,True,0.04015985217457473,0.006766406137108389,0.5382806717081089,314.0681354474509,402.2945416800212,0.0,MS-HIDE,171,case57,0.01
True,31,-0.01,False,20,20,False,31,True,0.08757427251271199,0.006353832508117865,0.49055710032816197,310.99335420003626,379.52543570718274,0.0,MS-HIDE,172,case57,0.01
True,27,0.01,True,5,5,False,27,True,4.2162354862373016e-08,0.0010311563672575758,0.5202212269185967,300.2695229573874,365.2288517478155,0.0,MS-HIDE,173,case57,0.01
True,51,0.01,False,20,20,False,51,True,0.00010577419577711443,0.00466598804987715,0.4628502095297748,304.7579500474967,419.0904377843254,0.0,MS-HIDE,174,case57,0.01
True,28,0.01,True,4,4,False,28,True,3.8671814289197564e-10,0.0007663957029495881,0.5790709153623311,302.1446230006404,368.1004312442383,0.0,MS-HIDE,175,case57,0.01
True,33,-0.01,False,20,20,False,0,False,0.4669587295837727,0.3239079536721152,0.5134046681640497,293.4740039985627,353.9846451982158,0.0,MS-HIDE,176,case57,0.01
True,20,-0.01,False,20,20,False,19,False,0.1714416009440448,0.0019114151398996286,0.5249334540534834,309.3007771472912,365.57206393626984,0.0,MS-HIDE,177,case57,0.01
True,5,0.01,True,11,11,False,5,True,1.2538281842515132e-06,0.0009765383676822076,0.5723290000231976,300.2846706978744,384.78081042994745,0.0,MS-HIDE,178,case57,0.01
True,38,0.01,False,20,20,False,38,True,0.17282265621836676,0.005371561787278236,0.541760867997202,284.0525395964505,363.5171312431339,0.0,MS-HIDE,179,case57,0.01
True,52,-0.01,True,10,10,False,53,False,0.17144160094939737,0.0015280459359437394,0.4482684254261148,329.2176562012173,383.49519999173936,0.0,MS-HIDE,180,case57,0.01
True,48,0.01,True,6,6,False,48,True,4.0803164678612626e-10,0.002220447156098342,0.5059790504091831,306.7566145415185,359.0481958148303,0.0,MS-HIDE,181,case57,0.01
True,32,-0.01,False,20,20,False,0,False,0.4332164166695737,0.33502871877270907,0.540946508481356,318.79370215756353,392.5874184264103,0.0,MS-HIDE,182,case57,0.01
True,48,0.01,True,6,6,False,48,True,1.1742673924047774e-06,0.0011409222853323376,0.5112050195888531,300.27351229509804,388.92886422690935,0.0,MS-HIDE,183,case57,0.01
True,48,0.01,True,5,5,False,48,True,2.493108165303962e-09,0.001343415982606354,0.4810911568557943,200.9682187490398,267.12317737983545,0.0,MS-HIDE,184,case57,0.01
True,5,0.01,True,7,7,False,5,True,9.417834211854293e-05,0.000996948275204335,0.5394453490295881,302.4371187930228,371.8771756248316,0.0,MS-HIDE,185,case57,0.01
True,41,0.01,True,3,3,False,41,True,0.002234770330593064,0.0006135250342319565,0.5186708604891573,297.6328332995763,386.55174408049794,0.0,MS-HIDE,186,case57,0.01
True,29,-0.01,False,20,20,False,29,True,0.17144160099364147,0.0022395715447034318,0.5239268509357203,306.43566880899016,367.727692303015,0.0,MS-HIDE,187,case57,0.01
True,10,-0.01,True,2,2,False,10,True,3.8671819781197475e-10,0.0006285337847209442,0.5128868369499121,281.9458040554309,373.26513336156495,0.0,MS-HIDE,188,case57,0.01
True,13,0.01,True,2,2,False,13,True,3.8671819781197475e-10,0.00025435215784234115,0.5442180192525788,155.87391244189348,221.27206109289546,0.0,MS-HIDE,189,case57,0.01
True,7,-0.01,False,20,20,False,0,False,0.44102832105955425,0.33018523443253717,0.5382067258810677,305.2648248471087,364.2335961456411,0.0,MS-HIDE,190,case57,0.01
True,34,-0.01,True,16,16,False,34,True,3.8671808797280775e-10,0.0022386528586416615,0.4954113947739003,204.94866454973817,264.1936059400905,0.0,MS-HIDE,191,case57,0.01
True,23,-0.01,False,20,20,False,0,False,0.4428043398056155,0.3261389251882611,0.545145707993274,304.0282645524712,399.6262065396877,0.0,MS-HIDE,192,case57,0.01
True,22,-0.01,False,20,20,False,0,False,0.45114128274612086,0.328970056405279,0.5391461321941392,204.5591208472615,277.20668959082104,0.0,MS-HIDE,193,case57,0.01
True,53,-0.01,False,20,20,False,53,True,0.17144160094488634,0.0017172220916714983,0.38675739018159244,102.74846455722582,148.69042707432527,0.0,MS-HIDE,194,case57,0.01
True,40,0.01,False,20,20,False,0,False,0.4848318777619049,0.2639937566540045,0.48235124063037793,284.21977924590465,375.4841910587857,0.0,MS-HIDE,195,case57,0.01
True,4,-0.01,False,20,20,False,0,False,0.4239404219547553,0.3334019073420662,0.5585842373202626,160.1246562000597,230.78537885157857,0.0,MS-HIDE,196,case57,0.01
True,23,0.01,False,20,20,False,0,False,0.4259759877577891,0.3364857858887646,0.5322417233587027,278.3210103982128,346.3889792124974,0.0,MS-HIDE,197,case57,0.01
True,17,0.01,False,20,20,False,17,True,0.0441412406639466,0.008515529225561345,0.5076108246895467,160.8349999994971,225.92769171460534,0.0,MS-HIDE,198,case57,0.01
True,28,0.01,True,3,3,False,28,True,3.8671814289193237e-10,0.0007693109921512193,0.5430722889390963,77.82531455450226,85.89647464104928,0.0,MS-HIDE,199,case57,0.01
True,26,-0.01,False,20,20,False,26,True,0.1714500108747718,0.008612053353426569,0.6946651679887632,2.142966742394492,2.56398537021596,0.0,RHMTD,0,case57,0.01
True,49,-0.01,False,20,20,False,49,True,0.016789627776698277,0.003274300978830223,0.7031763863922,3.558420849731192,6.790104496758431,0.0,RHMTD,1,case57,0.01
True,53,-0.01,False,20,20,False,53,True,0.19129320725997317,0.003953005290272503,0.7061114305861951,4.125570648466237,8.437907675397584,0.0,RHMTD,2,case57,0.01
True,37,0.01,False,20,20,False,37,True,0.1714416009440448,0.0025123811158494387,0.6963739639653085,7.844199944520369,28.881943415035515,0.0,RHMTD,3,case57,0.01
True,46,0.01,True,17,17,False,0,False,0.43733174930648,0.32960821630805437,0.6946312741064754,4.211431348812766,8.138502400834115,0.0,RHMTD,4,case57,0.01
True,17,0.01,False,20,20,False,0,False,0.49777764115153206,0.26513792503537037,0.6998393279171573,2.0797647099243477,2.4747854506131266,0.0,RHMTD,5,case57,0.01
True,24,0.01,False,20,20,False,29,False,0.17145957389995975,0.013931825243603271,0.6929940233908594,3.4898542071459815,4.802562206168662,0.0,RHMTD,6,case57,0.01
True,3,0.01,False,20,20,False,3,True,4.42608958272673e-10,0.005504218492864096,0.6977877947654327,3.0370020074769855,4.014972600270995,0.0,RHMTD,7,case57,0.01
True,8,-0.01,True,1,1,False,8,True,3.8671819781197506e-10,0.00033345882170102213,0.7050455676820152,5.26571465015877,10.136785093345681,0.0,RHMTD,8,case57,0.01
True,22,0.01,False,20,20,False,0,False,0.5525372648204957,0.2640262829071045,0.6976274094521628,4.784570905030705,10.55737537390087,0.0,RHMTD,9,case57,0.01
True,29,-0.01,True,16,16,False,29,True,0.1714419812822188,0.010237524534187723,0.6955706455796734,2.0431979530258104,2.4936649249866605,0.0,RHMTD,10,case57,0.01
True,28,-0.01,True,2,2,False,28,True,4.3429292125473046e-10,0.004152744469216044,0.6906948533828214,3.4717770031420514,5.9335889352951225,0.0,RHMTD,11,case57,0.01
True,8,0.01,True,1,1,False,8,True,3.8671819781197475e-10,0.00048432174357702424,0.6983076530817569,4.696983299800195,9.72275584936142,0.0,RHMTD,12,case57,0.01
True,28,-0.01,True,5,5,False,28,True,4.3934082132381064e-10,0.0011951786331887897,0.6980451085632124,5.072148045292124,10.208739913650808,0.0,RHMTD,13,case57,0.01
True,22,0.01,False,20,20,False,0,False,0.4697075656650611,0.30429006142580345,0.6999195205737923,3.2814165053423494,5.6455791083863005,0.0,RHMTD,14,case57,0.01
True,26,0.01,False,20,20,False,25,False,0.1718487831900498,0.005617514268358612,0.7029138418736557,1.960345805855468,2.3623517336091027,0.0,RHMTD,15,case57,0.01
True,40,-0.01,False,20,20,False,40,True,0.056662106056913436,0.020933765007912792,0.6989696876590645,7.588124996982515,21.90338923246603,0.0,RHMTD,16,case57,0.01
True,1,-0.01,False,20,20,False,0,False,0.5328065532837207,0.24590893528263466,0.6959342983056191,5.746014404576272,10.230901744216713,0.0,RHMTD,17,case57,0.01
True,37,-0.01,False,20,20,False,43,False,0.1714416009440448,0.0030482838595780586,0.6993944315367031,6.798931348021142,12.659614626318247,0.0,RHMTD,18,case57,0.01
True,42,-0.01,True,5,5,False,42,True,1.280452421051205e-09,0.004456267918007088,0.7018636637994773,4.456456154002808,8.160614609369079,0.0,RHMTD,19,case57,0.01
True,32,0.01,False,20,20,False,0,False,0.411988175012557,0.33533308621437996,0.7002570270282067,2.1326208516256884,2.61896423471626,0.0,RHMTD,20,case57,0.01
True,20,0.01,False,20,20,False,19,False,0.17144160094527966,0.002646422470828259,0.7010446605838406,3.27602504985407,4.932623269269246,0.0,RHMTD,21,case57,0.01
True,46,0.01,False,20,20,False,0,False,0.42095563637884886,0.3331121146868872,0.7050455676820151,3.8449291983852163,8.219306249520743,0.0,RHMTD,22,case57,0.01
True,42,0.01,False,20,20,False,42,True,0.00040435472113924955,0.005737915773396525,0.6967968937971228,4.644493703381158,11.521551429177634,0.0,RHMTD,23,case57,0.01
True,56,-0.01,True,3,3,False,0,False,0.44023548919712846,0.32756176415384014,0.7034389309107447,3.6780230555450544,6.2857643322786325,0.0,RHMTD,24,case57,0.01
True,53,0.01,False,20,20,False,53,True,0.1714477135125216,0.003482631247599362,0.6932174433063512,3.6031646450283006,9.17171246255748,0.0,RHMTD,25,case57,0.01
True,48,0.01,False,20,20,False,48,True,0.0013570170887623292,0.005184116810253676,0.6994537086425714,4.2671021074056625,9.914585095248187,0.0,RHMTD,26,case57,0.01
True,24,-0.01,False,20,20,False,33,False,0.16457826310707271,0.04644635082670415,0.6989286196054825,4.050837599788792,8.073687177966349,0.0,RHMTD,27,case57,0.01
True,20,0.01,True,8,8,False,20,True,0.1714416009440448,0.002218309889431022,0.7001977499223384,4.753950095619075,12.237901746993888,0.0,RHMTD,28,case57,0.01
True,34,-0.01,True,18,18,False,34,True,5.9610941749625176e-05,0.012074904725908955,0.6985911131510678,3.576147902640514,4.724710373557178,0.0,RHMTD,29,case57,0.01
True,11,-0.01,True,1,1,False,11,True,3.8671819781197553e-10,0.0007519078100424372,0.7015854344509314,3.340135543840006,5.664045820594766,0.0,RHMTD,30,case57,0.01
True,38,0.01,False,20,20,False,0,False,0.4543652347626467,0.3215539803389726,0.697600212182758,6.0435000457800925,27.053193069878034,0.0,RHMTD,31,case57,0.01
True,32,0.01,False,20,20,False,0,False,0.44621436316933566,0.32605971814695917,0.6909906030593058,3.4002394968410954,6.754789265687578,0.0,RHMTD,32,case57,0.01
True,15,-0.01,False,20,20,False,0,False,0.4001441374147786,0.3394764061773161,0.701060345413842,3.431579243624583,5.431311030406505,0.0,RHMTD,33,case57,0.01
True,36,0.01,True,10,10,False,36,True,1.4133253121058214e-05,0.0014192009806786002,0.7026512973551109,4.423400049563497,5.404687838745323,0.0,RHMTD,34,case57,0.01
True,26,0.01,False,20,20,False,25,False,0.17144282135075278,0.004497948934348373,0.6970594383156674,4.007168646785431,8.261447591939945,0.0,RHMTD,35,case57,0.01
True,28,0.01,True,2,2,False,28,True,3.867180879752191e-10,0.003298401320167549,0.7058488860676505,3.5460686456644908,4.079255973920235,0.0,RHMTD,36,case57,0.01
True,3,0.01,True,14,14,False,3,True,4.126670820697324e-10,0.003798896171093903,0.6956508382363082,5.685800049104728,18.280814585159547,0.0,RHMTD,37,case57,0.01
True,6,0.01,False,20,20,False,6,True,1.21255592405892e-05,0.005854271818113674,0.6988536576696125,4.4179938529850915,10.271724400809036,0.0,RHMTD,38,case57,0.01
True,51,-0.01,False,20,20,False,51,True,0.43524147889418324,0.1339334826551581,0.695650838236308,4.8303999967174605,11.619771149707958,0.0,RHMTD,39,case57,0.01
True,17,0.01,False,20,20,False,0,False,0.4678687272643812,0.3124708895329316,0.7026512973551109,4.260462510865182,10.025478873285468,0.0,RHMTD,40,case57,0.01
True,49,-0.01,False,20,20,False,49,True,2.9816117912757585e-05,0.0032466868920755353,0.6962971879836142,3.5961457557277754,7.485186861595141,0.0,RHMTD,41,case57,0.01
True,19,-0.01,False,20,20,False,20,False,0.1714416009440448,0.0021652289371762406,0.7013228899323865,3.4107520972611383,4.305146145634357,0.0,RHMTD,42,case57,0.01
True,31,0.01,False,20,20,False,31,True,0.17187614770203075,0.0046571257697198614,0.6991109714673922,6.752337544457987,19.409560412168528,0.0,RHMTD,43,case57,0.01
True,55,0.01,True,4,4,False,55,True,1.3382725488635707e-06,0.0009099792889128906,0.7012479279965167,4.848287493223324,10.785749659407886,0.0,RHMTD,44,case57,0.01
True,2,0.01,False,20,20,False,2,True,3.8940793722388377e-10,0.00418950728859183,0.7005195715467514,5.867045852937736,12.514347609248956,0.0,RHMTD,45,case57,0.01
True,34,-0.01,False,20,20,False,34,True,0.07918760533563543,0.003627642309444831,0.7009853834779722,5.293156357947737,10.417881573084754,0.0,RHMTD,46,case57,0.01
True,14,-0.01,True,18,18,False,14,True,3.873163696179121e-10,0.0013232664886408726,0.6966626547553845,5.256374948658049,12.547739871661179,0.0,RHMTD,47,case57,0.01
True,1,0.01,False,20,20,False,0,False,0.5021279628191924,0.2709940654481885,0.7028388799377856,4.9351500027114525,9.88829795678612,0.0,RHMTD,48,case57,0.01
True,34,-0.01,False,20,20,False,34,True,0.0004902852214996775,0.004792348260567189,0.7002570270282068,3.982277054456062,9.155223247944377,0.0,RHMTD,49,case57,0.01
True,40,-0.01,False,20,20,False,40,True,0.042536967222228085,0.017863943423408836,0.6980451085632122,3.604862533393316,5.434485085424972,0.0,RHMTD,50,case57,0.01
True,27,-0.01,True,1,1,False,27,True,7.430834838314397e-10,0.002045597895337658,0.6993735159859367,6.48175430833362,10.709073560428845,0.0,RHMTD,51,case57,0.01
True,44,-0.01,False,20,20,False,0,False,0.4363257398205274,0.3278518114721075,0.7029138418736556,3.65558949415572,7.212126709055156,0.0,RHMTD,52,case57,0.01
True,1,0.01,False,20,20,False,0,False,0.4356344804202935,0.32698394373345985,0.7029138418736556,3.4717061993433163,7.00524377753027,0.0,RHMTD,53,case57,0.01
True,20,-0.01,False,20,20,False,19,False,0.17144160099998115,0.0030112691648850626,0.702651297355111,4.006448001018725,9.637485412531532,0.0,RHMTD,54,case57,0.01
True,41,-0.01,True,1,1,False,55,False,0.17112221085877216,0.0008084447527282368,0.7007978008952975,3.0892186536220834,3.9574082562467088,0.0,RHMTD,55,case57,0.01
True,25,0.01,False,20,20,False,26,False,0.17149387544018646,0.013400528025698721,0.7047830231634706,3.288039649487473,4.584433618583719,0.0,RHMTD,56,case57,0.01
True,33,0.01,False,20,20,False,0,False,0.4770510020617818,0.31365116196390436,0.7029138418736556,6.19449584337417,9.498049403191576,0.0,RHMTD,57,case57,0.01
True,42,-0.01,False,20,20,False,42,True,8.305877667029266e-06,0.008737179348246143,0.6994537086425716,4.493833196465857,11.641945823794233,0.0,RHMTD,58,case57,0.01
True,21,0.01,False,20,20,False,0,False,0.44328093198703516,0.3243505079090395,0.7085057009130991,4.513537453021854,10.861545804073103,0.0,RHMTD,59,case57,0.01
True,36,-0.01,False,20,20,False,36,True,9.803790853578908e-09,0.0025003402682873465,0.7045047938149245,4.820053998264484,11.34701424452942,0.0,RHMTD,60,case57,0.01
True,46,0.01,False,20,20,False,0,False,0.4529430793416747,0.3202958730341435,0.6990360095315222,4.404527155566029,12.239219405455515,0.0,RHMTD,61,case57,0.01
True,56,0.01,False,20,20,False,0,False,0.5118479863821842,0.2184304626644396,0.6942683844284803,3.9146563096437603,6.3464770995779,0.0,RHMTD,62,case57,0.01
True,8,-0.01,True,2,2,False,8,True,3.8671819781197475e-10,0.00048768484218572296,0.7007821160652958,5.135856042033993,12.153095469693662,0.0,RHMTD,63,case57,0.01
True,2,0.01,False,20,20,False,2,True,3.867181703523196e-10,0.0026975993776671135,0.6916909991917157,4.685597948264331,11.53021939098835,0.0,RHMTD,64,case57,0.01
True,43,0.01,False,20,20,False,37,False,0.17144160095118852,0.003075060993450322,0.6961759272733972,7.047195950872265,19.226658352999976,0.0,RHMTD,65,case57,0.01
True,11,0.01,True,1,1,False,11,True,3.8671819781197475e-10,0.0007549391434555541,0.6943224308135836,3.9649667509365822,7.765610775095412,0.0,RHMTD,66,case57,0.01
True,7,0.01,False,20,20,False,15,False,0.41186478462910153,0.1420139763681638,0.7029138418736556,4.58183755108621,12.142800012952655,0.0,RHMTD,67,case57,0.01
True,7,-0.01,False,20,20,False,7,True,0.004327244350698104,0.0175029043544656,0.7020303308313853,4.7778645472135395,11.45857085939497,0.0,RHMTD,68,case57,0.01
True,51,-0.01,False,20,20,False,51,True,0.05904586700601209,0.020810720847192488,0.6956508382363082,4.370016610482708,11.896377071388997,0.0,RHMTD,69,case57,0.01
True,12,-0.01,True,1,1,False,12,True,3.8671819781197475e-10,0.00017715035484214208,0.6966417392046179,4.048439700272866,9.199123183498159,0.0,RHMTD,70,case57,0.01
True,17,-0.01,False,20,20,False,18,False,0.2872552710132837,0.04762550567200345,0.6989286196054825,5.032927202410065,10.660889631253667,0.0,RHMTD,71,case57,0.01
True,35,0.01,True,2,2,False,35,True,3.89945045808606e-10,0.002780717739778549,0.696716701140488,4.626960289897397,10.439075011527166,0.0,RHMTD,72,case57,0.01
True,37,0.01,False,20,20,False,37,True,0.1714416009440448,0.0030476406334949465,0.7002570270282069,5.339908454334363,11.696356552420186,0.0,RHMTD,73,case57,0.01
True,11,0.01,True,1,1,False,11,True,3.8671819781197475e-10,0.0006343916925124052,0.6961759272733974,4.387839455739595,8.424941668636166,0.0,RHMTD,74,case57,0.01
True,43,-0.01,False,20,20,False,37,False,0.1714416009440448,0.0024841891017799178,0.6976002121827581,3.980785454041324,7.264283933909614,0.0,RHMTD,75,case57,0.01
True,39,0.01,False,20,20,False,39,True,0.009517426861304322,0.008774735231654087,0.6964052666340019,5.062139546498656,9.107053879415634,0.0,RHMTD,76,case57,0.01
True,41,-0.01,True,2,2,False,41,True,1.3812839617701278e-05,0.0007015290396768691,0.6945517701741885,3.838854207424447,7.473533670417967,0.0,RHMTD,77,case57,0.01
True,11,-0.01,True,1,1,False,11,True,3.8671819781197475e-10,0.0007444192512089295,0.6901488487949661,5.4175144992768764,13.189754163613546,0.0,RHMTD,78,case57,0.01
True,24,0.01,True,4,4,False,24,True,0.1714418925461994,0.00276329590874208,0.7010603454138419,3.9861374942120165,10.650810445076786,0.0,RHMTD,79,case57,0.01
True,26,-0.01,False,20,20,False,26,True,0.17206708067758983,0.004692883618946557,0.7002570270282069,4.743279246031307,9.913335414603354,0.0,RHMTD,80,case57,0.01
True,37,0.01,False,20,20,False,37,True,0.1714416009440448,0.003050991714271013,0.7023887528365664,3.468031354714185,5.6752583739580595,0.0,RHMTD,81,case57,0.01
True,26,-0.01,False,20,20,False,25,False,0.171441600947651,0.004932919366601888,0.6910446494444095,4.5804918016074225,8.65319439035375,0.0,RHMTD,82,case57,0.01
True,20,-0.01,False,20,20,False,19,False,0.1714416009440448,0.0022119370141909086,0.7037171602592909,6.107987495488487,11.593097948934892,0.0,RHMTD,83,case57,0.01
True,54,0.01,False,20,20,False,54,True,0.0005656072187353741,0.0025141484412610437,0.7021105234880205,3.514039554283954,6.597648569731974,0.0,RHMTD,84,case57,0.01
True,31,0.01,False,20,20,False,31,True,0.1686319651623363,0.0053678872323525435,0.7037171602592907,4.716316645499319,11.994495836552241,0.0,RHMTD,85,case57,0.01
True,28,0.01,True,5,5,False,28,True,3.867181154319928e-10,0.0010892287081273855,0.696716701140488,4.0620063577080145,7.65138577844482,0.0,RHMTD,86,case57,0.01
True,26,-0.01,False,20,20,False,25,False,0.17928155524960016,0.006025221326567753,0.6989286196054824,6.336566596291959,11.522118758875905,0.0,RHMTD,87,case57,0.01
True,17,-0.01,False,20,20,False,18,False,0.24776986734060155,0.047933871790543564,0.6932617986301688,6.8824894551653415,24.51804164156784,0.0,RHMTD,88,case57,0.01
True,55,-0.01,True,8,8,False,55,True,1.895916973047893e-07,0.0009827130151725079,0.7010446605838405,4.530568752670661,12.63208190794103,0.0,RHMTD,89,case57,0.01
True,11,0.01,True,1,1,False,11,True,3.8671819781197475e-10,0.00033090370700178504,0.7032174544457823,5.566847950103693,13.940783360158095,0.0,RHMTD,90,case57,0.01
True,48,-0.01,False,20,20,False,48,True,2.191507870278136e-07,0.005190702262961999,0.6970751231456689,3.4893729985924438,5.247102395514959,0.0,RHMTD,91,case57,0.01
True,50,-0.01,False,20,20,False,50,True,0.0024650605599633993,0.003243095937862881,0.701060345413842,3.9880666969111194,9.760262767667882,0.0,RHMTD,92,case57,0.01
True,53,-0.01,False,20,20,False,52,False,0.26628151409141665,0.004349965834812673,0.7018479789694758,3.830251964973286,8.195845826412556,0.0,RHMTD,93,case57,0.01
True,43,0.01,True,9,9,False,37,False,0.17144160095138464,0.003027476223968198,0.697600212182758,4.2788310995092615,9.126052071223969,0.0,RHMTD,94,case57,0.01
True,40,-0.01,False,20,20,False,40,True,0.00010488951635062123,0.008929973844082662,0.6975043346961217,6.442035405780189,10.935123189119658,0.0,RHMTD,95,case57,0.01
True,10,-0.01,True,7,7,False,10,True,3.867181703520428e-10,0.0013617505397178899,0.702051246382152,4.619852144969627,12.696616319590248,0.0,RHMTD,96,case57,0.01
True,14,0.01,True,2,2,False,14,True,7.994535670669933e-10,0.004573866708589649,0.6994537086425714,3.813214649562724,6.828731606947258,0.0,RHMTD,97,case57,0.01
True,53,-0.01,True,5,5,False,53,True,0.18192719565216037,0.0068852170842820136,0.7007821160652961,4.492974950699136,8.248964883387092,0.0,RHMTD,98,case57,0.01
True,49,-0.01,False,20,20,False,49,True,0.007424627523901236,0.0035772604528160183,0.6983285686325233,3.793752199271694,7.533887866884471,0.0,RHMTD,99,case57,0.01
True,56,0.01,False,20,20,False,38,False,0.18426791874746706,0.018236526704820965,0.7013228899323868,4.483462555799633,9.535366913769396,0.0,RHMTD,100,case57,0.01
True,17,-0.01,False,20,20,False,0,False,0.44358794384443456,0.32263882998424215,0.7047830231634707,5.035799997858703,12.213797969161535,0.0,RHMTD,101,case57,0.01
True,12,0.01,True,1,1,False,12,True,3.8671819781197475e-10,0.00017723885031653978,0.7015854344509311,4.383258242160082,10.473411847488023,0.0,RHMTD,102,case57,0.01
True,48,-0.01,False,20,20,False,48,True,1.3083540375642512e-09,0.006132808631864277,0.6982536066966536,4.091283454908989,8.393927093129609,0.0,RHMTD,103,case57,0.01
True,31,0.01,False,20,20,False,30,False,0.18262079780318188,0.004702944601993771,0.7021262083180217,4.320304104476236,9.7788750048494,0.0,RHMTD,104,case57,0.01
True,31,0.01,True,19,19,False,30,False,0.12976854999182227,0.004483132735186842,0.7001820650923368,6.428881295141764,15.864531279657967,0.0,RHMTD,105,case57,0.01
True,41,-0.01,True,1,1,False,41,True,8.692055745574969e-08,0.000680579992484954,0.7012479279965167,6.228847897727974,12.971024715807301,0.0,RHMTD,106,case57,0.01
True,16,-0.01,False,20,20,False,0,False,0.43832180176792274,0.323519790190026,0.6963791946860736,4.994816650287248,12.300843745470049,0.0,RHMTD,107,case57,0.01
True,20,0.01,True,10,10,False,19,False,0.1714416009440448,0.005847474151277292,0.6984289137919739,5.5818103544879705,12.096918799215928,0.0,RHMTD,108,case57,0.01
True,50,0.01,False,20,20,False,50,True,0.000904628610780949,0.006351558454221185,0.6965597325021589,3.5135541402269155,6.553139223251492,0.0,RHMTD,109,case57,0.01
True,17,0.01,False,20,20,False,0,False,0.5674525628076622,0.24774301096242834,0.6989286196054825,5.827962455805391,20.53477017034312,0.0,RHMTD,110,case57,0.01
True,41,0.01,True,1,1,False,41,True,2.9783443364143205e-06,0.0020696303021538833,0.6960092602414891,4.084493799018674,7.465766344103034,0.0,RHMTD,111,case57,0.01
True,15,0.01,False,20,20,False,0,False,0.4168688929712549,0.3348080110486442,0.6985911131510678,5.510131144546904,11.440326448064301,0.0,RHMTD,112,case57,0.01
True,12,-0.01,True,1,1,False,12,True,3.8671819781197475e-10,0.00017729311171765216,0.6923939724179001,3.8809291436336935,8.874893747270109,0.0,RHMTD,113,case57,0.01
True,33,-0.01,False,20,20,False,0,False,0.46394960416600445,0.3170690316940702,0.6959935754114877,5.4672188009135425,13.90514137747233,0.0,RHMTD,114,case57,0.01
True,8,0.01,True,1,1,False,8,True,3.8671819781197475e-10,0.0004876848421639067,0.7004446096108814,3.8456398528069258,6.981054213247262,0.0,RHMTD,115,case57,0.01
True,16,-0.01,False,20,20,False,0,False,0.4441923968938357,0.325051682806883,0.6924420852380717,4.791408244636841,11.618203856050968,0.0,RHMTD,116,case57,0.01
True,46,-0.01,False,20,20,False,0,False,0.5083321068442578,0.298056469649183,0.6980451085632124,4.934204294113442,10.79570650763344,0.0,RHMTD,117,case57,0.01
True,8,-0.01,True,1,1,False,8,True,3.8671819781199063e-10,0.0006192385518653159,0.7063739751047395,4.256825093762018,8.23179309081752,0.0,RHMTD,118,case57,0.01
True,20,0.01,False,20,20,False,19,False,0.1714416009440448,0.009002855629634756,0.6999944825096623,4.741881196969189,12.04703576513566,0.0,RHMTD,119,case57,0.01
True,52,-0.01,False,20,20,False,53,False,0.17144160976825745,0.00397344784924851,0.6917388836874303,4.385745743638836,9.015005911351185,0.0,RHMTD,120,case57,0.01
True,9,-0.01,False,20,20,False,9,True,0.4760607077083884,0.1185536367300776,0.7077023825274638,5.054452057811432,13.457539529190399,0.0,RHMTD,121,case57,0.01
True,21,0.01,False,20,20,False,0,False,0.42801228457385143,0.3315887640516043,0.6996360605044811,5.838085393770598,19.474743719911203,0.0,RHMTD,122,case57,0.01
True,43,0.01,False,20,20,False,43,True,0.17144160232374306,0.003168250667248104,0.693256567909404,4.398460499942303,8.77317321719602,0.0,RHMTD,123,case57,0.01
True,18,-0.01,True,9,9,False,0,False,0.4930824609342344,0.2871435529848533,0.6967219318612528,3.9628688042284925,8.75718153838534,0.0,RHMTD,124,case57,0.01
True,38,-0.01,False,20,20,False,38,True,0.18129146887173028,0.015824692878338965,0.7012479279965167,3.8021085056243464,8.007339894538745,0.0,RHMTD,125,case57,0.01
True,47,-0.01,False,20,20,False,0,False,0.4721089090389647,0.31370516317828484,0.7071772934903748,4.092845809645951,9.50588158448227,0.0,RHMTD,126,case57,0.01
True,51,-0.01,False,20,20,False,15,False,0.4439332634724441,0.1594202800765485,0.6970001612097991,4.67474359611515,9.392827091505753,0.0,RHMTD,127,case57,0.01
True,23,0.01,True,0,0,False,0,False,0.5169889001095318,0.2677085834057743,0.6991911641240269,3.5512791975634173,8.305535346153192,0.0,RHMTD,128,case57,0.01
True,40,0.01,True,15,15,False,40,True,0.0007432708545187285,0.01087493035724363,0.7005195715467513,3.9524749445263296,9.365206255461091,0.0,RHMTD,129,case57,0.01
True,20,-0.01,False,20,20,False,19,False,0.1714416009504955,0.0026276173635883283,0.700535256376753,4.530631200759672,10.931816359516233,0.0,RHMTD,130,case57,0.01
True,51,-0.01,False,20,20,False,51,True,0.03062392676072,0.011389998237854299,0.70424224929638,4.159654106479138,7.650085407658483,0.0,RHMTD,131,case57,0.01
True,26,0.01,False,20,20,False,26,True,0.1714511708310213,0.004761135253916686,0.6945849753321284,3.264266799669713,4.047377692768354,0.0,RHMTD,132,case57,0.01
True,43,-0.01,True,7,7,False,37,False,0.17144160094404476,0.003051758792779626,0.7039797047778353,4.098895803326741,9.41484788490925,0.0,RHMTD,133,case57,0.01
True,54,-0.01,False,20,20,False,54,True,0.0008052993725690053,0.009379073098287338,0.6998393279171574,4.513072993722744,10.703229115461003,0.0,RHMTD,134,case57,0.01
True,32,0.01,False,20,20,False,0,False,0.4303905734793364,0.3298239393039582,0.7039797047778353,4.838987492257729,10.298033623257652,0.0,RHMTD,135,case57,0.01
True,47,0.01,False,20,20,False,0,False,0.4769204634841413,0.30918979752848974,0.6986660750869378,6.160825054394081,15.644154240726499,0.0,RHMTD,136,case57,0.01
True,51,0.01,True,2,2,False,51,True,0.030128766464524556,0.011200540826148528,0.7031920712222017,4.299968760460615,8.658856918918907,0.0,RHMTD,137,case57,0.01
True,53,0.01,False,20,20,False,52,False,0.17255909380496115,0.0036231858760615724,0.70424224929638,4.502901996602304,9.57383715431206,0.0,RHMTD,138,case57,0.01
True,54,0.01,False,20,20,False,54,True,2.9613543961544563e-05,0.0130702062746792,0.7002570270282069,4.908508344669826,11.702504786080688,0.0,RHMTD,139,case57,0.01
True,20,0.01,False,20,20,False,20,True,0.17144160097223735,0.0023055563164726105,0.7001820650923369,4.594160444685258,9.500992341781966,0.0,RHMTD,140,case57,0.01
True,52,0.01,False,20,20,False,52,True,0.18220188323459108,0.0031344767138027836,0.6972574750075787,6.107168647577055,12.561468163039539,0.0,RHMTD,141,case57,0.01
True,10,0.01,True,13,13,False,10,True,3.8671819781204357e-10,0.0014014514041661343,0.70424224929638,4.5087165519362316,7.9099274124018875,0.0,RHMTD,142,case57,0.01
True,12,-0.01,True,1,1,False,12,True,3.8671819781197475e-10,0.0001772387363655586,0.7037171602592909,5.261998050264083,15.140437224181374,0.0,RHMTD,143,case57,0.01
True,10,0.01,True,9,9,False,10,True,3.867181978119806e-10,0.0014053777909133996,0.6922526886095728,4.889443691354245,10.198197863064708,0.0,RHMTD,144,case57,0.01
True,11,-0.01,True,1,1,False,11,True,3.8671819781199197e-10,0.000744420890290774,0.6947062360423455,4.16256254829932,11.514979114872405,0.0,RHMTD,145,case57,0.01
True,25,-0.01,False,20,20,False,25,True,0.17144637167308308,0.0064951202225445905,0.7015854344509311,4.2383521009469405,10.36330209753942,0.0,RHMTD,146,case57,0.01
True,36,0.01,True,5,5,False,36,True,0.0015377860390055839,0.0013156526131334616,0.6993194696008332,4.370264548924752,12.03113542869687,0.0,RHMTD,147,case57,0.01
True,44,-0.01,False,20,20,False,44,True,0.18179658353433287,0.057219669652257284,0.6991911641240269,4.92213754914701,10.952453553909436,0.0,RHMTD,148,case57,0.01
True,24,0.01,False,20,20,False,24,True,0.17175134256442612,0.00662068000126562,0.7005195715467514,5.4566353937843814,16.0607776575489,0.0,RHMTD,149,case57,0.01
True,3,0.01,False,20,20,False,3,True,4.2789265752471436e-07,0.00700520583281859,0.7007228389594276,4.964210442267358,10.382297894102521,0.0,RHMTD,150,case57,0.01
True,42,0.01,False,20,20,False,42,True,5.336482792814372e-10,0.004184229162550035,0.6962971879836142,5.276708345627412,12.554220523452386,0.0,RHMTD,151,case57,0.01
True,23,0.01,False,20,20,False,0,False,0.44130810892709,0.3270712959731951,0.6959342983056193,4.957123001804575,9.093508936348373,0.0,RHMTD,152,case57,0.01
True,45,0.01,False,20,20,False,45,True,4.748060697742912e-10,0.0030473882486036804,0.7026512973551109,4.028981400188059,11.239893740275877,0.0,RHMTD,153,case57,0.01
True,24,-0.01,False,20,20,False,33,False,0.1372045408825157,0.03847377252545103,0.6961968428241637,3.654635450220667,8.030287822475657,0.0,RHMTD,154,case57,0.01
True,22,-0.01,False,20,20,False,0,False,0.5029572931449449,0.3047655422488519,0.7033587382541098,4.189083207165822,9.094774723052982,0.0,RHMTD,155,case57,0.01
True,23,0.01,False,20,20,False,0,False,0.40860583230788516,0.33734754835764647,0.7005195715467514,5.756818802910857,13.649008644279101,0.0,RHMTD,156,case57,0.01
True,54,0.01,False,20,20,False,54,True,0.02129326120072058,0.0019953299402986897,0.6990360095315222,4.476029155193828,10.12420244223904,0.0,RHMTD,157,case57,0.01
True,33,-0.01,False,20,20,False,0,False,0.4635882163390051,0.3197271578975318,0.7031763863922001,4.896329250186682,12.42615477531217,0.0,RHMTD,158,case57,0.01
True,39,-0.01,False,20,20,False,39,True,0.178259920817226,0.042308656487488716,0.7021262083180217,4.475752051803283,8.090847599669367,0.0,RHMTD,159,case57,0.01
True,13,0.01,True,4,4,False,13,True,3.8671819781197475e-10,0.0002917014177592351,0.6948091582955711,4.700785601744428,10.107952696853324,0.0,RHMTD,160,case57,0.01
True,38,0.01,False,20,20,False,39,False,0.26438407942936026,0.02711246151047975,0.6935601804815307,4.545349953696132,8.860956283751875,0.0,RHMTD,161,case57,0.01
True,35,0.01,True,2,2,False,35,True,2.481714639757417e-09,0.0015603881746700232,0.6927568620958954,4.7167937067570165,9.632220791536385,0.0,RHMTD,162,case57,0.01
True,26,-0.01,False,20,20,False,26,True,0.1725236288919066,0.00594811830188261,0.6991911641240272,3.8840772467665374,9.143089925055394,0.0,RHMTD,163,case57,0.01
True,1,0.01,False,20,20,False,0,False,0.45235758800349835,0.32060284721164944,0.7018479789694758,5.622272950131446,11.019336018944164,0.0,RHMTD,164,case57,0.01
True,49,-0.01,True,19,19,False,49,True,0.022686910885644517,0.0033167302534628414,0.6890804831206139,4.7615687537472695,9.513944119680673,0.0,RHMTD,165,case57,0.01
True,40,0.01,False,20,20,False,40,True,0.000896980352437591,0.01157320097999936,0.7047830231634707,4.16551455273293,9.161943703657018,0.0,RHMTD,166,case57,0.01
True,40,0.01,False,20,20,False,40,True,0.0003331490612839796,0.010773050233332079,0.7047080612276005,4.269304242916405,9.776206256356094,0.0,RHMTD,167,case57,0.01
True,28,0.01,True,2,2,False,28,True,3.867181428921959e-10,0.001164535064366578,0.6956971370106553,4.651802196167409,10.377799975685775,0.0,RHMTD,168,case57,0.01
True,38,0.01,False,20,20,False,0,False,0.5325036171504187,0.20973608125437326,0.7034546157407462,4.756670951610431,10.669924732064832,0.0,RHMTD,169,case57,0.01
True,27,0.01,False,20,20,False,27,True,4.6041005857369854e-10,0.0020661114749297434,0.695772098946525,4.739762595272623,11.084218361065725,0.0,RHMTD,170,case57,0.01
True,30,-0.01,False,20,20,False,33,False,0.18585250167690928,0.04976084682352206,0.7034389309107447,4.897391848498955,10.68032501207199,0.0,RHMTD,171,case57,0.01
True,31,-0.01,False,20,20,False,30,False,0.1703826690497916,0.005312630666806685,0.6915104613756301,5.056660302216187,13.418243726482617,0.0,RHMTD,172,case57,0.01
True,27,0.01,True,1,1,False,27,True,4.838002109069772e-10,0.0060559918112918784,0.6929601295085716,4.642979142954573,12.384116926114075,0.0,RHMTD,173,case57,0.01
True,51,0.01,False,20,20,False,51,True,0.02320115339133474,0.01142162873525154,0.7039797047778353,4.691256250953302,11.39698809129186,0.0,RHMTD,174,case57,0.01
True,28,0.01,True,1,1,False,28,True,3.8889213712943306e-10,0.003267826446310528,0.6999944825096621,3.504946001339704,6.4188854536041635,0.0,RHMTD,175,case57,0.01
True,33,-0.01,False,20,20,False,25,False,0.44828518087968283,0.10578235322697233,0.6958541056489842,5.024960299488157,10.914189886534588,0.0,RHMTD,176,case57,0.01
True,20,-0.01,False,20,20,False,20,True,0.1714416009440448,0.00221844294117346,0.6991911641240269,3.9562895573908463,9.0072107501328,0.0,RHMTD,177,case57,0.01
True,5,0.01,False,20,20,False,5,True,3.867180330544645e-10,0.0039557960135571816,0.6999944825096622,4.243420786224306,9.358510407037102,0.0,RHMTD,178,case57,0.01
True,38,0.01,False,20,20,False,15,False,0.3096989490486683,0.113596002127564,0.701060345413842,5.176591558847576,10.021689918357882,0.0,RHMTD,179,case57,0.01
True,52,-0.01,False,20,20,False,52,True,0.20007639152446857,0.009515105694676129,0.7018479789694758,3.6120333010330796,5.791616372880531,0.0,RHMTD,180,case57,0.01
True,48,0.01,False,20,20,False,48,True,3.8671806051856684e-10,0.00515104870749857,0.7085057009130993,4.684314498445019,10.462864863802686,0.0,RHMTD,181,case57,0.01
True,32,-0.01,False,20,20,False,0,False,0.4480159760076569,0.3229888588781002,0.6975845273527566,3.8196894543943927,6.641521182609725,0.0,RHMTD,182,case57,0.01
True,48,0.01,False,20,20,False,48,True,1.512479659187318e-07,0.004388217073311042,0.6939849243591694,4.88057489565108,10.793966922210537,0.0,RHMTD,183,case57,0.01
True,48,0.01,False,20,20,False,48,True,3.0004202375525676e-06,0.00546053805465247,0.7004393788901166,3.9849748485721643,7.757405901793394,0.0,RHMTD,184,case57,0.01
True,5,0.01,True,12,12,False,5,True,1.0709154446035625e-09,0.0033082643459962794,0.6961916121033989,4.1004977450938895,10.656827045022512,0.0,RHMTD,185,case57,0.01
True,41,0.01,True,1,1,False,41,True,3.3309496254810936e-06,0.0021585466536346255,0.6970001612097989,3.86330830224324,8.674264245200902,0.0,RHMTD,186,case57,0.01
True,29,-0.01,False,20,20,False,24,False,0.1714416878259252,0.007916438453497926,0.6944716518411564,4.021693646791391,8.765093397232706,0.0,RHMTD,187,case57,0.01
True,10,-0.01,True,3,3,False,10,True,3.867181428923563e-10,0.001401103113315697,0.6969896788327474,3.454554339987226,5.680008960189299,0.0,RHMTD,188,case57,0.01
True,13,0.01,True,2,2,False,13,True,3.8671819781197475e-10,0.0002916246654021036,0.6961166501675289,2.828016653074883,3.293021154240705,0.0,RHMTD,189,case57,0.01
True,7,-0.01,False,20,20,False,0,False,0.47895891923398126,0.3034052283883963,0.6929242921757544,4.494200038607232,10.517655950388873,0.0,RHMTD,190,case57,0.01
True,34,-0.01,False,20,20,False,34,True,0.0050761879228094055,0.010122245222992795,0.7021262083180217,4.238462544162758,11.003360731410798,0.0,RHMTD,191,case57,0.01
True,23,-0.01,False,20,20,False,0,False,0.4837240566663558,0.3070365179479143,0.6944847595773829,2.8267791552934796,3.217925014905632,0.0,RHMTD,192,case57,0.01
True,22,-0.01,False,20,20,False,0,False,0.493850341249129,0.300584649286031,0.6950970860376962,4.108508295030333,7.882485090522098,0.0,RHMTD,193,case57,0.01
True,53,-0.01,False,20,20,False,51,False,0.26368476060861795,0.007887755286657774,0.6986660750869378,2.9268000624142587,3.249012550804764,0.0,RHMTD,194,case57,0.01
True,40,0.01,False,20,20,False,40,True,2.971448141401441e-05,0.009049806912848915,0.7015854344509311,5.150566596421413,12.219133006874472,0.0,RHMTD,195,case57,0.01
True,4,-0.01,False,20,20,False,0,False,0.42843880556839964,0.3294021119384649,0.7042422492963798,3.3466584543930367,6.285742294858211,0.0,RHMTD,196,case57,0.01
True,23,0.01,False,20,20,False,45,False,0.42119607812838844,0.2028887409777077,0.7013228899323867,2.699543794733472,3.0243145098211244,0.0,RHMTD,197,case57,0.01
True,17,0.01,False,20,20,False,0,False,0.5029295156301382,0.29000458639773613,0.6985701976003014,3.6568874085787684,8.05786102428101,0.0,RHMTD,198,case57,0.01
True,28,0.01,True,3,3,False,28,True,3.8671814289212976e-10,0.0011610700379876499,0.698912934775481,2.785004151519388,3.0539413797669113,0.0,RHMTD,199,case57,0.01
True,26,-0.01,True,5,5,False,26,True,0.21672290942011274,0.005135738464315941,0.4948417944683423,27.515560295432806,35.53625979984646,0.0,Robust-MTD,0,case57,0.01
True,49,-0.01,False,20,20,False,50,False,0.19598960223258657,0.007489047700660595,0.4948417944683423,37.55817305354867,81.58415209909437,0.0,Robust-MTD,1,case57,0.01
True,53,-0.01,True,11,11,False,54,False,0.2256535981727192,0.01317565520879424,0.4948417944683423,23.016429212293588,32.170122902607545,0.0,Robust-MTD,2,case57,0.01
True,37,0.01,True,7,7,False,44,False,0.13979499858838196,0.0034872442736109963,0.4948417944683423,30.617160446126945,66.9583416223759,0.0,Robust-MTD,3,case57,0.01
True,46,0.01,True,17,17,False,0,False,0.5473360185150458,0.3535402829266569,0.4948417944683423,30.17009989998769,50.84241430740805,0.0,Robust-MTD,4,case57,0.01
True,17,0.01,False,20,20,False,18,False,0.2111555414805041,0.00704508804970994,0.4948417944683423,27.173297805711627,35.20473154785578,0.0,Robust-MTD,5,case57,0.01
True,24,0.01,False,20,20,False,33,False,0.42340096469990246,0.04121118480565186,0.4948417944683423,31.929343604133464,40.64093400083949,0.0,Robust-MTD,6,case57,0.01
True,3,0.01,False,20,20,False,3,True,0.14567540113751348,0.012945042774808015,0.4948417944683423,23.005704197566956,30.50320555921644,0.0,Robust-MTD,7,case57,0.01
True,8,-0.01,False,20,20,False,8,True,0.0005160928661348622,0.0048889274625077235,0.4948417944683423,26.150129092275165,34.23263123549989,0.0,Robust-MTD,8,case57,0.01
True,22,0.01,False,20,20,False,0,False,0.6060313263571186,0.30665429382643444,0.4948417944683423,37.00887075683568,104.5281267113751,0.0,Robust-MTD,9,case57,0.01
True,29,-0.01,True,16,16,False,31,False,0.3927163555036653,0.047217077778873934,0.4948417944683423,24.798431299859658,37.03925066802185,0.0,Robust-MTD,10,case57,0.01
True,28,-0.01,True,15,15,False,28,True,0.021000255238721306,0.0033997335793178817,0.4948417944683423,31.282185247982852,47.12697530922014,0.0,Robust-MTD,11,case57,0.01
True,8,0.01,False,20,20,False,8,True,1.4136360345589044e-09,0.004882064967580119,0.4948417944683423,23.73700419848319,32.51351310464088,0.0,Robust-MTD,12,case57,0.01
True,28,-0.01,False,20,20,False,28,True,0.009790502811778654,0.0033840384797556196,0.4948417944683423,30.986189559916966,74.50263476930559,0.0,Robust-MTD,13,case57,0.01
True,22,0.01,False,20,20,False,0,False,0.5743269876995367,0.3332075416038032,0.4948417944683423,26.663721006480046,37.15726073132829,0.0,Robust-MTD,14,case57,0.01
True,26,0.01,False,20,20,False,26,True,0.21246479795006054,0.005152911061066835,0.4948417944683423,28.16579389909748,44.46357291599271,0.0,Robust-MTD,15,case57,0.01
True,40,-0.01,False,20,20,False,0,False,0.5347839998756155,0.36244510768280397,0.4948417944683423,38.04971034405753,55.815295153297555,0.0,Robust-MTD,16,case57,0.01
True,1,-0.01,False,20,20,False,0,False,0.5965888962577911,0.28436650568244526,0.4948417944683423,22.042227000929415,31.510414255899377,0.0,Robust-MTD,17,case57,0.01
True,37,-0.01,True,12,12,False,44,False,0.06077752956524133,0.0037421825961670165,0.4948417944683423,29.851770793902688,41.480156261241085,0.0,Robust-MTD,18,case57,0.01
True,42,-0.01,True,19,19,False,0,False,0.5278694230956034,0.3679597045277957,0.4948417944683423,28.48282284976449,44.72359137726019,0.0,Robust-MTD,19,case57,0.01
True,32,0.01,False,20,20,False,0,False,0.5095869641974862,0.370937562066743,0.4948417944683423,27.64766670006793,37.73865449184086,0.0,Robust-MTD,20,case57,0.01
True,20,0.01,False,20,20,False,18,False,0.2947743349440851,0.006335909567446417,0.4948417944683423,37.83711665018927,92.35038122278638,0.0,Robust-MTD,21,case57,0.01
True,46,0.01,False,20,20,False,0,False,0.5018413147010575,0.3790389317151892,0.4948417944683423,21.7083708033897,31.310062829288658,0.0,Robust-MTD,22,case57,0.01
True,42,0.01,False,20,20,False,0,False,0.5159192224984024,0.3690229737979889,0.4948417944683423,26.006983348634094,35.67888718389441,0.0,Robust-MTD,23,case57,0.01
True,56,-0.01,True,3,3,False,0,False,0.5552790869467978,0.34951840976275794,0.4948417944683423,32.4791833962081,62.82238510902974,0.0,Robust-MTD,24,case57,0.01
True,53,0.01,True,15,15,False,54,False,0.17511577622952454,0.014921354464135608,0.4948417944683423,35.01098959532101,63.94482435716783,0.0,Robust-MTD,25,case57,0.01
True,48,0.01,False,20,20,False,50,False,0.14368829823880575,0.008022874283447834,0.4948417944683423,34.75675010413397,81.2631694134325,0.0,Robust-MTD,26,case57,0.01
True,24,-0.01,False,20,20,False,30,False,0.44277674329282257,0.050193475032880096,0.4948417944683423,35.03226249595173,56.106899681617534,0.0,Robust-MTD,27,case57,0.01
True,20,0.01,False,20,20,False,18,False,0.21928059958685173,0.006994339326908635,0.4948417944683423,37.99110834952444,87.23043058998883,0.0,Robust-MTD,28,case57,0.01
True,34,-0.01,True,18,18,False,0,False,0.62495284107876,0.2798266228444375,0.4948417944683423,26.942341701942496,37.14584313565866,0.0,Robust-MTD,29,case57,0.01
True,11,-0.01,False,20,20,False,11,True,3.8671814289237347e-10,0.0048886216059159816,0.4948417944683423,31.807639647740874,46.89660981821362,0.0,Robust-MTD,30,case57,0.01
True,38,0.01,False,20,20,False,0,False,0.5606115638161168,0.3415045300753704,0.4948417944683423,32.11178119236138,54.73497256170958,0.0,Robust-MTD,31,case57,0.01
True,32,0.01,False,20,20,False,0,False,0.5199054051950827,0.3690280128771484,0.4948417944683423,31.54567309829872,64.00536485016347,0.0,Robust-MTD,32,case57,0.01
True,15,-0.01,False,20,20,False,0,False,0.5141856218135128,0.3619631768902538,0.4948417944683423,33.151162494323216,47.18874373356813,0.0,Robust-MTD,33,case57,0.01
True,36,0.01,True,1,1,False,36,True,0.045598789390025526,0.0009142668229583095,0.4948417944683423,35.88065424992237,68.57749198970855,0.0,Robust-MTD,34,case57,0.01
True,26,0.01,False,20,20,False,26,True,0.20784512327287072,0.005198084028789584,0.4948417944683423,30.036110398941673,41.33926251670346,0.0,Robust-MTD,35,case57,0.01
True,28,0.01,False,20,20,False,28,True,0.005221443411477311,0.0033783697453598775,0.4948417944683423,33.57758965285029,59.75494999729563,0.0,Robust-MTD,36,case57,0.01
True,3,0.01,True,14,14,False,3,True,0.12595150044855133,0.008116449758097341,0.4948417944683423,38.62952920899261,54.47087146749254,0.0,Robust-MTD,37,case57,0.01
True,6,0.01,False,20,20,False,6,True,0.21336672355517647,0.04545244371420689,0.4948417944683423,39.963729251758195,49.165910104056834,0.0,Robust-MTD,38,case57,0.01
True,51,-0.01,False,20,20,False,54,False,0.1325815448231077,0.016633168878621946,0.4948417944683423,36.74820620508399,44.670810780371546,0.0,Robust-MTD,39,case57,0.01
True,17,0.01,False,20,20,False,18,False,0.2340902928308748,0.006897887183085328,0.4948417944683423,45.03110430960078,109.36363482906027,0.0,Robust-MTD,40,case57,0.01
True,49,-0.01,False,20,20,False,50,False,0.161416026538643,0.00792292027752668,0.4948417944683423,41.58484574581962,153.5845086677,0.0,Robust-MTD,41,case57,0.01
True,19,-0.01,False,20,20,False,18,False,0.24255206976057495,0.006837594221427063,0.4948417944683423,40.71504174207803,70.11410771810917,0.0,Robust-MTD,42,case57,0.01
True,31,0.01,False,20,20,False,0,False,0.5014118261446625,0.3769780193069826,0.4948417944683423,33.26052705233451,66.63415654329584,0.0,Robust-MTD,43,case57,0.01
True,55,0.01,False,20,20,False,55,True,0.030008088710383796,0.0038353575727965348,0.4948417944683423,36.59289365168661,51.605650005512885,0.0,Robust-MTD,44,case57,0.01
True,2,0.01,False,20,20,False,2,True,0.1696860342597281,0.007050662471227278,0.4948417944683423,33.53851249848958,56.28779169928749,0.0,Robust-MTD,45,case57,0.01
True,34,-0.01,False,20,20,False,0,False,0.6096939769543197,0.30121678821041126,0.4948417944683423,30.491964545217343,52.77122055122164,0.0,Robust-MTD,46,case57,0.01
True,14,-0.01,False,20,20,False,14,True,0.00041653452587781496,0.0034845209125412236,0.4948417944683423,31.290341651765626,51.0756520990981,0.0,Robust-MTD,47,case57,0.01
True,1,0.01,False,20,20,False,0,False,0.5384583049858978,0.3587271621835379,0.4948417944683423,40.440787555417046,98.54336044518278,0.0,Robust-MTD,48,case57,0.01
True,34,-0.01,False,20,20,False,0,False,0.5756138770796086,0.32754512940004255,0.4948417944683423,40.39350610401016,89.23548543825746,0.0,Robust-MTD,49,case57,0.01
True,40,-0.01,False,20,20,False,0,False,0.5467885508034097,0.3541694347536655,0.4948417944683423,33.443177049048245,45.63683150336146,0.0,Robust-MTD,50,case57,0.01
True,27,-0.01,False,20,20,False,26,False,0.19763050779852911,0.005213025992718798,0.4948417944683423,38.82313119538594,76.9118250347674,0.0,Robust-MTD,51,case57,0.01
True,44,-0.01,False,20,20,False,44,True,0.05037231736944703,0.0037679861773704964,0.4948417944683423,30.949712501023896,43.99754581099847,0.0,Robust-MTD,52,case57,0.01
True,1,0.01,False,20,20,False,0,False,0.48449571958245063,0.38700520054652066,0.4948417944683423,33.31318750279024,59.531889617210275,0.0,Robust-MTD,53,case57,0.01
True,20,-0.01,False,20,20,False,18,False,0.2482802839429161,0.00679090267700819,0.4948417944683423,30.96754368452821,47.237633299664644,0.0,Robust-MTD,54,case57,0.01
True,41,-0.01,False,20,20,False,0,False,0.5739970119072255,0.2590524567230356,0.4948417944683423,36.18889155331999,45.40142231271604,0.0,Robust-MTD,55,case57,0.01
True,25,0.01,False,20,20,False,25,True,0.24954435567329245,0.005009033360478382,0.4948417944683423,38.41976864496246,54.42146630375648,0.0,Robust-MTD,56,case57,0.01
True,33,0.01,False,20,20,False,30,False,0.4043823158902505,0.05398130279763422,0.4948417944683423,39.268022699980065,65.8290722785751,0.0,Robust-MTD,57,case57,0.01
True,42,-0.01,False,20,20,False,42,True,0.053640275430668856,0.018944213917271,0.4948417944683423,38.48729170567822,59.40042289148555,0.0,Robust-MTD,58,case57,0.01
True,21,0.01,False,20,20,False,0,False,0.5415855496654493,0.3530153062348932,0.4948417944683423,33.078202049364336,64.42670145479497,0.0,Robust-MTD,59,case57,0.01
True,36,-0.01,True,3,3,False,36,True,0.15158095315336795,0.000901905203368659,0.4948417944683423,35.95661874860525,65.86228391388433,0.0,Robust-MTD,60,case57,0.01
True,46,0.01,False,20,20,False,0,False,0.5249036525291833,0.3678277539406644,0.4948417944683423,36.31596679915674,104.2633978795493,0.0,Robust-MTD,61,case57,0.01
True,56,0.01,False,20,20,False,0,False,0.5498255586662847,0.2846488095968458,0.4948417944683423,33.16063754609786,65.21522085822653,0.0,Robust-MTD,62,case57,0.01
True,8,-0.01,False,20,20,False,8,True,6.656359308151621e-10,0.004882064968088344,0.4948417944683423,40.042264605290256,74.12438929022755,0.0,Robust-MTD,63,case57,0.01
True,2,0.01,False,20,20,False,2,True,0.17076390599034003,0.007113848311158538,0.4948417944683423,47.713072699843906,126.05636811349541,0.0,Robust-MTD,64,case57,0.01
True,43,0.01,False,20,20,False,44,False,0.07267251181796612,0.0037105721295226635,0.4948417944683423,28.914749997784384,34.931175335077576,0.0,Robust-MTD,65,case57,0.01
True,11,0.01,False,20,20,False,11,True,3.2352713857985275e-09,0.004888621762546123,0.4948417944683423,31.358781282324347,49.036107974825455,0.0,Robust-MTD,66,case57,0.01
True,7,0.01,False,20,20,False,0,False,0.5442362048234013,0.3589783740188392,0.4948417944683423,41.26936869579367,55.012141083716415,0.0,Robust-MTD,67,case57,0.01
True,7,-0.01,False,20,20,False,0,False,0.5737340492910996,0.2957259691049384,0.4948417944683423,38.80386884266045,47.25135445478372,0.0,Robust-MTD,68,case57,0.01
True,51,-0.01,False,20,20,False,54,False,0.49134536306040305,0.1395219374541462,0.4948417944683423,41.242301993770525,57.64349551755004,0.0,Robust-MTD,69,case57,0.01
True,12,-0.01,True,1,1,False,12,True,3.867181978119748e-10,0.00045950791273184757,0.4948417944683423,34.43582294858061,61.21911703376101,0.0,Robust-MTD,70,case57,0.01
True,17,-0.01,False,20,20,False,18,False,0.23390687453991654,0.006901472935132568,0.4948417944683423,37.96531035040971,54.41164580988698,0.0,Robust-MTD,71,case57,0.01
True,35,0.01,True,1,1,False,35,True,0.11245338422756453,0.0008764968708298535,0.4948417944683423,39.963510452071205,56.59447084472054,0.0,Robust-MTD,72,case57,0.01
True,37,0.01,False,20,20,False,44,False,0.035118991377916825,0.0038025098047722744,0.4948417944683423,35.60853329836391,54.84633509768174,0.0,Robust-MTD,73,case57,0.01
True,11,0.01,False,20,20,False,11,True,3.867180605155168e-10,0.004888621605915984,0.4948417944683423,43.607985400012694,85.8330826915335,0.0,Robust-MTD,74,case57,0.01
True,43,-0.01,False,20,20,False,44,False,0.0756091964695951,0.0037024167179747778,0.4948417944683423,35.71709374373313,49.01346248516347,0.0,Robust-MTD,75,case57,0.01
True,39,0.01,False,20,20,False,39,True,0.003063867138285463,0.0036477976102325376,0.4948417944683423,39.277658256469294,79.20845421031119,0.0,Robust-MTD,76,case57,0.01
True,41,-0.01,False,20,20,False,41,True,0.36630295153134357,0.1534479692614674,0.4948417944683423,39.521108294138685,66.66042114084122,0.0,Robust-MTD,77,case57,0.01
True,11,-0.01,True,15,15,False,11,True,3.867181154328156e-10,0.004888621605915982,0.4948417944683423,34.32681459526066,48.838335409527645,0.0,Robust-MTD,78,case57,0.01
True,24,0.01,True,19,19,False,31,False,0.4327178452259223,0.04048207894835031,0.4948417944683423,40.85165620199405,83.89192114700566,0.0,Robust-MTD,79,case57,0.01
True,26,-0.01,False,20,20,False,25,False,0.26909885426669333,0.004963422092090851,0.4948417944683423,40.58983335562516,79.49760652263649,0.0,Robust-MTD,80,case57,0.01
True,37,0.01,False,20,20,False,44,False,0.0732155889921005,0.003709094153360626,0.4948417944683423,34.989943690015934,48.2137478509685,0.0,Robust-MTD,81,case57,0.01
True,26,-0.01,False,20,20,False,26,True,0.2604726385862067,0.005021786503125683,0.4948417944683423,33.40074585285038,53.07086521643217,0.0,Robust-MTD,82,case57,0.01
True,20,-0.01,False,20,20,False,18,False,0.22724085502737584,0.006941418617425197,0.4948417944683423,33.17779369826894,53.36538126284723,0.0,Robust-MTD,83,case57,0.01
True,54,0.01,False,20,20,False,0,False,0.566595146693087,0.28382660469517484,0.4948417944683423,34.01817704143468,46.425385068869225,0.0,Robust-MTD,84,case57,0.01
True,31,0.01,False,20,20,False,0,False,0.5480517734216553,0.3512681696332713,0.4948417944683423,36.81801455677487,72.45506219042,0.0,Robust-MTD,85,case57,0.01
True,28,0.01,False,20,20,False,28,True,0.014396933717178505,0.003389993397330299,0.4948417944683423,33.5665541497292,52.125191024970285,0.0,Robust-MTD,86,case57,0.01
True,26,-0.01,False,20,20,False,25,False,0.22822144133290337,0.005046611752307432,0.4948417944683423,42.26524586265441,73.02799734752625,0.0,Robust-MTD,87,case57,0.01
True,17,-0.01,False,20,20,False,18,False,0.3202352505474831,0.0059852389161957,0.4948417944683423,36.377422855002806,79.68178127775901,0.0,Robust-MTD,88,case57,0.01
True,55,-0.01,True,10,10,False,55,True,0.033293110324628145,0.0038346346486441414,0.4948417944683423,31.32695825188421,43.57535238668788,0.0,Robust-MTD,89,case57,0.01
True,11,0.01,False,20,20,False,11,True,3.867180330538622e-10,0.004888621605915984,0.4948417944683423,38.217793600051664,62.24818333575971,0.0,Robust-MTD,90,case57,0.01
True,48,-0.01,False,20,20,False,50,False,0.1744937571125415,0.007766388616710612,0.4948417944683423,36.44942910177633,61.88902735011656,0.0,Robust-MTD,91,case57,0.01
True,50,-0.01,False,20,20,False,50,True,0.37886442687301464,0.10357348074441469,0.4948417944683423,37.67863335378934,54.71888783795294,0.0,Robust-MTD,92,case57,0.01
True,53,-0.01,False,20,20,False,54,False,0.1459232283197798,0.015716383361921032,0.4948417944683423,32.41360829269979,59.49126218911262,0.0,Robust-MTD,93,case57,0.01
True,43,0.01,True,14,14,False,44,False,0.17765267996284145,0.003319618464520846,0.4948417944683423,33.55881880852394,53.22463570628318,0.0,Robust-MTD,94,case57,0.01
True,40,-0.01,False,20,20,False,0,False,0.5101694580411655,0.36549742986084793,0.4948417944683423,38.285777109558694,52.415393127012074,0.0,Robust-MTD,95,case57,0.01
True,10,-0.01,False,20,20,False,10,True,0.0002126452192233066,0.00673110966808829,0.4948417944683423,37.316293601179495,50.06757289520465,0.0,Robust-MTD,96,case57,0.01
True,14,0.01,True,16,16,False,14,True,0.002668248269103494,0.00348463425043375,0.4948417944683423,38.817554150591604,49.66820690024179,0.0,Robust-MTD,97,case57,0.01
True,53,-0.01,False,20,20,False,54,False,0.23604995808605791,0.013329292333134995,0.4948417944683423,34.38252495252527,52.488562130020014,0.0,Robust-MTD,98,case57,0.01
True,49,-0.01,False,20,20,False,50,False,0.2121106029159623,0.00729763282054958,0.4948417944683423,39.336387609364465,58.171342022251345,0.0,Robust-MTD,99,case57,0.01
True,56,0.01,False,20,20,False,38,False,0.2716881775018773,0.03687909375414538,0.4948417944683423,45.18758339690976,115.27036038460211,0.0,Robust-MTD,100,case57,0.01
True,17,-0.01,True,15,15,False,18,False,0.29497706926316253,0.006333357695679696,0.4948417944683423,41.20298340276349,118.82969588332347,0.0,Robust-MTD,101,case57,0.01
True,12,0.01,True,1,1,False,12,True,3.867181978119748e-10,0.00045950791273184757,0.4948417944683423,37.09830215666443,60.216652092640295,0.0,Robust-MTD,102,case57,0.01
True,48,-0.01,True,14,14,False,50,False,0.15626470458058905,0.007944233607448772,0.4948417944683423,32.56138330907561,43.48015385621694,0.0,Robust-MTD,103,case57,0.01
True,31,0.01,False,20,20,False,0,False,0.6296846998898389,0.27493964932237636,0.4948417944683423,41.08498744026292,73.22415625385479,0.0,Robust-MTD,104,case57,0.01
True,31,0.01,False,20,20,False,0,False,0.552542509120536,0.34739934368563974,0.4948417944683423,32.94215630157851,45.60875896131621,0.0,Robust-MTD,105,case57,0.01
True,41,-0.01,False,20,20,False,0,False,0.5317054640069393,0.33198242245583226,0.4948417944683423,35.08365840243641,64.56045033410192,0.0,Robust-MTD,106,case57,0.01
True,16,-0.01,False,20,20,False,0,False,0.502115778907772,0.37250199507365245,0.4948417944683423,36.152164594386704,45.62224376131781,0.0,Robust-MTD,107,case57,0.01
True,20,0.01,False,20,20,False,18,False,0.22369586961815605,0.006958245318691083,0.4948417944683423,38.78407700394746,52.81477850221567,0.0,Robust-MTD,108,case57,0.01
True,50,0.01,False,20,20,False,50,True,0.1950787163699135,0.007526495368846598,0.4948417944683423,41.055162393604405,84.15742289798801,0.0,Robust-MTD,109,case57,0.01
True,17,0.01,True,7,7,False,18,False,0.2427446920330757,0.006834992158236822,0.4948417944683423,38.46061044896487,69.6469812624855,0.0,Robust-MTD,110,case57,0.01
True,41,0.01,False,20,20,False,0,False,0.4970827094953635,0.3794968614319722,0.4948417944683423,37.28327924909536,73.92651458794718,0.0,Robust-MTD,111,case57,0.01
True,15,0.01,False,20,20,False,0,False,0.5123590179219586,0.36949060463503114,0.4948417944683423,42.033245851052925,87.04878127027774,0.0,Robust-MTD,112,case57,0.01
True,12,-0.01,True,1,1,False,12,True,3.8671819781197486e-10,0.00045950791273184757,0.4948417944683423,39.41528546565678,57.753760431660346,0.0,Robust-MTD,113,case57,0.01
True,33,-0.01,False,20,20,False,0,False,0.5726611308088376,0.3370241057581719,0.4948417944683423,36.329331251909025,46.31690144888126,0.0,Robust-MTD,114,case57,0.01
True,8,0.01,False,20,20,False,8,True,2.063645463871387e-09,0.004882065055433759,0.4948417944683423,36.055824998766184,44.53145866864361,0.0,Robust-MTD,115,case57,0.01
True,16,-0.01,False,20,20,False,0,False,0.5107073548056689,0.36955403526891206,0.4948417944683423,39.798870851518586,54.14518686011435,0.0,Robust-MTD,116,case57,0.01
True,46,-0.01,False,20,20,False,0,False,0.5275759450199169,0.35900882839379483,0.4948417944683423,35.29851045459509,50.25069729017561,0.0,Robust-MTD,117,case57,0.01
True,8,-0.01,False,20,20,False,8,True,3.867181978121212e-10,0.004882064964206214,0.4948417944683423,35.029860443319194,49.397002047044225,0.0,Robust-MTD,118,case57,0.01
True,20,0.01,False,20,20,False,18,False,0.24961343282116707,0.006780975327339798,0.4948417944683423,40.68568954535294,59.82929402089213,0.0,Robust-MTD,119,case57,0.01
True,52,-0.01,False,20,20,False,54,False,0.1624132850686037,0.015234209081637895,0.4948417944683423,32.7926167024998,44.86250867194031,0.0,Robust-MTD,120,case57,0.01
True,9,-0.01,False,20,20,False,0,False,0.5694922193975593,0.3398161606282361,0.4948417944683423,35.79607289284468,59.00299410859589,0.0,Robust-MTD,121,case57,0.01
True,21,0.01,False,20,20,False,0,False,0.49744842580275866,0.3826334237538423,0.4948417944683423,38.55522299709264,67.42540897103028,0.0,Robust-MTD,122,case57,0.01
True,43,0.01,True,19,19,False,44,False,0.07812282732764318,0.0036953317779012096,0.4948417944683423,34.44558944902383,64.66103571874557,0.0,Robust-MTD,123,case57,0.01
True,18,-0.01,True,9,9,False,18,True,0.23870190926351373,0.006871997364428795,0.4948417944683423,39.49181449133903,68.621471489314,0.0,Robust-MTD,124,case57,0.01
True,38,-0.01,False,20,20,False,38,True,0.22023136319571915,0.028009251412449938,0.4948417944683423,35.67840440082364,45.11207287723665,0.0,Robust-MTD,125,case57,0.01
True,47,-0.01,False,20,20,False,0,False,0.5672210629445829,0.34410863751613885,0.4948417944683423,37.55208755028434,55.22251734510065,0.0,Robust-MTD,126,case57,0.01
True,51,-0.01,False,20,20,False,54,False,0.16805914140340728,0.015437091658802981,0.4948417944683423,36.05832085304428,49.335008658817976,0.0,Robust-MTD,127,case57,0.01
True,23,0.01,True,0,0,False,0,False,0.5567653153748809,0.3516945776156027,0.4948417944683423,36.25644384883344,47.922738932538785,0.0,Robust-MTD,128,case57,0.01
True,40,0.01,True,15,15,False,0,False,0.5557225254653667,0.31994657755599587,0.4948417944683423,42.645439456100576,69.64552705467214,0.0,Robust-MTD,129,case57,0.01
True,20,-0.01,False,20,20,False,18,False,0.302515918558078,0.006225436896508786,0.4948417944683423,35.8212374499999,66.72583510808184,0.0,Robust-MTD,130,case57,0.01
True,51,-0.01,False,20,20,False,54,False,0.11187218817523586,0.016509861843783086,0.4948417944683423,38.901672992506064,70.97926696296781,0.0,Robust-MTD,131,case57,0.01
True,26,0.01,True,15,15,False,25,False,0.21297214686354332,0.005142745261581919,0.4948417944683423,33.59321874740999,44.91463786689567,0.0,Robust-MTD,132,case57,0.01
True,43,-0.01,True,7,7,False,44,False,0.047509462498320484,0.003774750055623939,0.4948417944683423,36.20298948662821,53.86015411349946,0.0,Robust-MTD,133,case57,0.01
True,54,-0.01,False,20,20,False,54,True,0.22882488760159927,0.050917768484114695,0.4948417944683423,31.275264549185522,46.79538337222766,0.0,Robust-MTD,134,case57,0.01
True,32,0.01,False,20,20,False,0,False,0.5107783115535912,0.3703795586640048,0.4948417944683423,36.383328994270414,73.7405326741282,0.0,Robust-MTD,135,case57,0.01
True,47,0.01,False,20,20,False,0,False,0.5765526991053542,0.3185890810954613,0.4948417944683423,38.97579575423151,64.66594130615707,0.0,Robust-MTD,136,case57,0.01
True,51,0.01,True,2,2,False,54,False,0.10834636917537586,0.016610537165316255,0.4948417944683423,34.32841259636916,46.87292257731315,0.0,Robust-MTD,137,case57,0.01
True,53,0.01,False,20,20,False,54,False,0.1118497632244639,0.016491679243116994,0.4948417944683423,40.828000093461014,58.15150206908586,0.0,Robust-MTD,138,case57,0.01
True,54,0.01,False,20,20,False,54,True,0.4960013816545634,0.16619138431203853,0.4948417944683423,38.635881259688176,62.52703541249503,0.0,Robust-MTD,139,case57,0.01
True,20,0.01,False,20,20,False,18,False,0.2434129792311332,0.006829892286853327,0.4948417944683423,29.563479099306278,42.341932689305395,0.0,Robust-MTD,140,case57,0.01
True,52,0.01,False,20,20,False,54,False,0.12894218703088536,0.016108232642542207,0.4948417944683423,40.585010501672514,71.29893510718838,0.0,Robust-MTD,141,case57,0.01
True,10,0.01,False,20,20,False,10,True,3.2883542027281216e-05,0.006716493044682743,0.4948417944683423,36.94142699823715,77.9366101429332,0.0,Robust-MTD,142,case57,0.01
True,12,-0.01,True,1,1,False,12,True,3.8671819781197486e-10,0.00045950791273184757,0.4948417944683423,34.5198770519346,66.50996844400655,0.0,Robust-MTD,143,case57,0.01
True,10,0.01,True,13,13,False,10,True,0.0514939826921432,0.015010774234323322,0.4948417944683423,34.11947079875972,65.49342885264198,0.0,Robust-MTD,144,case57,0.01
True,11,-0.01,False,20,20,False,11,True,2.8104763991268787e-09,0.004888621729295009,0.4948417944683423,33.44925210403744,45.72652291099077,0.0,Robust-MTD,145,case57,0.01
True,25,-0.01,True,9,9,False,28,False,0.030538876320168582,0.0034051426120562437,0.4948417944683423,30.695564550114796,43.38692642631941,0.0,Robust-MTD,146,case57,0.01
True,36,0.01,True,6,6,False,36,True,0.13615578921638752,0.0009049284449170495,0.4948417944683423,32.46429165301379,43.74581108859276,0.0,Robust-MTD,147,case57,0.01
True,44,-0.01,False,20,20,False,44,True,0.06013625693730941,0.00380019845950873,0.4948417944683423,35.1017228938872,47.38964614807628,0.0,Robust-MTD,148,case57,0.01
True,24,0.01,False,20,20,False,31,False,0.3961996031821051,0.049313518701930764,0.4948417944683423,37.21754809957929,70.9622006630525,0.0,Robust-MTD,149,case57,0.01
True,3,0.01,False,20,20,False,3,True,0.12701719218291335,0.008162100295174767,0.4948417944683423,39.088179150712676,82.33044311346022,0.0,Robust-MTD,150,case57,0.01
True,42,0.01,False,20,20,False,0,False,0.5892144226226733,0.31326596092684317,0.4948417944683423,39.26998964743689,103.5520583332982,0.0,Robust-MTD,151,case57,0.01
True,23,0.01,False,20,20,False,0,False,0.6021105064588281,0.3244553525329465,0.4948417944683423,33.13855404849164,52.20517290581484,0.0,Robust-MTD,152,case57,0.01
True,45,0.01,False,20,20,False,45,True,0.4729830212328278,0.23044510961930245,0.4948417944683423,35.9351021470502,55.9186295111431,0.0,Robust-MTD,153,case57,0.01
True,24,-0.01,False,20,20,False,30,False,0.3972173416698072,0.0507424730954771,0.4948417944683423,34.09998340357561,62.55905800207985,0.0,Robust-MTD,154,case57,0.01
True,22,-0.01,False,20,20,False,0,False,0.6204303676220483,0.3018020971186315,0.4948417944683423,38.46329780353699,50.5277687305352,0.0,Robust-MTD,155,case57,0.01
True,23,0.01,False,20,20,False,0,False,0.5010959811566219,0.377691124304028,0.4948417944683423,34.99575000023469,51.08807738288307,0.0,Robust-MTD,156,case57,0.01
True,54,0.01,False,20,20,False,0,False,0.5110886738638387,0.3758129194926766,0.4948417944683423,33.21881660085637,45.50103572255466,0.0,Robust-MTD,157,case57,0.01
True,33,-0.01,False,20,20,False,0,False,0.6425741771980472,0.21676118329607175,0.4948417944683423,40.19582918845117,63.7797055882402,0.0,Robust-MTD,158,case57,0.01
True,39,-0.01,False,20,20,False,39,True,0.07051705441706536,0.0036634199636867504,0.4948417944683423,35.86366255476605,46.78723718971014,0.0,Robust-MTD,159,case57,0.01
True,13,0.01,True,1,1,False,13,True,3.8671817035205526e-10,0.0005704733218803301,0.4948417944683423,41.609358438290656,103.12004440347665,0.0,Robust-MTD,160,case57,0.01
True,38,0.01,False,20,20,False,56,False,0.20829533165922154,0.01562310791379226,0.4948417944683423,36.803077097283676,62.61791215802077,0.0,Robust-MTD,161,case57,0.01
True,35,0.01,True,3,3,False,35,True,0.17107253132774172,0.000891088773886287,0.4948417944683423,41.82157909672242,99.22408180718779,0.0,Robust-MTD,162,case57,0.01
True,26,-0.01,False,20,20,False,26,True,0.20742644323445725,0.0051931291500678526,0.4948417944683423,40.225027152337134,93.74147330236156,0.0,Robust-MTD,163,case57,0.01
True,1,0.01,False,20,20,False,0,False,0.5300724463420264,0.36707654340942536,0.4948417944683423,43.55832694855053,88.13566007302146,0.0,Robust-MTD,164,case57,0.01
True,49,-0.01,False,20,20,False,50,False,0.21822089514836412,0.007175130652559992,0.4948417944683423,37.963614595355466,72.08219553285745,0.0,Robust-MTD,165,case57,0.01
True,40,0.01,False,20,20,False,0,False,0.5891947181296836,0.3368128602625331,0.4948417944683423,38.579504151130095,53.05425800615924,0.0,Robust-MTD,166,case57,0.01
True,40,0.01,False,20,20,False,0,False,0.5531247957538408,0.3494449822549293,0.4948417944683423,33.421502041164786,41.79323812422808,0.0,Robust-MTD,167,case57,0.01
True,28,0.01,True,6,6,False,28,True,0.26990753065673145,0.0042992942134520325,0.4948417944683423,50.93812914274167,107.79431523696991,0.0,Robust-MTD,168,case57,0.01
True,38,0.01,False,20,20,False,0,False,0.5720027365267821,0.1970565505878599,0.4948417944683423,41.99457294889726,68.0856065824628,0.0,Robust-MTD,169,case57,0.01
True,27,0.01,True,10,10,False,25,False,0.20547715668118985,0.005177776090702688,0.4948417944683423,38.1258916517254,67.87686009483882,0.0,Robust-MTD,170,case57,0.01
True,30,-0.01,False,20,20,False,0,False,0.5522660120233435,0.3534929205638207,0.4948417944683423,28.4894771524705,44.25019756308757,0.0,Robust-MTD,171,case57,0.01
True,31,-0.01,False,20,20,False,0,False,0.5615343313104062,0.3500665588405904,0.4948417944683423,41.62937100045383,88.41006840812042,0.0,Robust-MTD,172,case57,0.01
True,27,0.01,True,5,5,False,25,False,0.19093138883873828,0.005239040179669933,0.4948417944683423,27.925079106353223,55.039931554347284,0.0,Robust-MTD,173,case57,0.01
True,51,0.01,False,20,20,False,54,False,0.1485772768091316,0.015744241048346444,0.4948417944683423,35.634479197324254,59.040485476725756,0.0,Robust-MTD,174,case57,0.01
True,28,0.01,False,20,20,False,28,True,0.15893848382700146,0.0037231723322255243,0.4948417944683423,43.151993802166544,68.86457470536702,0.0,Robust-MTD,175,case57,0.01
True,33,-0.01,False,20,20,False,30,False,0.5902497748107808,0.13119491362575195,0.4948417944683423,38.326518700341694,61.29239173023962,0.0,Robust-MTD,176,case57,0.01
True,20,-0.01,True,4,4,False,18,False,0.23314958150587956,0.006905564738056329,0.4948417944683423,35.64630619366653,57.46761281334334,0.0,Robust-MTD,177,case57,0.01
True,5,0.01,False,20,20,False,5,True,0.03285011597338163,0.00902160145173727,0.4948417944683423,34.93297694658395,50.102055908064386,0.0,Robust-MTD,178,case57,0.01
True,38,0.01,False,20,20,False,0,False,0.5604485132798517,0.23734412155525905,0.4948417944683423,40.34098315460142,84.99940589827023,0.0,Robust-MTD,179,case57,0.01
True,52,-0.01,True,9,9,False,54,False,0.14300046501326794,0.015798643348459547,0.4948417944683423,30.223887294414453,38.64518061745912,0.0,Robust-MTD,180,case57,0.01
True,48,0.01,False,20,20,False,50,False,0.2142333683312551,0.007322624191752309,0.4948417944683423,32.84943950420711,41.51881249272265,0.0,Robust-MTD,181,case57,0.01
True,32,-0.01,False,20,20,False,0,False,0.5250092495008323,0.3684272716789659,0.4948417944683423,38.72859590337612,67.40550416579937,0.0,Robust-MTD,182,case57,0.01
True,48,0.01,True,19,19,False,50,False,0.22827437487923832,0.007067626019852606,0.4948417944683423,34.957924953778274,60.19114582450129,0.0,Robust-MTD,183,case57,0.01
True,48,0.01,True,5,5,False,50,False,0.1431337473753175,0.008020322648107783,0.4948417944683423,32.991520743235014,48.20225653820673,0.0,Robust-MTD,184,case57,0.01
True,5,0.01,False,20,20,False,3,False,0.3322388111197588,0.010408235018150625,0.4948417944683423,36.589471000479534,46.94394165999256,0.0,Robust-MTD,185,case57,0.01
True,41,0.01,False,20,20,False,0,False,0.5335034703278154,0.35756327400173477,0.4948417944683423,42.18838740198407,65.80073330260348,0.0,Robust-MTD,186,case57,0.01
True,29,-0.01,False,20,20,False,31,False,0.3935670390960032,0.04671002809352325,0.4948417944683423,32.79758545104414,69.16056636837311,0.0,Robust-MTD,187,case57,0.01
True,10,-0.01,True,11,11,False,10,True,2.08091277879213e-09,0.0067165055410006985,0.4948417944683423,32.77488134917803,60.380555596202626,0.0,Robust-MTD,188,case57,0.01
True,13,0.01,True,1,1,False,13,True,3.8671819781197475e-10,0.0005704733218803301,0.4948417944683423,21.21071665897034,24.73113719606772,0.0,Robust-MTD,189,case57,0.01
True,7,-0.01,False,20,20,False,0,False,0.5144469357876571,0.3694560696271107,0.4948417944683423,34.97430000570603,70.28037888521797,0.0,Robust-MTD,190,case57,0.01
True,34,-0.01,False,20,20,False,0,False,0.49806607365009664,0.3817697234988686,0.4948417944683423,24.571475049015135,30.999579510535114,0.0,Robust-MTD,191,case57,0.01
True,23,-0.01,False,20,20,False,0,False,0.5187911784737398,0.37395439918266044,0.4948417944683423,38.451152096968144,72.81417704944036,0.0,Robust-MTD,192,case57,0.01
True,22,-0.01,False,20,20,False,0,False,0.5030787754482393,0.37943538939151183,0.4948417944683423,29.710308299399912,44.23044375143946,0.0,Robust-MTD,193,case57,0.01
True,53,-0.01,False,20,20,False,54,False,0.1500512404960424,0.01561072239636132,0.4948417944683423,19.41690208914224,24.662424679263495,0.0,Robust-MTD,194,case57,0.01
True,40,0.01,False,20,20,False,0,False,0.6053265668000982,0.28401888420012184,0.4948417944683423,42.83527925144881,97.89860626333395,0.0,Robust-MTD,195,case57,0.01
True,4,-0.01,False,20,20,False,0,False,0.5437719657568206,0.3557738745000802,0.4948417944683423,20.91105610015802,24.327525304397568,0.0,Robust-MTD,196,case57,0.01
True,23,0.01,False,20,20,False,0,False,0.5173528429290163,0.3687263826238838,0.4948417944683423,39.82499175763223,73.62053687102161,0.0,Robust-MTD,197,case57,0.01
True,17,0.01,False,20,20,False,18,False,0.302826011167107,0.0062111667166069775,0.4948417944683423,21.07190839597024,25.69287261576392,0.0,Robust-MTD,198,case57,0.01
True,28,0.01,False,20,20,False,28,True,0.013165392841021112,0.0033872362003907978,0.4948417944683423,11.117772906436585,13.12593514157925,0.0,Robust-MTD,199,case57,0.01
True,26,-0.02,False,20,20,False,0,False,0.5972597421744916,0.33916032096147397,0.6449621867960693,22.78454990591854,33.104558280319914,0.0,HMTD-MDE,0,case57,0.02
True,49,-0.02,False,20,20,False,49,True,0.14764551400606085,0.013030638719497235,0.6449621867960693,30.391831244924106,52.81329370627646,0.0,HMTD-MDE,1,case57,0.02
True,53,-0.02,True,4,4,False,51,False,0.24192047898773186,0.01270038322275818,0.6449621867960693,28.663247989607044,41.14722470694687,0.0,HMTD-MDE,2,case57,0.02
True,37,0.02,False,20,20,False,37,True,0.2665360606939127,0.026695915609687537,0.6449621867960693,31.431031302781776,46.65460237301886,0.0,HMTD-MDE,3,case57,0.02
True,46,0.02,True,17,17,False,0,False,0.5722160171394021,0.36375297565992204,0.6449621867960693,34.694937395397574,42.3990851151757,0.0,HMTD-MDE,4,case57,0.02
True,17,0.02,False,20,20,False,0,False,0.6451063565537205,0.2847114128028838,0.6449621867960693,22.881731152301654,30.3405711078085,0.0,HMTD-MDE,5,case57,0.02
True,24,0.02,False,20,20,False,31,False,0.4289981849463187,0.019497259196670776,0.6449621867960693,34.89894595113583,66.46850278775676,0.0,HMTD-MDE,6,case57,0.02
True,3,0.02,True,16,16,False,3,True,0.003975507113691054,0.0034867872972415962,0.6449621867960693,30.72407499421388,50.397551449714264,0.0,HMTD-MDE,7,case57,0.02
True,8,-0.02,True,1,1,False,8,True,3.8671819781197475e-10,0.00028489480589777717,0.6449621867960693,29.94247095193714,44.106044105137705,0.0,HMTD-MDE,8,case57,0.02
True,22,0.02,False,20,20,False,17,False,0.6073898348671125,0.2206211307282154,0.6449621867960693,34.880268850247376,92.8594273980707,0.0,HMTD-MDE,9,case57,0.02
True,29,-0.02,False,20,20,False,33,False,0.42586523759944883,0.0330987465651617,0.6449621867960693,23.502299902611412,32.91717054962647,0.0,HMTD-MDE,10,case57,0.02
True,28,-0.02,False,20,20,False,27,False,0.17317539015455297,0.02730864967362882,0.6449621867960693,29.297968800528906,38.44038334500511,0.0,HMTD-MDE,11,case57,0.02
True,8,0.02,True,1,1,False,8,True,3.8671819781197475e-10,0.00028489480589777717,0.6449621867960693,31.76409998850431,53.10595622577239,0.0,HMTD-MDE,12,case57,0.02
True,28,-0.02,False,20,20,False,27,False,0.25949532679634196,0.05191431647713507,0.6449621867960693,39.54969384940341,95.79410654550888,0.0,HMTD-MDE,13,case57,0.02
True,22,0.02,False,20,20,False,0,False,0.6050241339703198,0.3471134289462222,0.6449621867960693,26.75510210392531,46.811112109571695,0.0,HMTD-MDE,14,case57,0.02
True,26,0.02,False,20,20,False,0,False,0.5769983684006815,0.3458587686532328,0.6449621867960693,21.77278755698353,29.527255878201686,0.0,HMTD-MDE,15,case57,0.02
True,40,-0.02,False,20,20,False,40,True,0.0011585771722915804,0.011281110644844598,0.6449621867960693,28.850556211546063,37.811081268591806,0.0,HMTD-MDE,16,case57,0.02
True,1,-0.02,False,20,20,False,0,False,0.6428359656838468,0.3300383117001907,0.6449621867960693,24.496662549790926,42.17581248958596,0.0,HMTD-MDE,17,case57,0.02
True,37,-0.02,False,20,20,False,37,True,0.26894755291482697,0.028413900852103043,0.6449621867960693,36.928333502146415,65.81310624314939,0.0,HMTD-MDE,18,case57,0.02
True,42,-0.02,False,20,20,False,42,True,0.0022243177118221246,0.03424616677381908,0.6449621867960693,43.05531035643071,90.02376045973509,0.0,HMTD-MDE,19,case57,0.02
True,32,0.02,False,20,20,False,0,False,0.5467974402758099,0.37375487567665344,0.6449621867960693,22.831224897527136,29.560220797429793,0.0,HMTD-MDE,20,case57,0.02
True,20,0.02,False,20,20,False,18,False,0.308458054609154,0.022307828597289702,0.6449621867960693,27.87261659395881,39.19152228336316,0.0,HMTD-MDE,21,case57,0.02
True,46,0.02,False,20,20,False,0,False,0.5575519956931042,0.36774621822975995,0.6449621867960693,32.16729160048999,83.42723540263253,0.0,HMTD-MDE,22,case57,0.02
True,42,0.02,False,20,20,False,42,True,0.08767196245599934,0.052999163021651786,0.6449621867960693,37.98041244735941,54.469718158361516,0.0,HMTD-MDE,23,case57,0.02
True,56,-0.02,True,3,3,False,38,False,0.1812350895631616,0.016294595311788774,0.6449621867960693,34.689860345679335,85.11028575594538,0.0,HMTD-MDE,24,case57,0.02
True,53,0.02,True,3,3,False,51,False,0.14932128662387234,0.01646284898055758,0.6449621867960693,32.56423765269574,58.52388547500596,0.0,HMTD-MDE,25,case57,0.02
True,48,0.02,True,6,6,False,48,True,3.65432800348021e-09,0.0027537127094632765,0.6449621867960693,30.517145895282738,40.38624853419609,0.0,HMTD-MDE,26,case57,0.02
True,24,-0.02,False,20,20,False,31,False,0.43381721481916585,0.02070294001835566,0.6449621867960693,37.20647916488815,60.02149552223273,0.0,HMTD-MDE,27,case57,0.02
True,20,0.02,False,20,20,False,18,False,0.2442285057527711,0.02390036183252372,0.6449621867960693,41.60904969321564,68.36680174164941,0.0,HMTD-MDE,28,case57,0.02
True,34,-0.02,True,18,18,False,33,False,0.4180322857017697,0.03585277580950029,0.6449621867960693,33.00255624926649,72.24774641799742,0.0,HMTD-MDE,29,case57,0.02
True,11,-0.02,True,1,1,False,11,True,3.8671819781197475e-10,0.0002955651145503168,0.6449621867960693,31.058608449529856,60.17204165109434,0.0,HMTD-MDE,30,case57,0.02
True,38,0.02,False,20,20,False,56,False,0.1749144464737009,0.015766806329895473,0.6449621867960693,37.09436249919236,66.62056394270623,0.0,HMTD-MDE,31,case57,0.02
True,32,0.02,False,20,20,False,0,False,0.5879016679549322,0.3534937137711579,0.6449621867960693,33.18566464877222,63.85228746803479,0.0,HMTD-MDE,32,case57,0.02
True,15,-0.02,False,20,20,False,0,False,0.5721177245673497,0.36940761430082025,0.6449621867960693,34.656868799356744,57.9884877894074,0.0,HMTD-MDE,33,case57,0.02
True,36,0.02,True,1,1,False,36,True,0.0019619251490504527,0.0008650930816577795,0.6449621867960693,38.78732920566108,77.21017288276927,0.0,HMTD-MDE,34,case57,0.02
True,26,0.02,False,20,20,False,0,False,0.5531802051189161,0.37030371496283565,0.6449621867960693,33.30259795766324,65.6743089843076,0.0,HMTD-MDE,35,case57,0.02
True,28,0.02,False,20,20,False,27,False,0.14734606727929697,0.02966162919564827,0.6449621867960693,35.59575209510513,74.79652319161687,0.0,HMTD-MDE,36,case57,0.02
True,3,0.02,True,8,8,False,3,True,4.220456328460217e-05,0.0034832588699732995,0.6449621867960693,31.427191590773873,64.90798692393582,0.0,HMTD-MDE,37,case57,0.02
True,6,0.02,True,1,1,False,6,True,3.8671819781197724e-10,0.002363277542522319,0.6449621867960693,42.597824946278706,62.276854776428166,0.0,HMTD-MDE,38,case57,0.02
True,51,-0.02,False,20,20,False,54,False,0.17051983239250318,0.0641218774811414,0.6449621867960693,37.334433346404694,62.44841729931068,0.0,HMTD-MDE,39,case57,0.02
True,17,0.02,False,20,20,False,0,False,0.6122602488359622,0.33371477097185415,0.6449621867960693,35.24716649844777,47.25557710044087,0.0,HMTD-MDE,40,case57,0.02
True,49,-0.02,True,12,12,False,49,True,0.06651790139023026,0.014315232765082918,0.6449621867960693,29.46252500405535,46.48580416396726,0.0,HMTD-MDE,41,case57,0.02
True,19,-0.02,False,20,20,False,18,False,0.25690144812980786,0.02602477724311466,0.6449621867960693,36.619727200013585,79.7112812579144,0.0,HMTD-MDE,42,case57,0.02
True,31,0.02,False,20,20,False,33,False,0.3981359499378112,0.04954948177623131,0.6449621867960693,34.32828339282423,51.61675243289212,0.0,HMTD-MDE,43,case57,0.02
True,55,0.02,True,1,1,False,40,False,0.0016080451422972413,0.011278660498279011,0.6449621867960693,37.32286050217226,63.523945849738084,0.0,HMTD-MDE,44,case57,0.02
True,2,0.02,True,7,7,False,2,True,0.0031906231241881286,0.005046106481083667,0.6449621867960693,34.407947899308056,49.48808539193124,0.0,HMTD-MDE,45,case57,0.02
True,34,-0.02,False,20,20,False,33,False,0.41391305683487645,0.036672849383475356,0.6449621867960693,29.537281102966517,49.244116657064296,0.0,HMTD-MDE,46,case57,0.02
True,14,-0.02,False,20,20,False,14,True,3.8671817035254324e-10,0.007593593808137529,0.6449621867960693,39.78022290102672,96.60419164865746,0.0,HMTD-MDE,47,case57,0.02
True,1,0.02,False,20,20,False,0,False,0.5640762001212405,0.3268915972146029,0.6449621867960693,42.33066880260594,83.02399758540561,0.0,HMTD-MDE,48,case57,0.02
True,34,-0.02,False,20,20,False,33,False,0.42789705696825037,0.03294556988648565,0.6449621867960693,34.282529205665924,65.47727539145853,0.0,HMTD-MDE,49,case57,0.02
True,40,-0.02,False,20,20,False,40,True,0.0014448407200225106,0.011279678853824106,0.6449621867960693,31.258387502748523,50.261896167648956,0.0,HMTD-MDE,50,case57,0.02
True,27,-0.02,False,20,20,False,0,False,0.6336691896610438,0.2864388988004487,0.6449621867960693,35.36714784859214,66.51179612381385,0.0,HMTD-MDE,51,case57,0.02
True,44,-0.02,False,20,20,False,0,False,0.5579066140190991,0.37073180656705096,0.6449621867960693,37.113799853250384,68.14418267167639,0.0,HMTD-MDE,52,case57,0.02
True,1,0.02,False,20,20,False,0,False,0.5876368656471143,0.3391315163025905,0.6449621867960693,31.85263739724178,56.817743065767,0.0,HMTD-MDE,53,case57,0.02
True,20,-0.02,False,20,20,False,18,False,0.2809203885220665,0.023887858332217012,0.6449621867960693,35.39866235223599,62.69593752804213,0.0,HMTD-MDE,54,case57,0.02
True,41,-0.02,True,1,1,False,55,False,0.015428037077057422,0.001262259258050926,0.6449621867960693,39.765726996120065,85.88214581250216,0.0,HMTD-MDE,55,case57,0.02
True,25,0.02,False,20,20,False,0,False,0.6256699896416044,0.3026061621416146,0.6449621867960693,34.71689173311461,54.2176079936326,0.0,HMTD-MDE,56,case57,0.02
True,33,0.02,False,20,20,False,0,False,0.5754083905053954,0.3633083056644033,0.6449621867960693,35.64678115362767,60.187976714223645,0.0,HMTD-MDE,57,case57,0.02
True,42,-0.02,False,20,20,False,0,False,0.6049851079242572,0.32581847983375256,0.6449621867960693,39.94341040670406,68.04012022912504,0.0,HMTD-MDE,58,case57,0.02
True,21,0.02,False,20,20,False,0,False,0.5552889729561701,0.37068602666530615,0.6449621867960693,38.923020695801824,86.98255866765976,0.0,HMTD-MDE,59,case57,0.02
True,36,-0.02,True,1,1,False,36,True,8.776604431603794e-07,0.0008651681885862696,0.6449621867960693,33.55954164871946,51.402177065028816,0.0,HMTD-MDE,60,case57,0.02
True,46,0.02,False,20,20,False,0,False,0.5785079523664339,0.3609536732621699,0.6449621867960693,35.90996870188974,64.48254616116174,0.0,HMTD-MDE,61,case57,0.02
True,56,0.02,False,20,20,False,38,False,0.17197955232085949,0.01542002904740379,0.6449621867960693,32.5990790996002,44.54680894559715,0.0,HMTD-MDE,62,case57,0.02
True,8,-0.02,True,1,1,False,8,True,3.8671819781197475e-10,0.00028489480589777717,0.6449621867960693,29.697102154023014,39.6946833294351,0.0,HMTD-MDE,63,case57,0.02
True,2,0.02,False,20,20,False,2,True,0.0002928825214085898,0.0050486721694256165,0.6449621867960693,31.621785453171473,44.50968066812495,0.0,HMTD-MDE,64,case57,0.02
True,43,0.02,False,20,20,False,37,False,0.2712824660437672,0.03129211329944891,0.6449621867960693,36.14631254749838,71.57130654959477,0.0,HMTD-MDE,65,case57,0.02
True,11,0.02,True,1,1,False,11,True,3.8671819781197475e-10,0.0002955651145503168,0.6449621867960693,29.78742505365517,40.585930956876844,0.0,HMTD-MDE,66,case57,0.02
True,7,0.02,False,20,20,False,7,True,0.12930595025609729,0.05319287402924419,0.6449621867960693,36.757747901719995,51.99991491099364,0.0,HMTD-MDE,67,case57,0.02
True,7,-0.02,False,20,20,False,7,True,0.3646503581340994,0.0966268972648445,0.6449621867960693,35.49326035135891,68.99305273545907,0.0,HMTD-MDE,68,case57,0.02
True,51,-0.02,False,20,20,False,54,False,0.5367915924679012,0.17601365039056655,0.6449621867960693,32.056006297352724,42.46028570923954,0.0,HMTD-MDE,69,case57,0.02
True,12,-0.02,True,1,1,False,12,True,3.8671819781197475e-10,6.506154484848831e-05,0.6449621867960693,35.07658334856387,53.10551458387636,0.0,HMTD-MDE,70,case57,0.02
True,17,-0.02,False,20,20,False,17,True,0.5011465601887631,0.15487188162386578,0.6449621867960693,36.72897488286253,49.06687051698101,0.0,HMTD-MDE,71,case57,0.02
True,35,0.02,True,1,1,False,35,True,0.00014176510274915355,0.0007903189940354365,0.6449621867960693,36.94462924904656,59.10705418500584,0.0,HMTD-MDE,72,case57,0.02
True,37,0.02,False,20,20,False,43,False,0.2658579208471418,0.026295445467230408,0.6449621867960693,34.18531661154702,45.55632322153542,0.0,HMTD-MDE,73,case57,0.02
True,11,0.02,True,1,1,False,11,True,3.8671819781197475e-10,0.0002955651145503168,0.6449621867960693,36.65383549814578,48.1031068979064,0.0,HMTD-MDE,74,case57,0.02
True,43,-0.02,False,20,20,False,43,True,0.25904122391210876,0.02320792546448127,0.6449621867960693,29.75012289825827,36.352499949862256,0.0,HMTD-MDE,75,case57,0.02
True,39,0.02,False,20,20,False,0,False,0.5732409119976261,0.361597499103352,0.6449621867960693,36.12055825651623,65.24689997313544,0.0,HMTD-MDE,76,case57,0.02
True,41,-0.02,True,1,1,False,55,False,0.22359247851983988,0.003144464595898751,0.6449621867960693,36.8166999949608,53.458680966286956,0.0,HMTD-MDE,77,case57,0.02
True,11,-0.02,True,1,1,False,11,True,3.8671819781197475e-10,0.0002955651145503168,0.6449621867960693,30.25658128899522,41.595940227853134,0.0,HMTD-MDE,78,case57,0.02
True,24,0.02,True,19,19,False,31,False,0.44177020510520176,0.026983527111381883,0.6449621867960693,36.30895620735828,57.0749309990788,0.0,HMTD-MDE,79,case57,0.02
True,26,-0.02,False,20,20,False,0,False,0.5826704524615802,0.3565899749806959,0.6449621867960693,37.13700619118754,78.24755385809117,0.0,HMTD-MDE,80,case57,0.02
True,37,0.02,False,20,20,False,44,False,0.23871126739900317,0.05091801522447265,0.6449621867960693,33.941272847005166,51.8046083569061,0.0,HMTD-MDE,81,case57,0.02
True,26,-0.02,False,20,20,False,0,False,0.5856598962194615,0.36519411193008616,0.6449621867960693,34.31018744886387,53.259356261696674,0.0,HMTD-MDE,82,case57,0.02
True,20,-0.02,False,20,20,False,18,False,0.25763819781788505,0.024075509058035724,0.6449621867960693,35.12198345561046,56.72963747056203,0.0,HMTD-MDE,83,case57,0.02
True,54,0.02,False,20,20,False,0,False,0.5640504640212173,0.3690499898689313,0.6449621867960693,33.4169186593499,46.76874440629038,0.0,HMTD-MDE,84,case57,0.02
True,31,0.02,False,20,20,False,33,False,0.3987108856795152,0.03936535394247455,0.6449621867960693,36.982331293984316,55.60714998282494,0.0,HMTD-MDE,85,case57,0.02
True,28,0.02,False,20,20,False,28,True,0.17097509548227713,0.026677946331982585,0.6449621867960693,41.98312289954629,69.22137474466582,0.0,HMTD-MDE,86,case57,0.02
True,26,-0.02,False,20,20,False,0,False,0.6119051507201606,0.33806447775616766,0.6449621867960693,35.17164589720778,51.57760624424556,0.0,HMTD-MDE,87,case57,0.02
True,17,-0.02,False,20,20,False,0,False,0.6337271156943901,0.26788935776587297,0.6449621867960693,33.223183345398866,46.16970796778333,0.0,HMTD-MDE,88,case57,0.02
True,55,-0.02,True,1,1,False,40,False,0.1970357777993529,0.006891256972699061,0.6449621867960693,35.895520891062915,47.348746107309125,0.0,HMTD-MDE,89,case57,0.02
True,11,0.02,True,1,1,False,11,True,3.8671819781197475e-10,0.0002955651145503168,0.6449621867960693,35.799527051858604,49.20611909765287,0.0,HMTD-MDE,90,case57,0.02
True,48,-0.02,True,2,2,False,48,True,3.867180879718617e-10,0.002753712702745942,0.6449621867960693,30.70975420123432,37.745135743171026,0.0,HMTD-MDE,91,case57,0.02
True,50,-0.02,True,15,15,False,49,False,0.04977522007442937,0.014582809916083576,0.6449621867960693,37.42548330919817,73.66052290599329,0.0,HMTD-MDE,92,case57,0.02
True,53,-0.02,True,3,3,False,51,False,0.0978747596159392,0.01774551801586078,0.6449621867960693,40.67777490708977,71.44688329426577,0.0,HMTD-MDE,93,case57,0.02
True,43,0.02,False,20,20,False,37,False,0.1835874878553879,0.010664421761755322,0.6449621867960693,31.0086187440902,47.44629730412271,0.0,HMTD-MDE,94,case57,0.02
True,40,-0.02,False,20,20,False,40,True,0.001683318017762415,0.011278385162036634,0.6449621867960693,39.08742695057299,63.642606261419154,0.0,HMTD-MDE,95,case57,0.02
True,10,-0.02,True,1,1,False,10,True,3.8671819781197475e-10,0.0007455511118699345,0.6449621867960693,35.26618334581144,88.30124931118917,0.0,HMTD-MDE,96,case57,0.02
True,14,0.02,True,15,15,False,14,True,3.867181978120836e-10,0.007593593808137527,0.6449621867960693,37.77880639245268,68.38074647821486,0.0,HMTD-MDE,97,case57,0.02
True,53,-0.02,True,5,5,False,51,False,0.23598397678051303,0.013072368047563687,0.6449621867960693,29.026695748325437,44.993321463698535,0.0,HMTD-MDE,98,case57,0.02
True,49,-0.02,False,20,20,False,49,True,0.11313360496238734,0.013325101486441738,0.6449621867960693,39.118164498358965,66.33807287726088,0.0,HMTD-MDE,99,case57,0.02
True,56,0.02,False,20,20,False,38,False,0.17144196495425706,0.015389865709568858,0.6449621867960693,32.332568656420335,46.46120624092873,0.0,HMTD-MDE,100,case57,0.02
True,17,-0.02,False,20,20,False,18,False,0.31412188819723286,0.029233166049323675,0.6449621867960693,35.92118950327858,58.71219371329062,0.0,HMTD-MDE,101,case57,0.02
True,12,0.02,True,1,1,False,12,True,3.8671819781197475e-10,6.506154484848831e-05,0.6449621867960693,37.47036030108575,47.50065141997766,0.0,HMTD-MDE,102,case57,0.02
True,48,-0.02,True,2,2,False,48,True,3.867180605122835e-10,0.0027537127027459423,0.6449621867960693,41.64147286210209,76.06313270807738,0.0,HMTD-MDE,103,case57,0.02
True,31,0.02,False,20,20,False,33,False,0.42390046344344107,0.03380487333764523,0.6449621867960693,40.751052103587426,90.79121664981359,0.0,HMTD-MDE,104,case57,0.02
True,31,0.02,False,20,20,False,0,False,0.5900974862364516,0.3508952317053182,0.6449621867960693,41.37204985017888,62.97754931438253,0.0,HMTD-MDE,105,case57,0.02
True,41,-0.02,True,1,1,False,40,False,0.2357459866965775,0.006438889678895195,0.6449621867960693,41.48024574678857,75.39386284188369,0.0,HMTD-MDE,106,case57,0.02
True,16,-0.02,False,20,20,False,0,False,0.5511708021664152,0.3751374839087479,0.6449621867960693,37.887554202461615,70.23575835628438,0.0,HMTD-MDE,107,case57,0.02
True,20,0.02,True,13,13,False,18,False,0.2951236508575027,0.01406315757512909,0.6449621867960693,38.08874803944491,78.54466699354818,0.0,HMTD-MDE,108,case57,0.02
True,50,0.02,True,14,14,False,49,False,0.11957692469201643,0.013097589006453006,0.6449621867960693,35.46428960398771,45.10018572618721,0.0,HMTD-MDE,109,case57,0.02
True,17,0.02,False,20,20,False,17,True,0.5057535343478461,0.16869769086650613,0.6449621867960693,42.59384374599904,98.45534823543858,0.0,HMTD-MDE,110,case57,0.02
True,41,0.02,True,1,1,False,41,True,0.17211969908206906,0.0010911806809297698,0.6449621867960693,28.314056343515404,46.599270845763385,0.0,HMTD-MDE,111,case57,0.02
True,15,0.02,False,20,20,False,0,False,0.5948065003195779,0.3449999284734928,0.6449621867960693,33.666510551120155,50.41489792347423,0.0,HMTD-MDE,112,case57,0.02
True,12,-0.02,True,1,1,False,12,True,3.8671819781197475e-10,6.506154484848831e-05,0.6449621867960693,38.91127695678733,65.12963537534239,0.0,HMTD-MDE,113,case57,0.02
True,33,-0.02,False,20,20,False,0,False,0.6332189203459968,0.3049421860858831,0.6449621867960693,28.777787496801466,56.488265967345804,0.0,HMTD-MDE,114,case57,0.02
True,8,0.02,True,1,1,False,8,True,3.8671819781197475e-10,0.00028489480589777717,0.6449621867960693,35.629670799244195,45.341655588708825,0.0,HMTD-MDE,115,case57,0.02
True,16,-0.02,False,20,20,False,0,False,0.5790806418743227,0.3569859098375856,0.6449621867960693,36.20186455955263,52.87387924036012,0.0,HMTD-MDE,116,case57,0.02
True,46,-0.02,False,20,20,False,0,False,0.5584887939047094,0.3684200590889661,0.6449621867960693,35.72706884588115,57.90060202416498,0.0,HMTD-MDE,117,case57,0.02
True,8,-0.02,True,1,1,False,8,True,3.8671819781197475e-10,0.00028489480589777717,0.6449621867960693,38.268708443501964,68.75194610911424,0.0,HMTD-MDE,118,case57,0.02
True,20,0.02,False,20,20,False,18,False,0.26395207447262303,0.021964587149956763,0.6449621867960693,36.4040125568863,47.09718952944969,0.0,HMTD-MDE,119,case57,0.02
True,52,-0.02,True,8,8,False,51,False,0.11425905836972515,0.017411999922457715,0.6449621867960693,34.42124799476005,50.06770175823476,0.0,HMTD-MDE,120,case57,0.02
True,9,-0.02,True,9,9,False,9,True,3.867181978120925e-10,0.0057420482213255955,0.6449621867960693,39.83853945392184,68.27887672698125,0.0,HMTD-MDE,121,case57,0.02
True,21,0.02,False,20,20,False,0,False,0.5548446979295379,0.3692895933153924,0.6449621867960693,32.56391460308805,56.59276459482499,0.0,HMTD-MDE,122,case57,0.02
True,43,0.02,False,20,20,False,43,True,0.20064844478687374,0.012166024810947987,0.6449621867960693,36.453545809490606,53.540613982477225,0.0,HMTD-MDE,123,case57,0.02
True,18,-0.02,True,9,9,False,17,False,0.25120679784624333,0.03794630020747635,0.6449621867960693,37.800652149599046,47.22312085505111,0.0,HMTD-MDE,124,case57,0.02
True,38,-0.02,False,20,20,False,38,True,0.17144344663905633,0.015389914906420386,0.6449621867960693,31.59480825124774,46.96582916076296,0.0,HMTD-MDE,125,case57,0.02
True,47,-0.02,False,20,20,False,0,False,0.6143831670973694,0.26394537512278915,0.6449621867960693,38.15161244710907,73.22098161093894,0.0,HMTD-MDE,126,case57,0.02
True,51,-0.02,False,20,20,False,54,False,0.19918917989780455,0.05930399916572302,0.6449621867960693,35.03747694485355,50.68876309669577,0.0,HMTD-MDE,127,case57,0.02
True,23,0.02,True,0,0,False,0,False,0.5955276911352926,0.3483081941046563,0.6449621867960693,42.68937929882668,82.11913129198372,0.0,HMTD-MDE,128,case57,0.02
True,40,0.02,True,15,15,False,40,True,0.001977069692156745,0.01127678053204747,0.6449621867960693,38.21881043841131,72.00707114243416,0.0,HMTD-MDE,129,case57,0.02
True,20,-0.02,False,20,20,False,19,False,0.3086662011037246,0.013083210184295816,0.6449621867960693,38.52627085580025,83.47421221842527,0.0,HMTD-MDE,130,case57,0.02
True,51,-0.02,False,20,20,False,54,False,0.1725752322202702,0.06014558323010476,0.6449621867960693,32.541506248526275,59.60293367388661,0.0,HMTD-MDE,131,case57,0.02
True,26,0.02,False,20,20,False,0,False,0.5684050838531045,0.36379204118493125,0.6449621867960693,35.27105639223009,73.9089985698229,0.0,HMTD-MDE,132,case57,0.02
True,43,-0.02,True,7,7,False,44,False,0.2682298709583231,0.03889158329989582,0.6449621867960693,34.86454585217871,53.75560833781494,0.0,HMTD-MDE,133,case57,0.02
True,54,-0.02,False,20,20,False,0,False,0.5618899698256249,0.3684060134983548,0.6449621867960693,28.302575045381673,54.11549589189236,0.0,HMTD-MDE,134,case57,0.02
True,32,0.02,False,20,20,False,0,False,0.5898835269083367,0.3575929456634296,0.6449621867960693,34.298316593049094,42.19857046555263,0.0,HMTD-MDE,135,case57,0.02
True,47,0.02,False,20,20,False,0,False,0.6249968710926108,0.3228987420869724,0.6449621867960693,35.83132694475353,52.47988509945573,0.0,HMTD-MDE,136,case57,0.02
True,51,0.02,True,2,2,False,54,False,0.15618189925272885,0.06483666832640925,0.6449621867960693,34.19369784242008,46.19634646223859,0.0,HMTD-MDE,137,case57,0.02
True,53,0.02,True,9,9,False,51,False,0.04300541761092826,0.018832969040491296,0.6449621867960693,32.6574874430662,47.3907889216207,0.0,HMTD-MDE,138,case57,0.02
True,54,0.02,False,20,20,False,0,False,0.552639795572068,0.2737321076016147,0.6449621867960693,35.34850210126024,59.84815173142128,0.0,HMTD-MDE,139,case57,0.02
True,20,0.02,False,20,20,False,18,False,0.25289964687190275,0.022125103737310296,0.6449621867960693,38.97966874355916,96.85209228482566,0.0,HMTD-MDE,140,case57,0.02
True,52,0.02,True,9,9,False,51,False,0.06534354165370473,0.018404972488977565,0.6449621867960693,36.28101250506006,70.43894821836149,0.0,HMTD-MDE,141,case57,0.02
True,10,0.02,True,1,1,False,10,True,3.8671819781197475e-10,0.0007455511118699345,0.6449621867960693,40.31271030253265,83.23726812086538,0.0,HMTD-MDE,142,case57,0.02
True,12,-0.02,True,1,1,False,12,True,3.8671819781197475e-10,6.506154484848831e-05,0.6449621867960693,46.60910199745558,127.33892048127021,0.0,HMTD-MDE,143,case57,0.02
True,10,0.02,True,1,1,False,10,True,3.8671819781197475e-10,0.0007455511118699345,0.6449621867960693,29.940783401252702,40.996802694280646,0.0,HMTD-MDE,144,case57,0.02
True,11,-0.02,True,1,1,False,11,True,3.8671819781197475e-10,0.0002955651145503168,0.6449621867960693,33.60250209807418,47.077997968881405,0.0,HMTD-MDE,145,case57,0.02
True,25,-0.02,False,20,20,False,0,False,0.5954914151672288,0.3242796189882776,0.6449621867960693,41.824935501790605,78.42403126414868,0.0,HMTD-MDE,146,case57,0.02
True,36,0.02,True,1,1,False,36,True,1.5005438002075897e-05,0.000865167863339569,0.6449621867960693,34.68893320532516,53.60002501111012,0.0,HMTD-MDE,147,case57,0.02
True,44,-0.02,False,20,20,False,0,False,0.6133992822306974,0.32967106966369075,0.6449621867960693,27.85664788680151,41.52305830211844,0.0,HMTD-MDE,148,case57,0.02
True,24,0.02,False,20,20,False,31,False,0.43862880144839034,0.02699093363862913,0.6449621867960693,29.234658300993033,52.66898540430704,0.0,HMTD-MDE,149,case57,0.02
True,3,0.02,True,4,4,False,3,True,0.00039531711000788167,0.0034834945764806993,0.6449621867960693,35.80769585096277,47.58480558230077,0.0,HMTD-MDE,150,case57,0.02
True,42,0.02,False,20,20,False,42,True,0.046444772365152494,0.040845174991936635,0.6449621867960693,36.274958195281215,48.09325556270778,0.0,HMTD-MDE,151,case57,0.02
True,23,0.02,False,20,20,False,0,False,0.6262235408335929,0.3088951575143086,0.6449621867960693,38.43878335028421,48.64312644058374,0.0,HMTD-MDE,152,case57,0.02
True,45,0.02,False,20,20,False,0,False,0.5991916458336992,0.27557488248797357,0.6449621867960693,42.06330005254131,87.09178334393076,0.0,HMTD-MDE,153,case57,0.02
True,24,-0.02,False,20,20,False,31,False,0.43931910032856347,0.026350838026690065,0.6449621867960693,34.17449379339814,55.89196393266321,0.0,HMTD-MDE,154,case57,0.02
True,22,-0.02,False,20,20,False,0,False,0.6284395886604538,0.2532584173938416,0.6449621867960693,33.998893649550155,41.9060100830393,0.0,HMTD-MDE,155,case57,0.02
True,23,0.02,False,20,20,False,0,False,0.5522650722765733,0.372875865435563,0.6449621867960693,38.01093960064463,52.41243751079311,0.0,HMTD-MDE,156,case57,0.02
True,54,0.02,False,20,20,False,0,False,0.6314840000162938,0.28013584750371956,0.6449621867960693,35.43805610097479,48.947380585013896,0.0,HMTD-MDE,157,case57,0.02
True,33,-0.02,False,20,20,False,0,False,0.5983580896123223,0.35032854516857564,0.6449621867960693,34.45682290184777,49.267976780538454,0.0,HMTD-MDE,158,case57,0.02
True,39,-0.02,False,20,20,False,0,False,0.5516945891484994,0.371604062795645,0.6449621867960693,30.900166594074108,45.15725832316093,0.0,HMTD-MDE,159,case57,0.02
True,13,0.02,True,1,1,False,13,True,3.8671819781197475e-10,0.00024296946723677138,0.6449621867960693,36.13558760844171,52.67571846197827,0.0,HMTD-MDE,160,case57,0.02
True,38,0.02,False,20,20,False,56,False,0.17289182787383614,0.015483226565081295,0.6449621867960693,37.211443853448145,63.31885593244806,0.0,HMTD-MDE,161,case57,0.02
True,35,0.02,True,1,1,False,35,True,1.0144656414728396e-05,0.0007903152629865505,0.6449621867960693,35.10907081072219,65.6346083735116,0.0,HMTD-MDE,162,case57,0.02
True,26,-0.02,False,20,20,False,0,False,0.5718332509378619,0.36819719654009764,0.6449621867960693,36.28786665503867,61.36068369378337,0.0,HMTD-MDE,163,case57,0.02
True,1,0.02,False,20,20,False,0,False,0.5708793072999437,0.3687110806424534,0.6449621867960693,48.176952049834654,105.41154585371264,0.0,HMTD-MDE,164,case57,0.02
True,49,-0.02,False,20,20,False,49,True,0.19752731733697043,0.011321148437109345,0.6449621867960693,31.89065624610521,47.96551071631257,0.0,HMTD-MDE,165,case57,0.02
True,40,0.02,False,20,20,False,40,True,0.0009574201892673218,0.011282181510051672,0.6449621867960693,33.07998335221782,61.58206909894946,0.0,HMTD-MDE,166,case57,0.02
True,40,0.02,False,20,20,False,40,True,0.0011445061838760205,0.01128116837427624,0.6449621867960693,36.057106251246296,82.0286461414071,0.0,HMTD-MDE,167,case57,0.02
True,28,0.02,False,20,20,False,28,True,0.1363855146262449,0.023535549940895416,0.6449621867960693,41.26125429174863,68.86170273646714,0.0,HMTD-MDE,168,case57,0.02
True,38,0.02,False,20,20,False,38,True,0.18935652604405012,0.017340787015765725,0.6449621867960693,33.91419144754764,61.131305605522364,0.0,HMTD-MDE,169,case57,0.02
True,27,0.02,False,20,20,False,27,True,0.29659876576675376,0.06696267400247993,0.6449621867960693,36.652704095467925,49.18411184044092,0.0,HMTD-MDE,170,case57,0.02
True,30,-0.02,False,20,20,False,31,False,0.43857175116704256,0.024469006561262312,0.6449621867960693,29.753072847961448,42.36106075113639,0.0,HMTD-MDE,171,case57,0.02
True,31,-0.02,False,20,20,False,33,False,0.6387137383106087,0.17395359065214375,0.6449621867960693,38.012402155436575,59.06952885852662,0.0,HMTD-MDE,172,case57,0.02
True,27,0.02,False,20,20,False,0,False,0.7009126052741732,0.20967519918005695,0.6449621867960693,35.88094994483981,51.97883718356025,0.0,HMTD-MDE,173,case57,0.02
True,51,0.02,False,20,20,False,54,False,0.19715689120152818,0.05597757977963325,0.6449621867960693,37.40406870492734,53.39767948607915,0.0,HMTD-MDE,174,case57,0.02
True,28,0.02,False,20,20,False,28,True,0.13049053867670518,0.023888606301535404,0.6449621867960693,33.37319155107252,47.586502102785765,0.0,HMTD-MDE,175,case57,0.02
True,33,-0.02,False,20,20,False,0,False,0.6217578276092389,0.29873598511399196,0.6449621867960693,31.514764844905585,47.74964551324958,0.0,HMTD-MDE,176,case57,0.02
True,20,-0.02,True,4,4,False,18,False,0.2504313413319077,0.027796498496050856,0.6449621867960693,32.99960835138336,49.92984020209406,0.0,HMTD-MDE,177,case57,0.02
True,5,0.02,True,3,3,False,5,True,3.867181978119949e-10,0.00192160191471911,0.6449621867960693,34.42317089939024,43.59226284141187,0.0,HMTD-MDE,178,case57,0.02
True,38,0.02,False,20,20,False,38,True,0.17192863073141118,0.015416770675799222,0.6449621867960693,32.64373960264493,40.738544112537056,0.0,HMTD-MDE,179,case57,0.02
True,52,-0.02,True,9,9,False,51,False,0.08762146891346632,0.01796623356727728,0.6449621867960693,37.5243207992753,73.58831491146705,0.0,HMTD-MDE,180,case57,0.02
True,48,0.02,True,3,3,False,48,True,3.8671806051201356e-10,0.0027537127027459423,0.6449621867960693,31.89171875128523,51.892590249190114,0.0,HMTD-MDE,181,case57,0.02
True,32,-0.02,False,20,20,False,0,False,0.5791440056914455,0.361027192046904,0.6449621867960693,35.29992920521181,72.60810207226315,0.0,HMTD-MDE,182,case57,0.02
True,48,0.02,True,4,4,False,48,True,4.819906628043837e-10,0.0027537127028781304,0.6449621867960693,39.69927100697532,90.20715689403006,0.0,HMTD-MDE,183,case57,0.02
True,48,0.02,True,1,1,False,48,True,1.1647035610618782e-05,0.0027537512455568076,0.6449621867960693,29.579489608295262,41.109047923237085,0.0,HMTD-MDE,184,case57,0.02
True,5,0.02,True,1,1,False,5,True,5.635768836764458e-10,0.001921601914731684,0.6449621867960693,40.35811049398035,70.55851903278385,0.0,HMTD-MDE,185,case57,0.02
True,41,0.02,True,1,1,False,55,False,0.17556671737684285,0.0012114864768555977,0.6449621867960693,43.627756246132776,92.9849413165358,0.0,HMTD-MDE,186,case57,0.02
True,29,-0.02,False,20,20,False,33,False,0.4209331679053129,0.034542718304148845,0.6449621867960693,26.3161957525881,33.38384168455377,0.0,HMTD-MDE,187,case57,0.02
True,10,-0.02,True,1,1,False,10,True,3.8671819781197475e-10,0.0007455511118699345,0.6449621867960693,35.92861040669959,61.11379968642729,0.0,HMTD-MDE,188,case57,0.02
True,13,0.02,True,1,1,False,13,True,3.8671819781197475e-10,0.00024296946723677138,0.6449621867960693,19.704112494946457,23.548499686876312,0.0,HMTD-MDE,189,case57,0.02
True,7,-0.02,False,20,20,False,7,True,0.4896417245734427,0.2011968994872605,0.6449621867960693,33.316258498234674,50.2702416473767,0.0,HMTD-MDE,190,case57,0.02
True,34,-0.02,False,20,20,False,33,False,0.4347783302585943,0.029604297540815765,0.6449621867960693,32.333431296865456,53.587550279917195,0.0,HMTD-MDE,191,case57,0.02
True,23,-0.02,False,20,20,False,0,False,0.5960515121251981,0.34464368456617855,0.6449621867960693,18.4914229583228,22.815072888624854,0.0,HMTD-MDE,192,case57,0.02
True,22,-0.02,False,20,20,False,0,False,0.5831178874781601,0.3589280291498135,0.6449621867960693,29.348170952289365,44.510966714005924,0.0,HMTD-MDE,193,case57,0.02
True,53,-0.02,True,2,2,False,51,False,0.0969174301462945,0.017775354224205238,0.6449621867960693,19.133368800976314,24.58653396170121,0.0,HMTD-MDE,194,case57,0.02
True,40,0.02,True,9,9,False,40,True,0.000634694681057662,0.01128370280823771,0.6449621867960693,30.88356230291538,50.69949519820511,0.0,HMTD-MDE,195,case57,0.02
True,4,-0.02,False,20,20,False,0,False,0.5974251065196474,0.3157383831662874,0.6449621867960693,20.71437090053223,24.181764299282804,0.0,HMTD-MDE,196,case57,0.02
True,23,0.02,False,20,20,False,0,False,0.591979980132348,0.34995572434730265,0.6449621867960693,13.546439551282674,14.583616668824106,0.0,HMTD-MDE,197,case57,0.02
True,17,0.02,False,20,20,False,20,False,0.3912995867079118,0.03263954826292534,0.6449621867960693,21.76796044805087,26.386643754085526,0.0,HMTD-MDE,198,case57,0.02
True,28,0.02,False,20,20,False,27,False,0.3695323422259488,0.08392467036745421,0.6449621867960693,15.151397953741252,17.996855982346464,0.0,HMTD-MDE,199,case57,0.02
True,26,-0.02,True,5,5,False,25,False,0.1714416009481016,0.004335583563760679,0.47622535213696643,441.25448119593784,503.897053870607,0.0,MS-HIDE,0,case57,0.02
True,49,-0.02,True,3,3,False,49,True,4.1047988950425105e-10,0.0016130136598008931,0.4362340571855491,333.15534375433344,427.0517372176983,0.0,MS-HIDE,1,case57,0.02
True,53,-0.02,True,3,3,False,52,False,0.1714416009446748,0.001582050907402158,0.4529271726569473,404.8235311463941,474.28214798274115,0.0,MS-HIDE,2,case57,0.02
True,37,0.02,True,2,2,False,43,False,0.17144160094404476,0.0016207008969916132,0.5291870979587754,307.92039789957926,378.39112710498745,0.0,MS-HIDE,3,case57,0.02
True,46,0.02,True,17,17,False,0,False,0.4535569239902842,0.327453548653141,0.49892248588204885,273.7272104714066,367.30160357255954,0.0,MS-HIDE,4,case57,0.02
True,17,0.02,True,11,11,False,17,True,0.006584827224852719,0.0026129727465532843,0.46346635474576386,450.1468707981985,536.0638330370438,0.0,MS-HIDE,5,case57,0.02
True,24,0.02,True,4,4,False,24,True,0.1714416009440448,0.002235179986773483,0.6362363187362318,313.16026858985424,371.96261044009594,0.0,MS-HIDE,6,case57,0.02
True,3,0.02,True,3,3,False,3,True,3.8671819781197475e-10,0.0010234120718251368,0.46227935795956765,439.58444580785,568.4784396231421,0.0,MS-HIDE,7,case57,0.02
True,8,-0.02,True,1,1,False,8,True,3.8671819781197475e-10,0.0003177869000190791,0.3394475328782709,326.95436456415337,393.62795420456683,0.0,MS-HIDE,8,case57,0.02
True,22,0.02,False,20,20,False,0,False,0.48318738886695267,0.308293683283639,0.4707811664753304,305.94063130556606,412.10699229850434,0.0,MS-HIDE,9,case57,0.02
True,29,-0.02,True,3,3,False,24,False,0.17144160728811797,0.0020725055671057895,0.636639435468393,450.8172521425877,573.0823274003358,0.0,MS-HIDE,10,case57,0.02
True,28,-0.02,True,1,1,False,28,True,3.8671814289191836e-10,0.0007399860967766847,0.5078142565134214,328.01284590677824,398.07403578306554,0.0,MS-HIDE,11,case57,0.02
True,8,0.02,True,1,1,False,8,True,3.8671819781197475e-10,0.0003177869002985445,0.34027054429886283,425.46091669937596,494.6650479483664,0.0,MS-HIDE,12,case57,0.02
True,28,-0.02,True,2,2,False,28,True,3.8671814289285623e-10,0.0007399860966193646,0.4999307763687739,326.3204686489189,391.7885395436315,0.0,MS-HIDE,13,case57,0.02
True,22,0.02,False,20,20,False,0,False,0.48333789639519126,0.2740656661684093,0.5257733651957028,340.88934379979037,456.517005598289,0.0,MS-HIDE,14,case57,0.02
True,26,0.02,False,20,20,False,26,True,0.1714416009440448,0.004368874229622923,0.5045924833337436,434.2720603541238,501.675172252,0.0,MS-HIDE,15,case57,0.02
True,40,-0.02,False,20,20,False,40,True,3.866794649770938e-05,0.00782595306460159,0.46109109664621895,331.113954106695,420.75627885933505,0.0,MS-HIDE,16,case57,0.02
True,1,-0.02,False,20,20,False,1,True,0.2124449252434884,0.09921116285451322,0.523549849870927,406.631381236366,461.1639895476414,0.0,MS-HIDE,17,case57,0.02
True,37,-0.02,True,2,2,False,43,False,0.17144160094404476,0.0016486969747184356,0.5210603949569751,320.7124020467745,405.13311635004357,0.0,MS-HIDE,18,case57,0.02
True,42,-0.02,True,4,4,False,42,True,3.8671808797186145e-10,0.00209548514329266,0.5687410149001554,283.0902248562779,377.1701017540181,0.0,MS-HIDE,19,case57,0.02
True,32,0.02,False,20,20,False,0,False,0.42927252803881233,0.336636145759465,0.5043178178426346,433.9492063911166,481.79932318744403,0.0,MS-HIDE,20,case57,0.02
True,20,0.02,True,1,1,False,19,False,0.1714416009440448,0.0019008089558888524,0.4941915108351392,323.99799370614346,384.48427529656334,0.0,MS-HIDE,21,case57,0.02
True,46,0.02,False,20,20,False,0,False,0.4207311953984023,0.3340260891082889,0.533965902724124,420.49557304708287,571.6571235563619,0.0,MS-HIDE,22,case57,0.02
True,42,0.02,True,2,2,False,42,True,3.8671808797186145e-10,0.0020958560798632077,0.5476638185412099,330.6015707523329,400.49861425068235,0.0,MS-HIDE,23,case57,0.02
True,56,-0.02,True,3,3,False,38,False,0.1714416009440448,0.005094705113068313,0.561864896328512,329.8033664963441,437.0817770861322,0.0,MS-HIDE,24,case57,0.02
True,53,0.02,True,3,3,False,52,False,0.17144160096466338,0.0015310498103272717,0.4408109489898949,323.44326664169785,375.96504138200544,0.0,MS-HIDE,25,case57,0.02
True,48,0.02,True,2,2,False,48,True,2.0975044357435765e-09,0.0010302554132033894,0.52746828242594,312.3254707927117,387.83671693236107,0.0,MS-HIDE,26,case57,0.02
True,24,-0.02,True,2,2,False,24,True,0.17144160095836522,0.002271816341650076,0.6252547508252393,334.5603688474512,392.28354548104113,0.0,MS-HIDE,27,case57,0.02
True,20,0.02,True,1,1,False,19,False,0.1714416009440448,0.0019223119789649197,0.5478261185240072,324.0227021946339,406.58325685653836,0.0,MS-HIDE,28,case57,0.02
True,34,-0.02,True,3,3,False,34,True,3.8671811543237347e-10,0.0021017524334419196,0.4725221455669748,312.93255615164526,402.52648541354574,0.0,MS-HIDE,29,case57,0.02
True,11,-0.02,True,1,1,False,11,True,3.8671819781197475e-10,0.00036839150493065076,0.35825655332379036,315.81667705613654,379.9282086401945,0.0,MS-HIDE,30,case57,0.02
True,38,0.02,False,20,20,False,56,False,0.17144160094404476,0.005094705209328771,0.5604104854131308,311.3265268912073,357.8617062361445,0.0,MS-HIDE,31,case57,0.02
True,32,0.02,False,20,20,False,0,False,0.42692836596506667,0.33598404187551195,0.5226316330739487,321.0715686029289,407.08631901070476,0.0,MS-HIDE,32,case57,0.02
True,15,-0.02,False,20,20,False,0,False,0.4588264153438157,0.3222191343355879,0.49825466585890976,308.10096865461674,352.30142471846193,0.0,MS-HIDE,33,case57,0.02
True,36,0.02,True,1,1,False,36,True,3.867181154321123e-10,0.0007148499958662434,0.4131783770162919,307.9994916974101,384.668262526975,0.0,MS-HIDE,34,case57,0.02
True,26,0.02,True,8,8,False,25,False,0.17144160094404481,0.0042240143928376885,0.5169144104805994,316.5397166943876,405.66608270746656,0.0,MS-HIDE,35,case57,0.02
True,28,0.02,True,2,2,False,28,True,3.8671814289191816e-10,0.0007663785353700768,0.4946016714906113,307.2035417484585,376.48628328752244,0.0,MS-HIDE,36,case57,0.02
True,3,0.02,True,5,5,False,3,True,3.86718197811975e-10,0.0010234120861891893,0.4671151103166783,311.5986375894863,379.76370657852385,0.0,MS-HIDE,37,case57,0.02
True,6,0.02,True,1,1,False,6,True,2.0318107987146534e-07,0.0008382204812680205,0.5604951228022412,291.14493754750583,392.5055690895534,0.0,MS-HIDE,38,case57,0.02
True,51,-0.02,False,20,20,False,51,True,1.074991158528345e-07,0.004256928149486829,0.4692133915417749,302.0869874570053,383.4136122430209,0.0,MS-HIDE,39,case57,0.02
True,17,0.02,True,13,13,False,17,True,0.0015323336605080943,0.0026325691036337916,0.501951663749518,328.2646437495714,396.2252434663242,0.0,MS-HIDE,40,case57,0.02
True,49,-0.02,True,3,3,False,49,True,3.9413865440298715e-10,0.0018046928732016639,0.4537896472302002,328.96147905266844,414.25764437299233,0.0,MS-HIDE,41,case57,0.02
True,19,-0.02,True,2,2,False,20,False,0.1714416009440448,0.0019079905636264008,0.48313493710151023,331.6419790033251,411.1266187828733,0.0,MS-HIDE,42,case57,0.02
True,31,0.02,True,2,2,False,31,True,0.00175045529468999,0.0019448188745442622,0.4496851889613554,304.85725614998955,405.2091854100581,0.0,MS-HIDE,43,case57,0.02
True,55,0.02,True,1,1,False,55,True,3.916433696342864e-05,0.0008909766744659129,0.45456305527475444,306.6049896471668,374.5709496812197,0.0,MS-HIDE,44,case57,0.02
True,2,0.02,True,4,4,False,2,True,3.8671819781206037e-10,0.0015585531342258545,0.4952123449279137,315.87062915205024,374.98186011216603,0.0,MS-HIDE,45,case57,0.02
True,34,-0.02,True,4,4,False,34,True,4.245272379572546e-10,0.0021045482964424703,0.435589527469102,306.68267700530123,378.80366494355263,0.0,MS-HIDE,46,case57,0.02
True,14,-0.02,True,2,2,False,14,True,3.8671817035206916e-10,0.0013030824761713405,0.5937684012382985,310.7621604081942,366.17863576102536,0.0,MS-HIDE,47,case57,0.02
True,1,0.02,False,20,20,False,0,False,0.4688242556101749,0.31884443646104205,0.5066529415503827,304.68003733840305,364.8516285524238,0.0,MS-HIDE,48,case57,0.02
True,34,-0.02,True,3,3,False,34,True,3.867180879719219e-10,0.0021823638022661356,0.4527803615810111,305.3034957527416,378.8947131863097,0.0,MS-HIDE,49,case57,0.02
True,40,-0.02,False,20,20,False,40,True,0.00014414090948004643,0.007809871890687624,0.4308521977434489,312.99116665904876,401.25939133868087,0.0,MS-HIDE,50,case57,0.02
True,27,-0.02,True,1,1,False,27,True,3.8671814289198676e-10,0.0011128311771631937,0.5160203611782724,327.015527151525,451.48718095151713,0.0,MS-HIDE,51,case57,0.02
True,44,-0.02,True,15,15,False,44,True,1.62108427950577e-05,0.0037774428398359644,0.5489494293506659,320.5267666489817,415.23262709670234,0.0,MS-HIDE,52,case57,0.02
True,1,0.02,False,20,20,False,1,True,0.2643624185083446,0.11939068270770781,0.5425844081120224,305.0951728364453,374.632991978433,0.0,MS-HIDE,53,case57,0.02
True,20,-0.02,True,3,3,False,20,True,0.1714416009440448,0.0019426367691162628,0.4815501006152781,299.57481895398814,359.43662979407236,0.0,MS-HIDE,54,case57,0.02
True,41,-0.02,True,1,1,False,41,True,3.935569803646368e-10,0.0006192775138212034,0.4835260954412554,307.31821255467366,397.8102773922729,0.0,MS-HIDE,55,case57,0.02
True,25,0.02,False,20,20,False,26,False,0.17144160094593092,0.004173268986883127,0.45698767550802527,327.4047896004049,391.9674169970677,0.0,MS-HIDE,56,case57,0.02
True,33,0.02,False,20,20,False,33,True,0.005159599684960628,0.02001770106662503,0.4490062304555957,320.4393269465072,378.38051459693816,0.0,MS-HIDE,57,case57,0.02
True,42,-0.02,True,3,3,False,42,True,3.8671808797186145e-10,0.002122170988768575,0.5629311612501973,314.8674667056184,382.694947582786,0.0,MS-HIDE,58,case57,0.02
True,21,0.02,False,20,20,False,0,False,0.44586634133501496,0.3297259880493499,0.5520364524908327,304.6110268944176,402.8555701719597,0.0,MS-HIDE,59,case57,0.02
True,36,-0.02,True,1,1,False,36,True,3.86718087972003e-10,0.0007219615193760715,0.41087606904282503,307.8321478446014,396.7377548018703,0.0,MS-HIDE,60,case57,0.02
True,46,0.02,False,20,20,False,0,False,0.4452095177823075,0.32604124433598786,0.5527352204711432,297.0843604474794,348.9798973168945,0.0,MS-HIDE,61,case57,0.02
True,56,0.02,False,20,20,False,38,False,0.17144160094404476,0.00509470481282271,0.5559700916463961,321.0379270516569,394.12879757292103,0.0,MS-HIDE,62,case57,0.02
True,8,-0.02,True,2,2,False,8,True,3.8671819781197475e-10,0.00031778689980395186,0.35385471504595695,303.8240582536673,353.2754422718427,0.0,MS-HIDE,63,case57,0.02
True,2,0.02,True,3,3,False,2,True,3.8671817035201405e-10,0.0015585531342548163,0.48734530753617866,307.8377645491855,402.30537529860163,0.0,MS-HIDE,64,case57,0.02
True,43,0.02,True,2,2,False,43,True,0.17144160095309083,0.0015616757103014177,0.5180244149058921,316.29042500280775,383.6107746989001,0.0,MS-HIDE,65,case57,0.02
True,11,0.02,True,1,1,False,11,True,3.8671819781197475e-10,0.00024348021487264414,0.36006696917813974,326.87028749787714,392.022445780458,0.0,MS-HIDE,66,case57,0.02
True,7,0.02,False,20,20,False,0,False,0.45203562347258025,0.3241144113854749,0.5420820964053085,297.8542896482395,353.5034336237004,0.0,MS-HIDE,67,case57,0.02
True,7,-0.02,False,20,20,False,7,True,8.906663993538506e-05,0.013968226314736657,0.506401967883078,307.46438530331943,381.52579793531913,0.0,MS-HIDE,68,case57,0.02
True,51,-0.02,True,5,5,False,51,True,2.0302112281657838e-05,0.004226159912754389,0.46198175790305107,303.3617687498918,373.89131700620055,0.0,MS-HIDE,69,case57,0.02
True,12,-0.02,True,1,1,False,12,True,3.8671819781197475e-10,0.0002901152597598226,0.27540479289454173,295.5917605024297,398.1419577117777,0.0,MS-HIDE,70,case57,0.02
True,17,-0.02,True,8,8,False,17,True,0.012127951688662283,0.006644502862414795,0.5207102276256043,291.2642187962774,371.63410445791675,0.0,MS-HIDE,71,case57,0.02
True,35,0.02,True,2,2,False,35,True,3.8671808797186145e-10,0.0005075684523963001,0.4333103616731181,306.14568764867727,379.68178605369764,0.0,MS-HIDE,72,case57,0.02
True,37,0.02,True,1,1,False,43,False,0.17144160095406025,0.001603011659855937,0.5014412613813104,298.8488500006497,374.5185743813636,0.0,MS-HIDE,73,case57,0.02
True,11,0.02,True,1,1,False,11,True,3.8671819781197475e-10,0.0003683914586692309,0.38023990610065606,319.95524179947097,390.9432256419678,0.0,MS-HIDE,74,case57,0.02
True,43,-0.02,True,1,1,False,37,False,0.17144160094404476,0.0016489576961730835,0.5102463251613368,317.84871278796345,389.07610452442896,0.0,MS-HIDE,75,case57,0.02
True,39,0.02,True,7,7,False,39,True,3.8671811543196143e-10,0.0040286116656570205,0.5114216658949772,309.5854582381435,386.2141101009911,0.0,MS-HIDE,76,case57,0.02
True,41,-0.02,True,1,1,False,41,True,3.883378131232651e-10,0.0006192870217554589,0.49211077616727883,301.10547504446004,348.45594410435297,0.0,MS-HIDE,77,case57,0.02
True,11,-0.02,True,1,1,False,11,True,3.8671819781197475e-10,0.0003683914997506948,0.35756600738504724,296.955145848915,349.90853365452494,0.0,MS-HIDE,78,case57,0.02
True,24,0.02,True,3,3,False,29,False,0.1714416009592407,0.0024257785464481623,0.64160764661226,293.5716000967659,369.3655544426293,0.0,MS-HIDE,79,case57,0.02
True,26,-0.02,True,19,19,False,26,True,0.1714416009440448,0.004345481564388798,0.46717635208888625,318.190995810437,395.7437972654589,0.0,MS-HIDE,80,case57,0.02
True,37,0.02,True,2,2,False,43,False,0.1714416009440448,0.0015616746962521764,0.5313182187696549,304.0821831440553,380.54873057990335,0.0,MS-HIDE,81,case57,0.02
True,26,-0.02,True,1,1,False,26,True,0.17144160094404481,0.004305847697633305,0.45354197843984156,303.1290792103391,373.9704660605639,0.0,MS-HIDE,82,case57,0.02
True,20,-0.02,True,2,2,False,20,True,0.1714416009440448,0.001907468514402707,0.507333048764307,316.8242436047876,392.654540220974,0.0,MS-HIDE,83,case57,0.02
True,54,0.02,True,3,3,False,54,True,5.91557176888074e-10,0.001910313392345848,0.653964937360503,315.2410271897679,402.7713190909709,0.0,MS-HIDE,84,case57,0.02
True,31,0.02,True,8,8,False,31,True,0.005745952199405064,0.001956416097171744,0.46425423252045506,311.96898524067365,411.58200976788066,0.0,MS-HIDE,85,case57,0.02
True,28,0.02,True,1,1,False,28,True,3.867181428919181e-10,0.0007406263279749521,0.5131816208309307,315.65287290140986,432.5673875166103,0.0,MS-HIDE,86,case57,0.02
True,26,-0.02,True,11,11,False,25,False,0.1714416009440448,0.004284811736068112,0.48564999616740506,313.778662509867,392.8305065724999,0.0,MS-HIDE,87,case57,0.02
True,17,-0.02,True,4,4,False,18,False,0.009765714044396061,0.005192216515381404,0.4689466931087413,293.00986875314265,341.57965147751383,0.0,MS-HIDE,88,case57,0.02
True,55,-0.02,True,1,1,False,55,True,1.7695139697634715e-07,0.0008710015067536569,0.4589674916745021,290.1696457993239,338.12039518670645,0.0,MS-HIDE,89,case57,0.02
True,11,0.02,True,1,1,False,11,True,3.8671819781197475e-10,0.00036849683844839893,0.355434825371203,329.2030124925077,392.1402124979069,0.0,MS-HIDE,90,case57,0.02
True,48,-0.02,True,3,3,False,48,True,3.928236343881256e-06,0.0010302581265106462,0.5370918923273039,320.54502919199876,387.75085380766546,0.0,MS-HIDE,91,case57,0.02
True,50,-0.02,True,3,3,False,50,True,3.897596497462747e-10,0.0014815974620244186,0.4241035225215837,311.1278311931528,368.73974161280785,0.0,MS-HIDE,92,case57,0.02
True,53,-0.02,True,2,2,False,53,True,0.17144160095440297,0.0015404300722816223,0.42733531999486035,310.8645728556439,394.16863480000757,0.0,MS-HIDE,93,case57,0.02
True,43,0.02,True,2,2,False,37,False,0.17144160095016076,0.0015995338991390815,0.5206280211768913,310.01545835169964,377.38881249097176,0.0,MS-HIDE,94,case57,0.02
True,40,-0.02,False,20,20,False,40,True,2.6387048907485697e-05,0.007938508733206846,0.47511825985843686,299.8117667011684,391.70536844758317,0.0,MS-HIDE,95,case57,0.02
True,10,-0.02,True,1,1,False,10,True,3.8671819781197475e-10,0.0006222224697717448,0.5335171475970504,314.56946243997663,406.7198812321294,0.0,MS-HIDE,96,case57,0.02
True,14,0.02,True,3,3,False,14,True,3.867181978119748e-10,0.0013671608253998855,0.5566862196028258,310.53225194627885,379.17484854697256,0.0,MS-HIDE,97,case57,0.02
True,53,-0.02,True,3,3,False,53,True,0.1714416009440448,0.001529383286998318,0.45427805597379034,300.16999800282065,362.3184125201078,0.0,MS-HIDE,98,case57,0.02
True,49,-0.02,True,3,3,False,49,True,4.2072809158815506e-10,0.0016142865926212985,0.4361226202739825,318.51611055026297,399.3820729549043,0.0,MS-HIDE,99,case57,0.02
True,56,0.02,True,6,6,False,38,False,0.1714416009440448,0.005094704795421053,0.5599861792284886,316.10025409027,383.4476583229844,0.0,MS-HIDE,100,case57,0.02
True,17,-0.02,False,20,20,False,17,True,0.16432694598898184,0.013599868838937214,0.5086023104779275,308.3062061923556,430.2321853727335,0.0,MS-HIDE,101,case57,0.02
True,12,0.02,True,1,1,False,12,True,3.8671819781197475e-10,0.0002901159447083125,0.2675077058278263,304.5153686631238,396.6508919984335,0.0,MS-HIDE,102,case57,0.02
True,48,-0.02,True,2,2,False,48,True,5.025311938102393e-10,0.0010302554125010703,0.5274185096331886,302.68323539639823,391.46630142349755,0.0,MS-HIDE,103,case57,0.02
True,31,0.02,True,4,4,False,31,True,0.009977398991025758,0.001945932522591166,0.4091471942078232,302.13631034712307,361.5359100862406,0.0,MS-HIDE,104,case57,0.02
True,31,0.02,True,2,2,False,31,True,0.0007337380558475464,0.0019484130471592548,0.44607704745950216,300.4940540617099,347.09007708297577,0.0,MS-HIDE,105,case57,0.02
True,41,-0.02,True,1,1,False,41,True,1.4794690316372645e-09,0.0006137524175806809,0.4611586667295261,301.5755895408802,387.09645893250126,0.0,MS-HIDE,106,case57,0.02
True,16,-0.02,False,20,20,False,0,False,0.4487237484674598,0.3277214881983056,0.5368267671840234,302.7798271010397,368.40709024108946,0.0,MS-HIDE,107,case57,0.02
True,20,0.02,True,2,2,False,20,True,0.1714416009440448,0.001955718204419107,0.5151011253618286,295.77406851167325,367.030610475922,0.0,MS-HIDE,108,case57,0.02
True,50,0.02,True,4,4,False,50,True,3.9179256996590886e-10,0.001481597465559902,0.4523345778413119,302.75082094594836,380.26684649812523,0.0,MS-HIDE,109,case57,0.02
True,17,0.02,True,10,10,False,17,True,0.0019522117364336928,0.002633848450396589,0.5102623944934517,314.75376460293774,394.17600559827406,0.0,MS-HIDE,110,case57,0.02
True,41,0.02,True,1,1,False,41,True,3.867180879719812e-10,0.0006090062395005204,0.46131967250260525,307.3969396558823,369.18916815775447,0.0,MS-HIDE,111,case57,0.02
True,15,0.02,False,20,20,False,0,False,0.4247574141437804,0.26723101975297,0.5439827560913305,314.14307304949034,403.65254376665695,0.0,MS-HIDE,112,case57,0.02
True,12,-0.02,True,1,1,False,12,True,3.8671819781197475e-10,0.0002901152601130332,0.26767867149353447,317.9796103941044,402.38936457608366,0.0,MS-HIDE,113,case57,0.02
True,33,-0.02,False,20,20,False,0,False,0.5447352180429751,0.25576696509244634,0.5037409014200527,309.4255769974552,370.7702326559229,0.0,MS-HIDE,114,case57,0.02
True,8,0.02,True,1,1,False,8,True,3.8671819781197475e-10,0.00031778690141623654,0.34297535213523345,305.6818563025445,373.3575354301138,0.0,MS-HIDE,115,case57,0.02
True,16,-0.02,False,20,20,False,0,False,0.4921535234394149,0.3093617794975527,0.522105321884354,298.6735855578445,372.0223729207646,0.0,MS-HIDE,116,case57,0.02
True,46,-0.02,False,20,20,False,0,False,0.49551013752750944,0.3046113809604077,0.5305996800941457,296.6817625972908,354.5580000063637,0.0,MS-HIDE,117,case57,0.02
True,8,-0.02,True,1,1,False,8,True,3.8671819781197475e-10,0.0003177869002905102,0.33973415881590785,311.4349458919605,377.5446693674894,0.0,MS-HIDE,118,case57,0.02
True,20,0.02,True,3,3,False,20,True,0.1714416009440448,0.0018999227119255982,0.5349604526352426,317.8312437434215,381.0843517829199,0.0,MS-HIDE,119,case57,0.02
True,52,-0.02,True,1,1,False,52,True,0.17144160094404476,0.0015847242238609034,0.43799364484946673,309.6566750493366,365.16566600766964,0.0,MS-HIDE,120,case57,0.02
True,9,-0.02,True,8,8,False,9,True,3.867181978119894e-10,0.004802303868059307,0.4087013033425802,321.6743041470181,394.5048597990535,0.0,MS-HIDE,121,case57,0.02
True,21,0.02,False,20,20,False,0,False,0.4304379030793825,0.33381160434599416,0.5584794935912294,315.0878103537252,382.3481559666107,0.0,MS-HIDE,122,case57,0.02
True,43,0.02,True,1,1,False,43,True,0.1714416009440448,0.0015662881968133543,0.5353100539112307,318.96168760140426,367.3458708624821,0.0,MS-HIDE,123,case57,0.02
True,18,-0.02,True,9,9,False,18,True,0.01299462376712825,0.005081613043150065,0.46682677167652664,309.609668655321,414.33662050112616,0.0,MS-HIDE,124,case57,0.02
True,38,-0.02,True,18,18,False,56,False,0.1714416009440448,0.005094725829464988,0.5137220115591289,301.82187920436263,369.23909405595623,0.0,MS-HIDE,125,case57,0.02
True,47,-0.02,False,20,20,False,0,False,0.4387602744919512,0.33113050260622456,0.5175358070323528,295.6481770495884,373.82050449668895,0.0,MS-HIDE,126,case57,0.02
True,51,-0.02,False,20,20,False,51,True,1.620001543654497e-05,0.004312090435610984,0.5115276802642471,305.7298293482745,370.8971443702467,0.0,MS-HIDE,127,case57,0.02
True,23,0.02,True,0,0,False,0,False,0.4432326227594068,0.33151942367809084,0.5415493809120452,309.2217874538619,395.3416517790174,0.0,MS-HIDE,128,case57,0.02
True,40,0.02,True,15,15,False,40,True,6.473396140984164e-05,0.00792950957475061,0.4819420562403717,310.5397333041765,376.1115723202238,0.0,MS-HIDE,129,case57,0.02
True,20,-0.02,True,1,1,False,19,False,0.1714416009440448,0.0019451774449282962,0.524942530179574,320.314625048195,371.73889757250436,0.0,MS-HIDE,130,case57,0.02
True,51,-0.02,False,20,20,False,51,True,3.373976169652501e-07,0.004226153262714776,0.4672954799498536,303.91125635651406,381.55529134965036,0.0,MS-HIDE,131,case57,0.02
True,26,0.02,True,15,15,False,26,True,0.1714416009600049,0.004170871738115151,0.4921633572530258,295.2080687013222,352.6646547921701,0.0,MS-HIDE,132,case57,0.02
True,43,-0.02,True,1,1,False,43,True,0.1714416009440448,0.001566279375934598,0.5201220615188343,309.5947708992753,381.190480614896,0.0,MS-HIDE,133,case57,0.02
True,54,-0.02,True,4,4,False,54,True,1.7359870125793892e-07,0.0019160157229893024,0.6500386138206353,293.1125373550458,382.8802976146108,0.0,MS-HIDE,134,case57,0.02
True,32,0.02,False,20,20,False,0,False,0.45648932293698086,0.3258883744356506,0.5267474750175475,302.0583812496625,358.98825622862205,0.0,MS-HIDE,135,case57,0.02
True,47,0.02,False,20,20,False,0,False,0.44841449718293835,0.32620356086438296,0.5364424251729613,311.65502701187506,376.4871312858304,0.0,MS-HIDE,136,case57,0.02
True,51,0.02,True,2,2,False,51,True,2.7080825209484794e-08,0.00422615342945802,0.48307082650550115,300.4352125542937,353.0976392532466,0.0,MS-HIDE,137,case57,0.02
True,53,0.02,True,4,4,False,52,False,0.1714416009440448,0.0015352822904881442,0.441512994012909,301.5142479503993,368.5530375165399,0.0,MS-HIDE,138,case57,0.02
True,54,0.02,True,4,4,False,54,True,0.00021399567859858843,0.001910376234353265,0.6354986610897861,311.54601245652884,382.4096747208387,0.0,MS-HIDE,139,case57,0.02
True,20,0.02,True,2,2,False,19,False,0.1714416009440448,0.001954779039006027,0.5056598450864214,315.884527246817,401.5200194262434,0.0,MS-HIDE,140,case57,0.02
True,52,0.02,True,2,2,False,53,False,0.17144160094404476,0.0015333051744746882,0.45484776913310077,312.6870750973467,371.8930681614438,0.0,MS-HIDE,141,case57,0.02
True,10,0.02,True,1,1,False,10,True,3.8671819781197475e-10,0.0006041872610019056,0.5344292638983463,310.74412720336113,395.9683729481185,0.0,MS-HIDE,142,case57,0.02
True,12,-0.02,True,1,1,False,12,True,3.8671819781197475e-10,0.00029011526073611187,0.2653729852052923,326.0585126496153,400.46652533637825,0.0,MS-HIDE,143,case57,0.02
True,10,0.02,True,1,1,False,10,True,3.8671819781197475e-10,0.0006045124843465751,0.5213914521149574,298.5842334048357,366.7256045038812,0.0,MS-HIDE,144,case57,0.02
True,11,-0.02,True,1,1,False,11,True,3.8671819781197475e-10,0.0003683914993766991,0.38015786032164406,307.72235209879,382.05317499523517,0.0,MS-HIDE,145,case57,0.02
True,25,-0.02,True,4,4,False,25,True,0.17144160094404481,0.004375674783252333,0.5068443380491143,313.6072436958784,394.40937087347265,0.0,MS-HIDE,146,case57,0.02
True,36,0.02,True,1,1,False,36,True,3.894808206050231e-10,0.0007148390313473535,0.43093457394836027,305.15119790507015,365.60757742554415,0.0,MS-HIDE,147,case57,0.02
True,44,-0.02,True,12,12,False,44,True,1.5952196574886745e-05,0.0037936371537500803,0.5195541986257095,308.46282295824494,413.2683080882998,0.0,MS-HIDE,148,case57,0.02
True,24,0.02,True,6,6,False,24,True,0.17144160094635508,0.002109301992400021,0.6049716060777092,306.4328436390497,365.5795276572462,0.0,MS-HIDE,149,case57,0.02
True,3,0.02,True,4,4,False,3,True,3.8671819781197517e-10,0.001023412071520209,0.4677407806327697,305.68326035281643,419.41425036930013,0.0,MS-HIDE,150,case57,0.02
True,42,0.02,True,5,5,False,42,True,3.8671808797186145e-10,0.0020954845311861687,0.5552675486633312,311.2956563010812,425.1126268034568,0.0,MS-HIDE,151,case57,0.02
True,23,0.02,False,20,20,False,0,False,0.471061105747556,0.3209574171012036,0.5113677755323616,302.89704364549834,365.00712706765626,0.0,MS-HIDE,152,case57,0.02
True,45,0.02,True,3,3,False,45,True,3.8671808797186145e-10,0.0023695592399047612,0.5035481545260665,325.21380829566624,394.8089455196168,0.0,MS-HIDE,153,case57,0.02
True,24,-0.02,True,1,1,False,24,True,0.17144164539726028,0.002093803797249109,0.6017628217405692,313.333208343829,384.689297323348,0.0,MS-HIDE,154,case57,0.02
True,22,-0.02,False,20,20,False,0,False,0.46537225419490497,0.3172214090739871,0.5647239430375159,294.3129664985463,371.24063718365505,0.0,MS-HIDE,155,case57,0.02
True,23,0.02,False,20,20,False,0,False,0.43111703259873274,0.3322044921508758,0.5428740670751778,304.40044795395806,381.1969273752766,0.0,MS-HIDE,156,case57,0.02
True,54,0.02,True,3,3,False,54,True,1.257542542355961e-08,0.00196637843836184,0.6634532686441441,301.0518997965846,365.4194104310591,0.0,MS-HIDE,157,case57,0.02
True,33,-0.02,False,20,20,False,0,False,0.47448403739978173,0.3209134501938436,0.5370500506255763,300.1547458959976,355.9084377629915,0.0,MS-HIDE,158,case57,0.02
True,39,-0.02,False,20,20,False,39,True,3.867181154320613e-10,0.003650879389921719,0.5251503329182207,311.04639780241996,392.93147854914423,0.0,MS-HIDE,159,case57,0.02
True,13,0.02,True,1,1,False,13,True,3.867181978119748e-10,0.0003368264100302029,0.2719155775830959,311.42323109379504,421.6791020618985,0.0,MS-HIDE,160,case57,0.02
True,38,0.02,False,20,20,False,56,False,0.17144160094404476,0.005094704835112517,0.5612567546626198,308.08427289593965,361.7089788749581,0.0,MS-HIDE,161,case57,0.02
True,35,0.02,True,1,1,False,35,True,3.8671808797186145e-10,0.000509595152588719,0.41592121890287814,322.14386030100286,391.1029937677086,0.0,MS-HIDE,162,case57,0.02
True,26,-0.02,False,20,20,False,25,False,0.17144160094404481,0.0046933704905148055,0.556783055962756,315.3463145601563,389.39917535171844,0.0,MS-HIDE,163,case57,0.02
True,1,0.02,False,20,20,False,0,False,0.44117446788036807,0.3105830956994891,0.5278812447568383,321.23505005438346,392.57153297658084,0.0,MS-HIDE,164,case57,0.02
True,49,-0.02,True,3,3,False,49,True,4.428442140866677e-10,0.0016130129425076638,0.4316091095299191,301.0415770491818,357.9864916828228,0.0,MS-HIDE,165,case57,0.02
True,40,0.02,False,20,20,False,40,True,1.4621288659500563e-05,0.0077917460751603575,0.48632638240896714,322.875262555317,405.0429125432857,0.0,MS-HIDE,166,case57,0.02
True,40,0.02,False,20,20,False,40,True,1.9530708301546185e-08,0.007664824166050429,0.45085199160117084,307.17979374167044,380.2115332888207,0.0,MS-HIDE,167,case57,0.02
True,28,0.02,True,2,2,False,28,True,3.8671814289191847e-10,0.0007399864772129713,0.5248387671558781,307.42690415354446,388.0770187592134,0.0,MS-HIDE,168,case57,0.02
True,38,0.02,False,20,20,False,56,False,0.17144160094404476,0.005094704872714903,0.5733021670232037,324.1448624932673,401.7544618720422,0.0,MS-HIDE,169,case57,0.02
True,27,0.02,True,3,3,False,27,True,3.867181428919181e-10,0.0010293818857901693,0.5471801499442187,313.9695750985993,382.41869997873437,0.0,MS-HIDE,170,case57,0.02
True,30,-0.02,True,4,4,False,30,True,0.0069638249337764455,0.0020820811840882086,0.42916062199576677,313.3806123485556,388.9978118677391,0.0,MS-HIDE,171,case57,0.02
True,31,-0.02,True,2,2,False,31,True,0.0019986422654368766,0.0019798372564525575,0.4490627505547923,309.9173020978924,412.2349410346942,0.0,MS-HIDE,172,case57,0.02
True,27,0.02,True,2,2,False,27,True,3.8671811543201453e-10,0.0010182792165940799,0.529971015111185,293.0172332446091,368.355535439332,0.0,MS-HIDE,173,case57,0.02
True,51,0.02,True,7,7,False,51,True,1.1912376068407936e-07,0.004228967743104672,0.5069817772041081,294.62334994168486,379.5892604452092,0.0,MS-HIDE,174,case57,0.02
True,28,0.02,True,1,1,False,28,True,3.867181428919187e-10,0.000739986477069712,0.5363854383015493,310.3021312475903,378.7466648936971,0.0,MS-HIDE,175,case57,0.02
True,33,-0.02,False,20,20,False,33,True,0.003997007413289101,0.0168926334932933,0.5096481733508894,315.80848335288465,418.14025414059876,0.0,MS-HIDE,176,case57,0.02
True,20,-0.02,True,4,4,False,19,False,0.1714416009440448,0.0018963538762441887,0.517162979289601,302.78292925213464,375.1980430854019,0.0,MS-HIDE,177,case57,0.02
True,5,0.02,True,3,3,False,5,True,9.286827400026448e-10,0.0009757306222226961,0.5770708257449462,312.54747710190713,393.33635448419955,0.0,MS-HIDE,178,case57,0.02
True,38,0.02,False,20,20,False,56,False,0.17144160094404476,0.005096304732422875,0.5722502268715938,283.91426669841167,355.98076251044404,0.0,MS-HIDE,179,case57,0.02
True,52,-0.02,True,2,2,False,52,True,0.17144160094404476,0.0017104314865374127,0.43041723323216013,303.08035615016706,400.91497431858454,0.0,MS-HIDE,180,case57,0.02
True,48,0.02,True,6,6,False,48,True,3.957256132088568e-10,0.0010302557453549294,0.5268597320542454,310.38511459482834,384.190616075648,0.0,MS-HIDE,181,case57,0.02
True,32,-0.02,False,20,20,False,0,False,0.43321641666958344,0.33502871877271995,0.540946508481356,301.2943750421982,366.21726219018456,0.0,MS-HIDE,182,case57,0.02
True,48,0.02,True,6,6,False,48,True,5.1592248308274454e-09,0.0010302554138292624,0.5209058430459217,311.7687312478665,362.18576878891326,0.0,MS-HIDE,183,case57,0.02
True,48,0.02,True,2,2,False,48,True,2.1167940825225626e-09,0.0010302554144770244,0.5141490315158246,191.16284374322277,252.14726039266677,0.0,MS-HIDE,184,case57,0.02
True,5,0.02,True,2,2,False,5,True,4.2481459009704796e-10,0.0009757306224115536,0.5530131146047256,300.9211019932991,400.01805975625757,0.0,MS-HIDE,185,case57,0.02
True,41,0.02,True,1,1,False,41,True,3.8716840858549713e-10,0.0006137400571338047,0.4896529611675319,300.2611792937387,405.99881068919785,0.0,MS-HIDE,186,case57,0.02
True,29,-0.02,True,5,5,False,29,True,0.1714416049440488,0.0022594634178231326,0.5950834241488571,310.36009165400174,380.7757815811783,0.0,MS-HIDE,187,case57,0.02
True,10,-0.02,True,1,1,False,10,True,3.8671819781197475e-10,0.0006041871577988919,0.5348352830291648,274.11046885245014,367.0294868614292,0.0,MS-HIDE,188,case57,0.02
True,13,0.02,True,1,1,False,13,True,3.867181703520553e-10,0.0003368264106936239,0.2709990034890693,159.58626665815245,215.25619017484132,0.0,MS-HIDE,189,case57,0.02
True,7,-0.02,False,20,20,False,7,True,0.0004886841913153965,0.01460893505775831,0.5057659737137299,306.0270395013504,401.461835441296,0.0,MS-HIDE,190,case57,0.02
True,34,-0.02,True,6,6,False,34,True,3.8671808797186197e-10,0.002172560182138322,0.48002938761042335,191.74128970189486,236.1692982551176,0.0,MS-HIDE,191,case57,0.02
True,23,-0.02,False,20,20,False,0,False,0.44280433980562145,0.3261389251882634,0.545145707993274,296.6665811429266,368.9501812477829,0.0,MS-HIDE,192,case57,0.02
True,22,-0.02,False,20,20,False,0,False,0.45114128274613813,0.3289700564052914,0.5391461321941392,189.38570824393537,245.56815479591023,0.0,MS-HIDE,193,case57,0.02
True,53,-0.02,True,2,2,False,53,True,0.1714416009440448,0.0016610887307401431,0.4118042205820344,96.067783201579,140.39071665029041,0.0,MS-HIDE,194,case57,0.02
True,40,0.02,False,20,20,False,40,True,6.126675820840992e-06,0.007744207844736779,0.4374464738684392,274.89016034814995,352.8162621281808,0.0,MS-HIDE,195,case57,0.02
True,4,-0.02,False,20,20,False,0,False,0.42394042195475423,0.33340190734207054,0.5585842373202626,160.89727914950345,228.21904615557287,0.0,MS-HIDE,196,case57,0.02
True,23,0.02,False,20,20,False,0,False,0.42597598775779644,0.3364857858887731,0.5322417233587027,279.3294999981299,365.3102496871725,0.0,MS-HIDE,197,case57,0.02
True,17,0.02,True,16,16,False,17,True,0.007307767425394086,0.0026024927983805475,0.5200585321662698,162.05203570134472,218.66619021166116,0.0,MS-HIDE,198,case57,0.02
True,28,0.02,True,1,1,False,28,True,3.867181428919181e-10,0.0007663785349359878,0.5399765706557992,77.03384989872575,86.4153458212968,0.0,MS-HIDE,199,case57,0.02
True,26,-0.02,True,5,5,False,26,True,0.17144160118310753,0.0086116536331789,0.6946651679887632,2.1037229453213513,2.90715656883549,0.0,RHMTD,0,case57,0.02
True,49,-0.02,True,11,11,False,49,True,2.9154491747904477e-05,0.003281371802521527,0.7031763863922,3.4210748970508575,6.660755860502833,0.0,RHMTD,1,case57,0.02
True,53,-0.02,True,10,10,False,53,True,0.17144254470678705,0.00382274893561306,0.7061114305861951,2.9955291509395465,3.9688499935436994,0.0,RHMTD,2,case57,0.02
True,37,0.02,True,5,5,False,37,True,0.1714416009440448,0.0025123811158494383,0.6963739639653085,5.288635395118035,11.463410101714544,0.0,RHMTD,3,case57,0.02
True,46,0.02,True,17,17,False,0,False,0.4373317493064999,0.32960821630807335,0.6946312741064754,4.43234394188039,10.174425356672145,0.0,RHMTD,4,case57,0.02
True,17,0.02,False,20,20,False,18,False,0.1659507346307247,0.049276367219627915,0.6998393279171573,2.0960853988071904,2.452787823858671,0.0,RHMTD,5,case57,0.02
True,24,0.02,True,4,4,False,29,False,0.17144160096865682,0.013931570892938823,0.6929940233908594,4.930381293524988,10.713061006390497,0.0,RHMTD,6,case57,0.02
True,3,0.02,False,20,20,False,3,True,3.8671819781217064e-10,0.005504218492867223,0.6977877947654327,5.064370849868283,7.958314902498413,0.0,RHMTD,7,case57,0.02
True,8,-0.02,True,1,1,False,8,True,3.8671819781197475e-10,0.00033345882170102213,0.7050455676820152,4.109414594131522,8.646933326963335,0.0,RHMTD,8,case57,0.02
True,22,0.02,False,20,20,False,0,False,0.5525372648204732,0.2640262829070863,0.6976274094521628,4.1100416536210105,8.24460982694291,0.0,RHMTD,9,case57,0.02
True,29,-0.02,True,5,5,False,29,True,0.17144160094605398,0.010237521671740758,0.6955706455796734,2.0393499435158446,2.331514222896658,0.0,RHMTD,10,case57,0.02
True,28,-0.02,True,1,1,False,28,True,3.9467861788323626e-10,0.0041527444692101905,0.6906948533828214,3.1777477997820824,4.548650016658945,0.0,RHMTD,11,case57,0.02
True,8,0.02,True,1,1,False,8,True,3.8671819781197475e-10,0.00048432174357702424,0.6983076530817569,7.550183395505883,23.734011023771036,0.0,RHMTD,12,case57,0.02
True,28,-0.02,True,1,1,False,28,True,3.867181154319516e-10,0.0011951786331795644,0.6980451085632124,5.436291708610952,10.747685781097992,0.0,RHMTD,13,case57,0.02
True,22,0.02,False,20,20,False,0,False,0.4697075656650579,0.3042900614257902,0.6999195205737923,3.5187334491638467,5.946668417891489,0.0,RHMTD,14,case57,0.02
True,26,0.02,False,20,20,False,25,False,0.1714416009440448,0.005583931531383605,0.7029138418736557,1.9981832534540445,2.2627975646173586,0.0,RHMTD,15,case57,0.02
True,40,-0.02,False,20,20,False,40,True,3.6631467497903807e-07,0.012903968780846738,0.6989696876590645,5.893031239975244,15.90188482368831,0.0,RHMTD,16,case57,0.02
True,1,-0.02,False,20,20,False,1,True,0.14291830045091486,0.05667575647192366,0.6959342983056191,3.0603687453549355,4.0953645890112975,0.0,RHMTD,17,case57,0.02
True,37,-0.02,True,4,4,False,43,False,0.1714416009440448,0.0030482838595780586,0.6993944315367031,4.287504099193029,9.430180900380947,0.0,RHMTD,18,case57,0.02
True,42,-0.02,True,5,5,False,42,True,3.8671808797389094e-10,0.004456267902095131,0.7018636637994773,4.585343698272482,10.886605942505414,0.0,RHMTD,19,case57,0.02
True,32,0.02,False,20,20,False,0,False,0.4119881750125629,0.3353330862143854,0.7002570270282067,2.1164165576919913,2.614529160200618,0.0,RHMTD,20,case57,0.02
True,20,0.02,True,6,6,False,19,False,0.1714416009440448,0.002646422470825393,0.7010446605838406,7.641243850230239,18.106409779284167,0.0,RHMTD,21,case57,0.02
True,46,0.02,False,20,20,False,0,False,0.4209556363788493,0.33311211468688184,0.7050455676820151,3.5199855541577563,6.219596159644429,0.0,RHMTD,22,case57,0.02
True,42,0.02,True,18,18,False,42,True,3.867180879764048e-10,0.005703135215905833,0.6967968937971228,7.150791556341574,12.313335141516314,0.0,RHMTD,23,case57,0.02
True,56,-0.02,True,3,3,False,56,True,0.172123371801983,0.01569549653833453,0.7034389309107447,3.500356155564077,6.896899378625678,0.0,RHMTD,24,case57,0.02
True,53,0.02,True,11,11,False,53,True,0.1714416009440448,0.003482621503375931,0.6932174433063512,3.809935340541415,6.5010618680389625,0.0,RHMTD,25,case57,0.02
True,48,0.02,False,20,20,False,48,True,3.867180879776696e-10,0.0050234038901803115,0.6994537086425714,4.0491082007065415,7.228447342640722,0.0,RHMTD,26,case57,0.02
True,24,-0.02,True,4,4,False,24,True,0.17144160253890364,0.006552376500245424,0.6989286196054825,3.4377478412352502,5.251439573476093,0.0,RHMTD,27,case57,0.02
True,20,0.02,True,1,1,False,20,True,0.1714416009440448,0.002218309889431022,0.7001977499223384,5.768583249300718,14.507455952116306,0.0,RHMTD,28,case57,0.02
True,34,-0.02,True,5,5,False,34,True,6.114074591806102e-10,0.012075042128442457,0.6985911131510678,3.459043797920458,5.324410094181079,0.0,RHMTD,29,case57,0.02
True,11,-0.02,True,1,1,False,11,True,3.8671819781197475e-10,0.0007519078100424372,0.7015854344509314,4.250660396064632,5.449066639994287,0.0,RHMTD,30,case57,0.02
True,38,0.02,False,20,20,False,38,True,0.17159468019703503,0.016307927069060833,0.697600212182758,3.063345793634653,4.109656217042358,0.0,RHMTD,31,case57,0.02
True,32,0.02,False,20,20,False,0,False,0.44621436316932195,0.3260597181469418,0.6909906030593058,5.718752046232112,10.510104155400793,0.0,RHMTD,32,case57,0.02
True,15,-0.02,False,20,20,False,0,False,0.40239124726478037,0.3387128189389956,0.701060345413842,4.63071035919711,10.511519058491114,0.0,RHMTD,33,case57,0.02
True,36,0.02,True,1,1,False,36,True,3.867180879718616e-10,0.0014191996864771964,0.7026512973551109,3.393529201275669,4.312322937767025,0.0,RHMTD,34,case57,0.02
True,26,0.02,True,8,8,False,25,False,0.1714416009440448,0.004497943165650443,0.6970594383156674,3.9585209015058354,8.390820890781471,0.0,RHMTD,35,case57,0.02
True,28,0.02,True,1,1,False,28,True,3.86718142891961e-10,0.0032984013201675486,0.7058488860676505,3.7809477536939085,6.290286884177477,0.0,RHMTD,36,case57,0.02
True,3,0.02,True,14,14,False,3,True,4.053653660038857e-10,0.003798896171094054,0.6956508382363082,4.478074892540462,9.829332976369193,0.0,RHMTD,37,case57,0.02
True,6,0.02,False,20,20,False,6,True,3.8671817035197135e-10,0.0058542155552353415,0.6988536576696125,4.709677156643011,10.986058981507085,0.0,RHMTD,38,case57,0.02
True,51,-0.02,False,20,20,False,51,True,0.0024685174262748517,0.012055367042850419,0.695650838236308,4.627441547927447,12.584253860404718,0.0,RHMTD,39,case57,0.02
True,17,0.02,False,20,20,False,17,True,0.1290965568025555,0.02954945214262851,0.7026512973551109,5.294822898576967,13.480118394363672,0.0,RHMTD,40,case57,0.02
True,49,-0.02,True,14,14,False,49,True,3.86718087971962e-10,0.0032466926670628566,0.6962971879836142,3.733452153392136,6.804508634377275,0.0,RHMTD,41,case57,0.02
True,19,-0.02,True,1,1,False,20,False,0.1714416009440448,0.0021652289371762406,0.7013228899323865,4.447572948993184,10.011814296012746,0.0,RHMTD,42,case57,0.02
True,31,0.02,False,20,20,False,31,True,0.16399595929902097,0.004632581217088005,0.6991109714673922,4.1400020505534485,8.449504160671498,0.0,RHMTD,43,case57,0.02
True,55,0.02,True,1,1,False,55,True,3.8671808797186854e-10,0.000909979385986072,0.7012479279965167,5.497727042529732,11.16244760632981,0.0,RHMTD,44,case57,0.02
True,2,0.02,True,1,1,False,2,True,3.8671819781197977e-10,0.004189507288593304,0.7005195715467514,3.949260400258936,7.723280973732474,0.0,RHMTD,45,case57,0.02
True,34,-0.02,True,11,11,False,34,True,5.574962298650151e-07,0.0034614245854371786,0.7009853834779722,3.8091041409643367,7.2574351128423595,0.0,RHMTD,46,case57,0.02
True,14,-0.02,True,4,4,False,14,True,3.867181978119758e-10,0.001323266488640775,0.6966626547553845,4.928454098990187,12.232112148194577,0.0,RHMTD,47,case57,0.02
True,1,0.02,False,20,20,False,0,False,0.5109224229492705,0.2188831614142214,0.7028388799377856,5.305812397273257,11.583631575922483,0.0,RHMTD,48,case57,0.02
True,34,-0.02,True,3,3,False,34,True,3.920546926199604e-10,0.0047924299061238166,0.7002570270282068,7.373470650054514,14.04601251415445,0.0,RHMTD,49,case57,0.02
True,40,-0.02,False,20,20,False,40,True,3.177468877921876e-05,0.009140453179045509,0.6980451085632122,3.502960447804071,4.66855032718741,0.0,RHMTD,50,case57,0.02
True,27,-0.02,True,1,1,False,27,True,3.8671814289193e-10,0.0020455978953501388,0.6993735159859367,4.071306288824417,7.5206190638709876,0.0,RHMTD,51,case57,0.02
True,44,-0.02,False,20,20,False,44,True,0.004867701272693936,0.02031532304758175,0.7029138418736556,4.651841596933082,11.66197920392733,0.0,RHMTD,52,case57,0.02
True,1,0.02,False,20,20,False,0,False,0.45073020602870184,0.3200342501907142,0.7029138418736556,4.348429053789005,8.513270859839398,0.0,RHMTD,53,case57,0.02
True,20,-0.02,True,3,3,False,19,False,0.17144160102014544,0.003011269164932474,0.702651297355111,6.9888583035208285,12.0575378328795,0.0,RHMTD,54,case57,0.02
True,41,-0.02,True,1,1,False,41,True,3.867180879720021e-10,0.0006444644135611347,0.7007978008952975,4.2173313471721485,7.069177716039135,0.0,RHMTD,55,case57,0.02
True,25,0.02,False,20,20,False,26,False,0.1714416009569318,0.013396965688013747,0.7047830231634706,3.064506154623814,3.8562333385925744,0.0,RHMTD,56,case57,0.02
True,33,0.02,False,20,20,False,0,False,0.545287704555566,0.2598113671100351,0.7029138418736556,3.255891750450246,4.2940481740515715,0.0,RHMTD,57,case57,0.02
True,42,-0.02,True,7,7,False,42,True,3.8671808797329594e-10,0.008736519095856725,0.6994537086425716,4.575143690453842,7.849276464548897,0.0,RHMTD,58,case57,0.02
True,21,0.02,False,20,20,False,0,False,0.44328093198704216,0.3243505079090252,0.7085057009130991,3.546331447432749,4.702794062905019,0.0,RHMTD,59,case57,0.02
True,36,-0.02,True,3,3,False,36,True,3.8671811543197095e-10,0.002500340267743316,0.7045047938149245,3.163543701521121,4.780397584545426,0.0,RHMTD,60,case57,0.02
True,46,0.02,False,20,20,False,0,False,0.45294307934168254,0.32029587303413976,0.6990360095315222,3.320777096087113,6.716395844705403,0.0,RHMTD,61,case57,0.02
True,56,0.02,False,20,20,False,38,False,0.1714505611917701,0.017140821332475662,0.6942683844284803,4.30989574524574,9.190675275749529,0.0,RHMTD,62,case57,0.02
True,8,-0.02,True,1,1,False,8,True,3.8671819781197475e-10,0.00048768484218572296,0.7007821160652958,3.684377041645348,5.829525258741343,0.0,RHMTD,63,case57,0.02
True,2,0.02,True,4,4,False,2,True,3.867181978119754e-10,0.002697599377667113,0.6916909991917157,4.574250092264265,10.484366334276276,0.0,RHMTD,64,case57,0.02
True,43,0.02,True,3,3,False,37,False,0.1714416009440448,0.0030750609934533657,0.6961759272733972,4.296141804661602,11.256694380426781,0.0,RHMTD,65,case57,0.02
True,11,0.02,True,1,1,False,11,True,3.8671819781197475e-10,0.0007549391434555541,0.6943224308135836,8.200035395566374,25.676974680391158,0.0,RHMTD,66,case57,0.02
True,7,0.02,False,20,20,False,7,True,0.017353592154783725,0.017464275785275766,0.7029138418736556,4.311470751417801,12.196524691535162,0.0,RHMTD,67,case57,0.02
True,7,-0.02,False,20,20,False,7,True,1.4507114974239282e-05,0.01721169471749305,0.7020303308313853,6.303704099263996,11.635441335965899,0.0,RHMTD,68,case57,0.02
True,51,-0.02,False,20,20,False,51,True,5.867936537333025e-06,0.012579743865520276,0.6956508382363082,4.921579049550928,11.218870559241633,0.0,RHMTD,69,case57,0.02
True,12,-0.02,True,1,1,False,12,True,3.8671819781197475e-10,0.00017715035484214208,0.6966417392046179,3.7182958476478234,7.538955920608715,0.0,RHMTD,70,case57,0.02
True,17,-0.02,False,20,20,False,18,False,0.11021702552670569,0.012000351238517091,0.6989286196054825,5.048770908615552,11.752819441608153,0.0,RHMTD,71,case57,0.02
True,35,0.02,True,1,1,False,35,True,3.882202158920264e-10,0.0027807177397785625,0.696716701140488,5.340448138304055,11.986367288045585,0.0,RHMTD,72,case57,0.02
True,37,0.02,True,1,1,False,37,True,0.1714416009440448,0.0030476406334949465,0.7002570270282069,4.604660448967479,9.817693071090616,0.0,RHMTD,73,case57,0.02
True,11,0.02,True,1,1,False,11,True,3.8671819781197475e-10,0.0006343916925124052,0.6961759272733974,5.125216647866182,11.548536040936598,0.0,RHMTD,74,case57,0.02
True,43,-0.02,True,1,1,False,37,False,0.17144160094404476,0.002484189101779918,0.6976002121827581,6.098112495965324,12.733824364841,0.0,RHMTD,75,case57,0.02
True,39,0.02,False,20,20,False,39,True,3.8671811543204875e-10,0.008465075337879251,0.6964052666340019,5.376010452164337,13.128200007486159,0.0,RHMTD,76,case57,0.02
True,41,-0.02,True,1,1,False,41,True,3.8671806051196827e-10,0.0007015276598169328,0.6945517701741885,4.318435452296399,10.256725299404934,0.0,RHMTD,77,case57,0.02
True,11,-0.02,True,1,1,False,11,True,3.8671819781197475e-10,0.0007444192512089295,0.6901488487949661,4.096685344120488,8.472462772624567,0.0,RHMTD,78,case57,0.02
True,24,0.02,True,4,4,False,24,True,0.1714416009440448,0.0027632957737087336,0.7010603454138419,4.878829052904621,10.360991355264561,0.0,RHMTD,79,case57,0.02
True,26,-0.02,False,20,20,False,26,True,0.171441600966159,0.004647520314066891,0.7002570270282069,4.53990850946866,8.945027444860898,0.0,RHMTD,80,case57,0.02
True,37,0.02,True,6,6,False,37,True,0.1714416009440448,0.0030509917142710133,0.7023887528365664,5.04064999113325,11.124879139242697,0.0,RHMTD,81,case57,0.02
True,26,-0.02,True,1,1,False,25,False,0.1714416009440448,0.00493291936660401,0.6910446494444095,4.356547896168195,9.667254160740413,0.0,RHMTD,82,case57,0.02
True,20,-0.02,True,2,2,False,19,False,0.1714416009440448,0.0022119370141909086,0.7037171602592909,4.766912446939386,9.731108302366923,0.0,RHMTD,83,case57,0.02
True,54,0.02,True,1,1,False,54,True,3.8671808797186254e-10,0.002513881460439988,0.7021105234880205,4.48570009903051,11.799443463678474,0.0,RHMTD,84,case57,0.02
True,31,0.02,True,4,4,False,31,True,0.13861713444110849,0.005231275771816075,0.7037171602592907,4.264212553971447,9.133279434172438,0.0,RHMTD,85,case57,0.02
True,28,0.02,True,1,1,False,28,True,3.867181428919181e-10,0.0010892287081273853,0.696716701140488,4.718120855977759,8.559804226388225,0.0,RHMTD,86,case57,0.02
True,26,-0.02,False,20,20,False,25,False,0.17144160098022165,0.004792892667074475,0.6989286196054824,3.4554166079033166,5.842806553118867,0.0,RHMTD,87,case57,0.02
True,17,-0.02,False,20,20,False,18,False,0.16920277585937474,0.033192194492812806,0.6932617986301688,5.127289597294293,13.37321043829434,0.0,RHMTD,88,case57,0.02
True,55,-0.02,True,1,1,False,55,True,3.8671808797188704e-10,0.0009827130280797,0.7010446605838405,4.949227051110938,10.678898548940198,0.0,RHMTD,89,case57,0.02
True,11,0.02,True,1,1,False,11,True,3.8671819781197475e-10,0.00033090370700178504,0.7032174544457823,3.049097993061878,3.548402409069242,0.0,RHMTD,90,case57,0.02
True,48,-0.02,True,19,19,False,48,True,3.8671808797186145e-10,0.005190688936746467,0.6970751231456689,3.1402791471919045,4.578120860969648,0.0,RHMTD,91,case57,0.02
True,50,-0.02,True,14,14,False,50,True,4.2322495398714724e-09,0.003242884278611341,0.701060345413842,6.708025009720586,14.2919764504768,0.0,RHMTD,92,case57,0.02
True,53,-0.02,True,9,9,False,52,False,0.17144205041294297,0.00302580361002382,0.7018479789694758,7.890506356488913,27.063671447103864,0.0,RHMTD,93,case57,0.02
True,43,0.02,True,1,1,False,37,False,0.1714416009440448,0.0030274762239694457,0.697600212182758,5.097489457693882,12.06859165104106,0.0,RHMTD,94,case57,0.02
True,40,-0.02,False,20,20,False,40,True,4.199878922996311e-07,0.00893024927844964,0.6975043346961217,4.140733304666355,9.243357976083649,0.0,RHMTD,95,case57,0.02
True,10,-0.02,True,1,1,False,10,True,3.8671819781197475e-10,0.0013617505397178896,0.702051246382152,3.4521895955549553,5.905041992082261,0.0,RHMTD,96,case57,0.02
True,14,0.02,True,2,2,False,14,True,4.4251315574762894e-10,0.004573866699478226,0.6994537086425714,3.6418874020455405,7.302553852787242,0.0,RHMTD,97,case57,0.02
True,53,-0.02,True,2,2,False,53,True,0.17144160120987045,0.006848354508678671,0.7007821160652961,4.608879139414057,9.979297299287282,0.0,RHMTD,98,case57,0.02
True,49,-0.02,True,18,18,False,49,True,1.3719198703193918e-07,0.0035784700656863503,0.6983285686325233,3.7910167477093637,6.447472883155571,0.0,RHMTD,99,case57,0.02
True,56,0.02,False,20,20,False,38,False,0.17144160342560286,0.016081740638366912,0.7013228899323868,4.350235351012088,8.800630946643652,0.0,RHMTD,100,case57,0.02
True,17,-0.02,False,20,20,False,18,False,0.20651805105040585,0.022349641617813665,0.7047830231634707,4.591189656639472,10.986052075168118,0.0,RHMTD,101,case57,0.02
True,12,0.02,True,1,1,False,12,True,3.8671819781197475e-10,0.00017723885031653978,0.7015854344509311,4.60530424315948,11.047828514711002,0.0,RHMTD,102,case57,0.02
True,48,-0.02,False,20,20,False,48,True,3.867180605118946e-10,0.006132808596079809,0.6982536066966536,3.400093747768551,6.162443428183908,0.0,RHMTD,103,case57,0.02
True,31,0.02,True,19,19,False,31,True,0.16832773516035332,0.0046431023628346665,0.7021262083180217,3.1138146005105227,3.9091309125069547,0.0,RHMTD,104,case57,0.02
True,31,0.02,True,5,5,False,30,False,0.11165175251083957,0.004460000455618125,0.7001820650923368,4.974218748975545,12.057698267744854,0.0,RHMTD,105,case57,0.02
True,41,-0.02,True,1,1,False,41,True,3.8671808797203883e-10,0.0006805799868046133,0.7012479279965167,4.214114509522915,8.055998585768979,0.0,RHMTD,106,case57,0.02
True,16,-0.02,False,20,20,False,0,False,0.4566370650291386,0.31135571474010487,0.6963791946860736,4.688789494684897,10.556895830086432,0.0,RHMTD,107,case57,0.02
True,20,0.02,True,1,1,False,20,True,0.1714416009440448,0.005847474151277293,0.6984289137919739,3.6201895942213014,7.1135975973447785,0.0,RHMTD,108,case57,0.02
True,50,0.02,True,2,2,False,50,True,1.4837874217752803e-09,0.006351213572711078,0.6965597325021589,5.107383397989906,9.634887773427181,0.0,RHMTD,109,case57,0.02
True,17,0.02,False,20,20,False,18,False,0.15213578275361003,0.021161543576766757,0.6989286196054825,4.242262602201663,10.539658044581302,0.0,RHMTD,110,case57,0.02
True,41,0.02,True,1,1,False,41,True,3.8671808797213427e-10,0.0020696297214996763,0.6960092602414891,4.410170993651263,8.35005210246891,0.0,RHMTD,111,case57,0.02
True,15,0.02,False,20,20,False,0,False,0.42639545753313013,0.33011630598862984,0.6985911131510678,3.6147167469607666,8.126937155611815,0.0,RHMTD,112,case57,0.02
True,12,-0.02,True,1,1,False,12,True,3.8671819781197475e-10,0.00017729311171765216,0.6923939724179001,4.83859570522327,9.023468487430371,0.0,RHMTD,113,case57,0.02
True,33,-0.02,False,20,20,False,33,True,0.441392978932717,0.2252593785143985,0.6959935754114877,5.3582522115902975,11.149029174703196,0.0,RHMTD,114,case57,0.02
True,8,0.02,True,1,1,False,8,True,3.8671819781197475e-10,0.0004876848421639067,0.7004446096108814,5.630579104763456,11.73184165090789,0.0,RHMTD,115,case57,0.02
True,16,-0.02,False,20,20,False,0,False,0.4527708645496285,0.3213074001921299,0.6924420852380717,4.126333445310593,9.894687545602212,0.0,RHMTD,116,case57,0.02
True,46,-0.02,False,20,20,False,0,False,0.5083321068442717,0.298056469649194,0.6980451085632124,4.470648046117276,7.919086058973343,0.0,RHMTD,117,case57,0.02
True,8,-0.02,True,1,1,False,8,True,3.8671819781197475e-10,0.0006192385518653159,0.7063739751047395,9.382164702401496,16.959645872702875,0.0,RHMTD,118,case57,0.02
True,20,0.02,True,2,2,False,19,False,0.1714416009440448,0.009002855629634756,0.6999944825096623,4.82351224636659,10.88654997292906,0.0,RHMTD,119,case57,0.02
True,52,-0.02,True,1,1,False,53,False,0.1714416009440448,0.00397344783628225,0.6917388836874303,4.9205665942281485,10.133158002281561,0.0,RHMTD,120,case57,0.02
True,9,-0.02,False,20,20,False,9,True,2.143949355461939e-09,0.010090378653592523,0.7077023825274638,4.646308344672434,9.35298809781671,0.0,RHMTD,121,case57,0.02
True,21,0.02,False,20,20,False,0,False,0.4280122845738468,0.3315887640516015,0.6996360605044811,5.358995808637701,11.556873252266088,0.0,RHMTD,122,case57,0.02
True,43,0.02,True,1,1,False,43,True,0.1714416009440448,0.003168250659373691,0.693256567909404,5.835816694889218,13.255654519889505,0.0,RHMTD,123,case57,0.02
True,18,-0.02,True,9,9,False,18,True,0.4389657589906633,0.13836386627051214,0.6967219318612528,5.349468701751903,10.82815801491961,0.0,RHMTD,124,case57,0.02
True,38,-0.02,False,20,20,False,38,True,0.17144160209951223,0.014155125137536367,0.7012479279965167,4.079145943978801,9.466683014761658,0.0,RHMTD,125,case57,0.02
True,47,-0.02,False,20,20,False,0,False,0.47210890903895614,0.3137051631782924,0.7071772934903748,3.718145945458673,8.420839611790143,0.0,RHMTD,126,case57,0.02
True,51,-0.02,False,20,20,False,51,True,0.030986033324605578,0.010506812195751895,0.6970001612097991,3.603570896666497,7.809700033976696,0.0,RHMTD,127,case57,0.02
True,23,0.02,True,0,0,False,0,False,0.5169889001095426,0.26770858340576764,0.6991911641240269,5.036358252982609,10.822985434788283,0.0,RHMTD,128,case57,0.02
True,40,0.02,True,15,15,False,40,True,5.1510964491066675e-06,0.010862576097888802,0.7005195715467513,5.341677198885009,12.883333978243183,0.0,RHMTD,129,case57,0.02
True,20,-0.02,True,2,2,False,20,True,0.17144160094837124,0.0026276173635865043,0.700535256376753,3.8239376503042877,6.234058961854318,0.0,RHMTD,130,case57,0.02
True,51,-0.02,False,20,20,False,51,True,0.0013450778999441356,0.011459313578768079,0.70424224929638,4.946976999053732,17.225225330912508,0.0,RHMTD,131,case57,0.02
True,26,0.02,True,12,12,False,26,True,0.1714416009440448,0.004761137619039936,0.6945849753321284,2.958470696466975,3.684143154532649,0.0,RHMTD,132,case57,0.02
True,43,-0.02,True,1,1,False,37,False,0.1714416009440448,0.0030517587927796257,0.7039797047778353,3.9614541979972278,8.789437147788705,0.0,RHMTD,133,case57,0.02
True,54,-0.02,True,4,4,False,54,True,4.841457189407207e-10,0.009380733691168482,0.6998393279171574,4.925981193082407,8.412929208134315,0.0,RHMTD,134,case57,0.02
True,32,0.02,False,20,20,False,0,False,0.4303905734793554,0.3298239393039586,0.7039797047778353,4.408733261516318,10.177084759925492,0.0,RHMTD,135,case57,0.02
True,47,0.02,False,20,20,False,0,False,0.4769204634841208,0.3091897975284721,0.6986660750869378,4.8140542465262115,9.164596162736423,0.0,RHMTD,136,case57,0.02
True,51,0.02,True,2,2,False,51,True,0.005904807851314937,0.010504594629220319,0.7031920712222017,4.97288754559122,8.16307500645055,0.0,RHMTD,137,case57,0.02
True,53,0.02,True,9,9,False,52,False,0.17144160094554992,0.0036190135511206573,0.70424224929638,4.456562295672484,9.936330933123829,0.0,RHMTD,138,case57,0.02
True,54,0.02,True,2,2,False,54,True,7.778190959139901e-10,0.013070265959798892,0.7002570270282069,4.271116797463037,9.388869380927646,0.0,RHMTD,139,case57,0.02
True,20,0.02,True,2,2,False,20,True,0.1714416009440448,0.002305556316460217,0.7001820650923369,4.774333396926522,12.03321875655093,0.0,RHMTD,140,case57,0.02
True,52,0.02,True,5,5,False,52,True,0.17144160094764088,0.0030890552523845346,0.6972574750075787,4.067406198009849,9.151096147252249,0.0,RHMTD,141,case57,0.02
True,10,0.02,True,1,1,False,10,True,3.8671819781197475e-10,0.0014014514041661343,0.70424224929638,3.9214165561133996,8.142472908366472,0.0,RHMTD,142,case57,0.02
True,12,-0.02,True,1,1,False,12,True,3.8671819781197475e-10,0.0001772387363655586,0.7037171602592909,5.044814498978667,13.866641646018254,0.0,RHMTD,143,case57,0.02
True,10,0.02,True,1,1,False,10,True,3.8671819781197475e-10,0.0014053777909133996,0.6922526886095728,4.9181646056240425,11.1977086373372,0.0,RHMTD,144,case57,0.02
True,11,-0.02,True,1,1,False,11,True,3.8671819781197475e-10,0.000744420890290774,0.6947062360423455,5.84588959463872,11.11208716465628,0.0,RHMTD,145,case57,0.02
True,25,-0.02,True,3,3,False,25,True,0.17144160094404481,0.0064949744113144674,0.7015854344509311,3.571170850773342,6.20250625361223,0.0,RHMTD,146,case57,0.02
True,36,0.02,True,1,1,False,36,True,3.867180879718749e-10,0.001316013326092159,0.6993194696008332,5.22029789572116,10.733097561751492,0.0,RHMTD,147,case57,0.02
True,44,-0.02,False,20,20,False,44,True,8.271403899036562e-06,0.006201716245078424,0.6991911641240269,6.863745904411189,32.277672289637856,0.0,RHMTD,148,case57,0.02
True,24,0.02,True,6,6,False,29,False,0.17144160109344894,0.006615735734937192,0.7005195715467514,4.04964585613925,8.92086073581595,0.0,RHMTD,149,case57,0.02
True,3,0.02,False,20,20,False,3,True,3.8671814289229463e-10,0.00700520615095098,0.7007228389594276,4.57128954003565,10.705974997836167,0.0,RHMTD,150,case57,0.02
True,42,0.02,False,20,20,False,42,True,3.8671806051183747e-10,0.004184229159580146,0.6962971879836142,5.106925003929064,11.264791327994317,0.0,RHMTD,151,case57,0.02
True,23,0.02,False,20,20,False,0,False,0.44130810892709804,0.32707129597319934,0.6959342983056193,4.481670708628371,8.294154197210448,0.0,RHMTD,152,case57,0.02
True,45,0.02,True,7,7,False,45,True,3.867180879718639e-10,0.003047388248575836,0.7026512973551109,4.624066854012199,8.538748565479194,0.0,RHMTD,153,case57,0.02
True,24,-0.02,True,2,2,False,29,False,0.171441600944911,0.00528180315438419,0.6961968428241637,3.434125051717274,6.279397974140013,0.0,RHMTD,154,case57,0.02
True,22,-0.02,False,20,20,False,0,False,0.502957293144942,0.3047655422488443,0.7033587382541098,5.246256341342814,12.773660733364526,0.0,RHMTD,155,case57,0.02
True,23,0.02,False,20,20,False,0,False,0.4086058323078989,0.3373475483576647,0.7005195715467514,4.3461625929921865,10.12903506634757,0.0,RHMTD,156,case57,0.02
True,54,0.02,True,1,1,False,54,True,3.944476357719495e-10,0.0019712767668309595,0.6990360095315222,4.691493837162852,11.286419347743513,0.0,RHMTD,157,case57,0.02
True,33,-0.02,False,20,20,False,0,False,0.4700999502598728,0.31755604625202205,0.7031763863922001,6.309029244584963,12.910727402777448,0.0,RHMTD,158,case57,0.02
True,39,-0.02,False,20,20,False,39,True,9.55510542543312e-10,0.0076551964300661905,0.7021262083180217,3.9684875519014895,7.761824704357428,0.0,RHMTD,159,case57,0.02
True,13,0.02,True,1,1,False,13,True,3.8671819781197475e-10,0.0002917014177592351,0.6948091582955711,4.611648002173752,10.216916381614295,0.0,RHMTD,160,case57,0.02
True,38,0.02,False,20,20,False,38,True,0.1726302254963492,0.011704342658352419,0.6935601804815307,4.388733446830884,9.277149953413758,0.0,RHMTD,161,case57,0.02
True,35,0.02,True,1,1,False,35,True,3.86718087971867e-10,0.0015603881747475743,0.6927568620958954,4.8813416418852285,10.1537002628902,0.0,RHMTD,162,case57,0.02
True,26,-0.02,False,20,20,False,26,True,0.1714416009440448,0.005812335994865105,0.6991911641240272,4.759518746868707,7.999012814252656,0.0,RHMTD,163,case57,0.02
True,1,0.02,False,20,20,False,1,True,0.41968665706759634,0.2047774921013369,0.7018479789694758,5.771004199050367,16.487020874046742,0.0,RHMTD,164,case57,0.02
True,49,-0.02,True,6,6,False,49,True,1.8514531430606853e-09,0.0033275425241648332,0.6890804831206139,5.221310441265814,13.680547307012619,0.0,RHMTD,165,case57,0.02
True,40,0.02,True,5,5,False,40,True,3.3257741191146e-08,0.01149021945764014,0.7047830231634707,4.870708295493387,10.198758682236075,0.0,RHMTD,166,case57,0.02
True,40,0.02,False,20,20,False,40,True,7.443221711047058e-09,0.010741320476138672,0.7047080612276005,3.9162186585599557,6.592782709049065,0.0,RHMTD,167,case57,0.02
True,28,0.02,True,1,1,False,28,True,3.867181428919181e-10,0.001164535064366578,0.6956971370106553,5.152302046190016,12.29393954854459,0.0,RHMTD,168,case57,0.02
True,38,0.02,False,20,20,False,38,True,0.17165701208808298,0.02109218017592874,0.7034546157407462,3.574339594342746,5.4689627868356245,0.0,RHMTD,169,case57,0.02
True,27,0.02,True,2,2,False,27,True,3.9874442572445737e-10,0.0020661114749392206,0.695772098946525,4.317183495732024,7.803573261480781,0.0,RHMTD,170,case57,0.02
True,30,-0.02,False,20,20,False,31,False,0.16880160264507338,0.004936137893440556,0.7034389309107447,3.998164666700177,8.322585796122441,0.0,RHMTD,171,case57,0.02
True,31,-0.02,False,20,20,False,31,True,0.1647571469315494,0.005259360903812566,0.6915104613756301,4.769120700075291,8.689278489327991,0.0,RHMTD,172,case57,0.02
True,27,0.02,True,1,1,False,27,True,4.1331878209813186e-10,0.0060559918116310585,0.6929601295085716,4.77095834503416,10.288537770975385,0.0,RHMTD,173,case57,0.02
True,51,0.02,False,20,20,False,51,True,0.0005725741884096566,0.011540685650722984,0.7039797047778353,6.257429247489199,13.267372938571507,0.0,RHMTD,174,case57,0.02
True,28,0.02,True,1,1,False,28,True,3.8671814289202517e-10,0.0032678264463100954,0.6999944825096621,5.0182040460640565,10.827789537142964,0.0,RHMTD,175,case57,0.02
True,33,-0.02,False,20,20,False,33,True,0.43445154030683375,0.06684718785479823,0.6958541056489842,6.862350049777888,11.954244138905802,0.0,RHMTD,176,case57,0.02
True,20,-0.02,True,2,2,False,20,True,0.1714416009440448,0.0022184429411734605,0.6991911641240269,4.381639551138505,10.930397926131265,0.0,RHMTD,177,case57,0.02
True,5,0.02,True,3,3,False,5,True,3.867181978119748e-10,0.003955796013557179,0.6999944825096622,4.37243960914202,9.078631937154569,0.0,RHMTD,178,case57,0.02
True,38,0.02,False,20,20,False,38,True,0.17144182167033245,0.016353347567997324,0.701060345413842,4.794260353082791,10.595714280498216,0.0,RHMTD,179,case57,0.02
True,52,-0.02,False,20,20,False,52,True,0.1714416099218713,0.009468663189206446,0.7018479789694758,4.529172804905102,10.36222880065907,0.0,RHMTD,180,case57,0.02
True,48,0.02,False,20,20,False,48,True,3.8671808797191057e-10,0.005151048707498569,0.7085057009130993,7.124393750564195,13.415141651057677,0.0,RHMTD,181,case57,0.02
True,32,-0.02,False,20,20,False,0,False,0.44801597600767684,0.3229888588781121,0.6975845273527566,3.691141589661129,6.371654165559452,0.0,RHMTD,182,case57,0.02
True,48,0.02,True,19,19,False,48,True,3.8671806051268554e-10,0.004388211044871874,0.6939849243591694,5.368881247704849,10.945392298162929,0.0,RHMTD,183,case57,0.02
True,48,0.02,False,20,20,False,48,True,3.86718087971867e-10,0.00546031945617312,0.7004393788901166,4.498510499252006,7.834766968153419,0.0,RHMTD,184,case57,0.02
True,5,0.02,True,1,1,False,5,True,3.8671819781220864e-10,0.003308264345832257,0.6961916121033989,4.337356201722287,10.009109030943364,0.0,RHMTD,185,case57,0.02
True,41,0.02,True,1,1,False,41,True,3.867180879721373e-10,0.0021585459549683635,0.6970001612097989,3.620877009234391,6.3429628382436976,0.0,RHMTD,186,case57,0.02
True,29,-0.02,True,7,7,False,24,False,0.17144160096137195,0.007916438412147883,0.6944716518411564,5.641029195976444,15.416587516665464,0.0,RHMTD,187,case57,0.02
True,10,-0.02,True,1,1,False,10,True,3.8671819781197475e-10,0.0014011031133156968,0.6969896788327474,4.210593702737242,9.570194061961956,0.0,RHMTD,188,case57,0.02
True,13,0.02,True,1,1,False,13,True,3.8671819781197475e-10,0.0002916246654021036,0.6961166501675289,2.86969565495383,3.437887510517613,0.0,RHMTD,189,case57,0.02
True,7,-0.02,False,20,20,False,7,True,0.019867349576095334,0.027023878740505287,0.6929242921757544,3.256945902830921,4.831974409171381,0.0,RHMTD,190,case57,0.02
True,34,-0.02,True,4,4,False,34,True,2.8019941603479602e-09,0.010136053930752766,0.7021262083180217,3.705102051026188,6.357230970752427,0.0,RHMTD,191,case57,0.02
True,23,-0.02,False,20,20,False,0,False,0.4837240566663569,0.3070365179479194,0.6944847595773829,2.8535250952700153,3.2088416337501258,0.0,RHMTD,192,case57,0.02
True,22,-0.02,False,20,20,False,0,False,0.4938503412491445,0.30058464928601974,0.6950970860376962,4.300723000778817,9.83502086310182,0.0,RHMTD,193,case57,0.02
True,53,-0.02,True,3,3,False,52,False,0.17149276650908812,0.0063714999364476495,0.6986660750869378,3.0203938513295725,4.173060762695968,0.0,RHMTD,194,case57,0.02
True,40,0.02,True,9,9,False,40,True,6.478536964100392e-08,0.009049883017868004,0.7015854344509311,5.07825824606698,12.815012145438233,0.0,RHMTD,195,case57,0.02
True,4,-0.02,False,20,20,False,0,False,0.42843880556840425,0.3294021119384711,0.7042422492963798,2.831052104011178,3.1563356926199053,0.0,RHMTD,196,case57,0.02
True,23,0.02,False,20,20,False,45,False,0.42119607812838,0.20288874097770526,0.7013228899323867,2.6353686436777934,2.964775005239062,0.0,RHMTD,197,case57,0.02
True,17,0.02,False,20,20,False,18,False,0.1522543346135287,0.051780145673577416,0.6985701976003014,3.1596687011187896,4.985221184324473,0.0,RHMTD,198,case57,0.02
True,28,0.02,True,1,1,False,28,True,3.8671814289191816e-10,0.0011610700379876499,0.698912934775481,2.760993698029779,3.0781312787439674,0.0,RHMTD,199,case57,0.02
True,26,-0.02,True,5,5,False,26,True,0.21405928858928813,0.005133622641806559,0.4948417944683423,26.456962505471893,33.568927441956475,0.0,Robust-MTD,0,case57,0.02
True,49,-0.02,True,11,11,False,50,False,0.20503293679825424,0.007375695821699883,0.4948417944683423,31.00093124958221,49.93484823498875,0.0,Robust-MTD,1,case57,0.02
True,53,-0.02,True,2,2,False,51,False,0.24825956199119564,0.010091860616249806,0.4948417944683423,20.631591803976335,29.82749406073708,0.0,Robust-MTD,2,case57,0.02
True,37,0.02,True,2,2,False,44,False,0.15150052419278454,0.0034393059189473476,0.4948417944683423,33.88328134897165,50.73923578602263,0.0,Robust-MTD,3,case57,0.02
True,46,0.02,True,17,17,False,0,False,0.5473360185150237,0.3535402829266602,0.4948417944683423,39.92280835227575,104.48009799583821,0.0,Robust-MTD,4,case57,0.02
True,17,0.02,False,20,20,False,18,False,0.212863392891142,0.0070339351946244475,0.4948417944683423,27.15811660164036,37.39013540616726,0.0,Robust-MTD,5,case57,0.02
True,24,0.02,False,20,20,False,33,False,0.40069491593090406,0.027750631106389225,0.4948417944683423,31.771037602447905,53.330535124405294,0.0,Robust-MTD,6,case57,0.02
True,3,0.02,False,20,20,False,3,True,0.03036952203493389,0.008546788171260889,0.4948417944683423,20.698995696147904,28.41416251321789,0.0,Robust-MTD,7,case57,0.02
True,8,-0.02,True,2,2,False,8,True,3.867181428922958e-10,0.004882064964206216,0.4948417944683423,29.721341651747935,47.02075384557248,0.0,Robust-MTD,8,case57,0.02
True,22,0.02,False,20,20,False,0,False,0.6060313263571675,0.30665429382640674,0.4948417944683423,32.066383346682414,85.89086192368995,0.0,Robust-MTD,9,case57,0.02
True,29,-0.02,True,16,16,False,33,False,0.3811770119108636,0.030671356079589564,0.4948417944683423,28.740775061305612,38.965366652701064,0.0,Robust-MTD,10,case57,0.02
True,28,-0.02,True,1,1,False,28,True,1.1828800845429635e-09,0.003373522677947695,0.4948417944683423,34.19843970332295,86.41064854455182,0.0,Robust-MTD,11,case57,0.02
True,8,0.02,True,9,9,False,8,True,3.8671817035195646e-10,0.004882064964206215,0.4948417944683423,28.16366249753628,42.15083156013869,0.0,Robust-MTD,12,case57,0.02
True,28,-0.02,True,5,5,False,28,True,6.243335572960625e-10,0.0033735226777547866,0.4948417944683423,28.92116455186624,41.59998090472074,0.0,Robust-MTD,13,case57,0.02
True,22,0.02,False,20,20,False,0,False,0.5743269876995,0.3332075416037995,0.4948417944683423,26.075018689152785,37.10991072875913,0.0,Robust-MTD,14,case57,0.02
True,26,0.02,False,20,20,False,26,True,0.21117460332092644,0.005149174364036281,0.4948417944683423,26.037264554179274,32.30948753480334,0.0,Robust-MTD,15,case57,0.02
True,40,-0.02,False,20,20,False,40,True,0.4523291097562718,0.21730264092521354,0.4948417944683423,31.486166754621085,49.70297320105603,0.0,Robust-MTD,16,case57,0.02
True,1,-0.02,False,20,20,False,0,False,0.592849099886319,0.2831001737259033,0.4948417944683423,20.953481242759153,27.673924376722425,0.0,Robust-MTD,17,case57,0.02
True,37,-0.02,True,1,1,False,44,False,0.06803530433732828,0.0037231641880892292,0.4948417944683423,33.56281655433122,48.67756633611863,0.0,Robust-MTD,18,case57,0.02
True,42,-0.02,True,19,19,False,42,True,0.0001226351412480358,0.01230224719385867,0.4948417944683423,36.16363553737756,67.42763542861218,0.0,Robust-MTD,19,case57,0.02
True,32,0.02,False,20,20,False,0,False,0.5095869641974928,0.3709375620667444,0.4948417944683423,27.024166652699932,32.58381276682485,0.0,Robust-MTD,20,case57,0.02
True,20,0.02,True,6,6,False,18,False,0.30328801447678483,0.006221442754151723,0.4948417944683423,30.358316694037057,53.81122287653854,0.0,Robust-MTD,21,case57,0.02
True,46,0.02,False,20,20,False,0,False,0.5018413147010673,0.37903893171518926,0.4948417944683423,22.535472753224894,31.301455592620187,0.0,Robust-MTD,22,case57,0.02
True,42,0.02,False,20,20,False,42,True,5.253112437237874e-06,0.012298869893946249,0.4948417944683423,30.991999950492755,53.26515866036061,0.0,Robust-MTD,23,case57,0.02
True,56,-0.02,True,3,3,False,56,True,0.17184917707608094,0.015096502622904,0.4948417944683423,28.326079246471636,37.51624970172998,0.0,Robust-MTD,24,case57,0.02
True,53,0.02,True,1,1,False,51,False,0.2211775391393882,0.01199739415825125,0.4948417944683423,35.30838125443552,66.49042678473053,0.0,Robust-MTD,25,case57,0.02
True,48,0.02,True,1,1,False,50,False,0.15710526541635472,0.00788412792894026,0.4948417944683423,42.086552147520706,75.56207705056298,0.0,Robust-MTD,26,case57,0.02
True,24,-0.02,False,20,20,False,33,False,0.41686149568682895,0.02845774265451384,0.4948417944683423,30.437839691876434,66.44629823567811,0.0,Robust-MTD,27,case57,0.02
True,20,0.02,True,3,3,False,18,False,0.22716056231906087,0.006939454096489321,0.4948417944683423,34.63738545833621,51.64101072296039,0.0,Robust-MTD,28,case57,0.02
True,34,-0.02,True,18,18,False,30,False,0.40632488925065585,0.055285581868081086,0.4948417944683423,37.848868808941916,81.32493367011195,0.0,Robust-MTD,29,case57,0.02
True,11,-0.02,True,1,1,False,11,True,3.8671819781197475e-10,0.004888621605915981,0.4948417944683423,34.75966460828204,50.918413177714704,0.0,Robust-MTD,30,case57,0.02
True,38,0.02,False,20,20,False,56,False,0.17430329417181323,0.015198079333871276,0.4948417944683423,39.58816030062735,98.67684963392095,0.0,Robust-MTD,31,case57,0.02
True,32,0.02,False,20,20,False,0,False,0.5199054051950737,0.3690280128771489,0.4948417944683423,36.360012739896774,79.17430980305653,0.0,Robust-MTD,32,case57,0.02
True,15,-0.02,False,20,20,False,0,False,0.5143170299322161,0.36164860280629935,0.4948417944683423,36.68059385381639,65.0250020378735,0.0,Robust-MTD,33,case57,0.02
True,36,0.02,True,1,1,False,36,True,0.0007383868517862401,0.0009164278601319171,0.4948417944683423,28.915354094351642,46.29946246277542,0.0,Robust-MTD,34,case57,0.02
True,26,0.02,False,20,20,False,26,True,0.1982613367464989,0.005210180005241878,0.4948417944683423,36.77829165535513,57.91373473475687,0.0,Robust-MTD,35,case57,0.02
True,28,0.02,True,2,2,False,28,True,3.867181428925896e-10,0.0033735226776998493,0.4948417944683423,36.71614184859209,72.06172115402298,0.0,Robust-MTD,36,case57,0.02
True,3,0.02,True,14,14,False,3,True,0.07548355619192433,0.00836561862611985,0.4948417944683423,40.95317930332385,58.174054214032395,0.0,Robust-MTD,37,case57,0.02
True,6,0.02,False,20,20,False,6,True,0.0018885341341525342,0.01138304014099727,0.4948417944683423,40.414179107756354,53.5690128162969,0.0,Robust-MTD,38,case57,0.02
True,51,-0.02,False,20,20,False,54,False,0.14085507284444532,0.015887677467866804,0.4948417944683423,39.02492705383338,49.1957119142171,0.0,Robust-MTD,39,case57,0.02
True,17,0.02,True,1,1,False,18,False,0.23676380898768798,0.006877633573611249,0.4948417944683423,43.25291665736586,91.66953095409553,0.0,Robust-MTD,40,case57,0.02
True,49,-0.02,False,20,20,False,50,False,0.1622665079906156,0.007836672463011268,0.4948417944683423,35.37473540054634,83.38636279513595,0.0,Robust-MTD,41,case57,0.02
True,19,-0.02,True,1,1,False,18,False,0.2511999526066708,0.0067672685879788886,0.4948417944683423,37.76378134789411,49.98423748475037,0.0,Robust-MTD,42,case57,0.02
True,31,0.02,False,20,20,False,0,False,0.5348408236305716,0.35921779878617516,0.4948417944683423,32.96480220160447,63.5271794802975,0.0,Robust-MTD,43,case57,0.02
True,55,0.02,True,4,4,False,55,True,1.2743580732277303e-05,0.003840414573767563,0.4948417944683423,27.377589442767203,41.64468898088671,0.0,Robust-MTD,44,case57,0.02
True,2,0.02,False,20,20,False,2,True,0.049547614704297575,0.005956027202029473,0.4948417944683423,36.24330634775106,70.40028120391077,0.0,Robust-MTD,45,case57,0.02
True,34,-0.02,False,20,20,False,30,False,0.40855103823932404,0.05969565989114006,0.4948417944683423,32.51541879144497,55.96205143665433,0.0,Robust-MTD,46,case57,0.02
True,14,-0.02,True,1,1,False,14,True,3.8908817485990547e-10,0.003484473239264677,0.4948417944683423,31.76322070066817,43.32205384853297,0.0,Robust-MTD,47,case57,0.02
True,1,0.02,False,20,20,False,0,False,0.5301130457983826,0.3337194517297297,0.4948417944683423,40.41288749722298,80.32029226305897,0.0,Robust-MTD,48,case57,0.02
True,34,-0.02,False,20,20,False,30,False,0.4277990415632366,0.06208707292199694,0.4948417944683423,36.052137694787234,77.8129714803072,0.0,Robust-MTD,49,case57,0.02
True,40,-0.02,False,20,20,False,0,False,0.5558697624920245,0.29854691648109055,0.4948417944683423,32.31095620139968,41.96610798826441,0.0,Robust-MTD,50,case57,0.02
True,27,-0.02,True,2,2,False,26,False,0.19987543571248936,0.005203267204000481,0.4948417944683423,42.21776470367331,81.51653188979255,0.0,Robust-MTD,51,case57,0.02
True,44,-0.02,True,1,1,False,44,True,0.05210864396786798,0.0037637864514682867,0.4948417944683423,36.45667920645792,68.8164044811856,0.0,Robust-MTD,52,case57,0.02
True,1,0.02,False,20,20,False,0,False,0.4866530987710796,0.38629950982202255,0.4948417944683423,36.63671044923831,61.20272500847937,0.0,Robust-MTD,53,case57,0.02
True,20,-0.02,True,3,3,False,18,False,0.257502822074085,0.006711974768428939,0.4948417944683423,33.326412495807745,41.74244787718636,0.0,Robust-MTD,54,case57,0.02
True,41,-0.02,False,20,20,False,41,True,0.0023158496596704338,0.016607666619481973,0.4948417944683423,33.27827909379266,46.71699373575394,0.0,Robust-MTD,55,case57,0.02
True,25,0.02,False,20,20,False,25,True,0.2288108279343237,0.005041215116786741,0.4948417944683423,37.63541671214625,50.19023779896088,0.0,Robust-MTD,56,case57,0.02
True,33,0.02,False,20,20,False,31,False,0.40386836900056267,0.04538398543316108,0.4948417944683423,28.79117915290408,49.871135113062344,0.0,Robust-MTD,57,case57,0.02
True,42,-0.02,False,20,20,False,42,True,1.4634126798834815e-08,0.012298808372709013,0.4948417944683423,40.406260403688066,84.41498962056362,0.0,Robust-MTD,58,case57,0.02
True,21,0.02,False,20,20,False,0,False,0.5415855496654832,0.35301530623488675,0.4948417944683423,40.07539600133896,79.05677083763295,0.0,Robust-MTD,59,case57,0.02
True,36,-0.02,True,1,1,False,36,True,0.03841015056293779,0.0009147087052379199,0.4948417944683423,42.61629374232143,116.04465240670835,0.0,Robust-MTD,60,case57,0.02
True,46,0.02,False,20,20,False,0,False,0.5249036525291857,0.3678277539406515,0.4948417944683423,34.04286259319633,58.44772288401146,0.0,Robust-MTD,61,case57,0.02
True,56,0.02,False,20,20,False,38,False,0.17145811534618463,0.015075513481184424,0.4948417944683423,30.276141548529267,61.23295596917161,0.0,Robust-MTD,62,case57,0.02
True,8,-0.02,True,6,6,False,8,True,3.867181978123234e-10,0.004882064964206214,0.4948417944683423,29.793860440258868,41.49578537908383,0.0,Robust-MTD,63,case57,0.02
True,2,0.02,False,20,20,False,2,True,0.05355626219489611,0.005971855266121894,0.4948417944683423,31.141131251933984,43.518239213153734,0.0,Robust-MTD,64,case57,0.02
True,43,0.02,True,1,1,False,44,False,0.07995390390816887,0.0036900985304289726,0.4948417944683423,39.72269159567077,82.64734582917302,0.0,Robust-MTD,65,case57,0.02
True,11,0.02,True,12,12,False,11,True,3.867181978119756e-10,0.004888621605915981,0.4948417944683423,36.736014642519876,60.77339168114122,0.0,Robust-MTD,66,case57,0.02
True,7,0.02,False,20,20,False,0,False,0.5506659644196481,0.3557841582100348,0.4948417944683423,35.881277051521465,50.74309961346444,0.0,Robust-MTD,67,case57,0.02
True,7,-0.02,False,20,20,False,0,False,0.5782106899389599,0.2944650135801613,0.4948417944683423,36.65120620280504,48.48435001622421,0.0,Robust-MTD,68,case57,0.02
True,51,-0.02,False,20,20,False,54,False,0.2424505231651675,0.013163928423514439,0.4948417944683423,36.94560005096719,56.700547589571215,0.0,Robust-MTD,69,case57,0.02
True,12,-0.02,True,1,1,False,12,True,3.8671819781197475e-10,0.00045950791273184757,0.4948417944683423,33.15995814919006,44.651617301860846,0.0,Robust-MTD,70,case57,0.02
True,17,-0.02,False,20,20,False,18,False,0.2370035805698361,0.0068783801428942215,0.4948417944683423,36.995910498080775,56.08647082699465,0.0,Robust-MTD,71,case57,0.02
True,35,0.02,True,1,1,False,35,True,0.004517730605771405,0.0008684864645720399,0.4948417944683423,33.262266698875464,43.95358818001114,0.0,Robust-MTD,72,case57,0.02
True,37,0.02,True,1,1,False,44,False,0.03864689945928055,0.0037948763974366916,0.4948417944683423,37.10612289432902,45.551132978289395,0.0,Robust-MTD,73,case57,0.02
True,11,0.02,False,20,20,False,11,True,3.86718197811987e-10,0.004888621605915981,0.4948417944683423,37.398489500628784,53.376448212657145,0.0,Robust-MTD,74,case57,0.02
True,43,-0.02,True,1,1,False,44,False,0.08267104873602867,0.0036822395210595713,0.4948417944683423,39.46907704521436,77.52701595891267,0.0,Robust-MTD,75,case57,0.02
True,39,0.02,True,1,1,False,39,True,2.5633020078748483e-08,0.0036474741942204136,0.4948417944683423,37.98137066187337,52.045105950674085,0.0,Robust-MTD,76,case57,0.02
True,41,-0.02,False,20,20,False,41,True,1.2852502669090735e-05,0.016569531020290934,0.4948417944683423,37.6844082493335,62.28507469058969,0.0,Robust-MTD,77,case57,0.02
True,11,-0.02,True,15,15,False,11,True,3.867181978119758e-10,0.004888621605915981,0.4948417944683423,36.2200374918757,53.47109998110684,0.0,Robust-MTD,78,case57,0.02
True,24,0.02,True,13,13,False,33,False,0.40520496579951204,0.02416111478539259,0.4948417944683423,35.08317505184095,47.70755385397935,0.0,Robust-MTD,79,case57,0.02
True,26,-0.02,False,20,20,False,25,False,0.1996084925987926,0.005208076828922256,0.4948417944683423,40.84333954961039,86.4790874969913,0.0,Robust-MTD,80,case57,0.02
True,37,0.02,True,1,1,False,44,False,0.08138826664306538,0.003685964753931757,0.4948417944683423,34.46650000405498,45.025968406116604,0.0,Robust-MTD,81,case57,0.02
True,26,-0.02,True,6,6,False,26,True,0.2077947469270474,0.005168350947487147,0.4948417944683423,32.76452094723936,49.6295589953661,0.0,Robust-MTD,82,case57,0.02
True,20,-0.02,True,3,3,False,18,False,0.23500876806014268,0.006884106228662196,0.4948417944683423,35.84817924420349,44.814598583616316,0.0,Robust-MTD,83,case57,0.02
True,54,0.02,False,20,20,False,54,True,0.14195458297563146,0.015855565918994743,0.4948417944683423,34.37272279406898,47.94211635016837,0.0,Robust-MTD,84,case57,0.02
True,31,0.02,False,20,20,False,0,False,0.5834973462994191,0.20054345377018276,0.4948417944683423,34.29234780196566,56.587624436360784,0.0,Robust-MTD,85,case57,0.02
True,28,0.02,True,2,2,False,28,True,7.031079049519229e-10,0.00337352267779558,0.4948417944683423,35.62049365427811,57.21591221517885,0.0,Robust-MTD,86,case57,0.02
True,26,-0.02,True,11,11,False,25,False,0.22927233646870634,0.005037635745376202,0.4948417944683423,34.32149584987201,52.96669998206198,0.0,Robust-MTD,87,case57,0.02
True,17,-0.02,True,12,12,False,18,False,0.32258856671859776,0.0059025025165566035,0.4948417944683423,28.92022289452143,39.34675834316295,0.0,Robust-MTD,88,case57,0.02
True,55,-0.02,True,10,10,False,55,True,1.7966271731141695e-05,0.0038404142419248073,0.4948417944683423,34.418020900920965,49.47545384347905,0.0,Robust-MTD,89,case57,0.02
True,11,0.02,True,9,9,False,11,True,3.8671819781197967e-10,0.004888621605915981,0.4948417944683423,33.23597080307081,43.372781531070416,0.0,Robust-MTD,90,case57,0.02
True,48,-0.02,True,3,3,False,50,False,0.20290687616795242,0.0074639814707538705,0.4948417944683423,38.77276444691233,65.87705146230297,0.0,Robust-MTD,91,case57,0.02
True,50,-0.02,False,20,20,False,50,True,0.1340244140553491,0.008103872904847043,0.4948417944683423,49.72189174441155,102.69561805762358,0.0,Robust-MTD,92,case57,0.02
True,53,-0.02,True,2,2,False,54,False,0.20150911476024447,0.013133655488257701,0.4948417944683423,38.30785214959178,93.52471691963729,0.0,Robust-MTD,93,case57,0.02
True,43,0.02,True,3,3,False,44,False,0.18606616691536207,0.003276722853962524,0.4948417944683423,38.43217100366019,78.67176877043677,0.0,Robust-MTD,94,case57,0.02
True,40,-0.02,False,20,20,False,40,True,0.4747421356538044,0.19774835271233115,0.4948417944683423,33.26132914517075,46.41527254716493,0.0,Robust-MTD,95,case57,0.02
True,10,-0.02,False,20,20,False,10,True,3.867181978119988e-10,0.006716505493575347,0.4948417944683423,37.28727295238059,65.91043780790642,0.0,Robust-MTD,96,case57,0.02
True,14,0.02,True,9,9,False,14,True,4.190418845169353e-10,0.0034844732392583524,0.4948417944683423,34.8355478461599,51.54776393610519,0.0,Robust-MTD,97,case57,0.02
True,53,-0.02,True,1,1,False,51,False,0.2752245194457137,0.010397403451926537,0.4948417944683423,37.92781045194715,60.85908818349709,0.0,Robust-MTD,98,case57,0.02
True,49,-0.02,False,20,20,False,50,False,0.21328128149326478,0.007259182286227728,0.4948417944683423,37.13474154646974,51.90691250609236,0.0,Robust-MTD,99,case57,0.02
True,56,0.02,False,20,20,False,38,False,0.17144189062445964,0.015075328873929006,0.4948417944683423,41.929554141825065,81.45698126463687,0.0,Robust-MTD,100,case57,0.02
True,17,-0.02,True,15,15,False,18,False,0.2991963125840712,0.006278252859155412,0.4948417944683423,38.76395619881805,65.57284404116217,0.0,Robust-MTD,101,case57,0.02
True,12,0.02,True,1,1,False,12,True,3.8671819781197475e-10,0.00045950791273184757,0.4948417944683423,38.183837503311224,73.53415798279457,0.0,Robust-MTD,102,case57,0.02
True,48,-0.02,True,4,4,False,50,False,0.1857333042664155,0.007674395336423248,0.4948417944683423,33.94712709414307,52.39443890459372,0.0,Robust-MTD,103,case57,0.02
True,31,0.02,False,20,20,False,30,False,0.463384174691516,0.08135525079389094,0.4948417944683423,35.09655835805461,49.10985478491057,0.0,Robust-MTD,104,case57,0.02
True,31,0.02,False,20,20,False,0,False,0.5014044194377314,0.37927871841146826,0.4948417944683423,46.93362100224476,89.70030001364651,0.0,Robust-MTD,105,case57,0.02
True,41,-0.02,False,20,20,False,41,True,6.0816253832393664e-05,0.016573394249153155,0.4948417944683423,37.092456305981614,62.52937709505205,0.0,Robust-MTD,106,case57,0.02
True,16,-0.02,False,20,20,False,0,False,0.5018336344897224,0.37283662819821667,0.4948417944683423,43.20263345434796,103.18406668666292,0.0,Robust-MTD,107,case57,0.02
True,20,0.02,True,10,10,False,18,False,0.22905960060372413,0.006919239991480721,0.4948417944683423,35.00079585064668,58.387166351894855,0.0,Robust-MTD,108,case57,0.02
True,50,0.02,True,17,17,False,50,True,0.2021788485501749,0.0074453877463439315,0.4948417944683423,33.70546245132573,52.81720447528643,0.0,Robust-MTD,109,case57,0.02
True,17,0.02,True,7,7,False,18,False,0.24594269398586288,0.006809483532195242,0.4948417944683423,43.75899794977158,79.28238606255037,0.0,Robust-MTD,110,case57,0.02
True,41,0.02,False,20,20,False,41,True,0.12588133789884498,0.02845336640535917,0.4948417944683423,31.628543700207956,40.619001450249925,0.0,Robust-MTD,111,case57,0.02
True,15,0.02,False,20,20,False,0,False,0.512492185309887,0.36940437032446594,0.4948417944683423,34.04639794607647,51.09620625153186,0.0,Robust-MTD,112,case57,0.02
True,12,-0.02,True,1,1,False,12,True,3.8671819781197475e-10,0.00045950791273184757,0.4948417944683423,33.154727195505984,74.89489170257002,0.0,Robust-MTD,113,case57,0.02
True,33,-0.02,False,20,20,False,30,False,0.40688451535458325,0.06968015618439882,0.4948417944683423,32.051291555399075,51.612618094077334,0.0,Robust-MTD,114,case57,0.02
True,8,0.02,False,20,20,False,8,True,3.8671819781197594e-10,0.004882064964206214,0.4948417944683423,35.15384154743515,49.82258366362658,0.0,Robust-MTD,115,case57,0.02
True,16,-0.02,False,20,20,False,0,False,0.5105561707013708,0.36960223138544424,0.4948417944683423,35.050202047568746,49.97032324608883,0.0,Robust-MTD,116,case57,0.02
True,46,-0.02,False,20,20,False,0,False,0.5275759450199005,0.3590088283938086,0.4948417944683423,37.899681308772415,52.26332674792502,0.0,Robust-MTD,117,case57,0.02
True,8,-0.02,True,8,8,False,8,True,3.8671819781197475e-10,0.004882064964206214,0.4948417944683423,37.898116500582546,62.24012529710308,0.0,Robust-MTD,118,case57,0.02
True,20,0.02,True,2,2,False,18,False,0.2591369774077164,0.0066985515711400715,0.4948417944683423,37.55609394866042,53.7949625053443,0.0,Robust-MTD,119,case57,0.02
True,52,-0.02,True,1,1,False,54,False,0.20337125795880204,0.013141708177182292,0.4948417944683423,42.358281355700456,77.59196109254854,0.0,Robust-MTD,120,case57,0.02
True,9,-0.02,False,20,20,False,9,True,0.1945102303239631,0.08713730668368316,0.4948417944683423,33.249106400762685,61.811350297648474,0.0,Robust-MTD,121,case57,0.02
True,21,0.02,False,20,20,False,0,False,0.49744842580269644,0.3826334237538389,0.4948417944683423,39.65837085270323,78.50863930361812,0.0,Robust-MTD,122,case57,0.02
True,43,0.02,True,1,1,False,44,False,0.0844864312640906,0.003676921790300525,0.4948417944683423,38.677645949064754,80.98446011717898,0.0,Robust-MTD,123,case57,0.02
True,18,-0.02,True,9,9,False,18,True,0.2409739926197798,0.006844671875395877,0.4948417944683423,38.599027003510855,70.29765867337122,0.0,Robust-MTD,124,case57,0.02
True,38,-0.02,False,20,20,False,38,True,0.17144177556037501,0.015075328998226237,0.4948417944683423,35.31825200479943,49.68356666795445,0.0,Robust-MTD,125,case57,0.02
True,47,-0.02,False,20,20,False,0,False,0.5672210629445905,0.3441086375161386,0.4948417944683423,39.92969164683018,86.1560166376876,0.0,Robust-MTD,126,case57,0.02
True,51,-0.02,False,20,20,False,54,False,0.17674385592670053,0.01490976918745652,0.4948417944683423,38.47474370559212,76.2768252636306,0.0,Robust-MTD,127,case57,0.02
True,23,0.02,True,0,0,False,0,False,0.5567653153748447,0.3516945776156149,0.4948417944683423,33.375052199698985,41.77449373819404,0.0,Robust-MTD,128,case57,0.02
True,40,0.02,True,15,15,False,40,True,0.4565812731893747,0.1948238094818306,0.4948417944683423,31.898173005902212,48.644786910153925,0.0,Robust-MTD,129,case57,0.02
True,20,-0.02,True,1,1,False,18,False,0.3124668673376355,0.0060722043159552805,0.4948417944683423,35.16085624578409,55.79506317735651,0.0,Robust-MTD,130,case57,0.02
True,51,-0.02,False,20,20,False,54,False,0.12339561737517192,0.01624621299835013,0.4948417944683423,39.114591749967076,59.15926008892712,0.0,Robust-MTD,131,case57,0.02
True,26,0.02,True,15,15,False,25,False,0.2137901184632156,0.005135103706174418,0.4948417944683423,39.41816060105339,65.84462355822326,0.0,Robust-MTD,132,case57,0.02
True,43,-0.02,True,1,1,False,44,False,0.052756407302756575,0.0037622143582598283,0.4948417944683423,34.0513480536174,72.33383335114922,0.0,Robust-MTD,133,case57,0.02
True,54,-0.02,False,20,20,False,54,True,0.1198917947291426,0.016364922756477773,0.4948417944683423,36.17810615396593,89.90652049542405,0.0,Robust-MTD,134,case57,0.02
True,32,0.02,False,20,20,False,0,False,0.5107783115535734,0.3703795586640063,0.4948417944683423,32.77936655504163,43.55559164832814,0.0,Robust-MTD,135,case57,0.02
True,47,0.02,False,20,20,False,0,False,0.5765526991053611,0.3185890810954448,0.4948417944683423,36.30203335196711,56.36406249250286,0.0,Robust-MTD,136,case57,0.02
True,51,0.02,True,2,2,False,54,False,0.11835435313491101,0.01636931736180261,0.4948417944683423,36.004847852746025,55.9467256476637,0.0,Robust-MTD,137,case57,0.02
True,53,0.02,True,1,1,False,54,False,0.1667439966704782,0.01479514690992631,0.4948417944683423,34.91296249849256,48.45534762716854,0.0,Robust-MTD,138,case57,0.02
True,54,0.02,False,20,20,False,54,True,0.12739774870530085,0.016207118310702335,0.4948417944683423,40.755029194406234,104.0501958370442,0.0,Robust-MTD,139,case57,0.02
True,20,0.02,True,2,2,False,18,False,0.2529826792178845,0.006750981339923675,0.4948417944683423,33.48831260227598,55.780093721114135,0.0,Robust-MTD,140,case57,0.02
True,52,0.02,True,6,6,False,54,False,0.1835990380832689,0.014031640830516754,0.4948417944683423,34.312516715726815,67.20400211634114,0.0,Robust-MTD,141,case57,0.02
True,10,0.02,True,13,13,False,10,True,3.8671819781212525e-10,0.006716505493575347,0.4948417944683423,38.40495829936117,58.387422861415004,0.0,Robust-MTD,142,case57,0.02
True,12,-0.02,True,1,1,False,12,True,3.8671819781197475e-10,0.00045950791273184757,0.4948417944683423,28.261991747422144,35.182458965573474,0.0,Robust-MTD,143,case57,0.02
True,10,0.02,True,13,13,False,10,True,3.8671803305494245e-10,0.006716505493575351,0.4948417944683423,31.275650046882223,56.01743687875569,0.0,Robust-MTD,144,case57,0.02
True,11,-0.02,True,19,19,False,11,True,3.8671819781197475e-10,0.004888621605915981,0.4948417944683423,37.215881154406816,63.957807986298576,0.0,Robust-MTD,145,case57,0.02
True,25,-0.02,True,4,4,False,28,False,0.16622578305657826,0.003651931375362452,0.4948417944683423,33.114377059973776,49.19883273250889,0.0,Robust-MTD,146,case57,0.02
True,36,0.02,True,1,1,False,36,True,0.016698070373930656,0.000915839278122917,0.4948417944683423,34.646893705939874,57.11348718614318,0.0,Robust-MTD,147,case57,0.02
True,44,-0.02,False,20,20,False,44,True,0.033620959303646336,0.0038056837238474284,0.4948417944683423,43.925643793772906,74.84772912575869,0.0,Robust-MTD,148,case57,0.02
True,24,0.02,False,20,20,False,33,False,0.3952400235849224,0.031801717857432944,0.4948417944683423,40.240054004243575,70.19660145451785,0.0,Robust-MTD,149,case57,0.02
True,3,0.02,False,20,20,False,3,True,0.06273818280363899,0.00842497544293216,0.4948417944683423,32.988287549233064,62.15447499998845,0.0,Robust-MTD,150,case57,0.02
True,42,0.02,False,20,20,False,42,True,6.096348403683709e-06,0.012298984645743328,0.4948417944683423,34.41367709892802,50.73202289640904,0.0,Robust-MTD,151,case57,0.02
True,23,0.02,False,20,20,False,0,False,0.6021105064587726,0.32445535253300833,0.4948417944683423,40.85661879507825,81.15430477482734,0.0,Robust-MTD,152,case57,0.02
True,45,0.02,False,20,20,False,45,True,4.2504881423517846e-10,0.008872938520432755,0.4948417944683423,35.86296044813935,64.73817771184258,0.0,Robust-MTD,153,case57,0.02
True,24,-0.02,False,20,20,False,34,False,0.4014262161614583,0.03233814415105572,0.4948417944683423,37.364658451406285,66.88433955423535,0.0,Robust-MTD,154,case57,0.02
True,22,-0.02,False,20,20,False,0,False,0.6204303676220212,0.30180209711866496,0.4948417944683423,45.98813130578492,118.41597352758984,0.0,Robust-MTD,155,case57,0.02
True,23,0.02,False,20,20,False,0,False,0.5010959811566537,0.3776911243040404,0.4948417944683423,37.42642294091638,59.73554583033548,0.0,Robust-MTD,156,case57,0.02
True,54,0.02,False,20,20,False,54,True,0.25085126522211265,0.018185272050583373,0.4948417944683423,35.961616595159285,44.53664822212888,0.0,Robust-MTD,157,case57,0.02
True,33,-0.02,False,20,20,False,30,False,0.42594521885957376,0.046543236306053094,0.4948417944683423,37.083633299334906,52.17975839623252,0.0,Robust-MTD,158,case57,0.02
True,39,-0.02,False,20,20,False,39,True,9.355031196257128e-05,0.003647480648246544,0.4948417944683423,36.5524417051347,71.54052326222883,0.0,Robust-MTD,159,case57,0.02
True,13,0.02,True,1,1,False,13,True,3.8671819781197475e-10,0.0005704733218803301,0.4948417944683423,43.02886444493197,127.20033604418859,0.0,Robust-MTD,160,case57,0.02
True,38,0.02,False,20,20,False,56,False,0.1716174192515314,0.015074559691373694,0.4948417944683423,36.48063545697369,77.59824136155657,0.0,Robust-MTD,161,case57,0.02
True,35,0.02,True,1,1,False,35,True,0.037862759491184096,0.0008700626700870098,0.4948417944683423,36.30587504885625,69.53420031641144,0.0,Robust-MTD,162,case57,0.02
True,26,-0.02,True,1,1,False,26,True,0.20090456629645287,0.00519877799542133,0.4948417944683423,36.91603759652935,78.92825384624302,0.0,Robust-MTD,163,case57,0.02
True,1,0.02,False,20,20,False,0,False,0.5394113704119722,0.3598118568413333,0.4948417944683423,39.39415004570037,81.79448506562039,0.0,Robust-MTD,164,case57,0.02
True,49,-0.02,True,19,19,False,50,False,0.2279317319660448,0.007037909152456979,0.4948417944683423,32.85633140185382,55.0616312364582,0.0,Robust-MTD,165,case57,0.02
True,40,0.02,False,20,20,False,0,False,0.6144904211813796,0.30770652097636214,0.4948417944683423,35.34766679513268,58.9882065803977,0.0,Robust-MTD,166,case57,0.02
True,40,0.02,False,20,20,False,0,False,0.5657779420853327,0.3424761050999756,0.4948417944683423,38.80873546295334,76.06732016720345,0.0,Robust-MTD,167,case57,0.02
True,28,0.02,True,6,6,False,28,True,2.852016042647486e-06,0.0033735240077673416,0.4948417944683423,30.96741465269588,42.85148609196768,0.0,Robust-MTD,168,case57,0.02
True,38,0.02,False,20,20,False,38,True,0.2050878080079184,0.014662977018148643,0.4948417944683423,35.94076249864884,68.01722437958234,0.0,Robust-MTD,169,case57,0.02
True,27,0.02,True,2,2,False,25,False,0.20869023333995088,0.0051619765131385555,0.4948417944683423,28.821741696447134,43.32281281240285,0.0,Robust-MTD,170,case57,0.02
True,30,-0.02,False,20,20,False,0,False,0.5358985316768373,0.36157448214107213,0.4948417944683423,37.29666039289441,62.83608990197537,0.0,Robust-MTD,171,case57,0.02
True,31,-0.02,False,20,20,False,0,False,0.5699486210220288,0.3425956558844444,0.4948417944683423,38.718704096390866,77.0284169644583,0.0,Robust-MTD,172,case57,0.02
True,27,0.02,True,5,5,False,25,False,0.19281322280171126,0.005231961390945605,0.4948417944683423,30.98836230346933,38.960979462717674,0.0,Robust-MTD,173,case57,0.02
True,51,0.02,False,20,20,False,54,False,0.15966397639640043,0.015435305245028676,0.4948417944683423,39.71205844427459,72.42764228431044,0.0,Robust-MTD,174,case57,0.02
True,28,0.02,True,4,4,False,28,True,1.968917457524718e-07,0.0033735227548446494,0.4948417944683423,37.936260452261195,66.97487291239669,0.0,Robust-MTD,175,case57,0.02
True,33,-0.02,False,20,20,False,30,False,0.37662973651036147,0.05248163856052618,0.4948417944683423,32.974666595691815,48.91213779337705,0.0,Robust-MTD,176,case57,0.02
True,20,-0.02,True,4,4,False,18,False,0.24123090369977376,0.006844239584308995,0.4948417944683423,39.699810443562455,93.71741845679938,0.0,Robust-MTD,177,case57,0.02
True,5,0.02,False,20,20,False,5,True,2.4641215779692925e-05,0.008826055206153248,0.4948417944683423,40.621093701338395,73.41069404501472,0.0,Robust-MTD,178,case57,0.02
True,38,0.02,False,20,20,False,56,False,0.1715745450108991,0.01507484942663994,0.4948417944683423,36.010397848440334,64.68150801083539,0.0,Robust-MTD,179,case57,0.02
True,52,-0.02,True,2,2,False,54,False,0.19824710964408984,0.013445838713364865,0.4948417944683423,40.699185349512845,77.63798123341985,0.0,Robust-MTD,180,case57,0.02
True,48,0.02,True,6,6,False,50,False,0.249208512904172,0.006724426338450107,0.4948417944683423,34.66147714643739,56.857529160333854,0.0,Robust-MTD,181,case57,0.02
True,32,-0.02,False,20,20,False,0,False,0.5250092495008445,0.36842727167896944,0.4948417944683423,29.362710341229104,40.457462231279365,0.0,Robust-MTD,182,case57,0.02
True,48,0.02,True,6,6,False,50,False,0.24036229606079487,0.006818426269438699,0.4948417944683423,36.93811669072602,83.3890356763732,0.0,Robust-MTD,183,case57,0.02
True,48,0.02,True,2,2,False,50,False,0.15011889198605038,0.007919595809081966,0.4948417944683423,34.07525215588976,70.14475063479041,0.0,Robust-MTD,184,case57,0.02
True,5,0.02,True,12,12,False,5,True,0.0316804408608335,0.008897905854638958,0.4948417944683423,38.21845430065878,58.873400351149044,0.0,Robust-MTD,185,case57,0.02
True,41,0.02,False,20,20,False,41,True,0.0037386595505715043,0.01677286762616973,0.4948417944683423,37.564999907044694,48.06776634941343,0.0,Robust-MTD,186,case57,0.02
True,29,-0.02,False,20,20,False,33,False,0.3805615368268685,0.03037361649008155,0.4948417944683423,32.3829978966387,45.7926389441127,0.0,Robust-MTD,187,case57,0.02
True,10,-0.02,True,11,11,False,10,True,3.867181703519506e-10,0.006716505493575347,0.4948417944683423,36.71339150168933,54.42783330217937,0.0,Robust-MTD,188,case57,0.02
True,13,0.02,True,1,1,False,13,True,3.8671819781197475e-10,0.0005704733218803301,0.4948417944683423,20.61184580088593,24.67800213489682,0.0,Robust-MTD,189,case57,0.02
True,7,-0.02,False,20,20,False,0,False,0.5158758755036303,0.36895508942692806,0.4948417944683423,27.044747947365977,37.102194369072095,0.0,Robust-MTD,190,case57,0.02
True,34,-0.02,False,20,20,False,0,False,0.5934388745790994,0.2746822869081254,0.4948417944683423,29.061483303667046,37.246353513910435,0.0,Robust-MTD,191,case57,0.02
True,23,-0.02,False,20,20,False,0,False,0.5187911784737212,0.3739543991826429,0.4948417944683423,30.322768795304,44.69208989175968,0.0,Robust-MTD,192,case57,0.02
True,22,-0.02,False,20,20,False,0,False,0.5030787754482434,0.3794353893915153,0.4948417944683423,28.547277106554247,44.832588970894,0.0,Robust-MTD,193,case57,0.02
True,53,-0.02,True,2,2,False,54,False,0.20111283607464353,0.013304716136333949,0.4948417944683423,18.26682305545546,21.301007998408753,0.0,Robust-MTD,194,case57,0.02
True,40,0.02,False,20,20,False,40,True,0.31071462421790264,0.08273411211948589,0.4948417944683423,37.62556039728224,74.08766598964577,0.0,Robust-MTD,195,case57,0.02
True,4,-0.02,False,20,20,False,0,False,0.5437719657568213,0.35577387450007397,0.4948417944683423,20.929899948532693,25.05265654472169,0.0,Robust-MTD,196,case57,0.02
True,23,0.02,False,20,20,False,0,False,0.5173528429290171,0.3687263826238718,0.4948417944683423,31.9126270536799,61.08491734776182,0.0,Robust-MTD,197,case57,0.02
True,17,0.02,True,19,19,False,18,False,0.30492007804277665,0.006180296928723738,0.4948417944683423,21.3488166074967,25.275435420917347,0.0,Robust-MTD,198,case57,0.02
True,28,0.02,True,2,2,False,28,True,5.330709048587095e-10,0.00337352267774135,0.4948417944683423,12.94502095261123,14.713010063860565,0.0,Robust-MTD,199,case57,0.02
True,26,-0.03,False,20,20,False,0,False,0.597351507676644,0.33920660640915273,0.6449621867960693,23.009814755641855,31.09372678154614,0.0,HMTD-MDE,0,case57,0.03
True,49,-0.03,False,20,20,False,49,True,0.11515034188092162,0.013480401639693268,0.6449621867960693,31.76406034035608,55.54367289296352,0.0,HMTD-MDE,1,case57,0.03
True,53,-0.03,True,2,2,False,53,True,0.26623275960558573,0.0074945282189385065,0.6449621867960693,33.68060845241416,55.581265216460515,0.0,HMTD-MDE,2,case57,0.03
True,37,0.03,True,5,5,False,37,True,0.188922706682175,0.011077565939661343,0.6449621867960693,30.18793335359078,40.98992848594211,0.0,HMTD-MDE,3,case57,0.03
True,46,0.03,True,17,17,False,0,False,0.5722160171393835,0.3637529756599208,0.6449621867960693,31.42531240300741,53.80310269829353,0.0,HMTD-MDE,4,case57,0.03
True,17,0.03,False,20,20,False,17,True,0.36292599450165314,0.0818037158034386,0.6449621867960693,23.756618599873036,33.50576214143075,0.0,HMTD-MDE,5,case57,0.03
True,24,0.03,False,20,20,False,34,False,0.4081209527382998,0.016565323576627003,0.6449621867960693,34.212656403542496,76.912525316584,0.0,HMTD-MDE,6,case57,0.03
True,3,0.03,True,1,1,False,3,True,1.0902500375756125e-08,0.003483236931570537,0.6449621867960693,28.009475144790486,45.34737149369904,0.0,HMTD-MDE,7,case57,0.03
True,8,-0.03,True,1,1,False,8,True,3.8671819781197475e-10,0.00028489480589777717,0.6449621867960693,35.72984990023542,80.09424579795454,0.0,HMTD-MDE,8,case57,0.03
True,22,0.03,False,20,20,False,17,False,0.6073898348670321,0.22062113072814615,0.6449621867960693,33.72163730091415,60.853243398014484,0.0,HMTD-MDE,9,case57,0.03
True,29,-0.03,False,20,20,False,31,False,0.4313504103327837,0.02159680750466539,0.6449621867960693,23.516870802268386,31.49322743120138,0.0,HMTD-MDE,10,case57,0.03
True,28,-0.03,False,20,20,False,28,True,0.15432934175872803,0.024863738290241293,0.6449621867960693,24.699068706831895,35.33832328685094,0.0,HMTD-MDE,11,case57,0.03
True,8,0.03,True,1,1,False,8,True,3.8671819781197475e-10,0.00028489480589777717,0.6449621867960693,32.23939160525333,71.59274941368496,0.0,HMTD-MDE,12,case57,0.03
True,28,-0.03,False,20,20,False,28,True,0.1608539392286565,0.0253253329403657,0.6449621867960693,34.20756235427689,69.58630058215931,0.0,HMTD-MDE,13,case57,0.03
True,22,0.03,False,20,20,False,0,False,0.6050241339703905,0.34711342894618313,0.6449621867960693,39.403431143728085,88.66143269406169,0.0,HMTD-MDE,14,case57,0.03
True,26,0.03,False,20,20,False,0,False,0.5769506282248741,0.34583549627044147,0.6449621867960693,28.763883403735235,37.16933573596185,0.0,HMTD-MDE,15,case57,0.03
True,40,-0.03,False,20,20,False,40,True,0.0012555596533213593,0.011280591982784546,0.6449621867960693,34.35692499333527,58.40747023466983,0.0,HMTD-MDE,16,case57,0.03
True,1,-0.03,False,20,20,False,0,False,0.640763270291448,0.3297796381944657,0.6449621867960693,51.505552051821724,156.932545543532,0.0,HMTD-MDE,17,case57,0.03
True,37,-0.03,False,20,20,False,37,True,0.19087924384431665,0.011242107678590033,0.6449621867960693,29.56921240547672,52.44331076100934,0.0,HMTD-MDE,18,case57,0.03
True,42,-0.03,False,20,20,False,42,True,5.572590877185649e-07,0.033997047490407786,0.6449621867960693,34.00515004468616,52.94564440555407,0.0,HMTD-MDE,19,case57,0.03
True,32,0.03,False,20,20,False,0,False,0.5467974402758083,0.3737548756766365,0.6449621867960693,23.450527054956183,31.318503871443678,0.0,HMTD-MDE,20,case57,0.03
True,20,0.03,True,7,7,False,18,False,0.28318585316532074,0.01323805860989683,0.6449621867960693,35.248808399774134,75.1061589427991,0.0,HMTD-MDE,21,case57,0.03
True,46,0.03,False,20,20,False,0,False,0.5575519956931269,0.3677462182297545,0.6449621867960693,30.164470843737945,47.62061870715115,0.0,HMTD-MDE,22,case57,0.03
True,42,0.03,False,20,20,False,42,True,0.00011227741689598774,0.034006997721786995,0.6449621867960693,35.85025634383783,78.68871487153228,0.0,HMTD-MDE,23,case57,0.03
True,56,-0.03,True,3,3,False,38,False,0.17144197219159746,0.015389865816179866,0.6449621867960693,35.73501889768522,60.202078853035395,0.0,HMTD-MDE,24,case57,0.03
True,53,0.03,True,1,1,False,51,False,0.2561599406874364,0.01165324779100529,0.6449621867960693,34.56433551036753,51.6275625413983,0.0,HMTD-MDE,25,case57,0.03
True,48,0.03,True,1,1,False,48,True,3.999610544407246e-10,0.0027537127027620427,0.6449621867960693,29.928247909992933,39.74456935538913,0.0,HMTD-MDE,26,case57,0.03
True,24,-0.03,True,16,16,False,34,False,0.41041849448923357,0.016833268158275936,0.6449621867960693,38.57908950012643,63.08644757955339,0.0,HMTD-MDE,27,case57,0.03
True,20,0.03,True,8,8,False,18,False,0.24845972766826438,0.01634695394016335,0.6449621867960693,32.68479580874555,49.34364169021138,0.0,HMTD-MDE,28,case57,0.03
True,34,-0.03,True,18,18,False,31,False,0.4379278818164832,0.026904387928276666,0.6449621867960693,30.804674950195476,44.68565863789991,0.0,HMTD-MDE,29,case57,0.03
True,11,-0.03,True,1,1,False,11,True,3.8671819781197475e-10,0.0002955651145503168,0.6449621867960693,43.615275048068725,93.6449333355995,0.0,HMTD-MDE,30,case57,0.03
True,38,0.03,False,20,20,False,56,False,0.17144161142341954,0.015389855279092387,0.6449621867960693,30.918572898372076,46.72535209683702,0.0,HMTD-MDE,31,case57,0.03
True,32,0.03,False,20,20,False,0,False,0.5879016679549027,0.35349371377115535,0.6449621867960693,32.11446244677063,60.80040894157724,0.0,HMTD-MDE,32,case57,0.03
True,15,-0.03,False,20,20,False,0,False,0.5713359374964161,0.36778030335853573,0.6449621867960693,37.07346664159559,73.77066246990582,0.0,HMTD-MDE,33,case57,0.03
True,36,0.03,True,1,1,False,36,True,3.6206587920289186e-08,0.0008651682042817102,0.6449621867960693,34.95508954511024,57.94250444450884,0.0,HMTD-MDE,34,case57,0.03
True,26,0.03,False,20,20,False,0,False,0.5533604519484077,0.3701926699535645,0.6449621867960693,29.467962446506135,41.43695267557633,0.0,HMTD-MDE,35,case57,0.03
True,28,0.03,False,20,20,False,27,False,0.16364239480729656,0.028558783201206733,0.6449621867960693,29.99112914549187,41.59758925088682,0.0,HMTD-MDE,36,case57,0.03
True,3,0.03,True,1,1,False,3,True,4.12849466978023e-10,0.0034832369284092035,0.6449621867960693,35.59656245051883,62.095902423607214,0.0,HMTD-MDE,37,case57,0.03
True,6,0.03,True,1,1,False,6,True,3.8671819781197475e-10,0.002363277542522319,0.6449621867960693,41.88083115150221,94.43278159596959,0.0,HMTD-MDE,38,case57,0.03
True,51,-0.03,False,20,20,False,54,False,0.197252699697134,0.050601385866947235,0.6449621867960693,40.22395624779165,62.09534098743461,0.0,HMTD-MDE,39,case57,0.03
True,17,0.03,False,20,20,False,17,True,0.4487111161145648,0.12857288529228159,0.6449621867960693,34.69696659303736,49.24370827502574,0.0,HMTD-MDE,40,case57,0.03
True,49,-0.03,True,12,12,False,49,True,0.07106306631549314,0.014229521442777428,0.6449621867960693,44.736822848790325,117.54077287914699,0.0,HMTD-MDE,41,case57,0.03
True,19,-0.03,True,1,1,False,18,False,0.2492950813047442,0.017058040671555953,0.6449621867960693,33.82839999976568,57.159260421758525,0.0,HMTD-MDE,42,case57,0.03
True,31,0.03,False,20,20,False,33,False,0.41382628603218025,0.03606227460359546,0.6449621867960693,35.307420798926614,44.09787057666109,0.0,HMTD-MDE,43,case57,0.03
True,55,0.03,True,1,1,False,55,True,0.19249468983534537,0.005878889844726847,0.6449621867960693,35.595985446707346,48.01718122034799,0.0,HMTD-MDE,44,case57,0.03
True,2,0.03,True,5,5,False,2,True,2.226474208719305e-06,0.005048855796360887,0.6449621867960693,34.61658539308701,67.71646008710377,0.0,HMTD-MDE,45,case57,0.03
True,34,-0.03,True,18,18,False,31,False,0.43774697080730696,0.027038500587406908,0.6449621867960693,29.724508253275417,50.61678928032052,0.0,HMTD-MDE,46,case57,0.03
True,14,-0.03,False,20,20,False,14,True,3.8671819781197724e-10,0.007593593808137527,0.6449621867960693,31.706612498965114,43.14079443574888,0.0,HMTD-MDE,47,case57,0.03
True,1,0.03,False,20,20,False,0,False,0.5534156767645307,0.3206534207441216,0.6449621867960693,34.95962494635023,72.69350479764398,0.0,HMTD-MDE,48,case57,0.03
True,34,-0.03,False,20,20,False,31,False,0.4385382067585238,0.024709640114547866,0.6449621867960693,37.55486250738613,73.4942211798625,0.0,HMTD-MDE,49,case57,0.03
True,40,-0.03,False,20,20,False,40,True,0.001418629690279426,0.011279827310293221,0.6449621867960693,28.63577100506518,45.545783365378156,0.0,HMTD-MDE,50,case57,0.03
True,27,-0.03,False,20,20,False,17,False,0.6053870167439064,0.15405779110222056,0.6449621867960693,28.57914795167744,36.35139618127142,0.0,HMTD-MDE,51,case57,0.03
True,44,-0.03,False,20,20,False,0,False,0.5545583930284959,0.3726653071823215,0.6449621867960693,31.23625820153393,49.09175586362835,0.0,HMTD-MDE,52,case57,0.03
True,1,0.03,False,20,20,False,0,False,0.5887557621883186,0.33897789579647464,0.6449621867960693,35.19729580148123,58.08297048206442,0.0,HMTD-MDE,53,case57,0.03
True,20,-0.03,True,4,4,False,18,False,0.27167659350652557,0.015054080401325748,0.6449621867960693,39.1825812519528,79.47811072226615,0.0,HMTD-MDE,54,case57,0.03
True,41,-0.03,True,1,1,False,55,False,0.009848088532236362,0.0012632886564961016,0.6449621867960693,41.22086030256469,55.945895821787424,0.0,HMTD-MDE,55,case57,0.03
True,25,0.03,False,20,20,False,0,False,0.6265169187155524,0.30128648592715357,0.6449621867960693,35.8557104395004,47.773981268983334,0.0,HMTD-MDE,56,case57,0.03
True,33,0.03,False,20,20,False,0,False,0.5766820704970091,0.36303869646471304,0.6449621867960693,28.63467910210602,44.08173750853167,0.0,HMTD-MDE,57,case57,0.03
True,42,-0.03,False,20,20,False,42,True,0.092375616199224,0.05315018120660732,0.6449621867960693,37.425749949761666,69.97208123211752,0.0,HMTD-MDE,58,case57,0.03
True,21,0.03,False,20,20,False,0,False,0.5552889729561495,0.3706860266653063,0.6449621867960693,35.760085345827974,48.12750804412645,0.0,HMTD-MDE,59,case57,0.03
True,36,-0.03,True,1,1,False,36,True,3.8671808797214316e-10,0.0008651682048311887,0.6449621867960693,31.727366702398285,48.12311941350346,0.0,HMTD-MDE,60,case57,0.03
True,46,0.03,False,20,20,False,0,False,0.5785079523664636,0.3609536732621579,0.6449621867960693,36.122468748362735,52.11574169516099,0.0,HMTD-MDE,61,case57,0.03
True,56,0.03,False,20,20,False,38,False,0.1714416031372942,0.01538985507862311,0.6449621867960693,44.10710404335987,92.20898157509511,0.0,HMTD-MDE,62,case57,0.03
True,8,-0.03,True,1,1,False,8,True,3.8671819781197475e-10,0.00028489480589777717,0.6449621867960693,34.61680835171137,50.140833380282885,0.0,HMTD-MDE,63,case57,0.03
True,2,0.03,True,1,1,False,2,True,4.564020387924587e-08,0.00504885669967105,0.6449621867960693,35.90996471175458,56.10313549696003,0.0,HMTD-MDE,64,case57,0.03
True,43,0.03,True,6,6,False,37,False,0.1921431442102094,0.011352040268613375,0.6449621867960693,32.723820841056295,52.654833009000875,0.0,HMTD-MDE,65,case57,0.03
True,11,0.03,True,1,1,False,11,True,3.8671819781197475e-10,0.0002955651145503168,0.6449621867960693,33.03330620401539,44.3770122365095,0.0,HMTD-MDE,66,case57,0.03
True,7,0.03,False,20,20,False,7,True,1.4780507222559756e-05,0.025270102659723345,0.6449621867960693,34.34596234874334,46.85148927092095,0.0,HMTD-MDE,67,case57,0.03
True,7,-0.03,False,20,20,False,7,True,0.00010543007667240926,0.025275356800958926,0.6449621867960693,37.86203954659868,45.9305847878568,0.0,HMTD-MDE,68,case57,0.03
True,51,-0.03,False,20,20,False,54,False,0.27611653146668785,0.04667804656883723,0.6449621867960693,38.11526866047643,51.17412047402469,0.0,HMTD-MDE,69,case57,0.03
True,12,-0.03,True,1,1,False,12,True,3.8671819781197475e-10,6.506154484848831e-05,0.6449621867960693,32.729712495347485,47.19319411960896,0.0,HMTD-MDE,70,case57,0.03
True,17,-0.03,False,20,20,False,17,True,0.21930411760491217,0.04068647847610087,0.6449621867960693,36.720610500196926,51.001231247209944,0.0,HMTD-MDE,71,case57,0.03
True,35,0.03,True,1,1,False,35,True,4.961733299282178e-10,0.0007903150392338798,0.6449621867960693,34.76841660158243,47.915386882959886,0.0,HMTD-MDE,72,case57,0.03
True,37,0.03,False,20,20,False,43,False,0.18353446490149689,0.010660584819314926,0.6449621867960693,35.97429375513457,46.20243328681682,0.0,HMTD-MDE,73,case57,0.03
True,11,0.03,True,1,1,False,11,True,3.8671819781197475e-10,0.0002955651145503168,0.6449621867960693,35.16741670318879,47.88512327941135,0.0,HMTD-MDE,74,case57,0.03
True,43,-0.03,False,20,20,False,43,True,0.18085715816137757,0.01047410929280863,0.6449621867960693,35.566837491933256,67.33881419932004,0.0,HMTD-MDE,75,case57,0.03
True,39,0.03,False,20,20,False,0,False,0.5891786924176099,0.3481554301019665,0.6449621867960693,34.56358975672629,59.10828722699081,0.0,HMTD-MDE,76,case57,0.03
True,41,-0.03,True,1,1,False,55,False,0.16900994141428238,0.0011197804414739068,0.6449621867960693,38.29469790798612,84.69030002888759,0.0,HMTD-MDE,77,case57,0.03
True,11,-0.03,True,1,1,False,11,True,3.8671819781197475e-10,0.0002955651145503168,0.6449621867960693,33.723150100558996,47.459214905393345,0.0,HMTD-MDE,78,case57,0.03
True,24,0.03,True,13,13,False,31,False,0.4271247724251942,0.01899954835572014,0.6449621867960693,33.2439937395975,64.50450892734807,0.0,HMTD-MDE,79,case57,0.03
True,26,-0.03,False,20,20,False,0,False,0.5824914684341228,0.3566967525396623,0.6449621867960693,34.304137248545885,60.579351449268884,0.0,HMTD-MDE,80,case57,0.03
True,37,0.03,False,20,20,False,43,False,0.23095386350964872,0.016273202619014195,0.6449621867960693,34.1330187919084,58.1658646144206,0.0,HMTD-MDE,81,case57,0.03
True,26,-0.03,False,20,20,False,0,False,0.5861072110741057,0.36500858150494025,0.6449621867960693,33.667560294270515,48.785391933051876,0.0,HMTD-MDE,82,case57,0.03
True,20,-0.03,True,3,3,False,18,False,0.2563571953568349,0.015962901991783397,0.6449621867960693,35.16698119346984,59.92886879248545,0.0,HMTD-MDE,83,case57,0.03
True,54,0.03,False,20,20,False,0,False,0.5818633560796779,0.3543352290002705,0.6449621867960693,32.595691649476066,39.657230969169184,0.0,HMTD-MDE,84,case57,0.03
True,31,0.03,False,20,20,False,33,False,0.42932259692263913,0.03077877342760498,0.6449621867960693,35.7657769927755,63.542137111653574,0.0,HMTD-MDE,85,case57,0.03
True,28,0.03,False,20,20,False,28,True,0.149142348909926,0.0245615445400638,0.6449621867960693,33.19883764779661,64.76809404848613,0.0,HMTD-MDE,86,case57,0.03
True,26,-0.03,False,20,20,False,0,False,0.6110201363538683,0.33864528101265834,0.6449621867960693,35.827493798569776,78.17275385023096,0.0,HMTD-MDE,87,case57,0.03
True,17,-0.03,False,20,20,False,0,False,0.6717393389182821,0.24437693747070213,0.6449621867960693,38.27799380233046,65.06695421994665,0.0,HMTD-MDE,88,case57,0.03
True,55,-0.03,True,1,1,False,55,True,0.0348783654733852,0.0012557980896922712,0.6449621867960693,40.8120939071523,61.19357886200305,0.0,HMTD-MDE,89,case57,0.03
True,11,0.03,True,1,1,False,11,True,3.8671819781197475e-10,0.0002955651145503168,0.6449621867960693,31.56860211165622,50.26674939726945,0.0,HMTD-MDE,90,case57,0.03
True,48,-0.03,True,1,1,False,48,True,3.8671808797186145e-10,0.002753712702745942,0.6449621867960693,37.0941022032639,64.7769316332415,0.0,HMTD-MDE,91,case57,0.03
True,50,-0.03,True,1,1,False,49,False,0.08010470437820848,0.01405675524077983,0.6449621867960693,31.914062451687638,72.04483124660328,0.0,HMTD-MDE,92,case57,0.03
True,53,-0.03,True,2,2,False,51,False,0.21054093710861876,0.014320660856898648,0.6449621867960693,32.91362714662682,49.27285032172224,0.0,HMTD-MDE,93,case57,0.03
True,43,0.03,True,9,9,False,37,False,0.17216488095038127,0.009989815354479107,0.6449621867960693,32.0099042437505,51.099304453236996,0.0,HMTD-MDE,94,case57,0.03
True,40,-0.03,True,4,4,False,40,True,0.0012117105194514425,0.011280862311807237,0.6449621867960693,32.65244789363351,47.275335414451575,0.0,HMTD-MDE,95,case57,0.03
True,10,-0.03,True,1,1,False,10,True,3.8671819781197475e-10,0.0007455511118699345,0.6449621867960693,34.82069993915502,51.4461312297499,0.0,HMTD-MDE,96,case57,0.03
True,14,0.03,True,15,15,False,14,True,3.867181978119783e-10,0.007593593808137527,0.6449621867960693,29.788493743399158,38.38072048674806,0.0,HMTD-MDE,97,case57,0.03
True,53,-0.03,True,1,1,False,53,True,0.2705565877314169,0.008285863062606095,0.6449621867960693,42.26551670290064,91.14796394424049,0.0,HMTD-MDE,98,case57,0.03
True,49,-0.03,False,20,20,False,49,True,0.11642018729100073,0.013191708046324534,0.6449621867960693,30.74961040110793,50.95623123343103,0.0,HMTD-MDE,99,case57,0.03
True,56,0.03,True,6,6,False,38,False,0.1714416011987243,0.015389855035292409,0.6449621867960693,39.656285554519854,71.2217371532461,0.0,HMTD-MDE,100,case57,0.03
True,17,-0.03,False,20,20,False,18,False,0.3147775581947579,0.027254605274325258,0.6449621867960693,38.64934375160374,51.833958018687554,0.0,HMTD-MDE,101,case57,0.03
True,12,0.03,True,1,1,False,12,True,3.8671819781197475e-10,6.506154484848831e-05,0.6449621867960693,36.20329790574033,52.48407496546862,0.0,HMTD-MDE,102,case57,0.03
True,48,-0.03,True,1,1,False,48,True,3.8671808797190896e-10,0.002753712702745942,0.6449621867960693,37.03188964573201,96.26439822313844,0.0,HMTD-MDE,103,case57,0.03
True,31,0.03,False,20,20,False,31,True,0.43758514518263697,0.025828577653068445,0.6449621867960693,34.76119599363301,64.77516900631599,0.0,HMTD-MDE,104,case57,0.03
True,31,0.03,False,20,20,False,33,False,0.4372875062662566,0.03790666005764529,0.6449621867960693,44.09001679450739,92.91353127919139,0.0,HMTD-MDE,105,case57,0.03
True,41,-0.03,True,1,1,False,55,False,0.1681926470770594,0.001123551406225022,0.6449621867960693,30.306148005183786,52.39158304757439,0.0,HMTD-MDE,106,case57,0.03
True,16,-0.03,False,20,20,False,0,False,0.54994251107238,0.3750498461413261,0.6449621867960693,44.05856449739076,87.52739553747237,0.0,HMTD-MDE,107,case57,0.03
True,20,0.03,True,10,10,False,20,True,0.2693898317916882,0.010198139962709029,0.6449621867960693,34.16288524167612,57.95167047472207,0.0,HMTD-MDE,108,case57,0.03
True,50,0.03,True,1,1,False,49,False,0.1534364810941629,0.011756809942484153,0.6449621867960693,27.56153749942314,42.10388335341124,0.0,HMTD-MDE,109,case57,0.03
True,17,0.03,False,20,20,False,17,True,0.23011195719943298,0.04071069201673942,0.6449621867960693,39.9606021004729,79.82850834087004,0.0,HMTD-MDE,110,case57,0.03
True,41,0.03,True,1,1,False,41,True,0.09805865633456519,0.0009724494088316818,0.6449621867960693,34.83117079595104,52.57934196270071,0.0,HMTD-MDE,111,case57,0.03
True,15,0.03,False,20,20,False,0,False,0.5975328876807717,0.34426579015878506,0.6449621867960693,34.93874374835286,50.68221517431085,0.0,HMTD-MDE,112,case57,0.03
True,12,-0.03,True,1,1,False,12,True,3.8671819781197475e-10,6.506154484848831e-05,0.6449621867960693,42.648356143035926,74.52887255349198,0.0,HMTD-MDE,113,case57,0.03
True,33,-0.03,False,20,20,False,0,False,0.6719088066887307,0.24797905242229368,0.6449621867960693,33.35876255296171,52.63459138222971,0.0,HMTD-MDE,114,case57,0.03
True,8,0.03,True,1,1,False,8,True,3.8671819781197475e-10,0.00028489480589777717,0.6449621867960693,37.802566605387256,56.73662287008483,0.0,HMTD-MDE,115,case57,0.03
True,16,-0.03,False,20,20,False,0,False,0.5801074259605069,0.3560713695013293,0.6449621867960693,35.311339603504166,52.98499586933759,0.0,HMTD-MDE,116,case57,0.03
True,46,-0.03,False,20,20,False,0,False,0.5584887939046858,0.36842005908893916,0.6449621867960693,36.077537649543956,45.658133656252176,0.0,HMTD-MDE,117,case57,0.03
True,8,-0.03,True,1,1,False,8,True,3.8671819781197475e-10,0.00028489480589777717,0.6449621867960693,41.06287495524157,60.01137918210592,0.0,HMTD-MDE,118,case57,0.03
True,20,0.03,True,5,5,False,18,False,0.26607398262902965,0.01462101776368591,0.6449621867960693,38.598604206345044,52.59614319074899,0.0,HMTD-MDE,119,case57,0.03
True,52,-0.03,True,1,1,False,51,False,0.20714616162768457,0.014466001243135813,0.6449621867960693,40.361441651475616,84.12771878065543,0.0,HMTD-MDE,120,case57,0.03
True,9,-0.03,True,3,3,False,9,True,3.8671819781197486e-10,0.0057420482213255955,0.6449621867960693,34.124995800084434,47.2954083554214,0.0,HMTD-MDE,121,case57,0.03
True,21,0.03,False,20,20,False,0,False,0.5548446979295254,0.3692895933153938,0.6449621867960693,38.78531659138389,50.98564793297558,0.0,HMTD-MDE,122,case57,0.03
True,43,0.03,True,1,1,False,43,True,0.17315140638892312,0.010031551455087256,0.6449621867960693,41.985462556476705,83.04427711118481,0.0,HMTD-MDE,123,case57,0.03
True,18,-0.03,True,9,9,False,17,False,0.2555666706798843,0.033778908089951966,0.6449621867960693,32.57390209182631,43.08829373330809,0.0,HMTD-MDE,124,case57,0.03
True,38,-0.03,False,20,20,False,38,True,0.1714416009440448,0.015389855031208717,0.6449621867960693,31.551935398601927,42.42337141768077,0.0,HMTD-MDE,125,case57,0.03
True,47,-0.03,False,20,20,False,0,False,0.6143831670974084,0.2639453751229085,0.6449621867960693,28.418166798655875,35.02497565641536,0.0,HMTD-MDE,126,case57,0.03
True,51,-0.03,False,20,20,False,51,True,0.22616384721316113,0.04484352383500693,0.6449621867960693,42.08820619969629,116.0374375031097,0.0,HMTD-MDE,127,case57,0.03
True,23,0.03,True,0,0,False,0,False,0.5955276911352902,0.3483081941046597,0.6449621867960693,33.1590895424597,54.9969910120126,0.0,HMTD-MDE,128,case57,0.03
True,40,0.03,True,15,15,False,40,True,0.0018844448446131772,0.011277275675243729,0.6449621867960693,34.12128325435333,57.419243446202024,0.0,HMTD-MDE,129,case57,0.03
True,20,-0.03,True,1,1,False,19,False,0.2505690488399987,0.00847711716525817,0.6449621867960693,33.14003540435806,46.67524201795459,0.0,HMTD-MDE,130,case57,0.03
True,51,-0.03,False,20,20,False,51,True,0.18546445406378245,0.04333095266808158,0.6449621867960693,30.85282915562857,40.10665211244489,0.0,HMTD-MDE,131,case57,0.03
True,26,0.03,False,20,20,False,0,False,0.5684491977055107,0.363785586844395,0.6449621867960693,36.22043969517108,61.603590205777465,0.0,HMTD-MDE,132,case57,0.03
True,43,-0.03,True,7,7,False,37,False,0.20024132630853306,0.012124089748129334,0.6449621867960693,37.737868694239296,56.744614895433195,0.0,HMTD-MDE,133,case57,0.03
True,54,-0.03,False,20,20,False,0,False,0.5705022685757227,0.3635413306213291,0.6449621867960693,37.05583130358718,63.13648512877991,0.0,HMTD-MDE,134,case57,0.03
True,32,0.03,False,20,20,False,0,False,0.5898835269083174,0.3575929456634463,0.6449621867960693,34.68043959583156,60.51235272025225,0.0,HMTD-MDE,135,case57,0.03
True,47,0.03,False,20,20,False,0,False,0.6249968710926032,0.3228987420869864,0.6449621867960693,30.762399989180267,43.6772916291375,0.0,HMTD-MDE,136,case57,0.03
True,51,0.03,True,2,2,False,54,False,0.1874572233547645,0.05075586448181863,0.6449621867960693,29.77641660545487,39.173662519897384,0.0,HMTD-MDE,137,case57,0.03
True,53,0.03,True,1,1,False,51,False,0.10341514572420765,0.017621413834351434,0.6449621867960693,39.98445620236453,56.04965864331466,0.0,HMTD-MDE,138,case57,0.03
True,54,0.03,False,20,20,False,45,False,0.5380975099408808,0.24461803283699518,0.6449621867960693,37.59680835355539,68.4945794841042,0.0,HMTD-MDE,139,case57,0.03
True,20,0.03,True,2,2,False,18,False,0.2614445778382474,0.014974617195377907,0.6449621867960693,37.42287309723906,50.030923527083374,0.0,HMTD-MDE,140,case57,0.03
True,52,0.03,True,5,5,False,51,False,0.15280477448737137,0.01635935342334947,0.6449621867960693,37.22682919469662,79.16235771554058,0.0,HMTD-MDE,141,case57,0.03
True,10,0.03,True,1,1,False,10,True,3.8671819781197475e-10,0.0007455511118699345,0.6449621867960693,40.50695409823675,109.13718125375458,0.0,HMTD-MDE,142,case57,0.03
True,12,-0.03,True,1,1,False,12,True,3.8671819781197475e-10,6.506154484848831e-05,0.6449621867960693,35.982029052684084,75.18077915301546,0.0,HMTD-MDE,143,case57,0.03
True,10,0.03,True,1,1,False,10,True,3.8671819781197475e-10,0.0007455511118699345,0.6449621867960693,32.67886024550535,61.33429580368102,0.0,HMTD-MDE,144,case57,0.03
True,11,-0.03,True,1,1,False,11,True,3.8671819781197475e-10,0.0002955651145503168,0.6449621867960693,32.601300108945,44.77576072968077,0.0,HMTD-MDE,145,case57,0.03
True,25,-0.03,False,20,20,False,0,False,0.5952647934458071,0.3231710152804949,0.6449621867960693,34.72931449650787,60.154454142320915,0.0,HMTD-MDE,146,case57,0.03
True,36,0.03,True,1,1,False,36,True,3.9343622794452767e-10,0.0008651682048311137,0.6449621867960693,32.49484385014512,43.09535424108617,0.0,HMTD-MDE,147,case57,0.03
True,44,-0.03,False,20,20,False,44,True,0.5234001920076308,0.22555087378895208,0.6449621867960693,37.75842094910331,52.84564226167277,0.0,HMTD-MDE,148,case57,0.03
True,24,0.03,True,7,7,False,31,False,0.42157094646138366,0.01877184424976535,0.6449621867960693,36.101899793720804,49.116915211197934,0.0,HMTD-MDE,149,case57,0.03
True,3,0.03,True,1,1,False,3,True,6.961543732398439e-10,0.0034832369284826035,0.6449621867960693,35.8538228465477,56.41940594941843,0.0,HMTD-MDE,150,case57,0.03
True,42,0.03,False,20,20,False,42,True,3.7558105343009816e-05,0.03399940167619069,0.6449621867960693,35.27849145466462,42.44770772347693,0.0,HMTD-MDE,151,case57,0.03
True,23,0.03,False,20,20,False,0,False,0.6262235408336125,0.30889515751423,0.6449621867960693,37.3528706462821,45.19240208319389,0.0,HMTD-MDE,152,case57,0.03
True,45,0.03,False,20,20,False,45,True,0.0008029093812796807,0.022587722942388946,0.6449621867960693,37.0690041949274,71.25038300582675,0.0,HMTD-MDE,153,case57,0.03
True,24,-0.03,False,20,20,False,31,False,0.4202839986145202,0.018468381241033966,0.6449621867960693,30.26567509805318,56.403285797569,0.0,HMTD-MDE,154,case57,0.03
True,22,-0.03,False,20,20,False,0,False,0.6284395886605433,0.25325841739387345,0.6449621867960693,31.76991869113408,42.40575180447195,0.0,HMTD-MDE,155,case57,0.03
True,23,0.03,False,20,20,False,0,False,0.5522650722765716,0.37287586543554463,0.6449621867960693,28.16909590328578,38.87352016172372,0.0,HMTD-MDE,156,case57,0.03
True,54,0.03,False,20,20,False,54,True,0.4498099435990148,0.12475086335183172,0.6449621867960693,34.3517855508253,64.23502151155847,0.0,HMTD-MDE,157,case57,0.03
True,33,-0.03,False,20,20,False,0,False,0.6265700113834198,0.3342997376225124,0.6449621867960693,32.924877252662554,54.78372950747145,0.0,HMTD-MDE,158,case57,0.03
True,39,-0.03,False,20,20,False,0,False,0.5538872646796892,0.3709422560734138,0.6449621867960693,39.3206625507446,83.99102258263159,0.0,HMTD-MDE,159,case57,0.03
True,13,0.03,True,1,1,False,13,True,3.8671819781197475e-10,0.00024296946723677138,0.6449621867960693,36.630347958998755,47.300498184631586,0.0,HMTD-MDE,160,case57,0.03
True,38,0.03,False,20,20,False,56,False,0.17144160513319923,0.015389855125724123,0.6449621867960693,28.53886035445612,40.026671142550185,0.0,HMTD-MDE,161,case57,0.03
True,35,0.03,True,1,1,False,35,True,3.8671808797193125e-10,0.0007903150392325828,0.6449621867960693,40.36226864554919,68.83243336051238,0.0,HMTD-MDE,162,case57,0.03
True,26,-0.03,False,20,20,False,0,False,0.571518002651531,0.3683261164510361,0.6449621867960693,30.130414458108135,46.08225146948826,0.0,HMTD-MDE,163,case57,0.03
True,1,0.03,False,20,20,False,0,False,0.5746730860680164,0.3683146692259609,0.6449621867960693,35.24308740161359,52.499849657760954,0.0,HMTD-MDE,164,case57,0.03
True,49,-0.03,False,20,20,False,49,True,0.17247889482703174,0.011480881969975628,0.6449621867960693,33.401439592125826,42.85739757760894,0.0,HMTD-MDE,165,case57,0.03
True,40,0.03,True,5,5,False,40,True,0.0007126357289808238,0.011283375150924877,0.6449621867960693,27.990000054705888,39.632120792521164,0.0,HMTD-MDE,166,case57,0.03
True,40,0.03,False,20,20,False,40,True,0.0008930394206153204,0.011282427826625453,0.6449621867960693,35.81412280036602,59.46055241220168,0.0,HMTD-MDE,167,case57,0.03
True,28,0.03,False,20,20,False,28,True,0.05139115521001323,0.021714837085429886,0.6449621867960693,36.78184795426205,103.11128094035668,0.0,HMTD-MDE,168,case57,0.03
True,38,0.03,False,20,20,False,38,True,0.1714421171527988,0.015389870352997319,0.6449621867960693,34.86806439177599,103.65083326178137,0.0,HMTD-MDE,169,case57,0.03
True,27,0.03,False,20,20,False,27,True,0.15134462681250857,0.029500854125119044,0.6449621867960693,38.21327094628941,48.51000650087372,0.0,HMTD-MDE,170,case57,0.03
True,30,-0.03,False,20,20,False,31,False,0.4190367883779283,0.01830718730399783,0.6449621867960693,32.25894799688831,47.669685719301924,0.0,HMTD-MDE,171,case57,0.03
True,31,-0.03,False,20,20,False,33,False,0.416025385693031,0.03592182934213966,0.6449621867960693,37.64633959799539,76.98780237406027,0.0,HMTD-MDE,172,case57,0.03
True,27,0.03,False,20,20,False,27,True,0.24009895386215044,0.037845692346358456,0.6449621867960693,31.888408312806856,41.493945827824064,0.0,HMTD-MDE,173,case57,0.03
True,51,0.03,False,20,20,False,51,True,0.20755889139519287,0.04044534857170662,0.6449621867960693,42.37420820572879,70.5185396014713,0.0,HMTD-MDE,174,case57,0.03
True,28,0.03,False,20,20,False,28,True,0.05998505876677158,0.02186629328854878,0.6449621867960693,31.63354794960469,47.70198124460878,0.0,HMTD-MDE,175,case57,0.03
True,33,-0.03,False,20,20,False,0,False,0.6262353108899423,0.3212755094884268,0.6449621867960693,39.924164704279974,97.94420449470636,0.0,HMTD-MDE,176,case57,0.03
True,20,-0.03,True,4,4,False,18,False,0.2397819964798267,0.018181798143803024,0.6449621867960693,35.02356460667215,46.90796249778942,0.0,HMTD-MDE,177,case57,0.03
True,5,0.03,True,1,1,False,5,True,3.8671819781197584e-10,0.00192160191471911,0.6449621867960693,34.256872747209854,56.9193651725073,0.0,HMTD-MDE,178,case57,0.03
True,38,0.03,False,20,20,False,38,True,0.17144160270394235,0.015389855069352885,0.6449621867960693,27.660431308322586,40.69409376825207,0.0,HMTD-MDE,179,case57,0.03
True,52,-0.03,True,1,1,False,51,False,0.19071459240432115,0.015115204851345503,0.6449621867960693,33.610716700786725,79.53973575495185,0.0,HMTD-MDE,180,case57,0.03
True,48,0.03,True,1,1,False,48,True,3.8671806051185334e-10,0.0027537127027459423,0.6449621867960693,37.09424780681729,73.52336310723334,0.0,HMTD-MDE,181,case57,0.03
True,32,-0.03,False,20,20,False,0,False,0.5791440056914436,0.36102719204690326,0.6449621867960693,27.8370852523949,37.903576449025444,0.0,HMTD-MDE,182,case57,0.03
True,48,0.03,True,1,1,False,48,True,3.867180879719782e-10,0.002753712702745942,0.6449621867960693,30.63473745714873,69.7388475877233,0.0,HMTD-MDE,183,case57,0.03
True,48,0.03,True,1,1,False,48,True,3.867180879718674e-10,0.002753712702745942,0.6449621867960693,32.57362510485109,46.66988298995424,0.0,HMTD-MDE,184,case57,0.03
True,5,0.03,True,1,1,False,5,True,4.6344755442811814e-10,0.0019216019147244158,0.6449621867960693,36.99465010431595,64.82640003378037,0.0,HMTD-MDE,185,case57,0.03
True,41,0.03,True,1,1,False,41,True,0.14492216904436325,0.0010190027135766279,0.6449621867960693,32.289064599899575,42.88519935216756,0.0,HMTD-MDE,186,case57,0.03
True,29,-0.03,False,20,20,False,31,False,0.4329729775130125,0.02231619533275353,0.6449621867960693,27.629275055369362,44.78586035838816,0.0,HMTD-MDE,187,case57,0.03
True,10,-0.03,True,1,1,False,10,True,3.8671819781197475e-10,0.0007455511118699345,0.6449621867960693,45.320764495409094,131.71766873565505,0.0,HMTD-MDE,188,case57,0.03
True,13,0.03,True,1,1,False,13,True,3.8671819781197475e-10,0.00024296946723677138,0.6449621867960693,20.897604306810535,26.266812489484437,0.0,HMTD-MDE,189,case57,0.03
True,7,-0.03,False,20,20,False,7,True,0.0005591798702201815,0.02532836097211533,0.6449621867960693,29.470081254839897,48.27120446716435,0.0,HMTD-MDE,190,case57,0.03
True,34,-0.03,False,20,20,False,31,False,0.4326315620443212,0.02168044536872734,0.6449621867960693,31.992625154089183,45.601650365279106,0.0,HMTD-MDE,191,case57,0.03
True,23,-0.03,False,20,20,False,0,False,0.5960515121252028,0.3446436845661782,0.6449621867960693,19.101218692958355,22.305012826109305,0.0,HMTD-MDE,192,case57,0.03
True,22,-0.03,False,20,20,False,0,False,0.5831178874781865,0.35892802914979854,0.6449621867960693,29.281485351384617,44.37112947052811,0.0,HMTD-MDE,193,case57,0.03
True,53,-0.03,True,2,2,False,51,False,0.19882216519154933,0.014805295753322624,0.6449621867960693,19.29247293737717,24.038076752913184,0.0,HMTD-MDE,194,case57,0.03
True,40,0.03,True,9,9,False,40,True,0.0005700846673460219,0.011284001612098795,0.6449621867960693,45.1185062964214,90.22639374888973,0.0,HMTD-MDE,195,case57,0.03
True,4,-0.03,False,20,20,False,0,False,0.5974251065196459,0.31573838316627567,0.6449621867960693,19.90718955057673,24.71507232694421,0.0,HMTD-MDE,196,case57,0.03
True,23,0.03,False,20,20,False,0,False,0.5919799801323322,0.34995572434733213,0.6449621867960693,14.437991703744046,17.60308781231288,0.0,HMTD-MDE,197,case57,0.03
True,17,0.03,False,20,20,False,20,False,0.32845220072460746,0.01537131536054639,0.6449621867960693,33.39675000461284,68.26946667570155,0.0,HMTD-MDE,198,case57,0.03
True,28,0.03,False,20,20,False,28,True,0.17146577677564584,0.02700570912276518,0.6449621867960693,17.209062501206063,19.660832683439367,0.0,HMTD-MDE,199,case57,0.03
True,26,-0.03,True,2,2,False,25,False,0.17144160094417596,0.004170119817505022,0.49267790675580897,434.04518544557504,484.7125961066938,0.0,MS-HIDE,0,case57,0.03
True,49,-0.03,True,2,2,False,49,True,4.08861112011791e-10,0.0016130129421428896,0.45118207631084983,329.30893334851135,387.850714311935,0.0,MS-HIDE,1,case57,0.03
True,53,-0.03,True,1,1,False,53,True,0.17144160095069316,0.001526646084461678,0.44758389367691664,431.14400615449995,506.8923663289765,0.0,MS-HIDE,2,case57,0.03
True,37,0.03,True,1,1,False,37,True,0.17144160094957278,0.001561674518262151,0.5364471306759947,322.3503331944812,376.8635305779753,0.0,MS-HIDE,3,case57,0.03
True,46,0.03,True,17,17,False,0,False,0.45355692399027253,0.32745354865313075,0.49892248588204885,294.88189780095126,379.15795561275445,0.0,MS-HIDE,4,case57,0.03
True,17,0.03,True,5,5,False,17,True,0.009184613919825823,0.002604746843690279,0.4734890179922513,427.193177054869,484.4031833141359,0.0,MS-HIDE,5,case57,0.03
True,24,0.03,True,3,3,False,29,False,0.1714416017221369,0.002072505558748775,0.6692858702294886,325.8703123952728,389.1342082846677,0.0,MS-HIDE,6,case57,0.03
True,3,0.03,True,1,1,False,3,True,3.8671819781197475e-10,0.0010234120718180608,0.46679411637890617,417.28945845679846,493.7179277389091,0.0,MS-HIDE,7,case57,0.03
True,8,-0.03,True,1,1,False,8,True,3.8671819781197475e-10,0.0003177869000190791,0.3394475328782709,314.8159623873653,404.8495336173801,0.0,MS-HIDE,8,case57,0.03
True,22,0.03,False,20,20,False,0,False,0.48318738886685586,0.30829368328372286,0.4707811664753304,299.74550635088235,388.9289389393525,0.0,MS-HIDE,9,case57,0.03
True,29,-0.03,True,2,2,False,24,False,0.17144160543330283,0.0020725055666404495,0.6438154876248735,433.09766675229184,506.8990663799938,0.0,MS-HIDE,10,case57,0.03
True,28,-0.03,True,1,1,False,28,True,3.867181428919181e-10,0.0007399860969598648,0.48268198064711926,315.0303955975687,370.11178366374224,0.0,MS-HIDE,11,case57,0.03
True,8,0.03,True,1,1,False,8,True,3.8671819781197475e-10,0.0003177869002985445,0.34027054429886283,412.75585829862393,494.73418334964794,0.0,MS-HIDE,12,case57,0.03
True,28,-0.03,True,2,2,False,28,True,3.8671814289191847e-10,0.0007399860970397173,0.4659955592995953,311.92395404796116,376.4636624837294,0.0,MS-HIDE,13,case57,0.03
True,22,0.03,False,20,20,False,0,False,0.48333789639520197,0.2740656661684079,0.5257733651957028,320.3594332560897,418.33354589471134,0.0,MS-HIDE,14,case57,0.03
True,26,0.03,True,8,8,False,25,False,0.1714416009440885,0.004172207164848335,0.4969166896990683,435.09413320571184,501.1556684330587,0.0,MS-HIDE,15,case57,0.03
True,40,-0.03,False,20,20,False,40,True,1.7065314774943169e-07,0.007675384259268234,0.43637806698873616,314.53829579695594,378.8930812734179,0.0,MS-HIDE,16,case57,0.03
True,1,-0.03,False,20,20,False,1,True,0.21609820818857425,0.08997527426679248,0.4865578226124185,419.1880040540127,477.68500416423336,0.0,MS-HIDE,17,case57,0.03
True,37,-0.03,True,2,2,False,37,True,0.1714416009440448,0.0016486953208655225,0.5332150626470438,314.7260228579398,372.96256315603387,0.0,MS-HIDE,18,case57,0.03
True,42,-0.03,True,3,3,False,42,True,3.8671808797186145e-10,0.002095484531164834,0.5672196896005899,297.93571869668085,381.85038922238175,0.0,MS-HIDE,19,case57,0.03
True,32,0.03,False,20,20,False,0,False,0.42927252803880384,0.33663614575945294,0.5043178178426346,446.1367854033597,537.8601312695556,0.0,MS-HIDE,20,case57,0.03
True,20,0.03,True,1,1,False,20,True,0.1714416009440448,0.0018997780598337156,0.5238115061205533,316.64674165076576,375.7930583495181,0.0,MS-HIDE,21,case57,0.03
True,46,0.03,False,20,20,False,0,False,0.4207311953983993,0.33402608910828613,0.533965902724124,412.5011001015082,484.90864348423327,0.0,MS-HIDE,22,case57,0.03
True,42,0.03,True,2,2,False,42,True,3.8671808797186145e-10,0.0020954851536133887,0.5576938041509975,311.25910414848477,403.51685242785607,0.0,MS-HIDE,23,case57,0.03
True,56,-0.03,True,3,3,False,38,False,0.1714416009440448,0.005094705610447068,0.5574094179467253,292.0537707454059,376.01077884610277,0.0,MS-HIDE,24,case57,0.03
True,53,0.03,True,1,1,False,52,False,0.17144160094748867,0.0015310225802885814,0.42328580204776994,310.0147688033758,391.15344229503535,0.0,MS-HIDE,25,case57,0.03
True,48,0.03,True,1,1,False,48,True,1.7530470912806573e-09,0.0010302554130475602,0.52746828242594,309.6570728579536,380.5322812928353,0.0,MS-HIDE,26,case57,0.03
True,24,-0.03,True,2,2,False,24,True,0.1714416009778649,0.0020725056044258623,0.6705788167733578,304.71295410825405,376.427193483687,0.0,MS-HIDE,27,case57,0.03
True,20,0.03,True,1,1,False,20,True,0.1714416009440448,0.0019198051353142027,0.5553862485821492,307.42405414639506,375.9988937876187,0.0,MS-HIDE,28,case57,0.03
True,34,-0.03,True,2,2,False,34,True,3.8671808797186145e-10,0.002174327069040746,0.4573746227951139,305.3516584041063,385.06187739840243,0.0,MS-HIDE,29,case57,0.03
True,11,-0.03,True,1,1,False,11,True,3.8671819781197475e-10,0.00036839150146271833,0.3424478073616517,313.28037074708845,376.6176937468117,0.0,MS-HIDE,30,case57,0.03
True,38,0.03,True,4,4,False,56,False,0.17144160094404476,0.00509470485122514,0.5572942943405078,315.9244959446369,382.26302147959365,0.0,MS-HIDE,31,case57,0.03
True,32,0.03,False,20,20,False,0,False,0.42692836596507155,0.3359840418755176,0.5226316330739487,302.3913229408208,360.3678940999089,0.0,MS-HIDE,32,case57,0.03
True,15,-0.03,False,20,20,False,0,False,0.4221730464603354,0.336792805939731,0.5036939122440471,313.22667489585,386.4639937528409,0.0,MS-HIDE,33,case57,0.03
True,36,0.03,True,1,1,False,36,True,3.867180879719944e-10,0.000714833475930342,0.3830914963644995,310.3897063439945,396.1517812364037,0.0,MS-HIDE,34,case57,0.03
True,26,0.03,True,5,5,False,25,False,0.1714416009440448,0.004210837963500915,0.5091730722229819,319.1934499889612,405.13226663460955,0.0,MS-HIDE,35,case57,0.03
True,28,0.03,True,1,1,False,28,True,3.867181428919181e-10,0.0007399860969599511,0.4707622898036272,312.16008344490547,374.53006698342506,0.0,MS-HIDE,36,case57,0.03
True,3,0.03,True,2,2,False,3,True,3.8671819781197475e-10,0.0010234120715768371,0.47033267994961503,325.25594163744245,406.18301396025345,0.0,MS-HIDE,37,case57,0.03
True,6,0.03,True,1,1,False,6,True,4.1643865949472245e-10,0.0008382204749694859,0.5604951228022412,309.8892979469383,370.212147894199,0.0,MS-HIDE,38,case57,0.03
True,51,-0.03,True,5,5,False,51,True,3.8671808797241375e-10,0.004256928155865657,0.4728460511868403,300.8987081964733,376.0729187808465,0.0,MS-HIDE,39,case57,0.03
True,17,0.03,True,6,6,False,17,True,0.03775316652378622,0.002607655792756,0.4662706145258296,313.9625020965468,392.73893121280713,0.0,MS-HIDE,40,case57,0.03
True,49,-0.03,True,2,2,False,49,True,4.0078278834005324e-10,0.0016130129422262404,0.43915331006679614,306.43630205013324,374.35064201417845,0.0,MS-HIDE,41,case57,0.03
True,19,-0.03,True,3,3,False,20,False,0.1714416009440448,0.001907350502551273,0.5044903270849358,289.11847504787147,369.1921124845976,0.0,MS-HIDE,42,case57,0.03
True,31,0.03,True,3,3,False,30,False,0.05141013206112753,0.002081617157320168,0.4271919612501202,293.266958440654,351.4963062014431,0.0,MS-HIDE,43,case57,0.03
True,55,0.03,True,1,1,False,55,True,6.127049699752186e-10,0.0008704427182114636,0.40571902197748355,316.85998335306067,404.93075629347004,0.0,MS-HIDE,44,case57,0.03
True,2,0.03,True,3,3,False,2,True,3.8671819781199166e-10,0.0015585531342289006,0.49736935385356085,330.03012085100636,418.4239329653793,0.0,MS-HIDE,45,case57,0.03
True,34,-0.03,True,2,2,False,34,True,4.144807003535679e-10,0.0021044013232033045,0.44977851268119295,311.1254416027805,390.92782057414297,0.0,MS-HIDE,46,case57,0.03
True,14,-0.03,True,1,1,False,14,True,3.8671819781197475e-10,0.0013112408728828994,0.606810009711257,314.2217540909769,379.7149478661595,0.0,MS-HIDE,47,case57,0.03
True,1,0.03,False,20,20,False,1,True,3.7902287452365266e-05,0.024907048547133097,0.44549938177214543,295.4290709021734,381.2867069296772,0.0,MS-HIDE,48,case57,0.03
True,34,-0.03,True,4,4,False,34,True,3.8671808797186145e-10,0.0021788355100589474,0.46890387533711403,318.47772705659736,381.5369038289646,0.0,MS-HIDE,49,case57,0.03
True,40,-0.03,True,14,14,False,40,True,6.642835810683646e-07,0.007672532865046349,0.502594059607722,299.79982920049224,365.8921413356438,0.0,MS-HIDE,50,case57,0.03
True,27,-0.03,True,1,1,False,27,True,3.867181428919181e-10,0.0010540441852047052,0.5097506016545479,325.2079375030007,392.48194942483684,0.0,MS-HIDE,51,case57,0.03
True,44,-0.03,True,3,3,False,44,True,4.086555003538548e-06,0.003793594306470022,0.5151361671391543,298.3984791499097,364.1403496818384,0.0,MS-HIDE,52,case57,0.03
True,1,0.03,False,20,20,False,1,True,0.10167839362522416,0.05724510622891132,0.5934642544151184,327.1300895459717,436.2003791349708,0.0,MS-HIDE,53,case57,0.03
True,20,-0.03,True,3,3,False,20,True,0.1714416009440448,0.0019303975837705073,0.4984280792488483,305.94693739840295,378.1863642128883,0.0,MS-HIDE,54,case57,0.03
True,41,-0.03,True,1,1,False,41,True,4.0398795056701984e-10,0.0006132213468342124,0.35304200921899337,297.41930824820884,370.3418850986054,0.0,MS-HIDE,55,case57,0.03
True,25,0.03,True,2,2,False,26,False,0.1714416009440448,0.004173531773093311,0.48703245572888754,311.67764790006913,407.9882583784638,0.0,MS-HIDE,56,case57,0.03
True,33,0.03,False,20,20,False,33,True,0.0002623921370307303,0.01496178016972709,0.4395694733801286,320.2472291974118,378.66196907998534,0.0,MS-HIDE,57,case57,0.03
True,42,-0.03,True,3,3,False,42,True,3.8671808797186145e-10,0.002095484531288184,0.5610129693547924,320.04920624312945,388.1693368341075,0.0,MS-HIDE,58,case57,0.03
True,21,0.03,False,20,20,False,0,False,0.44586634133501746,0.3297259880493252,0.5520364524908327,291.8015520059271,361.3773996446981,0.0,MS-HIDE,59,case57,0.03
True,36,-0.03,True,1,1,False,36,True,3.8852146396143807e-10,0.0007148334763384593,0.3760542795642429,319.77063554513734,373.9487381011714,0.0,MS-HIDE,60,case57,0.03
True,46,0.03,False,20,20,False,0,False,0.44520951778229845,0.3260412443359812,0.5527352204711432,316.97004995075986,387.309460141114,0.0,MS-HIDE,61,case57,0.03
True,56,0.03,True,7,7,False,38,False,0.1714416009440448,0.005094704847132899,0.5452944066094397,314.86179369094316,369.5465333730681,0.0,MS-HIDE,62,case57,0.03
True,8,-0.03,True,2,2,False,8,True,3.8671819781197475e-10,0.0003177869002325071,0.3360188810487895,317.981993657304,377.92690560163464,0.0,MS-HIDE,63,case57,0.03
True,2,0.03,True,2,2,False,2,True,3.8671819781198654e-10,0.0015585531342639117,0.5006740174634274,305.1307688525412,365.2991806564387,0.0,MS-HIDE,64,case57,0.03
True,43,0.03,True,1,1,False,43,True,0.1714416009577136,0.001564642171903095,0.5354987087373002,319.594141698326,367.138518099091,0.0,MS-HIDE,65,case57,0.03
True,11,0.03,True,1,1,False,11,True,3.8671819781197475e-10,0.0003683915006784564,0.33743029460712765,306.8468915531412,369.0965562534984,0.0,MS-HIDE,66,case57,0.03
True,7,0.03,False,20,20,False,7,True,3.867181978119826e-10,0.013755924207831114,0.5014352493002568,296.4244853967102,364.78985208668746,0.0,MS-HIDE,67,case57,0.03
True,7,-0.03,False,20,20,False,7,True,4.786087141564855e-10,0.013712757840782654,0.5308398748343921,301.9250001409091,461.640797596192,0.0,MS-HIDE,68,case57,0.03
True,51,-0.03,True,4,4,False,51,True,4.964241422570291e-10,0.004226153280980868,0.4649141965295244,295.1126667438075,351.85624199511955,0.0,MS-HIDE,69,case57,0.03
True,12,-0.03,True,1,1,False,12,True,3.8671819781197475e-10,0.0002901152597598226,0.27540479289454173,309.67510005284566,440.28201191104023,0.0,MS-HIDE,70,case57,0.03
True,17,-0.03,True,3,3,False,17,True,0.004271887820956673,0.007916723010560723,0.5083170277733785,316.45356670196634,387.54245979362173,0.0,MS-HIDE,71,case57,0.03
True,35,0.03,True,1,1,False,35,True,3.8671808797186145e-10,0.0005075424376932849,0.4041101452076591,310.8483854070073,417.4797416606453,0.0,MS-HIDE,72,case57,0.03
True,37,0.03,True,1,1,False,37,True,0.1714416098129081,0.00156464054161817,0.5075239689692131,305.7672227936564,375.56301006115973,0.0,MS-HIDE,73,case57,0.03
True,11,0.03,True,1,1,False,11,True,3.8671819781197475e-10,0.0003683915015089427,0.3392781705445239,308.5129395505646,396.2843169807457,0.0,MS-HIDE,74,case57,0.03
True,43,-0.03,True,1,1,False,37,False,0.17144160095267388,0.0015619078468386736,0.5205041489740164,297.6932582561858,369.7919348225696,0.0,MS-HIDE,75,case57,0.03
True,39,0.03,True,5,5,False,39,True,3.867328092955127e-10,0.0039442056922274,0.505906809561734,314.9152979545761,373.004564573057,0.0,MS-HIDE,76,case57,0.03
True,41,-0.03,True,1,1,False,41,True,4.1178700164913645e-10,0.0006132213464291067,0.3771719059895773,295.7030501536792,344.0027298289352,0.0,MS-HIDE,77,case57,0.03
True,11,-0.03,True,1,1,False,11,True,3.8671819781197475e-10,0.0003683915014164428,0.33576762064856125,312.9666167515097,369.6033806918422,0.0,MS-HIDE,78,case57,0.03
True,24,0.03,True,1,1,False,24,True,0.17144169698583342,0.0020725055898192196,0.6712697840941713,299.3731416441733,395.5889069009572,0.0,MS-HIDE,79,case57,0.03
True,26,-0.03,True,1,1,False,26,True,0.1714416009440448,0.004181200539361688,0.47227121899675395,305.7526561518898,367.76986423647037,0.0,MS-HIDE,80,case57,0.03
True,37,0.03,True,1,1,False,43,False,0.1714416009518232,0.0015616724396075702,0.5275299047577453,311.5864729945315,372.0776110625593,0.0,MS-HIDE,81,case57,0.03
True,26,-0.03,True,1,1,False,25,False,0.1714416009440448,0.004293886835806769,0.4737927804129551,316.99604374880437,398.81095656892285,0.0,MS-HIDE,82,case57,0.03
True,20,-0.03,True,2,2,False,20,True,0.1714416009440448,0.001907387534567559,0.522307152811026,324.48253131005913,394.73755353246827,0.0,MS-HIDE,83,case57,0.03
True,54,0.03,True,1,1,False,54,True,5.453968273171342e-10,0.0019102564555577638,0.6321090982281953,307.08384600293357,376.5764413808938,0.0,MS-HIDE,84,case57,0.03
True,31,0.03,True,3,3,False,31,True,0.023419713328780165,0.0019576899814926665,0.4138847185124783,315.00214574625716,365.5700270959642,0.0,MS-HIDE,85,case57,0.03
True,28,0.03,True,1,1,False,28,True,3.867181428919181e-10,0.0007399864773499811,0.48934223914394664,302.2632436361164,384.9697187222773,0.0,MS-HIDE,86,case57,0.03
True,26,-0.03,True,2,2,False,25,False,0.17144160094404481,0.004397072168816064,0.4928888917828827,313.95210219779983,390.68208986427635,0.0,MS-HIDE,87,case57,0.03
True,17,-0.03,True,2,2,False,17,True,0.02222034781311498,0.0025816930365243733,0.4981328987425282,300.4013019031845,362.5540619104868,0.0,MS-HIDE,88,case57,0.03
True,55,-0.03,True,1,1,False,55,True,1.387181512733244e-08,0.0008702350617482418,0.41051229448428955,315.8805250393925,390.7444336655317,0.0,MS-HIDE,89,case57,0.03
True,11,0.03,True,1,1,False,11,True,3.8671819781197475e-10,0.00036839150160813256,0.33447472646924326,323.8482312968699,393.1916527450085,0.0,MS-HIDE,90,case57,0.03
True,48,-0.03,True,3,3,False,48,True,3.8671808797186145e-10,0.0011396512789442381,0.5286172310812043,286.63438329822384,359.3099330260884,0.0,MS-HIDE,91,case57,0.03
True,50,-0.03,True,1,1,False,50,True,3.8671808797210113e-10,0.0014815974620797803,0.43581486270728387,312.06129174970556,366.4555119088618,0.0,MS-HIDE,92,case57,0.03
True,53,-0.03,True,1,1,False,52,False,0.1714416009440448,0.0015352568408499617,0.42311054551899036,310.0296979013365,406.993720860919,0.0,MS-HIDE,93,case57,0.03
True,43,0.03,True,2,2,False,37,False,0.17144160095005304,0.0015995038590910352,0.5265018338922594,300.1278145442484,380.5926618922968,0.0,MS-HIDE,94,case57,0.03
True,40,-0.03,True,4,4,False,40,True,4.072725698424726e-07,0.007665129600135583,0.43845139648938347,311.7189167038305,389.08973157813307,0.0,MS-HIDE,95,case57,0.03
True,10,-0.03,True,1,1,False,10,True,3.8671819781197475e-10,0.0007618491764742171,0.34778098724748313,308.336985448841,370.6097229238367,0.0,MS-HIDE,96,case57,0.03
True,14,0.03,True,2,2,False,14,True,3.8671819781197475e-10,0.0013112409844725486,0.572393118762594,307.37060824467335,389.3878996343119,0.0,MS-HIDE,97,case57,0.03
True,53,-0.03,True,1,1,False,53,True,0.1714416009440448,0.001529243082526984,0.4492179394231014,298.3005270449212,373.2233246846591,0.0,MS-HIDE,98,case57,0.03
True,49,-0.03,True,2,2,False,49,True,4.302387480453959e-10,0.0016130129421780984,0.44973137342898417,301.7830084078014,368.3212666568579,0.0,MS-HIDE,99,case57,0.03
True,56,0.03,True,6,6,False,38,False,0.17144160094404476,0.005094704795421052,0.5599861792284886,308.56821665656753,399.42086220835336,0.0,MS-HIDE,100,case57,0.03
True,17,-0.03,True,2,2,False,17,True,0.0018765341446995128,0.002549041333336218,0.5214113458148787,315.9064666426275,403.1005371623906,0.0,MS-HIDE,101,case57,0.03
True,12,0.03,True,1,1,False,12,True,3.8671819781197475e-10,0.0002901152601130332,0.26767867149353447,306.5646395931253,374.99295203015214,0.0,MS-HIDE,102,case57,0.03
True,48,-0.03,True,2,2,False,48,True,3.867180605122698e-10,0.0010304445006309062,0.5274185096331886,316.19824169320054,379.01693188468926,0.0,MS-HIDE,103,case57,0.03
True,31,0.03,True,4,4,False,31,True,0.010732496837111229,0.0019455823094636153,0.4204386105369139,313.7246541038621,407.8042312758044,0.0,MS-HIDE,104,case57,0.03
True,31,0.03,True,2,2,False,31,True,0.0001773495539649081,0.0019444687397781506,0.3967378620789903,300.1693937985692,377.6046639773995,0.0,MS-HIDE,105,case57,0.03
True,41,-0.03,True,1,1,False,41,True,3.944466512621881e-10,0.0006132306962273174,0.35932880516977933,308.7825125490781,372.31676903320476,0.0,MS-HIDE,106,case57,0.03
True,16,-0.03,False,20,20,False,16,True,0.17517709272863552,0.11424907903810462,0.5854655173467184,309.18417290668003,390.3463482391089,0.0,MS-HIDE,107,case57,0.03
True,20,0.03,True,4,4,False,19,False,0.1714416009440448,0.001949125982025797,0.4969180106336218,304.36666040332057,367.60342679626774,0.0,MS-HIDE,108,case57,0.03
True,50,0.03,True,3,3,False,50,True,3.8671808797210733e-10,0.0014815974619557593,0.4430153559591329,315.63724799780175,393.12281458696816,0.0,MS-HIDE,109,case57,0.03
True,17,0.03,True,4,4,False,17,True,0.0017402140784963242,0.0025561566315591734,0.49210376314604,314.20856040203944,372.30745004490024,0.0,MS-HIDE,110,case57,0.03
True,41,0.03,True,1,1,False,41,True,3.931335292502496e-10,0.0006132213464535323,0.3763080352689796,301.56376255035866,360.8207669429248,0.0,MS-HIDE,111,case57,0.03
True,15,0.03,False,20,20,False,0,False,0.4202128771275609,0.3352133149817055,0.5465039776168795,325.775866600452,441.66421109985095,0.0,MS-HIDE,112,case57,0.03
True,12,-0.03,True,1,1,False,12,True,3.8671819781197475e-10,0.0002901152601130332,0.26767867149353447,328.56751865765546,435.24764376634266,0.0,MS-HIDE,113,case57,0.03
True,33,-0.03,False,20,20,False,33,True,0.09951020389576484,0.0415044203357586,0.5160933179938596,304.87188959668856,360.1380940468517,0.0,MS-HIDE,114,case57,0.03
True,8,0.03,True,1,1,False,8,True,3.8671819781197475e-10,0.00031778690141623654,0.34297535213523345,303.7757686513942,383.9905270579038,0.0,MS-HIDE,115,case57,0.03
True,16,-0.03,False,20,20,False,0,False,0.49721683881877277,0.30817858686490435,0.46694366175634106,305.5410980450688,410.55964135448454,0.0,MS-HIDE,116,case57,0.03
True,46,-0.03,False,20,20,False,0,False,0.49551013752751066,0.30461138096040585,0.5305996800941457,302.5447146035731,394.001764600398,0.0,MS-HIDE,117,case57,0.03
True,8,-0.03,True,1,1,False,8,True,3.8671819781197475e-10,0.0003177869002905102,0.33973415881590785,310.0382896576775,379.3289399094647,0.0,MS-HIDE,118,case57,0.03
True,20,0.03,True,1,1,False,19,False,0.1714416009440448,0.0018992781146111983,0.5287861688768554,299.42797079856973,376.82812680723157,0.0,MS-HIDE,119,case57,0.03
True,52,-0.03,True,1,1,False,53,False,0.1714416009440448,0.0015867493281684609,0.4380952404529893,322.2882125468459,402.86816492443904,0.0,MS-HIDE,120,case57,0.03
True,9,-0.03,True,1,1,False,9,True,3.8671819781197475e-10,0.0047965004079666375,0.43279578499631144,310.1805437501753,375.02302259963477,0.0,MS-HIDE,121,case57,0.03
True,21,0.03,False,20,20,False,0,False,0.4304379030793701,0.3338116043459832,0.5584794935912294,296.36625650164206,400.43672923056874,0.0,MS-HIDE,122,case57,0.03
True,43,0.03,True,1,1,False,37,False,0.17144160095910502,0.0015616907069118929,0.5423283765431611,310.35380820103455,391.5404913568637,0.0,MS-HIDE,123,case57,0.03
True,18,-0.03,True,9,9,False,18,True,0.0017855475976041107,0.004048645699768033,0.5193584368073582,301.16083750035614,374.8415580630535,0.0,MS-HIDE,124,case57,0.03
True,38,-0.03,True,7,7,False,38,True,0.1714416009440448,0.005094707291648421,0.566721484170769,304.98742101190146,367.87480482016696,0.0,MS-HIDE,125,case57,0.03
True,47,-0.03,False,20,20,False,0,False,0.4387602744919448,0.33113050260622273,0.5175358070323528,305.9349312912673,370.39070059254306,0.0,MS-HIDE,126,case57,0.03
True,51,-0.03,True,4,4,False,51,True,4.1679425088204355e-10,0.004254248899287901,0.46659867603974464,307.0256041479297,366.89895626332145,0.0,MS-HIDE,127,case57,0.03
True,23,0.03,True,0,0,False,0,False,0.4432326227594055,0.33151942367809506,0.5415493809120452,302.01943524589296,367.8606735513313,0.0,MS-HIDE,128,case57,0.03
True,40,0.03,True,6,6,False,40,True,2.0251353794694705e-07,0.007664244164088031,0.45295037957341955,307.2550812474219,364.262529174448,0.0,MS-HIDE,129,case57,0.03
True,20,-0.03,True,1,1,False,19,False,0.1714416009440448,0.0019451773834221725,0.5393007349066962,306.7923687049188,366.8595291150268,0.0,MS-HIDE,130,case57,0.03
True,51,-0.03,True,7,7,False,51,True,1.278694622511072e-06,0.004226153224635384,0.465080092961906,318.65266044042073,384.06741636281373,0.0,MS-HIDE,131,case57,0.03
True,26,0.03,True,3,3,False,26,True,0.1714416009601997,0.004170375225956387,0.5002421904807126,309.43120425508823,407.6112187438412,0.0,MS-HIDE,132,case57,0.03
True,43,-0.03,True,1,1,False,37,False,0.17144160095586836,0.0015995249227356585,0.5216172866637939,297.52245630079415,359.1016440477688,0.0,MS-HIDE,133,case57,0.03
True,54,-0.03,True,2,2,False,54,True,0.021885782511356297,0.0019406784301587983,0.6589490694602853,298.65419165289495,366.427472626674,0.0,MS-HIDE,134,case57,0.03
True,32,0.03,False,20,20,False,0,False,0.4564893229369787,0.32588837443564067,0.5267474750175475,318.54819159489125,392.20351669064263,0.0,MS-HIDE,135,case57,0.03
True,47,0.03,False,20,20,False,0,False,0.4484144971829431,0.32620356086438895,0.5364424251729613,310.86750839895103,372.41192085202783,0.0,MS-HIDE,136,case57,0.03
True,51,0.03,True,2,2,False,51,True,4.7956079080894636e-09,0.004226153275351354,0.4512392468920451,304.3297520111082,361.4949559705565,0.0,MS-HIDE,137,case57,0.03
True,53,0.03,True,1,1,False,52,False,0.17144160094404476,0.0015311939110089498,0.46232074373408305,291.82767499878537,376.4952690282371,0.0,MS-HIDE,138,case57,0.03
True,54,0.03,True,3,3,False,54,True,5.491989884356659e-10,0.0019102505320787208,0.6255416158486866,303.3905062475242,410.8230648649624,0.0,MS-HIDE,139,case57,0.03
True,20,0.03,True,2,2,False,19,False,0.1714416009440448,0.0018972567099258938,0.5343089347081874,308.4301854396472,360.45066216320265,0.0,MS-HIDE,140,case57,0.03
True,52,0.03,True,1,1,False,53,False,0.1714416009440448,0.001529050266719156,0.43965771466878095,333.6553583969362,450.4747937287903,0.0,MS-HIDE,141,case57,0.03
True,10,0.03,True,1,1,False,10,True,3.8671819781197475e-10,0.0007618713768847709,0.375844795216349,309.7752875590231,385.66803151625214,0.0,MS-HIDE,142,case57,0.03
True,12,-0.03,True,1,1,False,12,True,3.8671819781197475e-10,0.00029011526073611187,0.2653729852052923,314.4002270477358,368.49525975994766,0.0,MS-HIDE,143,case57,0.03
True,10,0.03,True,1,1,False,10,True,3.8671819781197475e-10,0.0008008707907721578,0.36895696164986796,313.3032208017539,364.85485388257075,0.0,MS-HIDE,144,case57,0.03
True,11,-0.03,True,1,1,False,11,True,3.8671819781197475e-10,0.0003683915010502192,0.3474602802169151,300.5047459504567,370.2545857173391,0.0,MS-HIDE,145,case57,0.03
True,25,-0.03,True,1,1,False,26,False,0.17144160094436037,0.004170940772676853,0.46029700871403323,323.74549580563325,429.67050353181554,0.0,MS-HIDE,146,case57,0.03
True,36,0.03,True,1,1,False,36,True,3.897354261772372e-10,0.000714833476248345,0.38202360117453416,304.6600333036622,391.08698332856886,0.0,MS-HIDE,147,case57,0.03
True,44,-0.03,True,3,3,False,44,True,6.363050766910086e-08,0.003793647406233433,0.5116314080532718,299.44062074646354,365.76199164555874,0.0,MS-HIDE,148,case57,0.03
True,24,0.03,True,1,1,False,24,True,0.17144160100518163,0.0020725055588446404,0.6530665243256597,292.49932090751827,374.7519000200555,0.0,MS-HIDE,149,case57,0.03
True,3,0.03,True,3,3,False,3,True,3.8671819781197475e-10,0.0010234120716074446,0.463662095893299,308.17840204399545,371.89171909703884,0.0,MS-HIDE,150,case57,0.03
True,42,0.03,True,2,2,False,42,True,3.8671808797186145e-10,0.002095484531265195,0.5666705191444084,314.3875062960433,392.2705776902149,0.0,MS-HIDE,151,case57,0.03
True,23,0.03,False,20,20,False,0,False,0.4710611057475615,0.32095741710119813,0.5113677755323616,302.06457914900966,356.8819809734123,0.0,MS-HIDE,152,case57,0.03
True,45,0.03,True,1,1,False,45,True,3.8671808797186145e-10,0.0023695571740392943,0.5137420946696081,302.7025685936678,352.33337469107937,0.0,MS-HIDE,153,case57,0.03
True,24,-0.03,True,1,1,False,29,False,0.171441602741424,0.002075141202116386,0.6520766421593228,313.8431999919703,384.9449836270651,0.0,MS-HIDE,154,case57,0.03
True,22,-0.03,False,20,20,False,0,False,0.46537225419491707,0.3172214090739903,0.5647239430375159,306.1835688451538,370.4344773897901,0.0,MS-HIDE,155,case57,0.03
True,23,0.03,False,20,20,False,0,False,0.4311170325987324,0.3322044921508755,0.5428740670751778,310.83564589789603,376.8971944315127,0.0,MS-HIDE,156,case57,0.03
True,54,0.03,True,1,1,False,54,True,5.795423439029322e-10,0.001910251218163387,0.6548851469953418,302.267537402804,364.9962735566078,0.0,MS-HIDE,157,case57,0.03
True,33,-0.03,False,20,20,False,33,True,0.00029513617930005396,0.01617726420605594,0.5218668524643947,321.5617979032686,383.43873720441485,0.0,MS-HIDE,158,case57,0.03
True,39,-0.03,True,5,5,False,39,True,3.8671811543194055e-10,0.003647474782779151,0.5198248372113504,298.53705198911484,391.8203410139541,0.0,MS-HIDE,159,case57,0.03
True,13,0.03,True,1,1,False,13,True,3.8671819781197475e-10,0.0003368264113194662,0.26113239847157566,316.736345901154,384.1817711800104,0.0,MS-HIDE,160,case57,0.03
True,38,0.03,True,4,4,False,56,False,0.17144160094404476,0.0050947047969262015,0.5650046052672695,304.8091396020027,390.27572293125564,0.0,MS-HIDE,161,case57,0.03
True,35,0.03,True,1,1,False,35,True,3.8671808797186145e-10,0.0005075424387561673,0.39256104573051087,318.90348750457633,389.2279603867792,0.0,MS-HIDE,162,case57,0.03
True,26,-0.03,True,2,2,False,25,False,0.17144160094404481,0.004199135585923936,0.47449466802305096,323.92110209621023,411.9188937533181,0.0,MS-HIDE,163,case57,0.03
True,1,0.03,False,20,20,False,1,True,0.0004846353749972833,0.03278029138260446,0.5202569526328434,305.27859590074513,376.7765482421965,0.0,MS-HIDE,164,case57,0.03
True,49,-0.03,True,1,1,False,49,True,1.1464625917875023e-09,0.001613012942241633,0.44399933052862084,300.86766045424156,362.6223184459377,0.0,MS-HIDE,165,case57,0.03
True,40,0.03,True,5,5,False,40,True,8.270551215785206e-09,0.007717830053274987,0.4534421702985734,303.96444570214953,369.01236845587846,0.0,MS-HIDE,166,case57,0.03
True,40,0.03,True,19,19,False,40,True,2.6884974840990512e-05,0.007690102207332856,0.5207325934018062,319.0543771517696,385.9109857439764,0.0,MS-HIDE,167,case57,0.03
True,28,0.03,True,2,2,False,28,True,3.867181428919181e-10,0.0007399860967775751,0.4784528979612281,316.9432645459892,387.1421628136886,0.0,MS-HIDE,168,case57,0.03
True,38,0.03,True,11,11,False,56,False,0.1714416009440448,0.005094704992877446,0.5641061592901936,305.77509165450465,388.55049337726086,0.0,MS-HIDE,169,case57,0.03
True,27,0.03,True,1,1,False,27,True,4.054410167864415e-10,0.001016564139116779,0.5272194507951887,326.9833458936773,413.08085861674044,0.0,MS-HIDE,170,case57,0.03
True,30,-0.03,True,2,2,False,30,True,0.07257223374514325,0.0020801043547570572,0.44351574596327437,303.5644915566081,371.73269551130943,0.0,MS-HIDE,171,case57,0.03
True,31,-0.03,True,1,1,False,31,True,0.00576412854408121,0.0019615884585631746,0.4117461592204249,311.1872040462913,374.15041637432296,0.0,MS-HIDE,172,case57,0.03
True,27,0.03,True,2,2,False,27,True,3.8671811543191904e-10,0.00101827925880932,0.519344218447011,309.1489647544222,385.8302333508619,0.0,MS-HIDE,173,case57,0.03
True,51,0.03,True,3,3,False,51,True,4.11178638898275e-10,0.004226153272264441,0.45301325092298783,309.3452268949477,384.1125252976781,0.0,MS-HIDE,174,case57,0.03
True,28,0.03,True,1,1,False,28,True,3.867181428919181e-10,0.0007399860970003591,0.47549408990477116,320.3067268972518,382.6170958025614,0.0,MS-HIDE,175,case57,0.03
True,33,-0.03,False,20,20,False,33,True,0.00013084182637002032,0.01452131119338187,0.49762412077569185,294.86410635581706,368.8013663457241,0.0,MS-HIDE,176,case57,0.03
True,20,-0.03,True,1,1,False,19,False,0.1714416009440448,0.0019293180348615706,0.5347283120461929,312.744639502489,385.2879396174103,0.0,MS-HIDE,177,case57,0.03
True,5,0.03,True,2,2,False,5,True,3.86718197812022e-10,0.0009757306222208504,0.5670408401351587,309.7980917926179,411.6494166955818,0.0,MS-HIDE,178,case57,0.03
True,38,0.03,True,3,3,False,56,False,0.1714416009440448,0.005094704808973129,0.5672196896005899,291.56271034444217,381.01818685536284,0.0,MS-HIDE,179,case57,0.03
True,52,-0.03,True,1,1,False,52,True,0.17144160094404476,0.0015868958441289712,0.4605851563337538,311.82778755319305,391.6150146164,0.0,MS-HIDE,180,case57,0.03
True,48,0.03,True,3,3,False,48,True,4.1914057264258503e-10,0.0010302554128575094,0.5209326339991889,303.8698812451912,374.77635174873285,0.0,MS-HIDE,181,case57,0.03
True,32,-0.03,False,20,20,False,0,False,0.433216416669577,0.3350287187727073,0.540946508481356,314.68622489774134,388.4894371498376,0.0,MS-HIDE,182,case57,0.03
True,48,0.03,True,3,3,False,48,True,5.614757335682835e-10,0.0010302554126124185,0.5222711697073851,314.70794590131845,426.12662050232757,0.0,MS-HIDE,183,case57,0.03
True,48,0.03,True,2,2,False,48,True,3.073324005657512e-09,0.0010302554148019724,0.5141490315158246,207.46065209677909,271.03702499007346,0.0,MS-HIDE,184,case57,0.03
True,5,0.03,True,1,1,False,5,True,3.8671817035197543e-10,0.0009757306224120704,0.5575413767438189,303.2706458528992,385.2223524241709,0.0,MS-HIDE,185,case57,0.03
True,41,0.03,True,1,1,False,41,True,9.151433777719557e-10,0.0006132213473629522,0.36533485892601636,289.64881644933484,373.62210207793396,0.0,MS-HIDE,186,case57,0.03
True,29,-0.03,True,3,3,False,29,True,0.17148566974005522,0.0020725353457828662,0.6694408554961397,336.6731479531154,426.80039970728103,0.0,MS-HIDE,187,case57,0.03
True,10,-0.03,True,1,1,False,10,True,3.8671819781197475e-10,0.0007618739164178032,0.36171650626559515,289.2009685485391,381.02964165154845,0.0,MS-HIDE,188,case57,0.03
True,13,0.03,True,1,1,False,13,True,3.867181978119748e-10,0.00033682641069362383,0.2709990034890693,161.52553134888876,224.19495978974737,0.0,MS-HIDE,189,case57,0.03
True,7,-0.03,False,20,20,False,7,True,5.224132148870063e-09,0.014222841623627597,0.4952096826236546,312.198316748254,385.341164219426,0.0,MS-HIDE,190,case57,0.03
True,34,-0.03,True,4,4,False,34,True,3.8671808797186145e-10,0.002123093452381757,0.479373585211735,199.17824784934055,276.6614041407593,0.0,MS-HIDE,191,case57,0.03
True,23,-0.03,False,20,20,False,0,False,0.44280433980561507,0.32613892518826654,0.545145707993274,313.2902416953584,391.04663268662995,0.0,MS-HIDE,192,case57,0.03
True,22,-0.03,False,20,20,False,0,False,0.45114128274613424,0.32897005640527827,0.5391461321941392,197.19868968531955,265.9421377669787,0.0,MS-HIDE,193,case57,0.03
True,53,-0.03,True,1,1,False,52,False,0.1714416009440448,0.0015887890959709367,0.4215869064608582,91.93690840038471,138.1342214997858,0.0,MS-HIDE,194,case57,0.03
True,40,0.03,True,1,1,False,40,True,1.1385600950370678e-07,0.007664191515856741,0.45726420119296773,283.42706885014195,373.6386077216594,0.0,MS-HIDE,195,case57,0.03
True,4,-0.03,False,20,20,False,0,False,0.42394042195476067,0.3334019073420724,0.5585842373202626,157.12661244906485,215.2753829926951,0.0,MS-HIDE,196,case57,0.03
True,23,0.03,False,20,20,False,0,False,0.42597598775780315,0.33648578588878547,0.5322417233587027,281.7341667134315,370.87944761442486,0.0,MS-HIDE,197,case57,0.03
True,17,0.03,True,3,3,False,17,True,0.00012869009821309818,0.0026029920719118312,0.48552752703791446,168.93102295289282,220.76004136761185,0.0,MS-HIDE,198,case57,0.03
True,28,0.03,True,1,1,False,28,True,3.867181428919181e-10,0.0007399860965253899,0.46845842559484696,77.68550830078311,86.9765618495876,0.0,MS-HIDE,199,case57,0.03
True,26,-0.03,True,3,3,False,26,True,0.17144160117932825,0.008611653633779321,0.6946651679887632,2.4433104903437197,3.0817910417681613,0.0,RHMTD,0,case57,0.03
True,49,-0.03,True,1,1,False,49,True,1.7464885036499024e-09,0.0032813770416258345,0.7031763863922,3.9913353946758434,7.671678849146706,0.0,RHMTD,1,case57,0.03
True,53,-0.03,True,3,3,False,53,True,0.1714416009463942,0.0038227468800114154,0.7061114305861951,3.9782520994776864,9.72777052666061,0.0,RHMTD,2,case57,0.03
True,37,0.03,True,1,1,False,37,True,0.17144160094404476,0.0025123811158494387,0.6963739639653085,4.52114999643527,9.407454109168613,0.0,RHMTD,3,case57,0.03
True,46,0.03,True,17,17,False,0,False,0.4373317493064911,0.3296082163080503,0.6946312741064754,3.3740478451363742,4.326495205168616,0.0,RHMTD,4,case57,0.03
True,17,0.03,False,20,20,False,17,True,0.1678263100144111,0.046881630422580506,0.6998393279171573,2.145212548202835,2.6936485664919023,0.0,RHMTD,5,case57,0.03
True,24,0.03,True,2,2,False,29,False,0.17144160096623465,0.013931570892930057,0.6929940233908594,4.402831202605739,10.339520804700443,0.0,RHMTD,6,case57,0.03
True,3,0.03,True,3,3,False,3,True,3.8671819781197724e-10,0.005504218492867223,0.6977877947654327,4.085150151513517,7.404493787907997,0.0,RHMTD,7,case57,0.03
True,8,-0.03,True,1,1,False,8,True,3.8671819781197475e-10,0.00033345882170102213,0.7050455676820152,4.658604194992222,9.525866381591186,0.0,RHMTD,8,case57,0.03
True,22,0.03,False,20,20,False,0,False,0.5525372648204727,0.26402628290705343,0.6976274094521628,4.563756252173334,10.567506577353926,0.0,RHMTD,9,case57,0.03
True,29,-0.03,True,5,5,False,29,True,0.17144160094671895,0.010237521671745683,0.6955706455796734,2.090801944723353,2.601649670396,0.0,RHMTD,10,case57,0.03
True,28,-0.03,True,1,1,False,28,True,3.8671814289202254e-10,0.00415274446920808,0.6906948533828214,5.650808403152041,13.869117267313426,0.0,RHMTD,11,case57,0.03
True,8,0.03,True,1,1,False,8,True,3.8671819781197475e-10,0.00048432174357702424,0.6983076530817569,4.611095797736198,7.649245540960707,0.0,RHMTD,12,case57,0.03
True,28,-0.03,True,1,1,False,28,True,3.867181428919181e-10,0.0011951786331795642,0.6980451085632124,5.4546854487853125,13.173297286266466,0.0,RHMTD,13,case57,0.03
True,22,0.03,False,20,20,False,0,False,0.46970756566507194,0.3042900614258107,0.6999195205737923,5.455587457981892,10.380891599925237,0.0,RHMTD,14,case57,0.03
True,26,0.03,True,9,9,False,25,False,0.1714416009440448,0.005583931531383605,0.7029138418736557,2.070983196608722,2.736641361843795,0.0,RHMTD,15,case57,0.03
True,40,-0.03,False,20,20,False,40,True,7.857117278088554e-10,0.01290396952305887,0.6989696876590645,4.045366711216047,4.807277064537646,0.0,RHMTD,16,case57,0.03
True,1,-0.03,False,20,20,False,1,True,0.0036740613214177663,0.03783929430306638,0.6959342983056191,3.8895916513865814,9.753378832829187,0.0,RHMTD,17,case57,0.03
True,37,-0.03,True,1,1,False,43,False,0.1714416009440448,0.0030482838595780586,0.6993944315367031,4.002610451425426,9.139110360410998,0.0,RHMTD,18,case57,0.03
True,42,-0.03,True,4,4,False,42,True,3.867180879718625e-10,0.004456267902095131,0.7018636637994773,4.987510459613986,10.791383287869397,0.0,RHMTD,19,case57,0.03
True,32,0.03,False,20,20,False,0,False,0.41198817501256263,0.33533308621437397,0.7002570270282067,2.105179100180976,2.5524410099023953,0.0,RHMTD,20,case57,0.03
True,20,0.03,True,1,1,False,19,False,0.1714416009440448,0.002646422470825393,0.7010446605838406,4.242487598094158,8.189129165839404,0.0,RHMTD,21,case57,0.03
True,46,0.03,False,20,20,False,0,False,0.4209556363788635,0.333112114686883,0.7050455676820151,3.913351846858859,7.408905893680646,0.0,RHMTD,22,case57,0.03
True,42,0.03,True,3,3,False,42,True,3.8671806051191595e-10,0.005703135215905834,0.6967968937971228,5.723006353946403,12.346031225752093,0.0,RHMTD,23,case57,0.03
True,56,-0.03,True,3,3,False,56,True,0.1714416015901555,0.01568525692121804,0.7034389309107447,5.026106393779628,9.279847965808594,0.0,RHMTD,24,case57,0.03
True,53,0.03,True,1,1,False,53,True,0.1714416009440448,0.0034826215033759316,0.6932174433063512,3.965154246543534,10.810595782822931,0.0,RHMTD,25,case57,0.03
True,48,0.03,True,16,16,False,48,True,3.867180879718838e-10,0.0050234038901803115,0.6994537086425714,5.510520897223614,10.933122885762717,0.0,RHMTD,26,case57,0.03
True,24,-0.03,True,4,4,False,24,True,0.17144160118163398,0.006552376489140864,0.6989286196054825,5.021822743583471,14.303032995667309,0.0,RHMTD,27,case57,0.03
True,20,0.03,True,1,1,False,20,True,0.1714416009440448,0.002218309889431022,0.7001977499223384,4.61138955433853,11.203961059800362,0.0,RHMTD,28,case57,0.03
True,34,-0.03,True,2,2,False,34,True,4.1267948048154746e-10,0.012075042128759483,0.6985911131510678,3.643750003539026,5.460747593315322,0.0,RHMTD,29,case57,0.03
True,11,-0.03,True,1,1,False,11,True,3.8671819781197475e-10,0.0007519078100424372,0.7015854344509314,3.389537546900101,4.715881534502844,0.0,RHMTD,30,case57,0.03
True,38,0.03,False,20,20,False,38,True,0.17144160095873534,0.01630188178681545,0.697600212182758,4.699014697689563,13.789197555161092,0.0,RHMTD,31,case57,0.03
True,32,0.03,False,20,20,False,0,False,0.44621436316933716,0.3260597181469545,0.6909906030593058,5.020700002205558,11.02238747989759,0.0,RHMTD,32,case57,0.03
True,15,-0.03,False,20,20,False,0,False,0.40910679656759935,0.33588516704796756,0.701060345413842,3.794374904828146,7.627991389017554,0.0,RHMTD,33,case57,0.03
True,36,0.03,True,1,1,False,36,True,3.8671808797186145e-10,0.0014191996864771964,0.7026512973551109,5.437958394759335,14.598408981692055,0.0,RHMTD,34,case57,0.03
True,26,0.03,True,8,8,False,25,False,0.1714416009440448,0.004497943165650442,0.6970594383156674,6.390879093669355,20.000483348849233,0.0,RHMTD,35,case57,0.03
True,28,0.03,True,1,1,False,28,True,3.8671814289191847e-10,0.0032984013201675486,0.7058488860676505,3.11682500760071,4.147876732167789,0.0,RHMTD,36,case57,0.03
True,3,0.03,True,1,1,False,3,True,3.898917681574505e-10,0.0037988961710998916,0.6956508382363082,7.9068624501815075,39.305068130488515,0.0,RHMTD,37,case57,0.03
True,6,0.03,True,3,3,False,6,True,3.8671819781197646e-10,0.005854215555235341,0.6988536576696125,4.727514597470872,11.802441338659266,0.0,RHMTD,38,case57,0.03
True,51,-0.03,False,20,20,False,51,True,9.48279455971671e-07,0.01206536253153701,0.695650838236308,3.7291688029654324,6.240166354109534,0.0,RHMTD,39,case57,0.03
True,17,0.03,False,20,20,False,17,True,0.050563647779652145,0.028569336307897066,0.7026512973551109,4.178195900749415,9.570256268489176,0.0,RHMTD,40,case57,0.03
True,49,-0.03,True,3,3,False,49,True,3.86718087971892e-10,0.0032466926670628566,0.6962971879836142,3.84541034582071,7.460867011104716,0.0,RHMTD,41,case57,0.03
True,19,-0.03,True,1,1,False,20,False,0.1714416009440448,0.0021652289371762406,0.7013228899323865,4.472297948086634,9.48899347567931,0.0,RHMTD,42,case57,0.03
True,31,0.03,True,6,6,False,31,True,0.12524230077383583,0.004594031398147084,0.6991109714673922,5.238645803183317,11.989980930229649,0.0,RHMTD,43,case57,0.03
True,55,0.03,True,1,1,False,55,True,3.8671808797186145e-10,0.000909979385986072,0.7012479279965167,6.945181344053708,12.09049793251327,0.0,RHMTD,44,case57,0.03
True,2,0.03,True,1,1,False,2,True,3.8671819781197475e-10,0.004189507288593304,0.7005195715467514,3.3168625028338283,5.056558930664323,0.0,RHMTD,45,case57,0.03
True,34,-0.03,True,1,1,False,34,True,3.867180879718627e-10,0.003461424297709731,0.7009853834779722,5.898579201311804,9.042904138914338,0.0,RHMTD,46,case57,0.03
True,14,-0.03,True,4,4,False,14,True,3.8671819781197475e-10,0.001323266488640775,0.6966626547553845,6.342777152894996,10.072651488008008,0.0,RHMTD,47,case57,0.03
True,1,0.03,False,20,20,False,1,True,0.10730705661263507,0.056543076828159275,0.7028388799377856,4.33314174588304,7.974884015857244,0.0,RHMTD,48,case57,0.03
True,34,-0.03,True,1,1,False,34,True,3.86718087972012e-10,0.004792429906124248,0.7002570270282068,9.62372085195966,42.004535740125014,0.0,RHMTD,49,case57,0.03
True,40,-0.03,False,20,20,False,40,True,5.196986619727955e-08,0.009140534685264576,0.6980451085632122,7.2983604011824355,26.297845755470917,0.0,RHMTD,50,case57,0.03
True,27,-0.03,True,1,1,False,27,True,3.8671814289191816e-10,0.0020455978953501388,0.6993735159859367,3.5816124553093687,5.9066625137347755,0.0,RHMTD,51,case57,0.03
True,44,-0.03,True,9,9,False,44,True,5.744920280148535e-10,0.019624376054868668,0.7029138418736556,5.069010297302157,10.155430898885246,0.0,RHMTD,52,case57,0.03
True,1,0.03,False,20,20,False,1,True,0.40709530436248137,0.19803113689871701,0.7029138418736556,4.031229094834998,8.035108653712086,0.0,RHMTD,53,case57,0.03
True,20,-0.03,True,1,1,False,19,False,0.17144160096220948,0.0030112691648023168,0.702651297355111,10.084704149630852,16.563312194193784,0.0,RHMTD,54,case57,0.03
True,41,-0.03,True,1,1,False,41,True,3.867180879718616e-10,0.0006444644135611347,0.7007978008952975,4.524472850607708,13.87224856298417,0.0,RHMTD,55,case57,0.03
True,25,0.03,True,4,4,False,26,False,0.1714416009440448,0.013396965688027623,0.7047830231634706,4.743433446856216,10.776823517517187,0.0,RHMTD,56,case57,0.03
True,33,0.03,False,20,20,False,0,False,0.5474476893731216,0.11622818258611875,0.7029138418736556,3.720700106350705,6.432561090332457,0.0,RHMTD,57,case57,0.03
True,42,-0.03,True,5,5,False,42,True,3.867180879718731e-10,0.008736519095856725,0.6994537086425716,3.549099958036095,7.010293481289409,0.0,RHMTD,58,case57,0.03
True,21,0.03,False,20,20,False,0,False,0.44328093198705504,0.32435050790901526,0.7085057009130991,4.25261665659491,11.112296153442005,0.0,RHMTD,59,case57,0.03
True,36,-0.03,True,1,1,False,36,True,3.867180879718831e-10,0.0025003402677433164,0.7045047938149245,3.39302905194927,5.88030026701745,0.0,RHMTD,60,case57,0.03
True,46,0.03,False,20,20,False,0,False,0.4529430793416887,0.3202958730341363,0.6990360095315222,4.586083395406604,9.91055805643555,0.0,RHMTD,61,case57,0.03
True,56,0.03,False,20,20,False,38,False,0.17144160096393188,0.017140845875643473,0.6942683844284803,6.613689495134167,13.341931276954723,0.0,RHMTD,62,case57,0.03
True,8,-0.03,True,1,1,False,8,True,3.8671819781197475e-10,0.00048768484218572296,0.7007821160652958,4.296368709765375,7.877362478757277,0.0,RHMTD,63,case57,0.03
True,2,0.03,True,2,2,False,2,True,3.8671819781197475e-10,0.002697599377667113,0.6916909991917157,4.8549832921708,10.525512511958368,0.0,RHMTD,64,case57,0.03
True,43,0.03,True,1,1,False,37,False,0.1714416009440448,0.003075060993453365,0.6961759272733972,4.527941645937972,9.603509012958966,0.0,RHMTD,65,case57,0.03
True,11,0.03,True,1,1,False,11,True,3.8671819781197475e-10,0.0007549391434555541,0.6943224308135836,4.008687401073985,9.503980953013524,0.0,RHMTD,66,case57,0.03
True,7,0.03,False,20,20,False,7,True,0.000756705300173084,0.017621245961410615,0.7029138418736556,3.0803999019553885,3.9342316013062373,0.0,RHMTD,67,case57,0.03
True,7,-0.03,False,20,20,False,7,True,2.8523016584491984e-08,0.017211747601723237,0.7020303308313853,6.246727055986412,12.808845471590777,0.0,RHMTD,68,case57,0.03
True,51,-0.03,False,20,20,False,51,True,4.3786526007920615e-10,0.012579756742053855,0.6956508382363082,5.408997792983428,13.580810389248658,0.0,RHMTD,69,case57,0.03
True,12,-0.03,True,1,1,False,12,True,3.8671819781197475e-10,0.00017715035484214208,0.6966417392046179,4.102948002400808,11.5142306429334,0.0,RHMTD,70,case57,0.03
True,17,-0.03,False,20,20,False,18,False,0.10992428736626732,0.012001631502160206,0.6989286196054825,5.508693750016391,12.905462531489333,0.0,RHMTD,71,case57,0.03
True,35,0.03,True,1,1,False,35,True,3.867181154321655e-10,0.002780717739778626,0.696716701140488,4.321758449077606,9.290401433827356,0.0,RHMTD,72,case57,0.03
True,37,0.03,True,1,1,False,37,True,0.1714416009440448,0.0030476406334949465,0.7002570270282069,4.7742353432113305,10.795420885551723,0.0,RHMTD,73,case57,0.03
True,11,0.03,True,1,1,False,11,True,3.8671819781197475e-10,0.0006343916925124052,0.6961759272733974,5.760977088357322,11.634722564485855,0.0,RHMTD,74,case57,0.03
True,43,-0.03,True,1,1,False,37,False,0.1714416009440448,0.002484189101779918,0.6976002121827581,9.86009989574086,55.00751636282075,0.0,RHMTD,75,case57,0.03
True,39,0.03,False,20,20,False,39,True,3.8671808797186714e-10,0.008465075337879253,0.6964052666340019,5.055079207522795,12.377902038861066,0.0,RHMTD,76,case57,0.03
True,41,-0.03,True,1,1,False,41,True,3.867180879718803e-10,0.0007015276598169328,0.6945517701741885,3.9440271037165076,8.993253461085265,0.0,RHMTD,77,case57,0.03
True,11,-0.03,True,1,1,False,11,True,3.8671819781197475e-10,0.0007444192512089295,0.6901488487949661,3.4698852949077263,4.746000620070849,0.0,RHMTD,78,case57,0.03
True,24,0.03,True,3,3,False,24,True,0.17144160094404481,0.0027632957737087327,0.7010603454138419,5.265250103548169,13.017416661023182,0.0,RHMTD,79,case57,0.03
True,26,-0.03,True,6,6,False,26,True,0.17144160094404481,0.004647520314067023,0.7002570270282069,3.335216795676388,4.764558054739612,0.0,RHMTD,80,case57,0.03
True,37,0.03,True,1,1,False,37,True,0.1714416009440448,0.003050991714271013,0.7023887528365664,6.1377064062980935,19.885972948395647,0.0,RHMTD,81,case57,0.03
True,26,-0.03,True,1,1,False,26,True,0.1714416009440448,0.004932919366604011,0.6910446494444095,4.31114379898645,10.570371142239312,0.0,RHMTD,82,case57,0.03
True,20,-0.03,True,1,1,False,19,False,0.1714416009440448,0.0022119370141909086,0.7037171602592909,5.231289504445158,12.257239239988852,0.0,RHMTD,83,case57,0.03
True,54,0.03,True,1,1,False,54,True,3.8671808797186145e-10,0.002513881460439988,0.7021105234880205,4.632224890519865,10.12996452045627,0.0,RHMTD,84,case57,0.03
True,31,0.03,True,2,2,False,31,True,0.08208532414737495,0.005117821740985923,0.7037171602592907,6.604591655195691,12.016435465193382,0.0,RHMTD,85,case57,0.03
True,28,0.03,True,1,1,False,28,True,3.867181428919181e-10,0.0010892287081273853,0.696716701140488,8.29284779028967,13.389522876241298,0.0,RHMTD,86,case57,0.03
True,26,-0.03,True,2,2,False,25,False,0.17144160094404481,0.004792892667078909,0.6989286196054824,5.052145750960335,10.150462805177087,0.0,RHMTD,87,case57,0.03
True,17,-0.03,False,20,20,False,17,True,0.17133074066004852,0.032770580297662784,0.6932617986301688,3.661791537888348,7.116012132610198,0.0,RHMTD,88,case57,0.03
True,55,-0.03,True,1,1,False,55,True,3.86718087971862e-10,0.0009827130280797,0.7010446605838405,4.046874999767169,9.330239298287783,0.0,RHMTD,89,case57,0.03
True,11,0.03,True,1,1,False,11,True,3.8671819781197475e-10,0.00033090370700178504,0.7032174544457823,3.703028996824287,6.8188002856914,0.0,RHMTD,90,case57,0.03
True,48,-0.03,True,14,14,False,48,True,3.8671808797186145e-10,0.005190688936746467,0.6970751231456689,6.08288754010573,8.445067270076871,0.0,RHMTD,91,case57,0.03
True,50,-0.03,True,2,2,False,50,True,3.8671808797186306e-10,0.0032428842784969747,0.701060345413842,4.789339500712231,11.525020236149434,0.0,RHMTD,92,case57,0.03
True,53,-0.03,True,2,2,False,52,False,0.1714416009462419,0.003025802973397548,0.7018479789694758,3.8686811953084543,7.854726773803125,0.0,RHMTD,93,case57,0.03
True,43,0.03,True,1,1,False,37,False,0.1714416009440448,0.0030274762239694457,0.697600212182758,3.813064403948374,6.34715178748593,0.0,RHMTD,94,case57,0.03
True,40,-0.03,True,4,4,False,40,True,4.79670092503251e-10,0.008930250048379496,0.6975043346961217,3.913620952516794,7.915797980967912,0.0,RHMTD,95,case57,0.03
True,10,-0.03,True,1,1,False,10,True,3.8671819781197475e-10,0.0013617505397178896,0.702051246382152,4.803391749737784,12.53840561257676,0.0,RHMTD,96,case57,0.03
True,14,0.03,True,2,2,False,14,True,3.867180330541728e-10,0.004573866699459374,0.6994537086425714,3.5971104371128604,5.368922627530992,0.0,RHMTD,97,case57,0.03
True,53,-0.03,True,2,2,False,52,False,0.17144160094863953,0.006848354508484988,0.7007821160652961,4.365574900293723,11.785512475762518,0.0,RHMTD,98,case57,0.03
True,49,-0.03,True,3,3,False,49,True,3.867180879719777e-10,0.003578470073416872,0.6983285686325233,3.766097847255878,6.912383326562123,0.0,RHMTD,99,case57,0.03
True,56,0.03,False,20,20,False,38,False,0.17144160132277567,0.016081740578257373,0.7013228899323868,4.697420849697664,11.114195783738978,0.0,RHMTD,100,case57,0.03
True,17,-0.03,False,20,20,False,18,False,0.1646686420307866,0.012774801179916053,0.7047830231634707,4.970445949584246,10.41144340124447,0.0,RHMTD,101,case57,0.03
True,12,0.03,True,1,1,False,12,True,3.8671819781197475e-10,0.00017723885031653978,0.7015854344509311,4.601266706595197,11.635398236103358,0.0,RHMTD,102,case57,0.03
True,48,-0.03,True,7,7,False,48,True,3.8671808797186145e-10,0.006132808596079809,0.6982536066966536,4.708116705296561,10.684568778378889,0.0,RHMTD,103,case57,0.03
True,31,0.03,True,4,4,False,31,True,0.11043682311791646,0.004579581531998854,0.7021262083180217,4.016354205668904,8.200935777858831,0.0,RHMTD,104,case57,0.03
True,31,0.03,True,2,2,False,30,False,0.1271095886295537,0.004479385780313603,0.7001820650923368,6.320593651616946,13.40398300089876,0.0,RHMTD,105,case57,0.03
True,41,-0.03,True,1,1,False,41,True,3.8671808797189263e-10,0.0006805799868046133,0.7012479279965167,3.7086772528709844,6.441413171705792,0.0,RHMTD,106,case57,0.03
True,16,-0.03,False,20,20,False,0,False,0.4519608605714456,0.25158912582049403,0.6963791946860736,11.31356880068779,19.253822573227904,0.0,RHMTD,107,case57,0.03
True,20,0.03,True,1,1,False,20,True,0.1714416009440448,0.005847474151277292,0.6984289137919739,3.8922478386666626,9.07463690673467,0.0,RHMTD,108,case57,0.03
True,50,0.03,True,2,2,False,50,True,1.033587572720019e-09,0.006351213572637636,0.6965597325021589,3.3520270080771297,6.502262511639858,0.0,RHMTD,109,case57,0.03
True,17,0.03,True,7,7,False,18,False,0.16175063230753434,0.021006842715070154,0.6989286196054825,7.503266746061854,19.982802093727546,0.0,RHMTD,110,case57,0.03
True,41,0.03,True,1,1,False,41,True,3.867180879718813e-10,0.0020696297214996763,0.6960092602414891,6.615352249355055,13.858541660010818,0.0,RHMTD,111,case57,0.03
True,15,0.03,False,20,20,False,0,False,0.4397783720459437,0.31707674569795813,0.6985911131510678,4.606843754299916,10.725835378980268,0.0,RHMTD,112,case57,0.03
True,12,-0.03,True,1,1,False,12,True,3.8671819781197475e-10,0.00017729311171765216,0.6923939724179001,5.993266648147255,11.02970828069375,0.0,RHMTD,113,case57,0.03
True,33,-0.03,False,20,20,False,33,True,0.07642222412619491,0.07045193803746375,0.6959935754114877,4.927173056057654,11.226506254752177,0.0,RHMTD,114,case57,0.03
True,8,0.03,True,1,1,False,8,True,3.8671819781197475e-10,0.0004876848421639067,0.7004446096108814,3.7689999997382984,7.159650608082304,0.0,RHMTD,115,case57,0.03
True,16,-0.03,False,20,20,False,0,False,0.474410478467608,0.2995869428525697,0.6924420852380717,3.7124166934518144,7.258210380678067,0.0,RHMTD,116,case57,0.03
True,46,-0.03,False,20,20,False,0,False,0.5083321068442442,0.29805646964916394,0.6980451085632124,5.465120857115835,11.559347956790589,0.0,RHMTD,117,case57,0.03
True,8,-0.03,True,1,1,False,8,True,3.8671819781197475e-10,0.0006192385518653159,0.7063739751047395,6.573639647103846,14.484989576158114,0.0,RHMTD,118,case57,0.03
True,20,0.03,True,1,1,False,19,False,0.1714416009440448,0.009002855629634756,0.6999944825096623,5.03422299225349,12.911774698295632,0.0,RHMTD,119,case57,0.03
True,52,-0.03,True,1,1,False,53,False,0.1714416009440448,0.00397344783628225,0.6917388836874303,4.448739651707001,10.263593454146761,0.0,RHMTD,120,case57,0.03
True,9,-0.03,True,9,9,False,9,True,3.8671819781216035e-10,0.010090378655776307,0.7077023825274638,4.100377100985497,7.235659778234559,0.0,RHMTD,121,case57,0.03
True,21,0.03,False,20,20,False,0,False,0.42801228457383894,0.33158876405159216,0.6996360605044811,4.6067312941886485,9.997137496247893,0.0,RHMTD,122,case57,0.03
True,43,0.03,True,1,1,False,43,True,0.1714416009440448,0.003168250659373691,0.693256567909404,5.696581400115974,11.860614904435371,0.0,RHMTD,123,case57,0.03
True,18,-0.03,True,9,9,False,18,True,0.16509018976870934,0.05376067756142266,0.6967219318612528,6.996693747350946,14.587010417017183,0.0,RHMTD,124,case57,0.03
True,38,-0.03,True,18,18,False,38,True,0.17144160094404476,0.01415512513881097,0.7012479279965167,3.855398003361188,11.814194373437205,0.0,RHMTD,125,case57,0.03
True,47,-0.03,False,20,20,False,0,False,0.47210890903896496,0.3137051631783071,0.7071772934903748,3.832868952304125,8.345631611882709,0.0,RHMTD,126,case57,0.03
True,51,-0.03,False,20,20,False,51,True,0.000979940862686138,0.010666057130453111,0.6970001612097991,8.167379049700685,12.88619312399538,0.0,RHMTD,127,case57,0.03
True,23,0.03,True,0,0,False,0,False,0.5169889001095388,0.26770858340574427,0.6991911641240269,3.5783499479293823,6.867043726379052,0.0,RHMTD,128,case57,0.03
True,40,0.03,True,15,15,False,40,True,2.232757526299895e-09,0.01086258797714788,0.7005195715467513,3.1770105968462303,4.3770809192210445,0.0,RHMTD,129,case57,0.03
True,20,-0.03,True,2,2,False,20,True,0.17144160094837904,0.0026276173635865134,0.700535256376753,4.693818857776932,10.037323267897593,0.0,RHMTD,130,case57,0.03
True,51,-0.03,False,20,20,False,51,True,6.2564626459498594e-06,0.011461604307471503,0.70424224929638,4.479966853978112,8.648954509408213,0.0,RHMTD,131,case57,0.03
True,26,0.03,True,4,4,False,26,True,0.1714416009440448,0.004761137619039936,0.6945849753321284,7.007195908227004,15.155656618298991,0.0,RHMTD,132,case57,0.03
True,43,-0.03,True,1,1,False,37,False,0.1714416009440448,0.0030517587927796257,0.7039797047778353,5.006633303128183,12.23692358180415,0.0,RHMTD,133,case57,0.03
True,54,-0.03,True,1,1,False,54,True,3.995301370061895e-10,0.009380733687139509,0.6998393279171574,4.302383188041858,9.20511037693359,0.0,RHMTD,134,case57,0.03
True,32,0.03,False,20,20,False,0,False,0.4303905734793472,0.3298239393039393,0.7039797047778353,4.853752002236433,12.665085482876748,0.0,RHMTD,135,case57,0.03
True,47,0.03,False,20,20,False,0,False,0.4769204634841296,0.3091897975284984,0.6986660750869378,3.304431203287095,4.493855976033958,0.0,RHMTD,136,case57,0.03
True,51,0.03,True,2,2,False,51,True,0.0007614271121195922,0.010524950062532706,0.7031920712222017,3.96808740333654,9.033956521307118,0.0,RHMTD,137,case57,0.03
True,53,0.03,True,3,3,False,52,False,0.1714416009442489,0.003619013551118789,0.70424224929638,4.4144334038719535,9.728855942375958,0.0,RHMTD,138,case57,0.03
True,54,0.03,True,2,2,False,54,True,3.9708318197333074e-10,0.013070265946738383,0.7002570270282069,6.028100108960643,15.08899581385778,0.0,RHMTD,139,case57,0.03
True,20,0.03,True,1,1,False,20,True,0.1714416009440448,0.002305556316460217,0.7001820650923369,5.50959155370947,19.05831704789307,0.0,RHMTD,140,case57,0.03
True,52,0.03,True,1,1,False,52,True,0.17144160094818628,0.003089055252384975,0.6972574750075787,5.336768744746223,11.730177100980661,0.0,RHMTD,141,case57,0.03
True,10,0.03,True,1,1,False,10,True,3.8671819781197475e-10,0.0014014514041661343,0.70424224929638,4.930016692378558,10.047139634843917,0.0,RHMTD,142,case57,0.03
True,12,-0.03,True,1,1,False,12,True,3.8671819781197475e-10,0.0001772387363655586,0.7037171602592909,5.101199945784174,11.132816350436771,0.0,RHMTD,143,case57,0.03
True,10,0.03,True,1,1,False,10,True,3.8671819781197475e-10,0.0014053777909133996,0.6922526886095728,4.170570851420052,9.252377072698438,0.0,RHMTD,144,case57,0.03
True,11,-0.03,True,1,1,False,11,True,3.8671819781197475e-10,0.000744420890290774,0.6947062360423455,3.4053167997626588,4.320258641382685,0.0,RHMTD,145,case57,0.03
True,25,-0.03,True,2,2,False,25,True,0.1714416009440448,0.006494974411314469,0.7015854344509311,4.964250008924864,10.38896009558813,0.0,RHMTD,146,case57,0.03
True,36,0.03,True,1,1,False,36,True,3.8671808797186145e-10,0.001316013326092159,0.6993194696008332,4.825937454006635,10.188380928593688,0.0,RHMTD,147,case57,0.03
True,44,-0.03,True,14,14,False,44,True,4.91804218783678e-10,0.00620172486702429,0.6991911641240269,4.83206259959843,11.989987533888783,0.0,RHMTD,148,case57,0.03
True,24,0.03,True,4,4,False,29,False,0.17144160109847906,0.006615735734917367,0.7005195715467514,5.027060548309237,11.15320864773821,0.0,RHMTD,149,case57,0.03
True,3,0.03,True,5,5,False,3,True,3.8671817035205443e-10,0.00700520615095098,0.7007228389594276,5.3689207474235445,11.128325012396092,0.0,RHMTD,150,case57,0.03
True,42,0.03,True,11,11,False,42,True,3.8671808797186145e-10,0.004184229159580146,0.6962971879836142,5.337860301369801,11.824130601598883,0.0,RHMTD,151,case57,0.03
True,23,0.03,False,20,20,False,0,False,0.4413081089271079,0.3270712959731841,0.6959342983056193,4.77829999581445,12.643690174445512,0.0,RHMTD,152,case57,0.03
True,45,0.03,True,2,2,False,45,True,3.8671808797186145e-10,0.003047388248575836,0.7026512973551109,5.5958083452424034,11.238412500824795,0.0,RHMTD,153,case57,0.03
True,24,-0.03,True,1,1,False,29,False,0.1714416009444837,0.005281803154381624,0.6961968428241637,3.868795809103176,6.750362808816138,0.0,RHMTD,154,case57,0.03
True,22,-0.03,False,20,20,False,0,False,0.5029572931449408,0.30476554224884905,0.7033587382541098,6.200431191246025,24.838579201605178,0.0,RHMTD,155,case57,0.03
True,23,0.03,False,20,20,False,0,False,0.40860583230790104,0.3373475483576677,0.7005195715467514,4.1783666994888335,6.326131222886047,0.0,RHMTD,156,case57,0.03
True,54,0.03,True,1,1,False,54,True,3.867180879722544e-10,0.001971276766829064,0.6990360095315222,5.2477187011390924,12.790666622458959,0.0,RHMTD,157,case57,0.03
True,33,-0.03,False,20,20,False,0,False,0.4963281468915319,0.3061487840603876,0.7031763863922001,3.242624955601059,4.9896889919182295,0.0,RHMTD,158,case57,0.03
True,39,-0.03,False,20,20,False,39,True,3.867180879720512e-10,0.007655196428708702,0.7021262083180217,4.346989499754272,11.46234938350972,0.0,RHMTD,159,case57,0.03
True,13,0.03,True,1,1,False,13,True,3.8671819781197475e-10,0.0002917014177592351,0.6948091582955711,5.012462445301935,9.92730768048205,0.0,RHMTD,160,case57,0.03
True,38,0.03,False,20,20,False,38,True,0.1714416013300226,0.011704561490107658,0.6935601804815307,3.972318855812773,10.304570797597991,0.0,RHMTD,161,case57,0.03
True,35,0.03,True,1,1,False,35,True,3.8671808797186145e-10,0.0015603881747475743,0.6927568620958954,5.137575152912177,12.666331935906785,0.0,RHMTD,162,case57,0.03
True,26,-0.03,True,1,1,False,26,True,0.17144160094404481,0.0058123359948651036,0.6991911641240272,2.967947896104306,3.86127470410429,0.0,RHMTD,163,case57,0.03
True,1,0.03,False,20,20,False,1,True,0.01608758968788625,0.03889292928998384,0.7018479789694758,3.646610549185425,4.845608348841787,0.0,RHMTD,164,case57,0.03
True,49,-0.03,True,4,4,False,49,True,3.89702596630866e-10,0.00332754252431555,0.6890804831206139,4.242979205446318,9.602037179865874,0.0,RHMTD,165,case57,0.03
True,40,0.03,True,5,5,False,40,True,3.8671808797229603e-10,0.011490219517486125,0.7047830231634707,5.41690630489029,13.816347945248717,0.0,RHMTD,166,case57,0.03
True,40,0.03,True,4,4,False,40,True,3.86718060511972e-10,0.01074132048715926,0.7047080612276005,4.407700046431273,9.851485418039374,0.0,RHMTD,167,case57,0.03
True,28,0.03,True,1,1,False,28,True,3.867181428919181e-10,0.001164535064366578,0.6956971370106553,3.6228751036105677,7.921779810567388,0.0,RHMTD,168,case57,0.03
True,38,0.03,False,20,20,False,38,True,0.1714416023169307,0.02109285614005268,0.7034546157407462,4.647204160573892,10.974012510268961,0.0,RHMTD,169,case57,0.03
True,27,0.03,True,2,2,False,27,True,3.867181428919604e-10,0.0020661114749409813,0.695772098946525,5.323697999119759,11.575058981543412,0.0,RHMTD,170,case57,0.03
True,30,-0.03,True,8,8,False,31,False,0.16622478440665175,0.004914596741908751,0.7034389309107447,5.1714270550291985,12.384654156630859,0.0,RHMTD,171,case57,0.03
True,31,-0.03,True,1,1,False,31,True,0.09689393204862626,0.005176662069705865,0.6915104613756301,6.144566694274545,24.59835624322296,0.0,RHMTD,172,case57,0.03
True,27,0.03,True,1,1,False,27,True,4.126107426716878e-10,0.0060559918119160614,0.6929601295085716,5.617518644430675,12.713207997148862,0.0,RHMTD,173,case57,0.03
True,51,0.03,False,20,20,False,51,True,1.952611709332833e-06,0.01154250685307692,0.7039797047778353,3.61416864907369,6.168480889755302,0.0,RHMTD,174,case57,0.03
True,28,0.03,True,1,1,False,28,True,3.867181154318929e-10,0.0032678264463100954,0.6999944825096621,4.936583308153786,11.4748764783144,0.0,RHMTD,175,case57,0.03
True,33,-0.03,False,20,20,False,33,True,0.08563706852256416,0.046886027669535105,0.6958541056489842,4.486339702270925,9.127439293661157,0.0,RHMTD,176,case57,0.03
True,20,-0.03,True,2,2,False,20,True,0.1714416009440448,0.0022184429411734605,0.6991911641240269,5.043945793295279,12.203906205832027,0.0,RHMTD,177,case57,0.03
True,5,0.03,True,2,2,False,5,True,3.8671819781197475e-10,0.003955796013557179,0.6999944825096622,3.1007770041469485,4.1572482528863475,0.0,RHMTD,178,case57,0.03
True,38,0.03,False,20,20,False,38,True,0.17144160098746813,0.01635334131611115,0.701060345413842,5.073716756305657,13.583098555682236,0.0,RHMTD,179,case57,0.03
True,52,-0.03,True,1,1,False,52,True,0.17144160094404476,0.009468663185950653,0.7018479789694758,4.175116802798584,6.085148287820641,0.0,RHMTD,180,case57,0.03
True,48,0.03,True,6,6,False,48,True,3.8671808797186145e-10,0.005151048707498569,0.7085057009130993,3.8545414980035275,9.572051707073115,0.0,RHMTD,181,case57,0.03
True,32,-0.03,False,20,20,False,0,False,0.44801597600767784,0.32298885887808176,0.6975845273527566,3.8449207466328517,8.558343406184576,0.0,RHMTD,182,case57,0.03
True,48,0.03,True,7,7,False,48,True,3.8671808797186244e-10,0.004388211044871873,0.6939849243591694,3.4216708038002253,7.702654457534663,0.0,RHMTD,183,case57,0.03
True,48,0.03,True,1,1,False,48,True,3.8671808797186145e-10,0.00546031945617312,0.7004393788901166,4.469166646595113,9.648954463773409,0.0,RHMTD,184,case57,0.03
True,5,0.03,True,1,1,False,5,True,3.867181978119751e-10,0.003308264345832257,0.6961916121033989,7.108933394192718,10.051602061139455,0.0,RHMTD,185,case57,0.03
True,41,0.03,True,1,1,False,41,True,3.867180879719706e-10,0.0021585459549683635,0.6970001612097989,4.899426951305941,11.63881606771611,0.0,RHMTD,186,case57,0.03
True,29,-0.03,True,1,1,False,24,False,0.17144160095854727,0.007916438412146497,0.6944716518411564,2.99054779461585,3.544162827893161,0.0,RHMTD,187,case57,0.03
True,10,-0.03,True,1,1,False,10,True,3.8671819781197475e-10,0.0014011031133156968,0.6969896788327474,4.727201900095679,11.298000294482339,0.0,RHMTD,188,case57,0.03
True,13,0.03,True,1,1,False,13,True,3.8671819781197475e-10,0.0002916246654021036,0.6961166501675289,2.965264505473897,3.528205951442942,0.0,RHMTD,189,case57,0.03
True,7,-0.03,False,20,20,False,7,True,2.180293096799709e-05,0.024012048762447457,0.6929242921757544,3.210791709716432,4.420802369713785,0.0,RHMTD,190,case57,0.03
True,34,-0.03,True,4,4,False,34,True,3.867180879795817e-10,0.010136053932870632,0.7021262083180217,3.8193249056348577,5.864801752613861,0.0,RHMTD,191,case57,0.03
True,23,-0.03,False,20,20,False,0,False,0.48372405666635176,0.30703651794792086,0.6944847595773829,2.8705561970127746,3.2073187176138163,0.0,RHMTD,192,case57,0.03
True,22,-0.03,False,20,20,False,0,False,0.4938503412491666,0.30058464928601575,0.6950970860376962,4.038841658621095,7.547287200577558,0.0,RHMTD,193,case57,0.03
True,53,-0.03,True,1,1,False,52,False,0.1714416009443075,0.006371438621242698,0.6986660750869378,2.7699666505213827,3.20240861910861,0.0,RHMTD,194,case57,0.03
True,40,0.03,True,1,1,False,40,True,3.867180605121918e-10,0.009049883128374155,0.7015854344509311,4.08540224598255,10.49988332379144,0.0,RHMTD,195,case57,0.03
True,4,-0.03,False,20,20,False,0,False,0.428438805568396,0.3294021119384634,0.7042422492963798,3.032568853814155,4.333060386124999,0.0,RHMTD,196,case57,0.03
True,23,0.03,False,20,20,False,45,False,0.4211960781283584,0.20288874097769447,0.7013228899323867,2.69152499968186,2.993449376663193,0.0,RHMTD,197,case57,0.03
True,17,0.03,False,20,20,False,18,False,0.14580980538626867,0.04947999118355991,0.6985701976003014,3.2062103040516376,4.001664521638304,0.0,RHMTD,198,case57,0.03
True,28,0.03,True,1,1,False,28,True,3.867181428919181e-10,0.0011610700379876499,0.698912934775481,2.695945743471384,3.031835079309531,0.0,RHMTD,199,case57,0.03
True,26,-0.03,True,3,3,False,26,True,0.21607716472413274,0.005122283925254988,0.4948417944683423,26.80500640417449,33.53034375468269,0.0,Robust-MTD,0,case57,0.03
True,49,-0.03,True,3,3,False,50,False,0.21551940142892026,0.0072185069525495475,0.4948417944683423,28.778658201918006,40.639987806207515,0.0,Robust-MTD,1,case57,0.03
True,53,-0.03,True,1,1,False,51,False,0.22762573030444833,0.007307993694956415,0.4948417944683423,21.1905646516243,30.555433651898056,0.0,Robust-MTD,2,case57,0.03
True,37,0.03,True,1,1,False,44,False,0.17130145010077916,0.003350468995578018,0.4948417944683423,32.623416747082956,70.72666702151766,0.0,Robust-MTD,3,case57,0.03
True,46,0.03,True,17,17,False,0,False,0.5473360185150005,0.3535402829266682,0.4948417944683423,26.074302091728896,35.991088161245,0.0,Robust-MTD,4,case57,0.03
True,17,0.03,True,14,14,False,18,False,0.21600364938538058,0.007013222808215612,0.4948417944683423,26.947302152984776,41.598756273742765,0.0,Robust-MTD,5,case57,0.03
True,24,0.03,False,20,20,False,33,False,0.36914514415252914,0.020165736750962913,0.4948417944683423,33.840279214200564,87.50006277987268,0.0,Robust-MTD,6,case57,0.03
True,3,0.03,False,20,20,False,3,True,0.005120999111541351,0.008612964641395666,0.4948417944683423,20.668502105399966,28.835445499862544,0.0,Robust-MTD,7,case57,0.03
True,8,-0.03,True,2,2,False,8,True,3.8671819781197506e-10,0.004882064964206214,0.4948417944683423,27.818395959911868,51.50007501360962,0.0,Robust-MTD,8,case57,0.03
True,22,0.03,False,20,20,False,0,False,0.6060313263571948,0.3066542938263969,0.4948417944683423,27.925208435044624,47.40082116040867,0.0,Robust-MTD,9,case57,0.03
True,29,-0.03,True,4,4,False,33,False,0.36541460857866287,0.02236182401901771,0.4948417944683423,26.237139548175037,33.334596184431575,0.0,Robust-MTD,10,case57,0.03
True,28,-0.03,True,1,1,False,28,True,3.8671814289210355e-10,0.0033735226776998493,0.4948417944683423,40.73463955137413,91.98968990822327,0.0,Robust-MTD,11,case57,0.03
True,8,0.03,True,4,4,False,8,True,3.8671819781197475e-10,0.004882064964206214,0.4948417944683423,22.86611860326957,34.62952915288042,0.0,Robust-MTD,12,case57,0.03
True,28,-0.03,True,1,1,False,28,True,5.226704396965503e-10,0.003373522677722262,0.4948417944683423,30.2241542522097,58.84402262745427,0.0,Robust-MTD,13,case57,0.03
True,22,0.03,False,20,20,False,0,False,0.5743269876994815,0.33320754160381877,0.4948417944683423,28.134645803947933,46.6321874933783,0.0,Robust-MTD,14,case57,0.03
True,26,0.03,True,1,1,False,26,True,0.2131926673997916,0.0051383722008135615,0.4948417944683423,26.91681259602774,33.542370484792634,0.0,Robust-MTD,15,case57,0.03
True,40,-0.03,False,20,20,False,40,True,0.02903051110465027,0.051679680253728696,0.4948417944683423,37.703900143969804,62.65717050409876,0.0,Robust-MTD,16,case57,0.03
True,1,-0.03,False,20,20,False,0,False,0.5909719296367969,0.2811150319470613,0.4948417944683423,22.154308296740055,32.28972673532554,0.0,Robust-MTD,17,case57,0.03
True,37,-0.03,True,1,1,False,44,False,0.08114310837219627,0.0036866736556989506,0.4948417944683423,27.371658250922337,37.73601812426932,0.0,Robust-MTD,18,case57,0.03
True,42,-0.03,True,19,19,False,42,True,3.8671808797189077e-10,0.012298808387578544,0.4948417944683423,30.115337503957562,47.69769858394285,0.0,Robust-MTD,19,case57,0.03
True,32,0.03,False,20,20,False,0,False,0.5095869641974904,0.37093756206673845,0.4948417944683423,31.371468701399863,49.32480386341924,0.0,Robust-MTD,20,case57,0.03
True,20,0.03,True,1,1,False,18,False,0.3167842409674295,0.006005373094051195,0.4948417944683423,36.92734170181211,48.780800602980904,0.0,Robust-MTD,21,case57,0.03
True,46,0.03,False,20,20,False,0,False,0.5018413147010723,0.37903893171518166,0.4948417944683423,22.319199988851324,30.588010366773233,0.0,Robust-MTD,22,case57,0.03
True,42,0.03,False,20,20,False,42,True,3.867180879789638e-10,0.012298808387578544,0.4948417944683423,33.102777000749484,70.98794339108282,0.0,Robust-MTD,23,case57,0.03
True,56,-0.03,True,3,3,False,56,True,0.1714416338590743,0.015075329309098084,0.4948417944683423,30.50526444276329,40.56531875394288,0.0,Robust-MTD,24,case57,0.03
True,53,0.03,True,1,1,False,51,False,0.19462880536776075,0.008461954361741821,0.4948417944683423,33.42458535626065,56.62400388391693,0.0,Robust-MTD,25,case57,0.03
True,48,0.03,True,1,1,False,50,False,0.1806110083246231,0.007603970163898927,0.4948417944683423,34.453535394277424,76.64315799775069,0.0,Robust-MTD,26,case57,0.03
True,24,-0.03,True,14,14,False,24,True,0.3703107664082061,0.018811052109874986,0.4948417944683423,28.412014694185928,50.81301909522154,0.0,Robust-MTD,27,case57,0.03
True,20,0.03,True,1,1,False,18,False,0.2408363630382894,0.006835951165411267,0.4948417944683423,36.47233760566451,65.2806372003397,0.0,Robust-MTD,28,case57,0.03
True,34,-0.03,True,18,18,False,31,False,0.4011097095857261,0.0460649182302526,0.4948417944683423,35.01957909320481,54.191912809619694,0.0,Robust-MTD,29,case57,0.03
True,11,-0.03,True,1,1,False,11,True,3.8671819781197475e-10,0.004888621605915981,0.4948417944683423,39.376518948120065,61.895358323818115,0.0,Robust-MTD,30,case57,0.03
True,38,0.03,False,20,20,False,56,False,0.17144199519761205,0.015075328298253763,0.4948417944683423,36.98028139478993,58.904847974190496,0.0,Robust-MTD,31,case57,0.03
True,32,0.03,False,20,20,False,0,False,0.5199054051950687,0.3690280128771448,0.4948417944683423,47.55887081264518,101.83094348176384,0.0,Robust-MTD,32,case57,0.03
True,15,-0.03,False,20,20,False,0,False,0.5144442510384712,0.3613282817047504,0.4948417944683423,32.581618792028166,46.893900251598104,0.0,Robust-MTD,33,case57,0.03
True,36,0.03,True,1,1,False,36,True,9.989664271134748e-07,0.0009164437756640066,0.4948417944683423,31.069939603912644,48.35012085677591,0.0,Robust-MTD,34,case57,0.03
True,26,0.03,True,3,3,False,26,True,0.19967618005372248,0.005204129110762117,0.4948417944683423,40.831137451459654,61.60722883942075,0.0,Robust-MTD,35,case57,0.03
True,28,0.03,True,1,1,False,28,True,3.8671814289199855e-10,0.0033735226776998493,0.4948417944683423,34.179835446411744,51.55039962555748,0.0,Robust-MTD,36,case57,0.03
True,3,0.03,True,14,14,False,3,True,0.02454382877288734,0.008564509428693731,0.4948417944683423,32.944133356795646,44.80406249349472,0.0,Robust-MTD,37,case57,0.03
True,6,0.03,False,20,20,False,6,True,4.2479954551855984e-06,0.011385496127060368,0.4948417944683423,44.67101679183543,135.55063546518798,0.0,Robust-MTD,38,case57,0.03
True,51,-0.03,False,20,20,False,54,False,0.1598474371051206,0.015347009124803412,0.4948417944683423,34.0022145450348,91.93109793122858,0.0,Robust-MTD,39,case57,0.03
True,17,0.03,True,1,1,False,18,False,0.24121807312705348,0.006843361671642226,0.4948417944683423,36.370504190563224,65.17749995691702,0.0,Robust-MTD,40,case57,0.03
True,49,-0.03,True,7,7,False,50,False,0.16584619479595755,0.007776498618884484,0.4948417944683423,33.585129302809946,58.122866979101694,0.0,Robust-MTD,41,case57,0.03
True,19,-0.03,True,1,1,False,18,False,0.26630736798485327,0.006631421397798591,0.4948417944683423,35.6141040509101,70.35550590662753,0.0,Robust-MTD,42,case57,0.03
True,31,0.03,False,20,20,False,0,False,0.5924360849063631,0.22748729016035957,0.4948417944683423,31.990433399914767,48.95871069747956,0.0,Robust-MTD,43,case57,0.03
True,55,0.03,True,2,2,False,55,True,3.9184484274858817e-10,0.0038404153115126597,0.4948417944683423,36.37579780188389,56.74829648341984,0.0,Robust-MTD,44,case57,0.03
True,2,0.03,True,5,5,False,2,True,0.0018188471600520811,0.005816502811763251,0.4948417944683423,39.36033325444441,81.5439232013887,0.0,Robust-MTD,45,case57,0.03
True,34,-0.03,False,20,20,False,31,False,0.39464854551354994,0.04806941475430673,0.4948417944683423,35.916614590678364,64.52217324404046,0.0,Robust-MTD,46,case57,0.03
True,14,-0.03,True,1,1,False,14,True,3.867181703522636e-10,0.0034844732392646876,0.4948417944683423,35.75249370187521,63.42696463980249,0.0,Robust-MTD,47,case57,0.03
True,1,0.03,False,20,20,False,1,True,0.4386277834616058,0.2762566207464557,0.4948417944683423,43.81591665151063,124.7102630819427,0.0,Robust-MTD,48,case57,0.03
True,34,-0.03,False,20,20,False,31,False,0.4011193216476598,0.04621420158237271,0.4948417944683423,30.944206242565997,43.30436632153578,0.0,Robust-MTD,49,case57,0.03
True,40,-0.03,False,20,20,False,40,True,0.13146650299229917,0.07596753201986474,0.4948417944683423,34.85850424913224,45.986129535594976,0.0,Robust-MTD,50,case57,0.03
True,27,-0.03,True,1,1,False,26,False,0.20439725822605231,0.005182870210730963,0.4948417944683423,34.52362284588162,62.2446708555799,0.0,Robust-MTD,51,case57,0.03
True,44,-0.03,True,1,1,False,44,True,0.05503778109211622,0.0037566230418572947,0.4948417944683423,31.893004040466618,40.79535981873051,0.0,Robust-MTD,52,case57,0.03
True,1,0.03,False,20,20,False,0,False,0.49146574170079255,0.38414199712331026,0.4948417944683423,37.797622903599404,60.67078155174387,0.0,Robust-MTD,53,case57,0.03
True,20,-0.03,True,1,1,False,18,False,0.27317338574750694,0.006562310051470199,0.4948417944683423,36.81834375311155,72.20546456810554,0.0,Robust-MTD,54,case57,0.03
True,41,-0.03,False,20,20,False,41,True,4.829187763130825e-08,0.016569358389198256,0.4948417944683423,38.22117910312954,49.93261870695278,0.0,Robust-MTD,55,case57,0.03
True,25,0.03,True,10,10,False,25,True,0.2302034700456944,0.005030877805438561,0.4948417944683423,39.190564601449296,52.04011281020939,0.0,Robust-MTD,56,case57,0.03
True,33,0.03,False,20,20,False,34,False,0.4064753192428566,0.03892554759950927,0.4948417944683423,37.203918656450696,76.17868309025656,0.0,Robust-MTD,57,case57,0.03
True,42,-0.03,False,20,20,False,42,True,3.889821319252082e-10,0.01229880838757606,0.4948417944683423,41.47469160379842,84.37327051360626,0.0,Robust-MTD,58,case57,0.03
True,21,0.03,False,20,20,False,0,False,0.5415855496655169,0.35301530623488436,0.4948417944683423,34.64068965113256,62.390341373975396,0.0,Robust-MTD,59,case57,0.03
True,36,-0.03,True,1,1,False,36,True,0.0007711273009467768,0.0009164270632913682,0.4948417944683423,44.45288534334395,88.95566874998622,0.0,Robust-MTD,60,case57,0.03
True,46,0.03,False,20,20,False,0,False,0.5249036525292029,0.3678277539406455,0.4948417944683423,34.90978330373764,56.91547704918779,0.0,Robust-MTD,61,case57,0.03
True,56,0.03,False,20,20,False,38,False,0.171441601319258,0.015075329384749956,0.4948417944683423,37.28128744405694,61.96544019621798,0.0,Robust-MTD,62,case57,0.03
True,8,-0.03,True,2,2,False,8,True,3.86718197811975e-10,0.004882064964206214,0.4948417944683423,47.991093795280904,96.57162262301426,0.0,Robust-MTD,63,case57,0.03
True,2,0.03,True,1,1,False,2,True,0.0020413834681738134,0.005816867730512924,0.4948417944683423,33.93240625446197,52.579823564155966,0.0,Robust-MTD,64,case57,0.03
True,43,0.03,True,1,1,False,44,False,0.09352863898581473,0.0036496273620681002,0.4948417944683423,41.2478227954125,72.69250625977294,0.0,Robust-MTD,65,case57,0.03
True,11,0.03,True,2,2,False,11,True,3.8671819781197475e-10,0.004888621605915981,0.4948417944683423,44.070112545159645,90.6023607501993,0.0,Robust-MTD,66,case57,0.03
True,7,0.03,False,20,20,False,0,False,0.5625745700054687,0.34720070341907044,0.4948417944683423,34.55047498573549,48.36873477324847,0.0,Robust-MTD,67,case57,0.03
True,7,-0.03,False,20,20,False,0,False,0.5868685427516954,0.2896174426749126,0.4948417944683423,38.30694365024101,51.48564135888592,0.0,Robust-MTD,68,case57,0.03
True,51,-0.03,True,10,10,False,54,False,0.25702710740829027,0.012434871145899957,0.4948417944683423,38.517593702999875,49.35840385442135,0.0,Robust-MTD,69,case57,0.03
True,12,-0.03,True,1,1,False,12,True,3.8671819781197475e-10,0.00045950791273184757,0.4948417944683423,36.226441751932725,60.330833663465455,0.0,Robust-MTD,70,case57,0.03
True,17,-0.03,True,3,3,False,18,False,0.24191529491217365,0.006840585871487579,0.4948417944683423,37.144395895302296,53.46619995543733,0.0,Robust-MTD,71,case57,0.03
True,35,0.03,True,1,1,False,35,True,1.0685549983183182e-05,0.0008683600373105813,0.4948417944683423,38.79019385203719,70.86347084550654,0.0,Robust-MTD,72,case57,0.03
True,37,0.03,True,1,1,False,44,False,0.045675575714166576,0.0037790238668247616,0.4948417944683423,36.689929143176414,44.76876420376359,0.0,Robust-MTD,73,case57,0.03
True,11,0.03,True,1,1,False,11,True,3.8671819781197475e-10,0.004888621605915981,0.4948417944683423,40.14365420152899,64.56460766785312,0.0,Robust-MTD,74,case57,0.03
True,43,-0.03,True,1,1,False,44,False,0.09607912949893128,0.003641682329897507,0.4948417944683423,29.270287544932216,42.81697497644927,0.0,Robust-MTD,75,case57,0.03
True,39,0.03,True,1,1,False,39,True,3.867180879718788e-10,0.0036474741932404305,0.4948417944683423,34.86155630380381,51.91281420702582,0.0,Robust-MTD,76,case57,0.03
True,41,-0.03,False,20,20,False,41,True,3.976591193301101e-10,0.0165693580821506,0.4948417944683423,34.12735000019893,49.27043928473723,0.0,Robust-MTD,77,case57,0.03
True,11,-0.03,True,4,4,False,11,True,3.8671819781197475e-10,0.004888621605915981,0.4948417944683423,39.2939688928891,69.33883955643978,0.0,Robust-MTD,78,case57,0.03
True,24,0.03,True,4,4,False,24,True,0.3485291888918478,0.016127360552162996,0.4948417944683423,37.09360639913939,62.13236846379005,0.0,Robust-MTD,79,case57,0.03
True,26,-0.03,True,8,8,False,25,False,0.1996358023199356,0.005204303489902734,0.4948417944683423,32.82328135683201,43.72234377078714,0.0,Robust-MTD,80,case57,0.03
True,37,0.03,True,1,1,False,44,False,0.09610588740812842,0.003641598394972088,0.4948417944683423,40.69983540684916,90.9290833893465,0.0,Robust-MTD,81,case57,0.03
True,26,-0.03,True,6,6,False,26,True,0.20871340675408218,0.005161859575034623,0.4948417944683423,38.06553545000497,70.98083159362434,0.0,Robust-MTD,82,case57,0.03
True,20,-0.03,True,1,1,False,18,False,0.24873301760490624,0.006773990759952428,0.4948417944683423,31.465435441350568,44.299247878370814,0.0,Robust-MTD,83,case57,0.03
True,54,0.03,False,20,20,False,54,True,0.1476096046014573,0.015695416540483828,0.4948417944683423,33.390391754801385,67.02655894332567,0.0,Robust-MTD,84,case57,0.03
True,31,0.03,False,20,20,False,30,False,0.390567181151529,0.0607462938231238,0.4948417944683423,33.928077094606124,41.906904455390794,0.0,Robust-MTD,85,case57,0.03
True,28,0.03,True,1,1,False,28,True,3.86718142891928e-10,0.0033735226776998493,0.4948417944683423,39.25309789192397,82.55453603924252,0.0,Robust-MTD,86,case57,0.03
True,26,-0.03,True,11,11,False,25,False,0.23147909092476654,0.005021426781681854,0.4948417944683423,47.429479190032,90.74561842426192,0.0,Robust-MTD,87,case57,0.03
True,17,-0.03,True,3,3,False,18,False,0.32653199657709236,0.005816626803772651,0.4948417944683423,38.55366040079389,78.68619799846789,0.0,Robust-MTD,88,case57,0.03
True,55,-0.03,True,1,1,False,55,True,4.0151949532585627e-10,0.0038404153115123773,0.4948417944683423,35.721597852534615,78.15114346449265,0.0,Robust-MTD,89,case57,0.03
True,11,0.03,True,7,7,False,11,True,3.8671819781197475e-10,0.004888621605915981,0.4948417944683423,39.04909179836977,64.4788440433331,0.0,Robust-MTD,90,case57,0.03
True,48,-0.03,True,1,1,False,50,False,0.24859700333977328,0.006738834165399332,0.4948417944683423,37.205341598019004,48.39208369667176,0.0,Robust-MTD,91,case57,0.03
True,50,-0.03,True,5,5,False,50,True,0.13479526998869737,0.008086653302243053,0.4948417944683423,43.49898754153401,81.83701844245667,0.0,Robust-MTD,92,case57,0.03
True,53,-0.03,True,1,1,False,51,False,0.1770835180558233,0.00924506943882671,0.4948417944683423,41.19063339603599,83.1978288566461,0.0,Robust-MTD,93,case57,0.03
True,43,0.03,True,1,1,False,44,False,0.20201804303057902,0.003188003017172356,0.4948417944683423,42.36039995739702,92.33017264050433,0.0,Robust-MTD,94,case57,0.03
True,40,-0.03,False,20,20,False,40,True,0.14001815752672017,0.047481092839191455,0.4948417944683423,36.62553135654889,61.89231281459798,0.0,Robust-MTD,95,case57,0.03
True,10,-0.03,False,20,20,False,10,True,3.8671819781197475e-10,0.006716505493575347,0.4948417944683423,38.64582090463955,61.61054378026167,0.0,Robust-MTD,96,case57,0.03
True,14,0.03,True,1,1,False,14,True,3.8671814289274115e-10,0.0034844732392646884,0.4948417944683423,34.17966250854079,48.21028934093192,0.0,Robust-MTD,97,case57,0.03
True,53,-0.03,True,1,1,False,51,False,0.2635364741707933,0.007149122931870087,0.4948417944683423,36.355547956191,54.01647469843738,0.0,Robust-MTD,98,case57,0.03
True,49,-0.03,True,1,1,False,50,False,0.21537152670218743,0.007186225327698791,0.4948417944683423,35.1202229532646,50.095222279196605,0.0,Robust-MTD,99,case57,0.03
True,56,0.03,True,6,6,False,38,False,0.17144160125007815,0.015075329385017272,0.4948417944683423,40.03273955604527,82.52269343065565,0.0,Robust-MTD,100,case57,0.03
True,17,-0.03,True,2,2,False,18,False,0.30515731447928884,0.00619466135916483,0.4948417944683423,39.773948007496074,60.5318999965676,0.0,Robust-MTD,101,case57,0.03
True,12,0.03,True,1,1,False,12,True,3.8671819781197475e-10,0.00045950791273184757,0.4948417944683423,33.67143759096507,59.755285430583186,0.0,Robust-MTD,102,case57,0.03
True,48,-0.03,True,1,1,False,50,False,0.238830173612001,0.006935255430475734,0.4948417944683423,34.11539164953865,57.75079719896895,0.0,Robust-MTD,103,case57,0.03
True,31,0.03,False,20,20,False,30,False,0.38763842354285244,0.05151936155345545,0.4948417944683423,32.98379369662143,54.592541672172956,0.0,Robust-MTD,104,case57,0.03
True,31,0.03,False,20,20,False,0,False,0.49784431292952275,0.38092284642139174,0.4948417944683423,35.464264554320835,71.45070445840248,0.0,Robust-MTD,105,case57,0.03
True,41,-0.03,False,20,20,False,41,True,6.294514712600441e-10,0.016569358091969896,0.4948417944683423,30.532414696062915,42.045205927570365,0.0,Robust-MTD,106,case57,0.03
True,16,-0.03,False,20,20,False,0,False,0.5015498783034038,0.3731633557307992,0.4948417944683423,32.40200619911775,73.84671426552814,0.0,Robust-MTD,107,case57,0.03
True,20,0.03,True,1,1,False,18,False,0.2398255294031668,0.006836075434732242,0.4948417944683423,37.0683768967865,70.54378566390373,0.0,Robust-MTD,108,case57,0.03
True,50,0.03,True,14,14,False,50,True,0.21062651983515024,0.007342111495098651,0.4948417944683423,35.133637496619485,61.5993107639952,0.0,Robust-MTD,109,case57,0.03
True,17,0.03,True,4,4,False,18,False,0.2510160146503666,0.006767623322559266,0.4948417944683423,44.244997852365486,72.45669997937513,0.0,Robust-MTD,110,case57,0.03
True,41,0.03,False,20,20,False,41,True,6.581458522892083e-05,0.016570059141801045,0.4948417944683423,36.848189507145435,80.2615499997046,0.0,Robust-MTD,111,case57,0.03
True,15,0.03,False,20,20,False,0,False,0.5126265565966627,0.3693176475224525,0.4948417944683423,33.21043315518182,48.29053713183385,0.0,Robust-MTD,112,case57,0.03
True,12,-0.03,True,1,1,False,12,True,3.8671819781197475e-10,0.00045950791273184757,0.4948417944683423,45.64573340176139,110.04632706462874,0.0,Robust-MTD,113,case57,0.03
True,33,-0.03,False,20,20,False,31,False,0.3752155745565239,0.05096223827261802,0.4948417944683423,35.28297705342993,56.03184230276384,0.0,Robust-MTD,114,case57,0.03
True,8,0.03,True,1,1,False,8,True,3.8671819781197475e-10,0.004882064964206214,0.4948417944683423,36.46008130162954,47.44615684612654,0.0,Robust-MTD,115,case57,0.03
True,16,-0.03,False,20,20,False,0,False,0.5104081805917776,0.36965007345730894,0.4948417944683423,38.96698539610952,51.71968992508483,0.0,Robust-MTD,116,case57,0.03
True,46,-0.03,False,20,20,False,0,False,0.5275759450198747,0.3590088283938084,0.4948417944683423,41.68463335081469,64.03119343740404,0.0,Robust-MTD,117,case57,0.03
True,8,-0.03,True,7,7,False,8,True,3.8671819781197475e-10,0.004882064964206214,0.4948417944683423,33.79254384490196,48.421137218247175,0.0,Robust-MTD,118,case57,0.03
True,20,0.03,True,1,1,False,18,False,0.2751241321106321,0.006543544628447805,0.4948417944683423,35.07460414839443,47.75052116601728,0.0,Robust-MTD,119,case57,0.03
True,52,-0.03,True,1,1,False,51,False,0.18917640817747305,0.009601190166738145,0.4948417944683423,35.069693805417046,45.780925339204266,0.0,Robust-MTD,120,case57,0.03
True,9,-0.03,False,20,20,False,9,True,0.0006354777107158849,0.03591350648855597,0.4948417944683423,37.885306306998245,49.398255645064644,0.0,Robust-MTD,121,case57,0.03
True,21,0.03,False,20,20,False,0,False,0.4974484258026581,0.3826334237538664,0.4948417944683423,40.63615214836318,74.47996010014324,0.0,Robust-MTD,122,case57,0.03
True,43,0.03,True,1,1,False,44,False,0.09713698349332371,0.0036383547909675336,0.4948417944683423,37.82950840250123,63.7405708723236,0.0,Robust-MTD,123,case57,0.03
True,18,-0.03,True,9,9,False,18,True,0.24473114045101982,0.006814788071928692,0.4948417944683423,34.140712552471086,45.04122082144022,0.0,Robust-MTD,124,case57,0.03
True,38,-0.03,False,20,20,False,38,True,0.17144160094404476,0.015075329385466215,0.4948417944683423,41.743560548638925,71.91294228250631,0.0,Robust-MTD,125,case57,0.03
True,47,-0.03,False,20,20,False,0,False,0.5672210629446133,0.3441086375161277,0.4948417944683423,34.10539385222364,49.39028536318801,0.0,Robust-MTD,126,case57,0.03
True,51,-0.03,False,20,20,False,54,False,0.19449962171268037,0.01422036571969773,0.4948417944683423,33.67082915210631,48.07719970704057,0.0,Robust-MTD,127,case57,0.03
True,23,0.03,True,0,0,False,0,False,0.5567653153748082,0.3516945776156272,0.4948417944683423,37.30568555765785,63.36234586779028,0.0,Robust-MTD,128,case57,0.03
True,40,0.03,True,15,15,False,40,True,0.027618470311517488,0.0507954826983631,0.4948417944683423,38.89643350848928,75.53352707764138,0.0,Robust-MTD,129,case57,0.03
True,20,-0.03,True,1,1,False,17,False,0.3259405721434839,0.005807616165372305,0.4948417944683423,38.44255829171743,70.51233064266856,0.0,Robust-MTD,130,case57,0.03
True,51,-0.03,True,15,15,False,54,False,0.141909941865783,0.015756379385047266,0.4948417944683423,39.2244249524083,83.29138301487549,0.0,Robust-MTD,131,case57,0.03
True,26,0.03,True,1,1,False,25,False,0.21612691007179122,0.005121999561795434,0.4948417944683423,35.45685635472182,59.267894426011495,0.0,Robust-MTD,132,case57,0.03
True,43,-0.03,True,1,1,False,44,False,0.06268234634457058,0.0037372729858143818,0.4948417944683423,41.41904595308006,80.63866285956469,0.0,Robust-MTD,133,case57,0.03
True,54,-0.03,False,20,20,False,54,True,0.12511937821769414,0.016245592279844595,0.4948417944683423,36.856489547062665,73.48426040844063,0.0,Robust-MTD,134,case57,0.03
True,32,0.03,False,20,20,False,0,False,0.5107783115535639,0.3703795586640085,0.4948417944683423,35.67024990625214,82.86551697819962,0.0,Robust-MTD,135,case57,0.03
True,47,0.03,False,20,20,False,0,False,0.5765526991053678,0.3185890810954492,0.4948417944683423,40.157025001826696,81.38349799846767,0.0,Robust-MTD,136,case57,0.03
True,51,0.03,True,2,2,False,54,False,0.13566023932789983,0.015939815574982884,0.4948417944683423,40.90051459497772,55.93489017919639,0.0,Robust-MTD,137,case57,0.03
True,53,0.03,True,1,1,False,51,False,0.1775421009881095,0.010879516258238124,0.4948417944683423,33.20188119541854,50.21521874004977,0.0,Robust-MTD,138,case57,0.03
True,54,0.03,False,20,20,False,54,True,0.13212743510804384,0.016093665059853435,0.4948417944683423,34.3456083588535,53.23710240772925,0.0,Robust-MTD,139,case57,0.03
True,20,0.03,True,1,1,False,18,False,0.2690267242811325,0.006603379383581004,0.4948417944683423,31.667845699121248,47.75743540376425,0.0,Robust-MTD,140,case57,0.03
True,52,0.03,True,1,1,False,51,False,0.17380706405759394,0.010093355647017407,0.4948417944683423,31.08647905755788,52.45629309793004,0.0,Robust-MTD,141,case57,0.03
True,10,0.03,True,4,4,False,10,True,3.8671819781197693e-10,0.006716505493575347,0.4948417944683423,39.180587558075786,66.67261667898858,0.0,Robust-MTD,142,case57,0.03
True,12,-0.03,True,1,1,False,12,True,3.8671819781197475e-10,0.00045950791273184757,0.4948417944683423,41.483414656249806,114.63057947985365,0.0,Robust-MTD,143,case57,0.03
True,10,0.03,True,9,9,False,10,True,3.8671819781203917e-10,0.006716505493575347,0.4948417944683423,36.49675830092747,68.09908925788478,0.0,Robust-MTD,144,case57,0.03
True,11,-0.03,True,3,3,False,11,True,3.8671819781197475e-10,0.004888621605915981,0.4948417944683423,33.453652105527,51.950227410998195,0.0,Robust-MTD,145,case57,0.03
True,25,-0.03,True,1,1,False,25,True,0.253275858642278,0.004830037812615842,0.4948417944683423,39.88651240069885,66.199894118472,0.0,Robust-MTD,146,case57,0.03
True,36,0.03,True,1,1,False,36,True,0.00014797562394198278,0.0009164411242787664,0.4948417944683423,38.94830195058603,50.897232702118366,0.0,Robust-MTD,147,case57,0.03
True,44,-0.03,True,1,1,False,44,True,0.035600628288861826,0.0038014807218520034,0.4948417944683423,35.8269335469231,45.91834023594857,0.0,Robust-MTD,148,case57,0.03
True,24,0.03,True,15,15,False,33,False,0.3721596979869479,0.022495526851268478,0.4948417944683423,37.99154996231664,47.16591873439029,0.0,Robust-MTD,149,case57,0.03
True,3,0.03,True,9,9,False,3,True,0.015208337362290096,0.00859005202832064,0.4948417944683423,37.63717700203415,49.80674436956179,0.0,Robust-MTD,150,case57,0.03
True,42,0.03,False,20,20,False,42,True,3.8671806051267897e-10,0.012298808387578544,0.4948417944683423,40.65468125336338,56.550697557395345,0.0,Robust-MTD,151,case57,0.03
True,23,0.03,False,20,20,False,0,False,0.602110506458744,0.32445535253301927,0.4948417944683423,34.22743120172527,66.34153993800284,0.0,Robust-MTD,152,case57,0.03
True,45,0.03,True,7,7,False,45,True,3.8671808797226434e-10,0.008872938518095718,0.4948417944683423,34.2841229372425,69.01898989453913,0.0,Robust-MTD,153,case57,0.03
True,24,-0.03,False,20,20,False,33,False,0.37540432378260524,0.02238829287900633,0.4948417944683423,32.92415841133334,45.7621437526541,0.0,Robust-MTD,154,case57,0.03
True,22,-0.03,False,20,20,False,0,False,0.6204303676219832,0.3018020971186998,0.4948417944683423,32.532726947101764,47.31023365457078,0.0,Robust-MTD,155,case57,0.03
True,23,0.03,False,20,20,False,0,False,0.5010959811566591,0.37769112430401264,0.4948417944683423,36.0149250482209,45.95158126612661,0.0,Robust-MTD,156,case57,0.03
True,54,0.03,False,20,20,False,54,True,0.23513513894358964,0.013455540134721142,0.4948417944683423,43.58761239564046,71.66565801890106,0.0,Robust-MTD,157,case57,0.03
True,33,-0.03,False,20,20,False,31,False,0.4319118633629475,0.03952767466554301,0.4948417944683423,35.76052299758885,58.98872945399489,0.0,Robust-MTD,158,case57,0.03
True,39,-0.03,True,2,2,False,39,True,5.39269747869791e-10,0.003647474193245144,0.4948417944683423,44.089595702826045,102.20881632412788,0.0,Robust-MTD,159,case57,0.03
True,13,0.03,True,1,1,False,13,True,3.8671819781197475e-10,0.0005704733218803301,0.4948417944683423,42.2866895532934,131.99600270600058,0.0,Robust-MTD,160,case57,0.03
True,38,0.03,False,20,20,False,56,False,0.17144161317097725,0.015075329358049746,0.4948417944683423,28.613729201606475,47.82439134432934,0.0,Robust-MTD,161,case57,0.03
True,35,0.03,True,1,1,False,35,True,0.0003396462106568319,0.0008683665676061515,0.4948417944683423,30.937823039130308,65.82326605566779,0.0,Robust-MTD,162,case57,0.03
True,26,-0.03,True,1,1,False,26,True,0.20267258042142322,0.005190840712333618,0.4948417944683423,46.66561665944755,81.27208509249616,0.0,Robust-MTD,163,case57,0.03
True,1,0.03,False,20,20,False,0,False,0.544611598292127,0.34212522277326674,0.4948417944683423,35.33339374989737,53.87347295763903,0.0,Robust-MTD,164,case57,0.03
True,49,-0.03,True,3,3,False,50,False,0.23847125689500748,0.006850066640011818,0.4948417944683423,36.69914370402694,51.444497652119054,0.0,Robust-MTD,165,case57,0.03
True,40,0.03,False,20,20,False,40,True,0.28106638435620523,0.10926776143988645,0.4948417944683423,37.691870756680146,60.95399435143918,0.0,Robust-MTD,166,case57,0.03
True,40,0.03,False,20,20,False,40,True,0.5126648295061083,0.23070416299033497,0.4948417944683423,35.2998520975234,49.7499940916896,0.0,Robust-MTD,167,case57,0.03
True,28,0.03,True,1,1,False,28,True,3.867181428920695e-10,0.0033735226776998493,0.4948417944683423,35.3509228938492,49.06184520223179,0.0,Robust-MTD,168,case57,0.03
True,38,0.03,False,20,20,False,38,True,0.17150742448258546,0.01507505605849296,0.4948417944683423,35.46851030550897,57.698133381200044,0.0,Robust-MTD,169,case57,0.03
True,27,0.03,True,1,1,False,25,False,0.21463111282002503,0.005130446825741632,0.4948417944683423,36.65353335381951,67.57198365230579,0.0,Robust-MTD,170,case57,0.03
True,30,-0.03,False,20,20,False,0,False,0.5329518168395443,0.36307144167798155,0.4948417944683423,43.03089170716703,99.45957886520776,0.0,Robust-MTD,171,case57,0.03
True,31,-0.03,False,20,20,False,0,False,0.6097879923253736,0.3166683826730611,0.4948417944683423,37.23246249719523,74.1230041981908,0.0,Robust-MTD,172,case57,0.03
True,27,0.03,True,1,1,False,25,False,0.19651331470709046,0.005217401386888292,0.4948417944683423,35.70297704718541,67.01358188583983,0.0,Robust-MTD,173,case57,0.03
True,51,0.03,True,14,14,False,54,False,0.17769302324364475,0.014854587297453065,0.4948417944683423,36.956918754731305,75.55737258517183,0.0,Robust-MTD,174,case57,0.03
True,28,0.03,True,3,3,False,28,True,3.867181428921165e-10,0.0033735226776998493,0.4948417944683423,37.897641654126346,59.27249649248552,0.0,Robust-MTD,175,case57,0.03
True,33,-0.03,False,20,20,False,31,False,0.3866647229240019,0.045890811115729756,0.4948417944683423,29.414112505037338,43.31330414861443,0.0,Robust-MTD,176,case57,0.03
True,20,-0.03,True,1,1,False,18,False,0.2555789881526463,0.0067250732829768865,0.4948417944683423,38.869508300558664,58.103881235001666,0.0,Robust-MTD,177,case57,0.03
True,5,0.03,False,20,20,False,5,True,7.656198811864468e-10,0.00882603522398442,0.4948417944683423,34.20009565015789,47.358858282677836,0.0,Robust-MTD,178,case57,0.03
True,38,0.03,False,20,20,False,56,False,0.17144160675613132,0.015075329372922486,0.4948417944683423,37.351604242576286,85.00124818529004,0.0,Robust-MTD,179,case57,0.03
True,52,-0.03,True,1,1,False,51,False,0.1833048423801597,0.009530658712751239,0.4948417944683423,36.81625844328664,66.25695655820891,0.0,Robust-MTD,180,case57,0.03
True,48,0.03,True,1,1,False,48,True,0.26644636316533427,0.005448489770032379,0.4948417944683423,30.117314457311295,38.25263510807418,0.0,Robust-MTD,181,case57,0.03
True,32,-0.03,False,20,20,False,0,False,0.5250092495008439,0.3684272716789661,0.4948417944683423,35.87660005723592,70.12916905514432,0.0,Robust-MTD,182,case57,0.03
True,48,0.03,True,1,1,False,49,False,0.25952753342757234,0.006278703050888316,0.4948417944683423,32.776268606539816,63.43855208542665,0.0,Robust-MTD,183,case57,0.03
True,48,0.03,True,1,1,False,50,False,0.16461222198160758,0.007700055002702339,0.4948417944683423,26.060364494333044,34.13154610898346,0.0,Robust-MTD,184,case57,0.03
True,5,0.03,True,12,12,False,5,True,4.701593813676453e-05,0.0088260755729617,0.4948417944683423,37.83046860480681,61.35401280771479,0.0,Robust-MTD,185,case57,0.03
True,41,0.03,False,20,20,False,41,True,1.2126175440344462e-07,0.01656935889799518,0.4948417944683423,37.66294365050271,47.00227940920741,0.0,Robust-MTD,186,case57,0.03
True,29,-0.03,False,20,20,False,33,False,0.365188534882062,0.02220432915820093,0.4948417944683423,36.04501449735835,62.958646522020004,0.0,Robust-MTD,187,case57,0.03
True,10,-0.03,True,11,11,False,10,True,3.8671819781197475e-10,0.006716505493575347,0.4948417944683423,39.102852140786126,100.6573580496479,0.0,Robust-MTD,188,case57,0.03
True,13,0.03,True,1,1,False,13,True,3.8671819781197475e-10,0.0005704733218803301,0.4948417944683423,21.238360457937233,24.970273295184597,0.0,Robust-MTD,189,case57,0.03
True,7,-0.03,False,20,20,False,0,False,0.5208903955935353,0.36641276629175296,0.4948417944683423,39.73964580218308,76.2396547972458,0.0,Robust-MTD,190,case57,0.03
True,34,-0.03,False,20,20,False,30,False,0.39555993783644433,0.05388354233025651,0.4948417944683423,29.255516661214642,45.99933963036166,0.0,Robust-MTD,191,case57,0.03
True,23,-0.03,False,20,20,False,0,False,0.5187911784737201,0.3739543991826259,0.4948417944683423,39.391874996363185,75.45622255711352,0.0,Robust-MTD,192,case57,0.03
True,22,-0.03,False,20,20,False,0,False,0.503078775448228,0.37943538939150495,0.4948417944683423,29.15563535061665,38.89621246489697,0.0,Robust-MTD,193,case57,0.03
True,53,-0.03,True,1,1,False,51,False,0.18647897303705155,0.009500693191357294,0.4948417944683423,18.826806248398498,22.910019097616896,0.0,Robust-MTD,194,case57,0.03
True,40,0.03,False,20,20,False,40,True,0.06577272680444492,0.0457121341155947,0.4948417944683423,33.323956187814474,56.48875829647297,0.0,Robust-MTD,195,case57,0.03
True,4,-0.03,False,20,20,False,0,False,0.5437719657568291,0.3557738745000782,0.4948417944683423,21.607116542872973,26.278466370422393,0.0,Robust-MTD,196,case57,0.03
True,23,0.03,False,20,20,False,0,False,0.51735284292903,0.36872638262388735,0.4948417944683423,41.207356299855746,77.18608959985433,0.0,Robust-MTD,197,case57,0.03
True,17,0.03,True,10,10,False,17,True,0.308690068411662,0.006122073666979932,0.4948417944683423,21.957529298379086,26.654744119150575,0.0,Robust-MTD,198,case57,0.03
True,28,0.03,True,1,1,False,28,True,3.8671814289223714e-10,0.0033735226776998493,0.4948417944683423,14.452843597973697,17.751401450368576,0.0,Robust-MTD,199,case57,0.03
True,26,-0.04,False,20,20,False,0,False,0.5974568318719216,0.3392421116242352,0.6449621867960693,23.303618803038262,33.53660895081704,0.0,HMTD-MDE,0,case57,0.04
True,49,-0.04,False,20,20,False,49,True,0.10759121533633478,0.013461358531468586,0.6449621867960693,25.392666651168838,31.64325003453996,0.0,HMTD-MDE,1,case57,0.04
True,53,-0.04,True,1,1,False,53,True,0.2061236469371159,0.004450389954396036,0.6449621867960693,30.650412244722247,44.822982710320545,0.0,HMTD-MDE,2,case57,0.04
True,37,0.04,True,5,5,False,37,True,0.1719858580467513,0.009982985235517536,0.6449621867960693,27.421902140486054,42.45107322349213,0.0,HMTD-MDE,3,case57,0.04
True,46,0.04,True,17,17,False,0,False,0.572216017139353,0.3637529756599128,0.6449621867960693,33.64338329411112,43.460930892615586,0.0,HMTD-MDE,4,case57,0.04
True,17,0.04,False,20,20,False,17,True,0.20258077086269466,0.039267755835392486,0.6449621867960693,23.245091596618295,33.61419970169664,0.0,HMTD-MDE,5,case57,0.04
True,24,0.04,False,20,20,False,30,False,0.3987980067816613,0.015768807744184682,0.6449621867960693,29.241549855214544,51.84334586083424,0.0,HMTD-MDE,6,case57,0.04
True,3,0.04,True,1,1,False,3,True,3.8671819781215627e-10,0.0034832369284029763,0.6449621867960693,36.822243794449605,115.09425418043976,0.0,HMTD-MDE,7,case57,0.04
True,8,-0.04,True,1,1,False,8,True,3.8671819781197475e-10,0.00028489480589777717,0.6449621867960693,45.38040639308747,90.43713811552155,0.0,HMTD-MDE,8,case57,0.04
True,22,0.04,False,20,20,False,17,False,0.6073898348669017,0.22062113072802253,0.6449621867960693,33.964775007916614,65.44353302742826,0.0,HMTD-MDE,9,case57,0.04
True,29,-0.04,False,20,20,False,31,False,0.4066676489222374,0.017064975801047048,0.6449621867960693,23.875854106154293,31.04197471984663,0.0,HMTD-MDE,10,case57,0.04
True,28,-0.04,False,20,20,False,28,True,0.09599050451743178,0.022646012290534864,0.6449621867960693,29.533120690030046,40.1347142411396,0.0,HMTD-MDE,11,case57,0.04
True,8,0.04,True,1,1,False,8,True,3.8671819781197475e-10,0.00028489480589777717,0.6449621867960693,24.652627104660496,31.885123538086194,0.0,HMTD-MDE,12,case57,0.04
True,28,-0.04,False,20,20,False,28,True,0.11018779624412925,0.023036692496876114,0.6449621867960693,37.948354103718884,63.30271841434301,0.0,HMTD-MDE,13,case57,0.04
True,22,0.04,False,20,20,False,0,False,0.6050241339704564,0.34711342894613906,0.6449621867960693,31.252722852514125,54.416486824629835,0.0,HMTD-MDE,14,case57,0.04
True,26,0.04,False,20,20,False,0,False,0.5769113426276968,0.34580866121360043,0.6449621867960693,23.19316449575126,32.46680827578531,0.0,HMTD-MDE,15,case57,0.04
True,40,-0.04,False,20,20,False,40,True,0.0012646294853161054,0.011280528778619478,0.6449621867960693,27.9496520961402,39.916727039963014,0.0,HMTD-MDE,16,case57,0.04
True,1,-0.04,False,20,20,False,0,False,0.6391948482197117,0.3295257820064361,0.6449621867960693,31.867443805094805,47.1663419681136,0.0,HMTD-MDE,17,case57,0.04
True,37,-0.04,True,15,15,False,37,True,0.17206288001840073,0.00998588727055923,0.6449621867960693,38.79652078903746,104.23099106701557,0.0,HMTD-MDE,18,case57,0.04
True,42,-0.04,False,20,20,False,42,True,4.6133765585023014e-09,0.03399701617374942,0.6449621867960693,35.72154395224061,96.4277667371789,0.0,HMTD-MDE,19,case57,0.04
True,32,0.04,False,20,20,False,0,False,0.5467974402758118,0.3737548756766368,0.6449621867960693,21.814043750055134,28.850077127572153,0.0,HMTD-MDE,20,case57,0.04
True,20,0.04,True,2,2,False,20,True,0.25392766513313325,0.008818082503911214,0.6449621867960693,24.8113291017944,32.504708381020464,0.0,HMTD-MDE,21,case57,0.04
True,46,0.04,False,20,20,False,0,False,0.557551995693139,0.36774621822974374,0.6449621867960693,27.328124901396222,35.95335000136403,0.0,HMTD-MDE,22,case57,0.04
True,42,0.04,False,20,20,False,42,True,1.266341954061922e-08,0.03399701658245823,0.6449621867960693,28.92224785173312,38.15255624649583,0.0,HMTD-MDE,23,case57,0.04
True,56,-0.04,True,3,3,False,38,False,0.17144160094404476,0.015389855031208715,0.6449621867960693,32.8268979472341,46.255918761016815,0.0,HMTD-MDE,24,case57,0.04
True,53,0.04,True,1,1,False,53,True,0.2417082168802721,0.0056916763598968455,0.6449621867960693,36.70203741057776,65.2259538532235,0.0,HMTD-MDE,25,case57,0.04
True,48,0.04,True,1,1,False,48,True,3.8671808797219646e-10,0.002753712702745942,0.6449621867960693,31.7654771002708,46.63210445432925,0.0,HMTD-MDE,26,case57,0.04
True,24,-0.04,True,16,16,False,30,False,0.39965526702918935,0.01587614688517056,0.6449621867960693,28.70063110603951,41.158285402343616,0.0,HMTD-MDE,27,case57,0.04
True,20,0.04,True,1,1,False,20,True,0.2702047724504723,0.010771388692024526,0.6449621867960693,29.06741874467116,54.945774975931286,0.0,HMTD-MDE,28,case57,0.04
True,34,-0.04,True,18,18,False,31,False,0.4268484768796029,0.0200376384482188,0.6449621867960693,39.03622094949242,89.89393572846893,0.0,HMTD-MDE,29,case57,0.04
True,11,-0.04,True,1,1,False,11,True,3.8671819781197475e-10,0.0002955651145503168,0.6449621867960693,24.990425052237697,38.53251458494924,0.0,HMTD-MDE,30,case57,0.04
True,38,0.04,False,20,20,False,56,False,0.1714416009440448,0.015389855031208715,0.6449621867960693,34.831177003798075,67.76534934761004,0.0,HMTD-MDE,31,case57,0.04
True,32,0.04,False,20,20,False,0,False,0.5879016679548882,0.3534937137711702,0.6449621867960693,37.12131051288452,52.06124414107767,0.0,HMTD-MDE,32,case57,0.04
True,15,-0.04,False,20,20,False,0,False,0.5619790895505204,0.3651247850943873,0.6449621867960693,31.531443796120584,41.9301482004812,0.0,HMTD-MDE,33,case57,0.04
True,36,0.04,True,1,1,False,36,True,3.867181154319156e-10,0.0008651682048311886,0.6449621867960693,44.81996260583401,126.66441638430118,0.0,HMTD-MDE,34,case57,0.04
True,26,0.04,False,20,20,False,0,False,0.5535509071923476,0.37007737234560206,0.6449621867960693,46.15874995361082,104.52488308364993,0.0,HMTD-MDE,35,case57,0.04
True,28,0.04,False,20,20,False,28,True,0.16960179762471175,0.02633479921229571,0.6449621867960693,33.6348458455177,43.352126775425866,0.0,HMTD-MDE,36,case57,0.04
True,3,0.04,True,1,1,False,3,True,4.0569040848571224e-10,0.0034832369284074688,0.6449621867960693,35.21987274871208,56.04283892316745,0.0,HMTD-MDE,37,case57,0.04
True,6,0.04,True,1,1,False,6,True,3.8671819781197475e-10,0.002363277542522319,0.6449621867960693,36.34531045681797,45.83219376218041,0.0,HMTD-MDE,38,case57,0.04
True,51,-0.04,False,20,20,False,51,True,0.17611447187615054,0.033126452644134774,0.6449621867960693,39.044220763025805,55.645868193823844,0.0,HMTD-MDE,39,case57,0.04
True,17,0.04,False,20,20,False,17,True,0.21243647973653404,0.04011035510559249,0.6449621867960693,36.61008549388498,55.71595384099057,0.0,HMTD-MDE,40,case57,0.04
True,49,-0.04,True,12,12,False,49,True,0.0777947336294287,0.014102226585224765,0.6449621867960693,37.47821455763187,79.89956222590992,0.0,HMTD-MDE,41,case57,0.04
True,19,-0.04,True,1,1,False,20,False,0.2721180571060981,0.011425669272227126,0.6449621867960693,38.19402079680003,62.29062982311007,0.0,HMTD-MDE,42,case57,0.04
True,31,0.04,False,20,20,False,31,True,0.4347833605121986,0.02710280434077175,0.6449621867960693,35.46575834334362,52.65079614182469,0.0,HMTD-MDE,43,case57,0.04
True,55,0.04,True,1,1,False,55,True,0.020111170098605184,0.0012602716179722613,0.6449621867960693,35.1424146007048,48.05593331111596,0.0,HMTD-MDE,44,case57,0.04
True,2,0.04,True,2,2,False,2,True,4.0838017647051686e-10,0.005048856714368892,0.6449621867960693,38.975547897280194,61.97397228679625,0.0,HMTD-MDE,45,case57,0.04
True,34,-0.04,True,18,18,False,31,False,0.4264052433278872,0.01991130554466411,0.6449621867960693,30.5526313430164,50.58658334892244,0.0,HMTD-MDE,46,case57,0.04
True,14,-0.04,True,1,1,False,14,True,3.8671819781197475e-10,0.007593593808137527,0.6449621867960693,33.96551659388933,71.409460468567,0.0,HMTD-MDE,47,case57,0.04
True,1,0.04,False,20,20,False,16,False,0.5364096545484978,0.3148340004078052,0.6449621867960693,30.409456201596186,41.97934305993842,0.0,HMTD-MDE,48,case57,0.04
True,34,-0.04,False,20,20,False,31,False,0.42286719403255696,0.019017660678848435,0.6449621867960693,33.57760635262821,55.26626077189576,0.0,HMTD-MDE,49,case57,0.04
True,40,-0.04,False,20,20,False,40,True,0.0012930609943086235,0.011280489697319393,0.6449621867960693,42.674037456163205,83.41066938883165,0.0,HMTD-MDE,50,case57,0.04
True,27,-0.04,False,20,20,False,27,True,0.158881044890474,0.0314127272594051,0.6449621867960693,35.679410403827205,71.93619443569332,0.0,HMTD-MDE,51,case57,0.04
True,44,-0.04,False,20,20,False,0,False,0.5585206935487321,0.3711344058275655,0.6449621867960693,33.70385644957423,46.80118160031271,0.0,HMTD-MDE,52,case57,0.04
True,1,0.04,False,20,20,False,0,False,0.590468552687567,0.3387864874984242,0.6449621867960693,34.931143652647734,57.7481440268457,0.0,HMTD-MDE,53,case57,0.04
True,20,-0.04,True,1,1,False,20,True,0.2650759499088578,0.009858774608538297,0.6449621867960693,37.79210200009402,62.02557500218974,0.0,HMTD-MDE,54,case57,0.04
True,41,-0.04,True,1,1,False,55,False,0.009251809659708728,0.0012634505318857812,0.6449621867960693,33.356962449033745,42.37875767285004,0.0,HMTD-MDE,55,case57,0.04
True,25,0.04,False,20,20,False,0,False,0.6273611899240674,0.29990910990691116,0.6449621867960693,40.66265639557969,73.90487058728469,0.0,HMTD-MDE,56,case57,0.04
True,33,0.04,False,20,20,False,0,False,0.5917573774265308,0.35668408633060456,0.6449621867960693,30.615731194848195,49.83670176297892,0.0,HMTD-MDE,57,case57,0.04
True,42,-0.04,False,20,20,False,42,True,0.000118920991809626,0.03400780967089986,0.6449621867960693,36.615422801696695,76.24188366171438,0.0,HMTD-MDE,58,case57,0.04
True,21,0.04,False,20,20,False,0,False,0.5552889729561289,0.370686026665321,0.6449621867960693,34.850858358549885,47.457311055040925,0.0,HMTD-MDE,59,case57,0.04
True,36,-0.04,True,1,1,False,36,True,3.8671808797195244e-10,0.0008651682048311887,0.6449621867960693,39.310839655809104,69.97159443271815,0.0,HMTD-MDE,60,case57,0.04
True,46,0.04,False,20,20,False,0,False,0.5785079523664993,0.3609536732621534,0.6449621867960693,33.49175410694443,52.453593138488955,0.0,HMTD-MDE,61,case57,0.04
True,56,0.04,False,20,20,False,38,False,0.1714416009530465,0.015389855031188737,0.6449621867960693,32.21879379998427,56.31764551799279,0.0,HMTD-MDE,62,case57,0.04
True,8,-0.04,True,1,1,False,8,True,3.8671819781197475e-10,0.00028489480589777717,0.6449621867960693,37.42493550525978,58.04586077574643,0.0,HMTD-MDE,63,case57,0.04
True,2,0.04,True,1,1,False,2,True,3.867181978120117e-10,0.005048856714374031,0.6449621867960693,35.096316537237726,61.139911884674824,0.0,HMTD-MDE,64,case57,0.04
True,43,0.04,True,6,6,False,37,False,0.17204442884564547,0.009985186821865194,0.6449621867960693,38.67420198803302,94.6302806172753,0.0,HMTD-MDE,65,case57,0.04
True,11,0.04,True,1,1,False,11,True,3.8671819781197475e-10,0.0002955651145503168,0.6449621867960693,40.996772996732034,73.42731452954474,0.0,HMTD-MDE,66,case57,0.04
True,7,0.04,False,20,20,False,7,True,4.556969661678429e-09,0.025269140638313318,0.6449621867960693,35.784779096138664,61.266924391384286,0.0,HMTD-MDE,67,case57,0.04
True,7,-0.04,False,20,20,False,7,True,5.187276602648633e-10,0.025269140528155588,0.6449621867960693,29.424529249081388,40.56085421470925,0.0,HMTD-MDE,68,case57,0.04
True,51,-0.04,False,20,20,False,51,True,0.29250957000526345,0.031096216877710706,0.6449621867960693,37.039404100505635,70.49816634389576,0.0,HMTD-MDE,69,case57,0.04
True,12,-0.04,True,1,1,False,12,True,3.8671819781197475e-10,6.506154484848831e-05,0.6449621867960693,34.89420204423368,50.63467083091384,0.0,HMTD-MDE,70,case57,0.04
True,17,-0.04,False,20,20,False,17,True,0.21352809882834856,0.037636709519536814,0.6449621867960693,34.254231056547724,69.45423124998342,0.0,HMTD-MDE,71,case57,0.04
True,35,0.04,True,1,1,False,35,True,3.8671808797200037e-10,0.0007903150392325828,0.6449621867960693,33.87683320615906,59.056208372930996,0.0,HMTD-MDE,72,case57,0.04
True,37,0.04,True,3,3,False,43,False,0.17168185636141753,0.009972203046063537,0.6449621867960693,33.61470210074913,55.882618724717766,0.0,HMTD-MDE,73,case57,0.04
True,11,0.04,True,1,1,False,11,True,3.8671819781197475e-10,0.0002955651145503168,0.6449621867960693,34.386116699897684,54.47520208253992,0.0,HMTD-MDE,74,case57,0.04
True,43,-0.04,False,20,20,False,43,True,0.1716149599405029,0.009970022162130996,0.6449621867960693,30.086116507300176,41.83302289457061,0.0,HMTD-MDE,75,case57,0.04
True,39,0.04,False,20,20,False,0,False,0.5932686663901429,0.3109733779506569,0.6449621867960693,41.58816045091953,89.4757107133046,0.0,HMTD-MDE,76,case57,0.04
True,41,-0.04,True,1,1,False,41,True,0.13215251736705744,0.0010031452245854707,0.6449621867960693,34.21376055048313,71.55930063163397,0.0,HMTD-MDE,77,case57,0.04
True,11,-0.04,True,1,1,False,11,True,3.8671819781197475e-10,0.0002955651145503168,0.6449621867960693,33.49454155249987,70.86689581337852,0.0,HMTD-MDE,78,case57,0.04
True,24,0.04,True,13,13,False,30,False,0.4051416392580633,0.016252924685866102,0.6449621867960693,38.010118855163455,89.20720212918243,0.0,HMTD-MDE,79,case57,0.04
True,26,-0.04,False,20,20,False,0,False,0.5823253660468549,0.35679582007419297,0.6449621867960693,28.29323740734253,38.52688476908953,0.0,HMTD-MDE,80,case57,0.04
True,37,0.04,False,20,20,False,43,False,0.17486029549395005,0.010114747702529866,0.6449621867960693,32.25040606048424,71.05097919702531,0.0,HMTD-MDE,81,case57,0.04
True,26,-0.04,False,20,20,False,0,False,0.5865670544527597,0.36481636467055756,0.6449621867960693,31.521077197976407,40.80165209306872,0.0,HMTD-MDE,82,case57,0.04
True,20,-0.04,True,2,2,False,20,True,0.2690702702282432,0.010500526824603163,0.6449621867960693,31.505327203194614,53.12203366192989,0.0,HMTD-MDE,83,case57,0.04
True,54,0.04,False,20,20,False,0,False,0.5784386928675846,0.2791784652491147,0.6449621867960693,30.881083308486268,39.238629140891184,0.0,HMTD-MDE,84,case57,0.04
True,31,0.04,False,20,20,False,31,True,0.43148217156695134,0.023068799468179236,0.6449621867960693,40.1021979021607,71.58096248458605,0.0,HMTD-MDE,85,case57,0.04
True,28,0.04,True,11,11,False,28,True,0.09108306775339423,0.02252353824170983,0.6449621867960693,28.03165625082329,35.341810385580175,0.0,HMTD-MDE,86,case57,0.04
True,26,-0.04,False,20,20,False,0,False,0.6101530302020524,0.3392106866922455,0.6449621867960693,27.91110405814834,35.64435864391272,0.0,HMTD-MDE,87,case57,0.04
True,17,-0.04,False,20,20,False,17,True,0.5275395700220818,0.08453043148056899,0.6449621867960693,33.179706198279746,57.801643438870116,0.0,HMTD-MDE,88,case57,0.04
True,55,-0.04,True,1,1,False,55,True,0.0142743952540235,0.0012620163449628455,0.6449621867960693,28.936256261658855,49.07256046135445,0.0,HMTD-MDE,89,case57,0.04
True,11,0.04,True,1,1,False,11,True,3.8671819781197475e-10,0.0002955651145503168,0.6449621867960693,28.916235349606723,38.09525684046094,0.0,HMTD-MDE,90,case57,0.04
True,48,-0.04,True,1,1,False,48,True,3.8671808797186145e-10,0.002753712702745942,0.6449621867960693,31.707737551187165,42.88908604939935,0.0,HMTD-MDE,91,case57,0.04
True,50,-0.04,True,1,1,False,49,False,0.1336475684645245,0.012631639548955463,0.6449621867960693,31.83883960300591,49.19718749879394,0.0,HMTD-MDE,92,case57,0.04
True,53,-0.04,True,1,1,False,52,False,0.26457630421669714,0.007292823610251507,0.6449621867960693,35.74830204597674,86.47085175616668,0.0,HMTD-MDE,93,case57,0.04
True,43,0.04,True,6,6,False,37,False,0.17145372801873793,0.00996532257517498,0.6449621867960693,29.823943856172264,50.32659026910552,0.0,HMTD-MDE,94,case57,0.04
True,40,-0.04,True,4,4,False,40,True,0.000808974002964188,0.01128288000435821,0.6449621867960693,28.09869789343793,38.155847898451626,0.0,HMTD-MDE,95,case57,0.04
True,10,-0.04,True,1,1,False,10,True,3.8671819781197475e-10,0.0007455511118699345,0.6449621867960693,29.1715271450812,48.96771041094327,0.0,HMTD-MDE,96,case57,0.04
True,14,0.04,True,7,7,False,14,True,3.867181978119748e-10,0.007593593808137527,0.6449621867960693,37.1519249456469,89.54355235619009,0.0,HMTD-MDE,97,case57,0.04
True,53,-0.04,True,1,1,False,53,True,0.21745652652879424,0.004764652902824318,0.6449621867960693,39.20439179637469,73.65329230960927,0.0,HMTD-MDE,98,case57,0.04
True,49,-0.04,False,20,20,False,49,True,0.1233373694669301,0.012980201516434949,0.6449621867960693,27.859708259347826,35.646493450622074,0.0,HMTD-MDE,99,case57,0.04
True,56,0.04,True,6,6,False,38,False,0.17144160101377046,0.015389855032371627,0.6449621867960693,34.66765199555084,61.09543566708455,0.0,HMTD-MDE,100,case57,0.04
True,17,-0.04,False,20,20,False,18,False,0.31927112804912955,0.025793200650676886,0.6449621867960693,32.72427924675867,68.49921871325932,0.0,HMTD-MDE,101,case57,0.04
True,12,0.04,True,1,1,False,12,True,3.8671819781197475e-10,6.506154484848831e-05,0.6449621867960693,26.100675005000085,33.30823715077714,0.0,HMTD-MDE,102,case57,0.04
True,48,-0.04,True,1,1,False,48,True,3.867180879718647e-10,0.002753712702745942,0.6449621867960693,29.460499799461104,41.042109724367045,0.0,HMTD-MDE,103,case57,0.04
True,31,0.04,False,20,20,False,31,True,0.42658127080886055,0.020078958572194248,0.6449621867960693,32.27965429832693,54.854922927916085,0.0,HMTD-MDE,104,case57,0.04
True,31,0.04,False,20,20,False,33,False,0.4398343942385358,0.028314180742235073,0.6449621867960693,33.60438335512299,76.37374163023198,0.0,HMTD-MDE,105,case57,0.04
True,41,-0.04,True,1,1,False,41,True,0.14413857504066008,0.0010179169349130803,0.6449621867960693,32.17348964535631,45.08631527423859,0.0,HMTD-MDE,106,case57,0.04
True,16,-0.04,False,20,20,False,0,False,0.5503340217539637,0.3742960759998441,0.6449621867960693,31.656356301391497,48.41144174861256,0.0,HMTD-MDE,107,case57,0.04
True,20,0.04,True,1,1,False,20,True,0.23236784904071123,0.007623782683603069,0.6449621867960693,33.43802499875892,55.0650184362894,0.0,HMTD-MDE,108,case57,0.04
True,50,0.04,True,1,1,False,50,True,0.17068524499676355,0.009290011667430336,0.6449621867960693,31.795852002687752,45.16302286647261,0.0,HMTD-MDE,109,case57,0.04
True,17,0.04,False,20,20,False,17,True,0.22441164061181232,0.037149686321401934,0.6449621867960693,35.26161450718064,61.8939145759214,0.0,HMTD-MDE,110,case57,0.04
True,41,0.04,True,1,1,False,41,True,0.021746918472077832,0.000932479243819484,0.6449621867960693,32.250933250179514,61.28957704349887,0.0,HMTD-MDE,111,case57,0.04
True,15,0.04,False,20,20,False,0,False,0.6008886557100147,0.34348062221629416,0.6449621867960693,28.634489703108557,43.197677721036605,0.0,HMTD-MDE,112,case57,0.04
True,12,-0.04,True,1,1,False,12,True,3.8671819781197475e-10,6.506154484848831e-05,0.6449621867960693,33.63422094844282,51.96509788802361,0.0,HMTD-MDE,113,case57,0.04
True,33,-0.04,False,20,20,False,33,True,0.59292849337104,0.11555908945592523,0.6449621867960693,32.488787348847836,50.152367306873224,0.0,HMTD-MDE,114,case57,0.04
True,8,0.04,True,1,1,False,8,True,3.8671819781197475e-10,0.00028489480589777717,0.6449621867960693,29.98067704611458,45.85761492780877,0.0,HMTD-MDE,115,case57,0.04
True,16,-0.04,False,20,20,False,0,False,0.5828589401746831,0.35436869097931306,0.6449621867960693,34.43438135436736,71.23148127284367,0.0,HMTD-MDE,116,case57,0.04
True,46,-0.04,False,20,20,False,0,False,0.5584887939046892,0.36842005908893927,0.6449621867960693,30.87008540169336,54.091723554302014,0.0,HMTD-MDE,117,case57,0.04
True,8,-0.04,True,1,1,False,8,True,3.8671819781197475e-10,0.00028489480589777717,0.6449621867960693,34.00365820562001,57.19532644725407,0.0,HMTD-MDE,118,case57,0.04
True,20,0.04,True,2,2,False,20,True,0.26215176338062085,0.00954954410226893,0.6449621867960693,33.26670419774018,81.14492111490108,0.0,HMTD-MDE,119,case57,0.04
True,52,-0.04,True,1,1,False,52,True,0.270332312458593,0.008222671228542214,0.6449621867960693,30.188820842886344,61.73220801865683,0.0,HMTD-MDE,120,case57,0.04
True,9,-0.04,True,2,2,False,9,True,3.8671819781197475e-10,0.0057420482213255955,0.6449621867960693,33.266987596289255,59.366820796276464,0.0,HMTD-MDE,121,case57,0.04
True,21,0.04,False,20,20,False,0,False,0.5548446979295256,0.3692895933154119,0.6449621867960693,33.200291605317034,45.047345833154445,0.0,HMTD-MDE,122,case57,0.04
True,43,0.04,True,1,1,False,43,True,0.17146709969220428,0.009965656279632706,0.6449621867960693,27.310804204898886,39.49832915095613,0.0,HMTD-MDE,123,case57,0.04
True,18,-0.04,True,9,9,False,18,True,0.2715193363613988,0.030744595854752223,0.6449621867960693,28.047708453959785,35.22089169127867,0.0,HMTD-MDE,124,case57,0.04
True,38,-0.04,True,18,18,False,38,True,0.1714416009440448,0.015389855031208717,0.6449621867960693,36.581304101855494,53.92516006540982,0.0,HMTD-MDE,125,case57,0.04
True,47,-0.04,False,20,20,False,0,False,0.6143831670974568,0.2639453751230578,0.6449621867960693,31.95874584489502,57.49367499956861,0.0,HMTD-MDE,126,case57,0.04
True,51,-0.04,False,20,20,False,51,True,0.20284109616221216,0.028567038258267577,0.6449621867960693,31.748235449776985,50.50318951252849,0.0,HMTD-MDE,127,case57,0.04
True,23,0.04,True,0,0,False,0,False,0.5955276911352699,0.3483081941046495,0.6449621867960693,34.16696465865243,62.21902853285428,0.0,HMTD-MDE,128,case57,0.04
True,40,0.04,True,6,6,False,40,True,0.001668579898183274,0.011278438981090379,0.6449621867960693,34.73052915651351,73.32434817799367,0.0,HMTD-MDE,129,case57,0.04
True,20,-0.04,True,1,1,False,19,False,0.20761512365217372,0.006747996649391539,0.6449621867960693,30.758818646427244,55.856884794775404,0.0,HMTD-MDE,130,case57,0.04
True,51,-0.04,False,20,20,False,51,True,0.12781751007197706,0.027056702423725303,0.6449621867960693,32.822552204015665,60.46297498687637,0.0,HMTD-MDE,131,case57,0.04
True,26,0.04,False,20,20,False,0,False,0.568507877501913,0.36377127777290413,0.6449621867960693,33.06201244413387,63.52343122416643,0.0,HMTD-MDE,132,case57,0.04
True,43,-0.04,True,7,7,False,37,False,0.1723231458849748,0.00999608188572302,0.6449621867960693,35.20430419885088,57.39831006212627,0.0,HMTD-MDE,133,case57,0.04
True,54,-0.04,False,20,20,False,0,False,0.5895537029004693,0.3507101201027991,0.6449621867960693,32.66420834406745,74.83279370353557,0.0,HMTD-MDE,134,case57,0.04
True,32,0.04,False,20,20,False,0,False,0.58988352690831,0.3575929456634457,0.6449621867960693,31.391364755108953,47.03903095505667,0.0,HMTD-MDE,135,case57,0.04
True,47,0.04,False,20,20,False,0,False,0.6249968710926082,0.32289874208699243,0.6449621867960693,29.32710194727406,43.82360412855634,0.0,HMTD-MDE,136,case57,0.04
True,51,0.04,True,2,2,False,51,True,0.1555847275311608,0.0325019168260112,0.6449621867960693,33.8271396496566,76.10493339016102,0.0,HMTD-MDE,137,case57,0.04
True,53,0.04,True,1,1,False,51,False,0.2418413684364703,0.012703378819895726,0.6449621867960693,33.426577103091404,47.91286875260998,0.0,HMTD-MDE,138,case57,0.04
True,54,0.04,False,20,20,False,45,False,0.5311336096364108,0.2046947171108579,0.6449621867960693,29.551541540422477,47.06868123612367,0.0,HMTD-MDE,139,case57,0.04
True,20,0.04,True,2,2,False,19,False,0.26354653779567794,0.009705646754950073,0.6449621867960693,36.19614799681585,77.06853191484699,0.0,HMTD-MDE,140,case57,0.04
True,52,0.04,True,1,1,False,51,False,0.26961772879838936,0.00995244514440616,0.6449621867960693,26.37862714473158,38.08757500955835,0.0,HMTD-MDE,141,case57,0.04
True,10,0.04,True,1,1,False,10,True,3.8671819781197475e-10,0.0007455511118699345,0.6449621867960693,29.781598041881807,49.84998333093245,0.0,HMTD-MDE,142,case57,0.04
True,12,-0.04,True,1,1,False,12,True,3.8671819781197475e-10,6.506154484848831e-05,0.6449621867960693,32.5190292467596,58.57583331817296,0.0,HMTD-MDE,143,case57,0.04
True,10,0.04,True,1,1,False,10,True,3.8671819781197475e-10,0.0007455511118699345,0.6449621867960693,30.13243335590232,43.38775660435205,0.0,HMTD-MDE,144,case57,0.04
True,11,-0.04,True,1,1,False,11,True,3.8671819781197475e-10,0.0002955651145503168,0.6449621867960693,30.84213954862207,46.15427497483325,0.0,HMTD-MDE,145,case57,0.04
True,25,-0.04,False,20,20,False,0,False,0.5950257090975155,0.3220180883573809,0.6449621867960693,27.616768854204565,40.18101633992047,0.0,HMTD-MDE,146,case57,0.04
True,36,0.04,True,1,1,False,36,True,3.867180879720312e-10,0.0008651682048311887,0.6449621867960693,30.910270899767056,46.1760208621854,0.0,HMTD-MDE,147,case57,0.04
True,44,-0.04,False,20,20,False,44,True,0.19791660702229621,0.09196805721567074,0.6449621867960693,29.422316499403678,57.26262295502238,0.0,HMTD-MDE,148,case57,0.04
True,24,0.04,True,7,7,False,31,False,0.4025519256571946,0.016405063059777427,0.6449621867960693,33.94373965275008,73.78524825908245,0.0,HMTD-MDE,149,case57,0.04
True,3,0.04,True,1,1,False,3,True,3.86718197811984e-10,0.0034832369284029763,0.6449621867960693,30.473279146826826,53.11841040092986,0.0,HMTD-MDE,150,case57,0.04
True,42,0.04,False,20,20,False,42,True,3.3385075402341125e-09,0.03399701615423217,0.6449621867960693,30.50536664959509,54.24967885774096,0.0,HMTD-MDE,151,case57,0.04
True,23,0.04,False,20,20,False,0,False,0.6262235408335969,0.30889515751421803,0.6449621867960693,28.67806464782916,38.696424983209006,0.0,HMTD-MDE,152,case57,0.04
True,45,0.04,False,20,20,False,45,True,1.1970678889162588e-09,0.02250114295671235,0.6449621867960693,31.164166759117506,38.99089406477289,0.0,HMTD-MDE,153,case57,0.04
True,24,-0.04,True,15,15,False,34,False,0.4021769400857685,0.016318232428114518,0.6449621867960693,33.178416849114,52.12379372969736,0.0,HMTD-MDE,154,case57,0.04
True,22,-0.04,False,20,20,False,0,False,0.628439588660667,0.2532584173939186,0.6449621867960693,30.664297894691117,41.40839763276745,0.0,HMTD-MDE,155,case57,0.04
True,23,0.04,False,20,20,False,0,False,0.5522650722765726,0.3728758654355241,0.6449621867960693,32.18111245369073,43.81917022983545,0.0,HMTD-MDE,156,case57,0.04
True,54,0.04,False,20,20,False,54,True,0.2711519487646994,0.06041662193193026,0.6449621867960693,34.07294160570018,58.03503809729591,0.0,HMTD-MDE,157,case57,0.04
True,33,-0.04,False,20,20,False,0,False,0.6751440749843984,0.24468083610560018,0.6449621867960693,32.130639551905915,50.389284751145176,0.0,HMTD-MDE,158,case57,0.04
True,39,-0.04,False,20,20,False,0,False,0.5616535454009044,0.3668485952865117,0.6449621867960693,30.52297495305538,41.03616731008516,0.0,HMTD-MDE,159,case57,0.04
True,13,0.04,True,1,1,False,13,True,3.8671819781197475e-10,0.00024296946723677138,0.6449621867960693,28.179441700922325,38.88752084749286,0.0,HMTD-MDE,160,case57,0.04
True,38,0.04,False,20,20,False,56,False,0.1714416009440448,0.015389855031208714,0.6449621867960693,30.700629102648236,47.10844760993496,0.0,HMTD-MDE,161,case57,0.04
True,35,0.04,True,1,1,False,35,True,3.867180879718642e-10,0.0007903150392325828,0.6449621867960693,31.783193853334524,56.808433006517596,0.0,HMTD-MDE,162,case57,0.04
True,26,-0.04,False,20,20,False,0,False,0.5712153141603451,0.36844900595015373,0.6449621867960693,29.378825103049167,43.60211732564496,0.0,HMTD-MDE,163,case57,0.04
True,1,0.04,False,20,20,False,0,False,0.5783364778408263,0.3678357400131847,0.6449621867960693,30.790156396687962,59.16850834619254,0.0,HMTD-MDE,164,case57,0.04
True,49,-0.04,True,6,6,False,49,True,0.16317472713174375,0.011270562969173267,0.6449621867960693,30.154537595808506,46.53309169516436,0.0,HMTD-MDE,165,case57,0.04
True,40,0.04,True,5,5,False,40,True,0.0004910753220021518,0.011284408839151263,0.6449621867960693,30.994014561292715,45.63584231364076,0.0,HMTD-MDE,166,case57,0.04
True,40,0.04,True,4,4,False,40,True,0.0006487991737321869,0.011283616865332595,0.6449621867960693,34.538918602629565,64.8072628217051,0.0,HMTD-MDE,167,case57,0.04
True,28,0.04,False,20,20,False,28,True,0.012988937173675642,0.021189928112653786,0.6449621867960693,34.1703541460447,59.777722595026724,0.0,HMTD-MDE,168,case57,0.04
True,38,0.04,False,20,20,False,38,True,0.17144160094799968,0.015389855031280222,0.6449621867960693,28.866233362350613,49.7722360683838,0.0,HMTD-MDE,169,case57,0.04
True,27,0.04,False,20,20,False,27,True,0.13236185211675083,0.03033612100008833,0.6449621867960693,30.675749893998727,46.82141460943967,0.0,HMTD-MDE,170,case57,0.04
True,30,-0.04,False,20,20,False,31,False,0.4029548699618957,0.016402594983100337,0.6449621867960693,34.63809585664421,64.45911219925621,0.0,HMTD-MDE,171,case57,0.04
True,31,-0.04,False,20,20,False,31,True,0.4362053630568012,0.027893376005030595,0.6449621867960693,29.95739374891855,39.41051490546673,0.0,HMTD-MDE,172,case57,0.04
True,27,0.04,False,20,20,False,27,True,0.1205045119338724,0.030776896942419075,0.6449621867960693,31.324756154208448,55.3398142597871,0.0,HMTD-MDE,173,case57,0.04
True,51,0.04,False,20,20,False,51,True,0.16152586799578805,0.025885552129024308,0.6449621867960693,31.66682290029712,40.88148990122137,0.0,HMTD-MDE,174,case57,0.04
True,28,0.04,False,20,20,False,28,True,0.018546692868403283,0.021250538990722333,0.6449621867960693,31.616718840086836,52.25058602227367,0.0,HMTD-MDE,175,case57,0.04
True,33,-0.04,False,20,20,False,0,False,0.6478717885890489,0.3172927490497604,0.6449621867960693,31.29493335436564,42.52356874349064,0.0,HMTD-MDE,176,case57,0.04
True,20,-0.04,True,4,4,False,18,False,0.2718984861493777,0.012362109377189713,0.6449621867960693,30.23751464788802,42.324006560375,0.0,HMTD-MDE,177,case57,0.04
True,5,0.04,True,1,1,False,5,True,3.8671819781197475e-10,0.00192160191471911,0.6449621867960693,29.830704189953394,56.33170799992513,0.0,HMTD-MDE,178,case57,0.04
True,38,0.04,False,20,20,False,38,True,0.1714416009440448,0.015389855031208714,0.6449621867960693,30.731091648340225,41.69647912785878,0.0,HMTD-MDE,179,case57,0.04
True,52,-0.04,True,1,1,False,52,True,0.270428975090927,0.008249212710966597,0.6449621867960693,34.99489370151423,61.62337118585132,0.0,HMTD-MDE,180,case57,0.04
True,48,0.04,True,1,1,False,48,True,3.8671808797186254e-10,0.002753712702745942,0.6449621867960693,33.866662401123904,80.25456010946073,0.0,HMTD-MDE,181,case57,0.04
True,32,-0.04,False,20,20,False,0,False,0.5791440056914382,0.36102719204689415,0.6449621867960693,27.79256675275974,39.69075562490618,0.0,HMTD-MDE,182,case57,0.04
True,48,0.04,True,1,1,False,48,True,3.8671808797187495e-10,0.002753712702745942,0.6449621867960693,36.10206060693599,91.50657231220978,0.0,HMTD-MDE,183,case57,0.04
True,48,0.04,True,1,1,False,48,True,3.8671808797186166e-10,0.002753712702745942,0.6449621867960693,25.88221254409291,36.15526875073556,0.0,HMTD-MDE,184,case57,0.04
True,5,0.04,True,1,1,False,5,True,4.115783220222055e-10,0.00192160191472078,0.6449621867960693,31.76108315528836,55.08743893296924,0.0,HMTD-MDE,185,case57,0.04
True,41,0.04,True,1,1,False,41,True,0.051974966129560866,0.0009448710222471374,0.6449621867960693,31.519910454517227,54.88764405308758,0.0,HMTD-MDE,186,case57,0.04
True,29,-0.04,True,10,10,False,31,False,0.40783971819232195,0.017214348861223562,0.6449621867960693,23.248843653709628,31.914174981648106,0.0,HMTD-MDE,187,case57,0.04
True,10,-0.04,True,1,1,False,10,True,3.8671819781197475e-10,0.0007455511118699345,0.6449621867960693,32.31109599873889,51.3744104304351,0.0,HMTD-MDE,188,case57,0.04
True,13,0.04,True,1,1,False,13,True,3.8671819781197475e-10,0.00024296946723677138,0.6449621867960693,18.51153124589473,21.71761314093601,0.0,HMTD-MDE,189,case57,0.04
True,7,-0.04,False,20,20,False,7,True,3.203963290325624e-09,0.025269140662474366,0.6449621867960693,34.62508934317157,66.74058892531323,0.0,HMTD-MDE,190,case57,0.04
True,34,-0.04,False,20,20,False,31,False,0.41298383789523546,0.017652621332250578,0.6449621867960693,32.86539165128488,64.94834618351888,0.0,HMTD-MDE,191,case57,0.04
True,23,-0.04,False,20,20,False,0,False,0.5960515121252135,0.3446436845661733,0.6449621867960693,18.339639555779286,22.932211073930375,0.0,HMTD-MDE,192,case57,0.04
True,22,-0.04,False,20,20,False,0,False,0.5831178874782345,0.3589280291497964,0.6449621867960693,28.948385440162383,37.56550447433256,0.0,HMTD-MDE,193,case57,0.04
True,53,-0.04,True,1,1,False,53,True,0.269815101320997,0.008094558082026488,0.6449621867960693,19.017314587836154,22.524676745524634,0.0,HMTD-MDE,194,case57,0.04
True,40,0.04,True,1,1,False,40,True,0.00047605572984399846,0.011284435356123865,0.6449621867960693,32.83217705611605,63.23958781431431,0.0,HMTD-MDE,195,case57,0.04
True,4,-0.04,False,20,20,False,0,False,0.5974251065196479,0.31573838316627123,0.6449621867960693,18.330714598414488,22.0470204774756,0.0,HMTD-MDE,196,case57,0.04
True,23,0.04,False,20,20,False,0,False,0.5919799801323044,0.3499557243473296,0.6449621867960693,13.616614547208883,17.187777400249615,0.0,HMTD-MDE,197,case57,0.04
True,17,0.04,False,20,20,False,20,False,0.32337606100598965,0.014526547604357088,0.6449621867960693,20.962666702689603,25.30517469276674,0.0,HMTD-MDE,198,case57,0.04
True,28,0.04,False,20,20,False,28,True,0.1475008636964198,0.024474120450138293,0.6449621867960693,15.09601030847989,18.58113778289408,0.0,HMTD-MDE,199,case57,0.04
True,26,-0.04,True,3,3,False,26,True,0.1714416009441749,0.004170119817699051,0.4796691154681159,446.66004165192135,524.5004979457024,0.0,MS-HIDE,0,case57,0.04
True,49,-0.04,True,1,1,False,49,True,4.265858192654436e-10,0.0016130129423518533,0.4407417890514927,319.80896245513577,389.37268987938296,0.0,MS-HIDE,1,case57,0.04
True,53,-0.04,True,1,1,False,52,False,0.171441600947596,0.0015268310330088586,0.4495417380822841,428.91659174638335,505.2080649009454,0.0,MS-HIDE,2,case57,0.04
True,37,0.04,True,1,1,False,37,True,0.17144160094950736,0.0015616745182058527,0.5334111506249117,314.55084990302566,381.56031731923576,0.0,MS-HIDE,3,case57,0.04
True,46,0.04,True,17,17,False,0,False,0.4535569239902754,0.3274535486531365,0.49892248588204885,279.9814542988315,376.5786187170306,0.0,MS-HIDE,4,case57,0.04
True,17,0.04,True,3,3,False,17,True,0.002703859297318123,0.00788318253952118,0.5083502976183366,444.0135250391904,504.52774135337864,0.0,MS-HIDE,5,case57,0.04
True,24,0.04,True,3,3,False,29,False,0.171441601070441,0.002072505558585046,0.6692858702294886,324.54487085633446,374.3537895672489,0.0,MS-HIDE,6,case57,0.04
True,3,0.04,True,1,1,False,3,True,3.8671819781197475e-10,0.0010234120718180608,0.46679411637890617,419.94416254747193,496.4009125280441,0.0,MS-HIDE,7,case57,0.04
True,8,-0.04,True,1,1,False,8,True,3.8671819781197475e-10,0.0003177869000190791,0.3394475328782709,328.672700052266,395.67577533016447,0.0,MS-HIDE,8,case57,0.04
True,22,0.04,False,20,20,False,0,False,0.4831873888667887,0.3082936832837846,0.4707811664753304,315.51959784992505,379.6786666614935,0.0,MS-HIDE,9,case57,0.04
True,29,-0.04,True,2,2,False,24,False,0.17144160103669115,0.002072505558888803,0.6766243854853351,432.46491459722165,504.66293988865954,0.0,MS-HIDE,10,case57,0.04
True,28,-0.04,True,1,1,False,28,True,1.3866554926884086e-09,0.0011222732837502592,0.35460350804510354,328.1576708017383,391.86920586798806,0.0,MS-HIDE,11,case57,0.04
True,8,0.04,True,1,1,False,8,True,3.8671819781197475e-10,0.0003177869002985445,0.34027054429886283,436.3540749531239,528.2969374849941,0.0,MS-HIDE,12,case57,0.04
True,28,-0.04,True,2,2,False,28,True,1.3653937604816286e-09,0.001122273283390422,0.37057343640681584,326.945002147113,381.93635977222584,0.0,MS-HIDE,13,case57,0.04
True,22,0.04,False,20,20,False,0,False,0.4833378963951998,0.27406566616840244,0.5257733651957028,307.59467915049754,360.3771848371253,0.0,MS-HIDE,14,case57,0.04
True,26,0.04,True,3,3,False,25,False,0.1714416009440448,0.004202867921123709,0.4916193824379803,449.53832069877535,528.9240812446241,0.0,MS-HIDE,15,case57,0.04
True,40,-0.04,True,11,11,False,40,True,3.6243800628787487e-07,0.007675200573172656,0.4765945135317163,324.9534915550612,401.6282187454636,0.0,MS-HIDE,16,case57,0.04
True,1,-0.04,False,20,20,False,1,True,0.00019275804959572465,0.024738718553600453,0.45229442840313544,432.6694625488017,493.74721462954915,0.0,MS-HIDE,17,case57,0.04
True,37,-0.04,True,1,1,False,37,True,0.17144160094404476,0.0016562590951360065,0.5149884348548092,336.2682543025585,387.1809747244697,0.0,MS-HIDE,18,case57,0.04
True,42,-0.04,True,2,2,False,42,True,3.8671808797186145e-10,0.0020954845314066274,0.5669330636629529,312.0603102084715,377.1642809268087,0.0,MS-HIDE,19,case57,0.04
True,32,0.04,False,20,20,False,0,False,0.4292725280388079,0.3366361457594586,0.5043178178426346,442.2981416573748,505.82404587476225,0.0,MS-HIDE,20,case57,0.04
True,20,0.04,True,1,1,False,20,True,0.1714416009440448,0.001899389627521945,0.519550247297401,331.2722665461479,382.7885332633741,0.0,MS-HIDE,21,case57,0.04
True,46,0.04,False,20,20,False,0,False,0.42073119539841164,0.3340260891083007,0.533965902724124,434.63230000052135,519.9739982577754,0.0,MS-HIDE,22,case57,0.04
True,42,0.04,True,3,3,False,42,True,3.8671808797186145e-10,0.002095484531212994,0.5414633863351833,316.8683272029739,376.69802151212934,0.0,MS-HIDE,23,case57,0.04
True,56,-0.04,True,3,3,False,38,False,0.17144160094404476,0.00509470487524591,0.5508941982798531,300.6095853372244,362.63140387891326,0.0,MS-HIDE,24,case57,0.04
True,53,0.04,True,1,1,False,52,False,0.17144160094404476,0.00152665842094307,0.4460921319437757,318.38406044698786,384.2951506754616,0.0,MS-HIDE,25,case57,0.04
True,48,0.04,True,1,1,False,48,True,3.867180879718616e-10,0.0012942536278235767,0.38816757577023986,310.1553354499629,385.21552259335294,0.0,MS-HIDE,26,case57,0.04
True,24,-0.04,True,2,2,False,24,True,0.17144160097484193,0.0020725055586728026,0.6804454217908515,326.1321958445478,372.03081905900035,0.0,MS-HIDE,27,case57,0.04
True,20,0.04,True,1,1,False,19,False,0.1714416009440448,0.0019001977700408917,0.5339973994443932,311.6096666548401,385.8780521055451,0.0,MS-HIDE,28,case57,0.04
True,34,-0.04,True,2,2,False,34,True,3.867180879719484e-10,0.0020993388474523362,0.4634399029650444,322.3474332073238,392.81151075847447,0.0,MS-HIDE,29,case57,0.04
True,11,-0.04,True,1,1,False,11,True,3.8671819781197475e-10,0.00036839150146271833,0.3424478073616517,318.3111332997214,378.00020768190734,0.0,MS-HIDE,30,case57,0.04
True,38,0.04,True,3,3,False,56,False,0.17144160094404476,0.005094704799048432,0.5602728051661255,315.78188544372097,375.3370038612047,0.0,MS-HIDE,31,case57,0.04
True,32,0.04,False,20,20,False,0,False,0.42692836596508477,0.3359840418755316,0.5226316330739487,312.86052710493095,386.0825854091672,0.0,MS-HIDE,32,case57,0.04
True,15,-0.04,False,20,20,False,0,False,0.4266190959338486,0.32610417106776307,0.5225162832982897,309.2311082582455,357.12620240810793,0.0,MS-HIDE,33,case57,0.04
True,36,0.04,True,1,1,False,36,True,3.8671811543196014e-10,0.0007148334759064396,0.3746310625035559,307.3689083044883,373.3983860525769,0.0,MS-HIDE,34,case57,0.04
True,26,0.04,True,1,1,False,25,False,0.1714416009440448,0.004206871205223952,0.4999716669985881,333.02762499661185,410.7864854158834,0.0,MS-HIDE,35,case57,0.04
True,28,0.04,True,1,1,False,28,True,1.1621811867584778e-09,0.001122273283444504,0.3610567736983548,315.40144180180505,393.6674941214734,0.0,MS-HIDE,36,case57,0.04
True,3,0.04,True,2,2,False,3,True,3.8671819781197475e-10,0.0010234120715768371,0.47033267994961503,319.32142080622725,403.3515097369673,0.0,MS-HIDE,37,case57,0.04
True,6,0.04,True,1,1,False,6,True,3.8671819781197915e-10,0.0010506935694074902,0.4789864042985631,289.493012445746,369.31580000091344,0.0,MS-HIDE,38,case57,0.04
True,51,-0.04,True,3,3,False,51,True,3.869127752136967e-10,0.004248720643485353,0.4632012365448426,317.86422925652005,382.83211734669754,0.0,MS-HIDE,39,case57,0.04
True,17,0.04,True,5,5,False,17,True,0.03405737296075318,0.0025945095233157276,0.479874903887928,326.43128739728127,398.06550003995653,0.0,MS-HIDE,40,case57,0.04
True,49,-0.04,True,1,1,False,49,True,3.8671808797186874e-10,0.0016490029448002906,0.4407417890514927,302.7384645945858,395.4076860827627,0.0,MS-HIDE,41,case57,0.04
True,19,-0.04,True,2,2,False,20,False,0.1714416009440448,0.0018963231586541518,0.507608563418325,297.225358360447,365.9679002914345,0.0,MS-HIDE,42,case57,0.04
True,31,0.04,True,1,1,False,30,False,0.02718048276407908,0.0020817288972731743,0.43709552817950625,302.0524166058749,369.53981666010804,0.0,MS-HIDE,43,case57,0.04
True,55,0.04,True,1,1,False,55,True,3.920073455869798e-10,0.0008710260659507293,0.35592617937266596,327.07509795727674,417.3093562218128,0.0,MS-HIDE,44,case57,0.04
True,2,0.04,True,2,2,False,2,True,3.8671819781197656e-10,0.001558553134258431,0.49369174435510954,318.0786521988921,393.53991106618196,0.0,MS-HIDE,45,case57,0.04
True,34,-0.04,True,1,1,False,34,True,3.8671808797186145e-10,0.002131777579847414,0.46422825571819504,311.3379145943327,380.7514663320035,0.0,MS-HIDE,46,case57,0.04
True,14,-0.04,True,1,1,False,14,True,3.8671819781197734e-10,0.0013023726319667743,0.5148487654155617,303.20501239039004,390.74355210759677,0.0,MS-HIDE,47,case57,0.04
True,1,0.04,False,20,20,False,1,True,0.000680899311391331,0.027030791046114937,0.5091218309805496,294.30037710408214,357.8912086610217,0.0,MS-HIDE,48,case57,0.04
True,34,-0.04,True,3,3,False,34,True,3.9316487626338114e-10,0.0020963463459576052,0.46193303172416794,317.5892522500362,371.05900212482084,0.0,MS-HIDE,49,case57,0.04
True,40,-0.04,True,14,14,False,40,True,6.091569135294599e-09,0.007667186146521078,0.40787497152599184,300.67266870464664,358.3331402303884,0.0,MS-HIDE,50,case57,0.04
True,27,-0.04,True,1,1,False,27,True,4.799005248189328e-10,0.001174664711218814,0.3628109262319663,314.3904084485257,393.8924631598639,0.0,MS-HIDE,51,case57,0.04
True,44,-0.04,True,3,3,False,44,True,1.9142103617768304e-05,0.0037935841754579837,0.5268288267075082,300.04296890401747,362.117803550791,0.0,MS-HIDE,52,case57,0.04
True,1,0.04,False,20,20,False,1,True,0.00020749618258593492,0.02501132865646052,0.483100574553205,319.99211049696896,384.3260836525588,0.0,MS-HIDE,53,case57,0.04
True,20,-0.04,True,2,2,False,20,True,0.1714416009440448,0.0018982368904307987,0.5177429073417457,306.59900010505226,398.9480002928758,0.0,MS-HIDE,54,case57,0.04
True,41,-0.04,True,1,1,False,41,True,4.0220044857705564e-10,0.0006132213469075278,0.35166287562564413,288.17499789292924,359.3847062555142,0.0,MS-HIDE,55,case57,0.04
True,25,0.04,True,2,2,False,26,False,0.17144160094423472,0.004170120092776389,0.4490285580734841,324.4971604523016,394.5589184615529,0.0,MS-HIDE,56,case57,0.04
True,33,0.04,True,15,15,False,33,True,1.4554876021268609e-05,0.014157952136756764,0.4446834571747753,305.30387715261895,378.8724402082153,0.0,MS-HIDE,57,case57,0.04
True,42,-0.04,True,2,2,False,42,True,3.8671808797186145e-10,0.0020954845316290558,0.5679989265671327,313.4095394052565,395.1614041347058,0.0,MS-HIDE,58,case57,0.04
True,21,0.04,False,20,20,False,0,False,0.4458663413350239,0.32972598804932113,0.5520364524908327,275.4717041971162,337.7330149145564,0.0,MS-HIDE,59,case57,0.04
True,36,-0.04,True,1,1,False,36,True,3.867180879721284e-10,0.0007148334763384611,0.37313425791769705,323.7661083432613,396.2658684293274,0.0,MS-HIDE,60,case57,0.04
True,46,0.04,False,20,20,False,0,False,0.44520951778229984,0.3260412443359929,0.5527352204711432,295.3593562473543,415.9755961532938,0.0,MS-HIDE,61,case57,0.04
True,56,0.04,True,3,3,False,38,False,0.1714416009440448,0.005094704816581693,0.540549007466255,315.6394457939314,366.49991844897164,0.0,MS-HIDE,62,case57,0.04
True,8,-0.04,True,2,2,False,8,True,3.8671819781197475e-10,0.0003177869002325071,0.3360188810487895,313.6993187450571,423.70864828699274,0.0,MS-HIDE,63,case57,0.04
True,2,0.04,True,1,1,False,2,True,3.867181978119759e-10,0.0015585531342639117,0.5006740174634274,269.16741244785953,343.93492323579267,0.0,MS-HIDE,64,case57,0.04
True,43,0.04,True,1,1,False,43,True,0.17144160113014395,0.0015646421720127443,0.5138705691460236,319.8422811954515,384.5300690445584,0.0,MS-HIDE,65,case57,0.04
True,11,0.04,True,1,1,False,11,True,3.8671819781197475e-10,0.0003683915006784564,0.33743029460712765,317.5518665986601,417.57005561084964,0.0,MS-HIDE,66,case57,0.04
True,7,0.04,False,20,20,False,7,True,3.8671819781197506e-10,0.013721480763422425,0.5417929197800307,296.2169437960256,378.5084645816824,0.0,MS-HIDE,67,case57,0.04
True,7,-0.04,False,20,20,False,7,True,3.9227351299314374e-10,0.01372076737314984,0.539862740152598,265.22292284935247,374.8019496415509,0.0,MS-HIDE,68,case57,0.04
True,51,-0.04,True,3,3,False,51,True,3.9305415554847845e-10,0.004226153272340225,0.4527331134497563,264.5225103973644,351.68698750494514,0.0,MS-HIDE,69,case57,0.04
True,12,-0.04,True,1,1,False,12,True,3.8671819781197475e-10,0.0002901152597598226,0.27540479289454173,299.6009208000032,387.97747532080393,0.0,MS-HIDE,70,case57,0.04
True,17,-0.04,True,3,3,False,17,True,0.001621067702580272,0.002549776566774107,0.5152415259228256,285.7481604034547,370.51137708767783,0.0,MS-HIDE,71,case57,0.04
True,35,0.04,True,1,1,False,35,True,3.8671808797186145e-10,0.0009331971383940741,0.32818164532036603,309.21010629972443,407.90214757435035,0.0,MS-HIDE,72,case57,0.04
True,37,0.04,True,1,1,False,43,False,0.1714416009508751,0.001564659889450288,0.5185287529998509,295.12447495071683,441.87163544702344,0.0,MS-HIDE,73,case57,0.04
True,11,0.04,True,1,1,False,11,True,3.8671819781197475e-10,0.0003683915015089427,0.3392781705445239,271.16398335201666,364.8711205401924,0.0,MS-HIDE,74,case57,0.04
True,43,-0.04,True,1,1,False,37,False,0.1714416009752386,0.0015619078467854126,0.5216486588905789,308.70532920525875,397.9432726016967,0.0,MS-HIDE,75,case57,0.04
True,39,0.04,True,2,2,False,39,True,3.867180879718649e-10,0.003647474192318536,0.5015297357935581,259.14503540552687,313.81788544822484,0.0,MS-HIDE,76,case57,0.04
True,41,-0.04,True,1,1,False,41,True,4.0318839611769116e-10,0.0006132213468806799,0.3621691319762279,296.81818335084245,389.2251223354833,0.0,MS-HIDE,77,case57,0.04
True,11,-0.04,True,1,1,False,11,True,3.8671819781197475e-10,0.0003683915014164428,0.33576762064856125,279.8273353546392,353.9823124767281,0.0,MS-HIDE,78,case57,0.04
True,24,0.04,True,1,1,False,24,True,0.1714416009850825,0.0020725055589859956,0.6741898057407172,281.66763549670577,339.2646836233326,0.0,MS-HIDE,79,case57,0.04
True,26,-0.04,True,1,1,False,26,True,0.1714416009443669,0.004170132427441028,0.4733111510163849,268.7164459057385,330.93028369476093,0.0,MS-HIDE,80,case57,0.04
True,37,0.04,True,1,1,False,43,False,0.17144160112490886,0.0015616723772958884,0.5235455027679679,264.6475458430359,329.7958871698939,0.0,MS-HIDE,81,case57,0.04
True,26,-0.04,True,1,1,False,26,True,0.1714416009440448,0.004294157801586178,0.48534592057966813,276.82348545931745,353.7918291520328,0.0,MS-HIDE,82,case57,0.04
True,20,-0.04,True,2,2,False,19,False,0.1714416009440448,0.0019355620767611376,0.5119633022705685,262.51987504947465,313.63963930343743,0.0,MS-HIDE,83,case57,0.04
True,54,0.04,True,1,1,False,54,True,5.155068947629109e-10,0.0019102505312627886,0.6262483451748133,268.2419562508585,345.15613689436583,0.0,MS-HIDE,84,case57,0.04
True,31,0.04,True,2,2,False,31,True,0.016189380468018877,0.0019462592153766968,0.4062666140181333,294.0395520912716,370.5647434631828,0.0,MS-HIDE,85,case57,0.04
True,28,0.04,True,1,1,False,28,True,7.41781409242273e-10,0.0011222732831842792,0.36771703219518226,282.2159730014391,356.13889822852803,0.0,MS-HIDE,86,case57,0.04
True,26,-0.04,True,3,3,False,26,True,0.17144160094404481,0.004401647498336934,0.49941495125978913,258.63036875380203,352.66073991952004,0.0,MS-HIDE,87,case57,0.04
True,17,-0.04,True,2,2,False,17,True,0.0027051424961965055,0.002556877856028296,0.4932810298523598,260.9938416600926,312.94295828847686,0.0,MS-HIDE,88,case57,0.04
True,55,-0.04,True,1,1,False,55,True,3.8671808797195125e-10,0.0008710260658895629,0.3691277953053025,262.7084542007651,328.2389190309914,0.0,MS-HIDE,89,case57,0.04
True,11,0.04,True,1,1,False,11,True,3.8671819781197475e-10,0.00036839150160813256,0.33447472646924326,286.47183535213117,343.4463771118317,0.0,MS-HIDE,90,case57,0.04
True,48,-0.04,True,2,2,False,48,True,1.9270009662524347e-09,0.0012947159987247543,0.3617495452810763,266.755343801924,338.25958784436807,0.0,MS-HIDE,91,case57,0.04
True,50,-0.04,True,1,1,False,50,True,3.86718087971904e-10,0.0014815974620797803,0.43581486270728387,261.86880005407147,354.90075482812244,0.0,MS-HIDE,92,case57,0.04
True,53,-0.04,True,1,1,False,52,False,0.17144160094404476,0.0015311948621555076,0.3979418853992238,267.7979770494858,334.52717328618746,0.0,MS-HIDE,93,case57,0.04
True,43,0.04,True,1,1,False,43,True,0.1714416009878636,0.0015995053794962471,0.515687764096621,252.03345854242798,297.7112354186829,0.0,MS-HIDE,94,case57,0.04
True,40,-0.04,True,4,4,False,40,True,1.578599308773806e-09,0.00767032657516078,0.4330617113358029,263.22371435235254,323.9720395009499,0.0,MS-HIDE,95,case57,0.04
True,10,-0.04,True,1,1,False,10,True,3.8671819781197475e-10,0.0008020016223035871,0.3352066697295907,269.7556081460789,336.85939520655666,0.0,MS-HIDE,96,case57,0.04
True,14,0.04,True,2,2,False,14,True,3.867181978119751e-10,0.0013023726319397657,0.5103659107909215,261.779568696511,324.6573868440464,0.0,MS-HIDE,97,case57,0.04
True,53,-0.04,True,1,1,False,53,True,0.17144160094404476,0.0015310264314820907,0.42662831695122316,280.2641166461399,352.06172530015465,0.0,MS-HIDE,98,case57,0.04
True,49,-0.04,True,3,3,False,49,True,4.311860079994638e-10,0.001613012942315386,0.4383276425295256,285.49395220179576,369.9319916398963,0.0,MS-HIDE,99,case57,0.04
True,56,0.04,True,1,1,False,38,False,0.17144160094404476,0.005094704795421053,0.5599861792284886,262.6302959077293,299.4303833082086,0.0,MS-HIDE,100,case57,0.04
True,17,-0.04,True,3,3,False,17,True,0.057178949713874355,0.00264043270065375,0.5141088686764019,264.21079380379524,323.9099829748739,0.0,MS-HIDE,101,case57,0.04
True,12,0.04,True,1,1,False,12,True,3.8671819781197475e-10,0.0002901152601130332,0.26767867149353447,273.86541459709406,365.99910651566466,0.0,MS-HIDE,102,case57,0.04
True,48,-0.04,True,1,1,False,48,True,3.867180879718739e-10,0.0013040352620220636,0.32832572647628533,267.57674565305933,320.01290802145377,0.0,MS-HIDE,103,case57,0.04
True,31,0.04,True,3,3,False,31,True,9.796363463669858e-05,0.0019444639144178893,0.39560720850835157,269.84605211473536,319.49565387330955,0.0,MS-HIDE,104,case57,0.04
True,31,0.04,True,2,2,False,31,True,0.06461815212465914,0.0020910618438490587,0.42668449895491334,262.4576250498649,330.11384195706347,0.0,MS-HIDE,105,case57,0.04
True,41,-0.04,True,1,1,False,41,True,4.971371193788535e-10,0.0006132213469478752,0.35814207161581235,285.98564780841116,379.04262884985656,0.0,MS-HIDE,106,case57,0.04
True,16,-0.04,False,20,20,False,0,False,0.46835637567386124,0.30047223194242567,0.5385968234660613,267.9997915576678,312.7458395407303,0.0,MS-HIDE,107,case57,0.04
True,20,0.04,True,4,4,False,20,True,0.1714416009440448,0.0019246523268972777,0.4916082452754659,274.31144579604734,348.6066610086709,0.0,MS-HIDE,108,case57,0.04
True,50,0.04,True,3,3,False,50,True,3.867180879718899e-10,0.001481597461880447,0.4449996810581873,274.60737480432726,336.5189955366077,0.0,MS-HIDE,109,case57,0.04
True,17,0.04,True,3,3,False,17,True,0.059339214276119656,0.0026939285116303895,0.4983454021665438,253.215893698507,312.7118559059454,0.0,MS-HIDE,110,case57,0.04
True,41,0.04,True,1,1,False,41,True,3.867180879720722e-10,0.0006132213466798961,0.36083631961920365,263.84160210436676,310.00054968462797,0.0,MS-HIDE,111,case57,0.04
True,15,0.04,False,20,20,False,0,False,0.4563360351423834,0.3260592539731734,0.49787077606115804,266.9991582981311,341.3295454985928,0.0,MS-HIDE,112,case57,0.04
True,12,-0.04,True,1,1,False,12,True,3.8671819781197475e-10,0.0002901152601130332,0.26767867149353447,263.89464790408965,333.2425899076043,0.0,MS-HIDE,113,case57,0.04
True,33,-0.04,False,20,20,False,33,True,6.746092944698078e-06,0.01419207123907469,0.43845501476350957,269.2805895989295,328.8528482604307,0.0,MS-HIDE,114,case57,0.04
True,8,0.04,True,1,1,False,8,True,3.8671819781197475e-10,0.00031778690141623654,0.34297535213523345,268.66612714657094,345.9829381026793,0.0,MS-HIDE,115,case57,0.04
True,16,-0.04,False,20,20,False,0,False,0.4473175120076333,0.32477669089883593,0.532700931509104,276.7023895517923,347.4306172982324,0.0,MS-HIDE,116,case57,0.04
True,46,-0.04,False,20,20,False,0,False,0.4955101375275109,0.30461138096040946,0.5305996800941457,266.1248417425668,320.87604645639664,0.0,MS-HIDE,117,case57,0.04
True,8,-0.04,True,1,1,False,8,True,3.8671819781197475e-10,0.0003177869002905102,0.33973415881590785,291.9231042440515,363.61942743824335,0.0,MS-HIDE,118,case57,0.04
True,20,0.04,True,1,1,False,19,False,0.1714416009440448,0.0018979897322699102,0.5162109047410692,271.1463998508407,336.53060414944775,0.0,MS-HIDE,119,case57,0.04
True,52,-0.04,True,1,1,False,53,False,0.17144160094806618,0.0015309945628504576,0.4139771529512583,259.42477504722774,310.1901377522154,0.0,MS-HIDE,120,case57,0.04
True,9,-0.04,True,1,1,False,9,True,3.8671819781197475e-10,0.0047965004060637065,0.42955466844272855,270.03775624907576,334.2526250169613,0.0,MS-HIDE,121,case57,0.04
True,21,0.04,False,20,20,False,0,False,0.43043790307935836,0.33381160434597923,0.5584794935912294,252.47196460841226,332.0726874982938,0.0,MS-HIDE,122,case57,0.04
True,43,0.04,True,1,1,False,37,False,0.17144160101983452,0.0015646596975933107,0.5235455027679679,283.83976449549664,344.90482293185784,0.0,MS-HIDE,123,case57,0.04
True,18,-0.04,True,3,3,False,18,True,0.0011014302194577309,0.004033724902442797,0.5185186726780753,268.98243534960784,340.7867687550606,0.0,MS-HIDE,124,case57,0.04
True,38,-0.04,True,6,6,False,38,True,0.1714416009440448,0.005094705343293447,0.53999052392977,258.4471917565679,307.25453957857104,0.0,MS-HIDE,125,case57,0.04
True,47,-0.04,False,20,20,False,0,False,0.4387602744919507,0.3311305026062316,0.5175358070323528,263.5430560942041,313.3126559172524,0.0,MS-HIDE,126,case57,0.04
True,51,-0.04,True,3,3,False,51,True,3.8671806051283153e-10,0.0042261532725715355,0.46032803016589585,264.27917910332326,328.083137163776,0.0,MS-HIDE,127,case57,0.04
True,23,0.04,True,0,0,False,0,False,0.4432326227593898,0.3315194236780821,0.5415493809120452,259.1982061974704,318.35703094548086,0.0,MS-HIDE,128,case57,0.04
True,40,0.04,True,4,4,False,40,True,2.250916889414603e-09,0.007666737984726037,0.4275019377412009,273.4381397051038,329.5667351048906,0.0,MS-HIDE,129,case57,0.04
True,20,-0.04,True,1,1,False,19,False,0.1714416009440448,0.0019298787656108463,0.5339937369054581,259.60002905048896,321.7183785600355,0.0,MS-HIDE,130,case57,0.04
True,51,-0.04,True,3,3,False,51,True,3.9428448653129865e-10,0.004226153271469493,0.4551931506102621,265.87399375566747,322.1527670335491,0.0,MS-HIDE,131,case57,0.04
True,26,0.04,True,2,2,False,26,True,0.1714416009455284,0.004171035283122962,0.4783305532481078,265.8540625474416,327.22064523841254,0.0,MS-HIDE,132,case57,0.04
True,43,-0.04,True,1,1,False,37,False,0.17144160098664146,0.0015995233175707768,0.524304653457632,258.73570219555404,332.10827320872346,0.0,MS-HIDE,133,case57,0.04
True,54,-0.04,True,1,1,False,54,True,0.00012828311365514633,0.0019109248969299928,0.6505739537996884,264.77862925094087,331.0035732749384,0.0,MS-HIDE,134,case57,0.04
True,32,0.04,False,20,20,False,0,False,0.4564893229369783,0.32588837443563,0.5267474750175475,265.02100404759403,314.2486687575001,0.0,MS-HIDE,135,case57,0.04
True,47,0.04,False,20,20,False,0,False,0.4484144971829422,0.3262035608643893,0.5364424251729613,275.6576939020306,345.8784979622578,0.0,MS-HIDE,136,case57,0.04
True,51,0.04,True,2,2,False,51,True,3.9061820381776804e-10,0.0042261532771598435,0.45601791821567433,284.66210824844893,345.5763145990204,0.0,MS-HIDE,137,case57,0.04
True,53,0.04,True,1,1,False,52,False,0.1714416009471947,0.0015269549808240301,0.4275270205025636,267.4429145583417,325.0893622083822,0.0,MS-HIDE,138,case57,0.04
True,54,0.04,True,1,1,False,54,True,5.002468686276088e-10,0.0019103072338189464,0.631111643767361,261.97090824425686,316.4740252570482,0.0,MS-HIDE,139,case57,0.04
True,20,0.04,True,2,2,False,20,True,0.1714416009440448,0.0018972567506020106,0.5262523287972165,275.23501249670517,353.39879343810026,0.0,MS-HIDE,140,case57,0.04
True,52,0.04,True,1,1,False,53,False,0.17144160094404476,0.0015308550477026173,0.42352880946958726,266.8438833003165,339.4250271026977,0.0,MS-HIDE,141,case57,0.04
True,10,0.04,True,1,1,False,10,True,3.8671819781197475e-10,0.0008020016223191906,0.3474602802169151,264.5183062501019,345.6798871862702,0.0,MS-HIDE,142,case57,0.04
True,12,-0.04,True,1,1,False,12,True,3.8671819781197475e-10,0.00029011526073611187,0.2653729852052923,260.01769585709553,317.76179022563156,0.0,MS-HIDE,143,case57,0.04
True,10,0.04,True,1,1,False,10,True,3.8671819781197475e-10,0.0008020016222398245,0.33973415881590785,258.1813083437737,321.06480027432553,0.0,MS-HIDE,144,case57,0.04
True,11,-0.04,True,1,1,False,11,True,3.8671819781197475e-10,0.0003683915010502192,0.3474602802169151,267.2348583495477,333.0375520628877,0.0,MS-HIDE,145,case57,0.04
True,25,-0.04,True,1,1,False,25,True,0.1714416009440448,0.004211979696394249,0.46029700871403323,280.9193834546022,357.43607744516345,0.0,MS-HIDE,146,case57,0.04
True,36,0.04,True,1,1,False,36,True,3.8822590580792945e-10,0.0007148334762483374,0.38202360117453416,273.3083832921693,336.5574954659678,0.0,MS-HIDE,147,case57,0.04
True,44,-0.04,True,1,1,False,44,True,3.8671806051239954e-10,0.003792771265538183,0.5189710880361614,270.4979230562458,331.85346252867026,0.0,MS-HIDE,148,case57,0.04
True,24,0.04,True,1,1,False,24,True,0.1714423287887693,0.002072505912684838,0.6763462965917044,282.54823324678,362.81786871550145,0.0,MS-HIDE,149,case57,0.04
True,3,0.04,True,2,2,False,3,True,3.8671819781197475e-10,0.0010234120716261467,0.467998468106696,262.36117710068356,320.9120874875225,0.0,MS-HIDE,150,case57,0.04
True,42,0.04,True,2,2,False,42,True,3.8671808797186145e-10,0.002095484531265195,0.5666705191444084,274.5471269998234,339.9365816032514,0.0,MS-HIDE,151,case57,0.04
True,23,0.04,False,20,20,False,0,False,0.47106110574756216,0.32095741710118353,0.5113677755323616,264.64636055752635,336.58524409984244,0.0,MS-HIDE,152,case57,0.04
True,45,0.04,True,1,1,False,45,True,3.8671808797186145e-10,0.0023695424059910247,0.501760506432359,266.45809155888855,321.39523068035487,0.0,MS-HIDE,153,case57,0.04
True,24,-0.04,True,1,1,False,24,True,0.17144160098777836,0.0020725055589873613,0.6648720701158886,249.0206187532749,302.19491667230614,0.0,MS-HIDE,154,case57,0.04
True,22,-0.04,False,20,20,False,0,False,0.46537225419491524,0.3172214090739813,0.5647239430375159,263.4735396015458,327.27967116516083,0.0,MS-HIDE,155,case57,0.04
True,23,0.04,False,20,20,False,0,False,0.43111703259872064,0.33220449215086123,0.5428740670751778,255.1919041405199,310.0276798097184,0.0,MS-HIDE,156,case57,0.04
True,54,0.04,True,1,1,False,54,True,5.219511281831328e-10,0.0019102570987504686,0.6506975891650434,282.2010397998383,332.2601357707754,0.0,MS-HIDE,157,case57,0.04
True,33,-0.04,False,20,20,False,33,True,9.53850379507471e-06,0.014188534087994857,0.44949263887940516,270.2114708023146,343.91510179266334,0.0,MS-HIDE,158,case57,0.04
True,39,-0.04,True,3,3,False,39,True,3.867180879718745e-10,0.0036474741921080083,0.516396185381869,263.16239595471416,325.95738510426605,0.0,MS-HIDE,159,case57,0.04
True,13,0.04,True,1,1,False,13,True,3.8671819781197475e-10,0.0003368264113194662,0.26113239847157566,260.4901978978887,322.9938937583938,0.0,MS-HIDE,160,case57,0.04
True,38,0.04,True,2,2,False,56,False,0.17144160094404476,0.0050947047969262015,0.5650046052672695,262.67082509584725,321.8564190756297,0.0,MS-HIDE,161,case57,0.04
True,35,0.04,True,1,1,False,35,True,3.8671808797186145e-10,0.0009331971386629313,0.31663254584321787,265.35847295599524,309.933222969994,0.0,MS-HIDE,162,case57,0.04
True,26,-0.04,True,2,2,False,25,False,0.1714416009440448,0.00419887983323458,0.4536204068387984,275.4807478544535,321.1260455835145,0.0,MS-HIDE,163,case57,0.04
True,1,0.04,False,20,20,False,1,True,3.395197732012736e-06,0.02566347468161038,0.5012856866353794,267.00282910023816,322.8334306069883,0.0,MS-HIDE,164,case57,0.04
True,49,-0.04,True,1,1,False,49,True,5.329664735276737e-10,0.0016130129428111818,0.439761999905571,268.3932853426086,332.9788669652771,0.0,MS-HIDE,165,case57,0.04
True,40,0.04,True,8,8,False,40,True,1.4270070888096156e-09,0.007717830402944258,0.47134291629676484,276.74759379879106,340.58397083717864,0.0,MS-HIDE,166,case57,0.04
True,40,0.04,True,4,4,False,40,True,3.6148212523381337e-09,0.0077093990313560476,0.4873571309602685,280.2157771977363,342.1376523649087,0.0,MS-HIDE,167,case57,0.04
True,28,0.04,True,1,1,False,28,True,7.456656602159648e-10,0.0011222732833946316,0.36100122202338636,279.4362853979692,370.9769163513556,0.0,MS-HIDE,168,case57,0.04
True,38,0.04,True,4,4,False,56,False,0.1714416009440448,0.005094704826776827,0.5684784703816108,276.66185430134647,370.1712752954336,0.0,MS-HIDE,169,case57,0.04
True,27,0.04,True,1,1,False,27,True,4.840813808584865e-10,0.0011746647104719941,0.37149779022309054,269.3159520480549,323.3534458850045,0.0,MS-HIDE,170,case57,0.04
True,30,-0.04,True,2,2,False,30,True,0.10545805230110795,0.002078462469381748,0.4437125637969468,275.96857485186774,359.52794791373896,0.0,MS-HIDE,171,case57,0.04
True,31,-0.04,True,1,1,False,31,True,0.010025375391542666,0.0019454649022110286,0.3984037759561292,273.97591254266445,323.106670199195,0.0,MS-HIDE,172,case57,0.04
True,27,0.04,True,2,2,False,27,True,5.900592533424112e-10,0.001174664711131454,0.35015792288964526,267.4701624986483,331.4072253386257,0.0,MS-HIDE,173,case57,0.04
True,51,0.04,True,2,2,False,51,True,4.0487379803273485e-10,0.004226153272313457,0.45719964456765905,265.9125667560147,339.11052471084986,0.0,MS-HIDE,174,case57,0.04
True,28,0.04,True,1,1,False,28,True,2.4073420908345786e-09,0.0011222732841677794,0.3657885737994988,266.1661853984697,347.41166279418394,0.0,MS-HIDE,175,case57,0.04
True,33,-0.04,True,12,12,False,33,True,1.6804421722861524e-05,0.014174914722827284,0.4458096203083966,261.9600541482214,321.1739336635219,0.0,MS-HIDE,176,case57,0.04
True,20,-0.04,True,1,1,False,19,False,0.1714416009440448,0.001929439989126369,0.5329011622632707,269.2082498862874,351.5733291686047,0.0,MS-HIDE,177,case57,0.04
True,5,0.04,True,2,2,False,5,True,3.8671819781202387e-10,0.001203245862630475,0.5049593358282493,277.7946563466685,337.2557038674131,0.0,MS-HIDE,178,case57,0.04
True,38,0.04,True,2,2,False,56,False,0.1714416009440448,0.00509470481780674,0.5562383286238389,241.488899954129,278.03171939449385,0.0,MS-HIDE,179,case57,0.04
True,52,-0.04,True,1,1,False,53,False,0.1714416009440448,0.0015842628906112422,0.42382447306804943,264.4472542539006,321.9688547949773,0.0,MS-HIDE,180,case57,0.04
True,48,0.04,True,2,2,False,48,True,3.8671806051185184e-10,0.0011526724596241213,0.40086187338681,276.3023457489908,396.4570892974735,0.0,MS-HIDE,181,case57,0.04
True,32,-0.04,False,20,20,False,0,False,0.43321641666957306,0.3350287187727089,0.540946508481356,270.65861044975463,344.9343544605654,0.0,MS-HIDE,182,case57,0.04
True,48,0.04,True,2,2,False,48,True,3.86718087971992e-10,0.0011454617973227766,0.4197652483130932,263.65019159857184,339.3772833194817,0.0,MS-HIDE,183,case57,0.04
True,48,0.04,True,2,2,False,48,True,3.8671806051191616e-10,0.0013040373246509412,0.3374782770468724,181.85827094712295,263.6999954673229,0.0,MS-HIDE,184,case57,0.04
True,5,0.04,True,1,1,False,5,True,3.8671819781198163e-10,0.0009841693908282086,0.48961744465742035,271.7706499999622,343.54942853387917,0.0,MS-HIDE,185,case57,0.04
True,41,0.04,True,1,1,False,41,True,3.8671806051220143e-10,0.0006132213467242946,0.3610713665025487,241.5834999002982,285.6539347965736,0.0,MS-HIDE,186,case57,0.04
True,29,-0.04,True,2,2,False,29,True,0.1714416010007864,0.0020725055588738375,0.6699656937880678,265.9790812525898,333.2095809309977,0.0,MS-HIDE,187,case57,0.04
True,10,-0.04,True,1,1,False,10,True,3.8671819781197475e-10,0.0008020016223542866,0.34327272238661666,224.36518534377683,283.40403093898203,0.0,MS-HIDE,188,case57,0.04
True,13,0.04,True,1,1,False,13,True,3.8671819781197475e-10,0.00033682641069362383,0.2709990034890693,125.9081460593734,150.1639672816964,0.0,MS-HIDE,189,case57,0.04
True,7,-0.04,False,20,20,False,7,True,3.893344121335037e-10,0.013716347608039673,0.523445811944385,262.931706343079,318.9627752959496,0.0,MS-HIDE,190,case57,0.04
True,34,-0.04,True,2,2,False,34,True,3.867180879719136e-10,0.002117894192735287,0.4753137398120853,194.63175015407614,258.89642713591456,0.0,MS-HIDE,191,case57,0.04
True,23,-0.04,False,20,20,False,0,False,0.4428043398056237,0.3261389251882641,0.545145707993274,266.2065896525746,332.09666011389345,0.0,MS-HIDE,192,case57,0.04
True,22,-0.04,False,20,20,False,0,False,0.45114128274613613,0.328970056405274,0.5391461321941392,202.6283792045433,268.81119587633293,0.0,MS-HIDE,193,case57,0.04
True,53,-0.04,True,1,1,False,52,False,0.17144160094404476,0.0015868725676432382,0.43734482484769577,113.40594175562728,132.96497532282956,0.0,MS-HIDE,194,case57,0.04
True,40,0.04,True,1,1,False,40,True,1.8663938326315346e-09,0.007667857943863228,0.4755122533243266,246.41317094792612,307.76515621400904,0.0,MS-HIDE,195,case57,0.04
True,4,-0.04,False,20,20,False,0,False,0.42394042195475323,0.3334019073420679,0.5585842373202626,124.87734794558492,157.3266333231004,0.0,MS-HIDE,196,case57,0.04
True,23,0.04,False,20,20,False,0,False,0.42597598775778406,0.3364857858887557,0.5322417233587027,232.36896249873098,299.7881378454622,0.0,MS-HIDE,197,case57,0.04
True,17,0.04,True,2,2,False,17,True,8.594802329052917e-05,0.0026029462440104027,0.46703673511153726,128.7019874987891,162.93415597174317,0.0,MS-HIDE,198,case57,0.04
True,28,0.04,True,1,1,False,28,True,4.580498687393698e-10,0.001122273282748972,0.36520617514282594,81.25981660268735,87.48814166756347,0.0,MS-HIDE,199,case57,0.04
True,26,-0.04,True,2,2,False,26,True,0.1714416011036989,0.00861165363209332,0.6946651679887632,2.062114598811604,2.4175434169592345,0.0,RHMTD,0,case57,0.04
True,49,-0.04,True,1,1,False,49,True,3.867180879722141e-10,0.003281377041758706,0.7031763863922,3.943416755646467,8.733138974639589,0.0,RHMTD,1,case57,0.04
True,53,-0.04,True,1,1,False,53,True,0.17144160094556185,0.0038227468800116453,0.7061114305861951,3.120527250575833,3.8128684391267638,0.0,RHMTD,2,case57,0.04
True,37,0.04,True,1,1,False,37,True,0.1714416009440448,0.0025123811158494387,0.6963739639653085,5.527635585167445,13.917000617948363,0.0,RHMTD,3,case57,0.04
True,46,0.04,True,17,17,False,0,False,0.43733174930649493,0.32960821630805615,0.6946312741064754,5.62018119962886,11.788514928775845,0.0,RHMTD,4,case57,0.04
True,17,0.04,False,20,20,False,17,True,0.0963424641176704,0.04466210181513056,0.6998393279171573,2.022847899934277,2.396860072622076,0.0,RHMTD,5,case57,0.04
True,24,0.04,True,1,1,False,29,False,0.17144160096374994,0.013931570892921175,0.6929940233908594,4.333791695535183,9.14184345456306,0.0,RHMTD,6,case57,0.04
True,3,0.04,True,3,3,False,3,True,3.8671819781197475e-10,0.005504218492867223,0.6977877947654327,3.135204192949459,4.569088076823391,0.0,RHMTD,7,case57,0.04
True,8,-0.04,True,1,1,False,8,True,3.8671819781197475e-10,0.00033345882170102213,0.7050455676820152,5.781747851870023,12.939120878581889,0.0,RHMTD,8,case57,0.04
True,22,0.04,False,20,20,False,0,False,0.5525372648204315,0.2640262829070227,0.6976274094521628,4.251845850376412,9.234281585668215,0.0,RHMTD,9,case57,0.04
True,29,-0.04,True,3,3,False,29,True,0.17144160094671976,0.01023752167174569,0.6955706455796734,2.1521790942642838,2.5491666543530305,0.0,RHMTD,10,case57,0.04
True,28,-0.04,True,1,1,False,28,True,3.867181428919194e-10,0.00415274446920808,0.6906948533828214,6.30744174704887,9.981494134990536,0.0,RHMTD,11,case57,0.04
True,8,0.04,True,1,1,False,8,True,3.8671819781197475e-10,0.00048432174357702424,0.6983076530817569,3.863550056121312,8.182041949476119,0.0,RHMTD,12,case57,0.04
True,28,-0.04,True,1,1,False,28,True,3.867181428919181e-10,0.0011951786331795642,0.6980451085632124,4.6254168468294665,12.099910745746458,0.0,RHMTD,13,case57,0.04
True,22,0.04,False,20,20,False,0,False,0.4697075656650588,0.30429006142578235,0.6999195205737923,4.201943887164816,10.776732981321404,0.0,RHMTD,14,case57,0.04
True,26,0.04,True,6,6,False,25,False,0.1714416009440448,0.005583931531383605,0.7029138418736557,2.0724523026729003,2.4539441074011847,0.0,RHMTD,15,case57,0.04
True,40,-0.04,True,14,14,False,40,True,8.328074443461015e-10,0.012903969525064464,0.6989696876590645,3.9382686489261687,6.660977052524686,0.0,RHMTD,16,case57,0.04
True,1,-0.04,False,20,20,False,1,True,0.00013316599367868464,0.03789270770601047,0.6959342983056191,4.398168800980784,11.126480673556218,0.0,RHMTD,17,case57,0.04
True,37,-0.04,True,1,1,False,43,False,0.1714416009440448,0.0030482838595780586,0.6993944315367031,4.767064651241526,9.183768127695663,0.0,RHMTD,18,case57,0.04
True,42,-0.04,True,1,1,False,42,True,3.8671808797186145e-10,0.004456267902095131,0.7018636637994773,3.967314606416039,7.385243778117003,0.0,RHMTD,19,case57,0.04
True,32,0.04,False,20,20,False,0,False,0.41198817501255136,0.3353330862143549,0.7002570270282067,2.066787504008971,2.5497851078398526,0.0,RHMTD,20,case57,0.04
True,20,0.04,True,1,1,False,19,False,0.1714416009440448,0.002646422470825393,0.7010446605838406,4.323208399000578,5.456444082665273,0.0,RHMTD,21,case57,0.04
True,46,0.04,False,20,20,False,0,False,0.4209556363788681,0.3331121146868769,0.7050455676820151,3.464595740661025,5.481289318413475,0.0,RHMTD,22,case57,0.04
True,42,0.04,True,3,3,False,42,True,3.8671808797186166e-10,0.005703135215905833,0.6967968937971228,4.868135505239479,10.000654481700623,0.0,RHMTD,23,case57,0.04
True,56,-0.04,True,1,1,False,56,True,0.1714416009440448,0.015685256922112645,0.7034389309107447,5.733925040112808,13.266992048011163,0.0,RHMTD,24,case57,0.04
True,53,0.04,True,1,1,False,53,True,0.1714416009440448,0.0034826215033759316,0.6932174433063512,3.364316644729115,4.227056246600119,0.0,RHMTD,25,case57,0.04
True,48,0.04,True,2,2,False,48,True,3.8671808797186145e-10,0.0050234038901803115,0.6994537086425714,4.446270799962804,9.103210116154518,0.0,RHMTD,26,case57,0.04
True,24,-0.04,True,4,4,False,24,True,0.171441601223168,0.006552376491182677,0.6989286196054825,6.705672945827246,8.817102439934438,0.0,RHMTD,27,case57,0.04
True,20,0.04,True,1,1,False,20,True,0.1714416009440448,0.002218309889431022,0.7001977499223384,3.563306256546639,6.260010731057266,0.0,RHMTD,28,case57,0.04
True,34,-0.04,True,2,2,False,34,True,3.867180605147919e-10,0.012075042128802217,0.6985911131510678,4.668681236216798,10.597252036677684,0.0,RHMTD,29,case57,0.04
True,11,-0.04,True,1,1,False,11,True,3.8671819781197475e-10,0.0007519078100424372,0.7015854344509314,3.0966915452154353,5.089297963422723,0.0,RHMTD,30,case57,0.04
True,38,0.04,True,4,4,False,38,True,0.17144160094404476,0.016301881786840475,0.697600212182758,4.404089649324305,9.101988104521299,0.0,RHMTD,31,case57,0.04
True,32,0.04,False,20,20,False,0,False,0.44621436316934854,0.32605971814697243,0.6909906030593058,3.426176993525587,4.351711855269973,0.0,RHMTD,32,case57,0.04
True,15,-0.04,False,20,20,False,0,False,0.42203445398062417,0.32739132091313305,0.701060345413842,7.653722996474244,12.494071133551243,0.0,RHMTD,33,case57,0.04
True,36,0.04,True,1,1,False,36,True,3.8671808797186145e-10,0.0014191996864771964,0.7026512973551109,5.675097805215046,10.062482996727367,0.0,RHMTD,34,case57,0.04
True,26,0.04,True,2,2,False,25,False,0.1714416009440448,0.004497943165650443,0.6970594383156674,3.9876771479612216,7.316138132591738,0.0,RHMTD,35,case57,0.04
True,28,0.04,True,1,1,False,28,True,3.867181428919181e-10,0.0032984013201675486,0.7058488860676505,4.227241748594679,7.951004218193702,0.0,RHMTD,36,case57,0.04
True,3,0.04,True,1,1,False,3,True,3.8671817035200247e-10,0.00379889617110106,0.6956508382363082,6.574535297113471,19.524145539617173,0.0,RHMTD,37,case57,0.04
True,6,0.04,True,1,1,False,6,True,3.867181978119748e-10,0.005854215555235341,0.6988536576696125,5.466279250686057,10.026544061838653,0.0,RHMTD,38,case57,0.04
True,51,-0.04,False,20,20,False,51,True,3.8671808797355976e-10,0.012065364435849218,0.695650838236308,4.619068850297481,10.05144728696905,0.0,RHMTD,39,case57,0.04
True,17,0.04,True,9,9,False,17,True,0.010102875612706171,0.028329465017252094,0.7026512973551109,5.302287399535999,11.852020883816296,0.0,RHMTD,40,case57,0.04
True,49,-0.04,True,1,1,False,49,True,3.867180879718678e-10,0.0032466926670628566,0.6962971879836142,6.1819041991839185,21.397538957535303,0.0,RHMTD,41,case57,0.04
True,19,-0.04,True,1,1,False,20,False,0.1714416009440448,0.002165228937176241,0.7013228899323865,4.554929054575041,10.596976755186915,0.0,RHMTD,42,case57,0.04
True,31,0.04,True,1,1,False,31,True,0.06054970480114908,0.0045634479253937104,0.6991109714673922,4.9155291431816295,9.64518751425203,0.0,RHMTD,43,case57,0.04
True,55,0.04,True,1,1,False,55,True,3.8671808797186145e-10,0.000909979385986072,0.7012479279965167,4.2066875990713015,8.944160398095848,0.0,RHMTD,44,case57,0.04
True,2,0.04,True,1,1,False,2,True,3.8671819781197475e-10,0.004189507288593304,0.7005195715467514,5.82019149151165,18.422005610773347,0.0,RHMTD,45,case57,0.04
True,34,-0.04,True,1,1,False,34,True,3.867180879718616e-10,0.003461424297709731,0.7009853834779722,3.9357728994218633,8.159864915069194,0.0,RHMTD,46,case57,0.04
True,14,-0.04,True,1,1,False,14,True,3.8671819781197475e-10,0.001323266488640775,0.6966626547553845,3.9259145472897212,8.207002107519658,0.0,RHMTD,47,case57,0.04
True,1,0.04,False,20,20,False,1,True,0.0010627934832749201,0.04083454419096699,0.7028388799377856,3.452668702811934,5.4367273696698275,0.0,RHMTD,48,case57,0.04
True,34,-0.04,True,1,1,False,34,True,3.86718087971872e-10,0.004792429906124248,0.7002570270282068,4.569785398780368,11.530298527213748,0.0,RHMTD,49,case57,0.04
True,40,-0.04,False,20,20,False,40,True,3.867180879722365e-10,0.009140534772384502,0.6980451085632122,4.400408297078684,9.574849688215181,0.0,RHMTD,50,case57,0.04
True,27,-0.04,True,1,1,False,27,True,3.867181428919181e-10,0.0020455978953501388,0.6993735159859367,4.171383150969632,8.937648258870468,0.0,RHMTD,51,case57,0.04
True,44,-0.04,True,9,9,False,44,True,5.806252302776683e-10,0.019624376056454652,0.7029138418736556,9.257874987088144,22.922143765026735,0.0,RHMTD,52,case57,0.04
True,1,0.04,False,20,20,False,1,True,0.012749620907804033,0.046620286802406985,0.7029138418736556,5.056179250823334,7.078257715329554,0.0,RHMTD,53,case57,0.04
True,20,-0.04,True,1,1,False,19,False,0.17144160094569888,0.0030112691647668686,0.702651297355111,7.439739649998955,16.32238745805809,0.0,RHMTD,54,case57,0.04
True,41,-0.04,True,1,1,False,41,True,3.8671808797186145e-10,0.0006444644135611347,0.7007978008952975,3.6601625062758103,7.239902421133593,0.0,RHMTD,55,case57,0.04
True,25,0.04,True,4,4,False,26,False,0.1714416009440448,0.013396965688027626,0.7047830231634706,4.643316596047953,11.895964262657802,0.0,RHMTD,56,case57,0.04
True,33,0.04,False,20,20,False,29,False,0.40140367576010366,0.029082588058391968,0.7029138418736556,3.8748230028431863,8.511781899142079,0.0,RHMTD,57,case57,0.04
True,42,-0.04,True,2,2,False,42,True,3.8671808797186145e-10,0.008736519095856725,0.6994537086425716,4.90031469380483,11.793927691178396,0.0,RHMTD,58,case57,0.04
True,21,0.04,False,20,20,False,0,False,0.44328093198707114,0.32435050790900416,0.7085057009130991,3.491674893302843,6.662307711667383,0.0,RHMTD,59,case57,0.04
True,36,-0.04,True,1,1,False,36,True,3.867181154318936e-10,0.002500340267743316,0.7045047938149245,4.598695755703375,11.323670239653438,0.0,RHMTD,60,case57,0.04
True,46,0.04,False,20,20,False,0,False,0.4529430793416925,0.3202958730341349,0.6990360095315222,3.8873145502293482,8.13100415398367,0.0,RHMTD,61,case57,0.04
True,56,0.04,True,7,7,False,38,False,0.17144160095814295,0.01714084587565532,0.6942683844284803,3.017770833685063,3.7532646005274746,0.0,RHMTD,62,case57,0.04
True,8,-0.04,True,1,1,False,8,True,3.8671819781197475e-10,0.00048768484218572296,0.7007821160652958,3.6662082537077367,6.935333029832691,0.0,RHMTD,63,case57,0.04
True,2,0.04,True,1,1,False,2,True,3.8671819781197475e-10,0.002697599377667113,0.6916909991917157,4.61412709846627,9.296341362642126,0.0,RHMTD,64,case57,0.04
True,43,0.04,True,1,1,False,37,False,0.1714416009440448,0.003075060993453365,0.6961759272733972,3.6509666533675045,5.726122952182782,0.0,RHMTD,65,case57,0.04
True,11,0.04,True,1,1,False,11,True,3.8671819781197475e-10,0.0007549391434555541,0.6943224308135836,5.956972952117212,19.389891653554514,0.0,RHMTD,66,case57,0.04
True,7,0.04,False,20,20,False,7,True,5.028533724899651e-06,0.017625488076428473,0.7029138418736556,4.794962398591451,10.973880649544315,0.0,RHMTD,67,case57,0.04
True,7,-0.04,False,20,20,False,7,True,3.8991448572606727e-10,0.017211747670243936,0.7020303308313853,3.736279101576656,5.090390969417068,0.0,RHMTD,68,case57,0.04
True,51,-0.04,True,5,5,False,51,True,3.8671806051933493e-10,0.012579756742113028,0.6956508382363082,5.455120891565457,14.908738146186826,0.0,RHMTD,69,case57,0.04
True,12,-0.04,True,1,1,False,12,True,3.8671819781197475e-10,0.00017715035484214208,0.6966417392046179,5.075181100983173,16.78442083648406,0.0,RHMTD,70,case57,0.04
True,17,-0.04,True,8,8,False,18,False,0.12961366033322422,0.011847929589866937,0.6989286196054825,5.153797843377106,13.964254158781845,0.0,RHMTD,71,case57,0.04
True,35,0.04,True,1,1,False,35,True,3.867180879719831e-10,0.0027807177397786266,0.696716701140488,3.492039645789191,7.788035090197811,0.0,RHMTD,72,case57,0.04
True,37,0.04,True,1,1,False,37,True,0.1714416009440448,0.0030476406334949465,0.7002570270282069,3.421302099013701,5.198869097512217,0.0,RHMTD,73,case57,0.04
True,11,0.04,True,1,1,False,11,True,3.8671819781197475e-10,0.0006343916925124052,0.6961759272733974,5.9541435417486355,10.611785086803158,0.0,RHMTD,74,case57,0.04
True,43,-0.04,True,1,1,False,37,False,0.1714416009440448,0.002484189101779918,0.6976002121827581,3.6389772489201277,7.132580899633468,0.0,RHMTD,75,case57,0.04
True,39,0.04,True,7,7,False,39,True,3.8671808797186197e-10,0.008465075337879253,0.6964052666340019,6.892181240255013,17.593137169023993,0.0,RHMTD,76,case57,0.04
True,41,-0.04,True,1,1,False,41,True,3.8671808797186306e-10,0.0007015276598169328,0.6945517701741885,4.876133092329837,10.340751439798623,0.0,RHMTD,77,case57,0.04
True,11,-0.04,True,1,1,False,11,True,3.8671819781197475e-10,0.0007444192512089295,0.6901488487949661,4.82332514366135,9.609653844381693,0.0,RHMTD,78,case57,0.04
True,24,0.04,True,3,3,False,24,True,0.1714416009440448,0.0027632957737087327,0.7010603454138419,4.130637302296236,7.955836871406075,0.0,RHMTD,79,case57,0.04
True,26,-0.04,True,4,4,False,26,True,0.1714416009440448,0.004647520314067025,0.7002570270282069,3.840891449362971,6.0733082937076714,0.0,RHMTD,80,case57,0.04
True,37,0.04,True,1,1,False,37,True,0.1714416009440448,0.003050991714271013,0.7023887528365664,3.592072951141745,6.944112485507505,0.0,RHMTD,81,case57,0.04
True,26,-0.04,True,1,1,False,26,True,0.1714416009440448,0.00493291936660401,0.6910446494444095,3.9588810963323335,4.899076762376367,0.0,RHMTD,82,case57,0.04
True,20,-0.04,True,1,1,False,19,False,0.1714416009440448,0.0022119370141909086,0.7037171602592909,3.7119999498827383,6.2361479009268805,0.0,RHMTD,83,case57,0.04
True,54,0.04,True,1,1,False,54,True,3.8671808797186145e-10,0.002513881460439988,0.7021105234880205,3.8686709478497505,8.965503523359077,0.0,RHMTD,84,case57,0.04
True,31,0.04,True,1,1,False,31,True,0.03333492015406139,0.005060684683135394,0.7037171602592907,3.629872962483205,6.300906540127475,0.0,RHMTD,85,case57,0.04
True,28,0.04,True,1,1,False,28,True,3.867181428919181e-10,0.0010892287081273853,0.696716701140488,4.38950210227631,10.325133046717383,0.0,RHMTD,86,case57,0.04
True,26,-0.04,True,1,1,False,25,False,0.1714416009440448,0.00479289266707891,0.6989286196054824,3.707881204900332,8.499896168359555,0.0,RHMTD,87,case57,0.04
True,17,-0.04,True,11,11,False,17,True,0.16102450659082904,0.03210814152834916,0.6932617986301688,5.284343849052675,10.491654204088263,0.0,RHMTD,88,case57,0.04
True,55,-0.04,True,1,1,False,55,True,3.8671808797186145e-10,0.0009827130280797,0.7010446605838405,4.347677109763026,11.18422260333319,0.0,RHMTD,89,case57,0.04
True,11,0.04,True,1,1,False,11,True,3.8671819781197475e-10,0.00033090370700178504,0.7032174544457823,4.635975047131069,12.670656832051463,0.0,RHMTD,90,case57,0.04
True,48,-0.04,True,1,1,False,48,True,3.8671808797186145e-10,0.005190688936746467,0.6970751231456689,6.111033249180764,20.627406559651725,0.0,RHMTD,91,case57,0.04
True,50,-0.04,True,2,2,False,50,True,3.867180879718616e-10,0.0032428842784969747,0.701060345413842,9.191979156457819,55.06210381281563,0.0,RHMTD,92,case57,0.04
True,53,-0.04,True,2,2,False,52,False,0.17144160094656336,0.003025802973397828,0.7018479789694758,4.200291653978638,13.550037163076924,0.0,RHMTD,93,case57,0.04
True,43,0.04,True,1,1,False,37,False,0.1714416009440448,0.0030274762239694457,0.697600212182758,5.757008449290879,13.948426450951985,0.0,RHMTD,94,case57,0.04
True,40,-0.04,True,4,4,False,40,True,3.8671808797202167e-10,0.008930250048495325,0.6975043346961217,3.9662959985435013,7.225141357048424,0.0,RHMTD,95,case57,0.04
True,10,-0.04,True,1,1,False,10,True,3.8671819781197475e-10,0.0013617505397178896,0.702051246382152,3.588260302785784,8.397366621647961,0.0,RHMTD,96,case57,0.04
True,14,0.04,True,2,2,False,14,True,3.8671819781209537e-10,0.004573866699459372,0.6994537086425714,3.308435346116312,7.029155932832509,0.0,RHMTD,97,case57,0.04
True,53,-0.04,True,2,2,False,52,False,0.17144160094662061,0.006848354508485411,0.7007821160652961,4.333099845098332,10.018495205440558,0.0,RHMTD,98,case57,0.04
True,49,-0.04,True,3,3,False,49,True,3.8671806051189315e-10,0.003578470073416872,0.6983285686325233,3.9124727423768495,8.842216947232375,0.0,RHMTD,99,case57,0.04
True,56,0.04,True,13,13,False,38,False,0.17144160097333805,0.01608174056987891,0.7013228899323868,5.003504149499349,13.253649324178701,0.0,RHMTD,100,case57,0.04
True,17,-0.04,True,12,12,False,17,True,0.1713273965115745,0.01235019847191203,0.7047830231634707,3.5599791473941877,7.470819074660542,0.0,RHMTD,101,case57,0.04
True,12,0.04,True,1,1,False,12,True,3.8671819781197475e-10,0.00017723885031653978,0.7015854344509311,3.0897333490429446,3.565472605987455,0.0,RHMTD,102,case57,0.04
True,48,-0.04,True,2,2,False,48,True,3.8671808797186145e-10,0.006132808596079809,0.6982536066966536,3.8913124066311866,6.958507667877719,0.0,RHMTD,103,case57,0.04
True,31,0.04,True,3,3,False,31,True,0.028113243669896572,0.004544924341758429,0.7021262083180217,3.667391650378704,8.44951213221066,0.0,RHMTD,104,case57,0.04
True,31,0.04,True,2,2,False,30,False,0.1657387933935579,0.004562369160577248,0.7001820650923368,4.197083349572495,8.3051090099616,0.0,RHMTD,105,case57,0.04
True,41,-0.04,True,1,1,False,41,True,3.867180605118366e-10,0.0006805799868046133,0.7012479279965167,3.779260252485983,7.968827040167525,0.0,RHMTD,106,case57,0.04
True,16,-0.04,False,20,20,False,16,True,0.18454068109323712,0.11762656888448532,0.6963791946860736,4.2891375022009015,8.56163779681083,0.0,RHMTD,107,case57,0.04
True,20,0.04,True,1,1,False,20,True,0.1714416009440448,0.005847474151277293,0.6984289137919739,4.848060349468142,12.477972308988685,0.0,RHMTD,108,case57,0.04
True,50,0.04,True,2,2,False,50,True,4.653306829834491e-10,0.006351213572557844,0.6965597325021589,5.2588833932532,11.682753538480029,0.0,RHMTD,109,case57,0.04
True,17,0.04,True,7,7,False,17,True,0.17138488083392056,0.02059593655266933,0.6989286196054825,3.0145727418130264,3.5659958462929375,0.0,RHMTD,110,case57,0.04
True,41,0.04,True,1,1,False,41,True,3.867180605118362e-10,0.0020696297214996768,0.6960092602414891,4.86305850208737,10.22883986879607,0.0,RHMTD,111,case57,0.04
True,15,0.04,False,20,20,False,0,False,0.4301294634119879,0.2817647171136603,0.6985911131510678,4.715350098558702,9.113314919522972,0.0,RHMTD,112,case57,0.04
True,12,-0.04,True,1,1,False,12,True,3.8671819781197475e-10,0.00017729311171765216,0.6923939724179001,4.308658291120082,9.169405855936931,0.0,RHMTD,113,case57,0.04
True,33,-0.04,False,20,20,False,33,True,0.004856073376292805,0.05803945085492845,0.6959935754114877,4.897145801805891,12.348570805625059,0.0,RHMTD,114,case57,0.04
True,8,0.04,True,1,1,False,8,True,3.8671819781197475e-10,0.0004876848421639067,0.7004446096108814,5.561852102982812,6.033950013807082,0.0,RHMTD,115,case57,0.04
True,16,-0.04,False,20,20,False,16,True,0.36494957498992636,0.18083980872015737,0.6924420852380717,4.141008391161449,8.052741328720009,0.0,RHMTD,116,case57,0.04
True,46,-0.04,False,20,20,False,0,False,0.508332106844248,0.2980564696491725,0.6980451085632124,2.935829194029793,3.345241941860877,0.0,RHMTD,117,case57,0.04
True,8,-0.04,True,1,1,False,8,True,3.8671819781197475e-10,0.0006192385518653159,0.7063739751047395,3.706145702744834,5.596124648582194,0.0,RHMTD,118,case57,0.04
True,20,0.04,True,1,1,False,19,False,0.1714416009440448,0.009002855629634756,0.6999944825096623,3.565060399705544,6.007585366023706,0.0,RHMTD,119,case57,0.04
True,52,-0.04,True,1,1,False,53,False,0.1714416009440448,0.00397344783628225,0.6917388836874303,3.477049950743094,5.641443381318823,0.0,RHMTD,120,case57,0.04
True,9,-0.04,True,9,9,False,9,True,3.8671817035195113e-10,0.010090378655776309,0.7077023825274638,3.4834250021958724,5.852368139312603,0.0,RHMTD,121,case57,0.04
True,21,0.04,False,20,20,False,0,False,0.4280122845738474,0.3315887640515958,0.6996360605044811,3.0907206441042945,4.596204112749548,0.0,RHMTD,122,case57,0.04
True,43,0.04,True,1,1,False,43,True,0.1714416009440448,0.003168250659373691,0.693256567909404,3.666704206261784,8.736167024471797,0.0,RHMTD,123,case57,0.04
True,18,-0.04,True,9,9,False,18,True,0.14964585475686212,0.055064478932076895,0.6967219318612528,3.4667395550059155,5.121672293171293,0.0,RHMTD,124,case57,0.04
True,38,-0.04,True,18,18,False,38,True,0.1714416009440448,0.014155125138810967,0.7012479279965167,3.371891603455879,7.537966367090122,0.0,RHMTD,125,case57,0.04
True,47,-0.04,False,20,20,False,0,False,0.47210890903892744,0.31370516317830366,0.7071772934903748,2.8813355456804857,3.2308673049556096,0.0,RHMTD,126,case57,0.04
True,51,-0.04,True,2,2,False,51,True,4.469988543662207e-06,0.010669003097684893,0.6970001612097991,3.809214453212917,8.19716490223073,0.0,RHMTD,127,case57,0.04
True,23,0.04,True,0,0,False,0,False,0.5169889001095506,0.2677085834057466,0.6991911641240269,3.9821749960538,6.957878850516863,0.0,RHMTD,128,case57,0.04
True,40,0.04,True,3,3,False,40,True,3.9426084584683544e-10,0.010862587979873495,0.7005195715467513,4.946160505642183,16.895475328783508,0.0,RHMTD,129,case57,0.04
True,20,-0.04,True,2,2,False,20,True,0.1714416009483766,0.0026276173635865104,0.700535256376753,4.113891505403444,8.071741022286005,0.0,RHMTD,130,case57,0.04
True,51,-0.04,False,20,20,False,51,True,3.339675652596685e-09,0.011461610806261012,0.70424224929638,6.39948750322219,19.0248169586994,0.0,RHMTD,131,case57,0.04
True,26,0.04,True,1,1,False,26,True,0.1714416009440448,0.004761137619039936,0.6945849753321284,3.1526958075119182,3.675172603107061,0.0,RHMTD,132,case57,0.04
True,43,-0.04,True,1,1,False,37,False,0.1714416009440448,0.0030517587927796257,0.7039797047778353,4.9429104052251205,14.6865607588552,0.0,RHMTD,133,case57,0.04
True,54,-0.04,True,1,1,False,54,True,3.9427385976145585e-10,0.009380733687121133,0.6998393279171574,3.4526542585808784,5.969833367271351,0.0,RHMTD,134,case57,0.04
True,32,0.04,False,20,20,False,0,False,0.4303905734793562,0.32982393930394327,0.7039797047778353,4.17204164841678,8.666839307988994,0.0,RHMTD,135,case57,0.04
True,47,0.04,False,20,20,False,0,False,0.4769204634841312,0.3091897975285039,0.6986660750869378,4.670993794570677,11.53438958572224,0.0,RHMTD,136,case57,0.04
True,51,0.04,True,2,2,False,51,True,5.217612708792355e-05,0.010527051341118653,0.7031920712222017,4.828360551618971,10.788896543090233,0.0,RHMTD,137,case57,0.04
True,53,0.04,True,2,2,False,52,False,0.17144160094438968,0.0036190135511187547,0.70424224929638,4.927947904798202,11.762928884127192,0.0,RHMTD,138,case57,0.04
True,54,0.04,True,2,2,False,54,True,3.8671808797287635e-10,0.013070265946744838,0.7002570270282069,6.007031296030618,8.166791644180234,0.0,RHMTD,139,case57,0.04
True,20,0.04,True,1,1,False,20,True,0.1714416009440448,0.002305556316460217,0.7001820650923369,4.241039650514722,8.265302085783343,0.0,RHMTD,140,case57,0.04
True,52,0.04,True,1,1,False,52,True,0.1714416009480723,0.003089055252384883,0.6972574750075787,3.995535406284034,10.058927090722136,0.0,RHMTD,141,case57,0.04
True,10,0.04,True,1,1,False,10,True,3.8671819781197475e-10,0.0014014514041661343,0.70424224929638,4.071102102170698,10.33213544287719,0.0,RHMTD,142,case57,0.04
True,12,-0.04,True,1,1,False,12,True,3.8671819781197475e-10,0.0001772387363655586,0.7037171602592909,4.894912402960472,13.174804227310243,0.0,RHMTD,143,case57,0.04
True,10,0.04,True,1,1,False,10,True,3.8671819781197475e-10,0.0014053777909133996,0.6922526886095728,3.7343813106417656,7.8178934432799,0.0,RHMTD,144,case57,0.04
True,11,-0.04,True,1,1,False,11,True,3.8671819781197475e-10,0.000744420890290774,0.6947062360423455,3.8298020546790212,6.968770493404014,0.0,RHMTD,145,case57,0.04
True,25,-0.04,True,2,2,False,25,True,0.17144160094404481,0.0064949744113144674,0.7015854344509311,3.9757956896210085,9.5367086265469,0.0,RHMTD,146,case57,0.04
True,36,0.04,True,1,1,False,36,True,3.8671808797186145e-10,0.001316013326092159,0.6993194696008332,3.684952057665214,6.768493185518311,0.0,RHMTD,147,case57,0.04
True,44,-0.04,True,14,14,False,44,True,3.867180879721126e-10,0.006201724867085892,0.6991911641240269,4.136218805797398,10.4427958780434,0.0,RHMTD,148,case57,0.04
True,24,0.04,True,4,4,False,29,False,0.17144160110250917,0.0066157357348978,0.7005195715467514,3.4501102956710383,5.6459097802871865,0.0,RHMTD,149,case57,0.04
True,3,0.04,True,2,2,False,3,True,3.867181978120289e-10,0.007005206150950978,0.7007228389594276,4.225256200879812,9.907623197068466,0.0,RHMTD,150,case57,0.04
True,42,0.04,True,2,2,False,42,True,3.8671808797186145e-10,0.004184229159580146,0.6962971879836142,3.2210312463575974,4.320572590222586,0.0,RHMTD,151,case57,0.04
True,23,0.04,False,20,20,False,0,False,0.44130810892710537,0.32707129597317375,0.6959342983056193,5.118039649096318,13.7268672900973,0.0,RHMTD,152,case57,0.04
True,45,0.04,True,1,1,False,45,True,3.8671808797186145e-10,0.003047388248575836,0.7026512973551109,3.3071188983740285,5.159487761557105,0.0,RHMTD,153,case57,0.04
True,24,-0.04,True,1,1,False,29,False,0.1714416009440448,0.005281803154378995,0.6961968428241637,4.3755562452133745,11.939385373261763,0.0,RHMTD,154,case57,0.04
True,22,-0.04,False,20,20,False,0,False,0.5029572931449368,0.3047655422488381,0.7033587382541098,4.356620807084255,9.055793701554649,0.0,RHMTD,155,case57,0.04
True,23,0.04,False,20,20,False,0,False,0.40860583230789704,0.3373475483576653,0.7005195715467514,4.573656356660649,10.922263163956815,0.0,RHMTD,156,case57,0.04
True,54,0.04,True,1,1,False,54,True,3.867180879720918e-10,0.001971276766829064,0.6990360095315222,4.752925093634985,9.310693448060194,0.0,RHMTD,157,case57,0.04
True,33,-0.04,False,20,20,False,0,False,0.5495244610752331,0.24811094783880835,0.7031763863922001,4.401512356707826,12.052688980475068,0.0,RHMTD,158,case57,0.04
True,39,-0.04,True,8,8,False,39,True,3.8671808797188777e-10,0.007655196428708702,0.7021262083180217,4.042391697294079,8.742210105992855,0.0,RHMTD,159,case57,0.04
True,13,0.04,True,1,1,False,13,True,3.8671819781197475e-10,0.0002917014177592351,0.6948091582955711,4.110233354731463,8.722676767501987,0.0,RHMTD,160,case57,0.04
True,38,0.04,False,20,20,False,38,True,0.17144160094404476,0.01170456149013074,0.6935601804815307,3.6573584569850937,5.8562562451697895,0.0,RHMTD,161,case57,0.04
True,35,0.04,True,1,1,False,35,True,3.8671808797186145e-10,0.0015603881747475743,0.6927568620958954,3.887852100888267,9.656858001835646,0.0,RHMTD,162,case57,0.04
True,26,-0.04,True,1,1,False,26,True,0.17144160094404481,0.0058123359948651036,0.6991911641240272,7.832264906028286,40.37789793801495,0.0,RHMTD,163,case57,0.04
True,1,0.04,False,20,20,False,1,True,3.0780638751173665e-05,0.036411466823124676,0.7018479789694758,4.451295849867165,8.708478836342705,0.0,RHMTD,164,case57,0.04
True,49,-0.04,True,4,4,False,49,True,3.879316146884139e-10,0.0033275425243157047,0.6890804831206139,3.8683417049469426,5.586116394260908,0.0,RHMTD,165,case57,0.04
True,40,0.04,True,3,3,False,40,True,3.8671808797195436e-10,0.011490219517486125,0.7047830231634707,4.3216625024797395,6.472392025170864,0.0,RHMTD,166,case57,0.04
True,40,0.04,True,4,4,False,40,True,3.867180879719143e-10,0.010741320487159258,0.7047080612276005,4.151895744143985,11.89628720167093,0.0,RHMTD,167,case57,0.04
True,28,0.04,True,1,1,False,28,True,3.867181428919181e-10,0.001164535064366578,0.6956971370106553,3.825266644707881,7.953781899414026,0.0,RHMTD,168,case57,0.04
True,38,0.04,False,20,20,False,38,True,0.17144160097194636,0.021092856143292805,0.7034546157407462,4.249552101828158,5.059978837380203,0.0,RHMTD,169,case57,0.04
True,27,0.04,True,2,2,False,27,True,3.867181428919183e-10,0.0020661114749409813,0.695772098946525,4.838022994226776,10.226594028063122,0.0,RHMTD,170,case57,0.04
True,30,-0.04,True,1,1,False,31,False,0.1673555894222786,0.004923165156808124,0.7034389309107447,3.124297852627933,3.694846466532911,0.0,RHMTD,171,case57,0.04
True,31,-0.04,True,1,1,False,31,True,0.021790606988313976,0.005138724218837302,0.6915104613756301,5.250608248752542,8.361562812933725,0.0,RHMTD,172,case57,0.04
True,27,0.04,True,1,1,False,27,True,4.179399360689062e-10,0.006055991812182346,0.6929601295085716,2.945337601704523,3.7373527011368424,0.0,RHMTD,173,case57,0.04
True,51,0.04,True,7,7,False,51,True,1.2998654272614261e-09,0.011542510713294683,0.7039797047778353,3.885600049397908,8.145100335241299,0.0,RHMTD,174,case57,0.04
True,28,0.04,True,1,1,False,28,True,3.867181428919181e-10,0.0032678264463100954,0.6999944825096621,3.7031207990366966,7.679320478928277,0.0,RHMTD,175,case57,0.04
True,33,-0.04,False,20,20,False,33,True,0.004329699734039447,0.04706137489890961,0.6958541056489842,6.0579624434467405,9.918182966066551,0.0,RHMTD,176,case57,0.04
True,20,-0.04,True,2,2,False,20,True,0.1714416009440448,0.00221844294117346,0.6991911641240269,5.264475152944215,13.126754801487552,0.0,RHMTD,177,case57,0.04
True,5,0.04,True,1,1,False,5,True,3.8671819781197475e-10,0.003955796013557179,0.6999944825096622,3.7048272643005475,7.210240271524526,0.0,RHMTD,178,case57,0.04
True,38,0.04,False,20,20,False,38,True,0.1714416009506611,0.016353341316035972,0.701060345413842,4.598174843704328,9.109914870350623,0.0,RHMTD,179,case57,0.04
True,52,-0.04,True,1,1,False,52,True,0.1714416009440448,0.009468663185950653,0.7018479789694758,3.0724146054126322,3.914847955456935,0.0,RHMTD,180,case57,0.04
True,48,0.04,True,3,3,False,48,True,3.8671808797186145e-10,0.005151048707498569,0.7085057009130993,3.8782332005212083,6.602657673647631,0.0,RHMTD,181,case57,0.04
True,32,-0.04,False,20,20,False,0,False,0.4480159760076842,0.32298885887807294,0.6975845273527566,2.9489395004929975,3.655391652137041,0.0,RHMTD,182,case57,0.04
True,48,0.04,True,1,1,False,48,True,3.8671808797186145e-10,0.004388211044871873,0.6939849243591694,3.2404956553364173,4.9413493718020645,0.0,RHMTD,183,case57,0.04
True,48,0.04,True,1,1,False,48,True,3.8671808797186145e-10,0.00546031945617312,0.7004393788901166,4.595120903104544,10.295619411044761,0.0,RHMTD,184,case57,0.04
True,5,0.04,True,1,1,False,5,True,3.8671819781197475e-10,0.003308264345832257,0.6961916121033989,3.9577813004143536,8.541093140956947,0.0,RHMTD,185,case57,0.04
True,41,0.04,True,1,1,False,41,True,3.8671808797188896e-10,0.0021585459549683635,0.6970001612097989,4.662502100109123,11.175883607938886,0.0,RHMTD,186,case57,0.04
True,29,-0.04,True,1,1,False,24,False,0.17144160095911612,0.007916438412142778,0.6944716518411564,3.122862396412529,4.711321138893255,0.0,RHMTD,187,case57,0.04
True,10,-0.04,True,1,1,False,10,True,3.8671819781197475e-10,0.0014011031133156968,0.6969896788327474,2.9230603424366564,3.69009378773626,0.0,RHMTD,188,case57,0.04
True,13,0.04,True,1,1,False,13,True,3.8671819781197475e-10,0.0002916246654021036,0.6961166501675289,2.7101312414743006,2.999797885422595,0.0,RHMTD,189,case57,0.04
True,7,-0.04,False,20,20,False,7,True,1.1887571863715966e-07,0.02401213756032392,0.6929242921757544,3.85704789950978,8.218398535973392,0.0,RHMTD,190,case57,0.04
True,34,-0.04,True,1,1,False,34,True,3.867180879744859e-10,0.010136053932870632,0.7021262083180217,5.327316661714576,7.2073729388648955,0.0,RHMTD,191,case57,0.04
True,23,-0.04,False,20,20,False,0,False,0.48372405666634694,0.3070365179479141,0.6944847595773829,2.7708812471246347,3.066777059575543,0.0,RHMTD,192,case57,0.04
True,22,-0.04,False,20,20,False,0,False,0.49385034124917937,0.30058464928600354,0.6950970860376962,5.345691644470207,12.220981245627648,0.0,RHMTD,193,case57,0.04
True,53,-0.04,True,1,1,False,52,False,0.1714416009448702,0.0063714386212431005,0.6986660750869378,2.7598811022471637,3.034866010420956,0.0,RHMTD,194,case57,0.04
True,40,0.04,True,1,1,False,40,True,3.8671806051191574e-10,0.009049883128374155,0.7015854344509311,4.630629095481709,8.936888063908567,0.0,RHMTD,195,case57,0.04
True,4,-0.04,False,20,20,False,0,False,0.42843880556840586,0.3294021119384752,0.7042422492963798,2.771489438600838,3.128318401286379,0.0,RHMTD,196,case57,0.04
True,23,0.04,False,20,20,False,45,False,0.42119607812835097,0.20288874097768794,0.7013228899323867,2.665418855031021,2.983796180342324,0.0,RHMTD,197,case57,0.04
True,17,0.04,False,20,20,False,18,False,0.16855978655158071,0.047914714043488044,0.6985701976003014,3.026787596172653,3.4274377743713567,0.0,RHMTD,198,case57,0.04
True,28,0.04,True,1,1,False,28,True,3.867181428919181e-10,0.0011610700379876499,0.698912934775481,2.7229333471041173,2.993139222962782,0.0,RHMTD,199,case57,0.04
True,26,-0.04,True,1,1,False,26,True,0.21896364038601546,0.005105381528689467,0.4948417944683423,26.737770793261006,42.318763901130296,0.0,Robust-MTD,0,case57,0.04
True,49,-0.04,True,1,1,False,50,False,0.22625818394686262,0.007017021732549179,0.4948417944683423,32.553050096612424,67.94220243173187,0.0,Robust-MTD,1,case57,0.04
True,53,-0.04,True,1,1,False,51,False,0.2490101552588445,0.005826936153187085,0.4948417944683423,21.695768693462014,31.582108634756878,0.0,Robust-MTD,2,case57,0.04
True,37,0.04,True,1,1,False,44,False,0.19888654945551734,0.0032062744039835873,0.4948417944683423,31.012721001752652,46.70210269105158,0.0,Robust-MTD,3,case57,0.04
True,46,0.04,True,17,17,False,0,False,0.5473360185149716,0.35354028292667666,0.4948417944683423,32.433833202230744,55.929959737113705,0.0,Robust-MTD,4,case57,0.04
True,17,0.04,True,3,3,False,18,False,0.22066964807278625,0.006981552477588396,0.4948417944683423,27.651256302488036,44.58219196822029,0.0,Robust-MTD,5,case57,0.04
True,24,0.04,True,5,5,False,24,True,0.32420934936097934,0.014451869099186767,0.4948417944683423,36.451643650070764,75.49035001429729,0.0,Robust-MTD,6,case57,0.04
True,3,0.04,True,16,16,False,3,True,0.0004140981072760963,0.008621037203614342,0.4948417944683423,19.814654043875635,29.60151938314084,0.0,Robust-MTD,7,case57,0.04
True,8,-0.04,True,1,1,False,8,True,3.8671819781197475e-10,0.004882064964206214,0.4948417944683423,27.02263759856578,32.15981901739724,0.0,Robust-MTD,8,case57,0.04
True,22,0.04,False,20,20,False,0,False,0.6060313263572102,0.3066542938263783,0.4948417944683423,24.15224600408692,31.150291062658653,0.0,Robust-MTD,9,case57,0.04
True,29,-0.04,True,3,3,False,29,True,0.3344517664501811,0.01557342389773089,0.4948417944683423,25.210891797905788,31.848841352621093,0.0,Robust-MTD,10,case57,0.04
True,28,-0.04,True,1,1,False,28,True,3.867181428919449e-10,0.0033735226776998493,0.4948417944683423,31.067854102002457,44.584895248408436,0.0,Robust-MTD,11,case57,0.04
True,8,0.04,True,1,1,False,8,True,3.8671819781197475e-10,0.004882064964206214,0.4948417944683423,20.735108497319743,28.440998267615214,0.0,Robust-MTD,12,case57,0.04
True,28,-0.04,True,1,1,False,28,True,4.551910360201059e-10,0.003373522677711143,0.4948417944683423,27.685085398843512,37.04020599252544,0.0,Robust-MTD,13,case57,0.04
True,22,0.04,False,20,20,False,0,False,0.5743269876994536,0.3332075416038328,0.4948417944683423,28.09004174778238,46.165591993485585,0.0,Robust-MTD,14,case57,0.04
True,26,0.04,True,1,1,False,26,True,0.21605564964738264,0.005122406839801203,0.4948417944683423,28.424693751730956,40.075356233865044,0.0,Robust-MTD,15,case57,0.04
True,40,-0.04,False,20,20,False,40,True,0.00039492891790810587,0.047375411523741646,0.4948417944683423,30.517522894660942,53.54680030723103,0.0,Robust-MTD,16,case57,0.04
True,1,-0.04,False,20,20,False,0,False,0.5904723205239737,0.2787580496624254,0.4948417944683423,20.65206460247282,28.050602399162017,0.0,Robust-MTD,17,case57,0.04
True,37,-0.04,True,1,1,False,44,False,0.1022059800878798,0.00362214504563613,0.4948417944683423,27.314664496225305,34.68521806644276,0.0,Robust-MTD,18,case57,0.04
True,42,-0.04,True,4,4,False,42,True,3.8671808797186176e-10,0.012298808387578544,0.4948417944683423,31.203662502230145,52.81134548713457,0.0,Robust-MTD,19,case57,0.04
True,32,0.04,False,20,20,False,0,False,0.5095869641974846,0.3709375620667279,0.4948417944683423,24.71277495205868,32.2665541927563,0.0,Robust-MTD,20,case57,0.04
True,20,0.04,True,1,1,False,17,False,0.33188545856536206,0.005664226302748569,0.4948417944683423,41.49436459993012,105.9711663110648,0.0,Robust-MTD,21,case57,0.04
True,46,0.04,False,20,20,False,0,False,0.5018413147010818,0.3790389317151846,0.4948417944683423,22.629097854951397,32.86586285103114,0.0,Robust-MTD,22,case57,0.04
True,42,0.04,True,18,18,False,42,True,3.867180879729902e-10,0.012298808387578544,0.4948417944683423,27.8629998996621,33.96848471893464,0.0,Robust-MTD,23,case57,0.04
True,56,-0.04,True,3,3,False,56,True,0.17144160094404476,0.015075329385466215,0.4948417944683423,29.704649894847535,40.680169028928525,0.0,Robust-MTD,24,case57,0.04
True,53,0.04,True,1,1,False,51,False,0.20098428474459942,0.006826243996146087,0.4948417944683423,34.66224164003506,59.06640412576963,0.0,Robust-MTD,25,case57,0.04
True,48,0.04,True,1,1,False,50,False,0.21251929470239814,0.007104646265809073,0.4948417944683423,30.87317914760206,44.784318469464786,0.0,Robust-MTD,26,case57,0.04
True,24,-0.04,True,9,9,False,24,True,0.30554319174929323,0.012991152814144192,0.4948417944683423,28.408691749791615,37.3128562816419,0.0,Robust-MTD,27,case57,0.04
True,20,0.04,True,1,1,False,18,False,0.2612224611069677,0.006658877036921594,0.4948417944683423,37.87499790487345,74.02362912253011,0.0,Robust-MTD,28,case57,0.04
True,34,-0.04,True,18,18,False,34,True,0.4052382072227106,0.039962486216400125,0.4948417944683423,31.16600225039292,47.29212888632902,0.0,Robust-MTD,29,case57,0.04
True,11,-0.04,True,1,1,False,11,True,3.8671819781197475e-10,0.004888621605915981,0.4948417944683423,35.22219584847335,54.6025423012907,0.0,Robust-MTD,30,case57,0.04
True,38,0.04,False,20,20,False,56,False,0.17144160094404476,0.015075329385466215,0.4948417944683423,35.834835399873555,50.95518926682418,0.0,Robust-MTD,31,case57,0.04
True,32,0.04,False,20,20,False,0,False,0.5199054051950568,0.3690280128771451,0.4948417944683423,33.18426246405579,57.978128860122524,0.0,Robust-MTD,32,case57,0.04
True,15,-0.04,False,20,20,False,0,False,0.5145670554793418,0.36100210456408505,0.4948417944683423,32.38373539643362,40.19787913712209,0.0,Robust-MTD,33,case57,0.04
True,36,0.04,True,1,1,False,36,True,5.073313917093421e-10,0.0009164437876425398,0.4948417944683423,36.375139487790875,65.73598987597508,0.0,Robust-MTD,34,case57,0.04
True,26,0.04,True,2,2,False,26,True,0.20173962413476162,0.00519505367836978,0.4948417944683423,38.7442831939552,58.13093960168772,0.0,Robust-MTD,35,case57,0.04
True,28,0.04,True,1,1,False,28,True,3.8671814289192767e-10,0.0033735226776998493,0.4948417944683423,37.73539380636066,47.67685272090603,0.0,Robust-MTD,36,case57,0.04
True,3,0.04,True,8,8,False,3,True,0.0038235465933636726,0.008615439305030127,0.4948417944683423,38.71592080395203,49.431714287493385,0.0,Robust-MTD,37,case57,0.04
True,6,0.04,False,20,20,False,6,True,1.2198661291046392e-09,0.011385499125552733,0.4948417944683423,33.95784379681572,63.007096480578184,0.0,Robust-MTD,38,case57,0.04
True,51,-0.04,True,10,10,False,54,False,0.18376022971740463,0.01446615647551374,0.4948417944683423,40.29567924444564,89.43473336112221,0.0,Robust-MTD,39,case57,0.04
True,17,0.04,True,1,1,False,18,False,0.2475444289753145,0.006792529829335288,0.4948417944683423,34.203475108370185,52.943277385202244,0.0,Robust-MTD,40,case57,0.04
True,49,-0.04,True,2,2,False,50,False,0.17110410928180256,0.007679595284587984,0.4948417944683423,31.869925040518865,52.03020210901741,0.0,Robust-MTD,41,case57,0.04
True,19,-0.04,True,1,1,False,18,False,0.28784936083499807,0.0064008381271941205,0.4948417944683423,32.97039376629982,45.64152499951888,0.0,Robust-MTD,42,case57,0.04
True,31,0.04,False,20,20,False,30,False,0.39927173442772523,0.06468782433889525,0.4948417944683423,38.5254688502755,77.99778721819172,0.0,Robust-MTD,43,case57,0.04
True,55,0.04,True,1,1,False,55,True,3.867180879718649e-10,0.0038404153115128067,0.4948417944683423,35.84551665408071,64.1929315723246,0.0,Robust-MTD,44,case57,0.04
True,2,0.04,True,2,2,False,2,True,1.3474172949942487e-05,0.0058139303060758315,0.4948417944683423,29.98432909953408,55.07375623856207,0.0,Robust-MTD,45,case57,0.04
True,34,-0.04,True,11,11,False,31,False,0.40079126095357814,0.04194469458052559,0.4948417944683423,32.41777085349895,52.934091351926334,0.0,Robust-MTD,46,case57,0.04
True,14,-0.04,True,1,1,False,14,True,3.8671819781200764e-10,0.0034844732392646867,0.4948417944683423,35.46239575371146,65.64415479078889,0.0,Robust-MTD,47,case57,0.04
True,1,0.04,False,20,20,False,1,True,0.22818107905950738,0.20624972288991503,0.4948417944683423,36.59779175941367,74.41321734222585,0.0,Robust-MTD,48,case57,0.04
True,34,-0.04,False,20,20,False,34,True,0.40522239529169507,0.040300356009083854,0.4948417944683423,36.236452200682834,82.38745654816739,0.0,Robust-MTD,49,case57,0.04
True,40,-0.04,False,20,20,False,40,True,0.0020984796817889693,0.04755030418818715,0.4948417944683423,35.213675047270954,70.86793333583047,0.0,Robust-MTD,50,case57,0.04
True,27,-0.04,True,1,1,False,26,False,0.21184882112595654,0.005145605346354644,0.4948417944683423,38.80091459141113,58.5297729150625,0.0,Robust-MTD,51,case57,0.04
True,44,-0.04,True,1,1,False,44,True,0.05931271250724372,0.0037459184241648885,0.4948417944683423,40.623189543839544,110.12251251668205,0.0,Robust-MTD,52,case57,0.04
True,1,0.04,False,20,20,False,0,False,0.4997127847768982,0.3783883708786537,0.4948417944683423,37.216060448554344,56.72933362657206,0.0,Robust-MTD,53,case57,0.04
True,20,-0.04,True,1,1,False,18,False,0.2949067989828095,0.006311187837542115,0.4948417944683423,33.14154375693761,45.84886494558306,0.0,Robust-MTD,54,case57,0.04
True,41,-0.04,False,20,20,False,41,True,3.867180605118429e-10,0.016569358082100326,0.4948417944683423,38.03078344790265,45.102291693910956,0.0,Robust-MTD,55,case57,0.04
True,25,0.04,True,2,2,False,25,True,0.2325657118107577,0.00501319396933001,0.4948417944683423,36.096402048133314,49.006088156602345,0.0,Robust-MTD,56,case57,0.04
True,33,0.04,False,20,20,False,34,False,0.39911886409422354,0.033276378372613935,0.4948417944683423,37.64341048663482,55.57267499971206,0.0,Robust-MTD,57,case57,0.04
True,42,-0.04,True,8,8,False,42,True,3.867180879721542e-10,0.012298808387578544,0.4948417944683423,37.590443599037826,52.98636251245626,0.0,Robust-MTD,58,case57,0.04
True,21,0.04,False,20,20,False,0,False,0.5415855496655643,0.35301530623485733,0.4948417944683423,27.964439496281557,36.931013941648416,0.0,Robust-MTD,59,case57,0.04
True,36,-0.04,True,1,1,False,36,True,1.3663665561955617e-06,0.0009164437709115221,0.4948417944683423,35.78318755608052,72.83768506895288,0.0,Robust-MTD,60,case57,0.04
True,46,0.04,False,20,20,False,0,False,0.5249036525292273,0.36782775394065065,0.4948417944683423,45.73374578903895,97.93417743640022,0.0,Robust-MTD,61,case57,0.04
True,56,0.04,False,20,20,False,38,False,0.17144160095166613,0.015075329385449754,0.4948417944683423,34.246695760521106,52.835385408252485,0.0,Robust-MTD,62,case57,0.04
True,8,-0.04,True,2,2,False,8,True,3.8671819781197475e-10,0.004882064964206214,0.4948417944683423,33.36188964021858,44.148694045725286,0.0,Robust-MTD,63,case57,0.04
True,2,0.04,True,1,1,False,2,True,1.5521344026995157e-05,0.005813932189885153,0.4948417944683423,34.29724994930439,68.01316843193491,0.0,Robust-MTD,64,case57,0.04
True,43,0.04,True,1,1,False,44,False,0.11527649639090724,0.0035782696691225415,0.4948417944683423,30.28199569962453,49.53396043565591,0.0,Robust-MTD,65,case57,0.04
True,11,0.04,True,1,1,False,11,True,3.8671819781197475e-10,0.004888621605915981,0.4948417944683423,44.592983249458484,94.59986934380142,0.0,Robust-MTD,66,case57,0.04
True,7,0.04,False,20,20,False,0,False,0.5702934179258264,0.3199123718184705,0.4948417944683423,40.789168697665446,56.140879247686826,0.0,Robust-MTD,67,case57,0.04
True,7,-0.04,False,20,20,False,0,False,0.58770741466234,0.2709251470151143,0.4948417944683423,34.1906562942313,51.24253922549544,0.0,Robust-MTD,68,case57,0.04
True,51,-0.04,True,5,5,False,51,True,0.27242074600698796,0.011358213783328406,0.4948417944683423,35.28865624393802,43.501012507476844,0.0,Robust-MTD,69,case57,0.04
True,12,-0.04,True,1,1,False,12,True,3.8671819781197475e-10,0.00045950791273184757,0.4948417944683423,34.54948314756621,51.60101180954373,0.0,Robust-MTD,70,case57,0.04
True,17,-0.04,True,3,3,False,18,False,0.24873987376601014,0.00678555160876686,0.4948417944683423,41.45164985966403,79.909766689525,0.0,Robust-MTD,71,case57,0.04
True,35,0.04,True,1,1,False,35,True,2.3513740385914497e-09,0.000868359885308281,0.4948417944683423,39.27775184274651,59.839726740028716,0.0,Robust-MTD,72,case57,0.04
True,37,0.04,True,1,1,False,44,False,0.05770897368672763,0.003749968892579739,0.4948417944683423,35.88569375278894,66.44254970306065,0.0,Robust-MTD,73,case57,0.04
True,11,0.04,True,1,1,False,11,True,3.8671819781197475e-10,0.004888621605915981,0.4948417944683423,34.6579936449416,70.26609762106092,0.0,Robust-MTD,74,case57,0.04
True,43,-0.04,True,1,1,False,44,False,0.11763061578210904,0.0035700385029593987,0.4948417944683423,41.112881249864586,105.59391935821623,0.0,Robust-MTD,75,case57,0.04
True,39,0.04,True,1,1,False,39,True,3.867180879718649e-10,0.0036474741932404305,0.4948417944683423,38.99372075102292,66.38982285512616,0.0,Robust-MTD,76,case57,0.04
True,41,-0.04,False,20,20,False,41,True,3.867180879732405e-10,0.016569358082100326,0.4948417944683423,35.87855840160046,51.54063400113958,0.0,Robust-MTD,77,case57,0.04
True,11,-0.04,True,1,1,False,11,True,3.8671819781197475e-10,0.004888621605915981,0.4948417944683423,32.71795009204652,53.38859968760517,0.0,Robust-MTD,78,case57,0.04
True,24,0.04,True,2,2,False,24,True,0.27525026559209076,0.011391560428994175,0.4948417944683423,30.192404144327156,41.25771494291258,0.0,Robust-MTD,79,case57,0.04
True,26,-0.04,True,3,3,False,25,False,0.20138719233327187,0.005196627307819101,0.4948417944683423,29.854100104421377,54.49163568846417,0.0,Robust-MTD,80,case57,0.04
True,37,0.04,True,1,1,False,44,False,0.11933722709032174,0.0035640066655803983,0.4948417944683423,34.64634380361531,78.18271699943581,0.0,Robust-MTD,81,case57,0.04
True,26,-0.04,True,1,1,False,26,True,0.21084278740320825,0.005150914385642916,0.4948417944683423,35.367901949211955,63.79159315256408,0.0,Robust-MTD,82,case57,0.04
True,20,-0.04,True,1,1,False,18,False,0.26908178686481754,0.006585578137328123,0.4948417944683423,29.537466750480235,44.780616680509425,0.0,Robust-MTD,83,case57,0.04
True,54,0.04,False,20,20,False,54,True,0.15516319498514858,0.015476614555242085,0.4948417944683423,33.43448120576795,49.9675981787732,0.0,Robust-MTD,84,case57,0.04
True,31,0.04,False,20,20,False,31,True,0.3755639325203377,0.051671357552125506,0.4948417944683423,32.798150097369216,60.243422590428985,0.0,Robust-MTD,85,case57,0.04
True,28,0.04,True,1,1,False,28,True,3.8671814289191867e-10,0.0033735226776998493,0.4948417944683423,30.936447897693142,70.9635541512398,0.0,Robust-MTD,86,case57,0.04
True,26,-0.04,True,1,1,False,25,False,0.23463820448106093,0.004997004050490545,0.4948417944683423,36.647393699968234,78.69952050677968,0.0,Robust-MTD,87,case57,0.04
True,17,-0.04,True,2,2,False,18,False,0.3312929640098846,0.005696147823853415,0.4948417944683423,31.756376952398565,52.96293509891259,0.0,Robust-MTD,88,case57,0.04
True,55,-0.04,True,1,1,False,55,True,3.867180605118526e-10,0.003840415311512807,0.4948417944683423,28.35626045416575,39.66201250150335,0.0,Robust-MTD,89,case57,0.04
True,11,0.04,True,1,1,False,11,True,3.8671819781197475e-10,0.004888621605915981,0.4948417944683423,33.51219569740351,61.06977950839792,0.0,Robust-MTD,90,case57,0.04
True,48,-0.04,True,1,1,False,48,True,0.2662031525548332,0.005267241914245388,0.4948417944683423,33.67916049610358,56.04843988840004,0.0,Robust-MTD,91,case57,0.04
True,50,-0.04,True,5,5,False,50,True,0.13704155537127988,0.008054378061998546,0.4948417944683423,29.4424063002225,38.39827262272593,0.0,Robust-MTD,92,case57,0.04
True,53,-0.04,True,1,1,False,51,False,0.1561534007692173,0.007473710394946088,0.4948417944683423,32.389827151200734,46.86489790910856,0.0,Robust-MTD,93,case57,0.04
True,43,0.04,True,1,1,False,44,False,0.22414233387561971,0.0030435585857268186,0.4948417944683423,29.164754296652973,47.070695864385925,0.0,Robust-MTD,94,case57,0.04
True,40,-0.04,False,20,20,False,40,True,0.030950388885169756,0.04655268676493054,0.4948417944683423,29.177622811403126,36.217879236210145,0.0,Robust-MTD,95,case57,0.04
True,10,-0.04,True,1,1,False,10,True,3.8671819781197475e-10,0.006716505493575347,0.4948417944683423,29.616533240186982,48.54378479649314,0.0,Robust-MTD,96,case57,0.04
True,14,0.04,True,1,1,False,14,True,3.8671817035206415e-10,0.0034844732392646876,0.4948417944683423,31.35920819477178,47.755380894523114,0.0,Robust-MTD,97,case57,0.04
True,53,-0.04,True,1,1,False,51,False,0.2653657936915389,0.00543403253083529,0.4948417944683423,36.38527905277442,65.16370270983317,0.0,Robust-MTD,98,case57,0.04
True,49,-0.04,True,1,1,False,50,False,0.21745983613260708,0.007076996910878008,0.4948417944683423,35.90560410229955,63.08796669472941,0.0,Robust-MTD,99,case57,0.04
True,56,0.04,True,6,6,False,38,False,0.17144160112039583,0.015075329385140973,0.4948417944683423,30.697654141113162,47.39344096742571,0.0,Robust-MTD,100,case57,0.04
True,17,-0.04,True,2,2,False,18,False,0.31257347022423804,0.006079016087067945,0.4948417944683423,33.56501239177305,70.37596066948026,0.0,Robust-MTD,101,case57,0.04
True,12,0.04,True,1,1,False,12,True,3.8671819781197475e-10,0.00045950791273184757,0.4948417944683423,35.18629979516845,51.562738942448064,0.0,Robust-MTD,102,case57,0.04
True,48,-0.04,True,1,1,False,48,True,0.26015678620631466,0.005252559147370924,0.4948417944683423,36.55621874204371,52.54729613370731,0.0,Robust-MTD,103,case57,0.04
True,31,0.04,False,20,20,False,31,True,0.3935414638097833,0.04745029531977145,0.4948417944683423,32.03136250085663,53.63989197066985,0.0,Robust-MTD,104,case57,0.04
True,31,0.04,False,20,20,False,0,False,0.5328644402987879,0.36230756789281016,0.4948417944683423,32.23228954593651,57.388798269676066,0.0,Robust-MTD,105,case57,0.04
True,41,-0.04,False,20,20,False,41,True,3.867180879761423e-10,0.016569358082100326,0.4948417944683423,32.597322948277,68.65316634939518,0.0,Robust-MTD,106,case57,0.04
True,16,-0.04,False,20,20,False,0,False,0.5012648630187251,0.3734824316803095,0.4948417944683423,33.171799857518636,66.39984757930507,0.0,Robust-MTD,107,case57,0.04
True,20,0.04,True,1,1,False,18,False,0.256771244809035,0.00668983810946594,0.4948417944683423,35.72755824716296,81.69808127568103,0.0,Robust-MTD,108,case57,0.04
True,50,0.04,True,14,14,False,50,True,0.21998482363758817,0.007212867703202673,0.4948417944683423,26.78599995560944,38.11381878913381,0.0,Robust-MTD,109,case57,0.04
True,17,0.04,True,3,3,False,18,False,0.2580390773427589,0.006706671368913667,0.4948417944683423,32.979024946689606,53.07261698762886,0.0,Robust-MTD,110,case57,0.04
True,41,0.04,False,20,20,False,41,True,5.456946521027055e-10,0.016569358082885347,0.4948417944683423,30.561308143660426,44.79523128247821,0.0,Robust-MTD,111,case57,0.04
True,15,0.04,False,20,20,False,0,False,0.5127621366595326,0.3692304260937099,0.4948417944683423,32.74240425671451,49.40578895329968,0.0,Robust-MTD,112,case57,0.04
True,12,-0.04,True,1,1,False,12,True,3.8671819781197475e-10,0.00045950791273184757,0.4948417944683423,35.244354349561036,65.10790209285922,0.0,Robust-MTD,113,case57,0.04
True,33,-0.04,False,20,20,False,31,False,0.3826962966077752,0.04422848275662962,0.4948417944683423,33.55628959252499,64.50481458450668,0.0,Robust-MTD,114,case57,0.04
True,8,0.04,True,1,1,False,8,True,3.8671819781197475e-10,0.004882064964206214,0.4948417944683423,36.46889164519962,67.42361009819433,0.0,Robust-MTD,115,case57,0.04
True,16,-0.04,False,20,20,False,0,False,0.5102633713632533,0.3696976057380522,0.4948417944683423,31.72374380228575,51.76251310040243,0.0,Robust-MTD,116,case57,0.04
True,46,-0.04,False,20,20,False,0,False,0.5275759450198803,0.3590088283938463,0.4948417944683423,33.45147925138008,66.13341839110944,0.0,Robust-MTD,117,case57,0.04
True,8,-0.04,True,1,1,False,8,True,3.8671819781197475e-10,0.004882064964206214,0.4948417944683423,29.715962550835684,38.91420416475739,0.0,Robust-MTD,118,case57,0.04
True,20,0.04,True,1,1,False,18,False,0.2970533538850321,0.00628459128221634,0.4948417944683423,29.95393554738257,45.87019996833988,0.0,Robust-MTD,119,case57,0.04
True,52,-0.04,True,1,1,False,51,False,0.15825838832519154,0.007612796721300304,0.4948417944683423,30.866208256338723,53.17977257655002,0.0,Robust-MTD,120,case57,0.04
True,9,-0.04,False,20,20,False,9,True,1.4883141404340063e-07,0.03584234820094626,0.4948417944683423,33.19298135174904,45.63602714042645,0.0,Robust-MTD,121,case57,0.04
True,21,0.04,False,20,20,False,0,False,0.4974484258026196,0.3826334237538858,0.4948417944683423,33.02161469764542,51.85156459046997,0.0,Robust-MTD,122,case57,0.04
True,43,0.04,True,1,1,False,44,False,0.11774373492583504,0.003569640385540566,0.4948417944683423,35.96698745677713,80.30100386240521,0.0,Robust-MTD,123,case57,0.04
True,18,-0.04,True,5,5,False,18,True,0.24994521377044893,0.006771781502693749,0.4948417944683423,36.29088544694241,65.37843811092898,0.0,Robust-MTD,124,case57,0.04
True,38,-0.04,True,18,18,False,38,True,0.17144160094404476,0.015075329385466213,0.4948417944683423,31.167147695668973,47.68651876656804,0.0,Robust-MTD,125,case57,0.04
True,47,-0.04,False,20,20,False,0,False,0.5672210629446225,0.3441086375161302,0.4948417944683423,39.339474952430464,82.9288357519545,0.0,Robust-MTD,126,case57,0.04
True,51,-0.04,True,2,2,False,54,False,0.21353387431974385,0.013175066159556985,0.4948417944683423,28.13879160094075,40.195374999893836,0.0,Robust-MTD,127,case57,0.04
True,23,0.04,True,0,0,False,0,False,0.5567653153747673,0.3516945776156504,0.4948417944683423,30.6484623986762,46.976057984284154,0.0,Robust-MTD,128,case57,0.04
True,40,0.04,True,15,15,False,40,True,0.0005243798137622163,0.04736993292787549,0.4948417944683423,29.164945750380866,40.93650894355961,0.0,Robust-MTD,129,case57,0.04
True,20,-0.04,True,1,1,False,17,False,0.3380999775896218,0.005412258686287877,0.4948417944683423,33.372731145936996,45.46192501438782,0.0,Robust-MTD,130,case57,0.04
True,51,-0.04,True,3,3,False,54,False,0.1656040649115379,0.014944451895079139,0.4948417944683423,32.02547914988827,39.38186874729582,0.0,Robust-MTD,131,case57,0.04
True,26,0.04,True,1,1,False,25,False,0.21935681164946447,0.005103014485119587,0.4948417944683423,34.22108973900322,67.25600272766314,0.0,Robust-MTD,132,case57,0.04
True,43,-0.04,True,1,1,False,44,False,0.07917078435373333,0.0036923413772585734,0.4948417944683423,34.86597915471066,64.62404374906328,0.0,Robust-MTD,133,case57,0.04
True,54,-0.04,False,20,20,False,54,True,0.13225073882917848,0.016073797715678104,0.4948417944683423,29.782908252673224,42.2710121201817,0.0,Robust-MTD,134,case57,0.04
True,32,0.04,False,20,20,False,0,False,0.5107783115535715,0.37037955866403227,0.4948417944683423,31.219147800584324,44.26895146898461,0.0,Robust-MTD,135,case57,0.04
True,47,0.04,False,20,20,False,0,False,0.5765526991053779,0.3185890810954481,0.4948417944683423,37.58042080735322,75.61518099100795,0.0,Robust-MTD,136,case57,0.04
True,51,0.04,True,2,2,False,54,False,0.15908087309409308,0.015211877468702494,0.4948417944683423,31.489599900669422,50.14462115359493,0.0,Robust-MTD,137,case57,0.04
True,53,0.04,True,1,1,False,51,False,0.10755409459490814,0.008287128800207566,0.4948417944683423,27.959502098383382,41.30005835031625,0.0,Robust-MTD,138,case57,0.04
True,54,0.04,False,20,20,False,54,True,0.1387764965131602,0.015926651382077033,0.4948417944683423,35.28358134790324,59.13137562165504,0.0,Robust-MTD,139,case57,0.04
True,20,0.04,True,1,1,False,18,False,0.29134258463517804,0.006355735907872372,0.4948417944683423,33.02097294363193,51.06062777631451,0.0,Robust-MTD,140,case57,0.04
True,52,0.04,True,1,1,False,51,False,0.12354049715041582,0.007961061416358875,0.4948417944683423,29.080735400202684,38.09301638684701,0.0,Robust-MTD,141,case57,0.04
True,10,0.04,True,3,3,False,10,True,3.8671819781197475e-10,0.006716505493575347,0.4948417944683423,28.86359574040398,37.30948680895383,0.0,Robust-MTD,142,case57,0.04
True,12,-0.04,True,1,1,False,12,True,3.8671819781197475e-10,0.00045950791273184757,0.4948417944683423,33.35555004887283,57.87217707838863,0.0,Robust-MTD,143,case57,0.04
True,10,0.04,True,2,2,False,10,True,3.8671819781197506e-10,0.006716505493575347,0.4948417944683423,30.26054364745505,43.03237471031025,0.0,Robust-MTD,144,case57,0.04
True,11,-0.04,True,1,1,False,11,True,3.8671819781197475e-10,0.004888621605915981,0.4948417944683423,29.62387290026527,41.046845534583554,0.0,Robust-MTD,145,case57,0.04
True,25,-0.04,True,1,1,False,25,True,0.2547337643147444,0.004792918229202604,0.4948417944683423,29.47531459503807,43.98500274692198,0.0,Robust-MTD,146,case57,0.04
True,36,0.04,True,1,1,False,36,True,1.1883239085124916e-07,0.0009164437863965861,0.4948417944683423,29.04558751033619,43.55580448464025,0.0,Robust-MTD,147,case57,0.04
True,44,-0.04,True,1,1,False,44,True,0.038512659484475895,0.0037951708774604173,0.4948417944683423,28.401166750700213,37.46394583722577,0.0,Robust-MTD,148,case57,0.04
True,24,0.04,True,2,2,False,24,True,0.3371935351408539,0.015733243511210644,0.4948417944683423,27.84121659642551,37.65290144074243,0.0,Robust-MTD,149,case57,0.04
True,3,0.04,True,4,4,False,3,True,0.0017223584929272672,0.008619095882869339,0.4948417944683423,31.51548540045042,48.544613178819425,0.0,Robust-MTD,150,case57,0.04
True,42,0.04,False,20,20,False,42,True,3.8671808797192065e-10,0.012298808387578544,0.4948417944683423,29.94335620023776,42.60206220496912,0.0,Robust-MTD,151,case57,0.04
True,23,0.04,False,20,20,False,0,False,0.6021105064586645,0.32445535253309843,0.4948417944683423,36.89042720943689,66.39221077202819,0.0,Robust-MTD,152,case57,0.04
True,45,0.04,True,7,7,False,45,True,3.8671808797186683e-10,0.008872938518095718,0.4948417944683423,33.88907275220845,40.820206524222165,0.0,Robust-MTD,153,case57,0.04
True,24,-0.04,True,1,1,False,29,False,0.33643100838846024,0.015568852060180993,0.4948417944683423,32.010800193529576,43.19236903975253,0.0,Robust-MTD,154,case57,0.04
True,22,-0.04,False,20,20,False,0,False,0.6204303676219554,0.3018020971187199,0.4948417944683423,28.88965824386105,44.411270521231934,0.0,Robust-MTD,155,case57,0.04
True,23,0.04,False,20,20,False,0,False,0.5010959811566728,0.377691124304002,0.4948417944683423,31.066798101528548,54.158267268212526,0.0,Robust-MTD,156,case57,0.04
True,54,0.04,False,20,20,False,54,True,0.24133110743566183,0.01319264474592138,0.4948417944683423,30.33650195284281,51.3928868516814,0.0,Robust-MTD,157,case57,0.04
True,33,-0.04,False,20,20,False,34,False,0.42921059965690966,0.032943246557504954,0.4948417944683423,32.45137905178126,54.56902435107623,0.0,Robust-MTD,158,case57,0.04
True,39,-0.04,True,1,1,False,39,True,3.867180879718745e-10,0.0036474741932404305,0.4948417944683423,29.638879204867408,35.91355418320746,0.0,Robust-MTD,159,case57,0.04
True,13,0.04,True,1,1,False,13,True,3.8671819781197475e-10,0.0005704733218803301,0.4948417944683423,32.55181460408494,45.29878896428274,0.0,Robust-MTD,160,case57,0.04
True,38,0.04,False,20,20,False,56,False,0.1714416009440448,0.015075329385466211,0.4948417944683423,32.11417290731333,49.55060174688698,0.0,Robust-MTD,161,case57,0.04
True,35,0.04,True,1,1,False,35,True,2.1500277757269496e-07,0.0008683598876303992,0.4948417944683423,29.662508360343054,41.83038932678757,0.0,Robust-MTD,162,case57,0.04
True,26,-0.04,True,1,1,False,26,True,0.20516078168792604,0.005179265170706179,0.4948417944683423,34.27458530641161,45.25849375349937,0.0,Robust-MTD,163,case57,0.04
True,1,0.04,False,20,20,False,0,False,0.5029130025973233,0.2997549187114504,0.4948417944683423,29.31956039974466,46.338450018083684,0.0,Robust-MTD,164,case57,0.04
True,49,-0.04,True,3,3,False,50,False,0.24855174203295335,0.0066143091237935905,0.4948417944683423,30.721970845479518,42.22936429141555,0.0,Robust-MTD,165,case57,0.04
True,40,0.04,False,20,20,False,40,True,0.008133808772806062,0.047860792408059016,0.4948417944683423,32.47528114588931,51.36799376050477,0.0,Robust-MTD,166,case57,0.04
True,40,0.04,False,20,20,False,40,True,0.04833078622313717,0.05333761102367297,0.4948417944683423,32.475337450159714,54.00477502262221,0.0,Robust-MTD,167,case57,0.04
True,28,0.04,True,1,1,False,28,True,3.86718142891941e-10,0.0033735226776998493,0.4948417944683423,32.436008454533294,56.28831942740362,0.0,Robust-MTD,168,case57,0.04
True,38,0.04,False,20,20,False,38,True,0.17144160203997477,0.015075329383268199,0.4948417944683423,30.98962084914092,41.33329727337696,0.0,Robust-MTD,169,case57,0.04
True,27,0.04,True,1,1,False,25,False,0.2240031497207464,0.005073796064523116,0.4948417944683423,31.4945810881909,46.481593052158146,0.0,Robust-MTD,170,case57,0.04
True,30,-0.04,False,20,20,False,0,False,0.5413406262036533,0.35954949140703973,0.4948417944683423,30.704979193978943,43.91608124715276,0.0,Robust-MTD,171,case57,0.04
True,31,-0.04,False,20,20,False,0,False,0.6431560738254439,0.19262837410212036,0.4948417944683423,42.162562601151876,90.50020205322653,0.0,Robust-MTD,172,case57,0.04
True,27,0.04,True,1,1,False,25,False,0.2027008487438675,0.005190711985532104,0.4948417944683423,31.30758334591519,44.33242706872989,0.0,Robust-MTD,173,case57,0.04
True,51,0.04,True,7,7,False,54,False,0.19962843180421794,0.01392700605727531,0.4948417944683423,39.966472939704545,68.64566664153253,0.0,Robust-MTD,174,case57,0.04
True,28,0.04,True,1,1,False,28,True,3.8671814289194804e-10,0.0033735226776998493,0.4948417944683423,29.671845748089254,47.108860107255175,0.0,Robust-MTD,175,case57,0.04
True,33,-0.04,False,20,20,False,34,False,0.38592574576395045,0.039321851490592995,0.4948417944683423,30.49871050461661,39.15461426659023,0.0,Robust-MTD,176,case57,0.04
True,20,-0.04,True,1,1,False,18,False,0.2766238968083654,0.006520976277065018,0.4948417944683423,32.382877107011154,52.30015240085781,0.0,Robust-MTD,177,case57,0.04
True,5,0.04,True,4,4,False,5,True,3.867181978120524e-10,0.008826035223823752,0.4948417944683423,32.36772484960966,47.48742291412783,0.0,Robust-MTD,178,case57,0.04
True,38,0.04,False,20,20,False,56,False,0.1714416009440448,0.015075329385466211,0.4948417944683423,29.190783348167315,43.60729106119834,0.0,Robust-MTD,179,case57,0.04
True,52,-0.04,True,1,1,False,51,False,0.15416609486176494,0.007570520635764105,0.4948417944683423,31.00263339583762,41.10938184603583,0.0,Robust-MTD,180,case57,0.04
True,48,0.04,True,1,1,False,48,True,0.18518544517965246,0.003823050773827923,0.4948417944683423,30.344783296459354,45.422712530125864,0.0,Robust-MTD,181,case57,0.04
True,32,-0.04,False,20,20,False,0,False,0.5250092495008478,0.3684272716789829,0.4948417944683423,33.82841243874282,50.46191668370739,0.0,Robust-MTD,182,case57,0.04
True,48,0.04,True,1,1,False,49,False,0.2671653476957655,0.005375641036270971,0.4948417944683423,37.69888965180144,64.07520861830565,0.0,Robust-MTD,183,case57,0.04
True,48,0.04,True,1,1,False,50,False,0.18006076016243294,0.007337401895594492,0.4948417944683423,28.526374901412055,48.161254459409975,0.0,Robust-MTD,184,case57,0.04
True,5,0.04,True,1,1,False,5,True,1.7343454035235089e-09,0.008826035224426387,0.4948417944683423,36.00682095566299,61.06468401558233,0.0,Robust-MTD,185,case57,0.04
True,41,0.04,False,20,20,False,41,True,3.867180605118778e-10,0.016569358082100326,0.4948417944683423,32.17114995641168,73.29837432189379,0.0,Robust-MTD,186,case57,0.04
True,29,-0.04,True,1,1,False,24,False,0.3334633634543956,0.015469477009677312,0.4948417944683423,30.167141600395553,42.670306281070225,0.0,Robust-MTD,187,case57,0.04
True,10,-0.04,True,3,3,False,10,True,3.8671819781197475e-10,0.006716505493575347,0.4948417944683423,33.45984775223769,64.49522643233651,0.0,Robust-MTD,188,case57,0.04
True,13,0.04,True,1,1,False,13,True,3.8671819781197475e-10,0.0005704733218803301,0.4948417944683423,20.20146453869529,23.834216673276387,0.0,Robust-MTD,189,case57,0.04
True,7,-0.04,False,20,20,False,0,False,0.5309376841692343,0.3575285207270164,0.4948417944683423,27.90607074275613,41.36618536140304,0.0,Robust-MTD,190,case57,0.04
True,34,-0.04,False,20,20,False,31,False,0.3954669670289223,0.04628315850724335,0.4948417944683423,30.914102154201828,54.405483641312465,0.0,Robust-MTD,191,case57,0.04
True,23,-0.04,False,20,20,False,0,False,0.5187911784737257,0.3739543991826352,0.4948417944683423,29.800889603211544,44.402308645658195,0.0,Robust-MTD,192,case57,0.04
True,22,-0.04,False,20,20,False,0,False,0.503078775448228,0.379435389391517,0.4948417944683423,28.77135624003131,37.798661802662544,0.0,Robust-MTD,193,case57,0.04
True,53,-0.04,True,1,1,False,51,False,0.1590623198324153,0.007534666112070524,0.4948417944683423,18.70304585318081,23.067314908257686,0.0,Robust-MTD,194,case57,0.04
True,40,0.04,False,20,20,False,40,True,0.010112477721660806,0.04715569480732023,0.4948417944683423,27.5341375003336,44.050938964937814,0.0,Robust-MTD,195,case57,0.04
True,4,-0.04,False,20,20,False,0,False,0.543771965756832,0.3557738745000786,0.4948417944683423,19.414187502115965,23.25613898865413,0.0,Robust-MTD,196,case57,0.04
True,23,0.04,False,20,20,False,0,False,0.5173528429290272,0.3687263826238618,0.4948417944683423,36.08540609711781,63.07593540113886,0.0,Robust-MTD,197,case57,0.04
True,17,0.04,True,2,2,False,17,True,0.31394249088367343,0.006034179074196659,0.4948417944683423,19.622608204372227,23.249916348140687,0.0,Robust-MTD,198,case57,0.04
True,28,0.04,True,1,1,False,28,True,3.867181428919724e-10,0.0033735226776998493,0.4948417944683423,11.31526880490128,13.010320169269107,0.0,Robust-MTD,199,case57,0.04
True,26,-0.05,False,20,20,False,0,False,0.597575487729729,0.3392669933300291,0.6449621867960693,22.31536670587957,30.234720866428695,0.0,HMTD-MDE,0,case57,0.05
True,49,-0.05,True,10,10,False,49,True,0.11360450855372296,0.013269603160370907,0.6449621867960693,27.23087715858128,33.32751311827454,0.0,HMTD-MDE,1,case57,0.05
True,53,-0.05,True,1,1,False,53,True,0.17628363187054868,0.0038819228766885363,0.6449621867960693,26.923943651490845,37.15936184453312,0.0,HMTD-MDE,2,case57,0.05
True,37,0.05,True,5,5,False,37,True,0.17144592108610746,0.009965142304116955,0.6449621867960693,28.671810604282655,51.10226872202475,0.0,HMTD-MDE,3,case57,0.05
True,46,0.05,True,17,17,False,0,False,0.5722160171393564,0.3637529756599484,0.6449621867960693,26.06723118806258,36.88701871433295,0.0,HMTD-MDE,4,case57,0.05
True,17,0.05,False,20,20,False,17,True,0.20681077183363974,0.038015098694705575,0.6449621867960693,22.754716701456346,29.562275006901476,0.0,HMTD-MDE,5,case57,0.05
True,24,0.05,True,4,4,False,24,True,0.3946899161014469,0.015432790899977317,0.6449621867960693,24.979145693941973,34.91132502385881,0.0,HMTD-MDE,6,case57,0.05
True,3,0.05,True,1,1,False,3,True,3.8671819781201803e-10,0.0034832369284029763,0.6449621867960693,28.21994785044808,38.990023228689104,0.0,HMTD-MDE,7,case57,0.05
True,8,-0.05,True,1,1,False,8,True,3.8671819781197475e-10,0.00028489480589777717,0.6449621867960693,28.08363530493807,44.35647291247733,0.0,HMTD-MDE,8,case57,0.05
True,22,0.05,False,20,20,False,17,False,0.6073898348667748,0.22062113072790118,0.6449621867960693,28.156287551973946,40.49563745793423,0.0,HMTD-MDE,9,case57,0.05
True,29,-0.05,True,16,16,False,34,False,0.39876894136751534,0.016143501381189706,0.6449621867960693,21.129285247297958,29.765703558223322,0.0,HMTD-MDE,10,case57,0.05
True,28,-0.05,False,20,20,False,28,True,0.03659992395650371,0.021484738012560307,0.6449621867960693,27.18727294995915,35.248395541566445,0.0,HMTD-MDE,11,case57,0.05
True,8,0.05,True,1,1,False,8,True,3.8671819781197475e-10,0.00028489480589777717,0.6449621867960693,24.0277562988922,29.687529499642554,0.0,HMTD-MDE,12,case57,0.05
True,28,-0.05,False,20,20,False,28,True,0.047148374200705875,0.021645927071766904,0.6449621867960693,37.25403120624833,93.70755179843401,0.0,HMTD-MDE,13,case57,0.05
True,22,0.05,False,20,20,False,0,False,0.605024133970501,0.34711342894608654,0.6449621867960693,33.19432694988791,72.05248574900908,0.0,HMTD-MDE,14,case57,0.05
True,26,0.05,False,20,20,False,0,False,0.5768806095523163,0.34577822334905195,0.6449621867960693,21.438289651996456,28.666496489313435,0.0,HMTD-MDE,15,case57,0.05
True,40,-0.05,True,14,14,False,40,True,0.0011841231214228315,0.01128093554133651,0.6449621867960693,24.94494604470674,34.577076783170924,0.0,HMTD-MDE,16,case57,0.05
True,1,-0.05,False,20,20,False,0,False,0.6381455747482382,0.3292546607159175,0.6449621867960693,24.20468334457837,29.527248212252747,0.0,HMTD-MDE,17,case57,0.05
True,37,-0.05,True,5,5,False,37,True,0.17144661124069277,0.009965157522091553,0.6449621867960693,31.2378501490457,49.48494857526386,0.0,HMTD-MDE,18,case57,0.05
True,42,-0.05,False,20,20,False,42,True,4.78387330614167e-09,0.03399701618086987,0.6449621867960693,31.709695607423782,61.325414569000735,0.0,HMTD-MDE,19,case57,0.05
True,32,0.05,False,20,20,False,0,False,0.546797440275818,0.3737548756766408,0.6449621867960693,22.54932905198075,30.591145184007473,0.0,HMTD-MDE,20,case57,0.05
True,20,0.05,True,1,1,False,20,True,0.20558899452721732,0.006691992466212664,0.6449621867960693,23.06152075761929,30.519489591824822,0.0,HMTD-MDE,21,case57,0.05
True,46,0.05,False,20,20,False,0,False,0.5575519956931425,0.3677462182297249,0.6449621867960693,25.302712645498104,32.44679995696062,0.0,HMTD-MDE,22,case57,0.05
True,42,0.05,False,20,20,False,42,True,3.867180879723934e-10,0.03399701609540809,0.6449621867960693,25.316108396509662,32.84696522459855,0.0,HMTD-MDE,23,case57,0.05
True,56,-0.05,True,3,3,False,38,False,0.1714416009440448,0.015389855031208715,0.6449621867960693,26.17183755210135,41.332554499967955,0.0,HMTD-MDE,24,case57,0.05
True,53,0.05,True,1,1,False,53,True,0.1840673571696095,0.003994304362694983,0.6449621867960693,31.206093553919345,59.95949337084312,0.0,HMTD-MDE,25,case57,0.05
True,48,0.05,True,1,1,False,48,True,3.867180879718943e-10,0.002753712702745942,0.6449621867960693,29.825266802799888,45.167985724401674,0.0,HMTD-MDE,26,case57,0.05
True,24,-0.05,True,16,16,False,24,True,0.39607521046427613,0.015537223063154769,0.6449621867960693,30.136847801622935,46.88502462231554,0.0,HMTD-MDE,27,case57,0.05
True,20,0.05,True,1,1,False,20,True,0.22106503006328693,0.0071783686919362905,0.6449621867960693,28.1312416336732,41.01036281790586,0.0,HMTD-MDE,28,case57,0.05
True,34,-0.05,True,18,18,False,31,False,0.4080360074502432,0.01710480311777103,0.6449621867960693,30.221206045825966,41.95888473186644,0.0,HMTD-MDE,29,case57,0.05
True,11,-0.05,True,1,1,False,11,True,3.8671819781197475e-10,0.0002955651145503168,0.6449621867960693,29.2172353976639,46.63984791259283,0.0,HMTD-MDE,30,case57,0.05
True,38,0.05,False,20,20,False,56,False,0.1714416009440448,0.015389855031208714,0.6449621867960693,29.240337552619167,48.228295863373205,0.0,HMTD-MDE,31,case57,0.05
True,32,0.05,False,20,20,False,0,False,0.5879016679548605,0.3534937137711993,0.6449621867960693,29.671189555665478,39.717799681238866,0.0,HMTD-MDE,32,case57,0.05
True,15,-0.05,False,20,20,False,0,False,0.5338404108988823,0.3609907101941075,0.6449621867960693,31.923989596543834,58.24788479658312,0.0,HMTD-MDE,33,case57,0.05
True,36,0.05,True,1,1,False,36,True,3.8671808797186776e-10,0.0008651682048311887,0.6449621867960693,29.802077056956477,48.753907671198256,0.0,HMTD-MDE,34,case57,0.05
True,26,0.05,False,20,20,False,0,False,0.5537515250155813,0.36995782719153125,0.6449621867960693,30.77747915231157,60.51334969233722,0.0,HMTD-MDE,35,case57,0.05
True,28,0.05,False,20,20,False,28,True,0.1265222387203869,0.023570993435373517,0.6449621867960693,29.089433237095363,37.02400142501575,0.0,HMTD-MDE,36,case57,0.05
True,3,0.05,True,1,1,False,3,True,3.941631085308345e-10,0.003483236928404715,0.6449621867960693,26.81101864145603,38.22276220016648,0.0,HMTD-MDE,37,case57,0.05
True,6,0.05,True,1,1,False,6,True,3.8671819781197475e-10,0.002363277542522319,0.6449621867960693,28.20842294895556,37.449406847008504,0.0,HMTD-MDE,38,case57,0.05
True,51,-0.05,False,20,20,False,51,True,0.11467077813679548,0.022088312804605815,0.6449621867960693,28.931670848396607,38.88863927859348,0.0,HMTD-MDE,39,case57,0.05
True,17,0.05,False,20,20,False,17,True,0.21302918100202978,0.038008084335846806,0.6449621867960693,29.394650005269796,37.45673369267025,0.0,HMTD-MDE,40,case57,0.05
True,49,-0.05,True,12,12,False,49,True,0.08663814590742637,0.013922717766669982,0.6449621867960693,27.871687401784584,41.03595384804066,0.0,HMTD-MDE,41,case57,0.05
True,19,-0.05,True,1,1,False,20,False,0.22924724185426779,0.007492641134975955,0.6449621867960693,30.054898004163988,46.20864105818328,0.0,HMTD-MDE,42,case57,0.05
True,31,0.05,False,20,20,False,31,True,0.4255865536288377,0.020616176815249854,0.6449621867960693,31.485145748592917,49.384746188297875,0.0,HMTD-MDE,43,case57,0.05
True,55,0.05,True,1,1,False,55,True,0.0074793072230446185,0.0012639169164916457,0.6449621867960693,31.011170998681337,47.10618400422391,0.0,HMTD-MDE,44,case57,0.05
True,2,0.05,True,1,1,False,2,True,3.86718197812235e-10,0.005048856714374031,0.6449621867960693,28.578808353631757,49.69519587175456,0.0,HMTD-MDE,45,case57,0.05
True,34,-0.05,True,18,18,False,31,False,0.4075839352045596,0.017012915958891536,0.6449621867960693,29.845458254567347,53.82118511479348,0.0,HMTD-MDE,46,case57,0.05
True,14,-0.05,True,1,1,False,14,True,3.8671819781197475e-10,0.007593593808137527,0.6449621867960693,25.643633396248333,33.676335436757654,0.0,HMTD-MDE,47,case57,0.05
True,1,0.05,False,20,20,False,16,False,0.5097596806213902,0.3105506919542981,0.6449621867960693,30.308979196706787,43.57481249317065,0.0,HMTD-MDE,48,case57,0.05
True,34,-0.05,True,14,14,False,31,False,0.40601157606978755,0.01676987024781334,0.6449621867960693,33.91822505800519,72.14924759755378,0.0,HMTD-MDE,49,case57,0.05
True,40,-0.05,False,20,20,False,40,True,0.0010935579264292714,0.01128151422107828,0.6449621867960693,29.724122950574383,41.05745032429695,0.0,HMTD-MDE,50,case57,0.05
True,27,-0.05,False,20,20,False,27,True,0.10989010434014788,0.03110127406044293,0.6449621867960693,29.052697951556183,40.00734822184314,0.0,HMTD-MDE,51,case57,0.05
True,44,-0.05,False,20,20,False,0,False,0.5718088818713822,0.3643396209740811,0.6449621867960693,34.26023540087044,70.06483512232083,0.0,HMTD-MDE,52,case57,0.05
True,1,0.05,False,20,20,False,0,False,0.592800029218559,0.33856062267491294,0.6449621867960693,28.20661044679582,38.06848364183679,0.0,HMTD-MDE,53,case57,0.05
True,20,-0.05,True,1,1,False,20,True,0.2147077969700983,0.00696310097284477,0.6449621867960693,25.819672850775532,35.05398925335613,0.0,HMTD-MDE,54,case57,0.05
True,41,-0.05,True,1,1,False,55,False,0.01271986108636737,0.0012624767518233868,0.6449621867960693,30.633289652178064,45.34147325903178,0.0,HMTD-MDE,55,case57,0.05
True,25,0.05,False,20,20,False,0,False,0.6281994373692218,0.29847096392069605,0.6449621867960693,29.55413555027917,38.64625444111883,0.0,HMTD-MDE,56,case57,0.05
True,33,0.05,False,20,20,False,0,False,0.6356061633578347,0.3288430884946548,0.6449621867960693,29.563025053357705,56.635370454750955,0.0,HMTD-MDE,57,case57,0.05
True,42,-0.05,False,20,20,False,42,True,1.043873504613697e-08,0.03399701659532802,0.6449621867960693,29.440975049510598,39.02576667023824,0.0,HMTD-MDE,58,case57,0.05
True,21,0.05,False,20,20,False,0,False,0.5552889729561179,0.37068602666533,0.6449621867960693,29.827758501050994,40.42157706862782,0.0,HMTD-MDE,59,case57,0.05
True,36,-0.05,True,1,1,False,36,True,3.867181154319206e-10,0.0008651682048311886,0.6449621867960693,30.443595847464167,47.49519930919634,0.0,HMTD-MDE,60,case57,0.05
True,46,0.05,False,20,20,False,0,False,0.5785079523665168,0.36095367326213856,0.6449621867960693,29.545777151361108,49.99104403250385,0.0,HMTD-MDE,61,case57,0.05
True,56,0.05,False,20,20,False,38,False,0.1714416009440448,0.015389855031208715,0.6449621867960693,27.8993480023928,37.18815385072958,0.0,HMTD-MDE,62,case57,0.05
True,8,-0.05,True,1,1,False,8,True,3.8671819781197475e-10,0.00028489480589777717,0.6449621867960693,30.631714445189573,49.45783510338518,0.0,HMTD-MDE,63,case57,0.05
True,2,0.05,True,1,1,False,2,True,3.8671819781198696e-10,0.005048856714374031,0.6449621867960693,29.511354202986695,55.79168988042511,0.0,HMTD-MDE,64,case57,0.05
True,43,0.05,True,3,3,False,37,False,0.17144594992912845,0.009965142936238888,0.6449621867960693,29.054754099342972,50.75384644733277,0.0,HMTD-MDE,65,case57,0.05
True,11,0.05,True,1,1,False,11,True,3.8671819781197475e-10,0.0002955651145503168,0.6449621867960693,32.8371167415753,49.99899792892393,0.0,HMTD-MDE,66,case57,0.05
True,7,0.05,False,20,20,False,7,True,2.4726735633302544e-09,0.025269140587338625,0.6449621867960693,30.407910409849137,41.5204896213254,0.0,HMTD-MDE,67,case57,0.05
True,7,-0.05,False,20,20,False,7,True,3.8671819781198117e-10,0.025269140528305367,0.6449621867960693,33.29593964735977,44.590529208653614,0.0,HMTD-MDE,68,case57,0.05
True,51,-0.05,False,20,20,False,51,True,0.26531744791735606,0.019187234420109917,0.6449621867960693,34.64919999241829,58.21003268647473,0.0,HMTD-MDE,69,case57,0.05
True,12,-0.05,True,1,1,False,12,True,3.8671819781197475e-10,6.506154484848831e-05,0.6449621867960693,30.431552045047283,45.39511420589408,0.0,HMTD-MDE,70,case57,0.05
True,17,-0.05,False,20,20,False,17,True,0.22222864437826154,0.03650828333195103,0.6449621867960693,28.170754195889458,40.61878990905826,0.0,HMTD-MDE,71,case57,0.05
True,35,0.05,True,1,1,False,35,True,3.8671808797188006e-10,0.0007903150392325828,0.6449621867960693,32.52599584811833,83.71851870615502,0.0,HMTD-MDE,72,case57,0.05
True,37,0.05,True,1,1,False,43,False,0.17144281400846015,0.009965076923666955,0.6449621867960693,32.104574906406924,53.33341450314039,0.0,HMTD-MDE,73,case57,0.05
True,11,0.05,True,1,1,False,11,True,3.8671819781197475e-10,0.0002955651145503168,0.6449621867960693,32.31294375436846,68.82408092787955,0.0,HMTD-MDE,74,case57,0.05
True,43,-0.05,True,1,1,False,43,True,0.17144242517926042,0.009965069321962455,0.6449621867960693,33.811995905125514,67.17316079593729,0.0,HMTD-MDE,75,case57,0.05
True,39,0.05,False,20,20,False,39,True,0.48819898443833637,0.2306361255102896,0.6449621867960693,31.647989648627117,48.737693412113025,0.0,HMTD-MDE,76,case57,0.05
True,41,-0.05,True,1,1,False,41,True,0.04067926557750145,0.0009397553829446576,0.6449621867960693,28.27454800135456,38.19599759590347,0.0,HMTD-MDE,77,case57,0.05
True,11,-0.05,True,1,1,False,11,True,3.8671819781197475e-10,0.0002955651145503168,0.6449621867960693,27.903714653803036,38.93831046298146,0.0,HMTD-MDE,78,case57,0.05
True,24,0.05,True,3,3,False,29,False,0.3975953561198371,0.015644449691717147,0.6449621867960693,31.28168745606672,42.609603534219815,0.0,HMTD-MDE,79,case57,0.05
True,26,-0.05,False,20,20,False,0,False,0.5821722007788671,0.3568870994621557,0.6449621867960693,30.347266542958096,58.43442078039517,0.0,HMTD-MDE,80,case57,0.05
True,37,0.05,True,6,6,False,43,False,0.17148224235677387,0.009966056347628014,0.6449621867960693,33.38544794241898,59.233189857332036,0.0,HMTD-MDE,81,case57,0.05
True,26,-0.05,False,20,20,False,0,False,0.5870396825093556,0.3646172096970711,0.6449621867960693,37.34194979770109,69.85350416507575,0.0,HMTD-MDE,82,case57,0.05
True,20,-0.05,True,1,1,False,20,True,0.21942425274425598,0.007120563327486023,0.6449621867960693,27.497775002848357,33.50831872958224,0.0,HMTD-MDE,83,case57,0.05
True,54,0.05,False,20,20,False,54,True,0.33519678609806947,0.11690780468398349,0.6449621867960693,38.819945842260495,77.92723925376777,0.0,HMTD-MDE,84,case57,0.05
True,31,0.05,False,20,20,False,31,True,0.4149868494397155,0.018678034682920997,0.6449621867960693,38.22355419979431,72.26160269638059,0.0,HMTD-MDE,85,case57,0.05
True,28,0.05,True,11,11,False,28,True,0.03482806459408146,0.021459396442469813,0.6449621867960693,34.00516455003526,51.41561939090027,0.0,HMTD-MDE,86,case57,0.05
True,26,-0.05,False,20,20,False,0,False,0.6093036117535799,0.33976116659747424,0.6449621867960693,32.55592100613285,62.9578208172461,0.0,HMTD-MDE,87,case57,0.05
True,17,-0.05,False,20,20,False,17,True,0.3332464272585238,0.027974549691742453,0.6449621867960693,34.27202890161425,53.702197596430786,0.0,HMTD-MDE,88,case57,0.05
True,55,-0.05,True,1,1,False,55,True,0.004344117509583067,0.0012646803129206673,0.6449621867960693,38.82940209878143,82.59116902772803,0.0,HMTD-MDE,89,case57,0.05
True,11,0.05,True,1,1,False,11,True,3.8671819781197475e-10,0.0002955651145503168,0.6449621867960693,28.78219784470275,38.33544556400741,0.0,HMTD-MDE,90,case57,0.05
True,48,-0.05,True,1,1,False,48,True,3.8671808797186145e-10,0.002753712702745942,0.6449621867960693,33.31596675561741,48.173437465447975,0.0,HMTD-MDE,91,case57,0.05
True,50,-0.05,True,1,1,False,50,True,0.17126715186959998,0.009510174612981058,0.6449621867960693,32.78688340506051,70.04887441289611,0.0,HMTD-MDE,92,case57,0.05
True,53,-0.05,True,1,1,False,52,False,0.19414242074058208,0.004178532817121851,0.6449621867960693,33.030310392496176,76.98180801526179,0.0,HMTD-MDE,93,case57,0.05
True,43,0.05,True,1,1,False,37,False,0.17144165954203056,0.009965055359079288,0.6449621867960693,26.708535259240307,36.50353096600156,0.0,HMTD-MDE,94,case57,0.05
True,40,-0.05,True,4,4,False,40,True,0.0005004663484837822,0.011284343064713093,0.6449621867960693,37.2418396465946,91.34448989061639,0.0,HMTD-MDE,95,case57,0.05
True,10,-0.05,True,1,1,False,10,True,3.8671819781197475e-10,0.0007455511118699345,0.6449621867960693,33.263864647597075,45.54440478095786,0.0,HMTD-MDE,96,case57,0.05
True,14,0.05,True,2,2,False,14,True,3.8671819781197475e-10,0.007593593808137527,0.6449621867960693,31.65577289182693,49.82598123024218,0.0,HMTD-MDE,97,case57,0.05
True,53,-0.05,True,1,1,False,53,True,0.17936408754579386,0.003922854033097409,0.6449621867960693,33.79277285421267,45.60343963094058,0.0,HMTD-MDE,98,case57,0.05
True,49,-0.05,False,20,20,False,49,True,0.1321113541982191,0.012686941209665565,0.6449621867960693,31.134020854369737,47.3367333499482,0.0,HMTD-MDE,99,case57,0.05
True,56,0.05,True,6,6,False,38,False,0.17144160095233424,0.015389855031359609,0.6449621867960693,31.4615249983035,44.85401423007718,0.0,HMTD-MDE,100,case57,0.05
True,17,-0.05,True,15,15,False,18,False,0.3225102986310446,0.024165984824894186,0.6449621867960693,31.053635251009837,51.96141221967994,0.0,HMTD-MDE,101,case57,0.05
True,12,0.05,True,1,1,False,12,True,3.8671819781197475e-10,6.506154484848831e-05,0.6449621867960693,30.871979100629687,48.226175009040176,0.0,HMTD-MDE,102,case57,0.05
True,48,-0.05,True,1,1,False,48,True,3.8671808797186166e-10,0.002753712702745942,0.6449621867960693,29.83595815312583,52.48328299203423,0.0,HMTD-MDE,103,case57,0.05
True,31,0.05,False,20,20,False,31,True,0.4101189500007955,0.01736889966289783,0.6449621867960693,29.91139589867089,47.828872929676464,0.0,HMTD-MDE,104,case57,0.05
True,31,0.05,False,20,20,False,31,True,0.4376164257007752,0.02211972907654107,0.6449621867960693,34.54515200282913,56.588259784621215,0.0,HMTD-MDE,105,case57,0.05
True,41,-0.05,True,1,1,False,41,True,0.054931841065465704,0.0009463066111066912,0.6449621867960693,27.461108347051777,39.78730144153817,0.0,HMTD-MDE,106,case57,0.05
True,16,-0.05,False,20,20,False,0,False,0.5528531152093915,0.37229978674209846,0.6449621867960693,29.97621674730908,43.50818541424817,0.0,HMTD-MDE,107,case57,0.05
True,20,0.05,True,1,1,False,20,True,0.1945973556599346,0.006417196485224798,0.6449621867960693,35.28719780151732,68.0297729239101,0.0,HMTD-MDE,108,case57,0.05
True,50,0.05,True,1,1,False,50,True,0.12386765617414147,0.006464148159983634,0.6449621867960693,31.502860446926206,54.57355068356265,0.0,HMTD-MDE,109,case57,0.05
True,17,0.05,False,20,20,False,17,True,0.23378646828878452,0.03598463459436181,0.6449621867960693,30.96412909508217,46.045051448163576,0.0,HMTD-MDE,110,case57,0.05
True,41,0.05,True,1,1,False,41,True,0.002404005602254644,0.0009269952912999376,0.6449621867960693,28.620089546893723,36.92727257730439,0.0,HMTD-MDE,111,case57,0.05
True,15,0.05,False,20,20,False,0,False,0.6048171772857243,0.34263844300007024,0.6449621867960693,32.78792494966183,51.41018571448514,0.0,HMTD-MDE,112,case57,0.05
True,12,-0.05,True,1,1,False,12,True,3.8671819781197475e-10,6.506154484848831e-05,0.6449621867960693,29.653049996704794,52.786250284407295,0.0,HMTD-MDE,113,case57,0.05
True,33,-0.05,False,20,20,False,33,True,0.4038047306138947,0.048904011910333126,0.6449621867960693,30.682720750337467,43.6404559557559,0.0,HMTD-MDE,114,case57,0.05
True,8,0.05,True,1,1,False,8,True,3.8671819781197475e-10,0.00028489480589777717,0.6449621867960693,29.524510394548997,41.566969410632744,0.0,HMTD-MDE,115,case57,0.05
True,16,-0.05,False,20,20,False,0,False,0.587616256799731,0.3510497690985016,0.6449621867960693,33.66323740337975,50.08987019537019,0.0,HMTD-MDE,116,case57,0.05
True,46,-0.05,False,20,20,False,0,False,0.5584887939047127,0.3684200590889606,0.6449621867960693,33.78702080226503,61.76173719577491,0.0,HMTD-MDE,117,case57,0.05
True,8,-0.05,True,1,1,False,8,True,3.8671819781197475e-10,0.00028489480589777717,0.6449621867960693,34.95823748817202,58.830778812989614,0.0,HMTD-MDE,118,case57,0.05
True,20,0.05,True,1,1,False,20,True,0.21007048941349962,0.006820056733536693,0.6449621867960693,29.44362705165986,39.891716346028275,0.0,HMTD-MDE,119,case57,0.05
True,52,-0.05,True,1,1,False,52,True,0.20604764010237364,0.00444847866112462,0.6449621867960693,30.65473529859446,51.81566076062155,0.0,HMTD-MDE,120,case57,0.05
True,9,-0.05,True,1,1,False,9,True,3.8671819781197475e-10,0.0057420482213255955,0.6449621867960693,30.527206338592805,44.97201732883696,0.0,HMTD-MDE,121,case57,0.05
True,21,0.05,False,20,20,False,0,False,0.5548446979295055,0.3692895933154136,0.6449621867960693,44.10042505187448,107.10975418041929,0.0,HMTD-MDE,122,case57,0.05
True,43,0.05,True,1,1,False,43,True,0.17144170708423648,0.009965056143020342,0.6449621867960693,29.638422944117337,38.58273749647197,0.0,HMTD-MDE,123,case57,0.05
True,18,-0.05,True,9,9,False,18,True,0.2817262805564265,0.027073576795585107,0.6449621867960693,36.123135456000455,68.02980173379186,0.0,HMTD-MDE,124,case57,0.05
True,38,-0.05,True,18,18,False,38,True,0.1714416009440448,0.015389855031208717,0.6449621867960693,30.552662402624264,40.414668069570354,0.0,HMTD-MDE,125,case57,0.05
True,47,-0.05,False,20,20,False,0,False,0.6143831670975249,0.26394537512328886,0.6449621867960693,27.794647854170762,44.13697442505509,0.0,HMTD-MDE,126,case57,0.05
True,51,-0.05,False,20,20,False,51,True,0.15715695489145576,0.019756734943066363,0.6449621867960693,30.45916235714685,61.043221154250205,0.0,HMTD-MDE,127,case57,0.05
True,23,0.05,True,0,0,False,0,False,0.5955276911352809,0.34830819410465585,0.6449621867960693,27.583762601716444,35.69805862498471,0.0,HMTD-MDE,128,case57,0.05
True,40,0.05,True,3,3,False,40,True,0.0013721047883544421,0.011280010398163865,0.6449621867960693,34.040074844961055,68.81924344343133,0.0,HMTD-MDE,129,case57,0.05
True,20,-0.05,True,1,1,False,19,False,0.18204501504197373,0.00616856894822924,0.6449621867960693,26.480950115364976,36.01305418123957,0.0,HMTD-MDE,130,case57,0.05
True,51,-0.05,False,20,20,False,51,True,0.07046864641973713,0.020286880472037572,0.6449621867960693,31.633047855575565,57.80635174887721,0.0,HMTD-MDE,131,case57,0.05
True,26,0.05,False,20,20,False,0,False,0.5685810946890065,0.3637491815947241,0.6449621867960693,35.80348745745141,69.39717083587311,0.0,HMTD-MDE,132,case57,0.05
True,43,-0.05,True,1,1,False,37,False,0.17144796961393372,0.009965187980278411,0.6449621867960693,25.810620846459642,30.054979157284837,0.0,HMTD-MDE,133,case57,0.05
True,54,-0.05,False,20,20,False,0,False,0.6129492977082713,0.30423063684673046,0.6449621867960693,31.344027200248092,52.33899134036619,0.0,HMTD-MDE,134,case57,0.05
True,32,0.05,False,20,20,False,0,False,0.5898835269082854,0.35759294566345323,0.6449621867960693,37.26550209685229,70.51649826171344,0.0,HMTD-MDE,135,case57,0.05
True,47,0.05,False,20,20,False,0,False,0.6249968710925893,0.3228987420869791,0.6449621867960693,32.668431402998976,48.49770265864209,0.0,HMTD-MDE,136,case57,0.05
True,51,0.05,True,2,2,False,51,True,0.08628460501743633,0.021951759488359826,0.6449621867960693,36.52071671385784,72.64905455522242,0.0,HMTD-MDE,137,case57,0.05
True,53,0.05,True,1,1,False,53,True,0.23945524940546195,0.005585735435803126,0.6449621867960693,28.068529258598574,37.67378748743795,0.0,HMTD-MDE,138,case57,0.05
True,54,0.05,False,20,20,False,45,False,0.5067855145321692,0.13997051157404852,0.6449621867960693,32.499568749335594,56.393547914922266,0.0,HMTD-MDE,139,case57,0.05
True,20,0.05,True,1,1,False,19,False,0.21060490658155567,0.006835984868019579,0.6449621867960693,34.831235304591246,55.98015974974261,0.0,HMTD-MDE,140,case57,0.05
True,52,0.05,True,1,1,False,52,True,0.2148358519871375,0.004686566374560091,0.6449621867960693,34.976502193603665,56.40003366861493,0.0,HMTD-MDE,141,case57,0.05
True,10,0.05,True,1,1,False,10,True,3.8671819781197475e-10,0.0007455511118699345,0.6449621867960693,31.389208341715857,43.09309547825252,0.0,HMTD-MDE,142,case57,0.05
True,12,-0.05,True,1,1,False,12,True,3.8671819781197475e-10,6.506154484848831e-05,0.6449621867960693,29.394070853595622,40.393022281932645,0.0,HMTD-MDE,143,case57,0.05
True,10,0.05,True,1,1,False,10,True,3.8671819781197475e-10,0.0007455511118699345,0.6449621867960693,32.90293334866874,49.24170477315785,0.0,HMTD-MDE,144,case57,0.05
True,11,-0.05,True,1,1,False,11,True,3.8671819781197475e-10,0.0002955651145503168,0.6449621867960693,29.46851876040455,39.38328159856611,0.0,HMTD-MDE,145,case57,0.05
True,25,-0.05,False,20,20,False,0,False,0.5947717333216123,0.32082046758360394,0.6449621867960693,27.13555835362058,37.14277086255607,0.0,HMTD-MDE,146,case57,0.05
True,36,0.05,True,1,1,False,36,True,3.8671808797192613e-10,0.0008651682048311887,0.6449621867960693,30.340781304403208,40.93446427432355,0.0,HMTD-MDE,147,case57,0.05
True,44,-0.05,False,20,20,False,44,True,0.12244741920816954,0.07158455942880032,0.6449621867960693,29.190441797254607,41.83591726468877,0.0,HMTD-MDE,148,case57,0.05
True,24,0.05,True,7,7,False,30,False,0.3982673288518427,0.015872564869989052,0.6449621867960693,31.780010549118742,46.782085759332425,0.0,HMTD-MDE,149,case57,0.05
True,3,0.05,True,1,1,False,3,True,3.8671819781197625e-10,0.0034832369284029763,0.6449621867960693,30.390943796373904,51.36892713780983,0.0,HMTD-MDE,150,case57,0.05
True,42,0.05,False,20,20,False,42,True,3.8810032888480896e-10,0.03399701609540163,0.6449621867960693,33.0387687048642,57.386072946246735,0.0,HMTD-MDE,151,case57,0.05
True,23,0.05,False,20,20,False,0,False,0.6262235408336324,0.30889515751415597,0.6449621867960693,30.977491752128117,44.96143362775912,0.0,HMTD-MDE,152,case57,0.05
True,45,0.05,False,20,20,False,45,True,4.068301555084438e-10,0.022501142930282398,0.6449621867960693,32.17986234812997,44.93134762160481,0.0,HMTD-MDE,153,case57,0.05
True,24,-0.05,True,4,4,False,30,False,0.3981302717601606,0.01582095548439132,0.6449621867960693,29.779327209689654,43.42663898132742,0.0,HMTD-MDE,154,case57,0.05
True,22,-0.05,False,20,20,False,0,False,0.6284395886607616,0.25325841739396726,0.6449621867960693,30.845139650045894,40.03324371296916,0.0,HMTD-MDE,155,case57,0.05
True,23,0.05,False,20,20,False,0,False,0.5522650722765888,0.37287586543553597,0.6449621867960693,31.05722929467447,40.87398752162699,0.0,HMTD-MDE,156,case57,0.05
True,54,0.05,False,20,20,False,54,True,0.25834792341279883,0.052629099822975506,0.6449621867960693,34.2026146419812,74.02618719206657,0.0,HMTD-MDE,157,case57,0.05
True,33,-0.05,False,20,20,False,33,True,0.5279578038936851,0.07424578196114276,0.6449621867960693,29.366052098339424,47.649625022313565,0.0,HMTD-MDE,158,case57,0.05
True,39,-0.05,False,20,20,False,0,False,0.5768950330885997,0.35442164838219253,0.6449621867960693,34.6636833040975,65.76859929773494,0.0,HMTD-MDE,159,case57,0.05
True,13,0.05,True,1,1,False,13,True,3.8671819781197475e-10,0.00024296946723677138,0.6449621867960693,30.60724795795977,43.884254482691205,0.0,HMTD-MDE,160,case57,0.05
True,38,0.05,False,20,20,False,56,False,0.1714416009440448,0.015389855031208715,0.6449621867960693,27.30501669284422,36.12041100568604,0.0,HMTD-MDE,161,case57,0.05
True,35,0.05,True,1,1,False,35,True,3.8671808797186166e-10,0.0007903150392325828,0.6449621867960693,28.47163540427573,39.17337118182332,0.0,HMTD-MDE,162,case57,0.05
True,26,-0.05,False,20,20,False,0,False,0.5709248881866337,0.368566100974669,0.6449621867960693,31.3634498976171,45.14399132458497,0.0,HMTD-MDE,163,case57,0.05
True,1,0.05,False,20,20,False,0,False,0.5803509740744912,0.3672815867075073,0.6449621867960693,34.102193504804745,51.1503097455716,0.0,HMTD-MDE,164,case57,0.05
True,49,-0.05,True,6,6,False,49,True,0.16605042450765825,0.010852033484885329,0.6449621867960693,29.870635591214523,44.217102378024734,0.0,HMTD-MDE,165,case57,0.05
True,40,0.05,True,3,3,False,40,True,0.0003129828355221162,0.01128519839076556,0.6449621867960693,36.40619785001036,81.09036632522476,0.0,HMTD-MDE,166,case57,0.05
True,40,0.05,True,4,4,False,40,True,0.0004383396675081876,0.01128460264562932,0.6449621867960693,32.72646680125035,65.40129200730007,0.0,HMTD-MDE,167,case57,0.05
True,28,0.05,False,20,20,False,28,True,0.002139977329873142,0.021092511375438883,0.6449621867960693,31.899960251757875,45.99028182274196,0.0,HMTD-MDE,168,case57,0.05
True,38,0.05,False,20,20,False,38,True,0.1714416009440448,0.015389855031208714,0.6449621867960693,25.55435409594793,37.723662503412925,0.0,HMTD-MDE,169,case57,0.05
True,27,0.05,False,20,20,False,27,True,0.10564090021682683,0.031222501484449824,0.6449621867960693,42.057666592882015,98.76497767399997,0.0,HMTD-MDE,170,case57,0.05
True,30,-0.05,True,3,3,False,34,False,0.39856098045405286,0.015896675593044005,0.6449621867960693,40.602268546354026,64.00436877447648,0.0,HMTD-MDE,171,case57,0.05
True,31,-0.05,False,20,20,False,31,True,0.4305824184219127,0.02135210925143187,0.6449621867960693,32.952848001150414,49.30223125265911,0.0,HMTD-MDE,172,case57,0.05
True,27,0.05,False,20,20,False,27,True,0.0947585452901012,0.03151296658607034,0.6449621867960693,34.262789649073966,49.597860407084255,0.0,HMTD-MDE,173,case57,0.05
True,51,0.05,False,20,20,False,51,True,0.11568858732047782,0.019488901613278462,0.6449621867960693,33.21330224571284,50.47548089933118,0.0,HMTD-MDE,174,case57,0.05
True,28,0.05,False,20,20,False,28,True,0.003776538907502792,0.02110481002858078,0.6449621867960693,30.325912495027296,46.14012887468562,0.0,HMTD-MDE,175,case57,0.05
True,33,-0.05,False,20,20,False,0,False,0.6503476321417746,0.2130059947781639,0.6449621867960693,28.08180829451885,40.242901432793595,0.0,HMTD-MDE,176,case57,0.05
True,20,-0.05,True,1,1,False,19,False,0.23798074648420361,0.007885258865736001,0.6449621867960693,33.85401474952232,50.588764593703715,0.0,HMTD-MDE,177,case57,0.05
True,5,0.05,True,1,1,False,5,True,3.8671819781197475e-10,0.00192160191471911,0.6449621867960693,30.455573002109304,42.81387497612742,0.0,HMTD-MDE,178,case57,0.05
True,38,0.05,True,9,9,False,38,True,0.17144160094404476,0.015389855031208717,0.6449621867960693,27.207300043664873,39.96851251285989,0.0,HMTD-MDE,179,case57,0.05
True,52,-0.05,True,1,1,False,52,True,0.20185967883017275,0.004346935403717245,0.6449621867960693,33.93635409884155,68.52507712319493,0.0,HMTD-MDE,180,case57,0.05
True,48,0.05,True,1,1,False,48,True,3.8671808797186145e-10,0.002753712702745942,0.6449621867960693,29.137843754142523,46.25813059101348,0.0,HMTD-MDE,181,case57,0.05
True,32,-0.05,False,20,20,False,0,False,0.5791440056914269,0.361027192046892,0.6449621867960693,29.446491549606435,60.11427563789767,0.0,HMTD-MDE,182,case57,0.05
True,48,0.05,True,1,1,False,48,True,3.867180879718622e-10,0.002753712702745942,0.6449621867960693,28.058539892663248,38.800646137679,0.0,HMTD-MDE,183,case57,0.05
True,48,0.05,True,1,1,False,48,True,3.8671808797186145e-10,0.002753712702745942,0.6449621867960693,28.23738144361414,46.393539904966026,0.0,HMTD-MDE,184,case57,0.05
True,5,0.05,True,1,1,False,5,True,3.8671819781222337e-10,0.00192160191471911,0.6449621867960693,35.165258395136334,51.06424555997365,0.0,HMTD-MDE,185,case57,0.05
True,41,0.05,True,1,1,False,41,True,0.008365431750383236,0.0009284118737287242,0.6449621867960693,34.98920205747709,51.262102395412526,0.0,HMTD-MDE,186,case57,0.05
True,29,-0.05,True,10,10,False,34,False,0.39890520320779577,0.016175631332354695,0.6449621867960693,26.018029352417216,34.199673557304784,0.0,HMTD-MDE,187,case57,0.05
True,10,-0.05,True,1,1,False,10,True,3.8671819781197475e-10,0.0007455511118699345,0.6449621867960693,29.67860634380486,63.32243780780118,0.0,HMTD-MDE,188,case57,0.05
True,13,0.05,True,1,1,False,13,True,3.8671819781197475e-10,0.00024296946723677138,0.6449621867960693,19.023427099455148,22.022200003266335,0.0,HMTD-MDE,189,case57,0.05
True,7,-0.05,False,20,20,False,7,True,3.8671819781199714e-10,0.025269140528305367,0.6449621867960693,31.598689596285112,52.587436037720195,0.0,HMTD-MDE,190,case57,0.05
True,34,-0.05,False,20,20,False,31,False,0.4015291991654528,0.01637808906029153,0.6449621867960693,28.28469370433595,38.003678509267054,0.0,HMTD-MDE,191,case57,0.05
True,23,-0.05,False,20,20,False,0,False,0.5960515121252183,0.3446436845661851,0.6449621867960693,17.665347998263314,22.33174615248572,0.0,HMTD-MDE,192,case57,0.05
True,22,-0.05,False,20,20,False,0,False,0.5831178874782552,0.35892802914977456,0.6449621867960693,28.839756292290986,39.09763604751788,0.0,HMTD-MDE,193,case57,0.05
True,53,-0.05,True,1,1,False,53,True,0.20186534303257683,0.004347067815498682,0.6449621867960693,19.141275048605166,24.11202287185006,0.0,HMTD-MDE,194,case57,0.05
True,40,0.05,True,1,1,False,40,True,0.0003694038381346397,0.011284918330965007,0.6449621867960693,28.39071880443953,39.94660896132703,0.0,HMTD-MDE,195,case57,0.05
True,4,-0.05,False,20,20,False,0,False,0.5974251065196402,0.3157383831662471,0.6449621867960693,19.649514701450244,24.221912538632754,0.0,HMTD-MDE,196,case57,0.05
True,23,0.05,False,20,20,False,0,False,0.5919799801322663,0.34995572434733796,0.6449621867960693,16.032647853717208,19.403079131734557,0.0,HMTD-MDE,197,case57,0.05
True,17,0.05,False,20,20,False,20,False,0.3183240338500152,0.013765219607267967,0.6449621867960693,19.5435334026115,23.7750544649316,0.0,HMTD-MDE,198,case57,0.05
True,28,0.05,False,20,20,False,28,True,0.08178235223997062,0.02230668341294663,0.6449621867960693,13.861172960605472,17.607060479349457,0.0,HMTD-MDE,199,case57,0.05
True,26,-0.05,True,2,2,False,25,False,0.17144160094625802,0.0041701198799331055,0.44854816602518005,381.81883544893935,448.1791246129446,0.0,MS-HIDE,0,case57,0.05
True,49,-0.05,True,1,1,False,49,True,4.104522978393652e-10,0.0018261747208294194,0.3510536742996879,287.32926454686094,387.01498749724124,0.0,MS-HIDE,1,case57,0.05
True,53,-0.05,True,1,1,False,52,False,0.1714416009440448,0.0016709285102639397,0.3132230064818291,382.4632687988924,448.4401416382765,0.0,MS-HIDE,2,case57,0.05
True,37,0.05,True,1,1,False,43,False,0.17144160096296587,0.0016569697227517006,0.44034377609283626,281.7559562565293,348.0467398883775,0.0,MS-HIDE,3,case57,0.05
True,46,0.05,True,17,17,False,0,False,0.45355692399028447,0.32745354865314813,0.49892248588204885,274.31106045260094,355.9636288584443,0.0,MS-HIDE,4,case57,0.05
True,17,0.05,True,3,3,False,17,True,0.03825248440069615,0.002602013709005626,0.5072631878473124,384.74882074806374,508.9426621358156,0.0,MS-HIDE,5,case57,0.05
True,24,0.05,True,2,2,False,29,False,0.1714416009472294,0.0020746377558637447,0.6594192652119949,287.14107930718455,351.2629850709346,0.0,MS-HIDE,6,case57,0.05
True,3,0.05,True,1,1,False,3,True,3.8671819781197475e-10,0.0010234120718180608,0.46679411637890617,379.5473085017875,451.5306691260787,0.0,MS-HIDE,7,case57,0.05
True,8,-0.05,True,1,1,False,8,True,3.8671819781197475e-10,0.0003177869000190791,0.3394475328782709,284.5467584033031,347.8793246962596,0.0,MS-HIDE,8,case57,0.05
True,22,0.05,False,20,20,False,0,False,0.48318738886670887,0.3082936832838743,0.4707811664753304,271.6292249591788,329.13543334288994,0.0,MS-HIDE,9,case57,0.05
True,29,-0.05,True,1,1,False,24,False,0.17144160103439976,0.002072505558876763,0.6766243854853351,376.7414687463315,432.77237500297036,0.0,MS-HIDE,10,case57,0.05
True,28,-0.05,True,1,1,False,28,True,1.1969398233269542e-09,0.0011222732836425196,0.35460350804510354,284.0925793017959,366.6902121709427,0.0,MS-HIDE,11,case57,0.05
True,8,0.05,True,1,1,False,8,True,3.8671819781197475e-10,0.0003177869002985445,0.34027054429886283,365.8919707435416,468.6305308918247,0.0,MS-HIDE,12,case57,0.05
True,28,-0.05,True,2,2,False,28,True,1.4073411020629332e-09,0.0011222732834281456,0.3663858785765175,286.9633645954309,352.1972708258545,0.0,MS-HIDE,13,case57,0.05
True,22,0.05,False,20,20,False,0,False,0.48333789639521674,0.27406566616842754,0.5257733651957028,272.37170840089675,327.7797830145573,0.0,MS-HIDE,14,case57,0.05
True,26,0.05,True,3,3,False,25,False,0.1714416009440448,0.004202805255599672,0.4513480193575329,383.5208333999617,449.000668752707,0.0,MS-HIDE,15,case57,0.05
True,40,-0.05,True,3,3,False,40,True,4.3894243290445396e-10,0.007675194583601898,0.4571591959772783,285.5385063419817,337.6522541133454,0.0,MS-HIDE,16,case57,0.05
True,1,-0.05,False,20,20,False,1,True,1.1214490717049743e-05,0.024825159274785204,0.4662724338400096,374.07430415041745,472.7051201625739,0.0,MS-HIDE,17,case57,0.05
True,37,-0.05,True,1,1,False,43,False,0.1714416009465101,0.001656969687221465,0.44129219803153075,277.00629999744706,326.68893990630755,0.0,MS-HIDE,18,case57,0.05
True,42,-0.05,True,2,2,False,42,True,3.8671808797186145e-10,0.0020954845314063667,0.5649158253918096,275.1465229492169,358.8154104741989,0.0,MS-HIDE,19,case57,0.05
True,32,0.05,False,20,20,False,0,False,0.4292725280388106,0.33663614575947265,0.5043178178426346,375.78217690461315,428.84542263345924,0.0,MS-HIDE,20,case57,0.05
True,20,0.05,True,1,1,False,19,False,0.1714416009440448,0.0019140398902034374,0.43461749265622646,293.93097493739333,362.0420333201764,0.0,MS-HIDE,21,case57,0.05
True,46,0.05,False,20,20,False,0,False,0.4207311953984018,0.3340260891082816,0.533965902724124,378.74087919772137,450.07884619117374,0.0,MS-HIDE,22,case57,0.05
True,42,0.05,True,2,2,False,42,True,3.8671808797186145e-10,0.0020954845319238443,0.5516982950834965,288.3954500866821,360.1487256353721,0.0,MS-HIDE,23,case57,0.05
True,56,-0.05,True,2,2,False,56,True,0.1714416009440448,0.005094704800927663,0.5638113687368344,287.88006485265214,376.830885745585,0.0,MS-HIDE,24,case57,0.05
True,53,0.05,True,1,1,False,53,True,0.17144160094917557,0.0015875096672516133,0.30510943777519733,288.3715645497432,357.98362562200055,0.0,MS-HIDE,25,case57,0.05
True,48,0.05,True,1,1,False,48,True,3.8671808797186145e-10,0.0013040373235679995,0.31666415908333656,275.7198647566838,351.4427378046094,0.0,MS-HIDE,26,case57,0.05
True,24,-0.05,True,2,2,False,29,False,0.17144167853495781,0.0020725055833563663,0.667865168227614,278.8895624456927,341.00354729162063,0.0,MS-HIDE,27,case57,0.05
True,20,0.05,True,1,1,False,19,False,0.1714416009440448,0.001912805958696408,0.4101384330623791,282.3444520501653,346.84412257338414,0.0,MS-HIDE,28,case57,0.05
True,34,-0.05,True,2,2,False,34,True,3.8671811543192586e-10,0.002105494543734502,0.4113380843932683,275.1901540934341,339.1314455337124,0.0,MS-HIDE,29,case57,0.05
True,11,-0.05,True,1,1,False,11,True,3.8671819781197475e-10,0.00036839150146271833,0.3424478073616517,283.96178334369324,336.88058689585887,0.0,MS-HIDE,30,case57,0.05
True,38,0.05,True,3,3,False,56,False,0.17144160094404476,0.005094704818776569,0.5640979946744713,270.1196812558919,346.6433006396983,0.0,MS-HIDE,31,case57,0.05
True,32,0.05,False,20,20,False,0,False,0.4269283659650782,0.3359840418755081,0.5226316330739487,286.3847854488995,356.32815389253665,0.0,MS-HIDE,32,case57,0.05
True,15,-0.05,False,20,20,False,0,False,0.4612170070972321,0.3181051997816649,0.5089044002820917,278.17851249710657,354.2481353884796,0.0,MS-HIDE,33,case57,0.05
True,36,0.05,True,1,1,False,36,True,3.8671808797189356e-10,0.000714833475904008,0.3753392612586144,260.05522094201297,340.785338106798,0.0,MS-HIDE,34,case57,0.05
True,26,0.05,True,1,1,False,25,False,0.17144160094459981,0.004206803485853782,0.4892989010183031,279.90980619797483,361.658397570136,0.0,MS-HIDE,35,case57,0.05
True,28,0.05,True,1,1,False,28,True,8.534322442471416e-10,0.0011222732834499263,0.35460350804510354,269.5656500989571,334.62448536010925,0.0,MS-HIDE,36,case57,0.05
True,3,0.05,True,1,1,False,3,True,3.8671819781197475e-10,0.0010234120715768371,0.47033267994961503,296.2082707992522,414.7774476004997,0.0,MS-HIDE,37,case57,0.05
True,6,0.05,True,1,1,False,6,True,3.8671819781197475e-10,0.0018299898187013866,0.29843682625949663,276.36853764706757,351.0863350791624,0.0,MS-HIDE,38,case57,0.05
True,51,-0.05,True,3,3,False,51,True,3.87243572566331e-10,0.004226153272912209,0.44176291872468376,281.15809584851377,348.4475499979454,0.0,MS-HIDE,39,case57,0.05
True,17,0.05,True,3,3,False,17,True,0.0038823103582454385,0.002556214428877894,0.5253568194449811,303.4621625003638,393.68538781127427,0.0,MS-HIDE,40,case57,0.05
True,49,-0.05,True,1,1,False,49,True,0.00010982667091506672,0.0018069218052255273,0.3140423332637924,275.9800666535739,326.2482857331634,0.0,MS-HIDE,41,case57,0.05
True,19,-0.05,True,2,2,False,20,False,0.1714416009440448,0.001955611825385388,0.4030050919805394,280.49293335934635,383.95220031961804,0.0,MS-HIDE,42,case57,0.05
True,31,0.05,True,1,1,False,31,True,0.00023551463710347136,0.0019446768643327096,0.4212284381534021,262.6478791964473,348.81228954764083,0.0,MS-HIDE,43,case57,0.05
True,55,0.05,True,1,1,False,55,True,3.867180879723443e-10,0.0008710260659906624,0.35465565578639036,266.3959436438745,358.78977257525554,0.0,MS-HIDE,44,case57,0.05
True,2,0.05,True,2,2,False,2,True,3.867181978119748e-10,0.0015585531342044289,0.48065653260173846,283.83461875491776,367.4733955529519,0.0,MS-HIDE,45,case57,0.05
True,34,-0.05,True,1,1,False,34,True,3.8671808797186145e-10,0.0021315436675951606,0.4563950451636968,275.6506041594548,364.41539826046215,0.0,MS-HIDE,46,case57,0.05
True,14,-0.05,True,1,1,False,14,True,3.8671819781197475e-10,0.0016982258161541467,0.34792866343524986,281.2153020466212,373.002331549651,0.0,MS-HIDE,47,case57,0.05
True,1,0.05,False,20,20,False,1,True,5.548569932819525e-05,0.024945883521620398,0.4769755205517407,260.10177280113567,333.8344875286566,0.0,MS-HIDE,48,case57,0.05
True,34,-0.05,True,2,2,False,34,True,3.8671808797186145e-10,0.0021685660437421,0.4545097144506944,278.9178874489153,391.4655055938056,0.0,MS-HIDE,49,case57,0.05
True,40,-0.05,True,4,4,False,40,True,5.067383200389903e-10,0.007667187300171888,0.4246837601699768,264.7362875955878,342.6637961267261,0.0,MS-HIDE,50,case57,0.05
True,27,-0.05,True,1,1,False,27,True,4.3081498992160394e-10,0.0011746647111397235,0.35079007470866486,265.9550770971691,324.4424523640191,0.0,MS-HIDE,51,case57,0.05
True,44,-0.05,True,1,1,False,44,True,3.2841151239970314e-07,0.0037783052137658596,0.5147916948985308,263.01138965354767,327.402676793281,0.0,MS-HIDE,52,case57,0.05
True,1,0.05,False,20,20,False,1,True,1.7146281754042367e-05,0.025313742694348,0.4468098018155679,278.6870501469821,355.20292228029575,0.0,MS-HIDE,53,case57,0.05
True,20,-0.05,True,2,2,False,20,True,0.1714416009440448,0.0019612952799743025,0.3844178314306903,264.7286624473054,324.7992348042317,0.0,MS-HIDE,54,case57,0.05
True,41,-0.05,True,1,1,False,41,True,3.9982512017327684e-10,0.0006132213469048075,0.35166287562564413,268.27007304527797,352.89088957360946,0.0,MS-HIDE,55,case57,0.05
True,25,0.05,True,1,1,False,26,False,0.17144160094437114,0.004170120026239089,0.4412289984721458,264.4219249021262,363.8775458210148,0.0,MS-HIDE,56,case57,0.05
True,33,0.05,True,15,15,False,33,True,2.9444219400892793e-05,0.0141539714747295,0.4398757108644923,260.3007270488888,328.77483539923566,0.0,MS-HIDE,57,case57,0.05
True,42,-0.05,True,1,1,False,42,True,3.8671808797186145e-10,0.0020954845316290558,0.5679989265671327,256.87473329307977,309.24047259322833,0.0,MS-HIDE,58,case57,0.05
True,21,0.05,False,20,20,False,0,False,0.44586634133503816,0.3297259880493246,0.5520364524908327,264.83483329357114,338.35213744896464,0.0,MS-HIDE,59,case57,0.05
True,36,-0.05,True,1,1,False,36,True,3.867180879719752e-10,0.0007148334763384611,0.37313425791769705,272.71697300020605,339.38765558123123,0.0,MS-HIDE,60,case57,0.05
True,46,0.05,False,20,20,False,0,False,0.4452095177822954,0.32604124433598414,0.5527352204711432,255.1936187548563,304.7473062615609,0.0,MS-HIDE,61,case57,0.05
True,56,0.05,True,3,3,False,56,True,0.1714416009440448,0.005094704827319516,0.5532644982233992,274.85796855180524,353.6371125257574,0.0,MS-HIDE,62,case57,0.05
True,8,-0.05,True,1,1,False,8,True,3.8671819781197475e-10,0.0003177869002325071,0.3360188810487895,268.52798125182744,351.1375836387743,0.0,MS-HIDE,63,case57,0.05
True,2,0.05,True,1,1,False,2,True,3.867181978119748e-10,0.0015585531342639117,0.5006740174634274,268.29205825633835,336.8652086413931,0.0,MS-HIDE,64,case57,0.05
True,43,0.05,True,1,1,False,37,False,0.17144160156525942,0.0016569697235845186,0.43103437421885105,279.37772495206445,371.13925415324053,0.0,MS-HIDE,65,case57,0.05
True,11,0.05,True,1,1,False,11,True,3.8671819781197475e-10,0.0003683915006784564,0.33743029460712765,273.50359795382246,333.93830178829376,0.0,MS-HIDE,66,case57,0.05
True,7,0.05,True,13,13,False,7,True,3.8671819781197475e-10,0.013718955132199112,0.5257889566280077,266.48647895490285,333.2639493833995,0.0,MS-HIDE,67,case57,0.05
True,7,-0.05,True,9,9,False,7,True,3.8671814289263765e-10,0.01371394632608238,0.5197316557434926,269.3702419055626,330.03986105322844,0.0,MS-HIDE,68,case57,0.05
True,51,-0.05,True,2,2,False,51,True,3.906417218156499e-10,0.004226153272345608,0.4452280117117009,265.49902909900993,315.4712562216446,0.0,MS-HIDE,69,case57,0.05
True,12,-0.05,True,1,1,False,12,True,3.8671819781197475e-10,0.0002901152597598226,0.27540479289454173,265.787235397147,339.4275979109807,0.0,MS-HIDE,70,case57,0.05
True,17,-0.05,True,3,3,False,17,True,0.032663143347349016,0.0025983864118144574,0.4584384940490735,272.76277070341166,343.67407916579396,0.0,MS-HIDE,71,case57,0.05
True,35,0.05,True,1,1,False,35,True,3.8671808797186145e-10,0.0009331971383940741,0.32818164532036603,262.04499795276206,325.9824077016674,0.0,MS-HIDE,72,case57,0.05
True,37,0.05,True,1,1,False,37,True,0.1714416014811619,0.0016569697244484336,0.4180488204711792,261.3654688029783,318.9678478986025,0.0,MS-HIDE,73,case57,0.05
True,11,0.05,True,1,1,False,11,True,3.8671819781197475e-10,0.0003683915015089427,0.3392781705445239,259.79179584246594,310.3510538465344,0.0,MS-HIDE,74,case57,0.05
True,43,-0.05,True,1,1,False,37,False,0.1714416009440448,0.0016569649036106545,0.4361632861251909,268.9919689000817,353.1649964977987,0.0,MS-HIDE,75,case57,0.05
True,39,0.05,True,2,2,False,39,True,3.86718087971862e-10,0.003647474192318536,0.5015297357935581,258.8774603471393,309.1953684459441,0.0,MS-HIDE,76,case57,0.05
True,41,-0.05,True,1,1,False,41,True,3.908012487511248e-10,0.0006132213468666095,0.3621691319762279,278.5596145899035,345.15956608229317,0.0,MS-HIDE,77,case57,0.05
True,11,-0.05,True,1,1,False,11,True,3.8671819781197475e-10,0.0003683915014164428,0.33576762064856125,284.80022510921117,361.42596068093553,0.0,MS-HIDE,78,case57,0.05
True,24,0.05,True,1,1,False,24,True,0.17145636488063823,0.002072512392046282,0.6544599996394115,266.8655915942509,337.17627855949104,0.0,MS-HIDE,79,case57,0.05
True,26,-0.05,True,1,1,False,26,True,0.17144160094432845,0.004170123331993164,0.4667538792048992,267.9455124423839,337.2873893327779,0.0,MS-HIDE,80,case57,0.05
True,37,0.05,True,1,1,False,37,True,0.17144160099578154,0.001656969722869751,0.4361632861251909,257.7399875561241,343.7143437593477,0.0,MS-HIDE,81,case57,0.05
True,26,-0.05,True,1,1,False,26,True,0.17144160094404481,0.004170119801235146,0.44864346722670034,271.2566271133255,340.28688124672044,0.0,MS-HIDE,82,case57,0.05
True,20,-0.05,True,2,2,False,19,False,0.1714416009440448,0.0019495078035448995,0.4038372191679908,266.1463041440584,318.0962440150324,0.0,MS-HIDE,83,case57,0.05
True,54,0.05,True,1,1,False,54,True,0.0018266382442555568,0.001918659618385166,0.6370453437055623,283.0500416079303,351.5559228719212,0.0,MS-HIDE,84,case57,0.05
True,31,0.05,True,2,2,False,31,True,0.00024772228546310706,0.001944491198182215,0.40663915392360733,262.33070199086796,321.8426243169233,0.0,MS-HIDE,85,case57,0.05
True,28,0.05,True,1,1,False,28,True,1.1566355940999572e-09,0.0011222732835557392,0.36126376654193093,284.61058755056,361.42062472063117,0.0,MS-HIDE,86,case57,0.05
True,26,-0.05,True,2,2,False,25,False,0.1714416009440448,0.004281253367485182,0.4587080898256897,267.30388970463537,320.9416122408584,0.0,MS-HIDE,87,case57,0.05
True,17,-0.05,True,4,4,False,17,True,6.670138956101375e-05,0.002554741725602545,0.462579097636442,268.837481198716,323.820696110488,0.0,MS-HIDE,88,case57,0.05
True,55,-0.05,True,1,1,False,55,True,3.8671808797188865e-10,0.0008710260659084627,0.3677170321951822,282.0952103968011,358.98753058863804,0.0,MS-HIDE,89,case57,0.05
True,11,0.05,True,1,1,False,11,True,3.8671819781197475e-10,0.00036839150160813256,0.33447472646924326,269.9681645462988,338.13560800335836,0.0,MS-HIDE,90,case57,0.05
True,48,-0.05,True,2,2,False,48,True,1.4086170872717835e-09,0.0013040373241496313,0.32550791304828874,268.9848938549403,347.6232128567063,0.0,MS-HIDE,91,case57,0.05
True,50,-0.05,True,1,1,False,50,True,3.8671808797186554e-10,0.0014815974620797803,0.43581486270728387,271.78742709220387,331.3650729309302,0.0,MS-HIDE,92,case57,0.05
True,53,-0.05,True,1,1,False,53,True,0.1714416009524176,0.0017304511212118076,0.26849949281831387,269.22068119747564,315.9636062657228,0.0,MS-HIDE,93,case57,0.05
True,43,0.05,True,1,1,False,37,False,0.17144160094524777,0.001656969290359038,0.4436922831728636,274.969354152563,343.61992886406375,0.0,MS-HIDE,94,case57,0.05
True,40,-0.05,True,3,3,False,40,True,3.867180879720138e-10,0.00768276844662133,0.4449704379993627,276.16044369351584,357.95746189251076,0.0,MS-HIDE,95,case57,0.05
True,10,-0.05,True,1,1,False,10,True,3.8671819781197475e-10,0.0008020016223035871,0.3352066697295907,272.44489364966284,332.644761868869,0.0,MS-HIDE,96,case57,0.05
True,14,0.05,True,1,1,False,14,True,3.8671819781197475e-10,0.001697950392790834,0.3668916460063712,279.5142353483243,354.26023128966335,0.0,MS-HIDE,97,case57,0.05
True,53,-0.05,True,1,1,False,53,True,0.17144160094404476,0.0016709319157639617,0.287401350100001,260.07450409815647,321.81501426384784,0.0,MS-HIDE,98,case57,0.05
True,49,-0.05,True,3,3,False,49,True,3.9267302013470663e-10,0.0018261561569900729,0.3599925732514957,276.63116655894555,346.5017497015652,0.0,MS-HIDE,99,case57,0.05
True,56,0.05,True,1,1,False,38,False,0.1714416009440448,0.005094704795421053,0.5599861792284886,267.51158755796496,347.03356460668147,0.0,MS-HIDE,100,case57,0.05
True,17,-0.05,True,3,3,False,17,True,0.03421854640062557,0.002642182854497903,0.47975570528319617,260.82858755544294,309.46739588980563,0.0,MS-HIDE,101,case57,0.05
True,12,0.05,True,1,1,False,12,True,3.8671819781197475e-10,0.0002901152601130332,0.26767867149353447,276.7065625375835,367.42947500606533,0.0,MS-HIDE,102,case57,0.05
True,48,-0.05,True,1,1,False,48,True,3.8671808797186285e-10,0.0013040373235605497,0.3208517169136349,268.77403120161034,336.8578687426634,0.0,MS-HIDE,103,case57,0.05
True,31,0.05,True,2,2,False,31,True,1.6677172899745224e-05,0.0019444595884514006,0.39258679131585417,272.7589209040161,319.8639017675305,0.0,MS-HIDE,104,case57,0.05
True,31,0.05,True,2,2,False,31,True,1.290162410395413e-08,0.001944458677933678,0.3967378620789903,269.5280605024891,339.32706249470357,0.0,MS-HIDE,105,case57,0.05
True,41,-0.05,True,1,1,False,41,True,3.986305559592993e-10,0.0006132213468302667,0.35814207161581235,260.01371249440126,332.1259443357121,0.0,MS-HIDE,106,case57,0.05
True,16,-0.05,False,20,20,False,16,True,0.004782597212943402,0.07707629435482376,0.5812163533273087,253.9119791937992,308.4256607457064,0.0,MS-HIDE,107,case57,0.05
True,20,0.05,True,3,3,False,20,True,0.1714416009440448,0.001902803637151464,0.4177817864721197,272.3668979568174,352.4248896137579,0.0,MS-HIDE,108,case57,0.05
True,50,0.05,True,2,2,False,50,True,3.8671808797186316e-10,0.001481597461874506,0.4418678310254754,262.20663949497975,334.96773570077494,0.0,MS-HIDE,109,case57,0.05
True,17,0.05,True,3,3,False,17,True,0.08452263933519132,0.00275736862598885,0.4624839652923223,281.92806875158567,365.8139711420518,0.0,MS-HIDE,110,case57,0.05
True,41,0.05,True,1,1,False,41,True,3.8671806051191486e-10,0.0006132213468602189,0.3557714179979451,267.61220209591556,331.4779190754052,0.0,MS-HIDE,111,case57,0.05
True,15,0.05,False,20,20,False,15,True,0.011099955745414001,0.11607010384030274,0.6150561649722146,271.3597958092578,329.9164313037182,0.0,MS-HIDE,112,case57,0.05
True,12,-0.05,True,1,1,False,12,True,3.8671819781197475e-10,0.0002901152601130332,0.26767867149353447,267.7393584046513,331.4188535499852,0.0,MS-HIDE,113,case57,0.05
True,33,-0.05,True,14,14,False,33,True,3.404747980070477e-05,0.014102698283711967,0.4421302411824819,277.0629603532143,348.6077771289274,0.0,MS-HIDE,114,case57,0.05
True,8,0.05,True,1,1,False,8,True,3.8671819781197475e-10,0.00031778690141623654,0.34297535213523345,272.03135209856555,412.42814797733445,0.0,MS-HIDE,115,case57,0.05
True,16,-0.05,False,20,20,False,16,True,0.2218796261590234,0.15116858011214382,0.509421921560167,258.091891699587,306.37228161795065,0.0,MS-HIDE,116,case57,0.05
True,46,-0.05,False,20,20,False,0,False,0.4955101375275144,0.3046113809603977,0.5305996800941457,254.33507914131042,308.6966458300594,0.0,MS-HIDE,117,case57,0.05
True,8,-0.05,True,1,1,False,8,True,3.8671819781197475e-10,0.0003177869002905102,0.33973415881590785,280.7462873926852,365.6071898789378,0.0,MS-HIDE,118,case57,0.05
True,20,0.05,True,1,1,False,20,True,0.1714416009440448,0.0019029003824442624,0.4035597861257372,261.18934160331264,321.41401008993853,0.0,MS-HIDE,119,case57,0.05
True,52,-0.05,True,1,1,False,52,True,0.17144160095105895,0.0017303909732218775,0.30364539562732135,273.1026437977562,341.7885579896393,0.0,MS-HIDE,120,case57,0.05
True,9,-0.05,True,1,1,False,9,True,3.8671819781197475e-10,0.0047936054114965975,0.41944546025097285,266.04565419547725,327.91989962861413,0.0,MS-HIDE,121,case57,0.05
True,21,0.05,False,20,20,False,0,False,0.43043790307935814,0.3338116043460007,0.5584794935912294,263.7534874549601,356.8861228879541,0.0,MS-HIDE,122,case57,0.05
True,43,0.05,True,1,1,False,37,False,0.1714416011045506,0.0016569697231121516,0.43103437421885105,280.4001499520382,360.6010714516743,0.0,MS-HIDE,123,case57,0.05
True,18,-0.05,True,4,4,False,18,True,0.003041108811418141,0.00403202706187554,0.5337836626226511,270.7431104441639,323.6606062593637,0.0,MS-HIDE,124,case57,0.05
True,38,-0.05,True,2,2,False,56,False,0.17144160094404476,0.005094704802026668,0.5582555668949822,263.00025629461743,322.4732812348521,0.0,MS-HIDE,125,case57,0.05
True,47,-0.05,False,20,20,False,0,False,0.43876027449194194,0.3311305026062227,0.5175358070323528,240.0011686986545,301.1085079459008,0.0,MS-HIDE,126,case57,0.05
True,51,-0.05,True,2,2,False,51,True,3.867180879729437e-10,0.004226153272473187,0.45077637364756695,285.33424784545787,336.2038451654371,0.0,MS-HIDE,127,case57,0.05
True,23,0.05,True,0,0,False,0,False,0.44323262275938785,0.33151942367808573,0.5415493809120452,250.16973535239228,303.22441038442776,0.0,MS-HIDE,128,case57,0.05
True,40,0.05,True,3,3,False,40,True,2.7437704653105284e-09,0.007666736637122342,0.4014458533751993,269.6897896035807,369.0729336725781,0.0,MS-HIDE,129,case57,0.05
True,20,-0.05,True,1,1,False,19,False,0.1714416009440448,0.001955098155013638,0.3793244693683441,263.96858334483113,316.9641625136137,0.0,MS-HIDE,130,case57,0.05
True,51,-0.05,True,2,2,False,51,True,3.8896844252037986e-10,0.004226153271373553,0.4572103888814053,285.7586895028362,324.89792498818133,0.0,MS-HIDE,131,case57,0.05
True,26,0.05,True,2,2,False,26,True,0.17144160094404481,0.004170801686258074,0.47463612919531617,263.4777395520359,313.3396375342273,0.0,MS-HIDE,132,case57,0.05
True,43,-0.05,True,1,1,False,37,False,0.17144160172802725,0.0016569697245878395,0.43881928069224396,260.613527148962,312.4928604491288,0.0,MS-HIDE,133,case57,0.05
True,54,-0.05,True,1,1,False,54,True,1.5920995710287439e-07,0.0019107940490813314,0.6421988381390917,260.0666957470821,313.4490673372057,0.0,MS-HIDE,134,case57,0.05
True,32,0.05,False,20,20,False,0,False,0.45648932293698624,0.32588837443565205,0.5267474750175475,263.01923964638263,315.05405209900346,0.0,MS-HIDE,135,case57,0.05
True,47,0.05,False,20,20,False,0,False,0.4484144971829488,0.32620356086439134,0.5364424251729613,266.9068667019019,341.58717740210705,0.0,MS-HIDE,136,case57,0.05
True,51,0.05,True,2,2,False,51,True,3.874162679114695e-10,0.004226153277395271,0.4512983379242297,270.11365199577995,320.4678725945996,0.0,MS-HIDE,137,case57,0.05
True,53,0.05,True,1,1,False,53,True,0.17144160094986674,0.0017299934377426167,0.3132000077426687,277.55200010724366,361.8479979399126,0.0,MS-HIDE,138,case57,0.05
True,54,0.05,True,1,1,False,54,True,5.019238430750769e-10,0.001910307233024727,0.6255416158486866,251.16785845311824,292.46522292960435,0.0,MS-HIDE,139,case57,0.05
True,20,0.05,True,2,2,False,20,True,0.1714416009440448,0.0019133319901616936,0.3969589699896623,265.76713554677553,325.0998798466753,0.0,MS-HIDE,140,case57,0.05
True,52,0.05,True,1,1,False,53,False,0.1714416009440448,0.0017182385830946095,0.30538424909483075,270.6593687995337,346.2623673316557,0.0,MS-HIDE,141,case57,0.05
True,10,0.05,True,1,1,False,10,True,3.8671819781197475e-10,0.0008020016223191906,0.3474602802169151,277.65432299056556,340.3329725697404,0.0,MS-HIDE,142,case57,0.05
True,12,-0.05,True,1,1,False,12,True,3.8671819781197475e-10,0.00029011526073611187,0.2653729852052923,263.7179354089312,338.5060205007904,0.0,MS-HIDE,143,case57,0.05
True,10,0.05,True,1,1,False,10,True,3.8671819781197475e-10,0.0008020016222398245,0.33973415881590785,261.57210209639743,309.9543610645924,0.0,MS-HIDE,144,case57,0.05
True,11,-0.05,True,1,1,False,11,True,3.8671819781197475e-10,0.0003683915010502192,0.3474602802169151,265.87926664797124,310.42782641015947,0.0,MS-HIDE,145,case57,0.05
True,25,-0.05,True,1,1,False,26,False,0.17144160094600633,0.004170120424659733,0.4590045202638708,291.0320418945048,344.76205412647687,0.0,MS-HIDE,146,case57,0.05
True,36,0.05,True,1,1,False,36,True,3.8671811543221543e-10,0.0007148334762483295,0.38202360117453416,270.184735651128,330.3944944345858,0.0,MS-HIDE,147,case57,0.05
True,44,-0.05,True,1,1,False,44,True,3.867180879724207e-10,0.0037925162712262373,0.5256100416070227,279.065637596068,357.0002982596634,0.0,MS-HIDE,148,case57,0.05
True,24,0.05,True,1,1,False,24,True,0.17144160116206095,0.002072505558825452,0.6642578887761357,265.0588330521714,354.77956042450387,0.0,MS-HIDE,149,case57,0.05
True,3,0.05,True,1,1,False,3,True,3.8671819781197475e-10,0.0010234120716263045,0.4665074904412692,260.91454790730495,312.1860910585383,0.0,MS-HIDE,150,case57,0.05
True,42,0.05,True,1,1,False,42,True,3.8671808797186145e-10,0.0020954845312648835,0.564653280873265,268.8956354482798,343.4185541642364,0.0,MS-HIDE,151,case57,0.05
True,23,0.05,False,20,20,False,0,False,0.47106110574756244,0.3209574171011798,0.5113677755323616,261.0693395487033,327.431189554045,0.0,MS-HIDE,152,case57,0.05
True,45,0.05,True,1,1,False,45,True,3.8671808797186145e-10,0.0023695424059910247,0.501760506432359,256.19176459440496,305.3064556297614,0.0,MS-HIDE,153,case57,0.05
True,24,-0.05,True,1,1,False,29,False,0.17144160095508218,0.002072534480914916,0.6608577136176944,261.9959208474029,297.4476750008762,0.0,MS-HIDE,154,case57,0.05
True,22,-0.05,False,20,20,False,0,False,0.46537225419492967,0.3172214090739631,0.5647239430375159,253.76741874497384,316.2625104712788,0.0,MS-HIDE,155,case57,0.05
True,23,0.05,False,20,20,False,0,False,0.4311170325987343,0.3322044921508703,0.5428740670751778,263.6652019631583,327.65955179929733,0.0,MS-HIDE,156,case57,0.05
True,54,0.05,True,1,1,False,54,True,5.360220288829436e-10,0.001910250531884468,0.6300182908904679,264.9679876922164,315.1930958032608,0.0,MS-HIDE,157,case57,0.05
True,33,-0.05,True,15,15,False,33,True,1.9066962426597676e-05,0.014153478502996874,0.43466081115750077,274.093837646069,357.0057756471215,0.0,MS-HIDE,158,case57,0.05
True,39,-0.05,True,3,3,False,39,True,3.867180879718639e-10,0.0036474741922878917,0.5025225783890946,258.13592914200854,315.22057260444853,0.0,MS-HIDE,159,case57,0.05
True,13,0.05,True,1,1,False,13,True,3.8671819781197475e-10,0.0003368264113194662,0.26113239847157566,264.2603750049602,310.0868395908037,0.0,MS-HIDE,160,case57,0.05
True,38,0.05,True,1,1,False,56,False,0.1714416009440448,0.005094704796926201,0.5650046052672695,262.301908354857,333.4442250255961,0.0,MS-HIDE,161,case57,0.05
True,35,0.05,True,1,1,False,35,True,3.8671808797186145e-10,0.0009331971386629313,0.31663254584321787,276.11957284098025,334.72674134536646,0.0,MS-HIDE,162,case57,0.05
True,26,-0.05,True,2,2,False,25,False,0.1714416009440448,0.0041988798327943005,0.46543472397092245,258.927062395378,313.2560142548755,0.0,MS-HIDE,163,case57,0.05
True,1,0.05,False,20,20,False,1,True,0.00038754149067132403,0.0256608214401772,0.49925389853264523,261.34694995416794,331.50931223062804,0.0,MS-HIDE,164,case57,0.05
True,49,-0.05,True,1,1,False,49,True,6.001107562547223e-10,0.0018064609689047869,0.3276518564658152,279.9710727093043,370.8987014571903,0.0,MS-HIDE,165,case57,0.05
True,40,0.05,True,4,4,False,40,True,4.564192311219109e-10,0.007717822272549365,0.4465632596263621,269.8910874547437,346.63577259052545,0.0,MS-HIDE,166,case57,0.05
True,40,0.05,True,4,4,False,40,True,3.8880766957392587e-10,0.00766347270638815,0.4204125845508728,276.286570794764,326.0468565567863,0.0,MS-HIDE,167,case57,0.05
True,28,0.05,True,1,1,False,28,True,7.076890803817345e-10,0.0011222732833739565,0.36100122202338636,273.8717355998233,336.29168163170107,0.0,MS-HIDE,168,case57,0.05
True,38,0.05,True,3,3,False,56,False,0.17144160094404476,0.0050947048178005576,0.5704957086527541,271.019312547287,312.29331252980046,0.0,MS-HIDE,169,case57,0.05
True,27,0.05,True,1,1,False,27,True,1.0352203341260266e-09,0.001174664711738888,0.34807781468488225,267.99643539998215,314.10006459336734,0.0,MS-HIDE,170,case57,0.05
True,30,-0.05,True,2,2,False,30,True,0.00948219248668048,0.0020832175422599367,0.4159876773752871,268.46384795499034,379.5451951998985,0.0,MS-HIDE,171,case57,0.05
True,31,-0.05,True,1,1,False,31,True,0.0003070045323794965,0.0019456107278778608,0.4068992699365356,258.33842479623854,312.8620410017902,0.0,MS-HIDE,172,case57,0.05
True,27,0.05,True,2,2,False,27,True,4.66627973124869e-10,0.0011746647105378683,0.3576630246277007,281.3942311971914,374.88179582869634,0.0,MS-HIDE,173,case57,0.05
True,51,0.05,True,1,1,False,51,True,4.0427218574861474e-10,0.004226153272515892,0.44437865966928414,288.9746020489838,370.38565866241703,0.0,MS-HIDE,174,case57,0.05
True,28,0.05,True,1,1,False,28,True,2.214744191806937e-09,0.0011222732840546065,0.3657885737994988,278.36178336292505,347.8994725970552,0.0,MS-HIDE,175,case57,0.05
True,33,-0.05,True,12,12,False,33,True,2.0682621106819777e-05,0.014132709597327446,0.459220696152857,278.54384809324984,345.13774441729765,0.0,MS-HIDE,176,case57,0.05
True,20,-0.05,True,1,1,False,19,False,0.1714416009440448,0.0019614572075313053,0.3979273495860744,268.4598374995403,333.8074423139915,0.0,MS-HIDE,177,case57,0.05
True,5,0.05,True,2,2,False,5,True,3.8671819781197615e-10,0.001756982685690496,0.29973076402582205,282.43054779595695,337.39090557501186,0.0,MS-HIDE,178,case57,0.05
True,38,0.05,True,2,2,False,56,False,0.1714416009440448,0.0050947048144211055,0.5582555668949822,244.13746455102228,303.45917080994695,0.0,MS-HIDE,179,case57,0.05
True,52,-0.05,True,1,1,False,52,True,0.17144160094667363,0.0017300335927726376,0.29844518382692636,262.79184798768256,322.4061896442436,0.0,MS-HIDE,180,case57,0.05
True,48,0.05,True,2,2,False,48,True,3.8671808797186554e-10,0.001304037323726539,0.3367815292841785,257.23306264844723,302.4445273884339,0.0,MS-HIDE,181,case57,0.05
True,32,-0.05,False,20,20,False,0,False,0.43321641666957106,0.3350287187726981,0.540946508481356,266.94922925089486,316.48591280390974,0.0,MS-HIDE,182,case57,0.05
True,48,0.05,True,2,2,False,48,True,3.8671808797186166e-10,0.0013040373255197033,0.3128389695749908,262.2831605083775,307.17470270756166,0.0,MS-HIDE,183,case57,0.05
True,48,0.05,True,1,1,False,48,True,3.867180879718768e-10,0.0013040373246540912,0.3075822387962709,187.2377771040192,256.95352978655137,0.0,MS-HIDE,184,case57,0.05
True,5,0.05,True,1,1,False,5,True,3.8671819781197475e-10,0.0015216133467103495,0.2834360058554234,272.6083354034927,343.2520285830833,0.0,MS-HIDE,185,case57,0.05
True,41,0.05,True,1,1,False,41,True,3.8671806051204065e-10,0.0006132213468354862,0.36126376654193093,238.58708324551117,300.21554340200964,0.0,MS-HIDE,186,case57,0.05
True,29,-0.05,True,1,1,False,29,True,0.17144160099846592,0.002072505558850494,0.6699656937880678,267.5372581958072,305.4367131233448,0.0,MS-HIDE,187,case57,0.05
True,10,-0.05,True,1,1,False,10,True,3.8671819781197475e-10,0.0008020016223542866,0.34327272238661666,230.74637495155912,284.69811941031367,0.0,MS-HIDE,188,case57,0.05
True,13,0.05,True,1,1,False,13,True,3.8671819781197475e-10,0.00033682641069362383,0.2709990034890693,126.23973749577999,166.55031461268666,0.0,MS-HIDE,189,case57,0.05
True,7,-0.05,False,20,20,False,7,True,3.8671814289241317e-10,0.013724468380579028,0.5156597537876624,265.87667299900204,327.11971219978295,0.0,MS-HIDE,190,case57,0.05
True,34,-0.05,True,2,2,False,34,True,3.8671811543191914e-10,0.002119717756256493,0.4382793797792938,192.62263949785847,258.9781127986499,0.0,MS-HIDE,191,case57,0.05
True,23,-0.05,False,20,20,False,0,False,0.44280433980561956,0.32613892518825516,0.545145707993274,264.1414854064351,319.49525598029146,0.0,MS-HIDE,192,case57,0.05
True,22,-0.05,False,20,20,False,0,False,0.45114128274614274,0.3289700564052754,0.5391461321941392,190.56581254990306,253.10655030480123,0.0,MS-HIDE,193,case57,0.05
True,53,-0.05,True,1,1,False,52,False,0.17144160094404476,0.0016756529084496746,0.29071340857671324,102.18164790421724,131.64836430805735,0.0,MS-HIDE,194,case57,0.05
True,40,0.05,True,1,1,False,40,True,5.076067974205353e-10,0.007667857350658971,0.4719852369446448,246.02982484793756,329.2988577100914,0.0,MS-HIDE,195,case57,0.05
True,4,-0.05,False,20,20,False,0,False,0.42394042195476056,0.33340190734207276,0.5585842373202626,134.2904644960072,176.41438092396132,0.0,MS-HIDE,196,case57,0.05
True,23,0.05,False,20,20,False,0,False,0.42597598775779755,0.3364857858887806,0.5322417233587027,239.49674799805507,287.5468399055535,0.0,MS-HIDE,197,case57,0.05
True,17,0.05,True,2,2,False,17,True,0.013730196328715675,0.0026178303797451913,0.4605781000813433,133.94332905882038,172.00906190264507,0.0,MS-HIDE,198,case57,0.05
True,28,0.05,True,1,1,False,28,True,5.411015561115587e-10,0.001122273283238252,0.3522996438363233,79.85891879943665,87.62564194039442,0.0,MS-HIDE,199,case57,0.05
True,26,-0.05,True,1,1,False,26,True,0.17144160101878878,0.008611653628861089,0.6946651679887632,2.0094540406716987,2.3334749770583585,0.0,RHMTD,0,case57,0.05
True,49,-0.05,True,1,1,False,49,True,3.8671808797221456e-10,0.003281377041758706,0.7031763863922,4.125612543430179,10.84828959428706,0.0,RHMTD,1,case57,0.05
True,53,-0.05,True,1,1,False,53,True,0.17144160094568184,0.0038227468800116115,0.7061114305861951,3.6695062008220702,7.672612502938139,0.0,RHMTD,2,case57,0.05
True,37,0.05,True,1,1,False,37,True,0.1714416009440448,0.0025123811158494387,0.6963739639653085,5.10393749573268,13.962054406874824,0.0,RHMTD,3,case57,0.05
True,46,0.05,True,17,17,False,0,False,0.4373317493065018,0.3296082163080537,0.6946312741064754,6.970447898493148,16.93175830878321,0.0,RHMTD,4,case57,0.05
True,17,0.05,False,20,20,False,17,True,0.021545985085620438,0.04376501560487901,0.6998393279171573,2.052299998467788,2.3588246753206477,0.0,RHMTD,5,case57,0.05
True,24,0.05,True,1,1,False,29,False,0.1714416009611679,0.013931570892910887,0.6929940233908594,3.7270313972840086,8.657027399749497,0.0,RHMTD,6,case57,0.05
True,3,0.05,True,2,2,False,3,True,3.8671819781197475e-10,0.005504218492867223,0.6977877947654327,3.9481312065618117,9.039906263933517,0.0,RHMTD,7,case57,0.05
True,8,-0.05,True,1,1,False,8,True,3.8671819781197475e-10,0.00033345882170102213,0.7050455676820152,5.445868798415177,21.979310456663374,0.0,RHMTD,8,case57,0.05
True,22,0.05,False,20,20,False,0,False,0.5525372648204075,0.26402628290701957,0.6976274094521628,3.0990645376732573,4.690437216777356,0.0,RHMTD,9,case57,0.05
True,29,-0.05,True,3,3,False,29,True,0.1714416009460563,0.01023752167174077,0.6955706455796734,2.0166270580375567,2.4895548122003675,0.0,RHMTD,10,case57,0.05
True,28,-0.05,True,1,1,False,28,True,3.867181428919181e-10,0.00415274446920808,0.6906948533828214,3.559112548828125,7.949897917569615,0.0,RHMTD,11,case57,0.05
True,8,0.05,True,1,1,False,8,True,3.8671819781197475e-10,0.00048432174357702424,0.6983076530817569,4.171268700156361,13.708395496360032,0.0,RHMTD,12,case57,0.05
True,28,-0.05,True,1,1,False,28,True,3.867181428919181e-10,0.0011951786331795642,0.6980451085632124,4.929306195117533,10.884356274618773,0.0,RHMTD,13,case57,0.05
True,22,0.05,False,20,20,False,0,False,0.46970756566506267,0.30429006142577614,0.6999195205737923,3.390006409608759,6.885687506292016,0.0,RHMTD,14,case57,0.05
True,26,0.05,True,1,1,False,25,False,0.1714416009440448,0.005583931531383605,0.7029138418736557,1.9888915558112785,2.2986895812209696,0.0,RHMTD,15,case57,0.05
True,40,-0.05,True,1,1,False,40,True,8.864651593569235e-10,0.012903969526382177,0.6989696876590645,3.453968750545755,6.661784742027523,0.0,RHMTD,16,case57,0.05
True,1,-0.05,False,20,20,False,1,True,1.461903272742671e-06,0.03789443673107745,0.6959342983056191,3.311162593308836,5.174814278143459,0.0,RHMTD,17,case57,0.05
True,37,-0.05,True,1,1,False,43,False,0.1714416009440448,0.0030482838595780586,0.6993944315367031,3.7117999570909888,7.317184796556831,0.0,RHMTD,18,case57,0.05
True,42,-0.05,True,1,1,False,42,True,3.8671808797186145e-10,0.004456267902095131,0.7018636637994773,6.760812507127412,14.286679774522812,0.0,RHMTD,19,case57,0.05
True,32,0.05,False,20,20,False,0,False,0.41198817501256857,0.33533308621437496,0.7002570270282067,1.9818874076008797,2.2554211696842685,0.0,RHMTD,20,case57,0.05
True,20,0.05,True,1,1,False,19,False,0.1714416009440448,0.002646422470825393,0.7010446605838406,7.027187600033358,12.041512492578523,0.0,RHMTD,21,case57,0.05
True,46,0.05,False,20,20,False,0,False,0.42095563637887606,0.3331121146868803,0.7050455676820151,3.763487550895661,7.101939557469451,0.0,RHMTD,22,case57,0.05
True,42,0.05,True,3,3,False,42,True,3.8671808797186145e-10,0.005703135215905833,0.6967968937971228,4.39082694647368,9.358719064039189,0.0,RHMTD,23,case57,0.05
True,56,-0.05,True,1,1,False,56,True,0.1714416009440448,0.015685256922112645,0.7034389309107447,3.067358396947384,3.380187522270718,0.0,RHMTD,24,case57,0.05
True,53,0.05,True,1,1,False,53,True,0.1714416009440448,0.003482621503375931,0.6932174433063512,4.375141806667671,9.380713143036703,0.0,RHMTD,25,case57,0.05
True,48,0.05,True,2,2,False,48,True,3.8671808797186145e-10,0.0050234038901803115,0.6994537086425714,4.454531252849847,10.255481209605936,0.0,RHMTD,26,case57,0.05
True,24,-0.05,True,2,2,False,24,True,0.17144160130114852,0.006552376493762873,0.6989286196054825,3.486541745951399,5.391093465732411,0.0,RHMTD,27,case57,0.05
True,20,0.05,True,1,1,False,20,True,0.1714416009440448,0.002218309889431022,0.7001977499223384,7.315949909389019,16.676995475427283,0.0,RHMTD,28,case57,0.05
True,34,-0.05,True,2,2,False,34,True,3.8671808797257955e-10,0.012075042128802215,0.6985911131510678,5.7236916036345065,20.413231270504195,0.0,RHMTD,29,case57,0.05
True,11,-0.05,True,1,1,False,11,True,3.8671819781197475e-10,0.0007519078100424372,0.7015854344509314,4.249960547895171,8.085762514383534,0.0,RHMTD,30,case57,0.05
True,38,0.05,True,4,4,False,38,True,0.17144160094404476,0.016301881786840472,0.697600212182758,5.832654098048806,23.25515382981394,0.0,RHMTD,31,case57,0.05
True,32,0.05,False,20,20,False,0,False,0.44621436316933877,0.3260597181469423,0.6909906030593058,4.078370897332206,8.61594933376182,0.0,RHMTD,32,case57,0.05
True,15,-0.05,False,20,20,False,0,False,0.4306878335779429,0.30186405201177413,0.701060345413842,3.453727057785727,5.583899997873232,0.0,RHMTD,33,case57,0.05
True,36,0.05,True,1,1,False,36,True,3.8671808797186145e-10,0.0014191996864771964,0.7026512973551109,3.523943747859448,6.6686146019492325,0.0,RHMTD,34,case57,0.05
True,26,0.05,True,2,2,False,25,False,0.1714416009440448,0.004497943165650443,0.6970594383156674,4.244908402324654,10.226685693487525,0.0,RHMTD,35,case57,0.05
True,28,0.05,True,1,1,False,28,True,3.867181428919181e-10,0.0032984013201675486,0.7058488860676505,4.173558455659077,8.235062795574777,0.0,RHMTD,36,case57,0.05
True,3,0.05,True,1,1,False,3,True,3.8671819781197625e-10,0.00379889617110106,0.6956508382363082,3.9345896046143025,8.84565623709932,0.0,RHMTD,37,case57,0.05
True,6,0.05,True,1,1,False,6,True,3.8671819781197475e-10,0.005854215555235341,0.6988536576696125,5.26694169966504,13.544827408622963,0.0,RHMTD,38,case57,0.05
True,51,-0.05,True,1,1,False,51,True,3.867180879728034e-10,0.012065364435849218,0.695650838236308,5.510120902908966,11.25711011991372,0.0,RHMTD,39,case57,0.05
True,17,0.05,True,9,9,False,17,True,0.001119912134981928,0.028296048438653056,0.7026512973551109,4.618225005106069,9.688649716554213,0.0,RHMTD,40,case57,0.05
True,49,-0.05,True,1,1,False,49,True,3.8671808797186244e-10,0.0032466926670628566,0.6962971879836142,3.5152310447301716,7.810433011036367,0.0,RHMTD,41,case57,0.05
True,19,-0.05,True,1,1,False,20,False,0.1714416009440448,0.0021652289371762406,0.7013228899323865,6.232558359624818,20.789218760910465,0.0,RHMTD,42,case57,0.05
True,31,0.05,True,1,1,False,31,True,0.01702273159362802,0.004551512661328853,0.6991109714673922,4.8450187023263425,10.39862430188805,0.0,RHMTD,43,case57,0.05
True,55,0.05,True,1,1,False,55,True,3.8671808797186145e-10,0.000909979385986072,0.7012479279965167,4.970889491960406,10.745760385179892,0.0,RHMTD,44,case57,0.05
True,2,0.05,True,1,1,False,2,True,3.8671819781197475e-10,0.004189507288593304,0.7005195715467514,4.059164694626816,7.398808002471927,0.0,RHMTD,45,case57,0.05
True,34,-0.05,True,1,1,False,34,True,3.8671808797186145e-10,0.003461424297709731,0.7009853834779722,4.24939165241085,9.287162474356592,0.0,RHMTD,46,case57,0.05
True,14,-0.05,True,1,1,False,14,True,3.8671819781197475e-10,0.001323266488640775,0.6966626547553845,3.937433249666356,6.897681247210134,0.0,RHMTD,47,case57,0.05
True,1,0.05,False,20,20,False,1,True,1.9427308925530095e-06,0.040766782344080287,0.7028388799377856,4.97763765451964,11.43640172376763,0.0,RHMTD,48,case57,0.05
True,34,-0.05,True,1,1,False,34,True,3.867180879718617e-10,0.004792429906124248,0.7002570270282068,4.132473006029613,8.789350316510536,0.0,RHMTD,49,case57,0.05
True,40,-0.05,True,2,2,False,40,True,3.86718060511978e-10,0.009140534772384504,0.6980451085632122,3.881412392365746,8.415127408807166,0.0,RHMTD,50,case57,0.05
True,27,-0.05,True,1,1,False,27,True,3.867181428919181e-10,0.0020455978953501388,0.6993735159859367,3.829024944570847,6.320307980058717,0.0,RHMTD,51,case57,0.05
True,44,-0.05,True,9,9,False,44,True,6.35322065762913e-10,0.01962437605773642,0.7029138418736556,4.520181298721582,10.534545514383353,0.0,RHMTD,52,case57,0.05
True,1,0.05,False,20,20,False,1,True,2.257421817942135e-05,0.04477353859902842,0.7029138418736556,4.988079308532178,7.85075897292702,0.0,RHMTD,53,case57,0.05
True,20,-0.05,True,1,1,False,19,False,0.17144160094429844,0.0030112691647639347,0.702651297355111,3.1589479942340404,4.241634815116415,0.0,RHMTD,54,case57,0.05
True,41,-0.05,True,1,1,False,41,True,3.8671808797186145e-10,0.0006444644135611347,0.7007978008952975,5.468295916216448,14.571877394337221,0.0,RHMTD,55,case57,0.05
True,25,0.05,True,4,4,False,26,False,0.1714416009440448,0.013396965688027625,0.7047830231634706,2.9400374507531524,3.6555309256073087,0.0,RHMTD,56,case57,0.05
True,33,0.05,False,20,20,False,33,True,0.3054556736763951,0.030234814514484364,0.7029138418736556,6.01343959569931,26.648272629245188,0.0,RHMTD,57,case57,0.05
True,42,-0.05,True,1,1,False,42,True,3.8671808797186145e-10,0.008736519095856725,0.6994537086425716,3.2538084022235125,6.0325872007524595,0.0,RHMTD,58,case57,0.05
True,21,0.05,False,20,20,False,0,False,0.44328093198708357,0.3243505079089988,0.7085057009130991,5.376729147974402,13.223055953858427,0.0,RHMTD,59,case57,0.05
True,36,-0.05,True,1,1,False,36,True,3.8671808797186197e-10,0.0025003402677433164,0.7045047938149245,3.52011464710813,6.7703666776651525,0.0,RHMTD,60,case57,0.05
True,46,0.05,False,20,20,False,0,False,0.4529430793416928,0.32029587303413454,0.6990360095315222,3.7809687957633287,6.770170832169244,0.0,RHMTD,61,case57,0.05
True,56,0.05,True,7,7,False,38,False,0.1714416009494421,0.01714084587567276,0.6942683844284803,3.33454989886377,5.890197906410323,0.0,RHMTD,62,case57,0.05
True,8,-0.05,True,1,1,False,8,True,3.8671819781197475e-10,0.00048768484218572296,0.7007821160652958,4.489366646157578,8.969043762772344,0.0,RHMTD,63,case57,0.05
True,2,0.05,True,1,1,False,2,True,3.8671819781197475e-10,0.002697599377667113,0.6916909991917157,3.4901290957350284,6.462687457678842,0.0,RHMTD,64,case57,0.05
True,43,0.05,True,1,1,False,37,False,0.1714416009440448,0.003075060993453365,0.6961759272733972,3.4596269979374483,6.782785401446747,0.0,RHMTD,65,case57,0.05
True,11,0.05,True,1,1,False,11,True,3.8671819781197475e-10,0.0007549391434555541,0.6943224308135836,3.3089021482737735,4.170385369798173,0.0,RHMTD,66,case57,0.05
True,7,0.05,False,20,20,False,7,True,5.4066465535854225e-09,0.017625505632922995,0.7029138418736556,3.8236979016801342,4.292304223054102,0.0,RHMTD,67,case57,0.05
True,7,-0.05,False,20,20,False,7,True,3.8671819781210157e-10,0.01721174767024963,0.7020303308313853,3.5859041527146474,6.231883680447937,0.0,RHMTD,68,case57,0.05
True,51,-0.05,True,2,2,False,51,True,3.8671806051432883e-10,0.012579756742113028,0.6956508382363082,4.689102098927833,10.607418464496734,0.0,RHMTD,69,case57,0.05
True,12,-0.05,True,1,1,False,12,True,3.8671819781197475e-10,0.00017715035484214208,0.6966417392046179,6.076933248550631,17.12805560673588,0.0,RHMTD,70,case57,0.05
True,17,-0.05,True,4,4,False,18,False,0.162064157941235,0.011440359810490356,0.6989286196054825,4.5769292482873425,8.663799980422482,0.0,RHMTD,71,case57,0.05
True,35,0.05,True,1,1,False,35,True,3.867180879718997e-10,0.0027807177397786266,0.696716701140488,3.9646956487558778,7.335326750762768,0.0,RHMTD,72,case57,0.05
True,37,0.05,True,1,1,False,37,True,0.1714416009440448,0.0030476406334949465,0.7002570270282069,4.576687305234373,10.557203480857432,0.0,RHMTD,73,case57,0.05
True,11,0.05,True,1,1,False,11,True,3.8671819781197475e-10,0.0006343916925124052,0.6961759272733974,4.047412649379112,8.13510208099615,0.0,RHMTD,74,case57,0.05
True,43,-0.05,True,1,1,False,37,False,0.17144160094404476,0.002484189101779918,0.6976002121827581,4.486581357195973,8.48942566954066,0.0,RHMTD,75,case57,0.05
True,39,0.05,True,5,5,False,39,True,3.8671808797186145e-10,0.008465075337879253,0.6964052666340019,4.42173759220168,4.87408363260331,0.0,RHMTD,76,case57,0.05
True,41,-0.05,True,1,1,False,41,True,3.867180879718616e-10,0.0007015276598169328,0.6945517701741885,3.847445742576383,8.527643737033943,0.0,RHMTD,77,case57,0.05
True,11,-0.05,True,1,1,False,11,True,3.8671819781197475e-10,0.0007444192512089295,0.6901488487949661,4.231429152423516,9.3979100958677,0.0,RHMTD,78,case57,0.05
True,24,0.05,True,3,3,False,24,True,0.1714416009440448,0.0027632957737087327,0.7010603454138419,3.9866999548394233,7.467595490743408,0.0,RHMTD,79,case57,0.05
True,26,-0.05,True,4,4,False,26,True,0.1714416009440448,0.004647520314067025,0.7002570270282069,3.142550145275891,4.748553887475284,0.0,RHMTD,80,case57,0.05
True,37,0.05,True,1,1,False,37,True,0.1714416009440448,0.003050991714271013,0.7023887528365664,4.232070792932063,8.794201424461791,0.0,RHMTD,81,case57,0.05
True,26,-0.05,True,1,1,False,26,True,0.1714416009440448,0.00493291936660401,0.6910446494444095,4.303139404510148,9.468851753626952,0.0,RHMTD,82,case57,0.05
True,20,-0.05,True,1,1,False,19,False,0.1714416009440448,0.0022119370141909086,0.7037171602592909,3.8742708042263985,6.608754509943538,0.0,RHMTD,83,case57,0.05
True,54,0.05,True,1,1,False,54,True,3.8671808797186145e-10,0.002513881460439988,0.7021105234880205,5.874266551109031,9.54252673254817,0.0,RHMTD,84,case57,0.05
True,31,0.05,True,1,1,False,31,True,0.009567204808345291,0.005042228121346118,0.7037171602592907,3.099708296940662,3.886247595073657,0.0,RHMTD,85,case57,0.05
True,28,0.05,True,1,1,False,28,True,3.867181428919181e-10,0.0010892287081273853,0.696716701140488,4.317308292957023,10.806023245095277,0.0,RHMTD,86,case57,0.05
True,26,-0.05,True,1,1,False,25,False,0.1714416009440448,0.00479289266707891,0.6989286196054824,4.589481247239746,12.755770477815533,0.0,RHMTD,87,case57,0.05
True,17,-0.05,True,8,8,False,17,True,0.12688438587092077,0.03135583811463118,0.6932617986301688,4.237139702308923,8.807779790367933,0.0,RHMTD,88,case57,0.05
True,55,-0.05,True,1,1,False,55,True,3.8671808797186145e-10,0.0009827130280797,0.7010446605838405,4.979839501902461,11.63791067665443,0.0,RHMTD,89,case57,0.05
True,11,0.05,True,1,1,False,11,True,3.8671819781197475e-10,0.00033090370700178504,0.7032174544457823,3.5885564517229795,7.010531265405008,0.0,RHMTD,90,case57,0.05
True,48,-0.05,True,1,1,False,48,True,3.8671808797186145e-10,0.005190688936746467,0.6970751231456689,3.3175394957652315,3.618922870373359,0.0,RHMTD,91,case57,0.05
True,50,-0.05,True,2,2,False,50,True,3.8671808797186145e-10,0.0032428842784969747,0.701060345413842,4.1660999559098855,7.266443120897751,0.0,RHMTD,92,case57,0.05
True,53,-0.05,True,2,2,False,52,False,0.1714416009468472,0.003025802973398076,0.7018479789694758,3.5631291597383097,7.081141325761564,0.0,RHMTD,93,case57,0.05
True,43,0.05,True,1,1,False,37,False,0.1714416009440448,0.0030274762239694457,0.697600212182758,5.018383401329629,6.061748214415304,0.0,RHMTD,94,case57,0.05
True,40,-0.05,True,1,1,False,40,True,3.867180879719877e-10,0.008930250048495325,0.6975043346961217,5.176350046531297,16.773025039583448,0.0,RHMTD,95,case57,0.05
True,10,-0.05,True,1,1,False,10,True,3.8671819781197475e-10,0.0013617505397178896,0.702051246382152,3.8404376013204455,9.740195824997501,0.0,RHMTD,96,case57,0.05
True,14,0.05,True,1,1,False,14,True,3.867181703519496e-10,0.004573866699459372,0.6994537086425714,3.7711417506216094,6.3853500090772295,0.0,RHMTD,97,case57,0.05
True,53,-0.05,True,2,2,False,52,False,0.17144160094404476,0.006848354508485947,0.7007821160652961,4.943625099258497,11.376012201071719,0.0,RHMTD,98,case57,0.05
True,49,-0.05,True,3,3,False,49,True,3.867180879718879e-10,0.003578470073416872,0.6983285686325233,3.7964581890264526,9.552905612508766,0.0,RHMTD,99,case57,0.05
True,56,0.05,True,4,4,False,38,False,0.1714416009440448,0.016081740569899295,0.7013228899323868,4.2228271486237645,9.26532709854655,0.0,RHMTD,100,case57,0.05
True,17,-0.05,True,12,12,False,17,True,0.1358496626000255,0.011555662343696982,0.7047830231634707,4.309183440636843,8.473030902678147,0.0,RHMTD,101,case57,0.05
True,12,0.05,True,1,1,False,12,True,3.8671819781197475e-10,0.00017723885031653978,0.7015854344509311,3.867400047602132,8.702483974047938,0.0,RHMTD,102,case57,0.05
True,48,-0.05,True,2,2,False,48,True,3.8671808797186145e-10,0.006132808596079809,0.6982536066966536,4.98108345491346,8.754154489724913,0.0,RHMTD,103,case57,0.05
True,31,0.05,True,1,1,False,31,True,0.002695894088165767,0.0045393131578037125,0.7021262083180217,3.800564495031722,5.869894046918499,0.0,RHMTD,104,case57,0.05
True,31,0.05,True,1,1,False,31,True,0.1407278101102464,0.00472138616544125,0.7001820650923368,3.875666594831273,8.786495757522065,0.0,RHMTD,105,case57,0.05
True,41,-0.05,True,1,1,False,41,True,3.867180879718617e-10,0.0006805799868046133,0.7012479279965167,4.596985605894588,10.907491340185517,0.0,RHMTD,106,case57,0.05
True,16,-0.05,False,20,20,False,16,True,0.016788202200245534,0.07838649193343845,0.6963791946860736,4.091499897185713,8.134262467501689,0.0,RHMTD,107,case57,0.05
True,20,0.05,True,1,1,False,20,True,0.1714416009440448,0.005847474151277292,0.6984289137919739,3.768710358417593,6.83187705581077,0.0,RHMTD,108,case57,0.05
True,50,0.05,True,2,2,False,50,True,3.9041618309274267e-10,0.006351213572548098,0.6965597325021589,4.968150000786409,17.196858357056055,0.0,RHMTD,109,case57,0.05
True,17,0.05,True,7,7,False,17,True,0.1432241821806875,0.019982763615301363,0.6989286196054825,4.409997945185751,7.802548265317469,0.0,RHMTD,110,case57,0.05
True,41,0.05,True,1,1,False,41,True,3.867180879718617e-10,0.0020696297214996763,0.6960092602414891,4.281831151456572,10.480936031672174,0.0,RHMTD,111,case57,0.05
True,15,0.05,False,20,20,False,15,True,0.3102916843216439,0.2154101735219317,0.6985911131510678,4.069870914099738,8.59307924984023,0.0,RHMTD,112,case57,0.05
True,12,-0.05,True,1,1,False,12,True,3.8671819781197475e-10,0.00017729311171765216,0.6923939724179001,3.23748950031586,4.134126758435745,0.0,RHMTD,113,case57,0.05
True,33,-0.05,False,20,20,False,33,True,0.0010305897702549472,0.057952187190424394,0.6959935754114877,3.7628187536029145,8.308951725484805,0.0,RHMTD,114,case57,0.05
True,8,0.05,True,1,1,False,8,True,3.8671819781197475e-10,0.0004876848421639067,0.7004446096108814,4.324627041933127,12.065460125450047,0.0,RHMTD,115,case57,0.05
True,16,-0.05,False,20,20,False,16,True,0.050346132964450105,0.07344488610812,0.6924420852380717,4.213310498744249,9.868567265220918,0.0,RHMTD,116,case57,0.05
True,46,-0.05,False,20,20,False,0,False,0.5083321068442629,0.29805646964919386,0.6980451085632124,4.0920082945376635,5.810183286666885,0.0,RHMTD,117,case57,0.05
True,8,-0.05,True,1,1,False,8,True,3.8671819781197475e-10,0.0006192385518653159,0.7063739751047395,3.322985497652553,6.334546473226511,0.0,RHMTD,118,case57,0.05
True,20,0.05,True,1,1,False,19,False,0.1714416009440448,0.009002855629634756,0.6999944825096623,3.2005604909500107,4.310279103810902,0.0,RHMTD,119,case57,0.05
True,52,-0.05,True,1,1,False,53,False,0.1714416009440448,0.00397344783628225,0.6917388836874303,3.9026937942253426,8.543293739785442,0.0,RHMTD,120,case57,0.05
True,9,-0.05,True,3,3,False,9,True,3.8671819781197475e-10,0.010090378655776307,0.7077023825274638,3.2450061553390697,4.6736586838960665,0.0,RHMTD,121,case57,0.05
True,21,0.05,False,20,20,False,0,False,0.42801228457384755,0.3315887640516025,0.6996360605044811,4.532260441919789,8.788669342175128,0.0,RHMTD,122,case57,0.05
True,43,0.05,True,1,1,False,43,True,0.1714416009440448,0.003168250659373691,0.693256567909404,3.5329207981703803,6.362611055374147,0.0,RHMTD,123,case57,0.05
True,18,-0.05,True,9,9,False,18,True,0.12099253673638333,0.056583644062294894,0.6967219318612528,4.368518607225269,8.164334838511435,0.0,RHMTD,124,case57,0.05
True,38,-0.05,True,12,12,False,38,True,0.1714416009440448,0.014155125138810967,0.7012479279965167,6.241599898203276,17.160993741708815,0.0,RHMTD,125,case57,0.05
True,47,-0.05,False,20,20,False,0,False,0.47210890903889546,0.31370516317832564,0.7071772934903748,4.691045853542164,10.093462464283222,0.0,RHMTD,126,case57,0.05
True,51,-0.05,True,2,2,False,51,True,3.360993455987048e-09,0.010669011411786177,0.6970001612097991,4.801496001891792,13.595538111985668,0.0,RHMTD,127,case57,0.05
True,23,0.05,True,0,0,False,0,False,0.5169889001095497,0.2677085834057366,0.6991911641240269,4.754533397499472,15.578164602629844,0.0,RHMTD,128,case57,0.05
True,40,0.05,True,1,1,False,40,True,3.867788671134924e-10,0.010862587979882878,0.7005195715467513,4.380120657151565,9.836166733293794,0.0,RHMTD,129,case57,0.05
True,20,-0.05,True,2,2,False,20,True,0.1714416009483638,0.002627617363586495,0.700535256376753,4.441626992775127,10.742420845781453,0.0,RHMTD,130,case57,0.05
True,51,-0.05,True,5,5,False,51,True,3.867180605118412e-10,0.011461610808256067,0.70424224929638,4.386335439630784,8.936339608044365,0.0,RHMTD,131,case57,0.05
True,26,0.05,True,1,1,False,26,True,0.17144160094404481,0.004761137619039935,0.6945849753321284,3.986514694406651,4.868597956374303,0.0,RHMTD,132,case57,0.05
True,43,-0.05,True,1,1,False,37,False,0.1714416009440448,0.0030517587927796257,0.7039797047778353,4.099722995306365,6.064637826057165,0.0,RHMTD,133,case57,0.05
True,54,-0.05,True,1,1,False,54,True,3.9244640408149755e-10,0.009380733687123631,0.6998393279171574,3.8208666548598558,10.015408345498146,0.0,RHMTD,134,case57,0.05
True,32,0.05,False,20,20,False,0,False,0.43039057347936194,0.32982393930393344,0.7039797047778353,3.370743856066838,6.288859024061823,0.0,RHMTD,135,case57,0.05
True,47,0.05,False,20,20,False,0,False,0.4769204634841279,0.3091897975285078,0.6986660750869378,4.059701890219003,4.93639401684051,0.0,RHMTD,136,case57,0.05
True,51,0.05,True,2,2,False,51,True,1.8889876911216447e-06,0.010527164786145937,0.7031920712222017,4.961541699594818,13.601983289117932,0.0,RHMTD,137,case57,0.05
True,53,0.05,True,2,2,False,52,False,0.1714416009445294,0.0036190135511187183,0.70424224929638,4.1509666974889114,9.899089607642964,0.0,RHMTD,138,case57,0.05
True,54,0.05,True,2,2,False,54,True,3.867180879721448e-10,0.013070265946744838,0.7002570270282069,3.4948374464875087,5.4292229295242596,0.0,RHMTD,139,case57,0.05
True,20,0.05,True,1,1,False,20,True,0.1714416009440448,0.002305556316460217,0.7001820650923369,4.1714729042723775,9.030840254854413,0.0,RHMTD,140,case57,0.05
True,52,0.05,True,1,1,False,52,True,0.17144160094731922,0.0030890552523842743,0.6972574750075787,3.8930395006900653,6.839280555141162,0.0,RHMTD,141,case57,0.05
True,10,0.05,True,1,1,False,10,True,3.8671819781197475e-10,0.0014014514041661343,0.70424224929638,3.5669854492880404,7.884360698517412,0.0,RHMTD,142,case57,0.05
True,12,-0.05,True,1,1,False,12,True,3.8671819781197475e-10,0.0001772387363655586,0.7037171602592909,4.064145751181059,10.314508635201491,0.0,RHMTD,143,case57,0.05
True,10,0.05,True,1,1,False,10,True,3.8671819781197475e-10,0.0014053777909133996,0.6922526886095728,5.863760458305478,17.04866873333231,0.0,RHMTD,144,case57,0.05
True,11,-0.05,True,1,1,False,11,True,3.8671819781197475e-10,0.000744420890290774,0.6947062360423455,5.90227909560781,15.120754181407406,0.0,RHMTD,145,case57,0.05
True,25,-0.05,True,2,2,False,25,True,0.1714416009440448,0.006494974411314469,0.7015854344509311,5.809191902517341,14.705287766992136,0.0,RHMTD,146,case57,0.05
True,36,0.05,True,1,1,False,36,True,3.8671808797186145e-10,0.001316013326092159,0.6993194696008332,4.134439749759622,8.206633344525477,0.0,RHMTD,147,case57,0.05
True,44,-0.05,True,14,14,False,44,True,3.867180879720222e-10,0.006201724867085892,0.6991911641240269,4.4919499050593,8.875730918953206,0.0,RHMTD,148,case57,0.05
True,24,0.05,True,1,1,False,29,False,0.17144160110513856,0.006615735734878872,0.7005195715467514,3.623341702041216,6.632203873596154,0.0,RHMTD,149,case57,0.05
True,3,0.05,True,1,1,False,3,True,3.8671819781199807e-10,0.007005206150950978,0.7007228389594276,3.6313583521405235,7.106109824962915,0.0,RHMTD,150,case57,0.05
True,42,0.05,True,2,2,False,42,True,3.8671808797186145e-10,0.004184229159580146,0.6962971879836142,6.243735351017676,24.470362480497,0.0,RHMTD,151,case57,0.05
True,23,0.05,False,20,20,False,0,False,0.441308108927121,0.3270712959731746,0.6959342983056193,4.555662503116764,11.675650341203445,0.0,RHMTD,152,case57,0.05
True,45,0.05,True,1,1,False,45,True,3.8671808797186145e-10,0.003047388248575836,0.7026512973551109,3.073816647520289,3.987368740490639,0.0,RHMTD,153,case57,0.05
True,24,-0.05,True,1,1,False,29,False,0.1714416009440448,0.0052818031543789955,0.6961968428241637,4.176939593162388,11.377820812049327,0.0,RHMTD,154,case57,0.05
True,22,-0.05,False,20,20,False,0,False,0.5029572931449352,0.3047655422488305,0.7033587382541098,3.6339834448881447,6.998958313488403,0.0,RHMTD,155,case57,0.05
True,23,0.05,False,20,20,False,0,False,0.40860583230790226,0.3373475483576712,0.7005195715467514,4.810514496057294,11.661816958803684,0.0,RHMTD,156,case57,0.05
True,54,0.05,True,1,1,False,54,True,3.867180879719798e-10,0.001971276766829064,0.6990360095315222,4.298487541382201,9.641541683231484,0.0,RHMTD,157,case57,0.05
True,33,-0.05,False,20,20,False,33,True,0.35434389662902405,0.0959731437573307,0.7031763863922001,6.942616697051562,14.495066987001358,0.0,RHMTD,158,case57,0.05
True,39,-0.05,True,2,2,False,39,True,3.867180879718684e-10,0.007655196428708702,0.7021262083180217,7.503600005293265,29.17960208724255,0.0,RHMTD,159,case57,0.05
True,13,0.05,True,1,1,False,13,True,3.8671819781197475e-10,0.0002917014177592351,0.6948091582955711,3.441387353814207,4.077193149714738,0.0,RHMTD,160,case57,0.05
True,38,0.05,True,3,3,False,38,True,0.17144160094404476,0.01170456149013074,0.6935601804815307,4.12978129752446,7.64483394450509,0.0,RHMTD,161,case57,0.05
True,35,0.05,True,1,1,False,35,True,3.8671808797186145e-10,0.0015603881747475743,0.6927568620958954,5.2152582502458245,15.971831203205518,0.0,RHMTD,162,case57,0.05
True,26,-0.05,True,1,1,False,26,True,0.1714416009440448,0.0058123359948651036,0.6991911641240272,4.52317500312347,9.305818131542765,0.0,RHMTD,163,case57,0.05
True,1,0.05,False,20,20,False,1,True,3.09462816379065e-08,0.03640925083532577,0.7018479789694758,4.188876901753247,8.042914548423148,0.0,RHMTD,164,case57,0.05
True,49,-0.05,True,4,4,False,49,True,3.8671808797222686e-10,0.0033275425243158106,0.6890804831206139,5.007010250119492,13.20777050277685,0.0,RHMTD,165,case57,0.05
True,40,0.05,True,3,3,False,40,True,3.867180879718878e-10,0.011490219517486125,0.7047830231634707,4.335458358400501,8.116068743402145,0.0,RHMTD,166,case57,0.05
True,40,0.05,True,2,2,False,40,True,3.867180879718796e-10,0.010741320487159258,0.7047080612276005,3.3730124967405573,5.632681271526965,0.0,RHMTD,167,case57,0.05
True,28,0.05,True,1,1,False,28,True,3.867181428919181e-10,0.001164535064366578,0.6956971370106553,3.2856709032785147,4.47828777250834,0.0,RHMTD,168,case57,0.05
True,38,0.05,False,20,20,False,38,True,0.17144160095406505,0.021092856143334227,0.7034546157407462,3.857150112162344,7.161452100262977,0.0,RHMTD,169,case57,0.05
True,27,0.05,True,2,2,False,27,True,3.867181428919181e-10,0.0020661114749409813,0.695772098946525,4.608652155729942,9.336181540857071,0.0,RHMTD,170,case57,0.05
True,30,-0.05,True,1,1,False,31,False,0.17076637617858106,0.004962503867496742,0.7034389309107447,4.338470855145715,10.322364629246296,0.0,RHMTD,171,case57,0.05
True,31,-0.05,True,1,1,False,31,True,0.0019186892244166774,0.0051332937883690885,0.6915104613756301,4.910643806215376,9.730979817686602,0.0,RHMTD,172,case57,0.05
True,27,0.05,True,1,1,False,27,True,4.227729178344344e-10,0.006055991812418917,0.6929601295085716,4.227981355506927,9.622621128801262,0.0,RHMTD,173,case57,0.05
True,51,0.05,True,5,5,False,51,True,3.8671808797257397e-10,0.011542510714504793,0.7039797047778353,4.835493600694463,12.541149693424813,0.0,RHMTD,174,case57,0.05
True,28,0.05,True,1,1,False,28,True,3.867181428919181e-10,0.0032678264463100954,0.6999944825096621,4.239968603360467,11.368235136615112,0.0,RHMTD,175,case57,0.05
True,33,-0.05,False,20,20,False,33,True,0.00038979855249593893,0.04712166225430738,0.6958541056489842,4.037091639474966,9.74869164347183,0.0,RHMTD,176,case57,0.05
True,20,-0.05,True,2,2,False,20,True,0.1714416009440448,0.0022184429411734605,0.6991911641240269,6.386910504079424,11.791574416565732,0.0,RHMTD,177,case57,0.05
True,5,0.05,True,1,1,False,5,True,3.8671819781197475e-10,0.003955796013557179,0.6999944825096622,4.836918643559329,9.706478830776188,0.0,RHMTD,178,case57,0.05
True,38,0.05,True,3,3,False,38,True,0.1714416009440448,0.016353341316048195,0.701060345413842,3.2426997553557158,4.8063559108413765,0.0,RHMTD,179,case57,0.05
True,52,-0.05,True,1,1,False,52,True,0.1714416009440448,0.009468663185950653,0.7018479789694758,3.0903874925570562,3.984646161552521,0.0,RHMTD,180,case57,0.05
True,48,0.05,True,1,1,False,48,True,3.8671808797186145e-10,0.005151048707498569,0.7085057009130993,3.4979770571226254,5.589179464732303,0.0,RHMTD,181,case57,0.05
True,32,-0.05,False,20,20,False,0,False,0.4480159760077057,0.322988858878087,0.6975845273527566,3.354381149983965,5.547994366497734,0.0,RHMTD,182,case57,0.05
True,48,0.05,True,1,1,False,48,True,3.8671808797186145e-10,0.004388211044871873,0.6939849243591694,3.863043856108561,5.6779527280014115,0.0,RHMTD,183,case57,0.05
True,48,0.05,True,1,1,False,48,True,3.8671808797186145e-10,0.00546031945617312,0.7004393788901166,3.7725583504652604,10.69440236897208,0.0,RHMTD,184,case57,0.05
True,5,0.05,True,1,1,False,5,True,3.8671819781197475e-10,0.003308264345832257,0.6961916121033989,4.133896002895199,10.34703273617197,0.0,RHMTD,185,case57,0.05
True,41,0.05,True,1,1,False,41,True,3.8671806051183747e-10,0.002158545954968364,0.6970001612097989,4.928087489679456,11.501845854218118,0.0,RHMTD,186,case57,0.05
True,29,-0.05,True,1,1,False,24,False,0.17144160096079547,0.00791643841213792,0.6944716518411564,3.2679645461030304,5.560743756359443,0.0,RHMTD,187,case57,0.05
True,10,-0.05,True,1,1,False,10,True,3.8671819781197475e-10,0.0014011031133156968,0.6969896788327474,3.443989498191513,6.379106594249606,0.0,RHMTD,188,case57,0.05
True,13,0.05,True,1,1,False,13,True,3.8671819781197475e-10,0.0002916246654021036,0.6961166501675289,2.8398584079695866,3.16652262408752,0.0,RHMTD,189,case57,0.05
True,7,-0.05,False,20,20,False,7,True,5.529694655368129e-10,0.024012138041732915,0.6929242921757544,5.078496006899513,19.30916047422216,0.0,RHMTD,190,case57,0.05
True,34,-0.05,True,1,1,False,34,True,3.867180879724606e-10,0.010136053932870632,0.7021262083180217,3.7489521055249497,5.8032747183460796,0.0,RHMTD,191,case57,0.05
True,23,-0.05,False,20,20,False,0,False,0.4837240566663395,0.3070365179479158,0.6944847595773829,2.8311936446698382,3.0295500066131353,0.0,RHMTD,192,case57,0.05
True,22,-0.05,False,20,20,False,0,False,0.4938503412492003,0.3005846492859921,0.6950970860376962,4.212737502530217,8.650645811576398,0.0,RHMTD,193,case57,0.05
True,53,-0.05,True,1,1,False,52,False,0.17144160094545413,0.006371438621243519,0.6986660750869378,3.0069957982050255,3.440764296101406,0.0,RHMTD,194,case57,0.05
True,40,0.05,True,1,1,False,40,True,3.867180605118633e-10,0.009049883128374155,0.7015854344509311,4.494612506823614,9.315543770208027,0.0,RHMTD,195,case57,0.05
True,4,-0.05,False,20,20,False,0,False,0.42843880556839914,0.3294021119384669,0.7042422492963798,3.5398330976022407,5.867555929580706,0.0,RHMTD,196,case57,0.05
True,23,0.05,False,20,20,False,45,False,0.4211960781283123,0.2028887409776585,0.7013228899323867,2.706514549208805,3.0092187371337786,0.0,RHMTD,197,case57,0.05
True,17,0.05,False,20,20,False,17,True,0.15100027456931348,0.04497805214526697,0.6985701976003014,2.8899208060465753,3.217767321621068,0.0,RHMTD,198,case57,0.05
True,28,0.05,True,1,1,False,28,True,3.867181428919181e-10,0.0011610700379876499,0.698912934775481,2.636908198473975,2.912139904219657,0.0,RHMTD,199,case57,0.05
True,26,-0.05,True,1,1,False,26,True,0.22280494452287622,0.005081557325089959,0.4948417944683423,25.814466693555005,32.69771066261456,0.0,Robust-MTD,0,case57,0.05
True,49,-0.05,True,1,1,False,50,False,0.2355009116888038,0.006774345319306951,0.4948417944683423,30.765349749708548,54.98291875992436,0.0,Robust-MTD,1,case57,0.05
True,53,-0.05,True,1,1,False,53,True,0.2718813831257782,0.004437446569171108,0.4948417944683423,20.40283754467964,30.963393449201252,0.0,Robust-MTD,2,case57,0.05
True,37,0.05,True,1,1,False,44,False,0.23111445281359783,0.0029907836566608944,0.4948417944683423,26.318397946306504,33.51899548433721,0.0,Robust-MTD,3,case57,0.05
True,46,0.05,True,17,17,False,0,False,0.5473360185149623,0.3535402829267036,0.4948417944683423,25.325541599886492,35.47336668125354,0.0,Robust-MTD,4,case57,0.05
True,17,0.05,True,1,1,False,18,False,0.2269985028735562,0.006936782369627789,0.4948417944683423,24.978697756887414,30.371905874926597,0.0,Robust-MTD,5,case57,0.05
True,24,0.05,True,1,1,False,24,True,0.25341369553503534,0.010507757460692702,0.4948417944683423,29.768518748460338,39.89190384745599,0.0,Robust-MTD,6,case57,0.05
True,3,0.05,True,4,4,False,3,True,1.6275248799039956e-05,0.008621509799503768,0.4948417944683423,21.761322850943543,30.992999667068947,0.0,Robust-MTD,7,case57,0.05
True,8,-0.05,True,1,1,False,8,True,3.8671819781197475e-10,0.004882064964206214,0.4948417944683423,25.73534175462555,33.20458779344335,0.0,Robust-MTD,8,case57,0.05
True,22,0.05,False,20,20,False,0,False,0.6060313263572505,0.30665429382634624,0.4948417944683423,27.749051892897114,38.26462849683595,0.0,Robust-MTD,9,case57,0.05
True,29,-0.05,True,3,3,False,29,True,0.2580679898247447,0.010695323584309623,0.4948417944683423,25.715721005690284,34.78965241229162,0.0,Robust-MTD,10,case57,0.05
True,28,-0.05,True,1,1,False,28,True,3.8671814289192017e-10,0.0033735226776998493,0.4948417944683423,28.596681149792857,39.717213134281344,0.0,Robust-MTD,11,case57,0.05
True,8,0.05,True,1,1,False,8,True,3.8671819781197475e-10,0.004882064964206214,0.4948417944683423,19.668987643672153,28.684827117831446,0.0,Robust-MTD,12,case57,0.05
True,28,-0.05,True,1,1,False,28,True,3.932394110604458e-10,0.003373522677701229,0.4948417944683423,25.884981243871152,34.81380179000554,0.0,Robust-MTD,13,case57,0.05
True,22,0.05,False,20,20,False,0,False,0.5743269876994258,0.33320754160385146,0.4948417944683423,25.93780205352232,34.600243347813375,0.0,Robust-MTD,14,case57,0.05
True,26,0.05,True,1,1,False,26,True,0.21985912164282656,0.005099967195248659,0.4948417944683423,26.243881310801953,32.5979353976436,0.0,Robust-MTD,15,case57,0.05
True,40,-0.05,False,20,20,False,40,True,7.067610350618601e-06,0.047364903236901755,0.4948417944683423,28.340489653055556,40.85336039424874,0.0,Robust-MTD,16,case57,0.05
True,1,-0.05,False,20,20,False,0,False,0.5912616698634625,0.2760891711941433,0.4948417944683423,21.524645801400766,30.821746130823158,0.0,Robust-MTD,17,case57,0.05
True,37,-0.05,True,1,1,False,44,False,0.13380495363790756,0.0035106034640886544,0.4948417944683423,26.44454984983895,33.42290830914864,0.0,Robust-MTD,18,case57,0.05
True,42,-0.05,True,4,4,False,42,True,3.8671808797186145e-10,0.012298808387578544,0.4948417944683423,27.15277289680671,39.883770525921136,0.0,Robust-MTD,19,case57,0.05
True,32,0.05,False,20,20,False,0,False,0.5095869641974899,0.37093756206674033,0.4948417944683423,24.374210456153378,29.048741332371723,0.0,Robust-MTD,20,case57,0.05
True,20,0.05,True,1,1,False,17,False,0.34143664397453977,0.005185553734440692,0.4948417944683423,29.156822900404222,38.70732499344741,0.0,Robust-MTD,21,case57,0.05
True,46,0.05,False,20,20,False,0,False,0.5018413147010764,0.37903893171516945,0.4948417944683423,19.822470893268473,27.97447531193029,0.0,Robust-MTD,22,case57,0.05
True,42,0.05,True,18,18,False,42,True,3.8671806051191564e-10,0.012298808387578544,0.4948417944683423,25.263906197506003,37.37939405546059,0.0,Robust-MTD,23,case57,0.05
True,56,-0.05,True,3,3,False,56,True,0.17144160094404476,0.015075329385466211,0.4948417944683423,26.11533545423299,32.571165222907474,0.0,Robust-MTD,24,case57,0.05
True,53,0.05,True,1,1,False,51,False,0.25724963052075156,0.0054447578375080435,0.4948417944683423,32.4434602400288,61.12306837167126,0.0,Robust-MTD,25,case57,0.05
True,48,0.05,True,1,1,False,49,False,0.24564787473201724,0.00626281723074788,0.4948417944683423,43.147991798468865,72.75078401726212,0.0,Robust-MTD,26,case57,0.05
True,24,-0.05,True,1,1,False,24,True,0.23318355555483652,0.009790694778430198,0.4948417944683423,26.76220605499111,33.51345212140586,0.0,Robust-MTD,27,case57,0.05
True,20,0.05,True,1,1,False,17,False,0.288316744297608,0.006365566329160396,0.4948417944683423,32.331710602738895,56.56542499782519,0.0,Robust-MTD,28,case57,0.05
True,34,-0.05,True,18,18,False,34,True,0.40015008967993804,0.03442478481985703,0.4948417944683423,29.20775199891068,44.5231919438811,0.0,Robust-MTD,29,case57,0.05
True,11,-0.05,True,1,1,False,11,True,3.8671819781197475e-10,0.004888621605915981,0.4948417944683423,30.3261333523551,48.38089997647332,0.0,Robust-MTD,30,case57,0.05
True,38,0.05,False,20,20,False,56,False,0.1714416009440448,0.015075329385466211,0.4948417944683423,35.23501254967414,54.0975767216878,0.0,Robust-MTD,31,case57,0.05
True,32,0.05,False,20,20,False,0,False,0.5199054051950407,0.3690280128771431,0.4948417944683423,30.37832700065337,37.63918718614151,0.0,Robust-MTD,32,case57,0.05
True,15,-0.05,False,20,20,False,0,False,0.5146852061716639,0.3606699608771929,0.4948417944683423,33.716543749324046,54.843706227256924,0.0,Robust-MTD,33,case57,0.05
True,36,0.05,True,1,1,False,36,True,3.8671808797197043e-10,0.000916443787643461,0.4948417944683423,30.244095841771923,52.65977913222742,0.0,Robust-MTD,34,case57,0.05
True,26,0.05,True,1,1,False,26,True,0.20454691357332955,0.005182167322571659,0.4948417944683423,29.03608339256607,43.84453961101826,0.0,Robust-MTD,35,case57,0.05
True,28,0.05,True,1,1,False,28,True,3.867181428919187e-10,0.0033735226776998493,0.4948417944683423,36.2208374455804,67.85216807329563,0.0,Robust-MTD,36,case57,0.05
True,3,0.05,True,2,2,False,3,True,0.0002872275332202667,0.008621199930433211,0.4948417944683423,33.93334384600166,67.99933745060117,0.0,Robust-MTD,37,case57,0.05
True,6,0.05,True,2,2,False,6,True,3.8671817035194917e-10,0.011385499125917622,0.4948417944683423,33.95738959952723,73.62003541784362,0.0,Robust-MTD,38,case57,0.05
True,51,-0.05,True,1,1,False,54,False,0.2055912560257493,0.01317865861666196,0.4948417944683423,32.651564505067654,50.666733694379225,0.0,Robust-MTD,39,case57,0.05
True,17,0.05,True,1,1,False,18,False,0.2558466293834458,0.006721685445454748,0.4948417944683423,31.766037494526245,42.37858362903354,0.0,Robust-MTD,40,case57,0.05
True,49,-0.05,True,1,1,False,50,False,0.17707972748406475,0.0075411856643294965,0.4948417944683423,28.08874999755062,37.01693187758792,0.0,Robust-MTD,41,case57,0.05
True,19,-0.05,True,1,1,False,17,False,0.31348770482859395,0.006032596671259287,0.4948417944683423,28.0816022423096,40.261123538948596,0.0,Robust-MTD,42,case57,0.05
True,31,0.05,False,20,20,False,30,False,0.37589892390240054,0.05258983605801242,0.4948417944683423,29.801479156594723,40.01372854108923,0.0,Robust-MTD,43,case57,0.05
True,55,0.05,True,1,1,False,55,True,3.86718087971862e-10,0.0038404153115128067,0.4948417944683423,38.28147095919121,62.14552711753641,0.0,Robust-MTD,44,case57,0.05
True,2,0.05,True,1,1,False,2,True,2.3207757619731488e-08,0.005813918917068359,0.4948417944683423,32.41291465237737,66.58436184807216,0.0,Robust-MTD,45,case57,0.05
True,34,-0.05,True,11,11,False,34,True,0.39707113814321293,0.0362184692761883,0.4948417944683423,35.144943799241446,57.45250266627409,0.0,Robust-MTD,46,case57,0.05
True,14,-0.05,True,1,1,False,14,True,3.8671819781197615e-10,0.0034844732392646867,0.4948417944683423,30.02566890208982,44.60343785176519,0.0,Robust-MTD,47,case57,0.05
True,1,0.05,False,20,20,False,1,True,0.06809483312718081,0.17163224967063662,0.4948417944683423,28.516441604006104,43.87612292775885,0.0,Robust-MTD,48,case57,0.05
True,34,-0.05,False,20,20,False,34,True,0.4002980453041735,0.034815217760734075,0.4948417944683423,31.501779152313247,60.892999998759485,0.0,Robust-MTD,49,case57,0.05
True,40,-0.05,False,20,20,False,40,True,1.730518425462039e-05,0.04736511754269571,0.4948417944683423,35.150933341355994,85.11532083211932,0.0,Robust-MTD,50,case57,0.05
True,27,-0.05,True,1,1,False,26,False,0.22321137022591983,0.0050789429175575095,0.4948417944683423,32.510833296692,49.12332714011428,0.0,Robust-MTD,51,case57,0.05
True,44,-0.05,True,1,1,False,44,True,0.06516771261394287,0.0037307794366309393,0.4948417944683423,34.45169363694731,63.56507886375768,0.0,Robust-MTD,52,case57,0.05
True,1,0.05,False,20,20,False,0,False,0.5074566859832386,0.36269978181703305,0.4948417944683423,36.00098114984576,67.21901282435284,0.0,Robust-MTD,53,case57,0.05
True,20,-0.05,True,1,1,False,17,False,0.31952703597074383,0.005916456446293342,0.4948417944683423,30.357874848414212,55.56496006902308,0.0,Robust-MTD,54,case57,0.05
True,41,-0.05,False,20,20,False,41,True,3.867180879718621e-10,0.016569358082100326,0.4948417944683423,33.76908134378027,46.50789166626055,0.0,Robust-MTD,55,case57,0.05
True,25,0.05,True,2,2,False,25,True,0.235885694724853,0.004986934408054621,0.4948417944683423,38.53234370180871,74.05870413640518,0.0,Robust-MTD,56,case57,0.05
True,33,0.05,True,7,7,False,33,True,0.3886103241602698,0.029001807001621287,0.4948417944683423,31.932420801604167,53.06916251429357,0.0,Robust-MTD,57,case57,0.05
True,42,-0.05,True,1,1,False,42,True,3.8671806051184864e-10,0.012298808387578544,0.4948417944683423,36.05819599179085,71.46853401209229,0.0,Robust-MTD,58,case57,0.05
True,21,0.05,False,20,20,False,0,False,0.5415855496655889,0.35301530623485056,0.4948417944683423,35.824435399263166,69.45390240289272,0.0,Robust-MTD,59,case57,0.05
True,36,-0.05,True,1,1,False,36,True,6.111936667051192e-10,0.0009164437876417084,0.4948417944683423,30.895025108475238,52.31336911092513,0.0,Robust-MTD,60,case57,0.05
True,46,0.05,False,20,20,False,0,False,0.5249036525292328,0.3678277539406506,0.4948417944683423,30.93158124247566,41.78905653825496,0.0,Robust-MTD,61,case57,0.05
True,56,0.05,False,20,20,False,38,False,0.17144160094404476,0.015075329385466215,0.4948417944683423,34.79266024369281,60.562944036792054,0.0,Robust-MTD,62,case57,0.05
True,8,-0.05,True,1,1,False,8,True,3.8671819781197475e-10,0.004882064964206214,0.4948417944683423,31.439158297143873,44.350505675538464,0.0,Robust-MTD,63,case57,0.05
True,2,0.05,True,1,1,False,2,True,2.730183935458649e-08,0.0058139189194996175,0.4948417944683423,26.159714598907158,36.13496666948777,0.0,Robust-MTD,64,case57,0.05
True,43,0.05,True,1,1,False,44,False,0.1472604628175453,0.003457033898205566,0.4948417944683423,30.751043758937158,47.33054819516838,0.0,Robust-MTD,65,case57,0.05
True,11,0.05,True,1,1,False,11,True,3.8671819781197475e-10,0.004888621605915981,0.4948417944683423,32.13926249882206,50.030241938657134,0.0,Robust-MTD,66,case57,0.05
True,7,0.05,False,20,20,False,7,True,0.4745824647442827,0.24154754367145226,0.4948417944683423,39.67373535851948,67.25775654485915,0.0,Robust-MTD,67,case57,0.05
True,7,-0.05,False,20,20,False,7,True,0.4692843565196285,0.21101646131005297,0.4948417944683423,36.30007925094105,65.2480639429996,0.0,Robust-MTD,68,case57,0.05
True,51,-0.05,True,3,3,False,51,True,0.28191283357433605,0.010022489297741603,0.4948417944683423,35.31224790494889,52.694672596408104,0.0,Robust-MTD,69,case57,0.05
True,12,-0.05,True,1,1,False,12,True,3.8671819781197475e-10,0.00045950791273184757,0.4948417944683423,32.72488134680316,51.74473543302156,0.0,Robust-MTD,70,case57,0.05
True,17,-0.05,True,1,1,False,18,False,0.2575776511223051,0.0067095255978580435,0.4948417944683423,30.494089558487758,49.652560433605714,0.0,Robust-MTD,71,case57,0.05
True,35,0.05,True,1,1,False,35,True,3.8671811543193114e-10,0.0008683598852914961,0.4948417944683423,35.091360346996225,55.37400034081659,0.0,Robust-MTD,72,case57,0.05
True,37,0.05,True,1,1,False,44,False,0.07727980774926448,0.0036977162304402634,0.4948417944683423,29.29119800683111,37.57455479935746,0.0,Robust-MTD,73,case57,0.05
True,11,0.05,True,1,1,False,11,True,3.8671819781197475e-10,0.004888621605915981,0.4948417944683423,41.66018555115443,75.93523987743542,0.0,Robust-MTD,74,case57,0.05
True,43,-0.05,True,1,1,False,44,False,0.1492725178950721,0.0034486742742500893,0.4948417944683423,36.408733297139406,54.79617740784307,0.0,Robust-MTD,75,case57,0.05
True,39,0.05,True,1,1,False,39,True,3.86718087971862e-10,0.0036474741932404305,0.4948417944683423,35.60693335311953,50.202329448075105,0.0,Robust-MTD,76,case57,0.05
True,41,-0.05,False,20,20,False,41,True,3.8671808797208965e-10,0.016569358082100326,0.4948417944683423,33.055606196285225,59.61109758645762,0.0,Robust-MTD,77,case57,0.05
True,11,-0.05,True,1,1,False,11,True,3.8671819781197475e-10,0.004888621605915981,0.4948417944683423,29.04833964712452,44.584168749861426,0.0,Robust-MTD,78,case57,0.05
True,24,0.05,True,2,2,False,24,True,0.2124656143886122,0.009191667281090717,0.4948417944683423,34.59056873980444,66.63857294479388,0.0,Robust-MTD,79,case57,0.05
True,26,-0.05,True,2,2,False,25,False,0.2038393767999141,0.005185474503956443,0.4948417944683423,31.70315620081965,42.15656429878437,0.0,Robust-MTD,80,case57,0.05
True,37,0.05,True,1,1,False,44,False,0.15305119272576906,0.003432715238896731,0.4948417944683423,36.55535419820808,59.74451909423806,0.0,Robust-MTD,81,case57,0.05
True,26,-0.05,True,1,1,False,26,True,0.21380663399124608,0.005135012856846711,0.4948417944683423,34.88771870615892,69.6866690326715,0.0,Robust-MTD,82,case57,0.05
True,20,-0.05,True,1,1,False,17,False,0.2955056450927986,0.006276720696978454,0.4948417944683423,33.388079251744784,59.984443467692486,0.0,Robust-MTD,83,case57,0.05
True,54,0.05,False,20,20,False,54,True,0.1643570946136624,0.015184600021265874,0.4948417944683423,31.264775097952224,43.88865866931155,0.0,Robust-MTD,84,case57,0.05
True,31,0.05,False,20,20,False,31,True,0.38187808465923434,0.04782956728077806,0.4948417944683423,31.420083349803466,41.965878877090304,0.0,Robust-MTD,85,case57,0.05
True,28,0.05,True,1,1,False,28,True,3.867181428919181e-10,0.0033735226776998493,0.4948417944683423,32.35124385391828,54.50916310364848,0.0,Robust-MTD,86,case57,0.05
True,26,-0.05,True,1,1,False,25,False,0.23877399004243993,0.00496261044984377,0.4948417944683423,35.513366700615734,61.26466635032561,0.0,Robust-MTD,87,case57,0.05
True,17,-0.05,True,1,1,False,17,True,0.33619489629508537,0.005538907468810025,0.4948417944683423,29.268112598219886,49.24886907392648,0.0,Robust-MTD,88,case57,0.05
True,55,-0.05,True,1,1,False,55,True,3.8671808797186585e-10,0.0038404153115128067,0.4948417944683423,34.90706250013318,47.9756517830538,0.0,Robust-MTD,89,case57,0.05
True,11,0.05,True,1,1,False,11,True,3.8671819781197475e-10,0.004888621605915981,0.4948417944683423,31.57631665526424,47.055035101948334,0.0,Robust-MTD,90,case57,0.05
True,48,-0.05,True,1,1,False,48,True,0.16794785460642067,0.0036116104097451964,0.4948417944683423,34.706308343447745,46.6618711623596,0.0,Robust-MTD,91,case57,0.05
True,50,-0.05,True,5,5,False,50,True,0.14063314100514093,0.008006090309076716,0.4948417944683423,28.4271188051207,38.69517742714379,0.0,Robust-MTD,92,case57,0.05
True,53,-0.05,True,1,1,False,51,False,0.21932791290177306,0.006334797195604603,0.4948417944683423,30.593523001880385,44.759419429465204,0.0,Robust-MTD,93,case57,0.05
True,43,0.05,True,1,1,False,44,False,0.24843733851349165,0.0028347646993345083,0.4948417944683423,29.70360614126548,39.268766305758625,0.0,Robust-MTD,94,case57,0.05
True,40,-0.05,False,20,20,False,40,True,0.003128007216010689,0.04731210612476937,0.4948417944683423,34.93046885414515,44.424591946881264,0.0,Robust-MTD,95,case57,0.05
True,10,-0.05,True,1,1,False,10,True,3.8671819781197475e-10,0.006716505493575347,0.4948417944683423,40.02412299159914,78.54707113001496,0.0,Robust-MTD,96,case57,0.05
True,14,0.05,True,1,1,False,14,True,3.8671819781198153e-10,0.0034844732392646867,0.4948417944683423,32.03367905225605,44.98630205343943,0.0,Robust-MTD,97,case57,0.05
True,53,-0.05,True,1,1,False,52,False,0.27031166982788946,0.004148712599953825,0.4948417944683423,31.83679790527094,56.29346843052191,0.0,Robust-MTD,98,case57,0.05
True,49,-0.05,True,1,1,False,50,False,0.21811061541194549,0.006930857221980137,0.4948417944683423,30.033179200836457,42.48576668614989,0.0,Robust-MTD,99,case57,0.05
True,56,0.05,True,6,6,False,38,False,0.17144160100546516,0.015075329385355885,0.4948417944683423,32.18044779787306,60.66461182781496,0.0,Robust-MTD,100,case57,0.05
True,17,-0.05,True,1,1,False,18,False,0.32093202921343045,0.005927117247819745,0.4948417944683423,33.49171054724138,59.59613188169899,0.0,Robust-MTD,101,case57,0.05
True,12,0.05,True,1,1,False,12,True,3.8671819781197475e-10,0.00045950791273184757,0.4948417944683423,32.715541604557075,45.957008039113155,0.0,Robust-MTD,102,case57,0.05
True,48,-0.05,True,1,1,False,48,True,0.14296449984339143,0.003450818505306831,0.4948417944683423,31.718664703657847,43.28087947797034,0.0,Robust-MTD,103,case57,0.05
True,31,0.05,False,20,20,False,31,True,0.39797899262497155,0.04341360956389041,0.4948417944683423,29.439297897624783,48.00714826560579,0.0,Robust-MTD,104,case57,0.05
True,31,0.05,False,20,20,False,0,False,0.6064099141122742,0.22436993970076727,0.4948417944683423,29.140533413738012,46.8100830068579,0.0,Robust-MTD,105,case57,0.05
True,41,-0.05,False,20,20,False,41,True,3.867180879721033e-10,0.016569358082100326,0.4948417944683423,33.54501270223409,48.862489644670895,0.0,Robust-MTD,106,case57,0.05
True,16,-0.05,False,20,20,False,0,False,0.5009789223187047,0.3737941037718744,0.4948417944683423,33.2357249018969,57.664326796657406,0.0,Robust-MTD,107,case57,0.05
True,20,0.05,True,1,1,False,17,False,0.2803101555066687,0.0064464740935462304,0.4948417944683423,37.72376850247383,89.67975558480249,0.0,Robust-MTD,108,case57,0.05
True,50,0.05,True,3,3,False,50,True,0.22983784539858992,0.007056915095219609,0.4948417944683423,35.96724794479087,53.19352708756926,0.0,Robust-MTD,109,case57,0.05
True,17,0.05,True,1,1,False,18,False,0.26706821379058737,0.006622629838968971,0.4948417944683423,34.53448964864947,64.18692857259884,0.0,Robust-MTD,110,case57,0.05
True,41,0.05,True,1,1,False,41,True,3.867180879719579e-10,0.016569358082100326,0.4948417944683423,39.34713964408729,80.33701943641064,0.0,Robust-MTD,111,case57,0.05
True,15,0.05,False,20,20,False,0,False,0.5128989303354593,0.3691426957238738,0.4948417944683423,30.119727199780755,42.4701378622558,0.0,Robust-MTD,112,case57,0.05
True,12,-0.05,True,1,1,False,12,True,3.8671819781197475e-10,0.00045950791273184757,0.4948417944683423,30.560177192091942,45.30475447536446,0.0,Robust-MTD,113,case57,0.05
True,33,-0.05,False,20,20,False,34,False,0.377794431311158,0.03795817463862498,0.4948417944683423,34.458379150601104,45.209076729952365,0.0,Robust-MTD,114,case57,0.05
True,8,0.05,True,1,1,False,8,True,3.8671819781197475e-10,0.004882064964206214,0.4948417944683423,33.06571874709334,50.58011458022521,0.0,Robust-MTD,115,case57,0.05
True,16,-0.05,False,20,20,False,0,False,0.510121729208209,0.36974487132443196,0.4948417944683423,28.42565008904785,38.118971441872425,0.0,Robust-MTD,116,case57,0.05
True,46,-0.05,False,20,20,False,0,False,0.5275759450198558,0.3590088283938404,0.4948417944683423,29.499470748123713,51.681639574235305,0.0,Robust-MTD,117,case57,0.05
True,8,-0.05,True,1,1,False,8,True,3.8671819781197475e-10,0.004882064964206214,0.4948417944683423,37.358916745870374,75.0610735238297,0.0,Robust-MTD,118,case57,0.05
True,20,0.05,True,1,1,False,17,False,0.32142901777219635,0.005879759104074219,0.4948417944683423,34.50002294848673,73.63205832662061,0.0,Robust-MTD,119,case57,0.05
True,52,-0.05,True,1,1,False,51,False,0.2091306557177417,0.006524155227919187,0.4948417944683423,28.761068789754063,47.96157741220669,0.0,Robust-MTD,120,case57,0.05
True,9,-0.05,False,20,20,False,9,True,3.8671803305530776e-10,0.03584233921906408,0.4948417944683423,33.49764590675477,44.098177077830805,0.0,Robust-MTD,121,case57,0.05
True,21,0.05,False,20,20,False,0,False,0.4974484258025769,0.3826334237539097,0.4948417944683423,31.259566557127986,42.84039726480844,0.0,Robust-MTD,122,case57,0.05
True,43,0.05,True,1,1,False,44,False,0.14818593753182607,0.0034532005150666456,0.4948417944683423,27.03828125668224,34.51782499905676,0.0,Robust-MTD,123,case57,0.05
True,18,-0.05,True,3,3,False,18,True,0.2566773974318141,0.0067134296681104775,0.4948417944683423,30.120868803351186,44.59994854405522,0.0,Robust-MTD,124,case57,0.05
True,38,-0.05,True,18,18,False,38,True,0.1714416009440448,0.015075329385466213,0.4948417944683423,33.58801659778692,44.6961972367717,0.0,Robust-MTD,125,case57,0.05
True,47,-0.05,False,20,20,False,0,False,0.5672210629446132,0.3441086375161164,0.4948417944683423,35.34756050212309,67.45646943745669,0.0,Robust-MTD,126,case57,0.05
True,51,-0.05,True,2,2,False,51,True,0.22570301635675577,0.01179752880286879,0.4948417944683423,31.700116605497897,51.88258717826104,0.0,Robust-MTD,127,case57,0.05
True,23,0.05,True,0,0,False,0,False,0.5567653153747442,0.35169457761565986,0.4948417944683423,30.93405414838344,44.82402670255397,0.0,Robust-MTD,128,case57,0.05
True,40,0.05,True,15,15,False,40,True,1.4926175374514651e-05,0.047364822618294715,0.4948417944683423,33.71537695056759,52.47774167801254,0.0,Robust-MTD,129,case57,0.05
True,20,-0.05,True,1,1,False,17,False,0.3404674182051645,0.0048916349649378455,0.4948417944683423,29.328156405244954,42.415635476936586,0.0,Robust-MTD,130,case57,0.05
True,51,-0.05,True,3,3,False,54,False,0.18778541775429172,0.013720674543148011,0.4948417944683423,34.37054384849034,59.03533750679345,0.0,Robust-MTD,131,case57,0.05
True,26,0.05,True,1,1,False,25,False,0.22357412500100685,0.005076593726754707,0.4948417944683423,32.18109164445195,50.97331277793275,0.0,Robust-MTD,132,case57,0.05
True,43,-0.05,True,1,1,False,44,False,0.10503255974642564,0.003612913502406295,0.4948417944683423,35.077879251912236,53.05640835431407,0.0,Robust-MTD,133,case57,0.05
True,54,-0.05,False,20,20,False,54,True,0.14126254150932271,0.01583986361272151,0.4948417944683423,32.450043701101094,53.62554345047102,0.0,Robust-MTD,134,case57,0.05
True,32,0.05,False,20,20,False,0,False,0.5107783115535642,0.37037955866403915,0.4948417944683423,34.42165429878514,56.39055865758567,0.0,Robust-MTD,135,case57,0.05
True,47,0.05,False,20,20,False,0,False,0.5765526991053839,0.31858908109544587,0.4948417944683423,32.03690624795854,46.319496171781815,0.0,Robust-MTD,136,case57,0.05
True,51,0.05,True,1,1,False,54,False,0.18342930374084962,0.014082833766227057,0.4948417944683423,30.805777045316063,45.35911873099395,0.0,Robust-MTD,137,case57,0.05
True,53,0.05,True,1,1,False,51,False,0.1342704714603376,0.007467275114292995,0.4948417944683423,30.636168702039868,50.764472564333126,0.0,Robust-MTD,138,case57,0.05
True,54,0.05,True,16,16,False,54,True,0.14729610496740891,0.01569685175912816,0.4948417944683423,29.20030204404611,39.42251725820825,0.0,Robust-MTD,139,case57,0.05
True,20,0.05,True,1,1,False,17,False,0.3170105871143003,0.005964046468582564,0.4948417944683423,30.126000035670586,42.996360390679925,0.0,Robust-MTD,140,case57,0.05
True,52,0.05,True,1,1,False,51,False,0.17188122450104285,0.007039810532543401,0.4948417944683423,27.7185375103727,38.83110235037748,0.0,Robust-MTD,141,case57,0.05
True,10,0.05,True,1,1,False,10,True,3.8671819781197475e-10,0.006716505493575347,0.4948417944683423,30.055189461563714,39.76475685194601,0.0,Robust-MTD,142,case57,0.05
True,12,-0.05,True,1,1,False,12,True,3.8671819781197475e-10,0.00045950791273184757,0.4948417944683423,33.24355845397804,49.95327326469127,0.0,Robust-MTD,143,case57,0.05
True,10,0.05,True,1,1,False,10,True,3.8671819781197475e-10,0.006716505493575347,0.4948417944683423,29.304460348794237,41.15404172916897,0.0,Robust-MTD,144,case57,0.05
True,11,-0.05,True,1,1,False,11,True,3.8671819781197475e-10,0.004888621605915981,0.4948417944683423,32.0297998492606,49.566610742476776,0.0,Robust-MTD,145,case57,0.05
True,25,-0.05,True,1,1,False,25,True,0.25846607276837985,0.004739600831682352,0.4948417944683423,33.567154192132875,72.35536251682791,0.0,Robust-MTD,146,case57,0.05
True,36,0.05,True,1,1,False,36,True,3.887887837843044e-10,0.0009164437876434464,0.4948417944683423,35.239256350905634,72.68160207604525,0.0,Robust-MTD,147,case57,0.05
True,44,-0.05,True,1,1,False,44,True,0.04254117663523219,0.0037861975217781266,0.4948417944683423,31.099556206027046,53.479477396467715,0.0,Robust-MTD,148,case57,0.05
True,24,0.05,True,1,1,False,24,True,0.2629338698304126,0.010890517109778383,0.4948417944683423,35.03426440584008,76.44540839246474,0.0,Robust-MTD,149,case57,0.05
True,3,0.05,True,1,1,False,3,True,9.36558345068969e-05,0.008621429737574264,0.4948417944683423,35.129441556637175,46.03794970025775,0.0,Robust-MTD,150,case57,0.05
True,42,0.05,False,20,20,False,42,True,3.8671808797186337e-10,0.012298808387578544,0.4948417944683423,32.400233403313905,45.17864029039629,0.0,Robust-MTD,151,case57,0.05
True,23,0.05,False,20,20,False,0,False,0.6021105064586307,0.3244553525331057,0.4948417944683423,33.789345747209154,56.71548780810555,0.0,Robust-MTD,152,case57,0.05
True,45,0.05,True,1,1,False,45,True,3.8671808797186145e-10,0.008872938518095718,0.4948417944683423,33.8822415942559,53.20452947344165,0.0,Robust-MTD,153,case57,0.05
True,24,-0.05,True,1,1,False,29,False,0.2616711352621947,0.010834474587310577,0.4948417944683423,34.746749853366055,55.918418188230156,0.0,Robust-MTD,154,case57,0.05
True,22,-0.05,False,20,20,False,0,False,0.6204303676219369,0.3018020971187554,0.4948417944683423,33.339437551330775,69.7725631267531,0.0,Robust-MTD,155,case57,0.05
True,23,0.05,False,20,20,False,0,False,0.5010959811566895,0.37769112430399354,0.4948417944683423,35.11805200250819,57.84216215542984,0.0,Robust-MTD,156,case57,0.05
True,54,0.05,True,3,3,False,54,True,0.24893675187123632,0.012838207247058638,0.4948417944683423,28.183787505258806,38.303829182405025,0.0,Robust-MTD,157,case57,0.05
True,33,-0.05,False,20,20,False,33,True,0.4164159283323115,0.027498518961522094,0.4948417944683423,34.51310204982292,57.594341947697124,0.0,Robust-MTD,158,case57,0.05
True,39,-0.05,True,1,1,False,39,True,3.867180879718639e-10,0.0036474741932404305,0.4948417944683423,29.92678135051392,45.15418547089213,0.0,Robust-MTD,159,case57,0.05
True,13,0.05,True,1,1,False,13,True,3.8671819781197475e-10,0.0005704733218803301,0.4948417944683423,33.33209175907541,43.893904174910894,0.0,Robust-MTD,160,case57,0.05
True,38,0.05,False,20,20,False,56,False,0.1714416009440448,0.015075329385466211,0.4948417944683423,33.01633135706652,56.10277706873607,0.0,Robust-MTD,161,case57,0.05
True,35,0.05,True,1,1,False,35,True,3.905841904867035e-10,0.0008683598852915239,0.4948417944683423,30.669256244436838,48.597074626013644,0.0,Robust-MTD,162,case57,0.05
True,26,-0.05,True,1,1,False,26,True,0.20847955298045853,0.005163037803313608,0.4948417944683423,31.166885342099704,51.49197501887102,0.0,Robust-MTD,163,case57,0.05
True,1,0.05,False,20,20,False,1,True,0.33291904420883844,0.2307583301776292,0.4948417944683423,34.7935812023934,54.305843438487514,0.0,Robust-MTD,164,case57,0.05
True,49,-0.05,True,2,2,False,49,True,0.25650170509525255,0.006338332195869821,0.4948417944683423,29.597329246462323,37.565608651493676,0.0,Robust-MTD,165,case57,0.05
True,40,0.05,False,20,20,False,40,True,0.0002115969841634142,0.04736354039541572,0.4948417944683423,29.28919575351756,41.969624691410004,0.0,Robust-MTD,166,case57,0.05
True,40,0.05,False,20,20,False,40,True,0.0014972668318187347,0.047367137299983826,0.4948417944683423,30.21109160326887,63.13050868338905,0.0,Robust-MTD,167,case57,0.05
True,28,0.05,True,1,1,False,28,True,3.8671814289191996e-10,0.0033735226776998493,0.4948417944683423,35.950245897402056,56.48002740636004,0.0,Robust-MTD,168,case57,0.05
True,38,0.05,False,20,20,False,38,True,0.17144160094404476,0.015075329385466213,0.4948417944683423,31.24806864943821,49.230355606414385,0.0,Robust-MTD,169,case57,0.05
True,27,0.05,True,1,1,False,25,False,0.23743318388119292,0.004974083845568344,0.4948417944683423,31.22356880630832,44.55815835099203,0.0,Robust-MTD,170,case57,0.05
True,30,-0.05,False,20,20,False,0,False,0.5698373379282862,0.34287905867016705,0.4948417944683423,30.54015625093598,45.40775828063488,0.0,Robust-MTD,171,case57,0.05
True,31,-0.05,False,20,20,False,30,False,0.4130113489216211,0.06004439739302366,0.4948417944683423,33.55315635271836,62.816881269100136,0.0,Robust-MTD,172,case57,0.05
True,27,0.05,True,1,1,False,25,False,0.212453375082608,0.005142371572815548,0.4948417944683423,34.73290005349554,67.33039021783043,0.0,Robust-MTD,173,case57,0.05
True,51,0.05,True,3,3,False,51,True,0.21813791416899747,0.012618755356962101,0.4948417944683423,32.924243612797,49.39594790048432,0.0,Robust-MTD,174,case57,0.05
True,28,0.05,True,1,1,False,28,True,3.8671814289192053e-10,0.0033735226776998493,0.4948417944683423,33.12520399631467,44.08031667117033,0.0,Robust-MTD,175,case57,0.05
True,33,-0.05,True,12,12,False,34,False,0.3764743243655261,0.033984869684660454,0.4948417944683423,28.665070809074678,43.45700269041117,0.0,Robust-MTD,176,case57,0.05
True,20,-0.05,True,1,1,False,17,False,0.3031470263561406,0.0061889153352484485,0.4948417944683423,32.85941659414675,51.628120875102475,0.0,Robust-MTD,177,case57,0.05
True,5,0.05,True,4,4,False,5,True,3.8671819781198773e-10,0.008826035223823752,0.4948417944683423,28.977925001527183,43.94599856168497,0.0,Robust-MTD,178,case57,0.05
True,38,0.05,True,9,9,False,56,False,0.17144160094404476,0.015075329385466215,0.4948417944683423,28.500137344235554,46.098893415182836,0.0,Robust-MTD,179,case57,0.05
True,52,-0.05,True,1,1,False,51,False,0.2126640076709447,0.006455353549381632,0.4948417944683423,34.99885630735662,53.5303312528413,0.0,Robust-MTD,180,case57,0.05
True,48,0.05,True,1,1,False,48,True,0.06883061920371339,0.0029598556567004054,0.4948417944683423,42.45821039949078,72.89865037309939,0.0,Robust-MTD,181,case57,0.05
True,32,-0.05,False,20,20,False,0,False,0.5250092495008416,0.36842727167897327,0.4948417944683423,31.46631459821947,55.80023545480801,0.0,Robust-MTD,182,case57,0.05
True,48,0.05,True,1,1,False,48,True,0.2270207937631841,0.004224754964574101,0.4948417944683423,31.123054248746485,47.44959824602121,0.0,Robust-MTD,183,case57,0.05
True,48,0.05,True,1,1,False,49,False,0.18526851524950663,0.0068298742265294485,0.4948417944683423,26.00993134547025,34.97064970433713,0.0,Robust-MTD,184,case57,0.05
True,5,0.05,True,1,1,False,5,True,5.047478665852359e-10,0.008826035223871704,0.4948417944683423,29.038650053553283,37.308058378403096,0.0,Robust-MTD,185,case57,0.05
True,41,0.05,False,20,20,False,41,True,3.8671808797186574e-10,0.016569358082100326,0.4948417944683423,29.79714360262733,45.050711874500855,0.0,Robust-MTD,186,case57,0.05
True,29,-0.05,True,1,1,False,24,False,0.2570918298613071,0.010656141116921024,0.4948417944683423,39.24358325311914,66.14613958518024,0.0,Robust-MTD,187,case57,0.05
True,10,-0.05,True,1,1,False,10,True,3.8671819781197475e-10,0.006716505493575347,0.4948417944683423,37.546002195449546,68.50391872285401,0.0,Robust-MTD,188,case57,0.05
True,13,0.05,True,1,1,False,13,True,3.8671819781197475e-10,0.0005704733218803301,0.4948417944683423,21.770124952308834,25.84728715592064,0.0,Robust-MTD,189,case57,0.05
True,7,-0.05,False,20,20,False,0,False,0.5308485224077599,0.32500891677689014,0.4948417944683423,28.978039693902247,38.34269442304503,0.0,Robust-MTD,190,case57,0.05
True,34,-0.05,False,20,20,False,34,True,0.3978041605887655,0.040431807119047536,0.4948417944683423,28.291274944785982,38.68136630335358,0.0,Robust-MTD,191,case57,0.05
True,23,-0.05,False,20,20,False,0,False,0.5187911784737275,0.3739543991826414,0.4948417944683423,36.302629151032306,54.28316877514591,0.0,Robust-MTD,192,case57,0.05
True,22,-0.05,False,20,20,False,0,False,0.503078775448227,0.37943538939152394,0.4948417944683423,29.336031203274615,50.16502705402675,0.0,Robust-MTD,193,case57,0.05
True,53,-0.05,True,1,1,False,51,False,0.21616286997482428,0.006398817854081994,0.4948417944683423,17.618450050940737,22.27717329224106,0.0,Robust-MTD,194,case57,0.05
True,40,0.05,True,9,9,False,40,True,0.0006784660960080959,0.047355679231141284,0.4948417944683423,26.170110405655578,35.494356261915534,0.0,Robust-MTD,195,case57,0.05
True,4,-0.05,False,20,20,False,0,False,0.5437719657568278,0.3557738745000658,0.4948417944683423,18.341724944184534,22.50592258933466,0.0,Robust-MTD,196,case57,0.05
True,23,0.05,False,20,20,False,0,False,0.5173528429290357,0.3687263826238723,0.4948417944683423,29.847747899475507,41.78867328446361,0.0,Robust-MTD,197,case57,0.05
True,17,0.05,True,1,1,False,17,True,0.3203249200071129,0.005913500238370117,0.4948417944683423,20.48190630157478,24.03042294026818,0.0,Robust-MTD,198,case57,0.05
True,28,0.05,True,1,1,False,28,True,3.8671814289192296e-10,0.0033735226776998493,0.4948417944683423,10.350229148752987,11.037274316186085,0.0,Robust-MTD,199,case57,0.05
True,26,-0.06,False,20,20,False,0,False,0.5977072589584068,0.33928139561965254,0.6449621867960693,23.078122854349203,29.089733347063888,0.0,HMTD-MDE,0,case57,0.06
True,49,-0.06,True,10,10,False,49,True,0.12293028249194908,0.012992895727830278,0.6449621867960693,26.47330629406497,33.846339897718295,0.0,HMTD-MDE,1,case57,0.06
True,53,-0.06,True,1,1,False,53,True,0.17177508748844936,0.0038340535470840677,0.6449621867960693,28.47882075002417,40.38819615088869,0.0,HMTD-MDE,2,case57,0.06
True,37,0.06,True,5,5,False,37,True,0.17144161052218865,0.009965054595974784,0.6449621867960693,29.853800003184006,41.44125625025481,0.0,HMTD-MDE,3,case57,0.06
True,46,0.06,True,17,17,False,0,False,0.5722160171393358,0.36375297565994114,0.6449621867960693,30.0888479599962,42.00773366028443,0.0,HMTD-MDE,4,case57,0.06
True,17,0.06,False,20,20,False,17,True,0.21515406641727844,0.03691367443779105,0.6449621867960693,24.638024895102717,38.19306451769081,0.0,HMTD-MDE,5,case57,0.06
True,24,0.06,True,1,1,False,24,True,0.3890692398222741,0.015126765390529786,0.6449621867960693,25.133045844268054,29.761873572715558,0.0,HMTD-MDE,6,case57,0.06
True,3,0.06,True,1,1,False,3,True,3.8671817035195584e-10,0.0034832369284029763,0.6449621867960693,25.622854210087098,49.88710591569543,0.0,HMTD-MDE,7,case57,0.06
True,8,-0.06,True,1,1,False,8,True,3.8671819781197475e-10,0.00028489480589777717,0.6449621867960693,29.477939501521178,41.83619791292586,0.0,HMTD-MDE,8,case57,0.06
True,22,0.06,False,20,20,False,17,False,0.6073898348666504,0.220621130727781,0.6449621867960693,31.2118478002958,62.848143751034506,0.0,HMTD-MDE,9,case57,0.06
True,29,-0.06,True,10,10,False,30,False,0.3975688844177957,0.015775125253371148,0.6449621867960693,22.501593793276697,29.385434777941555,0.0,HMTD-MDE,10,case57,0.06
True,28,-0.06,False,20,20,False,28,True,0.008820078002725185,0.021148680317953163,0.6449621867960693,27.368550008395687,44.46646488504485,0.0,HMTD-MDE,11,case57,0.06
True,8,0.06,True,1,1,False,8,True,3.8671819781197475e-10,0.00028489480589777717,0.6449621867960693,28.63549590401817,44.54222464410125,0.0,HMTD-MDE,12,case57,0.06
True,28,-0.06,False,20,20,False,28,True,0.01264195830753351,0.021186348452375405,0.6449621867960693,30.110952048562467,44.69463777495549,0.0,HMTD-MDE,13,case57,0.06
True,22,0.06,False,20,20,False,0,False,0.6050241339705662,0.34711342894605524,0.6449621867960693,30.15768125478644,47.476202089455924,0.0,HMTD-MDE,14,case57,0.06
True,26,0.06,False,20,20,False,0,False,0.57685853519043,0.34574413749699073,0.6449621867960693,22.735891604679637,29.6807437640382,0.0,HMTD-MDE,15,case57,0.06
True,40,-0.06,True,1,1,False,40,True,0.0010306354219263311,0.01128171743032853,0.6449621867960693,25.33800399978645,30.996047248481776,0.0,HMTD-MDE,16,case57,0.06
True,1,-0.06,False,20,20,False,0,False,0.6376019207193039,0.32895521632896607,0.6449621867960693,29.169037548126653,35.24204017303423,0.0,HMTD-MDE,17,case57,0.06
True,37,-0.06,True,4,4,False,37,True,0.17144161219821294,0.009965054620505877,0.6449621867960693,28.3663395937765,38.1901243235916,0.0,HMTD-MDE,18,case57,0.06
True,42,-0.06,True,5,5,False,42,True,4.391558014628225e-09,0.033997016175963846,0.6449621867960693,28.632437394117005,46.80272433906794,0.0,HMTD-MDE,19,case57,0.06
True,32,0.06,False,20,20,False,0,False,0.546797440275826,0.3737548756766441,0.6449621867960693,22.303833250771277,28.24230974074453,0.0,HMTD-MDE,20,case57,0.06
True,20,0.06,True,1,1,False,20,True,0.17937431442353458,0.006125162385736571,0.6449621867960693,24.289179159677587,29.925989318871874,0.0,HMTD-MDE,21,case57,0.06
True,46,0.06,False,20,20,False,0,False,0.5575519956931784,0.36774621822974907,0.6449621867960693,23.902699947939254,32.92945626890287,0.0,HMTD-MDE,22,case57,0.06
True,42,0.06,False,20,20,False,42,True,3.8671806051202353e-10,0.033997016095408096,0.6449621867960693,28.400956353289075,37.87663298135158,0.0,HMTD-MDE,23,case57,0.06
True,56,-0.06,True,1,1,False,38,False,0.17144160094404476,0.015389855031208715,0.6449621867960693,28.14714170526713,40.96158299944365,0.0,HMTD-MDE,24,case57,0.06
True,53,0.06,True,1,1,False,53,True,0.17238473978263857,0.003839187600085366,0.6449621867960693,28.301308347727172,40.49450596794488,0.0,HMTD-MDE,25,case57,0.06
True,48,0.06,True,1,1,False,48,True,3.867180879718629e-10,0.002753712702745942,0.6449621867960693,26.214956256444566,38.405063992831856,0.0,HMTD-MDE,26,case57,0.06
True,24,-0.06,True,16,16,False,24,True,0.391498903224366,0.01523619304429398,0.6449621867960693,28.58700604410842,42.3782788362587,0.0,HMTD-MDE,27,case57,0.06
True,20,0.06,True,1,1,False,20,True,0.1830520666976024,0.006185868721090631,0.6449621867960693,29.37122914881911,49.74411251896527,0.0,HMTD-MDE,28,case57,0.06
True,34,-0.06,True,11,11,False,34,True,0.39993285163973125,0.016249347284405306,0.6449621867960693,31.81945829710457,48.72553156164943,0.0,HMTD-MDE,29,case57,0.06
True,11,-0.06,True,1,1,False,11,True,3.8671819781197475e-10,0.0002955651145503168,0.6449621867960693,26.664010452805087,45.445462205680094,0.0,HMTD-MDE,30,case57,0.06
True,38,0.06,True,4,4,False,56,False,0.17144160094404476,0.015389855031208715,0.6449621867960693,32.84006050089374,45.57843513030096,0.0,HMTD-MDE,31,case57,0.06
True,32,0.06,False,20,20,False,0,False,0.5879016679548391,0.3534937137712005,0.6449621867960693,29.611539593315683,46.61985867714976,0.0,HMTD-MDE,32,case57,0.06
True,15,-0.06,False,20,20,False,15,True,0.47348989537836,0.3551836989715925,0.6449621867960693,27.96267095254734,39.5309201674536,0.0,HMTD-MDE,33,case57,0.06
True,36,0.06,True,1,1,False,36,True,3.867180879718627e-10,0.0008651682048311887,0.6449621867960693,30.411031350377016,57.072705932660035,0.0,HMTD-MDE,34,case57,0.06
True,26,0.06,False,20,20,False,0,False,0.5539622672339312,0.3698340344596591,0.6449621867960693,27.06375219859183,38.41283957299311,0.0,HMTD-MDE,35,case57,0.06
True,28,0.06,True,14,14,False,28,True,0.055705602085524025,0.021789809588729083,0.6449621867960693,31.006129199522547,46.49774938588965,0.0,HMTD-MDE,36,case57,0.06
True,3,0.06,True,1,1,False,3,True,3.8671819781227063e-10,0.0034832369284029763,0.6449621867960693,33.650810303515755,60.49626423919109,0.0,HMTD-MDE,37,case57,0.06
True,6,0.06,True,1,1,False,6,True,3.8671819781197475e-10,0.002363277542522319,0.6449621867960693,36.20219385193195,46.14476282440596,0.0,HMTD-MDE,38,case57,0.06
True,51,-0.06,False,20,20,False,51,True,0.08617892242335283,0.0187757109820989,0.6449621867960693,34.252752183238044,43.690502390381894,0.0,HMTD-MDE,39,case57,0.06
True,17,0.06,False,20,20,False,17,True,0.22243949422863418,0.03689407727470473,0.6449621867960693,32.64010424900334,56.97471220628359,0.0,HMTD-MDE,40,case57,0.06
True,49,-0.06,True,12,12,False,49,True,0.09778616027648658,0.0136737729110561,0.6449621867960693,29.47868753981311,45.89122909819709,0.0,HMTD-MDE,41,case57,0.06
True,19,-0.06,True,1,1,False,20,False,0.18658015068070927,0.006250246140639304,0.6449621867960693,30.416747799608856,46.411850000731654,0.0,HMTD-MDE,42,case57,0.06
True,31,0.06,False,20,20,False,31,True,0.4086175121370946,0.01761544256083266,0.6449621867960693,29.003168750205077,42.12490686040837,0.0,HMTD-MDE,43,case57,0.06
True,55,0.06,True,1,1,False,55,True,0.0020693237113481367,0.001265171103901722,0.6449621867960693,31.62822079320904,67.65823957393879,0.0,HMTD-MDE,44,case57,0.06
True,2,0.06,True,1,1,False,2,True,3.867181978121101e-10,0.005048856714374031,0.6449621867960693,31.17517905193381,46.593669106368914,0.0,HMTD-MDE,45,case57,0.06
True,34,-0.06,True,4,4,False,34,True,0.3998931156528907,0.016188460268995057,0.6449621867960693,27.892727201106027,40.0988485373091,0.0,HMTD-MDE,46,case57,0.06
True,14,-0.06,True,1,1,False,14,True,3.8671819781197475e-10,0.007593593808137527,0.6449621867960693,29.978493755334057,46.48794789973182,0.0,HMTD-MDE,47,case57,0.06
True,1,0.06,False,20,20,False,16,False,0.4691796463957715,0.30931821262424225,0.6449621867960693,30.475093697896227,51.58146074682009,0.0,HMTD-MDE,48,case57,0.06
True,34,-0.06,True,3,3,False,34,True,0.3995750704029115,0.016106949658567543,0.6449621867960693,31.67970205831807,42.81400866457261,0.0,HMTD-MDE,49,case57,0.06
True,40,-0.06,True,2,2,False,40,True,0.0008574641541917254,0.011282688383998953,0.6449621867960693,28.30240009643603,39.03269826550968,0.0,HMTD-MDE,50,case57,0.06
True,27,-0.06,False,20,20,False,27,True,0.0817465665214006,0.03182179071224445,0.6449621867960693,28.41213539650198,37.4389978562249,0.0,HMTD-MDE,51,case57,0.06
True,44,-0.06,False,20,20,False,0,False,0.6003756743641193,0.33494994571449455,0.6449621867960693,27.89208750182297,37.319239243515774,0.0,HMTD-MDE,52,case57,0.06
True,1,0.06,False,20,20,False,0,False,0.5957284649750886,0.3383142800684831,0.6449621867960693,35.503747896291316,77.98219614196569,0.0,HMTD-MDE,53,case57,0.06
True,20,-0.06,True,1,1,False,20,True,0.18172193386776517,0.006163125764583342,0.6449621867960693,31.75923329545185,57.961658970452866,0.0,HMTD-MDE,54,case57,0.06
True,41,-0.06,True,1,1,False,55,False,0.025025103461194406,0.0012584785616592347,0.6449621867960693,28.862624999601394,38.38771075243132,0.0,HMTD-MDE,55,case57,0.06
True,25,0.06,False,20,20,False,0,False,0.6290278680277628,0.2969688301807085,0.6449621867960693,28.18911230424419,36.34307443280704,0.0,HMTD-MDE,56,case57,0.06
True,33,0.06,False,20,20,False,0,False,0.6664524059361928,0.20557116504453496,0.6449621867960693,33.84811034775339,59.77277353813407,0.0,HMTD-MDE,57,case57,0.06
True,42,-0.06,False,20,20,False,42,True,3.8671806051276283e-10,0.033997016095408096,0.6449621867960693,30.08519574359525,42.90124339459,0.0,HMTD-MDE,58,case57,0.06
True,21,0.06,False,20,20,False,0,False,0.5552889729560977,0.37068602666534156,0.6449621867960693,29.98469375015702,40.03082326380536,0.0,HMTD-MDE,59,case57,0.06
True,36,-0.06,True,1,1,False,36,True,3.8671808797186916e-10,0.0008651682048311887,0.6449621867960693,31.478864542441443,62.24170029454401,0.0,HMTD-MDE,60,case57,0.06
True,46,0.06,False,20,20,False,0,False,0.5785079523665422,0.36095367326212435,0.6449621867960693,27.47114385711029,40.264295853558004,0.0,HMTD-MDE,61,case57,0.06
True,56,0.06,True,7,7,False,38,False,0.1714416009440448,0.015389855031208715,0.6449621867960693,29.480421054176986,44.19693097588607,0.0,HMTD-MDE,62,case57,0.06
True,8,-0.06,True,1,1,False,8,True,3.8671819781197475e-10,0.00028489480589777717,0.6449621867960693,31.470047854236327,56.32270178175532,0.0,HMTD-MDE,63,case57,0.06
True,2,0.06,True,1,1,False,2,True,3.8671819781197806e-10,0.005048856714374031,0.6449621867960693,34.2872498993529,60.331161020440064,0.0,HMTD-MDE,64,case57,0.06
True,43,0.06,True,3,3,False,37,False,0.17144160964015112,0.00996505458315587,0.6449621867960693,30.525181247503497,49.80441847292243,0.0,HMTD-MDE,65,case57,0.06
True,11,0.06,True,1,1,False,11,True,3.8671819781197475e-10,0.0002955651145503168,0.6449621867960693,32.61139384121634,54.97210176545195,0.0,HMTD-MDE,66,case57,0.06
True,7,0.06,False,20,20,False,7,True,1.0225505256071308e-09,0.025269140543542703,0.6449621867960693,29.07944384496659,36.657241324428476,0.0,HMTD-MDE,67,case57,0.06
True,7,-0.06,False,20,20,False,7,True,3.867181978119754e-10,0.025269140528305367,0.6449621867960693,32.229587400797755,48.87463328195737,0.0,HMTD-MDE,68,case57,0.06
True,51,-0.06,False,20,20,False,51,True,0.2432954605927042,0.01440900467497291,0.6449621867960693,29.778862596140243,39.467752398923054,0.0,HMTD-MDE,69,case57,0.06
True,12,-0.06,True,1,1,False,12,True,3.8671819781197475e-10,6.506154484848831e-05,0.6449621867960693,35.331231204327196,57.325191947165905,0.0,HMTD-MDE,70,case57,0.06
True,17,-0.06,False,20,20,False,17,True,0.23128022910469906,0.03514512952303098,0.6449621867960693,31.865924849989824,64.15175173897298,0.0,HMTD-MDE,71,case57,0.06
True,35,0.06,True,1,1,False,35,True,3.867181154318933e-10,0.0007903150392325826,0.6449621867960693,31.129441448138095,45.24247082299555,0.0,HMTD-MDE,72,case57,0.06
True,37,0.06,True,1,1,False,43,False,0.17144160264858818,0.00996505448494649,0.6449621867960693,33.81156460382044,52.26477083342616,0.0,HMTD-MDE,73,case57,0.06
True,11,0.06,True,1,1,False,11,True,3.8671819781197475e-10,0.0002955651145503168,0.6449621867960693,27.420645992970094,34.77387017337606,0.0,HMTD-MDE,74,case57,0.06
True,43,-0.06,True,1,1,False,43,True,0.17144160203744394,0.009965054476882382,0.6449621867960693,31.649487552931532,49.34004406968598,0.0,HMTD-MDE,75,case57,0.06
True,39,0.06,False,20,20,False,39,True,0.24484242342528864,0.1549467828393045,0.6449621867960693,31.29310199583415,55.315272576990544,0.0,HMTD-MDE,76,case57,0.06
True,41,-0.06,True,1,1,False,41,True,0.005796213307780607,0.0009277610374660879,0.6449621867960693,31.62213940522633,58.383132726885385,0.0,HMTD-MDE,77,case57,0.06
True,11,-0.06,True,1,1,False,11,True,3.8671819781197475e-10,0.0002955651145503168,0.6449621867960693,31.150556248030625,44.98198894434609,0.0,HMTD-MDE,78,case57,0.06
True,24,0.06,True,1,1,False,29,False,0.3933206144535457,0.015329821796417734,0.6449621867960693,28.96256454405375,45.49207527015827,0.0,HMTD-MDE,79,case57,0.06
True,26,-0.06,False,20,20,False,0,False,0.5820320336334939,0.35697050495699434,0.6449621867960693,30.183760155341588,45.66760559100658,0.0,HMTD-MDE,80,case57,0.06
True,37,0.06,True,2,2,False,43,False,0.17144172995264978,0.009965056528856396,0.6449621867960693,31.76185825432185,52.064899678225636,0.0,HMTD-MDE,81,case57,0.06
True,26,-0.06,False,20,20,False,0,False,0.5875253612843885,0.36441085075857327,0.6449621867960693,31.119700058479793,71.1789312743349,0.0,HMTD-MDE,82,case57,0.06
True,20,-0.06,True,1,1,False,20,True,0.18278727213944723,0.006181272572879177,0.6449621867960693,34.618797854636796,64.04318153217902,0.0,HMTD-MDE,83,case57,0.06
True,54,0.06,False,20,20,False,54,True,0.18549540809743553,0.06653275018814805,0.6449621867960693,29.60498553875368,40.86671633122025,0.0,HMTD-MDE,84,case57,0.06
True,31,0.06,False,20,20,False,31,True,0.40210227282887884,0.016978619135912455,0.6449621867960693,33.678252101526596,61.18986250367017,0.0,HMTD-MDE,85,case57,0.06
True,28,0.06,True,11,11,False,28,True,0.00852870901634976,0.02114594981692891,0.6449621867960693,34.66924375097733,77.20729793072678,0.0,HMTD-MDE,86,case57,0.06
True,26,-0.06,False,20,20,False,0,False,0.6084716611267743,0.34029717216184246,0.6449621867960693,32.886589551344514,49.09672742360272,0.0,HMTD-MDE,87,case57,0.06
True,17,-0.06,False,20,20,False,17,True,0.3318685488803284,0.025865270562910592,0.6449621867960693,33.91882503929082,48.103179509053035,0.0,HMTD-MDE,88,case57,0.06
True,55,-0.06,True,1,1,False,55,True,0.0009743287610481893,0.0012653792276985086,0.6449621867960693,30.453766649588943,56.43337147485002,0.0,HMTD-MDE,89,case57,0.06
True,11,0.06,True,1,1,False,11,True,3.8671819781197475e-10,0.0002955651145503168,0.6449621867960693,33.05261649948079,48.53745206200985,0.0,HMTD-MDE,90,case57,0.06
True,48,-0.06,True,1,1,False,48,True,3.8671808797186145e-10,0.002753712702745942,0.6449621867960693,30.810935504268855,39.55560242466165,0.0,HMTD-MDE,91,case57,0.06
True,50,-0.06,True,1,1,False,50,True,0.11019385569267115,0.006065864162776077,0.6449621867960693,28.333289598231204,37.46597704885063,0.0,HMTD-MDE,92,case57,0.06
True,53,-0.06,True,1,1,False,52,False,0.17331775279975942,0.003848162433368563,0.6449621867960693,32.05681670224294,66.27949577814434,0.0,HMTD-MDE,93,case57,0.06
True,43,0.06,True,1,1,False,37,False,0.1714416010308068,0.0099650544642127,0.6449621867960693,32.220208257786,42.06983928161212,0.0,HMTD-MDE,94,case57,0.06
True,40,-0.06,True,4,4,False,40,True,0.00028662530153920283,0.011285297062511369,0.6449621867960693,31.964122792123817,66.62939585221467,0.0,HMTD-MDE,95,case57,0.06
True,10,-0.06,True,1,1,False,10,True,3.8671819781197475e-10,0.0007455511118699345,0.6449621867960693,30.07741049514152,47.99531874596141,0.0,HMTD-MDE,96,case57,0.06
True,14,0.06,True,1,1,False,14,True,3.8671819781197475e-10,0.007593593808137527,0.6449621867960693,34.39361250784714,61.00794312078508,0.0,HMTD-MDE,97,case57,0.06
True,53,-0.06,True,1,1,False,53,True,0.1720989716415907,0.0038366852429618497,0.6449621867960693,33.41242910537403,46.332566381897784,0.0,HMTD-MDE,98,case57,0.06
True,49,-0.06,True,6,6,False,49,True,0.14222930995124342,0.012295306007811655,0.6449621867960693,29.717618800350465,46.59699997864664,0.0,HMTD-MDE,99,case57,0.06
True,56,0.06,True,6,6,False,38,False,0.1714416009440448,0.015389855031208717,0.6449621867960693,33.67124794749543,54.209369071759305,0.0,HMTD-MDE,100,case57,0.06
True,17,-0.06,True,15,15,False,18,False,0.3238629873198916,0.022432918523854293,0.6449621867960693,33.3452832972398,55.03030894324184,0.0,HMTD-MDE,101,case57,0.06
True,12,0.06,True,1,1,False,12,True,3.8671819781197475e-10,6.506154484848831e-05,0.6449621867960693,36.382437602151185,75.07417915912812,0.0,HMTD-MDE,102,case57,0.06
True,48,-0.06,True,1,1,False,48,True,3.8671808797186145e-10,0.002753712702745942,0.6449621867960693,28.885510461986996,48.25278512143997,0.0,HMTD-MDE,103,case57,0.06
True,31,0.06,False,20,20,False,31,True,0.4013366039874953,0.016409089129474627,0.6449621867960693,28.884950053179637,55.08948957140092,0.0,HMTD-MDE,104,case57,0.06
True,31,0.06,False,20,20,False,31,True,0.4215470882694878,0.018238375617615196,0.6449621867960693,31.35488554253243,40.960793729755096,0.0,HMTD-MDE,105,case57,0.06
True,41,-0.06,True,1,1,False,41,True,0.009684746494497647,0.0009287652389622269,0.6449621867960693,31.37545840581879,46.8129836342996,0.0,HMTD-MDE,106,case57,0.06
True,16,-0.06,False,20,20,False,0,False,0.5575739149173977,0.36744267730303093,0.6449621867960693,29.354291659547016,41.566846484784044,0.0,HMTD-MDE,107,case57,0.06
True,20,0.06,True,1,1,False,20,True,0.17689073299095442,0.006088299812604079,0.6449621867960693,32.47077090200037,48.29049018735532,0.0,HMTD-MDE,108,case57,0.06
True,50,0.06,True,1,1,False,50,True,0.050986476591689284,0.004862976144047601,0.6449621867960693,31.581014595576566,39.437904767692096,0.0,HMTD-MDE,109,case57,0.06
True,17,0.06,True,7,7,False,17,True,0.24366102561913777,0.03457776640705522,0.6449621867960693,29.714962499565445,39.60007744026371,0.0,HMTD-MDE,110,case57,0.06
True,41,0.06,True,1,1,False,41,True,0.00015216549942331916,0.0009265851299154288,0.6449621867960693,29.661156338988803,44.137821416370585,0.0,HMTD-MDE,111,case57,0.06
True,15,0.06,False,20,20,False,0,False,0.6089841275508726,0.34172866460015505,0.6449621867960693,32.512198050972074,56.00224404479377,0.0,HMTD-MDE,112,case57,0.06
True,12,-0.06,True,1,1,False,12,True,3.8671819781197475e-10,6.506154484848831e-05,0.6449621867960693,30.33278759685345,39.318874981836466,0.0,HMTD-MDE,113,case57,0.06
True,33,-0.06,False,20,20,False,33,True,0.3849197560257998,0.042212137843821315,0.6449621867960693,32.52756459696684,70.24534520751331,0.0,HMTD-MDE,114,case57,0.06
True,8,0.06,True,1,1,False,8,True,3.8671819781197475e-10,0.00028489480589777717,0.6449621867960693,30.628301957040094,48.1416062481003,0.0,HMTD-MDE,115,case57,0.06
True,16,-0.06,False,20,20,False,0,False,0.5928386221018495,0.34385408604098155,0.6449621867960693,31.428885500645265,50.21822920243723,0.0,HMTD-MDE,116,case57,0.06
True,46,-0.06,False,20,20,False,0,False,0.5584887939047037,0.36842005908893927,0.6449621867960693,26.794414554024115,44.568635115865625,0.0,HMTD-MDE,117,case57,0.06
True,8,-0.06,True,1,1,False,8,True,3.8671819781197475e-10,0.00028489480589777717,0.6449621867960693,32.80925625585951,64.67097741551697,0.0,HMTD-MDE,118,case57,0.06
True,20,0.06,True,1,1,False,20,True,0.17990052794749584,0.006133420970425471,0.6449621867960693,28.62938755133655,37.51086421543732,0.0,HMTD-MDE,119,case57,0.06
True,52,-0.06,True,1,1,False,52,True,0.17536659044962116,0.003870800622933104,0.6449621867960693,31.216122847399674,43.93115414713978,0.0,HMTD-MDE,120,case57,0.06
True,9,-0.06,True,1,1,False,9,True,3.8671819781197475e-10,0.0057420482213255955,0.6449621867960693,28.835322853410617,37.939318784629,0.0,HMTD-MDE,121,case57,0.06
True,21,0.06,False,20,20,False,0,False,0.5548446979295073,0.3692895933154256,0.6449621867960693,32.93080814764835,46.697951457463205,0.0,HMTD-MDE,122,case57,0.06
True,43,0.06,True,1,1,False,43,True,0.17144160106469045,0.009965054464610577,0.6449621867960693,30.402245887671597,50.59897083847318,0.0,HMTD-MDE,123,case57,0.06
True,18,-0.06,True,9,9,False,18,True,0.2829082174905249,0.023276538859240085,0.6449621867960693,32.26851854415145,75.46898299769965,0.0,HMTD-MDE,124,case57,0.06
True,38,-0.06,True,18,18,False,38,True,0.17144160094404476,0.015389855031208717,0.6449621867960693,36.520316600217484,65.98958508693615,0.0,HMTD-MDE,125,case57,0.06
True,47,-0.06,False,20,20,False,0,False,0.6143831670975686,0.26394537512339544,0.6449621867960693,31.719287543091923,53.26020382344724,0.0,HMTD-MDE,126,case57,0.06
True,51,-0.06,False,20,20,False,51,True,0.14492714019552957,0.017160033538610082,0.6449621867960693,29.649439547210932,57.073437792132616,0.0,HMTD-MDE,127,case57,0.06
True,23,0.06,True,0,0,False,0,False,0.595527691135272,0.34830819410465447,0.6449621867960693,32.188110396964476,58.40678992390167,0.0,HMTD-MDE,128,case57,0.06
True,40,0.06,True,1,1,False,40,True,0.001047307591310281,0.011281682702009839,0.6449621867960693,34.71198544721119,57.17926487559455,0.0,HMTD-MDE,129,case57,0.06
True,20,-0.06,True,1,1,False,19,False,0.17344470727353897,0.006044061834292846,0.6449621867960693,32.728275007684715,59.732991960481755,0.0,HMTD-MDE,130,case57,0.06
True,51,-0.06,True,15,15,False,51,True,0.055986393648852995,0.018812457251719775,0.6449621867960693,29.616658386657946,47.36704019887839,0.0,HMTD-MDE,131,case57,0.06
True,26,0.06,False,20,20,False,0,False,0.5686688298211682,0.3637193551907647,0.6449621867960693,32.47810629836749,74.57272083847785,0.0,HMTD-MDE,132,case57,0.06
True,43,-0.06,True,1,1,False,37,False,0.17144161355106188,0.00996505464045486,0.6449621867960693,32.42376875132322,51.16444824088832,0.0,HMTD-MDE,133,case57,0.06
True,54,-0.06,False,20,20,False,54,True,0.4586096543755821,0.16377061658811976,0.6449621867960693,30.78916880185716,55.45867847686169,0.0,HMTD-MDE,134,case57,0.06
True,32,0.06,False,20,20,False,0,False,0.5898835269082597,0.3575929456634691,0.6449621867960693,33.79080409358721,60.27609405573459,0.0,HMTD-MDE,135,case57,0.06
True,47,0.06,False,20,20,False,0,False,0.6249968710925909,0.3228987420869738,0.6449621867960693,26.937483489746228,35.362057667225606,0.0,HMTD-MDE,136,case57,0.06
True,51,0.06,True,2,2,False,51,True,0.056289318798316536,0.019145186262071477,0.6449621867960693,32.970229152124375,44.50404589297251,0.0,HMTD-MDE,137,case57,0.06
True,53,0.06,True,1,1,False,53,True,0.18058225164303884,0.003940386574646141,0.6449621867960693,25.835520701366477,37.417076720157645,0.0,HMTD-MDE,138,case57,0.06
True,54,0.06,False,20,20,False,54,True,0.29476790169860845,0.07651278153816499,0.6449621867960693,28.123337755096145,48.440174385905266,0.0,HMTD-MDE,139,case57,0.06
True,20,0.06,True,1,1,False,19,False,0.17980874523134147,0.006131969790214062,0.6449621867960693,30.108568849391304,53.14500264939853,0.0,HMTD-MDE,140,case57,0.06
True,52,0.06,True,1,1,False,52,True,0.17601656400370855,0.0038786283015767725,0.6449621867960693,35.383772806380875,75.19970145367552,0.0,HMTD-MDE,141,case57,0.06
True,10,0.06,True,1,1,False,10,True,3.8671819781197475e-10,0.0007455511118699345,0.6449621867960693,33.53383959911298,61.421872593928136,0.0,HMTD-MDE,142,case57,0.06
True,12,-0.06,True,1,1,False,12,True,3.8671819781197475e-10,6.506154484848831e-05,0.6449621867960693,31.24249995162245,49.591366315144114,0.0,HMTD-MDE,143,case57,0.06
True,10,0.06,True,1,1,False,10,True,3.8671819781197475e-10,0.0007455511118699345,0.6449621867960693,30.040043644839898,40.95183271565479,0.0,HMTD-MDE,144,case57,0.06
True,11,-0.06,True,1,1,False,11,True,3.8671819781197475e-10,0.0002955651145503168,0.6449621867960693,32.240391700179316,45.36002675013151,0.0,HMTD-MDE,145,case57,0.06
True,25,-0.06,False,20,20,False,0,False,0.594500374031736,0.31957776034303764,0.6449621867960693,35.986889599007554,69.19732915994247,0.0,HMTD-MDE,146,case57,0.06
True,36,0.06,True,1,1,False,36,True,3.8671808797187965e-10,0.0008651682048311887,0.6449621867960693,31.446679195505567,50.805061004939496,0.0,HMTD-MDE,147,case57,0.06
True,44,-0.06,False,20,20,False,44,True,0.13381277187223736,0.06897029287864924,0.6449621867960693,33.99863748345524,56.157846120186164,0.0,HMTD-MDE,148,case57,0.06
True,24,0.06,True,7,7,False,29,False,0.39582425970346474,0.01553420720103845,0.6449621867960693,34.68438124691602,74.5448021189077,0.0,HMTD-MDE,149,case57,0.06
True,3,0.06,True,1,1,False,3,True,3.8671819781197486e-10,0.0034832369284029763,0.6449621867960693,28.426608300651424,37.569005918339826,0.0,HMTD-MDE,150,case57,0.06
True,42,0.06,False,20,20,False,42,True,3.8671808797377545e-10,0.03399701609540809,0.6449621867960693,30.476089607691392,43.18298096477522,0.0,HMTD-MDE,151,case57,0.06
True,23,0.06,False,20,20,False,0,False,0.6262235408336545,0.30889515751408947,0.6449621867960693,30.20379580266308,40.169279155088624,0.0,HMTD-MDE,152,case57,0.06
True,45,0.06,True,7,7,False,45,True,3.867180879751227e-10,0.022501142929642982,0.6449621867960693,27.23551664093975,37.75383151078132,0.0,HMTD-MDE,153,case57,0.06
True,24,-0.06,True,4,4,False,29,False,0.39533853544276726,0.015485234413869649,0.6449621867960693,31.276791752316054,44.53992529888638,0.0,HMTD-MDE,154,case57,0.06
True,22,-0.06,False,20,20,False,0,False,0.62843958866088,0.2532584173940268,0.6449621867960693,32.60351459903177,43.16143096075393,0.0,HMTD-MDE,155,case57,0.06
True,23,0.06,False,20,20,False,0,False,0.5522650722766054,0.3728758654355382,0.6449621867960693,31.892627151682973,49.13814107421786,0.0,HMTD-MDE,156,case57,0.06
True,54,0.06,False,20,20,False,54,True,0.27034340935880813,0.04849040819429725,0.6449621867960693,27.972337501705624,36.38878158817534,0.0,HMTD-MDE,157,case57,0.06
True,33,-0.06,False,20,20,False,33,True,0.43580537338629016,0.03535859065089735,0.6449621867960693,28.201152104884386,35.93402530241293,0.0,HMTD-MDE,158,case57,0.06
True,39,-0.06,False,20,20,False,0,False,0.588457465451724,0.31938081375197636,0.6449621867960693,28.735827060882002,38.330635434249416,0.0,HMTD-MDE,159,case57,0.06
True,13,0.06,True,1,1,False,13,True,3.8671819781197475e-10,0.00024296946723677138,0.6449621867960693,26.895408297423273,42.32209581241478,0.0,HMTD-MDE,160,case57,0.06
True,38,0.06,True,4,4,False,56,False,0.1714416009440448,0.015389855031208715,0.6449621867960693,31.95531044912059,56.31995029398242,0.0,HMTD-MDE,161,case57,0.06
True,35,0.06,True,1,1,False,35,True,3.8671808797186145e-10,0.0007903150392325828,0.6449621867960693,29.139149998081848,49.15477086324245,0.0,HMTD-MDE,162,case57,0.06
True,26,-0.06,False,20,20,False,0,False,0.5706464415125427,0.36867762180523433,0.6449621867960693,31.303573001059704,66.66446460876614,0.0,HMTD-MDE,163,case57,0.06
True,1,0.06,False,20,20,False,0,False,0.5772820421360044,0.3666760158824387,0.6449621867960693,33.659733447711915,53.464418119983776,0.0,HMTD-MDE,164,case57,0.06
True,49,-0.06,True,6,6,False,49,True,0.16991259140010578,0.010316272519984898,0.6449621867960693,30.334599895286374,44.70849131757861,0.0,HMTD-MDE,165,case57,0.06
True,40,0.06,True,3,3,False,40,True,0.0001843156348122173,0.011285737283577077,0.6449621867960693,32.77669579256326,55.041197862010456,0.0,HMTD-MDE,166,case57,0.06
True,40,0.06,True,4,4,False,40,True,0.000275041064677858,0.011285332289150046,0.6449621867960693,29.375387498294003,39.56194996426351,0.0,HMTD-MDE,167,case57,0.06
True,28,0.06,False,20,20,False,28,True,0.0002395619908228019,0.02108037055704854,0.6449621867960693,32.66357719548978,59.24560864223167,0.0,HMTD-MDE,168,case57,0.06
True,38,0.06,True,4,4,False,38,True,0.1714416009440448,0.015389855031208715,0.6449621867960693,30.126720847329125,40.09549612528646,0.0,HMTD-MDE,169,case57,0.06
True,27,0.06,True,10,10,False,27,True,0.07491573078191538,0.031969393793240986,0.6449621867960693,31.51195829850621,47.40556074248165,0.0,HMTD-MDE,170,case57,0.06
True,30,-0.06,True,3,3,False,30,True,0.3964548913270087,0.01559265259379844,0.6449621867960693,28.44488739501685,39.09962741890922,0.0,HMTD-MDE,171,case57,0.06
True,31,-0.06,False,20,20,False,31,True,0.4136114699006061,0.017908352277144476,0.6449621867960693,31.80512505059596,48.39173538784963,0.0,HMTD-MDE,172,case57,0.06
True,27,0.06,False,20,20,False,27,True,0.06673861024199836,0.03213427607547975,0.6449621867960693,31.575804142630655,52.559936014586135,0.0,HMTD-MDE,173,case57,0.06
True,51,0.06,True,14,14,False,51,True,0.10697553314022135,0.017854893628661724,0.6449621867960693,28.735010395757854,39.431845492799766,0.0,HMTD-MDE,174,case57,0.06
True,28,0.06,True,16,16,False,28,True,0.000524226097126603,0.021081941277058806,0.6449621867960693,29.716358351288363,44.432256536674686,0.0,HMTD-MDE,175,case57,0.06
True,33,-0.06,False,20,20,False,33,True,0.43954336727099236,0.06471943380361479,0.6449621867960693,30.481820800923742,43.15358541207388,0.0,HMTD-MDE,176,case57,0.06
True,20,-0.06,True,1,1,False,19,False,0.19023212439578457,0.006322806595982189,0.6449621867960693,30.088648007949814,42.162395862396835,0.0,HMTD-MDE,177,case57,0.06
True,5,0.06,True,1,1,False,5,True,3.8671819781197475e-10,0.00192160191471911,0.6449621867960693,34.555697947507724,59.30816013715232,0.0,HMTD-MDE,178,case57,0.06
True,38,0.06,True,9,9,False,38,True,0.1714416009440448,0.015389855031208715,0.6449621867960693,32.938947845832445,53.96629968308844,0.0,HMTD-MDE,179,case57,0.06
True,52,-0.06,True,1,1,False,52,True,0.17428554919736977,0.0038584325930654337,0.6449621867960693,29.270302251097746,40.27870033751243,0.0,HMTD-MDE,180,case57,0.06
True,48,0.06,True,1,1,False,48,True,3.8671808797186145e-10,0.002753712702745942,0.6449621867960693,33.07210835337173,63.23975693667308,0.0,HMTD-MDE,181,case57,0.06
True,32,-0.06,False,20,20,False,0,False,0.5791440056914373,0.36102719204689904,0.6449621867960693,24.380277103045955,32.08931662957185,0.0,HMTD-MDE,182,case57,0.06
True,48,0.06,True,1,1,False,48,True,3.8671808797186145e-10,0.002753712702745942,0.6449621867960693,26.67292300320696,36.56035001331475,0.0,HMTD-MDE,183,case57,0.06
True,48,0.06,True,1,1,False,48,True,3.8671808797186145e-10,0.002753712702745942,0.6449621867960693,24.75412700441666,34.08348686643876,0.0,HMTD-MDE,184,case57,0.06
True,5,0.06,True,1,1,False,5,True,3.867181978119884e-10,0.00192160191471911,0.6449621867960693,33.09419355355203,46.19398895592895,0.0,HMTD-MDE,185,case57,0.06
True,41,0.06,True,1,1,False,41,True,0.0007376476746766123,0.0009266779221630992,0.6449621867960693,37.67615224933252,66.27367472683545,0.0,HMTD-MDE,186,case57,0.06
True,29,-0.06,True,4,4,False,30,False,0.39766129821539137,0.015793801220146172,0.6449621867960693,26.799070843844675,39.97772016155068,0.0,HMTD-MDE,187,case57,0.06
True,10,-0.06,True,1,1,False,10,True,3.8671819781197475e-10,0.0007455511118699345,0.6449621867960693,28.15805829304736,51.45713720412459,0.0,HMTD-MDE,188,case57,0.06
True,13,0.06,True,1,1,False,13,True,3.8671819781197475e-10,0.00024296946723677138,0.6449621867960693,18.507589554064907,21.22461904073134,0.0,HMTD-MDE,189,case57,0.06
True,7,-0.06,False,20,20,False,7,True,3.867181703519499e-10,0.025269140528305367,0.6449621867960693,32.40501460095402,60.245662502711646,0.0,HMTD-MDE,190,case57,0.06
True,34,-0.06,False,20,20,False,34,True,0.39849249396882813,0.015962983796594065,0.6449621867960693,25.685191692900844,32.259672592044815,0.0,HMTD-MDE,191,case57,0.06
True,23,-0.06,False,20,20,False,0,False,0.5960515121252179,0.34464368456617633,0.6449621867960693,18.93046665354632,22.874639919609763,0.0,HMTD-MDE,192,case57,0.06
True,22,-0.06,False,20,20,False,0,False,0.5831178874782958,0.3589280291497726,0.6449621867960693,28.367697846260853,42.20728539803532,0.0,HMTD-MDE,193,case57,0.06
True,53,-0.06,True,1,1,False,53,True,0.17440888246613404,0.0038597991794060886,0.6449621867960693,20.039964601164684,23.603518423624337,0.0,HMTD-MDE,194,case57,0.06
True,40,0.06,True,1,1,False,40,True,0.00026617361179655024,0.01128537235477709,0.6449621867960693,30.470395853626542,42.32252016663553,0.0,HMTD-MDE,195,case57,0.06
True,4,-0.06,False,20,20,False,0,False,0.5974251065196473,0.3157383831662506,0.6449621867960693,21.32658545160666,26.486147908144634,0.0,HMTD-MDE,196,case57,0.06
True,23,0.06,False,20,20,False,0,False,0.5919799801322337,0.34995572434735855,0.6449621867960693,15.902058349456638,17.731947326683443,0.0,HMTD-MDE,197,case57,0.06
True,17,0.06,False,20,20,False,20,False,0.3120122441942426,0.01295230771284014,0.6449621867960693,20.285156212048605,24.104524386348203,0.0,HMTD-MDE,198,case57,0.06
True,28,0.06,False,20,20,False,28,True,0.027108657679749508,0.021354872276750137,0.6449621867960693,12.565618543885648,14.918931588181295,0.0,HMTD-MDE,199,case57,0.06
True,26,-0.06,True,2,2,False,25,False,0.1714416009441732,0.004170119800031555,0.45378173705192393,383.10657915717456,461.19668062310814,0.0,MS-HIDE,0,case57,0.06
True,49,-0.06,True,1,1,False,49,True,6.159412522194325e-06,0.001826195588741458,0.30656832370114195,280.8891083637718,350.65163512481377,0.0,MS-HIDE,1,case57,0.06
True,53,-0.06,True,1,1,False,52,False,0.17144160103513265,0.0017304930191357104,0.2903316151202946,359.6125270531047,409.75514999299895,0.0,MS-HIDE,2,case57,0.06
True,37,0.06,True,1,1,False,43,False,0.17144160105998926,0.0016569697230683757,0.43103437421885105,265.0440186524065,314.20711247774307,0.0,MS-HIDE,3,case57,0.06
True,46,0.06,True,17,17,False,0,False,0.4535569239902737,0.3274535486531338,0.49892248588204885,240.73724169866182,318.8539562863298,0.0,MS-HIDE,4,case57,0.06
True,17,0.06,True,3,3,False,17,True,0.013043309427973673,0.0027161172933679754,0.46009203238833407,371.89248334325384,423.28362318803687,0.0,MS-HIDE,5,case57,0.06
True,24,0.06,True,2,2,False,24,True,0.17144160107330947,0.0022572022021842618,0.5212867949670837,279.98557919927407,331.8576875171857,0.0,MS-HIDE,6,case57,0.06
True,3,0.06,True,1,1,False,3,True,3.8671819781197475e-10,0.0010234120718180608,0.46679411637890617,369.0376938029658,472.93472953315467,0.0,MS-HIDE,7,case57,0.06
True,8,-0.06,True,1,1,False,8,True,3.8671819781197475e-10,0.0003177869000190791,0.3394475328782709,275.1011813088553,330.85976606234914,0.0,MS-HIDE,8,case57,0.06
True,22,0.06,False,20,20,False,0,False,0.4831873888665897,0.3082936832839808,0.4707811664753304,264.08238535223063,324.5080770808272,0.0,MS-HIDE,9,case57,0.06
True,29,-0.06,True,1,1,False,29,True,0.17144160101792968,0.0022572022027151652,0.508892100187943,383.7673021509545,441.71542884723885,0.0,MS-HIDE,10,case57,0.06
True,28,-0.06,True,1,1,False,28,True,1.0258781223432398e-09,0.0011222732835463516,0.35460350804510354,278.9095499407267,342.6846496615326,0.0,MS-HIDE,11,case57,0.06
True,8,0.06,True,1,1,False,8,True,3.8671819781197475e-10,0.0003177869002985445,0.34027054429886283,368.5129457968287,431.4278899371868,0.0,MS-HIDE,12,case57,0.06
True,28,-0.06,True,2,2,False,28,True,1.5294300619729786e-09,0.0011222732836933158,0.35888077683846203,277.6146853953833,326.93440805887803,0.0,MS-HIDE,13,case57,0.06
True,22,0.06,False,20,20,False,0,False,0.4833378963952369,0.27406566616842903,0.5257733651957028,274.2087167542195,331.779950359487,0.0,MS-HIDE,14,case57,0.06
True,26,0.06,True,4,4,False,25,False,0.17144160094404481,0.004170119803711382,0.4536025865390631,376.13156453880947,447.32447527640164,0.0,MS-HIDE,15,case57,0.06
True,40,-0.06,True,1,1,False,40,True,5.602655794312792e-10,0.00767519203637607,0.4452570639369997,277.7676604920998,350.3563604055671,0.0,MS-HIDE,16,case57,0.06
True,1,-0.06,False,20,20,False,1,True,5.810094265811855e-07,0.024675847582599494,0.4140085239257196,371.5940126479836,424.067895874033,0.0,MS-HIDE,17,case57,0.06
True,37,-0.06,True,1,1,False,43,False,0.17144160111312273,0.0016569697231206366,0.43103437421885105,280.9542414965108,351.6856413363712,0.0,MS-HIDE,18,case57,0.06
True,42,-0.06,True,2,2,False,42,True,3.8671808797186145e-10,0.0020954845312176665,0.574945811001597,275.36997504357714,353.73996007838286,0.0,MS-HIDE,19,case57,0.06
True,32,0.06,False,20,20,False,0,False,0.42927252803880933,0.3366361457594659,0.5043178178426346,371.0601583530661,429.8046065639951,0.0,MS-HIDE,20,case57,0.06
True,20,0.06,True,1,1,False,19,False,0.1714416010423013,0.00196145043629573,0.3373411861797829,281.33598540443927,328.3956145722186,0.0,MS-HIDE,21,case57,0.06
True,46,0.06,False,20,20,False,0,False,0.4207311953984103,0.33402608910829346,0.533965902724124,370.12990835064556,422.13794441195324,0.0,MS-HIDE,22,case57,0.06
True,42,0.06,True,2,2,False,42,True,3.8671808797186145e-10,0.0020954845319238443,0.5516982950834965,279.16082070441917,348.20776394044515,0.0,MS-HIDE,23,case57,0.06
True,56,-0.06,True,2,2,False,56,True,0.17144160094404476,0.0050947048042075714,0.561794130465691,264.6163166471524,344.98987673723605,0.0,MS-HIDE,24,case57,0.06
True,53,0.06,True,1,1,False,53,True,0.17144160098153602,0.0017304930190815805,0.2903316151202946,284.58176245330833,360.826232697582,0.0,MS-HIDE,25,case57,0.06
True,48,0.06,True,1,1,False,48,True,3.8671808797186145e-10,0.0013040373235679995,0.31666415908333656,272.5727500481298,329.7750690864632,0.0,MS-HIDE,26,case57,0.06
True,24,-0.06,True,2,2,False,24,True,0.1714416009440448,0.0022543783543530426,0.5198660929652091,277.2090313548688,337.9345205932623,0.0,MS-HIDE,27,case57,0.06
True,20,0.06,True,1,1,False,19,False,0.1714416015285962,0.001961450437083908,0.3464264016883359,278.1834875670029,360.67534762551077,0.0,MS-HIDE,28,case57,0.06
True,34,-0.06,True,3,3,False,34,True,3.9224277107497897e-10,0.0021784743640564097,0.30926882533653044,265.17119794734754,335.12190003239084,0.0,MS-HIDE,29,case57,0.06
True,11,-0.06,True,1,1,False,11,True,3.8671819781197475e-10,0.00036839150146271833,0.3424478073616517,280.67772084323224,356.1487750033848,0.0,MS-HIDE,30,case57,0.06
True,38,0.06,True,2,2,False,56,False,0.17144160094404476,0.005094704799048432,0.5602728051661255,264.82663550705183,336.09469797229394,0.0,MS-HIDE,31,case57,0.06
True,32,0.06,False,20,20,False,0,False,0.4269283659650851,0.3359840418755246,0.5226316330739487,271.746477051056,326.18508365703747,0.0,MS-HIDE,32,case57,0.06
True,15,-0.06,False,20,20,False,0,False,0.4450396752145429,0.32283022246253074,0.5418656116967575,263.9579624898033,338.01547324401326,0.0,MS-HIDE,33,case57,0.06
True,36,0.06,True,1,1,False,36,True,3.867180879718739e-10,0.000714833475904008,0.3753392612586144,258.20032085466664,306.4353687572293,0.0,MS-HIDE,34,case57,0.06
True,26,0.06,True,1,1,False,25,False,0.17144160094458527,0.0042066609352323465,0.47347070884958786,277.05363119603135,322.78504970890936,0.0,MS-HIDE,35,case57,0.06
True,28,0.06,True,1,1,False,28,True,8.289953956446547e-10,0.0011222732834361756,0.35460350804510354,273.02347065124195,360.22800444916356,0.0,MS-HIDE,36,case57,0.06
True,3,0.06,True,1,1,False,3,True,3.8671819781197475e-10,0.0010234120715768371,0.47033267994961503,253.56785835465416,298.1709797983058,0.0,MS-HIDE,37,case57,0.06
True,6,0.06,True,1,1,False,6,True,3.8671819781197475e-10,0.001832698981822876,0.2622956032225443,276.39479585632216,351.3164517527912,0.0,MS-HIDE,38,case57,0.06
True,51,-0.06,True,1,1,False,51,True,4.0121618577711494e-10,0.004226153272810269,0.44786496910450435,274.1679541009944,341.39604998053983,0.0,MS-HIDE,39,case57,0.06
True,17,0.06,True,1,1,False,17,True,0.004662360481321877,0.0025589375056100597,0.44712934754521544,282.5135312945349,365.7393295143265,0.0,MS-HIDE,40,case57,0.06
True,49,-0.06,True,1,1,False,49,True,2.2033981666701353e-07,0.001826175493173039,0.30656832370114195,265.13710420695134,329.76143300766125,0.0,MS-HIDE,41,case57,0.06
True,19,-0.06,True,2,2,False,19,True,0.1714416010952807,0.0019614504359608863,0.34916339170508903,272.9845124937128,347.13019407645334,0.0,MS-HIDE,42,case57,0.06
True,31,0.06,True,1,1,False,31,True,6.75021817701127e-07,0.002124453444498271,0.34949334293253775,271.09391684643924,328.99501876963774,0.0,MS-HIDE,43,case57,0.06
True,55,0.06,True,1,1,False,55,True,3.8671808797204783e-10,0.000871026066457234,0.34820239013313903,257.1424104011385,312.5368500361219,0.0,MS-HIDE,44,case57,0.06
True,2,0.06,True,1,1,False,2,True,3.8671819781197475e-10,0.0020725267205300426,0.27209314454780076,273.09066870366223,324.29777052020654,0.0,MS-HIDE,45,case57,0.06
True,34,-0.06,True,1,1,False,34,True,4.41910679856843e-10,0.002178474364737831,0.29436974034259167,273.38623964751605,327.60655173915444,0.0,MS-HIDE,46,case57,0.06
True,14,-0.06,True,1,1,False,14,True,3.8671819781197475e-10,0.0016982258161306553,0.34803435700237095,270.785839605378,348.0987211660249,0.0,MS-HIDE,47,case57,0.06
True,1,0.06,False,20,20,False,1,True,0.00010256675350186327,0.025731140719840874,0.4791207493116036,247.90569785400294,319.0899827197427,0.0,MS-HIDE,48,case57,0.06
True,34,-0.06,True,2,2,False,34,True,3.9296660403805756e-10,0.002178474363819287,0.3095918012773078,263.0124207033077,327.8462645597756,0.0,MS-HIDE,49,case57,0.06
True,40,-0.06,True,4,4,False,40,True,3.8671808797248727e-10,0.00766719143188032,0.420858570661631,269.3440687493421,333.9773416228127,0.0,MS-HIDE,50,case57,0.06
True,27,-0.06,True,1,1,False,27,True,5.317061392765672e-10,0.0011746647118514699,0.34835486008401934,283.3706542587606,348.54155030916445,0.0,MS-HIDE,51,case57,0.06
True,44,-0.06,True,1,1,False,44,True,3.867180879725e-10,0.003778100618634242,0.5254865346932933,270.60552084294613,343.5307809355436,0.0,MS-HIDE,52,case57,0.06
True,1,0.06,False,20,20,False,1,True,5.247651753240314e-06,0.024704975305537984,0.4830299708643329,275.6396938493708,336.78096906514844,0.0,MS-HIDE,53,case57,0.06
True,20,-0.06,True,2,2,False,20,True,0.17144160105147682,0.0019614504362950097,0.353668472785608,260.0974772009067,326.63609584851656,0.0,MS-HIDE,54,case57,0.06
True,41,-0.06,True,1,1,False,41,True,3.954446996083655e-10,0.0006132213468998226,0.35166287562564413,264.12751059397124,320.8478443470085,0.0,MS-HIDE,55,case57,0.06
True,25,0.06,True,1,1,False,26,False,0.1714416009440448,0.004170119958855575,0.44533413402069244,275.5876375013031,334.92957326525357,0.0,MS-HIDE,56,case57,0.06
True,33,0.06,True,15,15,False,33,True,5.859539269010594e-06,0.014140537616710556,0.44418806118053017,282.5142145942664,370.5014187435154,0.0,MS-HIDE,57,case57,0.06
True,42,-0.06,True,1,1,False,42,True,3.8671808797186145e-10,0.0020954845316290558,0.5679989265671327,273.5529979428975,356.6505642666016,0.0,MS-HIDE,58,case57,0.06
True,21,0.06,False,20,20,False,0,False,0.4458663413350557,0.32972598804932246,0.5520364524908327,266.40675625239965,335.12341640016535,0.0,MS-HIDE,59,case57,0.06
True,36,-0.06,True,1,1,False,36,True,3.867180879719114e-10,0.0007148334763384611,0.37313425791769705,276.56836019305047,333.911645488115,0.0,MS-HIDE,60,case57,0.06
True,46,0.06,False,20,20,False,0,False,0.44520951778228657,0.3260412443359848,0.5527352204711432,262.1884978492744,303.829120847513,0.0,MS-HIDE,61,case57,0.06
True,56,0.06,True,3,3,False,56,True,0.17144160094404476,0.005094704862643036,0.54461318523784,275.0363584549632,338.53246038779616,0.0,MS-HIDE,62,case57,0.06
True,8,-0.06,True,1,1,False,8,True,3.8671819781197475e-10,0.0003177869002325071,0.3360188810487895,269.0009874466341,367.51349556143396,0.0,MS-HIDE,63,case57,0.06
True,2,0.06,True,1,1,False,2,True,3.8671819781197475e-10,0.0020725267209800637,0.27907541765611865,270.12437070079613,324.9146892601857,0.0,MS-HIDE,64,case57,0.06
True,43,0.06,True,1,1,False,37,False,0.17144160148037849,0.0016569697234956882,0.43103437421885105,275.52765823784284,335.8249041892123,0.0,MS-HIDE,65,case57,0.06
True,11,0.06,True,1,1,False,11,True,3.8671819781197475e-10,0.0003683915006784564,0.33743029460712765,268.6616646969924,331.4814045035746,0.0,MS-HIDE,66,case57,0.06
True,7,0.06,True,5,5,False,7,True,3.8671819781197475e-10,0.013715915222621996,0.5271122114462387,272.2259937087074,343.4897455677856,0.0,MS-HIDE,67,case57,0.06
True,7,-0.06,True,9,9,False,7,True,3.8671819781203286e-10,0.0137123749658132,0.5174876857323965,274.31145415466744,375.08620866574347,0.0,MS-HIDE,68,case57,0.06
True,51,-0.06,True,2,2,False,51,True,0.0005343748254634909,0.0042298598912880745,0.44263727806756176,272.469349950552,325.3632285312051,0.0,MS-HIDE,69,case57,0.06
True,12,-0.06,True,1,1,False,12,True,3.8671819781197475e-10,0.0002901152597598226,0.27540479289454173,259.7112333023688,320.4348649014719,0.0,MS-HIDE,70,case57,0.06
True,17,-0.06,True,3,3,False,17,True,0.004120984287229895,0.002559526016904835,0.4349212516598304,271.3799334014766,374.66409405169543,0.0,MS-HIDE,71,case57,0.06
True,35,0.06,True,1,1,False,35,True,3.8671808797186145e-10,0.0009331971383940741,0.32818164532036603,265.3544167027576,330.7341333566001,0.0,MS-HIDE,72,case57,0.06
True,37,0.06,True,1,1,False,37,True,0.1714416014749924,0.0016569697244420006,0.4180488204711792,263.65565404412337,310.09382294432726,0.0,MS-HIDE,73,case57,0.06
True,11,0.06,True,1,1,False,11,True,3.8671819781197475e-10,0.0003683915015089427,0.3392781705445239,246.93516455590725,288.75556838465855,0.0,MS-HIDE,74,case57,0.06
True,43,-0.06,True,1,1,False,37,False,0.1714416010890434,0.0016569697230968518,0.43103437421885105,254.087006195914,296.0299371916335,0.0,MS-HIDE,75,case57,0.06
True,39,0.06,True,2,2,False,39,True,3.867180879718616e-10,0.003647474192318536,0.5015297357935581,274.6907043008832,360.0775372091448,0.0,MS-HIDE,76,case57,0.06
True,41,-0.06,True,1,1,False,41,True,3.8671808797207306e-10,0.0006132213469017983,0.36100122202338636,278.29123330593575,328.97556253010407,0.0,MS-HIDE,77,case57,0.06
True,11,-0.06,True,1,1,False,11,True,3.8671819781197475e-10,0.0003683915014164428,0.33576762064856125,270.2075980545487,331.72333959664684,0.0,MS-HIDE,78,case57,0.06
True,24,0.06,True,1,1,False,24,True,0.17144160095582148,0.002256834648631348,0.5198380317951001,266.99693535338156,335.0578204990598,0.0,MS-HIDE,79,case57,0.06
True,26,-0.06,True,1,1,False,26,True,0.1714416009442881,0.004170119800281274,0.4537988934151306,267.423958244035,320.2952497202205,0.0,MS-HIDE,80,case57,0.06
True,37,0.06,True,1,1,False,37,True,0.17144160107931417,0.001656969723087287,0.43103437421885105,258.27705635747407,330.94660275965,0.0,MS-HIDE,81,case57,0.06
True,26,-0.06,True,1,1,False,26,True,0.1714416009440448,0.0041701198002813,0.4537988934151306,271.4897603611462,350.0762333074818,0.0,MS-HIDE,82,case57,0.06
True,20,-0.06,True,2,2,False,19,False,0.17144160111180584,0.001961450436360475,0.3671824335321021,251.25734374742026,297.9688226274448,0.0,MS-HIDE,83,case57,0.06
True,54,0.06,True,1,1,False,54,True,0.0005969871754891506,0.0019107039523460622,0.6361455330908878,266.4227875589859,324.1400333208731,0.0,MS-HIDE,84,case57,0.06
True,31,0.06,True,2,2,False,31,True,2.972047895336106e-05,0.0021244549564969372,0.352821570884308,269.34979989600834,333.3576288452605,0.0,MS-HIDE,85,case57,0.06
True,28,0.06,True,1,1,False,28,True,1.1575663266077902e-09,0.0011222732835562683,0.36126376654193093,260.195054198266,319.71198331157217,0.0,MS-HIDE,86,case57,0.06
True,26,-0.06,True,2,2,False,26,True,0.17144160094528574,0.004170123127983167,0.452150818014204,268.1390144454781,374.11543120979337,0.0,MS-HIDE,87,case57,0.06
True,17,-0.06,True,3,3,False,17,True,1.4367372948419648e-05,0.002604288503812233,0.422372830553971,268.47389160247985,327.55963061063085,0.0,MS-HIDE,88,case57,0.06
True,55,-0.06,True,1,1,False,55,True,3.867180879718684e-10,0.000871026065995326,0.36126376654193093,258.5004937951453,316.12771633954253,0.0,MS-HIDE,89,case57,0.06
True,11,0.06,True,1,1,False,11,True,3.8671819781197475e-10,0.00036839150160813256,0.33447472646924326,269.71179379324894,358.932555912179,0.0,MS-HIDE,90,case57,0.06
True,48,-0.06,True,2,2,False,48,True,1.1126799665891826e-09,0.0013040373240150408,0.3343150437378616,270.47552500735037,335.1899044413585,0.0,MS-HIDE,91,case57,0.06
True,50,-0.06,True,1,1,False,50,True,3.8671808797186166e-10,0.0014815974620797803,0.43581486270728387,274.26989784871694,352.6267681416357,0.0,MS-HIDE,92,case57,0.06
True,53,-0.06,True,1,1,False,53,True,0.17144166537829417,0.0017304931164853943,0.25835753193502414,263.60013950034045,362.0787017513067,0.0,MS-HIDE,93,case57,0.06
True,43,0.06,True,1,1,False,37,False,0.1714416010009735,0.0016569697239517337,0.430202391331233,269.9275063001551,325.97231662366545,0.0,MS-HIDE,94,case57,0.06
True,40,-0.06,True,2,2,False,40,True,3.8671808797196795e-10,0.007682766784658847,0.4487956275077085,268.36861870542634,321.6269232652849,0.0,MS-HIDE,95,case57,0.06
True,10,-0.06,True,1,1,False,10,True,3.8671819781197475e-10,0.0008020016223035871,0.3352066697295907,262.7734416659223,320.7703711523209,0.0,MS-HIDE,96,case57,0.06
True,14,0.06,True,1,1,False,14,True,3.8671819781197475e-10,0.0016982258159146794,0.3413500170864512,263.2172146521043,314.6161190379644,0.0,MS-HIDE,97,case57,0.06
True,53,-0.06,True,1,1,False,53,True,0.17144160103198466,0.0017304930199502553,0.27435410956296236,267.12061034340877,308.1312100694049,0.0,MS-HIDE,98,case57,0.06
True,49,-0.06,True,1,1,False,49,True,3.9185778327986865e-10,0.001826174901799966,0.32011541273732846,266.37059999920893,313.20261007058434,0.0,MS-HIDE,99,case57,0.06
True,56,0.06,True,1,1,False,38,False,0.1714416009440448,0.005094704795421052,0.5599861792284886,266.47648534271866,326.1668642546283,0.0,MS-HIDE,100,case57,0.06
True,17,-0.06,True,3,3,False,17,True,0.003555162994358383,0.002551710235953737,0.5035540017943335,259.466858257656,291.34541212697513,0.0,MS-HIDE,101,case57,0.06
True,12,0.06,True,1,1,False,12,True,3.8671819781197475e-10,0.0002901152601130332,0.26767867149353447,265.4018476983765,315.1558454643237,0.0,MS-HIDE,102,case57,0.06
True,48,-0.06,True,1,1,False,48,True,3.8671808797186166e-10,0.0013040373235605497,0.3208517169136349,264.4209792080801,340.9424107492669,0.0,MS-HIDE,103,case57,0.06
True,31,0.06,True,2,2,False,31,True,3.369002975672558e-05,0.002124455180861079,0.3501646462340622,267.20999575045425,332.68117021070793,0.0,MS-HIDE,104,case57,0.06
True,31,0.06,True,1,1,False,31,True,5.184043714492756e-05,0.002124456233021963,0.3331656441203096,268.6461458535632,348.9252205268713,0.0,MS-HIDE,105,case57,0.06
True,41,-0.06,True,1,1,False,41,True,3.8671808797206685e-10,0.0006132213468168739,0.35814207161581235,274.71276029828005,332.7937014109921,0.0,MS-HIDE,106,case57,0.06
True,16,-0.06,False,20,20,False,16,True,0.0006556464253156158,0.0747585967587931,0.5498313546461924,262.4050311977044,314.6491628111107,0.0,MS-HIDE,107,case57,0.06
True,20,0.06,True,3,3,False,19,False,0.17144160124559085,0.001961450436163099,0.3778940525664888,268.7025291437749,332.85440058680257,0.0,MS-HIDE,108,case57,0.06
True,50,0.06,True,2,2,False,50,True,3.867180879718616e-10,0.001481597461874506,0.4418678310254754,259.213487492525,323.06006039434584,0.0,MS-HIDE,109,case57,0.06
True,17,0.06,True,1,1,False,17,True,0.003753161277967411,0.0025997496849860047,0.487080868173384,261.4434187475126,314.1080625122413,0.0,MS-HIDE,110,case57,0.06
True,41,0.06,True,1,1,False,41,True,3.8671808797189004e-10,0.0006132213468602189,0.3557714179979451,262.6547603547806,311.34102944633923,0.0,MS-HIDE,111,case57,0.06
True,15,0.06,False,20,20,False,15,True,0.19317839136608994,0.19321425788020738,0.5766602459983022,278.05551454948727,331.68230896117166,0.0,MS-HIDE,112,case57,0.06
True,12,-0.06,True,1,1,False,12,True,3.8671819781197475e-10,0.0002901152601130332,0.26767867149353447,259.77106665086467,306.39782885846216,0.0,MS-HIDE,113,case57,0.06
True,33,-0.06,True,17,17,False,33,True,3.195107053878889e-05,0.014076319724362844,0.42566694309367226,266.9716624979628,305.6722312758212,0.0,MS-HIDE,114,case57,0.06
True,8,0.06,True,1,1,False,8,True,3.8671819781197475e-10,0.00031778690141623654,0.34297535213523345,278.35140409879386,349.65388712298596,0.0,MS-HIDE,115,case57,0.06
True,16,-0.06,False,20,20,False,0,False,0.47909502795294806,0.2870452831817458,0.5183034309677463,267.2828229056904,330.16786311927723,0.0,MS-HIDE,116,case57,0.06
True,46,-0.06,False,20,20,False,0,False,0.4955101375275078,0.3046113809604001,0.5305996800941457,268.886206150637,317.7713610348292,0.0,MS-HIDE,117,case57,0.06
True,8,-0.06,True,1,1,False,8,True,3.8671819781197475e-10,0.0003177869002905102,0.33973415881590785,269.9149834486889,322.96346248185733,0.0,MS-HIDE,118,case57,0.06
True,20,0.06,True,1,1,False,20,True,0.17144160117858803,0.001961450436298131,0.3486170769959765,272.1264917490771,358.5180232446874,0.0,MS-HIDE,119,case57,0.06
True,52,-0.06,True,1,1,False,52,True,0.17144160108452236,0.0017304930191929207,0.2839339011420118,263.27518750331365,317.85731281852355,0.0,MS-HIDE,120,case57,0.06
True,9,-0.06,True,1,1,False,9,True,3.8671819781197475e-10,0.0047935987165830035,0.40016193701806535,256.85002919344697,306.4820752944797,0.0,MS-HIDE,121,case57,0.06
True,21,0.06,False,20,20,False,0,False,0.43043790307934904,0.33381160434599577,0.5584794935912294,266.7249333928339,317.45948480674997,0.0,MS-HIDE,122,case57,0.06
True,43,0.06,True,1,1,False,37,False,0.17144160111178602,0.0016569697231193121,0.43103437421885105,268.1608729501022,342.52106460335204,0.0,MS-HIDE,123,case57,0.06
True,18,-0.06,True,4,4,False,18,True,0.0006103314419189409,0.004033852499369395,0.5450481966158109,291.03697300015483,364.1472499846714,0.0,MS-HIDE,124,case57,0.06
True,38,-0.06,True,4,4,False,56,False,0.17144160094404476,0.00509470485487013,0.5685460235662727,264.3227976397611,331.6329493798549,0.0,MS-HIDE,125,case57,0.06
True,47,-0.06,False,20,20,False,0,False,0.4387602744919392,0.33113050260622323,0.5175358070323528,256.7785831983201,296.9801562459907,0.0,MS-HIDE,126,case57,0.06
True,51,-0.06,True,1,1,False,51,True,3.8671808797278004e-10,0.004226153272571535,0.46032803016589585,271.39992720331065,334.7674726188416,0.0,MS-HIDE,127,case57,0.06
True,23,0.06,True,0,0,False,0,False,0.4432326227593772,0.3315194236780711,0.5415493809120452,253.39340819627975,336.0349621187197,0.0,MS-HIDE,128,case57,0.06
True,40,0.06,True,3,3,False,40,True,3.8671808797215004e-10,0.007666743693615222,0.392513683640989,271.78069365327246,324.4801353517688,0.0,MS-HIDE,129,case57,0.06
True,20,-0.06,True,1,1,False,19,False,0.17144160119535326,0.0019614504366099977,0.3464264016883359,283.66111880459357,376.8754077027552,0.0,MS-HIDE,130,case57,0.06
True,51,-0.06,True,2,2,False,51,True,3.867180879727435e-10,0.004226153271373607,0.4572103888814053,258.6757708020741,315.8530246641021,0.0,MS-HIDE,131,case57,0.06
True,26,0.06,True,2,2,False,26,True,0.17144160094421484,0.0041702519898743785,0.47589773145769465,274.9514165450819,345.81537431222387,0.0,MS-HIDE,132,case57,0.06
True,43,-0.06,True,1,1,False,37,False,0.17144160179077958,0.0016569697246545734,0.43881928069224396,266.472004094976,336.7563166510081,0.0,MS-HIDE,133,case57,0.06
True,54,-0.06,True,1,1,False,54,True,4.890649586171176e-10,0.001910250531731702,0.6209648429218436,264.4266915420303,325.69055795902386,0.0,MS-HIDE,134,case57,0.06
True,32,0.06,False,20,20,False,0,False,0.45648932293697286,0.32588837443563845,0.5267474750175475,262.05714179668576,318.83077499805955,0.0,MS-HIDE,135,case57,0.06
True,47,0.06,False,20,20,False,0,False,0.44841449718294885,0.32620356086438085,0.5364424251729613,261.71729185734876,354.6232458204031,0.0,MS-HIDE,136,case57,0.06
True,51,0.06,True,2,2,False,51,True,3.9132112739663857e-10,0.004226153273430173,0.44207377475318077,267.6956313458504,333.9824604074238,0.0,MS-HIDE,137,case57,0.06
True,53,0.06,True,1,1,False,53,True,0.17144160108944453,0.0017304930191955387,0.2839339011420118,277.6201063476037,340.4264836543007,0.0,MS-HIDE,138,case57,0.06
True,54,0.06,True,1,1,False,54,True,5.514775669588897e-10,0.0019102505323122323,0.6246143173595744,270.47488120151684,322.50523686234374,0.0,MS-HIDE,139,case57,0.06
True,20,0.06,True,2,2,False,20,True,0.1714416009440448,0.0019614488124458976,0.33549988065243264,276.3128271471942,342.98838688409893,0.0,MS-HIDE,140,case57,0.06
True,52,0.06,True,1,1,False,53,False,0.17144160124591856,0.0017304930193653514,0.2839339011420118,276.83170415402856,339.5229416608345,0.0,MS-HIDE,141,case57,0.06
True,10,0.06,True,1,1,False,10,True,3.8671819781197475e-10,0.0008020016223191906,0.3474602802169151,271.6826166550163,345.1199957751669,0.0,MS-HIDE,142,case57,0.06
True,12,-0.06,True,1,1,False,12,True,3.8671819781197475e-10,0.00029011526073611187,0.2653729852052923,277.0066082419362,341.83511456358247,0.0,MS-HIDE,143,case57,0.06
True,10,0.06,True,1,1,False,10,True,3.8671819781197475e-10,0.0008020016222398245,0.33973415881590785,260.0805771915475,298.78908571845386,0.0,MS-HIDE,144,case57,0.06
True,11,-0.06,True,1,1,False,11,True,3.8671819781197475e-10,0.0003683915010502192,0.3474602802169151,263.5412126517622,318.6436920048437,0.0,MS-HIDE,145,case57,0.06
True,25,-0.06,True,1,1,False,25,True,0.1714416009440448,0.004170120408889871,0.4603561652266164,278.78712289966643,356.4649166655727,0.0,MS-HIDE,146,case57,0.06
True,36,0.06,True,1,1,False,36,True,3.8671808797206515e-10,0.0007148334762483296,0.38202360117453416,279.52270620153286,344.39969967352226,0.0,MS-HIDE,147,case57,0.06
True,44,-0.06,True,1,1,False,44,True,1.173901916480481e-05,0.0037925088821795004,0.5150006253265152,260.2693311549956,320.0459999847226,0.0,MS-HIDE,148,case57,0.06
True,24,0.06,True,1,1,False,29,False,0.17144160095781896,0.0022572022025981286,0.5197277045529418,262.7735457092058,304.48135976039345,0.0,MS-HIDE,149,case57,0.06
True,3,0.06,True,1,1,False,3,True,3.8671819781197475e-10,0.0010234120716263045,0.4665074904412692,268.14819780993275,340.0613500009058,0.0,MS-HIDE,150,case57,0.06
True,42,0.06,True,1,1,False,42,True,3.8671808797186145e-10,0.0020954845312648835,0.564653280873265,273.85406460089143,363.4020119148773,0.0,MS-HIDE,151,case57,0.06
True,23,0.06,False,20,20,False,0,False,0.47106110574757293,0.320957417101194,0.5113677755323616,268.1907375488663,336.4126065658639,0.0,MS-HIDE,152,case57,0.06
True,45,0.06,True,1,1,False,45,True,3.8671808797186145e-10,0.0023695424059910247,0.501760506432359,273.02689374482725,322.4739229248371,0.0,MS-HIDE,153,case57,0.06
True,24,-0.06,True,1,1,False,29,False,0.17144160105105521,0.002257202202837132,0.5065025357383957,256.84079804923385,316.9918604806299,0.0,MS-HIDE,154,case57,0.06
True,22,-0.06,False,20,20,False,0,False,0.46537225419491834,0.3172214090739573,0.5647239430375159,263.36034154810477,332.4526000011247,0.0,MS-HIDE,155,case57,0.06
True,23,0.06,False,20,20,False,0,False,0.4311170325987375,0.3322044921508801,0.5428740670751778,267.7260103984736,322.9086277540774,0.0,MS-HIDE,156,case57,0.06
True,54,0.06,True,1,1,False,54,True,4.982747195264091e-10,0.0019102505318184734,0.6300182908904679,260.43475825572386,312.18276425788645,0.0,MS-HIDE,157,case57,0.06
True,33,-0.06,True,8,8,False,33,True,3.7598390623111044e-07,0.014153533778665291,0.43466081115750077,270.75734175159596,338.30891727993736,0.0,MS-HIDE,158,case57,0.06
True,39,-0.06,True,2,2,False,39,True,3.8671808797186176e-10,0.003647474191918207,0.5198248372113504,259.80514159600716,334.0208493522369,0.0,MS-HIDE,159,case57,0.06
True,13,0.06,True,1,1,False,13,True,3.8671819781197475e-10,0.0003368264113194662,0.26113239847157566,264.9173543031793,332.6931473246077,0.0,MS-HIDE,160,case57,0.06
True,38,0.06,True,1,1,False,56,False,0.17144160094404476,0.0050947047969262,0.5650046052672695,271.0195208492223,348.6230062437244,0.0,MS-HIDE,161,case57,0.06
True,35,0.06,True,1,1,False,35,True,3.8671808797186145e-10,0.0009331971386629313,0.31663254584321787,276.3875645410735,360.8844422880793,0.0,MS-HIDE,162,case57,0.06
True,26,-0.06,True,2,2,False,25,False,0.1714416009440448,0.004170119810746233,0.46950001747941184,274.8340855090646,336.3468735682545,0.0,MS-HIDE,163,case57,0.06
True,1,0.06,False,20,20,False,1,True,2.515212703167557e-06,0.024795999314352526,0.4296492109827126,258.9928646950284,301.96571698470507,0.0,MS-HIDE,164,case57,0.06
True,49,-0.06,True,1,1,False,49,True,3.911682891013943e-10,0.0018261749018399665,0.31234513056315805,268.8976251054555,332.97129231505096,0.0,MS-HIDE,165,case57,0.06
True,40,0.06,True,2,2,False,40,True,3.8671808797238583e-10,0.007717861251384447,0.4519956909161469,277.7953666052781,355.2879795228364,0.0,MS-HIDE,166,case57,0.06
True,40,0.06,True,2,2,False,40,True,3.8716933559995555e-10,0.007663469174873904,0.4417071041538201,270.73617489950266,351.38369756459724,0.0,MS-HIDE,167,case57,0.06
True,28,0.06,True,1,1,False,28,True,7.040763473018634e-10,0.001122273283372026,0.36100122202338636,265.37509790214244,331.95523125177715,0.0,MS-HIDE,168,case57,0.06
True,38,0.06,True,3,3,False,56,False,0.17144160094404476,0.005094704811283147,0.5688297947756152,257.0929541019723,309.55811604799237,0.0,MS-HIDE,169,case57,0.06
True,27,0.06,True,1,1,False,27,True,8.309721469008889e-10,0.0011746647113739914,0.341407975649555,284.5813229010673,386.2558243505191,0.0,MS-HIDE,170,case57,0.06
True,30,-0.06,True,2,2,False,30,True,4.4023958740195525e-05,0.002284519942098318,0.3686564566484499,278.5605541081168,336.8724375177408,0.0,MS-HIDE,171,case57,0.06
True,31,-0.06,True,1,1,False,31,True,5.2269502244219335e-05,0.0021244562582797143,0.3339608173744859,270.75635214860085,350.03232230083086,0.0,MS-HIDE,172,case57,0.06
True,27,0.06,True,2,2,False,27,True,4.626852969530118e-10,0.001174664711057279,0.3488650287103272,280.5611624469748,348.5503024334321,0.0,MS-HIDE,173,case57,0.06
True,51,0.06,True,1,1,False,51,True,4.03032235914928e-10,0.004226153272511716,0.44437865966928414,276.75687294104137,341.96807050320785,0.0,MS-HIDE,174,case57,0.06
True,28,0.06,True,1,1,False,28,True,7.65036041077592e-07,0.0011222733174303665,0.3593353081462475,260.3750352951465,333.5269431321649,0.0,MS-HIDE,175,case57,0.06
True,33,-0.06,True,12,12,False,33,True,1.5091390672781585e-05,0.014111153913969804,0.43148068478138824,264.4952873408329,325.3092229308095,0.0,MS-HIDE,176,case57,0.06
True,20,-0.06,True,1,1,False,19,False,0.17144160100682626,0.00196145043605999,0.3422193630176937,258.2877708453452,305.67393540113704,0.0,MS-HIDE,177,case57,0.06
True,5,0.06,True,2,2,False,5,True,3.8671819781197486e-10,0.0017569826857387913,0.27528196527109183,266.22030619182624,333.70235449110623,0.0,MS-HIDE,178,case57,0.06
True,38,0.06,True,2,2,False,38,True,0.17144160094404476,0.005094704799048432,0.5602728051661255,235.58341456518974,308.5136125097051,0.0,MS-HIDE,179,case57,0.06
True,52,-0.06,True,1,1,False,52,True,0.17144160161936398,0.0017304930206082363,0.2810384494788821,271.00585425214376,325.595014638384,0.0,MS-HIDE,180,case57,0.06
True,48,0.06,True,2,2,False,48,True,3.8671808797186176e-10,0.0013040373236687605,0.33123464967661076,262.1104895544704,331.11835178860935,0.0,MS-HIDE,181,case57,0.06
True,32,-0.06,False,20,20,False,0,False,0.4332164166695696,0.33502871877269497,0.540946508481356,272.50795829459094,320.46464962768374,0.0,MS-HIDE,182,case57,0.06
True,48,0.06,True,2,2,False,48,True,3.8671808797186145e-10,0.0013040373255197033,0.3128389695749908,276.31443969439715,343.9209871867206,0.0,MS-HIDE,183,case57,0.06
True,48,0.06,True,1,1,False,48,True,3.8671808797186326e-10,0.0013040373246540912,0.3075822387962709,176.41292080515996,248.6572586174589,0.0,MS-HIDE,184,case57,0.06
True,5,0.06,True,1,1,False,5,True,3.89520703793032e-10,0.0017569826859726834,0.25934185716412184,268.82652920030523,319.0277372254059,0.0,MS-HIDE,185,case57,0.06
True,41,0.06,True,1,1,False,41,True,3.8671806051193606e-10,0.0006132213468354862,0.36126376654193093,245.3227040998172,333.0481020937441,0.0,MS-HIDE,186,case57,0.06
True,29,-0.06,True,1,1,False,29,True,0.17144160099592048,0.002257202188862133,0.5017386343691097,270.24513749347534,340.9513021091698,0.0,MS-HIDE,187,case57,0.06
True,10,-0.06,True,1,1,False,10,True,3.8671819781197475e-10,0.0008020016223542866,0.34327272238661666,219.58330425841268,279.8552829975961,0.0,MS-HIDE,188,case57,0.06
True,13,0.06,True,1,1,False,13,True,3.8671819781197475e-10,0.00033682641069362383,0.2709990034890693,124.10209790105,165.09359619522002,0.0,MS-HIDE,189,case57,0.06
True,7,-0.06,False,20,20,False,7,True,3.8671819781202356e-10,0.013720593442019032,0.5290215925761241,263.4464083414059,314.87550448509865,0.0,MS-HIDE,190,case57,0.06
True,34,-0.06,True,2,2,False,34,True,3.9959363567840667e-10,0.002178474363847779,0.31802395449502646,187.83199999597855,258.85227500984917,0.0,MS-HIDE,191,case57,0.06
True,23,-0.06,False,20,20,False,0,False,0.4428043398056229,0.32613892518826887,0.545145707993274,266.06067288958,327.92792912223376,0.0,MS-HIDE,192,case57,0.06
True,22,-0.06,False,20,20,False,0,False,0.4511412827461504,0.32897005640527976,0.5391461321941392,182.9630437423475,245.9907416428905,0.0,MS-HIDE,193,case57,0.06
True,53,-0.06,True,1,1,False,52,False,0.1714416010125828,0.0017304930197782932,0.27737662933052604,102.30112290300895,132.24929234129377,0.0,MS-HIDE,194,case57,0.06
True,40,0.06,True,1,1,False,40,True,4.2107202095357787e-10,0.007676202247260276,0.48324977093780463,234.1308437549742,315.0193798239343,0.0,MS-HIDE,195,case57,0.06
True,4,-0.06,False,20,20,False,0,False,0.4239404219547638,0.3334019073420796,0.5585842373202626,132.31926884909626,159.47966427193026,0.0,MS-HIDE,196,case57,0.06
True,23,0.06,False,20,20,False,0,False,0.42597598775779394,0.33648578588876726,0.5322417233587027,227.9417310957797,300.14378305058926,0.0,MS-HIDE,197,case57,0.06
True,17,0.06,True,2,2,False,17,True,0.0011471657418482325,0.0026051071235201236,0.3980479377584766,128.10652514745016,166.68319577001967,0.0,MS-HIDE,198,case57,0.06
True,28,0.06,True,1,1,False,28,True,5.265379285659998e-10,0.0011222732832301622,0.3522996438363233,79.7227811999619,87.29583061067387,0.0,MS-HIDE,199,case57,0.06
True,26,-0.06,True,1,1,False,26,True,0.17144160096999694,0.008611653627212027,0.6946651679887632,2.074418793199584,2.4987378361402084,0.0,RHMTD,0,case57,0.06
True,49,-0.06,True,1,1,False,49,True,3.867180879722152e-10,0.003281377041758706,0.7031763863922,4.121358357951976,8.054907742189245,0.0,RHMTD,1,case57,0.06
True,53,-0.06,True,1,1,False,53,True,0.17144160094586686,0.003822746880011561,0.7061114305861951,3.451656296965666,9.241075333557092,0.0,RHMTD,2,case57,0.06
True,37,0.06,True,1,1,False,37,True,0.1714416009440448,0.0025123811158494383,0.6963739639653085,4.34924561122898,10.97973268479109,0.0,RHMTD,3,case57,0.06
True,46,0.06,True,17,17,False,0,False,0.43733174930649993,0.3296082163080394,0.6946312741064754,5.2825186954578385,12.154035101411868,0.0,RHMTD,4,case57,0.06
True,17,0.06,True,5,5,False,17,True,0.0021207312610402847,0.04363840528099614,0.6998393279171573,1.9644166051875798,2.3358315374935046,0.0,RHMTD,5,case57,0.06
True,24,0.06,True,1,1,False,29,False,0.17144160095881017,0.013931570892899004,0.6929940233908594,4.166579249431379,8.87464166444261,0.0,RHMTD,6,case57,0.06
True,3,0.06,True,1,1,False,3,True,3.8671819781197475e-10,0.005504218492867223,0.6977877947654327,4.079333500703797,7.299054469331169,0.0,RHMTD,7,case57,0.06
True,8,-0.06,True,1,1,False,8,True,3.8671819781197475e-10,0.00033345882170102213,0.7050455676820152,4.518566792830825,9.32048748363741,0.0,RHMTD,8,case57,0.06
True,22,0.06,False,20,20,False,0,False,0.5525372648204027,0.26402628290699637,0.6976274094521628,5.5309081915766,11.831006803549828,0.0,RHMTD,9,case57,0.06
True,29,-0.06,True,3,3,False,29,True,0.17144160094486446,0.010237521671731966,0.6955706455796734,2.007039650925435,2.4897916591726243,0.0,RHMTD,10,case57,0.06
True,28,-0.06,True,1,1,False,28,True,3.867181428919181e-10,0.00415274446920808,0.6906948533828214,3.9293312438530847,7.680110356886873,0.0,RHMTD,11,case57,0.06
True,8,0.06,True,1,1,False,8,True,3.8671819781197475e-10,0.00048432174357702424,0.6983076530817569,3.2883186562685296,6.514526469982229,0.0,RHMTD,12,case57,0.06
True,28,-0.06,True,1,1,False,28,True,3.867181428919181e-10,0.0011951786331795642,0.6980451085632124,4.518183306208812,9.82530141773168,0.0,RHMTD,13,case57,0.06
True,22,0.06,False,20,20,False,0,False,0.46970756566504374,0.30429006142577475,0.6999195205737923,3.7715687532909214,7.210963961551899,0.0,RHMTD,14,case57,0.06
True,26,0.06,True,1,1,False,25,False,0.1714416009440448,0.005583931531383606,0.7029138418736557,2.0449604518944398,2.5046836730325595,0.0,RHMTD,15,case57,0.06
True,40,-0.06,True,1,1,False,40,True,9.023848408589481e-10,0.012903969526888746,0.6989696876590645,4.04080199659802,8.44763712375425,0.0,RHMTD,16,case57,0.06
True,1,-0.06,False,20,20,False,1,True,4.972972226368805e-09,0.037894449922048844,0.6959342983056191,4.138954245718196,8.500917017227039,0.0,RHMTD,17,case57,0.06
True,37,-0.06,True,1,1,False,43,False,0.1714416009440448,0.0030482838595780586,0.6993944315367031,3.5684332600794733,6.321689617470838,0.0,RHMTD,18,case57,0.06
True,42,-0.06,True,1,1,False,42,True,3.8671808797186145e-10,0.004456267902095131,0.7018636637994773,2.9703312611673027,3.451218755799347,0.0,RHMTD,19,case57,0.06
True,32,0.06,False,20,20,False,0,False,0.41198817501257506,0.33533308621437646,0.7002570270282067,1.970431246445514,2.3704747000010684,0.0,RHMTD,20,case57,0.06
True,20,0.06,True,1,1,False,19,False,0.1714416009440448,0.002646422470825393,0.7010446605838406,4.469658393645659,9.122330855461769,0.0,RHMTD,21,case57,0.06
True,46,0.06,False,20,20,False,0,False,0.42095563637888467,0.33311211468687996,0.7050455676820151,4.007293749600649,8.133533934596928,0.0,RHMTD,22,case57,0.06
True,42,0.06,True,3,3,False,42,True,3.8671808797186145e-10,0.005703135215905833,0.6967968937971228,3.9463562919991086,8.6365434108302,0.0,RHMTD,23,case57,0.06
True,56,-0.06,True,1,1,False,56,True,0.1714416009440448,0.015685256922112648,0.7034389309107447,4.323583445511758,9.748091688379649,0.0,RHMTD,24,case57,0.06
True,53,0.06,True,1,1,False,53,True,0.17144160094404476,0.0034826215033759316,0.6932174433063512,4.354402152239345,8.31980415969156,0.0,RHMTD,25,case57,0.06
True,48,0.06,True,2,2,False,48,True,3.8671808797186145e-10,0.0050234038901803115,0.6994537086425714,4.1641748015535995,9.965479455422617,0.0,RHMTD,26,case57,0.06
True,24,-0.06,True,2,2,False,24,True,0.17144160139443362,0.006552376496698446,0.6989286196054825,5.294793748180382,18.99752979516052,0.0,RHMTD,27,case57,0.06
True,20,0.06,True,1,1,False,20,True,0.1714416009440448,0.002218309889431022,0.7001977499223384,3.7788520014146343,9.935556276468562,0.0,RHMTD,28,case57,0.06
True,34,-0.06,True,2,2,False,34,True,3.8671808797201324e-10,0.012075042128802215,0.6985911131510678,3.718420857330784,6.698293486260812,0.0,RHMTD,29,case57,0.06
True,11,-0.06,True,1,1,False,11,True,3.8671819781197475e-10,0.0007519078100424372,0.7015854344509314,3.7241459474898875,7.011787503142846,0.0,RHMTD,30,case57,0.06
True,38,0.06,True,4,4,False,38,True,0.1714416009440448,0.016301881786840475,0.697600212182758,5.4508207977050915,13.653366352082251,0.0,RHMTD,31,case57,0.06
True,32,0.06,False,20,20,False,0,False,0.44621436316935503,0.3260597181469546,0.6909906030593058,3.3711395430145785,5.1672544301254675,0.0,RHMTD,32,case57,0.06
True,15,-0.06,False,20,20,False,15,True,0.36108515409088443,0.24032341707979274,0.701060345413842,4.515272798016667,8.161003867280684,0.0,RHMTD,33,case57,0.06
True,36,0.06,True,1,1,False,36,True,3.8671808797186145e-10,0.0014191996864771964,0.7026512973551109,4.896743691642769,10.471683295327242,0.0,RHMTD,34,case57,0.06
True,26,0.06,True,2,2,False,25,False,0.1714416009440448,0.004497943165650443,0.6970594383156674,3.0555730423657224,3.9836166804889217,0.0,RHMTD,35,case57,0.06
True,28,0.06,True,1,1,False,28,True,3.867181428919181e-10,0.0032984013201675486,0.7058488860676505,4.267747854464687,8.596937140100637,0.0,RHMTD,36,case57,0.06
True,3,0.06,True,1,1,False,3,True,3.8671819781197475e-10,0.00379889617110106,0.6956508382363082,3.322337649296969,6.479749994468875,0.0,RHMTD,37,case57,0.06
True,6,0.06,True,1,1,False,6,True,3.8671819781197475e-10,0.005854215555235341,0.6988536576696125,4.870493750786409,9.77848127658945,0.0,RHMTD,38,case57,0.06
True,51,-0.06,True,1,1,False,51,True,3.8671808797275496e-10,0.012065364435849218,0.695650838236308,4.525177198229358,10.886656920774842,0.0,RHMTD,39,case57,0.06
True,17,0.06,True,8,8,False,17,True,7.225074392895667e-05,0.028293369105256802,0.7026512973551109,4.8097354476340115,10.477572283707572,0.0,RHMTD,40,case57,0.06
True,49,-0.06,True,1,1,False,49,True,3.867180879718616e-10,0.0032466926670628566,0.6962971879836142,4.103329245117493,9.388913956354372,0.0,RHMTD,41,case57,0.06
True,19,-0.06,True,1,1,False,20,False,0.1714416009440448,0.0021652289371762406,0.7013228899323865,2.933960352675058,3.318810416385532,0.0,RHMTD,42,case57,0.06
True,31,0.06,True,1,1,False,31,True,0.002886073177840253,0.004549001205767617,0.6991109714673922,4.2775271576829255,12.40650207619183,0.0,RHMTD,43,case57,0.06
True,55,0.06,True,1,1,False,55,True,3.8671808797186145e-10,0.000909979385986072,0.7012479279965167,3.8769041071645916,8.207548249629326,0.0,RHMTD,44,case57,0.06
True,2,0.06,True,1,1,False,2,True,3.8671819781197475e-10,0.004189507288593304,0.7005195715467514,3.792385503766127,7.120137513265946,0.0,RHMTD,45,case57,0.06
True,34,-0.06,True,1,1,False,34,True,3.8671808797186145e-10,0.003461424297709731,0.7009853834779722,3.578831150662154,5.5325868714135185,0.0,RHMTD,46,case57,0.06
True,14,-0.06,True,1,1,False,14,True,3.8671819781197475e-10,0.001323266488640775,0.6966626547553845,3.4188605524832383,5.336539895506579,0.0,RHMTD,47,case57,0.06
True,1,0.06,False,20,20,False,1,True,1.0738957744939504e-09,0.04076672000188064,0.7028388799377856,4.730635351734236,8.850847312714906,0.0,RHMTD,48,case57,0.06
True,34,-0.06,True,1,1,False,34,True,3.8671808797186145e-10,0.004792429906124248,0.7002570270282068,5.182210405473597,10.138220855151324,0.0,RHMTD,49,case57,0.06
True,40,-0.06,True,2,2,False,40,True,3.8671808797192215e-10,0.009140534772384502,0.6980451085632122,4.399066595942713,9.755275599309245,0.0,RHMTD,50,case57,0.06
True,27,-0.06,True,1,1,False,27,True,3.867181428919181e-10,0.0020455978953501388,0.6993735159859367,3.0727584497071803,4.400252088089474,0.0,RHMTD,51,case57,0.06
True,44,-0.06,True,9,9,False,44,True,6.808142978145308e-10,0.019624376058764353,0.7029138418736556,4.719016660237685,11.9352521316614,0.0,RHMTD,52,case57,0.06
True,1,0.06,False,20,20,False,1,True,6.996150427907977e-09,0.04477184591434461,0.7029138418736556,3.2941126031801105,5.254368786700073,0.0,RHMTD,53,case57,0.06
True,20,-0.06,True,1,1,False,19,False,0.1714416009440448,0.003011269164763405,0.702651297355111,3.2074562390334904,3.678548234165649,0.0,RHMTD,54,case57,0.06
True,41,-0.06,True,1,1,False,41,True,3.8671808797186145e-10,0.0006444644135611347,0.7007978008952975,3.3659458451438695,6.925093388417737,0.0,RHMTD,55,case57,0.06
True,25,0.06,True,4,4,False,26,False,0.1714416009440448,0.013396965688027625,0.7047830231634706,3.988970845239237,9.412255609640853,0.0,RHMTD,56,case57,0.06
True,33,0.06,False,20,20,False,33,True,0.16423481628131167,0.04801854754888774,0.7029138418736556,3.985135449329391,8.602781558874995,0.0,RHMTD,57,case57,0.06
True,42,-0.06,True,1,1,False,42,True,3.8671808797186145e-10,0.008736519095856725,0.6994537086425716,3.5095957980956882,5.35505685838871,0.0,RHMTD,58,case57,0.06
True,21,0.06,False,20,20,False,0,False,0.44328093198710244,0.3243505079089947,0.7085057009130991,3.614826998091303,7.780832989374176,0.0,RHMTD,59,case57,0.06
True,36,-0.06,True,1,1,False,36,True,3.8671808797186145e-10,0.0025003402677433164,0.7045047938149245,3.8822208007331938,7.101516367401934,0.0,RHMTD,60,case57,0.06
True,46,0.06,False,20,20,False,0,False,0.45294307934169825,0.32029587303413193,0.6990360095315222,3.2054520532255992,4.426487229648046,0.0,RHMTD,61,case57,0.06
True,56,0.06,True,4,4,False,38,False,0.17144160094434904,0.017140845875683618,0.6942683844284803,3.7754625489469618,6.929105950985111,0.0,RHMTD,62,case57,0.06
True,8,-0.06,True,1,1,False,8,True,3.8671819781197475e-10,0.00048768484218572296,0.7007821160652958,4.035954101709649,9.975280959042722,0.0,RHMTD,63,case57,0.06
True,2,0.06,True,1,1,False,2,True,3.8671819781197475e-10,0.002697599377667113,0.6916909991917157,3.530081201461144,6.402219095616602,0.0,RHMTD,64,case57,0.06
True,43,0.06,True,1,1,False,37,False,0.1714416009440448,0.0030750609934533644,0.6961759272733972,3.8165416510310024,7.643825330887921,0.0,RHMTD,65,case57,0.06
True,11,0.06,True,1,1,False,11,True,3.8671819781197475e-10,0.0007549391434555541,0.6943224308135836,4.822293797042221,20.676277764141563,0.0,RHMTD,66,case57,0.06
True,7,0.06,True,18,18,False,7,True,3.867181703520541e-10,0.0176255056445776,0.7029138418736556,3.6488270037807524,7.26395211822819,0.0,RHMTD,67,case57,0.06
True,7,-0.06,True,9,9,False,7,True,3.8671819781198685e-10,0.01721174767024963,0.7020303308313853,4.874837488750927,10.395585399237461,0.0,RHMTD,68,case57,0.06
True,51,-0.06,True,1,1,False,51,True,3.867180879724448e-10,0.012579756742113025,0.6956508382363082,4.332502148463391,11.625733636901714,0.0,RHMTD,69,case57,0.06
True,12,-0.06,True,1,1,False,12,True,3.8671819781197475e-10,0.00017715035484214208,0.6966417392046179,4.8094542406033725,11.92856107081753,0.0,RHMTD,70,case57,0.06
True,17,-0.06,True,4,4,False,17,True,0.1635010446289039,0.010703915058485537,0.6989286196054825,3.4165688906796277,5.741166998632253,0.0,RHMTD,71,case57,0.06
True,35,0.06,True,1,1,False,35,True,3.867181154318986e-10,0.002780717739778626,0.696716701140488,4.025785205885768,7.732348193530933,0.0,RHMTD,72,case57,0.06
True,37,0.06,True,1,1,False,37,True,0.1714416009440448,0.0030476406334949465,0.7002570270282069,4.714674942079,11.384685704251753,0.0,RHMTD,73,case57,0.06
True,11,0.06,True,1,1,False,11,True,3.8671819781197475e-10,0.0006343916925124052,0.6961759272733974,5.278345858096145,13.977964560035629,0.0,RHMTD,74,case57,0.06
True,43,-0.06,True,1,1,False,37,False,0.1714416009440448,0.002484189101779918,0.6976002121827581,4.026037550647743,9.035141614731401,0.0,RHMTD,75,case57,0.06
True,39,0.06,True,2,2,False,39,True,3.8671808797186145e-10,0.008465075337879253,0.6964052666340019,4.048458347097039,8.67309614841361,0.0,RHMTD,76,case57,0.06
True,41,-0.06,True,1,1,False,41,True,3.8671808797186145e-10,0.0007015276598169328,0.6945517701741885,3.7653417501132935,8.947422634810211,0.0,RHMTD,77,case57,0.06
True,11,-0.06,True,1,1,False,11,True,3.8671819781197475e-10,0.0007444192512089295,0.6901488487949661,3.945166547782719,7.394773597479801,0.0,RHMTD,78,case57,0.06
True,24,0.06,True,3,3,False,24,True,0.1714416009440448,0.0027632957737087327,0.7010603454138419,6.151389694423415,15.093325031921275,0.0,RHMTD,79,case57,0.06
True,26,-0.06,True,4,4,False,26,True,0.1714416009440448,0.004647520314067025,0.7002570270282069,4.5415647473419085,9.46368782024365,0.0,RHMTD,80,case57,0.06
True,37,0.06,True,1,1,False,37,True,0.1714416009440448,0.003050991714271013,0.7023887528365664,3.9386374934110795,7.3792354087345355,0.0,RHMTD,81,case57,0.06
True,26,-0.06,True,1,1,False,26,True,0.1714416009440448,0.00493291936660401,0.6910446494444095,3.770937508670613,5.48928061616608,0.0,RHMTD,82,case57,0.06
True,20,-0.06,True,1,1,False,19,False,0.1714416009440448,0.0022119370141909086,0.7037171602592909,3.8288540963549167,8.77533307357226,0.0,RHMTD,83,case57,0.06
True,54,0.06,True,1,1,False,54,True,3.8671808797186145e-10,0.002513881460439988,0.7021105234880205,4.865429157507606,8.832033010548928,0.0,RHMTD,84,case57,0.06
True,31,0.06,True,1,1,False,31,True,0.002013352462250005,0.005038038448633786,0.7037171602592907,3.9302625460550193,7.443977374350655,0.0,RHMTD,85,case57,0.06
True,28,0.06,True,1,1,False,28,True,3.867181428919181e-10,0.0010892287081273853,0.696716701140488,3.7205604545306414,8.053608381305821,0.0,RHMTD,86,case57,0.06
True,26,-0.06,True,1,1,False,25,False,0.1714416009440448,0.00479289266707891,0.6989286196054824,6.848262506537139,20.415067000431044,0.0,RHMTD,87,case57,0.06
True,17,-0.06,True,8,8,False,17,True,0.0769733648074676,0.030763293109810755,0.6932617986301688,4.578951996518299,12.513243450666778,0.0,RHMTD,88,case57,0.06
True,55,-0.06,True,1,1,False,55,True,3.8671808797186145e-10,0.0009827130280797,0.7010446605838405,4.8661603446817026,9.416330879321327,0.0,RHMTD,89,case57,0.06
True,11,0.06,True,1,1,False,11,True,3.8671819781197475e-10,0.00033090370700178504,0.7032174544457823,5.151033401489258,13.276166998548435,0.0,RHMTD,90,case57,0.06
True,48,-0.06,True,1,1,False,48,True,3.8671808797186145e-10,0.005190688936746467,0.6970751231456689,4.476158294710331,8.529797886149032,0.0,RHMTD,91,case57,0.06
True,50,-0.06,True,2,2,False,50,True,3.8671808797186145e-10,0.0032428842784969747,0.701060345413842,4.43512515630573,8.634581512887962,0.0,RHMTD,92,case57,0.06
True,53,-0.06,True,2,2,False,52,False,0.17144160094708943,0.0030258029733982875,0.7018479789694758,4.138608300127089,10.089587169932203,0.0,RHMTD,93,case57,0.06
True,43,0.06,True,1,1,False,37,False,0.1714416009440448,0.0030274762239694457,0.697600212182758,4.773197753820568,8.520160397165466,0.0,RHMTD,94,case57,0.06
True,40,-0.06,True,1,1,False,40,True,3.86718087971962e-10,0.008930250048495325,0.6975043346961217,3.7677687068935484,6.457584825693632,0.0,RHMTD,95,case57,0.06
True,10,-0.06,True,1,1,False,10,True,3.8671819781197475e-10,0.0013617505397178896,0.702051246382152,3.8320229039527476,9.246460397844203,0.0,RHMTD,96,case57,0.06
True,14,0.06,True,1,1,False,14,True,3.8671819781197475e-10,0.004573866699459372,0.6994537086425714,4.627108297427185,7.717652121209558,0.0,RHMTD,97,case57,0.06
True,53,-0.06,True,2,2,False,52,False,0.1714416009440448,0.006848354508485948,0.7007821160652961,4.901391439489089,12.655304145300768,0.0,RHMTD,98,case57,0.06
True,49,-0.06,True,3,3,False,49,True,3.867180605118431e-10,0.003578470073416872,0.6983285686325233,3.704683345858939,4.94956183247269,0.0,RHMTD,99,case57,0.06
True,56,0.06,True,2,2,False,38,False,0.17144160094404476,0.016081740569899295,0.7013228899323868,4.326518697780557,11.969201752799563,0.0,RHMTD,100,case57,0.06
True,17,-0.06,True,12,12,False,17,True,0.053291710456094446,0.01096702052618582,0.7047830231634707,4.28815635968931,12.186839582864195,0.0,RHMTD,101,case57,0.06
True,12,0.06,True,1,1,False,12,True,3.8671819781197475e-10,0.00017723885031653978,0.7015854344509311,4.491483586025424,9.359896110254342,0.0,RHMTD,102,case57,0.06
True,48,-0.06,True,2,2,False,48,True,3.8671808797186145e-10,0.006132808596079809,0.6982536066966536,3.536727142636664,5.753039615228775,0.0,RHMTD,103,case57,0.06
True,31,0.06,True,1,1,False,31,True,0.00010881420692059283,0.004538965097948294,0.7021262083180217,3.56617730576545,5.740223254542801,0.0,RHMTD,104,case57,0.06
True,31,0.06,True,1,1,False,31,True,0.04157046575993856,0.004819332041481342,0.7001820650923368,3.6351728515001014,6.773599403095433,0.0,RHMTD,105,case57,0.06
True,41,-0.06,True,1,1,False,41,True,3.8671808797186145e-10,0.0006805799868046133,0.7012479279965167,7.098116696579382,13.924356870120427,0.0,RHMTD,106,case57,0.06
True,16,-0.06,False,20,20,False,16,True,0.000621100767039181,0.07622050632309034,0.6963791946860736,4.054493751027621,9.701727365609258,0.0,RHMTD,107,case57,0.06
True,20,0.06,True,1,1,False,20,True,0.1714416009440448,0.005847474151277292,0.6984289137919739,3.5655875457450747,5.794619410880844,0.0,RHMTD,108,case57,0.06
True,50,0.06,True,2,2,False,50,True,3.867180879720807e-10,0.006351213572547644,0.6965597325021589,4.781635297695175,11.908476758981125,0.0,RHMTD,109,case57,0.06
True,17,0.06,True,7,7,False,17,True,0.07322990937559487,0.019492701312642982,0.6989286196054825,3.591024997876957,8.281413922668436,0.0,RHMTD,110,case57,0.06
True,41,0.06,True,1,1,False,41,True,3.8671808797186145e-10,0.0020696297214996763,0.6960092602414891,5.410302148084156,9.718712829635502,0.0,RHMTD,111,case57,0.06
True,15,0.06,False,20,20,False,15,True,0.12136198994897093,0.16209660462177422,0.6985911131510678,4.558308349805884,10.477691033156589,0.0,RHMTD,112,case57,0.06
True,12,-0.06,True,1,1,False,12,True,3.8671819781197475e-10,0.00017729311171765216,0.6923939724179001,3.3737874997314066,5.522448211559096,0.0,RHMTD,113,case57,0.06
True,33,-0.06,False,20,20,False,33,True,0.00023823364199228403,0.05796822648848113,0.6959935754114877,4.43312285351567,9.54824757645838,0.0,RHMTD,114,case57,0.06
True,8,0.06,True,1,1,False,8,True,3.8671819781197475e-10,0.0004876848421639067,0.7004446096108814,3.7574937538011,4.363296489464131,0.0,RHMTD,115,case57,0.06
True,16,-0.06,False,20,20,False,16,True,0.0016760022121401392,0.06505033883362171,0.6924420852380717,4.047318850643933,8.643081862828694,0.0,RHMTD,116,case57,0.06
True,46,-0.06,False,20,20,False,0,False,0.5083321068442417,0.2980564696491674,0.6980451085632124,4.098731302656233,10.271375364391135,0.0,RHMTD,117,case57,0.06
True,8,-0.06,True,1,1,False,8,True,3.8671819781197475e-10,0.0006192385518653159,0.7063739751047395,7.853197856456973,23.733395864837835,0.0,RHMTD,118,case57,0.06
True,20,0.06,True,1,1,False,19,False,0.1714416009440448,0.009002855629634756,0.6999944825096623,4.737564659444615,14.257266707136301,0.0,RHMTD,119,case57,0.06
True,52,-0.06,True,1,1,False,53,False,0.1714416009440448,0.00397344783628225,0.6917388836874303,3.7698834494221956,8.863362509873697,0.0,RHMTD,120,case57,0.06
True,9,-0.06,True,2,2,False,9,True,3.8671819781197475e-10,0.010090378655776307,0.7077023825274638,3.4293708013137802,4.372947622323413,0.0,RHMTD,121,case57,0.06
True,21,0.06,False,20,20,False,0,False,0.428012284573841,0.3315887640515926,0.6996360605044811,5.973568704212084,26.37297087931075,0.0,RHMTD,122,case57,0.06
True,43,0.06,True,1,1,False,43,True,0.1714416009440448,0.003168250659373691,0.693256567909404,3.7433854944538325,11.105137798585929,0.0,RHMTD,123,case57,0.06
True,18,-0.06,True,9,9,False,18,True,0.08234881806878955,0.05791411101961302,0.6967219318612528,4.04565634962637,9.974902050453238,0.0,RHMTD,124,case57,0.06
True,38,-0.06,True,2,2,False,38,True,0.1714416009440448,0.014155125138810967,0.7012479279965167,3.688281256472692,6.674954210757279,0.0,RHMTD,125,case57,0.06
True,47,-0.06,False,20,20,False,0,False,0.47210890903888425,0.31370516317831143,0.7071772934903748,4.850141750648618,10.740866721607752,0.0,RHMTD,126,case57,0.06
True,51,-0.06,True,1,1,False,51,True,3.867180879721392e-10,0.010669011415472576,0.6970001612097991,4.6446687512798235,11.449695838382471,0.0,RHMTD,127,case57,0.06
True,23,0.06,True,0,0,False,0,False,0.5169889001095442,0.26770858340571396,0.6991911641240269,4.06733114796225,7.8592666453914735,0.0,RHMTD,128,case57,0.06
True,40,0.06,True,1,1,False,40,True,3.867180879719937e-10,0.010862587979882952,0.7005195715467513,4.365152007085271,10.954663919983439,0.0,RHMTD,129,case57,0.06
True,20,-0.06,True,2,2,False,20,True,0.17144160094834077,0.002627617363586468,0.700535256376753,3.801383392419666,7.151095836889001,0.0,RHMTD,130,case57,0.06
True,51,-0.06,True,3,3,False,51,True,3.867180879718625e-10,0.011461610808256065,0.70424224929638,4.141729150433093,6.671391965937807,0.0,RHMTD,131,case57,0.06
True,26,0.06,True,1,1,False,26,True,0.1714416009440448,0.004761137619039936,0.6945849753321284,5.20371874445118,8.991346144466673,0.0,RHMTD,132,case57,0.06
True,43,-0.06,True,1,1,False,37,False,0.1714416009440448,0.0030517587927796257,0.7039797047778353,4.008256195811555,9.813222935190428,0.0,RHMTD,133,case57,0.06
True,54,-0.06,True,1,1,False,54,True,3.9049907306946376e-10,0.00938073368712628,0.6998393279171574,3.211520900367759,5.131054169032724,0.0,RHMTD,134,case57,0.06
True,32,0.06,False,20,20,False,0,False,0.4303905734793775,0.3298239393039311,0.7039797047778353,4.0045020141405985,8.125982998171821,0.0,RHMTD,135,case57,0.06
True,47,0.06,False,20,20,False,0,False,0.4769204634841237,0.30918979752849773,0.6986660750869378,3.072541643632576,3.647282969905065,0.0,RHMTD,136,case57,0.06
True,51,0.06,True,2,2,False,51,True,3.641778616491108e-08,0.010527168035312924,0.7031920712222017,3.276866700616665,5.47608087072149,0.0,RHMTD,137,case57,0.06
True,53,0.06,True,2,2,False,52,False,0.1714416009446677,0.0036190135511186845,0.70424224929638,4.071235642186366,8.367781576816933,0.0,RHMTD,138,case57,0.06
True,54,0.06,True,2,2,False,54,True,3.867180605119726e-10,0.013070265946744842,0.7002570270282069,4.2646189976949245,9.50313545181416,0.0,RHMTD,139,case57,0.06
True,20,0.06,True,1,1,False,20,True,0.1714416009440448,0.002305556316460217,0.7001820650923369,4.400304189766757,9.781619394198062,0.0,RHMTD,140,case57,0.06
True,52,0.06,True,1,1,False,52,True,0.171441600946058,0.003089055252383257,0.6972574750075787,5.254424951272085,14.301706888363698,0.0,RHMTD,141,case57,0.06
True,10,0.06,True,1,1,False,10,True,3.8671819781197475e-10,0.0014014514041661343,0.70424224929638,4.7571811970556155,12.557498225942256,0.0,RHMTD,142,case57,0.06
True,12,-0.06,True,1,1,False,12,True,3.8671819781197475e-10,0.0001772387363655586,0.7037171602592909,3.8294499507173896,8.678444341057912,0.0,RHMTD,143,case57,0.06
True,10,0.06,True,1,1,False,10,True,3.8671819781197475e-10,0.0014053777909133996,0.6922526886095728,2.8769146505510435,3.289351431885734,0.0,RHMTD,144,case57,0.06
True,11,-0.06,True,1,1,False,11,True,3.8671819781197475e-10,0.000744420890290774,0.6947062360423455,4.520227198372595,10.647621541284032,0.0,RHMTD,145,case57,0.06
True,25,-0.06,True,2,2,False,25,True,0.1714416009440448,0.006494974411314469,0.7015854344509311,4.115087509853765,8.955327118746938,0.0,RHMTD,146,case57,0.06
True,36,0.06,True,1,1,False,36,True,3.8671808797186145e-10,0.001316013326092159,0.6993194696008332,4.673591704340652,10.195963925798436,0.0,RHMTD,147,case57,0.06
True,44,-0.06,True,2,2,False,44,True,3.8671808797195585e-10,0.006201724867085892,0.6991911641240269,3.0977501475717872,3.532611051923597,0.0,RHMTD,148,case57,0.06
True,24,0.06,True,1,1,False,29,False,0.17144160110601353,0.006615735734860922,0.7005195715467514,3.2972707966109738,4.617879170109522,0.0,RHMTD,149,case57,0.06
True,3,0.06,True,1,1,False,3,True,3.86718170351955e-10,0.00700520615095098,0.7007228389594276,4.365104145836085,11.191933625377718,0.0,RHMTD,150,case57,0.06
True,42,0.06,True,2,2,False,42,True,3.8671808797186145e-10,0.004184229159580146,0.6962971879836142,4.011693748179823,7.94546603865456,0.0,RHMTD,151,case57,0.06
True,23,0.06,False,20,20,False,0,False,0.44130810892714306,0.32707129597317697,0.6959342983056193,3.2759146066382527,5.546539896749892,0.0,RHMTD,152,case57,0.06
True,45,0.06,True,1,1,False,45,True,3.8671808797186145e-10,0.003047388248575836,0.7026512973551109,4.939089546678588,11.946847621584322,0.0,RHMTD,153,case57,0.06
True,24,-0.06,True,1,1,False,29,False,0.1714416009440448,0.005281803154378995,0.6961968428241637,6.549754299339838,24.643808626569825,0.0,RHMTD,154,case57,0.06
True,22,-0.06,False,20,20,False,0,False,0.5029572931449334,0.30476554224884733,0.7033587382541098,3.696066650445573,8.55252712208312,0.0,RHMTD,155,case57,0.06
True,23,0.06,False,20,20,False,0,False,0.40860583230790865,0.33734754835766945,0.7005195715467514,4.583652163273655,9.252839614055121,0.0,RHMTD,156,case57,0.06
True,54,0.06,True,1,1,False,54,True,3.867180879719148e-10,0.001971276766829064,0.6990360095315222,8.463693797239102,14.889281286741667,0.0,RHMTD,157,case57,0.06
True,33,-0.06,False,20,20,False,33,True,0.09688331201969193,0.05753393873151628,0.7031763863922001,5.110408255131915,10.160423253546472,0.0,RHMTD,158,case57,0.06
True,39,-0.06,True,2,2,False,39,True,3.8671808797186326e-10,0.007655196428708702,0.7021262083180217,4.293362342286855,10.079035657690842,0.0,RHMTD,159,case57,0.06
True,13,0.06,True,1,1,False,13,True,3.8671819781197475e-10,0.0002917014177592351,0.6948091582955711,4.869408207014203,11.217275029048338,0.0,RHMTD,160,case57,0.06
True,38,0.06,True,3,3,False,38,True,0.1714416009440448,0.01170456149013074,0.6935601804815307,4.002468747785315,7.851324960938655,0.0,RHMTD,161,case57,0.06
True,35,0.06,True,1,1,False,35,True,3.8671808797186145e-10,0.0015603881747475743,0.6927568620958954,4.005485447123647,10.228427039692178,0.0,RHMTD,162,case57,0.06
True,26,-0.06,True,1,1,False,26,True,0.1714416009440448,0.005812335994865105,0.6991911641240272,3.866931310039945,6.911382975522429,0.0,RHMTD,163,case57,0.06
True,1,0.06,False,20,20,False,1,True,9.299753871572112e-09,0.03640925083877562,0.7018479789694758,4.125856148311868,9.31068923964631,0.0,RHMTD,164,case57,0.06
True,49,-0.06,True,4,4,False,49,True,3.8672818609838155e-10,0.0033275425243158093,0.6890804831206139,4.302310349885374,8.868956234073268,0.0,RHMTD,165,case57,0.06
True,40,0.06,True,1,1,False,40,True,3.8671806051184197e-10,0.011490219517486125,0.7047830231634707,2.98532925080508,3.3320461952826013,0.0,RHMTD,166,case57,0.06
True,40,0.06,True,2,2,False,40,True,3.8671808797186704e-10,0.010741320487159258,0.7047080612276005,3.6545290931826457,9.01278062083293,0.0,RHMTD,167,case57,0.06
True,28,0.06,True,1,1,False,28,True,3.867181428919181e-10,0.001164535064366578,0.6956971370106553,6.787968799471855,10.839780920650854,0.0,RHMTD,168,case57,0.06
True,38,0.06,True,10,10,False,38,True,0.17144160094684088,0.021092856143349024,0.7034546157407462,6.596725000417791,12.784447913873038,0.0,RHMTD,169,case57,0.06
True,27,0.06,True,2,2,False,27,True,3.867181428919181e-10,0.0020661114749409813,0.695772098946525,3.9359605027129874,8.125489932717763,0.0,RHMTD,170,case57,0.06
True,30,-0.06,True,1,1,False,30,True,0.1696645590449457,0.005033405224766197,0.7034389309107447,3.474575048312545,6.0254038660787055,0.0,RHMTD,171,case57,0.06
True,31,-0.06,True,1,1,False,31,True,7.303078934486258e-05,0.005132980407712626,0.6915104613756301,4.033435360179283,9.917614620644601,0.0,RHMTD,172,case57,0.06
True,27,0.06,True,1,1,False,27,True,4.2758385804904936e-10,0.006055991812622841,0.6929601295085716,5.27278529771138,10.925298545043916,0.0,RHMTD,173,case57,0.06
True,51,0.06,True,1,1,False,51,True,3.8671808797254703e-10,0.011542510714504793,0.7039797047778353,4.982127001858316,14.115589257562537,0.0,RHMTD,174,case57,0.06
True,28,0.06,True,1,1,False,28,True,3.867181428919181e-10,0.0032678264463100954,0.6999944825096621,3.289987746393308,4.294587505864915,0.0,RHMTD,175,case57,0.06
True,33,-0.06,False,20,20,False,33,True,2.8867949368830694e-05,0.04712678687422573,0.6958541056489842,4.44835405505728,9.408222913043573,0.0,RHMTD,176,case57,0.06
True,20,-0.06,True,2,2,False,20,True,0.1714416009440448,0.0022184429411734605,0.6991911641240269,3.7449145573191345,7.844985098927282,0.0,RHMTD,177,case57,0.06
True,5,0.06,True,1,1,False,5,True,3.8671819781197475e-10,0.003955796013557179,0.6999944825096622,5.742816691054031,13.440238952171072,0.0,RHMTD,178,case57,0.06
True,38,0.06,True,1,1,False,38,True,0.17144160094404476,0.016353341316048195,0.701060345413842,4.092297842726111,8.14352884481196,0.0,RHMTD,179,case57,0.06
True,52,-0.06,True,1,1,False,52,True,0.17144160094404476,0.009468663185950655,0.7018479789694758,3.3326936449157074,7.437902386300266,0.0,RHMTD,180,case57,0.06
True,48,0.06,True,1,1,False,48,True,3.8671808797186145e-10,0.005151048707498569,0.7085057009130993,3.208877000724897,6.014166006934829,0.0,RHMTD,181,case57,0.06
True,32,-0.06,False,20,20,False,0,False,0.4480159760077094,0.3229888588780798,0.6975845273527566,2.9256604029797018,3.440379185485655,0.0,RHMTD,182,case57,0.06
True,48,0.06,True,1,1,False,48,True,3.8671808797186145e-10,0.004388211044871873,0.6939849243591694,3.154368800460361,4.314374687965028,0.0,RHMTD,183,case57,0.06
True,48,0.06,True,1,1,False,48,True,3.8671808797186145e-10,0.00546031945617312,0.7004393788901166,3.5738790465984493,5.248103855410597,0.0,RHMTD,184,case57,0.06
True,5,0.06,True,1,1,False,5,True,3.8671819781197475e-10,0.003308264345832257,0.6961916121033989,4.519029110088013,11.148065168526955,0.0,RHMTD,185,case57,0.06
True,41,0.06,True,1,1,False,41,True,3.8671808797186197e-10,0.0021585459549683635,0.6970001612097989,4.187287445529364,8.315556540037512,0.0,RHMTD,186,case57,0.06
True,29,-0.06,True,1,1,False,24,False,0.17144160096228264,0.007916438412133379,0.6944716518411564,3.7507936503970996,7.358437549555676,0.0,RHMTD,187,case57,0.06
True,10,-0.06,True,1,1,False,10,True,3.8671819781197475e-10,0.0014011031133156968,0.6969896788327474,4.995516597409733,10.941120586358027,0.0,RHMTD,188,case57,0.06
True,13,0.06,True,1,1,False,13,True,3.8671819781197475e-10,0.0002916246654021036,0.6961166501675289,2.7492270979564637,3.102122579002753,0.0,RHMTD,189,case57,0.06
True,7,-0.06,False,20,20,False,7,True,3.8671819781202387e-10,0.024012138042228907,0.6929242921757544,3.6200583388563246,4.9053211521823,0.0,RHMTD,190,case57,0.06
True,34,-0.06,True,1,1,False,34,True,3.8671808797195374e-10,0.010136053932870632,0.7021262083180217,3.653495796606876,6.720327094080861,0.0,RHMTD,191,case57,0.06
True,23,-0.06,False,20,20,False,0,False,0.483724056666343,0.3070365179479123,0.6944847595773829,2.87247080123052,3.223281228565611,0.0,RHMTD,192,case57,0.06
True,22,-0.06,False,20,20,False,0,False,0.49385034124921945,0.3005846492859695,0.6950970860376962,4.344333303743042,8.468143417849207,0.0,RHMTD,193,case57,0.06
True,53,-0.06,True,1,1,False,52,False,0.17144160094605734,0.006371438621243953,0.6986660750869378,2.892475001863204,3.1569482351187617,0.0,RHMTD,194,case57,0.06
True,40,0.06,True,1,1,False,40,True,3.8671806051184186e-10,0.009049883128374155,0.7015854344509311,3.7402248475700617,4.330791902611974,0.0,RHMTD,195,case57,0.06
True,4,-0.06,False,20,20,False,0,False,0.42843880556839264,0.32940211193846214,0.7042422492963798,3.231412445893511,3.977675604983236,0.0,RHMTD,196,case57,0.06
True,23,0.06,False,20,20,False,45,False,0.42119607812829785,0.2028887409776555,0.7013228899323867,2.7063458081102,2.9695833596633747,0.0,RHMTD,197,case57,0.06
True,17,0.06,True,4,4,False,17,True,0.06612172105612402,0.04259781905072207,0.6985701976003014,3.0327228509122506,3.595599991967904,0.0,RHMTD,198,case57,0.06
True,28,0.06,True,1,1,False,28,True,3.867181428919181e-10,0.0011610700379876499,0.698912934775481,2.5311980542028323,2.874869020888582,0.0,RHMTD,199,case57,0.06
True,26,-0.06,True,1,1,False,26,True,0.22769258320344737,0.005048839526949345,0.4948417944683423,23.90797305270098,30.62823786167428,0.0,Robust-MTD,0,case57,0.06
True,49,-0.06,True,1,1,False,49,True,0.24106578173927587,0.006499637111870245,0.4948417944683423,32.36719369888306,51.64303718775046,0.0,Robust-MTD,1,case57,0.06
True,53,-0.06,True,1,1,False,53,True,0.24535271567459485,0.0032951054945658887,0.4948417944683423,20.469785455497913,30.6559955177363,0.0,Robust-MTD,2,case57,0.06
True,37,0.06,True,1,1,False,44,False,0.25953337246658176,0.002700366895678587,0.4948417944683423,26.269045850494877,34.64825201081113,0.0,Robust-MTD,3,case57,0.06
True,46,0.06,True,17,17,False,0,False,0.5473360185149466,0.35354028292671585,0.4948417944683423,28.845331247430295,36.941130863851896,0.0,Robust-MTD,4,case57,0.06
True,17,0.06,True,1,1,False,18,False,0.23516404261017998,0.006875734265774688,0.4948417944683423,25.199797938694246,32.029404430068105,0.0,Robust-MTD,5,case57,0.06
True,24,0.06,True,1,1,False,24,True,0.19922813901554406,0.008872475084407054,0.4948417944683423,29.235929145943373,43.09963508567307,0.0,Robust-MTD,6,case57,0.06
True,3,0.06,True,1,1,False,3,True,3.133742843154331e-07,0.008621523580846526,0.4948417944683423,21.70643965655472,30.059421170153655,0.0,Robust-MTD,7,case57,0.06
True,8,-0.06,True,1,1,False,8,True,3.8671819781197475e-10,0.004882064964206214,0.4948417944683423,26.549931304180063,30.740231520030648,0.0,Robust-MTD,8,case57,0.06
True,22,0.06,False,20,20,False,0,False,0.6060313263572868,0.3066542938263299,0.4948417944683423,25.033395795617253,31.25363300496247,0.0,Robust-MTD,9,case57,0.06
True,29,-0.06,True,3,3,False,29,True,0.19796390808789335,0.008844451470498471,0.4948417944683423,24.643433350138366,30.5166410660604,0.0,Robust-MTD,10,case57,0.06
True,28,-0.06,True,1,1,False,28,True,3.8671814289191816e-10,0.0033735226776998493,0.4948417944683423,31.350641598692164,39.163314274628675,0.0,Robust-MTD,11,case57,0.06
True,8,0.06,True,1,1,False,8,True,3.8671819781197475e-10,0.004882064964206214,0.4948417944683423,21.717704154434614,30.194569111336026,0.0,Robust-MTD,12,case57,0.06
True,28,-0.06,True,1,1,False,28,True,3.867181154321176e-10,0.0033735226776998493,0.4948417944683423,26.18706250214018,30.720329174073417,0.0,Robust-MTD,13,case57,0.06
True,22,0.06,False,20,20,False,0,False,0.5743269876994118,0.33320754160385485,0.4948417944683423,26.859220702317543,36.54537087131758,0.0,Robust-MTD,14,case57,0.06
True,26,0.06,True,1,1,False,26,True,0.22470891152891748,0.005069147705799798,0.4948417944683423,27.9528333543567,32.10002744453961,0.0,Robust-MTD,15,case57,0.06
True,40,-0.06,False,20,20,False,40,True,8.506515594375015e-08,0.04736495320044931,0.4948417944683423,27.894693656708114,39.240841646096676,0.0,Robust-MTD,16,case57,0.06
True,1,-0.06,False,20,20,False,0,False,0.5936788226420593,0.27295824751077225,0.4948417944683423,23.152106199995615,31.405558335245587,0.0,Robust-MTD,17,case57,0.06
True,37,-0.06,True,1,1,False,44,False,0.17706212223996837,0.0033225403584521518,0.4948417944683423,26.458016550168395,33.09486843645573,0.0,Robust-MTD,18,case57,0.06
True,42,-0.06,True,4,4,False,42,True,3.8671808797186145e-10,0.012298808387578544,0.4948417944683423,29.01624584919773,49.15853191632779,0.0,Robust-MTD,19,case57,0.06
True,32,0.06,False,20,20,False,0,False,0.5095869641974968,0.3709375620667496,0.4948417944683423,26.84599384374451,33.451971132308266,0.0,Robust-MTD,20,case57,0.06
True,20,0.06,True,1,1,False,20,True,0.3354486736750181,0.004603587552598808,0.4948417944683423,30.50172910443507,46.884247590787716,0.0,Robust-MTD,21,case57,0.06
True,46,0.06,False,20,20,False,0,False,0.5018413147010928,0.3790389317151805,0.4948417944683423,21.243245954974554,30.379024692229,0.0,Robust-MTD,22,case57,0.06
True,42,0.06,True,8,8,False,42,True,3.8671806051183597e-10,0.012298808387578544,0.4948417944683423,26.479864597786218,31.660743086831644,0.0,Robust-MTD,23,case57,0.06
True,56,-0.06,True,1,1,False,56,True,0.1714416009440448,0.015075329385466211,0.4948417944683423,24.665343752712943,32.1763292333344,0.0,Robust-MTD,24,case57,0.06
True,53,0.06,True,1,1,False,53,True,0.266288527891821,0.0039057051008302914,0.4948417944683423,32.52956865471788,57.7628371975152,0.0,Robust-MTD,25,case57,0.06
True,48,0.06,True,1,1,False,49,False,0.25146495360483806,0.00498961097650796,0.4948417944683423,27.893556305207312,35.556402755901225,0.0,Robust-MTD,26,case57,0.06
True,24,-0.06,True,1,1,False,24,True,0.18997784499664122,0.008676138349660384,0.4948417944683423,28.658412405638956,36.72974139044529,0.0,Robust-MTD,27,case57,0.06
True,20,0.06,True,1,1,False,17,False,0.3179755464702539,0.0058993163633996116,0.4948417944683423,31.492158354376443,51.80899730185047,0.0,Robust-MTD,28,case57,0.06
True,34,-0.06,True,18,18,False,33,False,0.3909216131827131,0.03005938621726078,0.4948417944683423,27.766347999568097,36.624381606816314,0.0,Robust-MTD,29,case57,0.06
True,11,-0.06,True,1,1,False,11,True,3.8671819781197475e-10,0.004888621605915981,0.4948417944683423,33.168683500844054,60.17652565205937,0.0,Robust-MTD,30,case57,0.06
True,38,0.06,True,4,4,False,56,False,0.17144160094404476,0.015075329385466213,0.4948417944683423,30.942443749518134,47.3357773909811,0.0,Robust-MTD,31,case57,0.06
True,32,0.06,False,20,20,False,0,False,0.5199054051950549,0.3690280128771634,0.4948417944683423,30.87872700416483,57.65609170484823,0.0,Robust-MTD,32,case57,0.06
True,15,-0.06,False,20,20,False,0,False,0.5147984584330314,0.3603317386615,0.4948417944683423,31.138783352798782,53.94527769531124,0.0,Robust-MTD,33,case57,0.06
True,36,0.06,True,1,1,False,36,True,3.867180879719215e-10,0.000916443787643461,0.4948417944683423,28.394695805036463,40.26940452167766,0.0,Robust-MTD,34,case57,0.06
True,26,0.06,True,1,1,False,26,True,0.2082290656784364,0.0051642947138210256,0.4948417944683423,29.4109250564361,41.14634436555207,0.0,Robust-MTD,35,case57,0.06
True,28,0.06,True,1,1,False,28,True,3.867181428919181e-10,0.0033735226776998493,0.4948417944683423,31.804656208259985,51.36949162115344,0.0,Robust-MTD,36,case57,0.06
True,3,0.06,True,1,1,False,3,True,1.0512742993895253e-05,0.008621515063011167,0.4948417944683423,37.695018798694946,68.92617675184738,0.0,Robust-MTD,37,case57,0.06
True,6,0.06,True,2,2,False,6,True,3.8671819781197517e-10,0.011385499125917622,0.4948417944683423,32.569452046300285,41.949537544860526,0.0,Robust-MTD,38,case57,0.06
True,51,-0.06,True,1,1,False,51,True,0.21380908749925506,0.011567030945477773,0.4948417944683423,30.46730829810258,46.38326662534383,0.0,Robust-MTD,39,case57,0.06
True,17,0.06,True,1,1,False,18,False,0.26619508983171447,0.006625992957110931,0.4948417944683423,34.82231259695254,55.81125384487678,0.0,Robust-MTD,40,case57,0.06
True,49,-0.06,True,1,1,False,50,False,0.18216783888043211,0.007357139699623295,0.4948417944683423,31.68752510100603,65.03728961106391,0.0,Robust-MTD,41,case57,0.06
True,19,-0.06,True,1,1,False,17,False,0.33515445570788116,0.005488801356099312,0.4948417944683423,28.897456199047156,40.32779339177068,0.0,Robust-MTD,42,case57,0.06
True,31,0.06,False,20,20,False,31,True,0.38370553199815033,0.04863715629473391,0.4948417944683423,33.09272920014337,51.376400297158426,0.0,Robust-MTD,43,case57,0.06
True,55,0.06,True,1,1,False,55,True,3.867180879718616e-10,0.0038404153115128067,0.4948417944683423,32.89000829681754,70.44382914609741,0.0,Robust-MTD,44,case57,0.06
True,2,0.06,True,1,1,False,2,True,3.8882106423213594e-10,0.005813918904246487,0.4948417944683423,28.927891596686095,47.31617886573078,0.0,Robust-MTD,45,case57,0.06
True,34,-0.06,True,11,11,False,33,False,0.3879666740489333,0.031649417313564174,0.4948417944683423,26.98870200838428,34.72950592986308,0.0,Robust-MTD,46,case57,0.06
True,14,-0.06,True,1,1,False,14,True,3.8671819781197475e-10,0.0034844732392646867,0.4948417944683423,41.571799910161644,77.92187229788397,0.0,Robust-MTD,47,case57,0.06
True,1,0.06,False,20,20,False,1,True,0.013675616798860243,0.1632766713720209,0.4948417944683423,31.787312388769347,46.82559429784309,0.0,Robust-MTD,48,case57,0.06
True,34,-0.06,False,20,20,False,33,False,0.3908168391905976,0.03043382704603498,0.4948417944683423,27.680723104276694,37.503764618304565,0.0,Robust-MTD,49,case57,0.06
True,40,-0.06,False,20,20,False,40,True,1.653486199199665e-07,0.047364952739446034,0.4948417944683423,30.925647806725465,41.65590415068438,0.0,Robust-MTD,50,case57,0.06
True,27,-0.06,True,1,1,False,26,False,0.23918749991621777,0.004959005648969019,0.4948417944683423,32.20810819766484,42.95304789848163,0.0,Robust-MTD,51,case57,0.06
True,44,-0.06,True,1,1,False,44,True,0.0729174906928656,0.003709895693847071,0.4948417944683423,31.24624370248057,55.568316357675954,0.0,Robust-MTD,52,case57,0.06
True,1,0.06,False,20,20,False,0,False,0.48215692475031524,0.3220182474643284,0.4948417944683423,33.05661237100139,60.21372743707616,0.0,Robust-MTD,53,case57,0.06
True,20,-0.06,True,1,1,False,17,False,0.3378215383750809,0.005348772527684846,0.4948417944683423,35.40819989575539,78.51161661092193,0.0,Robust-MTD,54,case57,0.06
True,41,-0.06,False,20,20,False,41,True,3.8671808797186145e-10,0.016569358082100326,0.4948417944683423,36.83904790086672,66.34518747741826,0.0,Robust-MTD,55,case57,0.06
True,25,0.06,True,2,2,False,25,True,0.24018040555708284,0.00495021726686654,0.4948417944683423,34.35203519475181,50.020625002798624,0.0,Robust-MTD,56,case57,0.06
True,33,0.06,True,7,7,False,33,True,0.3800753645960124,0.025794530692506645,0.4948417944683423,33.063993748510256,51.63348956557461,0.0,Robust-MTD,57,case57,0.06
True,42,-0.06,True,1,1,False,42,True,3.8671808797186197e-10,0.012298808387578544,0.4948417944683423,30.22689385979902,43.192431906936704,0.0,Robust-MTD,58,case57,0.06
True,21,0.06,False,20,20,False,0,False,0.5415855496656174,0.35301530623481603,0.4948417944683423,35.253245796775445,65.95568125776482,0.0,Robust-MTD,59,case57,0.06
True,36,-0.06,True,1,1,False,36,True,3.867180879718771e-10,0.000916443787643461,0.4948417944683423,32.92417288757861,54.586128567461884,0.0,Robust-MTD,60,case57,0.06
True,46,0.06,False,20,20,False,0,False,0.5249036525292421,0.3678277539406364,0.4948417944683423,31.7045603384031,54.273054143413916,0.0,Robust-MTD,61,case57,0.06
True,56,0.06,True,7,7,False,38,False,0.1714416009440448,0.015075329385466211,0.4948417944683423,27.558152002166025,38.78177742008121,0.0,Robust-MTD,62,case57,0.06
True,8,-0.06,True,1,1,False,8,True,3.8671819781197475e-10,0.004882064964206214,0.4948417944683423,36.56591464532539,60.429422956076515,0.0,Robust-MTD,63,case57,0.06
True,2,0.06,True,1,1,False,2,True,4.1022955653648367e-10,0.005813918904255638,0.4948417944683423,34.837256351602264,76.75099828338716,0.0,Robust-MTD,64,case57,0.06
True,43,0.06,True,1,1,False,44,False,0.18956023614799142,0.0032581691361351192,0.4948417944683423,33.66863745904993,53.943272278411314,0.0,Robust-MTD,65,case57,0.06
True,11,0.06,True,1,1,False,11,True,3.8671819781197475e-10,0.004888621605915981,0.4948417944683423,38.6069415952079,80.7302889385028,0.0,Robust-MTD,66,case57,0.06
True,7,0.06,False,20,20,False,7,True,0.19149622446438677,0.14747306165762758,0.4948417944683423,36.39912710059434,58.312068486702636,0.0,Robust-MTD,67,case57,0.06
True,7,-0.06,False,20,20,False,7,True,0.16708564938769782,0.13884145368956874,0.4948417944683423,32.67023534863256,49.545316662988625,0.0,Robust-MTD,68,case57,0.06
True,51,-0.06,True,2,2,False,51,True,0.2811308390518342,0.008636651565597194,0.4948417944683423,33.918385504512116,50.57519172260073,0.0,Robust-MTD,69,case57,0.06
True,12,-0.06,True,1,1,False,12,True,3.8671819781197475e-10,0.00045950791273184757,0.4948417944683423,34.58259780309163,48.627807671437054,0.0,Robust-MTD,70,case57,0.06
True,17,-0.06,True,1,1,False,18,False,0.2684810606941386,0.006607318797085307,0.4948417944683423,35.709445996326394,47.804733997327276,0.0,Robust-MTD,71,case57,0.06
True,35,0.06,True,1,1,False,35,True,3.8671811543190803e-10,0.0008683598852914961,0.4948417944683423,29.096733406186104,43.1524562474806,0.0,Robust-MTD,72,case57,0.06
True,37,0.06,True,1,1,False,44,False,0.10797970032379739,0.0036031390458645843,0.4948417944683423,30.627950007328764,47.12171909341124,0.0,Robust-MTD,73,case57,0.06
True,11,0.06,True,1,1,False,11,True,3.8671819781197475e-10,0.004888621605915981,0.4948417944683423,30.825425058719702,47.49950450204779,0.0,Robust-MTD,74,case57,0.06
True,43,-0.06,True,1,1,False,44,False,0.19097021901385827,0.003250550760307959,0.4948417944683423,38.25808530673385,61.77652530604974,0.0,Robust-MTD,75,case57,0.06
True,39,0.06,True,1,1,False,39,True,3.867180879718616e-10,0.0036474741932404305,0.4948417944683423,31.04875624703709,40.10203751095106,0.0,Robust-MTD,76,case57,0.06
True,41,-0.06,True,8,8,False,41,True,3.8671806051185815e-10,0.016569358082100326,0.4948417944683423,31.00980220187921,51.18828334962018,0.0,Robust-MTD,77,case57,0.06
True,11,-0.06,True,1,1,False,11,True,3.8671819781197475e-10,0.004888621605915981,0.4948417944683423,29.56368744489737,44.456175295636065,0.0,Robust-MTD,78,case57,0.06
True,24,0.06,True,2,2,False,24,True,0.18231455259406543,0.0085350588536229,0.4948417944683423,32.902262450079434,53.976020842674195,0.0,Robust-MTD,79,case57,0.06
True,26,-0.06,True,1,1,False,25,False,0.20710754044903154,0.005169857491712786,0.4948417944683423,28.944629154284485,39.633810720988556,0.0,Robust-MTD,80,case57,0.06
True,37,0.06,True,1,1,False,44,False,0.19665414809260753,0.003219029115475356,0.4948417944683423,31.023331242613494,50.37471249233934,0.0,Robust-MTD,81,case57,0.06
True,26,-0.06,True,1,1,False,26,True,0.21771167548617307,0.005112814269975792,0.4948417944683423,33.44180019630585,55.00525063253009,0.0,Robust-MTD,82,case57,0.06
True,20,-0.06,True,1,1,False,17,False,0.3229864765282512,0.005795631691757059,0.4948417944683423,31.189727102173492,57.076974972733304,0.0,Robust-MTD,83,case57,0.06
True,54,0.06,False,20,20,False,54,True,0.17482119690117562,0.014808386324791117,0.4948417944683423,33.944056314066984,56.321095887687996,0.0,Robust-MTD,84,case57,0.06
True,31,0.06,False,20,20,False,31,True,0.3843806719904908,0.043838699461742514,0.4948417944683423,31.641979157575406,43.555501423543326,0.0,Robust-MTD,85,case57,0.06
True,28,0.06,True,1,1,False,28,True,3.867181428919181e-10,0.0033735226776998493,0.4948417944683423,36.28711459750775,63.627179153263576,0.0,Robust-MTD,86,case57,0.06
True,26,-0.06,True,1,1,False,25,False,0.24387346416676123,0.004915756578080723,0.4948417944683423,34.341662598308176,48.274556250544265,0.0,Robust-MTD,87,case57,0.06
True,17,-0.06,True,1,1,False,17,True,0.3402746879578053,0.005343749147890419,0.4948417944683423,34.29309994971845,53.501564267207876,0.0,Robust-MTD,88,case57,0.06
True,55,-0.06,True,1,1,False,55,True,3.867180879718622e-10,0.0038404153115128067,0.4948417944683423,31.53254785574973,52.2303583478788,0.0,Robust-MTD,89,case57,0.06
True,11,0.06,True,1,1,False,11,True,3.8671819781197475e-10,0.004888621605915981,0.4948417944683423,32.64643959701061,50.73148808442057,0.0,Robust-MTD,90,case57,0.06
True,48,-0.06,True,1,1,False,48,True,0.055738226428822486,0.002889914296017926,0.4948417944683423,31.339114607544612,58.738251752220094,0.0,Robust-MTD,91,case57,0.06
True,50,-0.06,True,1,1,False,50,True,0.1453894018962109,0.007940318349943713,0.4948417944683423,34.04245629790239,53.98716813069772,0.0,Robust-MTD,92,case57,0.06
True,53,-0.06,True,1,1,False,51,False,0.2707883284606112,0.00470632510442867,0.4948417944683423,33.05257280590013,63.92435243178625,0.0,Robust-MTD,93,case57,0.06
True,43,0.06,True,1,1,False,44,False,0.26710163074977905,0.0025663909219213908,0.4948417944683423,32.86322920175735,59.171179190161666,0.0,Robust-MTD,94,case57,0.06
True,40,-0.06,False,20,20,False,40,True,0.0001348989542218943,0.04736341326975909,0.4948417944683423,31.38176040083636,44.50884345860687,0.0,Robust-MTD,95,case57,0.06
True,10,-0.06,True,1,1,False,10,True,3.8671819781197475e-10,0.006716505493575347,0.4948417944683423,29.83059780090116,45.08777431910858,0.0,Robust-MTD,96,case57,0.06
True,14,0.06,True,1,1,False,14,True,3.8671819781197486e-10,0.0034844732392646867,0.4948417944683423,30.070945897023194,41.77866423560772,0.0,Robust-MTD,97,case57,0.06
True,53,-0.06,True,1,1,False,52,False,0.23917194593060281,0.0031815570809945303,0.4948417944683423,35.10731864662375,48.223718069493785,0.0,Robust-MTD,98,case57,0.06
True,49,-0.06,True,1,1,False,49,True,0.21538927740608632,0.006749926198783973,0.4948417944683423,36.13285225001164,61.142387805739446,0.0,Robust-MTD,99,case57,0.06
True,56,0.06,True,6,6,False,38,False,0.17144160095224328,0.01507532938545209,0.4948417944683423,34.96882295294199,57.988268765620894,0.0,Robust-MTD,100,case57,0.06
True,17,-0.06,True,1,1,False,17,True,0.32939224140733464,0.005734920395435414,0.4948417944683423,34.09253344871104,52.339169135666474,0.0,Robust-MTD,101,case57,0.06
True,12,0.06,True,1,1,False,12,True,3.8671819781197475e-10,0.00045950791273184757,0.4948417944683423,29.88228329923004,39.234260434750475,0.0,Robust-MTD,102,case57,0.06
True,48,-0.06,True,1,1,False,48,True,0.03781977835566949,0.002826248405101739,0.4948417944683423,32.81093960686121,54.6134485921357,0.0,Robust-MTD,103,case57,0.06
True,31,0.06,False,20,20,False,34,False,0.39797462818362955,0.03944291252833958,0.4948417944683423,31.15612510300707,41.193383326753995,0.0,Robust-MTD,104,case57,0.06
True,31,0.06,False,20,20,False,30,False,0.44234840245285056,0.05882010037156034,0.4948417944683423,26.849816742469557,39.321019037743106,0.0,Robust-MTD,105,case57,0.06
True,41,-0.06,True,15,15,False,41,True,3.867180879718681e-10,0.016569358082100326,0.4948417944683423,37.457231199368834,74.25397859478838,0.0,Robust-MTD,106,case57,0.06
True,16,-0.06,False,20,20,False,0,False,0.5006923716961161,0.3740986135509015,0.4948417944683423,33.91643340582959,48.65406726603398,0.0,Robust-MTD,107,case57,0.06
True,20,0.06,True,1,1,False,17,False,0.308318622388663,0.006055729976086283,0.4948417944683423,30.792597951949574,50.94829728477635,0.0,Robust-MTD,108,case57,0.06
True,50,0.06,True,1,1,False,50,True,0.2396253367969506,0.006874480026519833,0.4948417944683423,30.745272955391556,53.052733663935214,0.0,Robust-MTD,109,case57,0.06
True,17,0.06,True,1,1,False,18,False,0.278078675716696,0.00651008232667243,0.4948417944683423,29.77218344749417,43.62695836171045,0.0,Robust-MTD,110,case57,0.06
True,41,0.06,True,1,1,False,41,True,3.8671806051184647e-10,0.016569358082100326,0.4948417944683423,31.221847960841842,44.083421543473385,0.0,Robust-MTD,111,case57,0.06
True,15,0.06,False,20,20,False,0,False,0.5130369424163344,0.3690544459157338,0.4948417944683423,30.434006350697018,40.1696401910158,0.0,Robust-MTD,112,case57,0.06
True,12,-0.06,True,1,1,False,12,True,3.8671819781197475e-10,0.00045950791273184757,0.4948417944683423,32.17822714941576,43.479637187556406,0.0,Robust-MTD,113,case57,0.06
True,33,-0.06,False,20,20,False,34,False,0.36681526543954784,0.03314180323628991,0.4948417944683423,32.73809379898012,53.04657019441947,0.0,Robust-MTD,114,case57,0.06
True,8,0.06,True,1,1,False,8,True,3.8671819781197475e-10,0.004882064964206214,0.4948417944683423,32.414939446607605,53.07017287123017,0.0,Robust-MTD,115,case57,0.06
True,16,-0.06,False,20,20,False,0,False,0.5099832396875555,0.3697919121986777,0.4948417944683423,30.617883399827406,45.56258364464157,0.0,Robust-MTD,116,case57,0.06
True,46,-0.06,False,20,20,False,0,False,0.5275759450198398,0.35900882839385906,0.4948417944683423,35.23546249780338,64.55403363215737,0.0,Robust-MTD,117,case57,0.06
True,8,-0.06,True,1,1,False,8,True,3.8671819781197475e-10,0.004882064964206214,0.4948417944683423,35.018045696779154,54.30195238150192,0.0,Robust-MTD,118,case57,0.06
True,20,0.06,True,1,1,False,17,False,0.33861030692929,0.005302857541925783,0.4948417944683423,30.384056246839464,48.15208960208112,0.0,Robust-MTD,119,case57,0.06
True,52,-0.06,True,1,1,False,51,False,0.26695547594627433,0.005014432207263322,0.4948417944683423,34.58896859374363,49.6303850814002,0.0,Robust-MTD,120,case57,0.06
True,9,-0.06,False,20,20,False,9,True,3.867180879736514e-10,0.03584233921906407,0.4948417944683423,29.78617294866126,42.793680971954025,0.0,Robust-MTD,121,case57,0.06
True,21,0.06,False,20,20,False,0,False,0.49744842580253745,0.3826334237539306,0.4948417944683423,29.916814644820988,46.620371495373554,0.0,Robust-MTD,122,case57,0.06
True,43,0.06,True,1,1,False,44,False,0.18862883516407183,0.0032631596974147165,0.4948417944683423,28.882627238635905,37.29825862683357,0.0,Robust-MTD,123,case57,0.06
True,18,-0.06,True,1,1,False,18,True,0.2649725210212568,0.006636706233425632,0.4948417944683423,33.51008540194016,52.610414929222316,0.0,Robust-MTD,124,case57,0.06
True,38,-0.06,True,18,18,False,38,True,0.1714416009440448,0.015075329385466211,0.4948417944683423,35.863102052826434,55.45604020007887,0.0,Robust-MTD,125,case57,0.06
True,47,-0.06,False,20,20,False,0,False,0.5672210629446398,0.3441086375161092,0.4948417944683423,38.746024898136966,72.99846008536406,0.0,Robust-MTD,126,case57,0.06
True,51,-0.06,True,1,1,False,51,True,0.22347948323312428,0.010279763340955173,0.4948417944683423,33.92714369983878,49.73997115157546,0.0,Robust-MTD,127,case57,0.06
True,23,0.06,True,0,0,False,0,False,0.5567653153747059,0.35169457761568157,0.4948417944683423,34.4490145042073,58.810190990334405,0.0,Robust-MTD,128,case57,0.06
True,40,0.06,True,15,15,False,40,True,2.4405580939646454e-07,0.04736495204694411,0.4948417944683423,40.106570889474824,70.83495654223954,0.0,Robust-MTD,129,case57,0.06
True,20,-0.06,True,1,1,False,19,False,0.3244461255593005,0.004310134047679349,0.4948417944683423,29.05474580184091,38.330934764235295,0.0,Robust-MTD,130,case57,0.06
True,51,-0.06,True,1,1,False,51,True,0.19574133958257006,0.012127703620922407,0.4948417944683423,28.238025048631243,45.04938813624904,0.0,Robust-MTD,131,case57,0.06
True,26,0.06,True,1,1,False,25,False,0.22887164265705182,0.005040508250031704,0.4948417944683423,33.67999159672763,45.999716062215164,0.0,Robust-MTD,132,case57,0.06
True,43,-0.06,True,1,1,False,44,False,0.14323078401273126,0.0034734959070572492,0.4948417944683423,35.113906307378784,52.97132888517814,0.0,Robust-MTD,133,case57,0.06
True,54,-0.06,False,20,20,False,54,True,0.15200687633287632,0.0155316651816189,0.4948417944683423,31.477068865206093,56.06495212705341,0.0,Robust-MTD,134,case57,0.06
True,32,0.06,False,20,20,False,0,False,0.5107783115535528,0.37037955866404165,0.4948417944683423,32.72519799647853,46.552339277695886,0.0,Robust-MTD,135,case57,0.06
True,47,0.06,False,20,20,False,0,False,0.5765526991053956,0.3185890810954247,0.4948417944683423,34.60448949190322,46.55717085697691,0.0,Robust-MTD,136,case57,0.06
True,51,0.06,True,1,1,False,51,True,0.1969399505976008,0.012545341903913314,0.4948417944683423,30.679345698445104,48.1540642271284,0.0,Robust-MTD,137,case57,0.06
True,53,0.06,True,1,1,False,51,False,0.22085247584781953,0.006291405533678565,0.4948417944683423,29.868724991683848,41.219898255076274,0.0,Robust-MTD,138,case57,0.06
True,54,0.06,True,16,16,False,54,True,0.1575258813916762,0.015393040618760366,0.4948417944683423,28.374304255703464,39.38952977769078,0.0,Robust-MTD,139,case57,0.06
True,20,0.06,True,1,1,False,17,False,0.33691937239994135,0.005395037844007516,0.4948417944683423,29.631587554467842,38.546579531976036,0.0,Robust-MTD,140,case57,0.06
True,52,0.06,True,1,1,False,51,False,0.25220306697194106,0.005588571031482219,0.4948417944683423,29.562906204955652,55.58332953660284,0.0,Robust-MTD,141,case57,0.06
True,10,0.06,True,1,1,False,10,True,3.8671819781197475e-10,0.006716505493575347,0.4948417944683423,32.32613539730664,51.23103092773819,0.0,Robust-MTD,142,case57,0.06
True,12,-0.06,True,1,1,False,12,True,3.8671819781197475e-10,0.00045950791273184757,0.4948417944683423,27.32967299525626,33.25901727948804,0.0,Robust-MTD,143,case57,0.06
True,10,0.06,True,1,1,False,10,True,3.8671819781197475e-10,0.006716505493575347,0.4948417944683423,31.571393701597117,54.58752770500725,0.0,Robust-MTD,144,case57,0.06
True,11,-0.06,True,1,1,False,11,True,3.8671819781197475e-10,0.004888621605915981,0.4948417944683423,33.12843319727108,48.884972612722805,0.0,Robust-MTD,145,case57,0.06
True,25,-0.06,True,1,1,False,25,True,0.26263196991137566,0.004668477716677118,0.4948417944683423,36.87838524929248,59.1285128029995,0.0,Robust-MTD,146,case57,0.06
True,36,0.06,True,1,1,False,36,True,3.8671808797187024e-10,0.000916443787643461,0.4948417944683423,32.62753550079651,50.97992154478564,0.0,Robust-MTD,147,case57,0.06
True,44,-0.06,True,1,1,False,44,True,0.047944200494006294,0.003773728689105658,0.4948417944683423,33.0113750504097,58.15563365176786,0.0,Robust-MTD,148,case57,0.06
True,24,0.06,True,1,1,False,24,True,0.2014029211300526,0.0089219350730967,0.4948417944683423,36.566158453933895,54.041797941317796,0.0,Robust-MTD,149,case57,0.06
True,3,0.06,True,1,1,False,3,True,2.47709973931858e-06,0.008621521939249824,0.4948417944683423,30.46199784730561,38.609564548824,0.0,Robust-MTD,150,case57,0.06
True,42,0.06,True,4,4,False,42,True,3.8671808797186145e-10,0.012298808387578544,0.4948417944683423,30.39417280233465,39.63982946006581,0.0,Robust-MTD,151,case57,0.06
True,23,0.06,False,20,20,False,0,False,0.6021105064586122,0.3244553525331255,0.4948417944683423,29.03143530129455,49.48587082035376,0.0,Robust-MTD,152,case57,0.06
True,45,0.06,True,1,1,False,45,True,3.8671808797186145e-10,0.008872938518095718,0.4948417944683423,35.95221875002608,70.95480239368045,0.0,Robust-MTD,153,case57,0.06
True,24,-0.06,True,1,1,False,29,False,0.20113364617557486,0.008915448064059191,0.4948417944683423,29.943020694190636,37.8090059501119,0.0,Robust-MTD,154,case57,0.06
True,22,-0.06,False,20,20,False,0,False,0.620430367621927,0.30180209711876077,0.4948417944683423,30.66857499361504,42.92453270754777,0.0,Robust-MTD,155,case57,0.06
True,23,0.06,False,20,20,False,0,False,0.5010959811567054,0.3776911243039804,0.4948417944683423,32.13409379823133,49.869193127960905,0.0,Robust-MTD,156,case57,0.06
True,54,0.06,True,3,3,False,54,True,0.257369727866035,0.012390297305432119,0.4948417944683423,36.842662454000674,52.454511832911535,0.0,Robust-MTD,157,case57,0.06
True,33,-0.06,False,20,20,False,33,True,0.3999248527449016,0.02343549524065267,0.4948417944683423,37.39025419636164,87.12368719861844,0.0,Robust-MTD,158,case57,0.06
True,39,-0.06,True,1,1,False,39,True,3.8671808797186176e-10,0.0036474741932404305,0.4948417944683423,32.35988750529941,70.89742679381743,0.0,Robust-MTD,159,case57,0.06
True,13,0.06,True,1,1,False,13,True,3.8671819781197475e-10,0.0005704733218803301,0.4948417944683423,32.31217494758312,45.17141285177788,0.0,Robust-MTD,160,case57,0.06
True,38,0.06,True,4,4,False,56,False,0.1714416009440448,0.015075329385466211,0.4948417944683423,31.86353130149655,44.64221103989988,0.0,Robust-MTD,161,case57,0.06
True,35,0.06,True,1,1,False,35,True,3.8757045447835716e-10,0.0008683598852915024,0.4948417944683423,31.38305824832059,57.401335419854156,0.0,Robust-MTD,162,case57,0.06
True,26,-0.06,True,1,1,False,26,True,0.2127695512785002,0.0051406672193222815,0.4948417944683423,32.840845952159725,66.86454613518436,0.0,Robust-MTD,163,case57,0.06
True,1,0.06,False,20,20,False,1,True,0.12598132701796735,0.18078545633321302,0.4948417944683423,30.754624994006008,52.55820830643644,0.0,Robust-MTD,164,case57,0.06
True,49,-0.06,True,1,1,False,49,True,0.26055789571413107,0.006036528384028877,0.4948417944683423,28.81674359960016,42.72350208484569,0.0,Robust-MTD,165,case57,0.06
True,40,0.06,False,20,20,False,40,True,5.264301100846284e-06,0.047364908794155586,0.4948417944683423,29.077860395773314,39.17642433953006,0.0,Robust-MTD,166,case57,0.06
True,40,0.06,False,20,20,False,40,True,5.5578624887158744e-05,0.047364391509626444,0.4948417944683423,30.716072893119417,52.761606554850026,0.0,Robust-MTD,167,case57,0.06
True,28,0.06,True,1,1,False,28,True,3.8671814289191816e-10,0.0033735226776998493,0.4948417944683423,46.31618320418056,126.32325175218284,0.0,Robust-MTD,168,case57,0.06
True,38,0.06,True,4,4,False,38,True,0.1714416009440448,0.015075329385466213,0.4948417944683423,34.20252919313498,60.96378154179548,0.0,Robust-MTD,169,case57,0.06
True,27,0.06,True,1,1,False,25,False,0.2542194567584029,0.004799696520916364,0.4948417944683423,30.432781198760495,48.226831632200636,0.0,Robust-MTD,170,case57,0.06
True,30,-0.06,False,20,20,False,0,False,0.6189116573637808,0.27585190333101345,0.4948417944683423,30.389031360391527,40.173131911433316,0.0,Robust-MTD,171,case57,0.06
True,31,-0.06,False,20,20,False,31,True,0.38674897517397727,0.050148346474390745,0.4948417944683423,27.77284600015264,35.321106843184694,0.0,Robust-MTD,172,case57,0.06
True,27,0.06,True,1,1,False,25,False,0.22703794721221135,0.005053388730941351,0.4948417944683423,29.337245752685703,38.726939613115974,0.0,Robust-MTD,173,case57,0.06
True,51,0.06,True,1,1,False,51,True,0.223140083233151,0.011050352712908898,0.4948417944683423,31.16032495163381,59.55457853560802,0.0,Robust-MTD,174,case57,0.06
True,28,0.06,True,1,1,False,28,True,3.8671814289191816e-10,0.0033735226776998493,0.4948417944683423,31.795543793123215,45.43380267859904,0.0,Robust-MTD,175,case57,0.06
True,33,-0.06,True,12,12,False,33,True,0.3668461088990737,0.03011835455570269,0.4948417944683423,30.090847847168334,39.911799633409835,0.0,Robust-MTD,176,case57,0.06
True,20,-0.06,True,1,1,False,17,False,0.32885714364048213,0.0056813212617152515,0.4948417944683423,32.29765204596333,42.60323922499084,0.0,Robust-MTD,177,case57,0.06
True,5,0.06,True,3,3,False,5,True,3.867181703519494e-10,0.008826035223823752,0.4948417944683423,34.8690977494698,54.14475204597694,0.0,Robust-MTD,178,case57,0.06
True,38,0.06,True,9,9,False,56,False,0.1714416009440448,0.015075329385466211,0.4948417944683423,30.28681463911198,39.496090155444136,0.0,Robust-MTD,179,case57,0.06
True,52,-0.06,True,1,1,False,51,False,0.26921373552875694,0.004861558257670225,0.4948417944683423,34.51692280068528,55.25479793723208,0.0,Robust-MTD,180,case57,0.06
True,48,0.06,True,1,1,False,48,True,0.016403582695044005,0.002751616393469005,0.4948417944683423,33.61135635059327,50.1338476111414,0.0,Robust-MTD,181,case57,0.06
True,32,-0.06,False,20,20,False,0,False,0.525009249500838,0.3684272716789637,0.4948417944683423,32.59872300259303,63.44829374575056,0.0,Robust-MTD,182,case57,0.06
True,48,0.06,True,1,1,False,48,True,0.13582405602358874,0.0033019975996835173,0.4948417944683423,28.417350005474873,36.65607325092425,0.0,Robust-MTD,183,case57,0.06
True,48,0.06,True,1,1,False,49,False,0.17159045106497248,0.006248950270663667,0.4948417944683423,25.510099998791702,31.766770555987026,0.0,Robust-MTD,184,case57,0.06
True,5,0.06,True,1,1,False,5,True,5.097711258031534e-10,0.008826035223873811,0.4948417944683423,34.61259375908412,51.37466311571189,0.0,Robust-MTD,185,case57,0.06
True,41,0.06,False,20,20,False,41,True,3.8671808797186197e-10,0.016569358082100326,0.4948417944683423,35.71655199630186,69.60379017691594,0.0,Robust-MTD,186,case57,0.06
True,29,-0.06,True,1,1,False,24,False,0.1976143034153685,0.008836713541940586,0.4948417944683423,31.53505210066214,48.54778335720768,0.0,Robust-MTD,187,case57,0.06
True,10,-0.06,True,1,1,False,10,True,3.8671819781197475e-10,0.006716505493575347,0.4948417944683423,33.25934174936265,47.06446907657665,0.0,Robust-MTD,188,case57,0.06
True,13,0.06,True,1,1,False,13,True,3.8671819781197475e-10,0.0005704733218803301,0.4948417944683423,20.67064390575979,23.767033658805303,0.0,Robust-MTD,189,case57,0.06
True,7,-0.06,False,20,20,False,7,True,0.40235453746460603,0.2329621011776296,0.4948417944683423,30.618233399582095,48.55990863870829,0.0,Robust-MTD,190,case57,0.06
True,34,-0.06,False,20,20,False,34,True,0.39139072007255316,0.035154726277548426,0.4948417944683423,30.426585391978733,65.40360175422396,0.0,Robust-MTD,191,case57,0.06
True,23,-0.06,False,20,20,False,0,False,0.518791178473716,0.37395439918262596,0.4948417944683423,31.844108301447704,53.84021212812513,0.0,Robust-MTD,192,case57,0.06
True,22,-0.06,False,20,20,False,0,False,0.5030787754482127,0.3794353893915162,0.4948417944683423,25.38111670583021,44.71124615811278,0.0,Robust-MTD,193,case57,0.06
True,53,-0.06,True,1,1,False,51,False,0.2697750968771446,0.0048144783804703484,0.4948417944683423,17.535399991902523,21.815883353701793,0.0,Robust-MTD,194,case57,0.06
True,40,0.06,True,9,9,False,40,True,1.9976194796667176e-05,0.04736476256292628,0.4948417944683423,29.594245861517265,39.55409435729962,0.0,Robust-MTD,195,case57,0.06
True,4,-0.06,False,20,20,False,0,False,0.5437719657568503,0.35577387450008313,0.4948417944683423,20.14564385463018,24.019444137229584,0.0,Robust-MTD,196,case57,0.06
True,23,0.06,False,20,20,False,0,False,0.5173528429290385,0.36872638262387036,0.4948417944683423,33.608420949894935,50.75259169389031,0.0,Robust-MTD,197,case57,0.06
True,17,0.06,True,1,1,False,17,True,0.3272510862627691,0.005756607317816699,0.4948417944683423,19.924270798219368,23.24732980632689,0.0,Robust-MTD,198,case57,0.06
True,28,0.06,True,1,1,False,28,True,3.8671814289191836e-10,0.0033735226776998493,0.4948417944683423,10.224441747413948,10.890164258307777,0.0,Robust-MTD,199,case57,0.06
True,26,-0.08,False,20,20,False,0,False,0.5980093339321231,0.3392792792897359,0.6449621867960693,21.926416648784652,30.145095472107645,0.0,HMTD-MDE,0,case57,0.08
True,49,-0.08,True,4,4,False,49,True,0.14595529883264866,0.012131560427416543,0.6449621867960693,27.02954799751751,38.565512211062014,0.0,HMTD-MDE,1,case57,0.08
True,53,-0.08,True,1,1,False,53,True,0.17144185206677434,0.0038317698490036812,0.6449621867960693,29.40029574674554,46.45248336310035,0.0,HMTD-MDE,2,case57,0.08
True,37,0.08,True,1,1,False,37,True,0.17144160095293884,0.009965054463328292,0.6449621867960693,27.473591748275794,39.60841733496637,0.0,HMTD-MDE,3,case57,0.08
True,46,0.08,True,17,17,False,0,False,0.5722160171392987,0.363752975659957,0.6449621867960693,32.288377155782655,43.76679380366121,0.0,HMTD-MDE,4,case57,0.08
True,17,0.08,False,20,20,False,18,False,0.23136814354840582,0.03401125518605337,0.6449621867960693,23.756547991069965,33.21236249175855,0.0,HMTD-MDE,5,case57,0.08
True,24,0.08,True,1,1,False,29,False,0.3688521550081134,0.014527667792098296,0.6449621867960693,28.394104199833237,43.927281544893084,0.0,HMTD-MDE,6,case57,0.08
True,3,0.08,True,1,1,False,3,True,3.8671819781197486e-10,0.0034832369284029763,0.6449621867960693,28.975129208993167,51.700581278419136,0.0,HMTD-MDE,7,case57,0.08
True,8,-0.08,True,1,1,False,8,True,3.8671819781197475e-10,0.00028489480589777717,0.6449621867960693,28.306387446355075,35.136406539822936,0.0,HMTD-MDE,8,case57,0.08
True,22,0.08,False,20,20,False,17,False,0.6073898348664459,0.2206211307275822,0.6449621867960693,27.417975055868737,34.88760867330712,0.0,HMTD-MDE,9,case57,0.08
True,29,-0.08,True,2,2,False,29,True,0.3876106270090938,0.015070358125013214,0.6449621867960693,23.46479799307417,32.39170418237337,0.0,HMTD-MDE,10,case57,0.08
True,28,-0.08,True,1,1,False,28,True,0.0001566967400484545,0.021079947784014345,0.6449621867960693,32.726554296095856,66.8629083171254,0.0,HMTD-MDE,11,case57,0.08
True,8,0.08,True,1,1,False,8,True,3.8671819781197475e-10,0.00028489480589777717,0.6449621867960693,31.00430846097879,50.52848370105495,0.0,HMTD-MDE,12,case57,0.08
True,28,-0.08,False,20,20,False,28,True,0.0002725332922221129,0.021080544070855124,0.6449621867960693,30.073297844501212,58.6765145562822,0.0,HMTD-MDE,13,case57,0.08
True,22,0.08,False,20,20,False,0,False,0.605024133970697,0.34711342894598896,0.6449621867960693,27.567710398579948,38.66351044271142,0.0,HMTD-MDE,14,case57,0.08
True,26,0.08,False,20,20,False,0,False,0.576840830214019,0.3456648144310429,0.6449621867960693,22.470295894891024,30.933760097832423,0.0,HMTD-MDE,15,case57,0.08
True,40,-0.08,True,1,1,False,40,True,0.0006260753994742998,0.011283718197022851,0.6449621867960693,25.17363545775879,31.314091934473257,0.0,HMTD-MDE,16,case57,0.08
True,1,-0.08,False,20,20,False,0,False,0.6379902988007653,0.32826194509733364,0.6449621867960693,26.54463954968378,36.96835801529233,0.0,HMTD-MDE,17,case57,0.08
True,37,-0.08,True,2,2,False,37,True,0.1714416009440448,0.009965054463232915,0.6449621867960693,28.210716697503813,41.05233956070152,0.0,HMTD-MDE,18,case57,0.08
True,42,-0.08,True,4,4,False,42,True,2.564035421215536e-09,0.033997016140608724,0.6449621867960693,27.690574945881963,47.08861040417106,0.0,HMTD-MDE,19,case57,0.08
True,32,0.08,False,20,20,False,0,False,0.5467974402758266,0.3737548756766396,0.6449621867960693,22.68963538808748,30.162191679119132,0.0,HMTD-MDE,20,case57,0.08
True,20,0.08,True,1,1,False,20,True,0.17155170988280538,0.006025283952594602,0.6449621867960693,26.29553335136734,32.27232882636599,0.0,HMTD-MDE,21,case57,0.08
True,46,0.08,False,20,20,False,0,False,0.5575519956932045,0.3677462182297215,0.6449621867960693,24.66739370720461,35.236927741789266,0.0,HMTD-MDE,22,case57,0.08
True,42,0.08,False,20,20,False,42,True,3.867180879718792e-10,0.03399701609540809,0.6449621867960693,31.683808300294913,64.45717228925787,0.0,HMTD-MDE,23,case57,0.08
True,56,-0.08,True,1,1,False,38,False,0.17144160094404476,0.015389855031208717,0.6449621867960693,27.381762501318008,35.92909341386986,0.0,HMTD-MDE,24,case57,0.08
True,53,0.08,True,1,1,False,53,True,0.17144235271909297,0.0038317719025580746,0.6449621867960693,27.77550620085094,38.48283689876553,0.0,HMTD-MDE,25,case57,0.08
True,48,0.08,True,1,1,False,48,True,3.8671808797186145e-10,0.002753712702745942,0.6449621867960693,30.111768902861513,41.19858337799089,0.0,HMTD-MDE,26,case57,0.08
True,24,-0.08,True,1,1,False,24,True,0.3733926373097236,0.014629880237221171,0.6449621867960693,29.700768701150082,42.32258338015529,0.0,HMTD-MDE,27,case57,0.08
True,20,0.08,True,1,1,False,20,True,0.17158233662097608,0.006025513013380635,0.6449621867960693,30.421227050828747,43.953048239927746,0.0,HMTD-MDE,28,case57,0.08
True,34,-0.08,True,3,3,False,30,False,0.39694096537231055,0.015666835958673412,0.6449621867960693,30.881062705884688,64.04671040945686,0.0,HMTD-MDE,29,case57,0.08
True,11,-0.08,True,1,1,False,11,True,3.8671819781197475e-10,0.0002955651145503168,0.6449621867960693,26.247937601874582,34.40568399382755,0.0,HMTD-MDE,30,case57,0.08
True,38,0.08,True,4,4,False,56,False,0.1714416009440448,0.015389855031208715,0.6449621867960693,26.918918796582147,39.94836492347531,0.0,HMTD-MDE,31,case57,0.08
True,32,0.08,False,20,20,False,0,False,0.587901667954792,0.35349371377124084,0.6449621867960693,28.62716464442201,41.8694413645426,0.0,HMTD-MDE,32,case57,0.08
True,15,-0.08,False,20,20,False,15,True,0.25820306173016194,0.3420145390940427,0.6449621867960693,26.55480625689961,35.663662521983504,0.0,HMTD-MDE,33,case57,0.08
True,36,0.08,True,1,1,False,36,True,3.8671808797186145e-10,0.0008651682048311887,0.6449621867960693,32.341360399732366,46.7192711221287,0.0,HMTD-MDE,34,case57,0.08
True,26,0.08,False,20,20,False,0,False,0.5544140095423311,0.3695736813810726,0.6449621867960693,29.008062501088716,36.36724646785298,0.0,HMTD-MDE,35,case57,0.08
True,28,0.08,True,11,11,False,28,True,0.002501125453497251,0.021095115517600967,0.6449621867960693,32.806952111423016,46.669545842451086,0.0,HMTD-MDE,36,case57,0.08
True,3,0.08,True,1,1,False,3,True,3.867181703519614e-10,0.0034832369284029763,0.6449621867960693,34.72771669621579,59.096081522875494,0.0,HMTD-MDE,37,case57,0.08
True,6,0.08,True,1,1,False,6,True,3.8671819781197475e-10,0.002363277542522319,0.6449621867960693,38.36639369255863,60.851108672795874,0.0,HMTD-MDE,38,case57,0.08
True,51,-0.08,True,10,10,False,51,True,0.10631619825110344,0.017563560008399984,0.6449621867960693,29.584814605186693,39.83420689764899,0.0,HMTD-MDE,39,case57,0.08
True,17,0.08,True,1,1,False,17,True,0.24190861228509064,0.03393020058914812,0.6449621867960693,29.795508153620176,40.474649611860535,0.0,HMTD-MDE,40,case57,0.08
True,49,-0.08,True,3,3,False,49,True,0.12680154867961094,0.012868635329236667,0.6449621867960693,27.987004202441312,38.412404776318006,0.0,HMTD-MDE,41,case57,0.08
True,19,-0.08,True,1,1,False,20,False,0.1716615809278359,0.0060261324981299305,0.6449621867960693,27.603893593186513,41.40831874101425,0.0,HMTD-MDE,42,case57,0.08
True,31,0.08,False,20,20,False,34,False,0.39790751900036186,0.016211797223542976,0.6449621867960693,27.907824850990437,39.69542740960606,0.0,HMTD-MDE,43,case57,0.08
True,55,0.08,True,1,1,False,55,True,6.417755542280297e-05,0.001265525205068907,0.6449621867960693,29.676495844614692,46.153295831754825,0.0,HMTD-MDE,44,case57,0.08
True,2,0.08,True,1,1,False,2,True,3.867181978119948e-10,0.005048856714374031,0.6449621867960693,33.73027709603775,63.516291638370625,0.0,HMTD-MDE,45,case57,0.08
True,34,-0.08,True,3,3,False,30,False,0.39638393232057983,0.015591334733229212,0.6449621867960693,30.634516591089778,45.968895859550685,0.0,HMTD-MDE,46,case57,0.08
True,14,-0.08,True,1,1,False,14,True,3.8671819781197475e-10,0.007593593808137527,0.6449621867960693,31.932891652104445,68.37328925030306,0.0,HMTD-MDE,47,case57,0.08
True,1,0.08,False,20,20,False,1,True,0.3359781442130434,0.3205336340268329,0.6449621867960693,31.260650101467036,52.23305207910019,0.0,HMTD-MDE,48,case57,0.08
True,34,-0.08,True,1,1,False,30,False,0.3960376606558039,0.015559573743110084,0.6449621867960693,37.636127159930766,76.11424408678432,0.0,HMTD-MDE,49,case57,0.08
True,40,-0.08,True,1,1,False,40,True,0.0004186174595988756,0.011284741816028827,0.6449621867960693,29.14437699946575,40.56219341000543,0.0,HMTD-MDE,50,case57,0.08
True,27,-0.08,False,20,20,False,27,True,0.031212424103502202,0.032718435418521,0.6449621867960693,33.94472714862786,60.29071491502691,0.0,HMTD-MDE,51,case57,0.08
True,44,-0.08,False,20,20,False,44,True,0.2865150898384877,0.07644820981955307,0.6449621867960693,29.313877000822686,42.578608338953934,0.0,HMTD-MDE,52,case57,0.08
True,1,0.08,False,20,20,False,0,False,0.6022712898864917,0.3379334978314392,0.6449621867960693,32.88572700403165,55.1948145730421,0.0,HMTD-MDE,53,case57,0.08
True,20,-0.08,True,1,1,False,20,True,0.17157982204007247,0.0060254939587634955,0.6449621867960693,33.45945845649112,65.42588480224369,0.0,HMTD-MDE,54,case57,0.08
True,41,-0.08,True,1,1,False,55,False,0.15444713078685152,0.0011581462851941032,0.6449621867960693,27.182204060954973,38.21281845157502,0.0,HMTD-MDE,55,case57,0.08
True,25,0.08,False,20,20,False,0,False,0.6306377298885213,0.29375898428862407,0.6449621867960693,33.050656350678764,48.6341332929442,0.0,HMTD-MDE,56,case57,0.08
True,33,0.08,False,20,20,False,33,True,0.42266595880472224,0.036502248710023374,0.6449621867960693,31.853647858952172,61.213935384876095,0.0,HMTD-MDE,57,case57,0.08
True,42,-0.08,False,20,20,False,42,True,3.867180879719719e-10,0.03399701609540809,0.6449621867960693,30.213962492416613,44.83696633833462,0.0,HMTD-MDE,58,case57,0.08
True,21,0.08,False,20,20,False,0,False,0.5552889729560744,0.3706860266653391,0.6449621867960693,28.507731249555945,41.160044056596234,0.0,HMTD-MDE,59,case57,0.08
True,36,-0.08,True,1,1,False,36,True,3.8671808797186166e-10,0.0008651682048311887,0.6449621867960693,28.599095798563212,40.15064791601617,0.0,HMTD-MDE,60,case57,0.08
True,46,0.08,False,20,20,False,0,False,0.5785079523665996,0.3609536732621116,0.6449621867960693,28.56868950475473,35.565654205856845,0.0,HMTD-MDE,61,case57,0.08
True,56,0.08,True,1,1,False,38,False,0.1714416009440448,0.015389855031208715,0.6449621867960693,32.64340420428198,53.95187298418023,0.0,HMTD-MDE,62,case57,0.08
True,8,-0.08,True,1,1,False,8,True,3.8671819781197475e-10,0.00028489480589777717,0.6449621867960693,34.939983356161974,61.66645002958833,0.0,HMTD-MDE,63,case57,0.08
True,2,0.08,True,1,1,False,2,True,3.8671819781197486e-10,0.005048856714374031,0.6449621867960693,31.117347854888067,53.729693123023026,0.0,HMTD-MDE,64,case57,0.08
True,43,0.08,True,1,1,False,37,False,0.17144160095677993,0.009965054463370166,0.6449621867960693,32.46903964900412,51.35332229838242,0.0,HMTD-MDE,65,case57,0.08
True,11,0.08,True,1,1,False,11,True,3.8671819781197475e-10,0.0002955651145503168,0.6449621867960693,27.55473539873492,34.727533653494916,0.0,HMTD-MDE,66,case57,0.08
True,7,0.08,False,20,20,False,7,True,3.871705728571736e-10,0.025269140528303848,0.6449621867960693,32.10962924931664,57.58047682757028,0.0,HMTD-MDE,67,case57,0.08
True,7,-0.08,True,19,19,False,7,True,3.8671819781197475e-10,0.025269140528305367,0.6449621867960693,31.279085445567034,42.50022147898563,0.0,HMTD-MDE,68,case57,0.08
True,51,-0.08,True,5,5,False,51,True,0.25544475343071965,0.011748697384430327,0.6449621867960693,32.88013755227439,42.966319408151335,0.0,HMTD-MDE,69,case57,0.08
True,12,-0.08,True,1,1,False,12,True,3.8671819781197475e-10,6.506154484848831e-05,0.6449621867960693,32.327937401714735,47.10677642433439,0.0,HMTD-MDE,70,case57,0.08
True,17,-0.08,False,20,20,False,18,False,0.24666769932381305,0.03174310187676672,0.6449621867960693,31.574683351209387,61.91086455946789,0.0,HMTD-MDE,71,case57,0.08
True,35,0.08,True,1,1,False,35,True,3.867180879718616e-10,0.0007903150392325828,0.6449621867960693,30.361462460132316,41.10937292862218,0.0,HMTD-MDE,72,case57,0.08
True,37,0.08,True,1,1,False,43,False,0.1714416009518922,0.009965054463316941,0.6449621867960693,35.39420635206625,60.9633297979599,0.0,HMTD-MDE,73,case57,0.08
True,11,0.08,True,1,1,False,11,True,3.8671819781197475e-10,0.0002955651145503168,0.6449621867960693,39.56032500136644,82.13984786416405,0.0,HMTD-MDE,74,case57,0.08
True,43,-0.08,True,1,1,False,43,True,0.17144160095264116,0.00996505446332506,0.6449621867960693,32.328697948832996,47.78646528138782,0.0,HMTD-MDE,75,case57,0.08
True,39,0.08,False,20,20,False,39,True,0.034967240224831574,0.1318691235736051,0.6449621867960693,32.34328320831992,48.67982263094747,0.0,HMTD-MDE,76,case57,0.08
True,41,-0.08,True,1,1,False,41,True,2.1582411157862596e-05,0.000926568059837471,0.6449621867960693,28.651958255795762,40.22130214434584,0.0,HMTD-MDE,77,case57,0.08
True,11,-0.08,True,1,1,False,11,True,3.8671819781197475e-10,0.0002955651145503168,0.6449621867960693,28.35201464476995,45.68833603116218,0.0,HMTD-MDE,78,case57,0.08
True,24,0.08,True,1,1,False,29,False,0.37700118579176595,0.014717360201511646,0.6449621867960693,32.286279209074564,52.17131907993463,0.0,HMTD-MDE,79,case57,0.08
True,26,-0.08,False,20,20,False,0,False,0.5817909649302863,0.35711331222611353,0.6449621867960693,30.351825040997937,53.403735440224416,0.0,HMTD-MDE,80,case57,0.08
True,37,0.08,True,1,1,False,43,False,0.1714416009748472,0.009965054463570683,0.6449621867960693,33.44370210543275,59.05220421263949,0.0,HMTD-MDE,81,case57,0.08
True,26,-0.08,False,20,20,False,0,False,0.5885369852398781,0.3639753821467282,0.6449621867960693,36.12990835099481,78.41522916278338,0.0,HMTD-MDE,82,case57,0.08
True,20,-0.08,True,1,1,False,20,True,0.17158522163387155,0.006025534926204646,0.6449621867960693,29.96795844519511,37.37339134968352,0.0,HMTD-MDE,83,case57,0.08
True,54,0.08,False,20,20,False,54,True,0.1885884753221784,0.057308908917035134,0.6449621867960693,30.680795750231482,42.99947918043473,0.0,HMTD-MDE,84,case57,0.08
True,31,0.08,True,4,4,False,34,False,0.3975349152042425,0.016132943863329335,0.6449621867960693,28.251906202058308,40.0973423209507,0.0,HMTD-MDE,85,case57,0.08
True,28,0.08,True,8,8,False,28,True,0.00015846958556375398,0.021079956599694437,0.6449621867960693,31.318564445246015,70.23247671313584,0.0,HMTD-MDE,86,case57,0.08
True,26,-0.08,False,20,20,False,0,False,0.6068592911621505,0.34132746994783286,0.6449621867960693,30.407531242235564,51.34740441280884,0.0,HMTD-MDE,87,case57,0.08
True,17,-0.08,False,20,20,False,18,False,0.338713324097937,0.02251356214872851,0.6449621867960693,33.650254251551814,62.52234199200758,0.0,HMTD-MDE,88,case57,0.08
True,55,-0.08,True,1,1,False,55,True,1.9626682191444364e-05,0.0012655306429563962,0.6449621867960693,31.819506347528655,54.05427256773692,0.0,HMTD-MDE,89,case57,0.08
True,11,0.08,True,1,1,False,11,True,3.8671819781197475e-10,0.0002955651145503168,0.6449621867960693,29.500014588120393,40.101921145105756,0.0,HMTD-MDE,90,case57,0.08
True,48,-0.08,True,1,1,False,48,True,3.8671808797186145e-10,0.002753712702745942,0.6449621867960693,36.089756243745796,67.1547735488275,0.0,HMTD-MDE,91,case57,0.08
True,50,-0.08,True,1,1,False,50,True,0.006113624196369845,0.0043332219510749375,0.6449621867960693,28.621650047716685,42.94880141096656,0.0,HMTD-MDE,92,case57,0.08
True,53,-0.08,True,1,1,False,52,False,0.1714432505440982,0.0038317758306997017,0.6449621867960693,31.449443742167205,46.053174341796,0.0,HMTD-MDE,93,case57,0.08
True,43,0.08,True,1,1,False,37,False,0.17144160108286446,0.009965054464825977,0.6449621867960693,27.565197899821214,35.874020829214714,0.0,HMTD-MDE,94,case57,0.08
True,40,-0.08,True,1,1,False,40,True,7.432496023115623e-05,0.011286161795874047,0.6449621867960693,31.986939656781033,65.45206041191705,0.0,HMTD-MDE,95,case57,0.08
True,10,-0.08,True,1,1,False,10,True,3.8671819781197475e-10,0.0007455511118699345,0.6449621867960693,28.65211674652528,40.15442049421836,0.0,HMTD-MDE,96,case57,0.08
True,14,0.08,True,1,1,False,14,True,3.8671819781197475e-10,0.007593593808137527,0.6449621867960693,26.73029180150479,41.00017914024648,0.0,HMTD-MDE,97,case57,0.08
True,53,-0.08,True,1,1,False,53,True,0.17144230679644423,0.003831771708545087,0.6449621867960693,30.770445900270715,51.07866669713986,0.0,HMTD-MDE,98,case57,0.08
True,49,-0.08,True,3,3,False,49,True,0.16271254442273358,0.0111455249299997,0.6449621867960693,32.84836460661609,58.56609374750407,0.0,HMTD-MDE,99,case57,0.08
True,56,0.08,True,4,4,False,38,False,0.17144160094404476,0.015389855031208717,0.6449621867960693,32.50421475677285,46.62391069869047,0.0,HMTD-MDE,100,case57,0.08
True,17,-0.08,True,15,15,False,18,False,0.3198916354268008,0.01894535654925093,0.6449621867960693,35.466468657250516,66.4758142316714,0.0,HMTD-MDE,101,case57,0.08
True,12,0.08,True,1,1,False,12,True,3.8671819781197475e-10,6.506154484848831e-05,0.6449621867960693,26.95871055184398,36.84157114475966,0.0,HMTD-MDE,102,case57,0.08
True,48,-0.08,True,1,1,False,48,True,3.8671808797186145e-10,0.002753712702745942,0.6449621867960693,38.00869580300059,85.2803497138666,0.0,HMTD-MDE,103,case57,0.08
True,31,0.08,True,19,19,False,30,False,0.3977458365507763,0.015803786032379315,0.6449621867960693,34.432320852647536,47.311650321353234,0.0,HMTD-MDE,104,case57,0.08
True,31,0.08,False,20,20,False,30,False,0.40058182268172776,0.015961461141609574,0.6449621867960693,28.443020742270164,40.555660109384924,0.0,HMTD-MDE,105,case57,0.08
True,41,-0.08,True,1,1,False,41,True,5.369089419586027e-05,0.0009265719443347743,0.6449621867960693,32.52408954722341,49.000056265504114,0.0,HMTD-MDE,106,case57,0.08
True,16,-0.08,False,20,20,False,0,False,0.5337901536018035,0.32640001131841145,0.6449621867960693,27.16039789665956,34.177620470291004,0.0,HMTD-MDE,107,case57,0.08
True,20,0.08,True,1,1,False,20,True,0.17152697871010303,0.006025104364949506,0.6449621867960693,26.870860339840874,38.05855831014924,0.0,HMTD-MDE,108,case57,0.08
True,50,0.08,True,1,1,False,50,True,0.00226468121433411,0.004305337702325795,0.6449621867960693,27.868989648413844,39.517810387769735,0.0,HMTD-MDE,109,case57,0.08
True,17,0.08,True,7,7,False,18,False,0.2610652708021993,0.03106469992896829,0.6449621867960693,30.193106198566966,49.15762289601844,0.0,HMTD-MDE,110,case57,0.08
True,41,0.08,True,1,1,False,41,True,1.3189210272428215e-07,0.0009265657775856592,0.6449621867960693,30.85103750345297,51.77614998829086,0.0,HMTD-MDE,111,case57,0.08
True,15,0.08,False,20,20,False,0,False,0.6117146749828278,0.3396299536683883,0.6449621867960693,33.264272956876084,56.59613332827577,0.0,HMTD-MDE,112,case57,0.08
True,12,-0.08,True,1,1,False,12,True,3.8671819781197475e-10,6.506154484848831e-05,0.6449621867960693,30.30470624798909,51.40048121393193,0.0,HMTD-MDE,113,case57,0.08
True,33,-0.08,False,20,20,False,33,True,0.4135481780843441,0.03590222446804967,0.6449621867960693,30.85585429216735,46.93232680147049,0.0,HMTD-MDE,114,case57,0.08
True,8,0.08,True,1,1,False,8,True,3.8671819781197475e-10,0.00028489480589777717,0.6449621867960693,34.17502288648393,65.63838923466393,0.0,HMTD-MDE,115,case57,0.08
True,16,-0.08,False,20,20,False,16,True,0.5193247482863846,0.29043110713337744,0.6449621867960693,31.574954206007533,50.11861873208548,0.0,HMTD-MDE,116,case57,0.08
True,46,-0.08,False,20,20,False,0,False,0.5584887939047167,0.3684200590889438,0.6449621867960693,31.424197906744666,59.3839208740974,0.0,HMTD-MDE,117,case57,0.08
True,8,-0.08,True,1,1,False,8,True,3.8671819781197475e-10,0.00028489480589777717,0.6449621867960693,38.33273125055712,69.92556809564124,0.0,HMTD-MDE,118,case57,0.08
True,20,0.08,True,1,1,False,20,True,0.17153961862845354,0.006025195488974249,0.6449621867960693,30.542974956915714,58.75160451978446,0.0,HMTD-MDE,119,case57,0.08
True,52,-0.08,True,1,1,False,52,True,0.17144777248945464,0.003831797486728246,0.6449621867960693,29.449897800805047,47.43781215511263,0.0,HMTD-MDE,120,case57,0.08
True,9,-0.08,True,1,1,False,9,True,3.8671819781197475e-10,0.0057420482213255955,0.6449621867960693,34.50381659786217,62.13276634807701,0.0,HMTD-MDE,121,case57,0.08
True,21,0.08,False,20,20,False,0,False,0.5548446979294797,0.3692895933154438,0.6449621867960693,30.999931204132736,44.37700803682676,0.0,HMTD-MDE,122,case57,0.08
True,43,0.08,True,1,1,False,43,True,0.17144160095735483,0.00996505446337646,0.6449621867960693,31.705843744566664,55.1086353894789,0.0,HMTD-MDE,123,case57,0.08
True,18,-0.08,True,9,9,False,18,True,0.2735145389935238,0.01721740066461906,0.6449621867960693,34.06723341322504,68.13569175137674,0.0,HMTD-MDE,124,case57,0.08
True,38,-0.08,True,1,1,False,38,True,0.1714416009440448,0.015389855031208715,0.6449621867960693,33.169322850881144,43.80464758432936,0.0,HMTD-MDE,125,case57,0.08
True,47,-0.08,False,20,20,False,0,False,0.6143831670976416,0.2639453751236299,0.6449621867960693,31.412033352535214,62.36038368078881,0.0,HMTD-MDE,126,case57,0.08
True,51,-0.08,True,14,14,False,51,True,0.1804900798086598,0.01548656875263186,0.6449621867960693,28.05849589058198,41.610810736892745,0.0,HMTD-MDE,127,case57,0.08
True,23,0.08,True,0,0,False,0,False,0.5955276911352785,0.34830819410466646,0.6449621867960693,28.240402162191458,35.654559030081145,0.0,HMTD-MDE,128,case57,0.08
True,40,0.08,True,1,1,False,40,True,0.0004865243523987534,0.011284401478623177,0.6449621867960693,32.97009185771458,62.788110412657275,0.0,HMTD-MDE,129,case57,0.08
True,20,-0.08,True,1,1,False,19,False,0.1714628595375122,0.006024671690031463,0.6449621867960693,31.80875834368635,52.73527529789136,0.0,HMTD-MDE,130,case57,0.08
True,51,-0.08,True,3,3,False,51,True,0.0759097093099918,0.018193372305246668,0.6449621867960693,31.64778949867468,64.42212853871753,0.0,HMTD-MDE,131,case57,0.08
True,26,0.08,False,20,20,False,0,False,0.568887822273966,0.3636366856373253,0.6449621867960693,34.715227197739296,60.81349643063733,0.0,HMTD-MDE,132,case57,0.08
True,43,-0.08,True,1,1,False,37,False,0.17144160094880082,0.009965054463283598,0.6449621867960693,34.78153539763298,48.59485559863971,0.0,HMTD-MDE,133,case57,0.08
True,54,-0.08,False,20,20,False,54,True,0.1596621986719545,0.06575060295807575,0.6449621867960693,28.089504246599972,37.66863815253601,0.0,HMTD-MDE,134,case57,0.08
True,32,0.08,False,20,20,False,0,False,0.5898835269082059,0.357592945663494,0.6449621867960693,32.709316798718646,55.85096523573159,0.0,HMTD-MDE,135,case57,0.08
True,47,0.08,False,20,20,False,0,False,0.624996871092581,0.3228987420869758,0.6449621867960693,36.88793520559557,62.7426250022836,0.0,HMTD-MDE,136,case57,0.08
True,51,0.08,True,2,2,False,51,True,0.06791816765092913,0.01834633495050045,0.6449621867960693,36.856708489358425,64.24847707385199,0.0,HMTD-MDE,137,case57,0.08
True,53,0.08,True,1,1,False,53,True,0.17145493492573896,0.0038318346999972434,0.6449621867960693,27.775220846524462,38.25379728805274,0.0,HMTD-MDE,138,case57,0.08
True,54,0.08,False,20,20,False,54,True,0.17837421691534192,0.060264530919900965,0.6449621867960693,28.422377142123878,47.07594134670217,0.0,HMTD-MDE,139,case57,0.08
True,20,0.08,True,1,1,False,19,False,0.17153259747158386,0.0060251446923050445,0.6449621867960693,33.190981097868644,46.25623896426987,0.0,HMTD-MDE,140,case57,0.08
True,52,0.08,True,1,1,False,52,True,0.17144704494701424,0.003831793869142253,0.6449621867960693,30.6421791552566,42.04752919322346,0.0,HMTD-MDE,141,case57,0.08
True,10,0.08,True,1,1,False,10,True,3.8671819781197475e-10,0.0007455511118699345,0.6449621867960693,29.908002002048306,39.943005907116465,0.0,HMTD-MDE,142,case57,0.08
True,12,-0.08,True,1,1,False,12,True,3.8671819781197475e-10,6.506154484848831e-05,0.6449621867960693,30.742245947476476,43.49221939919518,0.0,HMTD-MDE,143,case57,0.08
True,10,0.08,True,1,1,False,10,True,3.8671819781197475e-10,0.0007455511118699345,0.6449621867960693,28.99009159882553,42.51500447571745,0.0,HMTD-MDE,144,case57,0.08
True,11,-0.08,True,1,1,False,11,True,3.8671819781197475e-10,0.0002955651145503168,0.6449621867960693,31.92129784729332,56.514341643196545,0.0,HMTD-MDE,145,case57,0.08
True,25,-0.08,False,20,20,False,0,False,0.5938952191532383,0.3169554318184238,0.6449621867960693,27.510672947391868,37.747102667344734,0.0,HMTD-MDE,146,case57,0.08
True,36,0.08,True,1,1,False,36,True,3.867180879718621e-10,0.0008651682048311887,0.6449621867960693,28.420441699563526,43.362767266808085,0.0,HMTD-MDE,147,case57,0.08
True,44,-0.08,False,20,20,False,44,True,0.17867454843501537,0.0628791330034464,0.6449621867960693,33.95588969287928,84.41911665431691,0.0,HMTD-MDE,148,case57,0.08
True,24,0.08,True,1,1,False,29,False,0.38156274675962304,0.014856429524739447,0.6449621867960693,29.619939654367045,45.55930180940779,0.0,HMTD-MDE,149,case57,0.08
True,3,0.08,True,1,1,False,3,True,3.8671819781197475e-10,0.0034832369284029763,0.6449621867960693,28.885520951007493,39.991127091343536,0.0,HMTD-MDE,150,case57,0.08
True,42,0.08,False,20,20,False,42,True,3.8671806051213365e-10,0.033997016095408096,0.6449621867960693,33.724685400375165,82.14809854107443,0.0,HMTD-MDE,151,case57,0.08
True,23,0.08,False,20,20,False,0,False,0.6262235408336936,0.3088951575139549,0.6449621867960693,31.94414574536495,50.556210125796525,0.0,HMTD-MDE,152,case57,0.08
True,45,0.08,True,7,7,False,45,True,3.8671808797191894e-10,0.022501142929642982,0.6449621867960693,30.96024585829582,40.656616652268006,0.0,HMTD-MDE,153,case57,0.08
True,24,-0.08,True,1,1,False,29,False,0.3801887320546401,0.014812480459632236,0.6449621867960693,28.265129195642658,43.68397767539137,0.0,HMTD-MDE,154,case57,0.08
True,22,-0.08,False,20,20,False,0,False,0.6284395886610634,0.25325841739412197,0.6449621867960693,32.024489605100825,45.43406837037766,0.0,HMTD-MDE,155,case57,0.08
True,23,0.08,False,20,20,False,0,False,0.5522650722766093,0.37287586543550966,0.6449621867960693,35.2471749560209,78.08963536517695,0.0,HMTD-MDE,156,case57,0.08
True,54,0.08,False,20,20,False,51,False,0.28955048455950405,0.03895990946676724,0.6449621867960693,34.765004107612185,63.571055929060094,0.0,HMTD-MDE,157,case57,0.08
True,33,-0.08,False,20,20,False,33,True,0.4391257412234415,0.02920890223153141,0.6449621867960693,34.3960186408367,48.075014550704545,0.0,HMTD-MDE,158,case57,0.08
True,39,-0.08,False,20,20,False,39,True,0.3026420799775484,0.1580364478236991,0.6449621867960693,32.71085009910166,54.992193746147684,0.0,HMTD-MDE,159,case57,0.08
True,13,0.08,True,1,1,False,13,True,3.8671819781197475e-10,0.00024296946723677138,0.6449621867960693,37.97538145445287,73.37562501779759,0.0,HMTD-MDE,160,case57,0.08
True,38,0.08,True,3,3,False,56,False,0.1714416009440448,0.015389855031208715,0.6449621867960693,36.30864780570846,57.58528095611837,0.0,HMTD-MDE,161,case57,0.08
True,35,0.08,True,1,1,False,35,True,3.8671808797186145e-10,0.0007903150392325828,0.6449621867960693,33.1802833447,46.01468063483482,0.0,HMTD-MDE,162,case57,0.08
True,26,-0.08,False,20,20,False,0,False,0.5701244214808103,0.36888474943553373,0.6449621867960693,32.36907290411182,50.35564938443713,0.0,HMTD-MDE,163,case57,0.08
True,1,0.08,False,20,20,False,1,True,0.5252122603275301,0.3655823938080056,0.6449621867960693,33.951818745117635,61.01758367440198,0.0,HMTD-MDE,164,case57,0.08
True,49,-0.08,True,1,1,False,50,False,0.16894007617803258,0.008944034562305086,0.6449621867960693,27.803356197546236,34.36323750938756,0.0,HMTD-MDE,165,case57,0.08
True,40,0.08,True,1,1,False,40,True,5.0243088844680886e-05,0.011286252752961481,0.6449621867960693,31.70377095520962,42.19972770952156,0.0,HMTD-MDE,166,case57,0.08
True,40,0.08,True,1,1,False,40,True,8.627476654207529e-05,0.011286112945222096,0.6449621867960693,32.84159159520641,63.02144965156914,0.0,HMTD-MDE,167,case57,0.08
True,28,0.08,True,5,5,False,28,True,9.976961285398003e-07,0.021079244588503257,0.6449621867960693,28.53389800293371,42.8990812797565,0.0,HMTD-MDE,168,case57,0.08
True,38,0.08,True,4,4,False,38,True,0.17144160094404476,0.015389855031208717,0.6449621867960693,28.803702048026025,40.7380045100581,0.0,HMTD-MDE,169,case57,0.08
True,27,0.08,True,10,10,False,27,True,0.02532940585447144,0.03279551510503262,0.6449621867960693,30.340725104906596,58.11077777761967,0.0,HMTD-MDE,170,case57,0.08
True,30,-0.08,True,3,3,False,24,False,0.3857612326271323,0.014995368516209326,0.6449621867960693,32.69231035665143,53.77249796874822,0.0,HMTD-MDE,171,case57,0.08
True,31,-0.08,True,6,6,False,34,False,0.3988933440700916,0.01616039919179147,0.6449621867960693,31.963158244616352,70.25056427810341,0.0,HMTD-MDE,172,case57,0.08
True,27,0.08,True,5,5,False,27,True,0.022720410762931596,0.032827855813167675,0.6449621867960693,28.48637294373475,38.421176999690964,0.0,HMTD-MDE,173,case57,0.08
True,51,0.08,True,7,7,False,51,True,0.13846492844416058,0.016763572095821893,0.6449621867960693,35.89535604987759,63.279255919042114,0.0,HMTD-MDE,174,case57,0.08
True,28,0.08,True,1,1,False,28,True,3.372970148089337e-06,0.021079252560733543,0.6449621867960693,32.127547907293774,53.31013542891015,0.0,HMTD-MDE,175,case57,0.08
True,33,-0.08,False,20,20,False,33,True,0.3978695122338469,0.03957947994586828,0.6449621867960693,29.17398754216265,46.87839996186086,0.0,HMTD-MDE,176,case57,0.08
True,20,-0.08,True,1,1,False,19,False,0.17173554781576375,0.006026738120704748,0.6449621867960693,28.154252053354867,35.77466669667047,0.0,HMTD-MDE,177,case57,0.08
True,5,0.08,True,1,1,False,5,True,3.8671819781197475e-10,0.00192160191471911,0.6449621867960693,28.788412749418058,38.206279845326215,0.0,HMTD-MDE,178,case57,0.08
True,38,0.08,True,1,1,False,38,True,0.17144160094404476,0.015389855031208714,0.6449621867960693,31.926502040005285,55.64223125984427,0.0,HMTD-MDE,179,case57,0.08
True,52,-0.08,True,1,1,False,52,True,0.1714446152265058,0.0038317821187371136,0.6449621867960693,31.5126270026667,41.59682462050114,0.0,HMTD-MDE,180,case57,0.08
True,48,0.08,True,1,1,False,48,True,3.8671808797186145e-10,0.002753712702745942,0.6449621867960693,36.656141802086495,67.42124820884786,0.0,HMTD-MDE,181,case57,0.08
True,32,-0.08,False,20,20,False,0,False,0.5791440056914312,0.3610271920468787,0.6449621867960693,29.609656290267594,42.03216459136457,0.0,HMTD-MDE,182,case57,0.08
True,48,0.08,True,1,1,False,48,True,3.8671808797186145e-10,0.002753712702745942,0.6449621867960693,35.81627079693135,58.28226219746287,0.0,HMTD-MDE,183,case57,0.08
True,48,0.08,True,1,1,False,48,True,3.8671808797186145e-10,0.002753712702745942,0.6449621867960693,27.63122065225616,34.33085626747926,0.0,HMTD-MDE,184,case57,0.08
True,5,0.08,True,1,1,False,5,True,3.8671819781197475e-10,0.00192160191471911,0.6449621867960693,40.67380818887614,60.8863309462322,0.0,HMTD-MDE,185,case57,0.08
True,41,0.08,True,1,1,False,41,True,1.1980951284851145e-06,0.0009265658702834255,0.6449621867960693,29.707814601715654,41.186240976094275,0.0,HMTD-MDE,186,case57,0.08
True,29,-0.08,True,2,2,False,24,False,0.38787784522010266,0.015080685233632204,0.6449621867960693,22.94340630469378,27.072072590817704,0.0,HMTD-MDE,187,case57,0.08
True,10,-0.08,True,1,1,False,10,True,3.8671819781197475e-10,0.0007455511118699345,0.6449621867960693,29.243110396782868,46.58169728936628,0.0,HMTD-MDE,188,case57,0.08
True,13,0.08,True,1,1,False,13,True,3.8671819781197475e-10,0.00024296946723677138,0.6449621867960693,19.055793847655877,22.262525008409284,0.0,HMTD-MDE,189,case57,0.08
True,7,-0.08,True,18,18,False,7,True,3.867181978119748e-10,0.025269140528305367,0.6449621867960693,31.40871470968705,39.57529021427036,0.0,HMTD-MDE,190,case57,0.08
True,34,-0.08,True,2,2,False,24,False,0.39437093833869535,0.015422204003625945,0.6449621867960693,27.24821044539567,42.23181668203324,0.0,HMTD-MDE,191,case57,0.08
True,23,-0.08,False,20,20,False,0,False,0.5960515121252216,0.34464368456616823,0.6449621867960693,20.274512510513887,24.476844078162685,0.0,HMTD-MDE,192,case57,0.08
True,22,-0.08,False,20,20,False,0,False,0.5831178874783323,0.3589280291497353,0.6449621867960693,27.381443709600717,36.0616601392394,0.0,HMTD-MDE,193,case57,0.08
True,53,-0.08,True,1,1,False,53,True,0.17144506523139713,0.003831784249648096,0.6449621867960693,18.95470815070439,23.142332982388325,0.0,HMTD-MDE,194,case57,0.08
True,40,0.08,True,1,1,False,40,True,0.00011026420398744576,0.011286019808954443,0.6449621867960693,32.02160625369288,46.75594371219632,0.0,HMTD-MDE,195,case57,0.08
True,4,-0.08,False,20,20,False,0,False,0.597425106519635,0.3157383831662214,0.6449621867960693,18.82323970203288,22.64956909348257,0.0,HMTD-MDE,196,case57,0.08
True,23,0.08,False,20,20,False,0,False,0.591979980132198,0.3499557243473697,0.6449621867960693,12.742010407964699,15.403664894984107,0.0,HMTD-MDE,197,case57,0.08
True,17,0.08,False,20,20,False,20,False,0.29622506588027164,0.01134158137148504,0.6449621867960693,19.783435299177654,23.675161029677838,0.0,HMTD-MDE,198,case57,0.08
True,28,0.08,True,10,10,False,28,True,0.0008070132866070369,0.021083623467274753,0.6449621867960693,16.41806675179396,23.873756857938144,0.0,HMTD-MDE,199,case57,0.08
True,26,-0.08,True,2,2,False,25,False,0.17144160094417288,0.0041701198000133124,0.4547301589906184,376.1558811995201,428.7358666479135,0.0,MS-HIDE,0,case57,0.08
True,49,-0.08,True,1,1,False,49,True,5.725467819270305e-10,0.0018261749021786667,0.30656832370114195,279.69834154937416,336.28622292599175,0.0,MS-HIDE,1,case57,0.08
True,53,-0.08,True,1,1,False,52,False,0.17144160102526407,0.0017304930199787036,0.27407638547181734,355.6236791511765,423.4392875077913,0.0,MS-HIDE,2,case57,0.08
True,37,0.08,True,1,1,False,43,False,0.17144160106018194,0.0016569697230685632,0.43103437421885105,277.93477290833835,339.26806911767926,0.0,MS-HIDE,3,case57,0.08
True,46,0.08,True,17,17,False,0,False,0.4535569239902775,0.32745354865314297,0.49892248588204885,257.19226255023386,324.3628080177587,0.0,MS-HIDE,4,case57,0.08
True,17,0.08,True,2,2,False,17,True,9.328203781804723e-05,0.002703820275719957,0.41342859864064746,382.7874416980194,468.08116317843223,0.0,MS-HIDE,5,case57,0.08
True,24,0.08,True,2,2,False,24,True,0.17144160099322583,0.0022572022023486242,0.51142018994959,275.3524811967509,345.90605442936067,0.0,MS-HIDE,6,case57,0.08
True,3,0.08,True,1,1,False,3,True,3.8671819781197475e-10,0.0010234120718180608,0.46679411637890617,376.3552270072978,473.1790076766641,0.0,MS-HIDE,7,case57,0.08
True,8,-0.08,True,1,1,False,8,True,3.8671819781197475e-10,0.0003177869000190791,0.3394475328782709,273.5157144983532,325.92285243445076,0.0,MS-HIDE,8,case57,0.08
True,22,0.08,False,20,20,False,0,False,0.4831873888663923,0.30829368328418927,0.4707811664753304,276.5882229519775,335.0363268138608,0.0,MS-HIDE,9,case57,0.08
True,29,-0.08,True,1,1,False,29,True,0.17144160099448516,0.0022572022026609035,0.5024943862096601,390.13629585970193,475.65192294132584,0.0,MS-HIDE,10,case57,0.08
True,28,-0.08,True,1,1,False,28,True,1.027512115634732e-09,0.0011222732835475013,0.35460350804510354,269.0332354104612,330.70101042685565,0.0,MS-HIDE,11,case57,0.08
True,8,0.08,True,1,1,False,8,True,3.8671819781197475e-10,0.0003177869002985445,0.34027054429886283,353.0840228602756,418.75655805342944,0.0,MS-HIDE,12,case57,0.08
True,28,-0.08,True,1,1,False,28,True,1.4397678092784638e-09,0.0011222732837327207,0.36190211468046296,271.0677438415587,330.80448395921854,0.0,MS-HIDE,13,case57,0.08
True,22,0.08,False,20,20,False,0,False,0.4833378963952011,0.27406566616839073,0.5257733651957028,251.8078249471728,331.2030478497036,0.0,MS-HIDE,14,case57,0.08
True,26,0.08,True,3,3,False,25,False,0.1714416009440448,0.004170119801883376,0.4627358031588767,365.84303954732604,435.9611598192727,0.0,MS-HIDE,15,case57,0.08
True,40,-0.08,True,1,1,False,40,True,3.8671808797199556e-10,0.007675192036564961,0.4452570639369997,279.42962914530654,330.38079198740894,0.0,MS-HIDE,16,case57,0.08
True,1,-0.08,False,20,20,False,1,True,1.211141135767116e-06,0.025455109165331943,0.4521115837278989,363.3426166517893,426.825831262978,0.0,MS-HIDE,17,case57,0.08
True,37,-0.08,True,1,1,False,43,False,0.1714416011044526,0.001656969723112055,0.43103437421885105,284.9450812500436,352.43840446928516,0.0,MS-HIDE,18,case57,0.08
True,42,-0.08,True,2,2,False,42,True,3.8671808797186145e-10,0.0020954845314066274,0.5669330636629529,275.0672042486258,327.8720937640174,0.0,MS-HIDE,19,case57,0.08
True,32,0.08,False,20,20,False,0,False,0.42927252803880545,0.3366361457594671,0.5043178178426346,374.6589729998959,422.14484969154137,0.0,MS-HIDE,20,case57,0.08
True,20,0.08,True,1,1,False,19,False,0.17144761083042406,0.0019614664348885213,0.33621471516137613,278.23271879169624,331.90325589093845,0.0,MS-HIDE,21,case57,0.08
True,46,0.08,False,20,20,False,0,False,0.42073119539841525,0.33402608910829923,0.533965902724124,358.55791880749166,423.5130604443851,0.0,MS-HIDE,22,case57,0.08
True,42,0.08,True,1,1,False,42,True,3.8671808797186145e-10,0.0020954845319242177,0.5537155333546397,273.30317269370425,343.7566274020356,0.0,MS-HIDE,23,case57,0.08
True,56,-0.08,True,2,2,False,56,True,0.1714416009440448,0.005094704800927663,0.5638113687368344,271.63594385201577,332.6995250186883,0.0,MS-HIDE,24,case57,0.08
True,53,0.08,True,1,1,False,53,True,0.17144160118012253,0.0017304930201311425,0.27407638547181734,286.1882041557692,344.6065580355935,0.0,MS-HIDE,25,case57,0.08
True,48,0.08,True,1,1,False,48,True,3.8671808797186145e-10,0.0013040373235679995,0.31666415908333656,271.22001475072466,347.3949229461141,0.0,MS-HIDE,26,case57,0.08
True,24,-0.08,True,2,2,False,24,True,0.17144160097746486,0.002257202202287743,0.5099994879477155,285.16727309906855,328.51707979280036,0.0,MS-HIDE,27,case57,0.08
True,20,0.08,True,1,1,False,19,False,0.17144160143706733,0.0019614504369462,0.3464264016883359,270.49196870066226,331.71608750417363,0.0,MS-HIDE,28,case57,0.08
True,34,-0.08,True,2,2,False,34,True,3.9629519119739765e-10,0.0021784743640118737,0.3090626881314976,283.40559999342076,404.8847750003915,0.0,MS-HIDE,29,case57,0.08
True,11,-0.08,True,1,1,False,11,True,3.8671819781197475e-10,0.00036839150146271833,0.3424478073616517,267.34500220627524,320.4968850885052,0.0,MS-HIDE,30,case57,0.08
True,38,0.08,True,2,2,False,56,False,0.17144160094404476,0.005094704799048432,0.5602728051661255,284.3654811993474,343.4436815732625,0.0,MS-HIDE,31,case57,0.08
True,32,0.08,False,20,20,False,0,False,0.4269283659650777,0.3359840418755158,0.5226316330739487,271.49954165215604,347.6683565881103,0.0,MS-HIDE,32,case57,0.08
True,15,-0.08,False,20,20,False,0,False,0.433240988140732,0.3302837700021432,0.562176606412043,280.5740145005984,381.76704411162063,0.0,MS-HIDE,33,case57,0.08
True,36,0.08,True,1,1,False,36,True,3.8671808797186275e-10,0.000714833475904008,0.3753392612586144,259.8742290545488,340.50758548255544,0.0,MS-HIDE,34,case57,0.08
True,26,0.08,True,1,1,False,25,False,0.1714416009440448,0.004170119800281301,0.4537988934151306,265.8289165585302,325.7283524173545,0.0,MS-HIDE,35,case57,0.08
True,28,0.08,True,1,1,False,28,True,7.598860945627985e-10,0.001122273283397743,0.35460350804510354,265.7856687059393,310.72833125363104,0.0,MS-HIDE,36,case57,0.08
True,3,0.08,True,1,1,False,3,True,3.8671819781197475e-10,0.0010234120715768371,0.47033267994961503,276.1986958939815,348.08595628128387,0.0,MS-HIDE,37,case57,0.08
True,6,0.08,True,1,1,False,6,True,3.8671819781197475e-10,0.001832698981822876,0.2622956032225443,260.49750419915654,321.91359414428007,0.0,MS-HIDE,38,case57,0.08
True,51,-0.08,True,1,1,False,51,True,3.8705341872741334e-10,0.004226153272479978,0.44437865966928414,263.97244159306865,333.96437047049403,0.0,MS-HIDE,39,case57,0.08
True,17,0.08,True,1,1,False,17,True,3.8513310460504764e-07,0.002604282845014525,0.3732454347540206,262.9419332515681,319.33517287834553,0.0,MS-HIDE,40,case57,0.08
True,49,-0.08,True,1,1,False,49,True,7.733017619776545e-10,0.0018261749025829427,0.30656832370114195,272.9249666968826,344.64236912317574,0.0,MS-HIDE,41,case57,0.08
True,19,-0.08,True,2,2,False,19,True,0.17144160096790895,0.0019614504358809797,0.3472582874039345,280.6850458611734,334.25029764766805,0.0,MS-HIDE,42,case57,0.08
True,31,0.08,True,1,1,False,31,True,9.349304007818929e-09,0.0021244534260521065,0.3352892247972103,259.7314332961105,334.23385658243205,0.0,MS-HIDE,43,case57,0.08
True,55,0.08,True,1,1,False,55,True,3.8671808797187774e-10,0.000871026066457234,0.34820239013313903,267.27215840655845,320.9323600778589,0.0,MS-HIDE,44,case57,0.08
True,2,0.08,True,1,1,False,2,True,3.8671819781197475e-10,0.0020725267209109072,0.2590579327944297,271.1367750511272,328.4945673018229,0.0,MS-HIDE,45,case57,0.08
True,34,-0.08,True,1,1,False,34,True,4.224142715289495e-10,0.0021784743646668893,0.29728976198913754,264.70421040139627,324.6852774231229,0.0,MS-HIDE,46,case57,0.08
True,14,-0.08,True,1,1,False,14,True,3.8671819781197475e-10,0.0016982258161306553,0.34803435700237095,264.76498329720926,335.00989614694845,0.0,MS-HIDE,47,case57,0.08
True,1,0.08,True,4,4,False,1,True,5.150316404894051e-07,0.024454636065204472,0.42413082844015937,261.66403134993743,316.6493940312649,0.0,MS-HIDE,48,case57,0.08
True,34,-0.08,True,2,2,False,34,True,3.867181154322173e-10,0.002178474363790307,0.3140186779728607,264.4436271453742,324.68892564065754,0.0,MS-HIDE,49,case57,0.08
True,40,-0.08,True,1,1,False,40,True,3.867180879724103e-10,0.007666893167228688,0.41836466833356234,268.1532956979936,331.05299309536355,0.0,MS-HIDE,50,case57,0.08
True,27,-0.08,True,1,1,False,27,True,4.790344504030727e-10,0.001174664711765467,0.34835486008401934,270.55528130440507,329.15525419812184,0.0,MS-HIDE,51,case57,0.08
True,44,-0.08,True,1,1,False,44,True,6.701250862909062e-06,0.0037772953819942326,0.5241139392226324,262.0511208951939,345.2147204807261,0.0,MS-HIDE,52,case57,0.08
True,1,0.08,False,20,20,False,1,True,8.118268570370383e-07,0.02459298947417354,0.4511755710005568,278.6393728485564,342.1584794850787,0.0,MS-HIDE,53,case57,0.08
True,20,-0.08,True,2,2,False,20,True,0.171441600985648,0.001961450436252925,0.3499531950184896,262.823272854439,315.42388779053,0.0,MS-HIDE,54,case57,0.08
True,41,-0.08,True,1,1,False,41,True,3.867180879721971e-10,0.000613221346890051,0.35166287562564413,267.1934832993429,338.96584788744804,0.0,MS-HIDE,55,case57,0.08
True,25,0.08,True,1,1,False,26,False,0.17144160096034214,0.0041701198005494895,0.443932288397637,284.7350582946092,381.8411660002312,0.0,MS-HIDE,56,case57,0.08
True,33,0.08,True,6,6,False,33,True,7.717368520956823e-09,0.014051897024045823,0.41495054481768495,271.6508042096393,344.7430264786817,0.0,MS-HIDE,57,case57,0.08
True,42,-0.08,True,1,1,False,42,True,3.8671808797186145e-10,0.0020954845316290558,0.5679989265671327,261.920348048443,317.9595893103397,0.0,MS-HIDE,58,case57,0.08
True,21,0.08,False,20,20,False,0,False,0.4458663413350878,0.32972598804931613,0.5520364524908327,259.6600917488104,324.581445849617,0.0,MS-HIDE,59,case57,0.08
True,36,-0.08,True,1,1,False,36,True,3.8671808797186905e-10,0.0007148334763384611,0.37313425791769705,267.41615010541864,314.1909694299102,0.0,MS-HIDE,60,case57,0.08
True,46,0.08,False,20,20,False,0,False,0.4452095177822792,0.3260412443359968,0.5527352204711432,263.1442604091717,324.43767676304566,0.0,MS-HIDE,61,case57,0.08
True,56,0.08,True,3,3,False,38,False,0.1714416009440448,0.005094704831359044,0.5455057755069905,267.3850207502255,322.00071072729776,0.0,MS-HIDE,62,case57,0.08
True,8,-0.08,True,1,1,False,8,True,3.8671819781197475e-10,0.0003177869002325071,0.3360188810487895,255.5697479081573,301.6942812508205,0.0,MS-HIDE,63,case57,0.08
True,2,0.08,True,1,1,False,2,True,3.8671819781197475e-10,0.0020725267209762903,0.27285481895936714,259.53252304461785,306.8608124885941,0.0,MS-HIDE,64,case57,0.08
True,43,0.08,True,1,1,False,37,False,0.17144160126528896,0.0016569697232737518,0.43103437421885105,274.19991665228736,315.39663512958214,0.0,MS-HIDE,65,case57,0.08
True,11,0.08,True,1,1,False,11,True,3.8671819781197475e-10,0.0003683915006784564,0.33743029460712765,275.6287811062066,345.44527262332855,0.0,MS-HIDE,66,case57,0.08
True,7,0.08,True,5,5,False,7,True,3.8671819781197475e-10,0.013716588644341745,0.52492960076824,262.57077085319906,326.03379133797716,0.0,MS-HIDE,67,case57,0.08
True,7,-0.08,True,3,3,False,7,True,3.8671819781197486e-10,0.013711767016951877,0.5161842122535365,266.5970602509333,331.7511059285607,0.0,MS-HIDE,68,case57,0.08
True,51,-0.08,True,2,2,False,51,True,7.697443249253831e-07,0.004226156308350963,0.45190819842479124,269.9120790523011,333.10942229290964,0.0,MS-HIDE,69,case57,0.08
True,12,-0.08,True,1,1,False,12,True,3.8671819781197475e-10,0.0002901152597598226,0.27540479289454173,271.3252979097888,327.4480836698786,0.0,MS-HIDE,70,case57,0.08
True,17,-0.08,True,2,2,False,17,True,0.00013598543836481922,0.002604359070240837,0.3925779645878129,267.24820206000004,341.861672635423,0.0,MS-HIDE,71,case57,0.08
True,35,0.08,True,1,1,False,35,True,3.8671808797186145e-10,0.0009331971383940741,0.32818164532036603,257.8046062961221,333.1704898591852,0.0,MS-HIDE,72,case57,0.08
True,37,0.08,True,1,1,False,37,True,0.17144160146149245,0.0016569697244279368,0.4180488204711792,266.20275844761636,326.524029133725,0.0,MS-HIDE,73,case57,0.08
True,11,0.08,True,1,1,False,11,True,3.8671819781197475e-10,0.0003683915015089427,0.3392781705445239,265.55453959445003,347.39528331847396,0.0,MS-HIDE,74,case57,0.08
True,43,-0.08,True,1,1,False,37,False,0.1714416010964719,0.0016569697231041728,0.43103437421885105,258.6762582475785,346.79177674115635,0.0,MS-HIDE,75,case57,0.08
True,39,0.08,True,3,3,False,39,True,3.8671808797186145e-10,0.0036474741930352154,0.5091624976481723,259.5987437030999,302.6208187890006,0.0,MS-HIDE,76,case57,0.08
True,41,-0.08,True,1,1,False,41,True,3.8671808797190566e-10,0.0006132213469017983,0.36100122202338636,275.33842920092866,336.5882264712128,0.0,MS-HIDE,77,case57,0.08
True,11,-0.08,True,1,1,False,11,True,3.8671819781197475e-10,0.0003683915014164428,0.33576762064856125,262.19730011362117,300.4785399360117,0.0,MS-HIDE,78,case57,0.08
True,24,0.08,True,1,1,False,24,True,0.17144160096734726,0.0022572022027441928,0.5030336446991849,277.1804935968248,352.5153895607218,0.0,MS-HIDE,79,case57,0.08
True,26,-0.08,True,1,1,False,26,True,0.1714416009442881,0.004170119800281275,0.4537988934151306,271.21286249894183,354.88796701538377,0.0,MS-HIDE,80,case57,0.08
True,37,0.08,True,1,1,False,37,True,0.17144160108035245,0.0016569697230883066,0.43103437421885105,270.8695208450081,330.5378505727276,0.0,MS-HIDE,81,case57,0.08
True,26,-0.08,True,1,1,False,26,True,0.17144160094631722,0.004170119802882797,0.4603561652266163,269.8803687962936,344.62019162310753,0.0,MS-HIDE,82,case57,0.08
True,20,-0.08,True,2,2,False,19,False,0.17144160109974496,0.0019614504363435923,0.3671824335321021,271.25970415072516,356.5752253722167,0.0,MS-HIDE,83,case57,0.08
True,54,0.08,True,1,1,False,54,True,3.8671808797195865e-10,0.003091857764325003,0.5260574777097952,269.44758550380357,312.195485457778,0.0,MS-HIDE,84,case57,0.08
True,31,0.08,True,2,2,False,31,True,4.683907317782863e-08,0.0021244534272262133,0.3418896958251293,261.8953249475453,320.4762499721255,0.0,MS-HIDE,85,case57,0.08
True,28,0.08,True,1,1,False,28,True,1.1520248359882753e-09,0.0011222732835532107,0.36126376654193093,270.4956126050092,353.86027848289814,0.0,MS-HIDE,86,case57,0.08
True,26,-0.08,True,2,2,False,26,True,0.17144160094410488,0.004170122137261467,0.46645744876671813,279.34761870419607,341.0480937367538,0.0,MS-HIDE,87,case57,0.08
True,17,-0.08,True,1,1,False,17,True,7.62455846867586e-05,0.0026043233918985223,0.3712232099674088,268.65478955733124,325.8943419670686,0.0,MS-HIDE,88,case57,0.08
True,55,-0.08,True,1,1,False,55,True,3.867180879718617e-10,0.000871026065995326,0.36126376654193093,272.6352103432873,349.21075203164946,0.0,MS-HIDE,89,case57,0.08
True,11,0.08,True,1,1,False,11,True,3.8671819781197475e-10,0.00036839150160813256,0.33447472646924326,256.93409169616643,316.56784103834076,0.0,MS-HIDE,90,case57,0.08
True,48,-0.08,True,2,2,False,48,True,4.546818933293929e-10,0.001304037323682308,0.3292957089038756,268.5393520980142,315.9384978527669,0.0,MS-HIDE,91,case57,0.08
True,50,-0.08,True,1,1,False,50,True,3.8671808797186145e-10,0.0014815974620797803,0.43581486270728387,273.28177705057897,350.0874895515154,0.0,MS-HIDE,92,case57,0.08
True,53,-0.08,True,1,1,False,53,True,0.17144160253440496,0.0017304930223123083,0.25835753193502414,259.1178353992291,330.4781458718935,0.0,MS-HIDE,93,case57,0.08
True,43,0.08,True,1,1,False,37,False,0.1714416010477603,0.0016569697242671926,0.42602190136358764,261.00466664356645,314.6535896026762,0.0,MS-HIDE,94,case57,0.08
True,40,-0.08,True,1,1,False,40,True,3.867180879719071e-10,0.007682766338361813,0.4452686111280266,277.5014646467753,339.74446904612705,0.0,MS-HIDE,95,case57,0.08
True,10,-0.08,True,1,1,False,10,True,3.8671819781197475e-10,0.0008020016223035871,0.3352066697295907,269.5398458541604,315.57353748066816,0.0,MS-HIDE,96,case57,0.08
True,14,0.08,True,1,1,False,14,True,3.8671819781197475e-10,0.0016982258159146794,0.3413500170864512,271.5952770522563,338.1589437223738,0.0,MS-HIDE,97,case57,0.08
True,53,-0.08,True,1,1,False,53,True,0.17144160101660158,0.0017304930199333079,0.2673920455558975,268.5199789411854,318.86803158558905,0.0,MS-HIDE,98,case57,0.08
True,49,-0.08,True,1,1,False,49,True,4.281577139308443e-10,0.0018261749020801218,0.30840407255162827,265.9317957033636,316.2400961504318,0.0,MS-HIDE,99,case57,0.08
True,56,0.08,True,1,1,False,38,False,0.1714416009440448,0.005094704795421052,0.5599861792284886,275.3053208987694,323.2605755823897,0.0,MS-HIDE,100,case57,0.08
True,17,-0.08,True,3,3,False,17,True,8.114036287891302e-05,0.002604335102168098,0.3878338349891086,265.3693353408016,324.6451805985999,0.0,MS-HIDE,101,case57,0.08
True,12,0.08,True,1,1,False,12,True,3.8671819781197475e-10,0.0002901152601130332,0.26767867149353447,283.55936034349725,363.02524436905514,0.0,MS-HIDE,102,case57,0.08
True,48,-0.08,True,1,1,False,48,True,3.8671808797186145e-10,0.0013040373235605497,0.3208517169136349,260.7478749967413,333.55163511878345,0.0,MS-HIDE,103,case57,0.08
True,31,0.08,True,1,1,False,31,True,6.290676327586608e-08,0.002124453427862983,0.33348557036376375,269.6321625553537,350.45907679595985,0.0,MS-HIDE,104,case57,0.08
True,31,0.08,True,1,1,False,31,True,3.466329673479829e-08,0.0021244534269283526,0.3363903351210693,271.93036249664146,349.44159761071217,0.0,MS-HIDE,105,case57,0.08
True,41,-0.08,True,1,1,False,41,True,3.8671806051187376e-10,0.0006132213468168739,0.35814207161581235,272.96314369596075,328.33973782544496,0.0,MS-HIDE,106,case57,0.08
True,16,-0.08,False,20,20,False,16,True,5.836289590823324e-10,0.05665438352716065,0.6320444477830043,283.3405749523081,353.5631743463455,0.0,MS-HIDE,107,case57,0.08
True,20,0.08,True,2,2,False,19,False,0.17144160111785595,0.0019614504360953456,0.3438431902742005,274.95999175007455,351.2346479023108,0.0,MS-HIDE,108,case57,0.08
True,50,0.08,True,2,2,False,50,True,3.8671808797186145e-10,0.0014815974619723554,0.4350131121968637,279.6401374973357,340.302666038042,0.0,MS-HIDE,109,case57,0.08
True,17,0.08,True,1,1,False,17,True,3.883411150212063e-06,0.00260428431710936,0.3858148784901779,275.058062444441,322.4131309107179,0.0,MS-HIDE,110,case57,0.08
True,41,0.08,True,1,1,False,41,True,3.8671806051183597e-10,0.0006132213468999244,0.35460350804510354,265.39005420636386,328.73585238994565,0.0,MS-HIDE,111,case57,0.08
True,15,0.08,False,20,20,False,15,True,0.1658865354709426,0.19460037097580027,0.5606544809988832,255.11451239290184,347.0004499802599,0.0,MS-HIDE,112,case57,0.08
True,12,-0.08,True,1,1,False,12,True,3.8671819781197475e-10,0.0002901152601130332,0.26767867149353447,262.8719977044966,341.64450799580663,0.0,MS-HIDE,113,case57,0.08
True,33,-0.08,True,5,5,False,33,True,2.0637971235683026e-08,0.014091300541466454,0.42704571677118536,268.0688145541353,340.17984856327536,0.0,MS-HIDE,114,case57,0.08
True,8,0.08,True,1,1,False,8,True,3.8671819781197475e-10,0.00031778690141623654,0.34297535213523345,273.8052334054373,329.2754899011925,0.0,MS-HIDE,115,case57,0.08
True,16,-0.08,False,20,20,False,16,True,4.732067241773311e-10,0.05259097311483738,0.6621874826059149,273.34081870503724,343.3657497051172,0.0,MS-HIDE,116,case57,0.08
True,46,-0.08,False,20,20,False,0,False,0.4955101375275267,0.30461138096040125,0.5305996800941457,274.45146055251826,345.5063833593158,0.0,MS-HIDE,117,case57,0.08
True,8,-0.08,True,1,1,False,8,True,3.8671819781197475e-10,0.0003177869002905102,0.33973415881590785,278.9656000502873,333.4801208635327,0.0,MS-HIDE,118,case57,0.08
True,20,0.08,True,1,1,False,20,True,0.17144160131452232,0.001961450436724023,0.34809231556547476,261.90969584858976,313.46791066462174,0.0,MS-HIDE,119,case57,0.08
True,52,-0.08,True,1,1,False,52,True,0.17144160151349364,0.00173049302050248,0.26767867149353447,258.9067166438326,305.25107315625064,0.0,MS-HIDE,120,case57,0.08
True,9,-0.08,True,1,1,False,9,True,3.8671819781197475e-10,0.004760071809381079,0.39010103148434855,262.13137099402957,329.46977498650085,0.0,MS-HIDE,121,case57,0.08
True,21,0.08,False,20,20,False,0,False,0.4304379030793421,0.3338116043459902,0.5584794935912294,265.8939748478588,318.29558127210476,0.0,MS-HIDE,122,case57,0.08
True,43,0.08,True,1,1,False,37,False,0.17144160111116982,0.001656969723118702,0.43103437421885105,270.6592061993433,335.2113833650947,0.0,MS-HIDE,123,case57,0.08
True,18,-0.08,True,2,2,False,18,True,0.00240677369848405,0.0040372689249976775,0.4968447852161274,264.4790544116404,315.27405002561864,0.0,MS-HIDE,124,case57,0.08
True,38,-0.08,True,2,2,False,56,False,0.1714416009440448,0.005094704799048432,0.5602728051661255,274.1824708005879,353.36380274093244,0.0,MS-HIDE,125,case57,0.08
True,47,-0.08,False,20,20,False,0,False,0.43876027449194227,0.3311305026062216,0.5175358070323528,287.76101455441676,383.90846602269454,0.0,MS-HIDE,126,case57,0.08
True,51,-0.08,True,1,1,False,51,True,3.8671808797273025e-10,0.004226153271496594,0.46006953928897937,265.8310916071059,339.5215520460624,0.0,MS-HIDE,127,case57,0.08
True,23,0.08,True,0,0,False,0,False,0.4432326227593857,0.33151942367808995,0.5415493809120452,261.6397604928352,323.4445523528848,0.0,MS-HIDE,128,case57,0.08
True,40,0.08,True,1,1,False,40,True,3.8671808797204783e-10,0.007666736551992515,0.3972582955449009,259.9570897058584,324.8175917076878,0.0,MS-HIDE,129,case57,0.08
True,20,-0.08,True,1,1,False,19,False,0.17144160118815824,0.00196145043659946,0.3464264016883359,272.95058545132633,335.7549419190036,0.0,MS-HIDE,130,case57,0.08
True,51,-0.08,True,1,1,False,51,True,3.867180879726993e-10,0.0042261532720597,0.44791722323999295,258.95684594870545,310.59830804297235,0.0,MS-HIDE,131,case57,0.08
True,26,0.08,True,2,2,False,26,True,0.1714416009440448,0.004170119815849825,0.4419591273107806,251.42624384898227,325.158958643442,0.0,MS-HIDE,132,case57,0.08
True,43,-0.08,True,1,1,False,43,True,0.1714416018692185,0.001656969724738378,0.42970596679612666,260.37854570313357,318.95562468271237,0.0,MS-HIDE,133,case57,0.08
True,54,-0.08,True,1,1,False,54,True,3.9458605449194193e-10,0.0019103725291860555,0.5764389868555376,266.9149645458674,345.2882076991955,0.0,MS-HIDE,134,case57,0.08
True,32,0.08,False,20,20,False,0,False,0.4564893229369728,0.32588837443564245,0.5267474750175475,254.56415825465228,322.1084872348001,0.0,MS-HIDE,135,case57,0.08
True,47,0.08,False,20,20,False,0,False,0.44841449718295107,0.3262035608643918,0.5364424251729613,257.3283416539198,311.57976048125425,0.0,MS-HIDE,136,case57,0.08
True,51,0.08,True,2,2,False,51,True,3.8820530602076835e-10,0.004226153272804062,0.44038975090889504,270.4073938046349,331.7284607386682,0.0,MS-HIDE,137,case57,0.08
True,53,0.08,True,1,1,False,53,True,0.17144160154908522,0.0017304930205389118,0.26767867149353447,282.3728437448153,378.75196816166863,0.0,MS-HIDE,138,case57,0.08
True,54,0.08,True,1,1,False,54,True,3.867180879724749e-10,0.0020189705296306754,0.5504045572490646,279.4416522519896,334.11106701532844,0.0,MS-HIDE,139,case57,0.08
True,20,0.08,True,2,2,False,20,True,0.1714416009643563,0.0019614504363495984,0.3343734096340259,263.50691659899894,313.88747436867567,0.0,MS-HIDE,140,case57,0.08
True,52,0.08,True,1,1,False,53,False,0.17144160162135136,0.0017304930206233859,0.26767867149353447,280.60868335305713,364.0566985646729,0.0,MS-HIDE,141,case57,0.08
True,10,0.08,True,1,1,False,10,True,3.8671819781197475e-10,0.0008020016223191906,0.3474602802169151,257.72976034495514,303.99911277054343,0.0,MS-HIDE,142,case57,0.08
True,12,-0.08,True,1,1,False,12,True,3.8671819781197475e-10,0.00029011526073611187,0.2653729852052923,277.03790645173285,330.2931354555767,0.0,MS-HIDE,143,case57,0.08
True,10,0.08,True,1,1,False,10,True,3.8671819781197475e-10,0.0008020016222398245,0.33973415881590785,276.44369585614186,346.94863961485686,0.0,MS-HIDE,144,case57,0.08
True,11,-0.08,True,1,1,False,11,True,3.8671819781197475e-10,0.0003683915010502192,0.3474602802169151,272.43440835154615,374.16585453029256,0.0,MS-HIDE,145,case57,0.08
True,25,-0.08,True,1,1,False,25,True,0.1714416009440448,0.004170120696362637,0.44864346722670034,278.46824784355704,351.70347326784395,0.0,MS-HIDE,146,case57,0.08
True,36,0.08,True,1,1,False,36,True,3.867180879719123e-10,0.0007148334762483296,0.38202360117453416,278.77650404407177,356.72769969096413,0.0,MS-HIDE,147,case57,0.08
True,44,-0.08,True,1,1,False,44,True,8.890309205349365e-08,0.003792516230330548,0.5150006253265152,276.15116875676904,351.0473958885996,0.0,MS-HIDE,148,case57,0.08
True,24,0.08,True,1,1,False,29,False,0.17144160105394013,0.0022572022029514263,0.5010947039264497,260.1358812506078,333.666935400106,0.0,MS-HIDE,149,case57,0.08
True,3,0.08,True,1,1,False,3,True,3.8671819781197475e-10,0.0010234120716263045,0.4665074904412692,266.36258544167504,302.1608961484162,0.0,MS-HIDE,150,case57,0.08
True,42,0.08,True,1,1,False,42,True,3.8671808797186145e-10,0.002095484531265195,0.5666705191444084,285.9445353533374,378.1412872369401,0.0,MS-HIDE,151,case57,0.08
True,23,0.08,False,20,20,False,0,False,0.47106110574758053,0.3209574171011952,0.5113677755323616,257.7038061572239,315.3039202123182,0.0,MS-HIDE,152,case57,0.08
True,45,0.08,True,1,1,False,45,True,3.8671808797186145e-10,0.0023695424059910247,0.501760506432359,276.35288958845194,331.43830595363397,0.0,MS-HIDE,153,case57,0.08
True,24,-0.08,True,1,1,False,29,False,0.1714416010110544,0.0022572022028327747,0.4928451684513936,274.78528954670765,323.71918506687507,0.0,MS-HIDE,154,case57,0.08
True,22,-0.08,False,20,20,False,0,False,0.4653722541949719,0.3172214090739326,0.5647239430375159,281.9760666519869,383.5876648809063,0.0,MS-HIDE,155,case57,0.08
True,23,0.08,False,20,20,False,0,False,0.43111703259874473,0.3322044921508657,0.5428740670751778,265.9913103503641,362.0855083601782,0.0,MS-HIDE,156,case57,0.08
True,54,0.08,True,1,1,False,54,True,3.8671808797256156e-10,0.0020210971258230372,0.540966578757856,259.7091814590385,330.6463395943865,0.0,MS-HIDE,157,case57,0.08
True,33,-0.08,True,4,4,False,33,True,5.128939183417137e-05,0.014098117186577533,0.43255178225718155,270.4647458042018,360.8253565354971,0.0,MS-HIDE,158,case57,0.08
True,39,-0.08,True,2,2,False,39,True,3.8671808797186145e-10,0.0036474741921080083,0.516396185381869,270.89724785473663,351.1332728900016,0.0,MS-HIDE,159,case57,0.08
True,13,0.08,True,1,1,False,13,True,3.8671819781197475e-10,0.0003368264113194662,0.26113239847157566,264.9410540878307,357.5833687878913,0.0,MS-HIDE,160,case57,0.08
True,38,0.08,True,1,1,False,56,False,0.17144160094404476,0.005094704796926201,0.5650046052672695,272.63365625112783,336.6587628144771,0.0,MS-HIDE,161,case57,0.08
True,35,0.08,True,1,1,False,35,True,3.8671808797186145e-10,0.0009331971387045103,0.3123379294761151,274.1622980014654,351.3297211349709,0.0,MS-HIDE,162,case57,0.08
True,26,-0.08,True,1,1,False,25,False,0.17144160094492297,0.004170119800032684,0.45367182531069655,275.0046854635002,348.12886458530556,0.0,MS-HIDE,163,case57,0.08
True,1,0.08,False,20,20,False,1,True,6.784501017425667e-05,0.024809287450691952,0.45704323563357885,272.5612623413326,332.27888953988446,0.0,MS-HIDE,164,case57,0.08
True,49,-0.08,True,1,1,False,49,True,3.936358288409788e-10,0.0018261749018443545,0.31234513056315805,270.6354749563616,330.8569764893037,0.0,MS-HIDE,165,case57,0.08
True,40,0.08,True,2,2,False,40,True,3.867180879721806e-10,0.007673074996090374,0.44646184765846175,270.19631059956737,333.812773556565,0.0,MS-HIDE,166,case57,0.08
True,40,0.08,True,2,2,False,40,True,3.8671808797239726e-10,0.00766346778566681,0.42272799595068,267.72461439832114,329.53754166373983,0.0,MS-HIDE,167,case57,0.08
True,28,0.08,True,1,1,False,28,True,6.902606574254692e-10,0.0011222732833646293,0.36100122202338636,274.37446654075757,340.6353419268271,0.0,MS-HIDE,168,case57,0.08
True,38,0.08,True,3,3,False,56,False,0.17144160094404476,0.005094704824825146,0.5673391879937968,267.6950291468529,318.1929586397019,0.0,MS-HIDE,169,case57,0.08
True,27,0.08,True,1,1,False,27,True,5.843871924761482e-10,0.0011746647110054116,0.341407975649555,271.4512270584237,341.8708354438422,0.0,MS-HIDE,170,case57,0.08
True,30,-0.08,True,2,2,False,30,True,3.1368000179935855e-05,0.0022845206850486783,0.3487689972902842,266.3196000037715,346.57113128341734,0.0,MS-HIDE,171,case57,0.08
True,31,-0.08,True,1,1,False,31,True,2.4309011203089787e-06,0.002124453528776031,0.34399762755256547,264.27770215959754,325.9526889742119,0.0,MS-HIDE,172,case57,0.08
True,27,0.08,True,2,2,False,27,True,4.242978970901197e-10,0.0011746647109961614,0.3488650287103272,275.05668965459336,326.09272086992866,0.0,MS-HIDE,173,case57,0.08
True,51,0.08,True,1,1,False,51,True,3.909442055638916e-10,0.004226153271501422,0.4536718253106965,270.71227295091376,334.9505583959399,0.0,MS-HIDE,174,case57,0.08
True,28,0.08,True,1,1,False,28,True,9.113378162262082e-10,0.001122273283388524,0.3593353081462475,282.713291698019,352.08974374399986,0.0,MS-HIDE,175,case57,0.08
True,33,-0.08,True,3,3,False,33,True,3.8671811543343997e-10,0.014061717150225755,0.4289663803446513,274.0883834572742,352.06423961499246,0.0,MS-HIDE,176,case57,0.08
True,20,-0.08,True,1,1,False,19,False,0.17144160129748895,0.00196145043670287,0.34169460158719195,278.9530020963866,347.005678844289,0.0,MS-HIDE,177,case57,0.08
True,5,0.08,True,2,2,False,5,True,3.8671819781197475e-10,0.0017569826854305802,0.28303738132662587,268.2398395554628,323.8750767719467,0.0,MS-HIDE,178,case57,0.08
True,38,0.08,True,1,1,False,38,True,0.1714416009440448,0.005094704799048432,0.5602728051661255,252.66979789885224,310.58067771955393,0.0,MS-HIDE,179,case57,0.08
True,52,-0.08,True,1,1,False,52,True,0.17144160149671492,0.0017304930204799242,0.27407638547181734,279.6425583510427,344.3580038554501,0.0,MS-HIDE,180,case57,0.08
True,48,0.08,True,1,1,False,48,True,3.8671808797186145e-10,0.0013040373237458572,0.3269973190535609,261.31379385187756,337.4108336836798,0.0,MS-HIDE,181,case57,0.08
True,32,-0.08,False,20,20,False,0,False,0.4332164166695827,0.3350287187727163,0.540946508481356,281.6659435018664,353.8917455094634,0.0,MS-HIDE,182,case57,0.08
True,48,0.08,True,1,1,False,48,True,3.8671808797186145e-10,0.0013040373255197033,0.3128389695749908,265.0564144918462,322.0013497164473,0.0,MS-HIDE,183,case57,0.08
True,48,0.08,True,1,1,False,48,True,3.8671808797186145e-10,0.0013040373246540912,0.3075822387962709,167.43498740252107,247.47729195805735,0.0,MS-HIDE,184,case57,0.08
True,5,0.08,True,1,1,False,5,True,3.867181978120081e-10,0.0017569826859726515,0.25934185716412184,270.24108730547596,327.2393184277462,0.0,MS-HIDE,185,case57,0.08
True,41,0.08,True,1,1,False,41,True,3.867180879718784e-10,0.0006132213468354862,0.36126376654193093,249.61537075287197,312.14511636062525,0.0,MS-HIDE,186,case57,0.08
True,29,-0.08,True,1,1,False,29,True,0.17144160100994735,0.002257202202803007,0.491872029351616,272.4552645551739,333.8233440095792,0.0,MS-HIDE,187,case57,0.08
True,10,-0.08,True,1,1,False,10,True,3.8671819781197475e-10,0.0008020016223542866,0.34327272238661666,230.31051051220857,284.10961700428743,0.0,MS-HIDE,188,case57,0.08
True,13,0.08,True,1,1,False,13,True,3.8671819781197475e-10,0.00033682641069362383,0.2709990034890693,129.7271562507376,168.72597322799265,0.0,MS-HIDE,189,case57,0.08
True,7,-0.08,True,4,4,False,7,True,3.8671819781197486e-10,0.013713389920417977,0.5005879860658445,271.79392520338297,354.31505864253273,0.0,MS-HIDE,190,case57,0.08
True,34,-0.08,True,2,2,False,34,True,3.96704238849515e-10,0.0021784743639431756,0.3067011848520594,191.1715770547744,283.2443024002714,0.0,MS-HIDE,191,case57,0.08
True,23,-0.08,False,20,20,False,0,False,0.4428043398056093,0.3261389251882625,0.545145707993274,260.49356864823494,305.5992896319367,0.0,MS-HIDE,192,case57,0.08
True,22,-0.08,False,20,20,False,0,False,0.45114128274616544,0.32897005640526694,0.5391461321941392,193.38012720400002,266.5002917376114,0.0,MS-HIDE,193,case57,0.08
True,53,-0.08,True,1,1,False,52,False,0.17144160099670544,0.00173049301976225,0.27737662933052604,111.90721864695661,137.9729392472655,0.0,MS-HIDE,194,case57,0.08
True,40,0.08,True,1,1,False,40,True,3.8671808797231165e-10,0.0076725906765062685,0.4719852369446448,239.43587929243222,312.87953189748805,0.0,MS-HIDE,195,case57,0.08
True,4,-0.08,False,20,20,False,0,False,0.42394042195475856,0.333401907342067,0.5585842373202626,126.72958959592506,158.2979562546825,0.0,MS-HIDE,196,case57,0.08
True,23,0.08,False,20,20,False,0,False,0.4259759877577947,0.33648578588877104,0.5322417233587027,239.66918344667647,304.7376610396896,0.0,MS-HIDE,197,case57,0.08
True,17,0.08,True,2,2,False,17,True,0.00010698462399247183,0.002604341364974408,0.3862546242683176,131.7426581925247,160.67362882895398,0.0,MS-HIDE,198,case57,0.08
True,28,0.08,True,1,1,False,28,True,5.220292434910462e-10,0.0011222732832269074,0.3522996438363233,80.16906859120354,86.688130593393,0.0,MS-HIDE,199,case57,0.08
True,26,-0.08,True,1,1,False,26,True,0.17144160094737027,0.008611653627228695,0.6946651679887632,2.0957353961421177,2.4555854353820905,0.0,RHMTD,0,case57,0.08
True,49,-0.08,True,1,1,False,49,True,3.867180879722164e-10,0.003281377041758706,0.7031763863922,3.896877050283365,9.248397892224602,0.0,RHMTD,1,case57,0.08
True,53,-0.08,True,1,1,False,53,True,0.1714416009462318,0.0038227468800114605,0.7061114305861951,5.539849991328083,11.591679221601241,0.0,RHMTD,2,case57,0.08
True,37,0.08,True,1,1,False,37,True,0.1714416009440448,0.0025123811158494383,0.6963739639653085,4.102456255350262,8.825870198779741,0.0,RHMTD,3,case57,0.08
True,46,0.08,True,17,17,False,0,False,0.4373317493065085,0.32960821630803216,0.6946312741064754,4.808789503294975,12.843183279619561,0.0,RHMTD,4,case57,0.08
True,17,0.08,True,5,5,False,17,True,2.5612155155507597e-06,0.043629807173777437,0.6998393279171573,2.0551249443087727,2.375744143500924,0.0,RHMTD,5,case57,0.08
True,24,0.08,True,1,1,False,29,False,0.17144160095571512,0.013931570892868355,0.6929940233908594,3.736718653817661,8.061012500547804,0.0,RHMTD,6,case57,0.08
True,3,0.08,True,1,1,False,3,True,3.8671819781197475e-10,0.005504218492867223,0.6977877947654327,3.6030397488502786,8.051529218209907,0.0,RHMTD,7,case57,0.08
True,8,-0.08,True,1,1,False,8,True,3.8671819781197475e-10,0.00033345882170102213,0.7050455676820152,6.006537552457303,8.070980914635621,0.0,RHMTD,8,case57,0.08
True,22,0.08,False,20,20,False,0,False,0.5525372648203639,0.2640262829069596,0.6976274094521628,3.561008148244582,6.795419051195497,0.0,RHMTD,9,case57,0.08
True,29,-0.08,True,3,3,False,29,True,0.1714416009440448,0.010237521671725935,0.6955706455796734,2.1094375028042123,2.5279913155827676,0.0,RHMTD,10,case57,0.08
True,28,-0.08,True,1,1,False,28,True,3.867181428919181e-10,0.00415274446920808,0.6906948533828214,7.245060452260077,14.108664903324145,0.0,RHMTD,11,case57,0.08
True,8,0.08,True,1,1,False,8,True,3.8671819781197475e-10,0.00048432174357702424,0.6983076530817569,3.6949376459233463,6.406914879335092,0.0,RHMTD,12,case57,0.08
True,28,-0.08,True,1,1,False,28,True,3.867181428919181e-10,0.0011951786331795642,0.6980451085632124,4.340462447726168,10.067722969688475,0.0,RHMTD,13,case57,0.08
True,22,0.08,False,20,20,False,0,False,0.46970756566507094,0.304290061425759,0.6999195205737923,4.2833354498725384,10.576218721689658,0.0,RHMTD,14,case57,0.08
True,26,0.08,True,1,1,False,25,False,0.1714416009440448,0.005583931531383605,0.7029138418736557,2.0426499482709914,2.4960020411526784,0.0,RHMTD,15,case57,0.08
True,40,-0.08,True,1,1,False,40,True,8.182018388569509e-10,0.012903969525311094,0.6989696876590645,3.7137668492505327,7.802852400345729,0.0,RHMTD,16,case57,0.08
True,1,-0.08,False,20,20,False,1,True,3.8671819781197625e-10,0.037894449952006776,0.6959342983056191,4.692716800491326,9.566258336417379,0.0,RHMTD,17,case57,0.08
True,37,-0.08,True,1,1,False,43,False,0.1714416009440448,0.0030482838595780586,0.6993944315367031,4.1903000441379845,6.550370846525767,0.0,RHMTD,18,case57,0.08
True,42,-0.08,True,1,1,False,42,True,3.8671808797186145e-10,0.004456267902095131,0.7018636637994773,4.618058344931342,9.905420764698656,0.0,RHMTD,19,case57,0.08
True,32,0.08,False,20,20,False,0,False,0.41198817501258234,0.33533308621437335,0.7002570270282067,2.0757438003784046,2.464879205217585,0.0,RHMTD,20,case57,0.08
True,20,0.08,True,1,1,False,19,False,0.1714416009440448,0.002646422470825393,0.7010446605838406,3.706077139941044,7.678758329711855,0.0,RHMTD,21,case57,0.08
True,46,0.08,False,20,20,False,0,False,0.42095563637889893,0.3331121146868566,0.7050455676820151,3.32018110784702,5.8727223047753805,0.0,RHMTD,22,case57,0.08
True,42,0.08,True,3,3,False,42,True,3.8671808797186145e-10,0.005703135215905833,0.6967968937971228,3.928456350695342,7.877433381509036,0.0,RHMTD,23,case57,0.08
True,56,-0.08,True,1,1,False,56,True,0.1714416009440448,0.015685256922112645,0.7034389309107447,5.0560895469971,10.149035064387151,0.0,RHMTD,24,case57,0.08
True,53,0.08,True,1,1,False,53,True,0.1714416009440448,0.0034826215033759316,0.6932174433063512,3.3611209510127082,6.471491348929705,0.0,RHMTD,25,case57,0.08
True,48,0.08,True,2,2,False,48,True,3.8671808797186145e-10,0.0050234038901803115,0.6994537086425714,3.278697849600576,5.548266627010891,0.0,RHMTD,26,case57,0.08
True,24,-0.08,True,2,2,False,24,True,0.1714416016198573,0.006552376503785133,0.6989286196054825,4.017950003617443,9.228145782253705,0.0,RHMTD,27,case57,0.08
True,20,0.08,True,1,1,False,20,True,0.1714416009440448,0.0022183098894310222,0.7001977499223384,5.162250154535286,8.662998274667212,0.0,RHMTD,28,case57,0.08
True,34,-0.08,True,2,2,False,34,True,3.8671808797187034e-10,0.012075042128802215,0.6985911131510678,4.389797992189415,11.22120207292028,0.0,RHMTD,29,case57,0.08
True,11,-0.08,True,1,1,False,11,True,3.8671819781197475e-10,0.0007519078100424372,0.7015854344509314,3.668806146015413,6.603085697861389,0.0,RHMTD,30,case57,0.08
True,38,0.08,True,4,4,False,38,True,0.17144160094404476,0.016301881786840472,0.697600212182758,3.2729353988543153,4.982627034769395,0.0,RHMTD,31,case57,0.08
True,32,0.08,False,20,20,False,0,False,0.4462143631693604,0.3260597181469523,0.6909906030593058,3.7901479459833354,7.3997127765323985,0.0,RHMTD,32,case57,0.08
True,15,-0.08,False,20,20,False,15,True,0.03940614405664684,0.1446150832614237,0.701060345413842,9.109847759827971,50.45385657867883,0.0,RHMTD,33,case57,0.08
True,36,0.08,True,1,1,False,36,True,3.8671808797186145e-10,0.0014191996864771964,0.7026512973551109,2.985493646701798,3.3347419579513375,0.0,RHMTD,34,case57,0.08
True,26,0.08,True,2,2,False,25,False,0.1714416009440448,0.004497943165650443,0.6970594383156674,3.997027041623369,6.998404100886546,0.0,RHMTD,35,case57,0.08
True,28,0.08,True,1,1,False,28,True,3.867181428919181e-10,0.0032984013201675486,0.7058488860676505,4.8857416870305315,10.508806546567945,0.0,RHMTD,36,case57,0.08
True,3,0.08,True,1,1,False,3,True,3.8671819781197475e-10,0.00379889617110106,0.6956508382363082,4.490229149814695,8.843864896334708,0.0,RHMTD,37,case57,0.08
True,6,0.08,True,1,1,False,6,True,3.8671819781197475e-10,0.005854215555235341,0.6988536576696125,4.1026561870239675,8.342637153691614,0.0,RHMTD,38,case57,0.08
True,51,-0.08,True,1,1,False,51,True,3.8671808797276065e-10,0.012065364435849218,0.695650838236308,5.810077043133788,12.413966964231804,0.0,RHMTD,39,case57,0.08
True,17,0.08,True,8,8,False,17,True,6.34372979924003e-08,0.028293235393397963,0.7026512973551109,4.90480424487032,13.217719405656684,0.0,RHMTD,40,case57,0.08
True,49,-0.08,True,1,1,False,49,True,3.8671808797186145e-10,0.0032466926670628566,0.6962971879836142,3.5766227898420766,7.315018441295251,0.0,RHMTD,41,case57,0.08
True,19,-0.08,True,1,1,False,20,False,0.1714416009440448,0.0021652289371762406,0.7013228899323865,3.169106299174018,4.518737460603008,0.0,RHMTD,42,case57,0.08
True,31,0.08,True,1,1,False,31,True,2.0589311679675398e-05,0.004548655265125621,0.6991109714673922,3.626618639100343,4.881687514716765,0.0,RHMTD,43,case57,0.08
True,55,0.08,True,1,1,False,55,True,3.8671808797186145e-10,0.000909979385986072,0.7012479279965167,3.4310707997065037,5.682358628837392,0.0,RHMTD,44,case57,0.08
True,2,0.08,True,1,1,False,2,True,3.8671819781197475e-10,0.004189507288593304,0.7005195715467514,4.4400041457265615,10.692406914313326,0.0,RHMTD,45,case57,0.08
True,34,-0.08,True,1,1,False,34,True,3.8671808797186145e-10,0.003461424297709731,0.7009853834779722,3.6930644972017035,7.224920782027768,0.0,RHMTD,46,case57,0.08
True,14,-0.08,True,1,1,False,14,True,3.8671819781197475e-10,0.001323266488640775,0.6966626547553845,3.828762433840893,6.178758598980496,0.0,RHMTD,47,case57,0.08
True,1,0.08,False,20,20,False,1,True,3.867181703520659e-10,0.0407667199957775,0.7028388799377856,3.771237551700324,7.455104449763896,0.0,RHMTD,48,case57,0.08
True,34,-0.08,True,1,1,False,34,True,3.8671808797186145e-10,0.004792429906124248,0.7002570270282068,3.9029395527904853,5.174942305893648,0.0,RHMTD,49,case57,0.08
True,40,-0.08,True,1,1,False,40,True,3.8671808797186673e-10,0.009140534772384502,0.6980451085632122,3.6311063973698765,6.771639903308824,0.0,RHMTD,50,case57,0.08
True,27,-0.08,True,1,1,False,27,True,3.867181428919181e-10,0.0020455978953501388,0.6993735159859367,3.7807312386576086,6.6998648981098095,0.0,RHMTD,51,case57,0.08
True,44,-0.08,True,9,9,False,44,True,7.277486800607655e-10,0.019624376059794963,0.7029138418736556,3.6118522490141913,8.116604501265101,0.0,RHMTD,52,case57,0.08
True,1,0.08,False,20,20,False,1,True,1.889059909674354e-09,0.0447718457161403,0.7029138418736556,4.140518698841333,9.775387137779035,0.0,RHMTD,53,case57,0.08
True,20,-0.08,True,1,1,False,19,False,0.1714416009440448,0.003011269164763405,0.702651297355111,4.650568749639206,9.944206883665181,0.0,RHMTD,54,case57,0.08
True,41,-0.08,True,1,1,False,41,True,3.8671808797186145e-10,0.0006444644135611347,0.7007978008952975,3.583266749046743,7.635583353112452,0.0,RHMTD,55,case57,0.08
True,25,0.08,True,3,3,False,26,False,0.17144160094404481,0.013396965688027623,0.7047830231634706,3.613270851201378,6.966954233939761,0.0,RHMTD,56,case57,0.08
True,33,0.08,False,20,20,False,33,True,0.004640562650580391,0.05843028206931117,0.7029138418736556,5.6503167521441355,8.759981911862305,0.0,RHMTD,57,case57,0.08
True,42,-0.08,True,1,1,False,42,True,3.8671808797186145e-10,0.008736519095856725,0.6994537086425716,3.0570083064958453,3.85309823032003,0.0,RHMTD,58,case57,0.08
True,21,0.08,False,20,20,False,0,False,0.44328093198714236,0.3243505079089749,0.7085057009130991,4.960202000802383,12.27614759700374,0.0,RHMTD,59,case57,0.08
True,36,-0.08,True,1,1,False,36,True,3.8671808797186145e-10,0.0025003402677433164,0.7045047938149245,3.976656254963018,9.176366665633397,0.0,RHMTD,60,case57,0.08
True,46,0.08,False,20,20,False,0,False,0.4529430793417169,0.320295873034131,0.6990360095315222,5.552795756375417,8.758766984101415,0.0,RHMTD,61,case57,0.08
True,56,0.08,True,2,2,False,38,False,0.1714416009440448,0.01714084587568428,0.6942683844284803,4.266279147122987,6.91055450588466,0.0,RHMTD,62,case57,0.08
True,8,-0.08,True,1,1,False,8,True,3.8671819781197475e-10,0.00048768484218572296,0.7007821160652958,4.025306401308626,7.700500634382481,0.0,RHMTD,63,case57,0.08
True,2,0.08,True,1,1,False,2,True,3.8671819781197475e-10,0.002697599377667113,0.6916909991917157,3.30332079611253,4.623914902913388,0.0,RHMTD,64,case57,0.08
True,43,0.08,True,1,1,False,37,False,0.1714416009440448,0.003075060993453365,0.6961759272733972,3.8691626075888053,7.343737542396414,0.0,RHMTD,65,case57,0.08
True,11,0.08,True,1,1,False,11,True,3.8671819781197475e-10,0.0007549391434555541,0.6943224308135836,4.2024583905003965,8.560137846507132,0.0,RHMTD,66,case57,0.08
True,7,0.08,True,7,7,False,7,True,3.8671819781201374e-10,0.017625505644577596,0.7029138418736556,4.833552200580016,10.771248230594226,0.0,RHMTD,67,case57,0.08
True,7,-0.08,True,6,6,False,7,True,3.867181978119754e-10,0.01721174767024963,0.7020303308313853,5.536000049323775,10.88765830500052,0.0,RHMTD,68,case57,0.08
True,51,-0.08,True,1,1,False,51,True,3.867180879718727e-10,0.012579756742113025,0.6956508382363082,4.178987449267879,10.080949679831974,0.0,RHMTD,69,case57,0.08
True,12,-0.08,True,1,1,False,12,True,3.8671819781197475e-10,0.00017715035484214208,0.6966417392046179,3.929137508384884,8.136122633004561,0.0,RHMTD,70,case57,0.08
True,17,-0.08,True,4,4,False,17,True,0.027133826243088775,0.00972057712003184,0.6989286196054825,3.960610451758839,8.981203855364585,0.0,RHMTD,71,case57,0.08
True,35,0.08,True,1,1,False,35,True,3.8671808797186166e-10,0.0027807177397786266,0.696716701140488,4.2221187526592985,9.733641697675923,0.0,RHMTD,72,case57,0.08
True,37,0.08,True,1,1,False,37,True,0.1714416009440448,0.0030476406334949465,0.7002570270282069,4.066231264732778,10.90652712446172,0.0,RHMTD,73,case57,0.08
True,11,0.08,True,1,1,False,11,True,3.8671819781197475e-10,0.0006343916925124052,0.6961759272733974,4.306541598634794,11.29206634068396,0.0,RHMTD,74,case57,0.08
True,43,-0.08,True,1,1,False,37,False,0.1714416009440448,0.0024841891017799173,0.6976002121827581,4.3540333019336686,14.05583927989938,0.0,RHMTD,75,case57,0.08
True,39,0.08,True,2,2,False,39,True,3.8671808797186145e-10,0.008465075337879253,0.6964052666340019,5.044304198236205,11.119164220872342,0.0,RHMTD,76,case57,0.08
True,41,-0.08,True,1,1,False,41,True,3.8671808797186145e-10,0.0007015276598169328,0.6945517701741885,5.5360707541694865,12.203925300855209,0.0,RHMTD,77,case57,0.08
True,11,-0.08,True,1,1,False,11,True,3.8671819781197475e-10,0.0007444192512089295,0.6901488487949661,6.662347994279116,10.041043761884842,0.0,RHMTD,78,case57,0.08
True,24,0.08,True,3,3,False,24,True,0.17144160094404481,0.0027632957737087327,0.7010603454138419,4.249122945475392,9.06371632008814,0.0,RHMTD,79,case57,0.08
True,26,-0.08,True,4,4,False,26,True,0.1714416009440448,0.004647520314067025,0.7002570270282069,3.9731209981255233,7.453308659023614,0.0,RHMTD,80,case57,0.08
True,37,0.08,True,1,1,False,37,True,0.1714416009440448,0.003050991714271013,0.7023887528365664,4.2997623910196126,10.07583747850731,0.0,RHMTD,81,case57,0.08
True,26,-0.08,True,1,1,False,26,True,0.1714416009440448,0.00493291936660401,0.6910446494444095,3.383660499821417,4.703780621639457,0.0,RHMTD,82,case57,0.08
True,20,-0.08,True,1,1,False,19,False,0.1714416009440448,0.0022119370141909086,0.7037171602592909,6.037831248249859,25.53391420224216,0.0,RHMTD,83,case57,0.08
True,54,0.08,True,1,1,False,54,True,3.8671808797186145e-10,0.002513881460439988,0.7021105234880205,5.034283292479813,12.573308352148164,0.0,RHMTD,84,case57,0.08
True,31,0.08,True,1,1,False,31,True,3.760884553837801e-05,0.005037240136287422,0.7037171602592907,3.278272948227823,3.8712693698471443,0.0,RHMTD,85,case57,0.08
True,28,0.08,True,1,1,False,28,True,3.867181428919181e-10,0.0010892287081273853,0.696716701140488,4.8999791033566,6.001758371712666,0.0,RHMTD,86,case57,0.08
True,26,-0.08,True,1,1,False,25,False,0.1714416009440448,0.00479289266707891,0.6989286196054824,4.521456148358993,14.362133317627018,0.0,RHMTD,87,case57,0.08
True,17,-0.08,True,8,8,False,17,True,0.012159058581550282,0.030325925910823125,0.6932617986301688,4.34766459511593,10.477664339123296,0.0,RHMTD,88,case57,0.08
True,55,-0.08,True,1,1,False,55,True,3.8671808797186145e-10,0.0009827130280797,0.7010446605838405,4.05611889436841,6.1249104794114935,0.0,RHMTD,89,case57,0.08
True,11,0.08,True,1,1,False,11,True,3.8671819781197475e-10,0.00033090370700178504,0.7032174544457823,5.557310490985401,13.547489544725993,0.0,RHMTD,90,case57,0.08
True,48,-0.08,True,1,1,False,48,True,3.8671808797186145e-10,0.005190688936746467,0.6970751231456689,3.1647749012336135,3.799985081423076,0.0,RHMTD,91,case57,0.08
True,50,-0.08,True,1,1,False,50,True,3.8671808797186145e-10,0.0032428842784969747,0.701060345413842,3.705156300566159,5.863678563036957,0.0,RHMTD,92,case57,0.08
True,53,-0.08,True,2,2,False,52,False,0.17144160094743546,0.00302580297339859,0.7018479789694758,3.993285345495678,8.237464554258626,0.0,RHMTD,93,case57,0.08
True,43,0.08,True,1,1,False,37,False,0.1714416009440448,0.0030274762239694457,0.697600212182758,3.7175105477217585,6.215260078897703,0.0,RHMTD,94,case57,0.08
True,40,-0.08,True,1,1,False,40,True,3.8671806051189827e-10,0.008930250048495326,0.6975043346961217,3.1090186996152624,3.5195854638004707,0.0,RHMTD,95,case57,0.08
True,10,-0.08,True,1,1,False,10,True,3.8671819781197475e-10,0.0013617505397178896,0.702051246382152,3.6871480027912185,7.618042011745274,0.0,RHMTD,96,case57,0.08
True,14,0.08,True,1,1,False,14,True,3.8671819781197475e-10,0.004573866699459372,0.6994537086425714,3.887595745618455,8.974095206940548,0.0,RHMTD,97,case57,0.08
True,53,-0.08,True,1,1,False,52,False,0.1714416009440448,0.006848354508485947,0.7007821160652961,3.9947042998392135,8.706616374547595,0.0,RHMTD,98,case57,0.08
True,49,-0.08,True,3,3,False,49,True,3.8671808797186244e-10,0.003578470073416872,0.6983285686325233,3.0983916978584602,4.039570534951056,0.0,RHMTD,99,case57,0.08
True,56,0.08,True,2,2,False,38,False,0.17144160094404476,0.016081740569899295,0.7013228899323868,4.179985492373817,7.844600355019795,0.0,RHMTD,100,case57,0.08
True,17,-0.08,True,2,2,False,17,True,0.0008496311808265359,0.01078809399893512,0.7047830231634707,5.578804251854308,13.362993433838716,0.0,RHMTD,101,case57,0.08
True,12,0.08,True,1,1,False,12,True,3.8671819781197475e-10,0.00017723885031653978,0.7015854344509311,3.5621772869490087,6.207485368940981,0.0,RHMTD,102,case57,0.08
True,48,-0.08,True,1,1,False,48,True,3.8671808797186145e-10,0.006132808596079809,0.6982536066966536,4.372212605085224,12.001681281253695,0.0,RHMTD,103,case57,0.08
True,31,0.08,True,1,1,False,31,True,1.551458048322143e-08,0.004538955324577925,0.7021262083180217,4.589725099503994,11.237239945330662,0.0,RHMTD,104,case57,0.08
True,31,0.08,True,1,1,False,31,True,0.00024830078183272613,0.0048374363226345645,0.7001820650923368,4.096985448268242,7.888972299406307,0.0,RHMTD,105,case57,0.08
True,41,-0.08,True,1,1,False,41,True,3.8671808797186145e-10,0.0006805799868046133,0.7012479279965167,4.137362461187877,9.397176446509548,0.0,RHMTD,106,case57,0.08
True,16,-0.08,False,20,20,False,16,True,1.0646933918265242e-07,0.07616657132304405,0.6963791946860736,3.8956335018156096,9.105897627887318,0.0,RHMTD,107,case57,0.08
True,20,0.08,True,1,1,False,20,True,0.1714416009440448,0.005847474151277293,0.6984289137919739,4.360933258431032,10.590743791544812,0.0,RHMTD,108,case57,0.08
True,50,0.08,True,1,1,False,50,True,3.8671808797187846e-10,0.006351213572547644,0.6965597325021589,4.009620891883969,7.554078527027745,0.0,RHMTD,109,case57,0.08
True,17,0.08,True,7,7,False,17,True,0.003967096207777549,0.0192595679670242,0.6989286196054825,5.012843693839386,9.915743742021752,0.0,RHMTD,110,case57,0.08
True,41,0.08,True,1,1,False,41,True,3.8671808797186145e-10,0.0020696297214996763,0.6960092602414891,4.425987502327189,9.381207718979567,0.0,RHMTD,111,case57,0.08
True,15,0.08,False,20,20,False,15,True,0.004267002387987632,0.1424391830619901,0.6985911131510678,4.358275004778989,8.034233321086509,0.0,RHMTD,112,case57,0.08
True,12,-0.08,True,1,1,False,12,True,3.8671819781197475e-10,0.00017729311171765216,0.6923939724179001,4.136599961202592,8.686487236991525,0.0,RHMTD,113,case57,0.08
True,33,-0.08,False,20,20,False,33,True,6.0902422253008796e-06,0.05797228827868195,0.6959935754114877,3.7090166530106217,7.342894424800765,0.0,RHMTD,114,case57,0.08
True,8,0.08,True,1,1,False,8,True,3.8671819781197475e-10,0.0004876848421639067,0.7004446096108814,6.5969084011157975,24.8619256046368,0.0,RHMTD,115,case57,0.08
True,16,-0.08,False,20,20,False,16,True,1.2986927951841113e-07,0.06487662247663878,0.6924420852380717,3.4156459994846955,7.26379374973476,0.0,RHMTD,116,case57,0.08
True,46,-0.08,False,20,20,False,0,False,0.5083321068442592,0.29805646964918,0.6980451085632124,8.339766750577837,39.36888720199932,0.0,RHMTD,117,case57,0.08
True,8,-0.08,True,1,1,False,8,True,3.8671819781197475e-10,0.0006192385518653159,0.7063739751047395,4.262720851693302,9.39072919427418,0.0,RHMTD,118,case57,0.08
True,20,0.08,True,1,1,False,19,False,0.1714416009440448,0.009002855629634756,0.6999944825096623,4.201733294758014,11.589025598368611,0.0,RHMTD,119,case57,0.08
True,52,-0.08,True,1,1,False,53,False,0.1714416009440448,0.00397344783628225,0.6917388836874303,3.5615730477729812,7.357635712833145,0.0,RHMTD,120,case57,0.08
True,9,-0.08,True,1,1,False,9,True,3.8671819781197475e-10,0.010090378655776307,0.7077023825274638,2.922350005246699,3.1973062461474915,0.0,RHMTD,121,case57,0.08
True,21,0.08,False,20,20,False,0,False,0.4280122845738436,0.33158876405160925,0.6996360605044811,3.4061832528095692,4.965158956474628,0.0,RHMTD,122,case57,0.08
True,43,0.08,True,1,1,False,43,True,0.1714416009440448,0.003168250659373691,0.693256567909404,6.226793798850849,12.297279215999911,0.0,RHMTD,123,case57,0.08
True,18,-0.08,True,1,1,False,18,True,0.020670663530723735,0.0592265143833486,0.6967219318612528,3.9843937993282452,10.459937131963672,0.0,RHMTD,124,case57,0.08
True,38,-0.08,True,1,1,False,38,True,0.1714416009440448,0.014155125138810967,0.7012479279965167,4.185537496232428,9.66668780311011,0.0,RHMTD,125,case57,0.08
True,47,-0.08,False,20,20,False,0,False,0.47210890903885616,0.3137051631783342,0.7071772934903748,3.951887550647371,7.840035387198441,0.0,RHMTD,126,case57,0.08
True,51,-0.08,True,1,1,False,51,True,3.8671808797201396e-10,0.010669011415472576,0.6970001612097991,4.24583119165618,6.954941657022582,0.0,RHMTD,127,case57,0.08
True,23,0.08,True,0,0,False,0,False,0.5169889001095626,0.2677085834056962,0.6991911641240269,3.092808451037854,5.050071151345037,0.0,RHMTD,128,case57,0.08
True,40,0.08,True,1,1,False,40,True,3.8671808797186673e-10,0.010862587979882952,0.7005195715467513,5.011291644768789,9.77331042813604,0.0,RHMTD,129,case57,0.08
True,20,-0.08,True,1,1,False,20,True,0.17144160094826408,0.0026276173635863755,0.700535256376753,5.388360354118049,10.746943458798356,0.0,RHMTD,130,case57,0.08
True,51,-0.08,True,1,1,False,51,True,3.8671808797186145e-10,0.011461610808256065,0.70424224929638,4.9682041484629735,12.207247628248298,0.0,RHMTD,131,case57,0.08
True,26,0.08,True,1,1,False,26,True,0.1714416009440448,0.004761137619039936,0.6945849753321284,3.858850145479664,10.168654107837938,0.0,RHMTD,132,case57,0.08
True,43,-0.08,True,1,1,False,37,False,0.1714416009440448,0.0030517587927796257,0.7039797047778353,4.134714449173771,8.928607689449565,0.0,RHMTD,133,case57,0.08
True,54,-0.08,True,1,1,False,54,True,3.8674774078763316e-10,0.009380733687131338,0.6998393279171574,3.489056264515966,7.428035140037539,0.0,RHMTD,134,case57,0.08
True,32,0.08,False,20,20,False,0,False,0.43039057347940135,0.32982393930394094,0.7039797047778353,5.307441757759079,13.184652410564013,0.0,RHMTD,135,case57,0.08
True,47,0.08,False,20,20,False,0,False,0.47692046348410977,0.30918979752850106,0.6986660750869378,4.1136248561088,9.704031271394342,0.0,RHMTD,136,case57,0.08
True,51,0.08,True,1,1,False,51,True,3.8671808797219584e-10,0.010527168085373495,0.7031920712222017,3.8223542040213943,6.681959767593073,0.0,RHMTD,137,case57,0.08
True,53,0.08,True,2,2,False,52,False,0.17144160094493965,0.0036190135511186164,0.70424224929638,3.7508438079385087,6.6104305704357165,0.0,RHMTD,138,case57,0.08
True,54,0.08,True,2,2,False,54,True,3.867180605118896e-10,0.013070265946744842,0.7002570270282069,4.641977194114588,10.364639869658278,0.0,RHMTD,139,case57,0.08
True,20,0.08,True,1,1,False,20,True,0.1714416009440448,0.002305556316460217,0.7001820650923369,2.919781254604459,3.5094666411168878,0.0,RHMTD,140,case57,0.08
True,52,0.08,True,1,1,False,52,True,0.17144160094404476,0.0030890552523816428,0.6972574750075787,5.102845910005271,15.409580973209822,0.0,RHMTD,141,case57,0.08
True,10,0.08,True,1,1,False,10,True,3.8671819781197475e-10,0.0014014514041661343,0.70424224929638,4.546762601239607,9.941447625169532,0.0,RHMTD,142,case57,0.08
True,12,-0.08,True,1,1,False,12,True,3.8671819781197475e-10,0.0001772387363655586,0.7037171602592909,3.536503989016637,7.306518126279117,0.0,RHMTD,143,case57,0.08
True,10,0.08,True,1,1,False,10,True,3.8671819781197475e-10,0.0014053777909133996,0.6922526886095728,4.1498563514323905,12.712227125302888,0.0,RHMTD,144,case57,0.08
True,11,-0.08,True,1,1,False,11,True,3.8671819781197475e-10,0.000744420890290774,0.6947062360423455,4.0143582940800115,4.9675499671138965,0.0,RHMTD,145,case57,0.08
True,25,-0.08,True,2,2,False,25,True,0.1714416009440448,0.006494974411314469,0.7015854344509311,3.7504643987631425,8.542891641263852,0.0,RHMTD,146,case57,0.08
True,36,0.08,True,1,1,False,36,True,3.8671808797186145e-10,0.001316013326092159,0.6993194696008332,3.5417812556261197,5.8965687523596,0.0,RHMTD,147,case57,0.08
True,44,-0.08,True,2,2,False,44,True,3.8671808797188637e-10,0.006201724867085892,0.6991911641240269,3.369643847690895,5.90083749848418,0.0,RHMTD,148,case57,0.08
True,24,0.08,True,1,1,False,29,False,0.1714416011018533,0.006615735734829074,0.7005195715467514,3.919816741836257,4.511969056329704,0.0,RHMTD,149,case57,0.08
True,3,0.08,True,1,1,False,3,True,3.8671819781197553e-10,0.007005206150950978,0.7007228389594276,4.178762499941513,8.0685190478107,0.0,RHMTD,150,case57,0.08
True,42,0.08,True,2,2,False,42,True,3.8671808797186145e-10,0.004184229159580146,0.6962971879836142,4.132048040628433,8.943237486528233,0.0,RHMTD,151,case57,0.08
True,23,0.08,False,20,20,False,0,False,0.4413081089271614,0.32707129597315543,0.6959342983056193,7.564941805321723,33.021256924257635,0.0,RHMTD,152,case57,0.08
True,45,0.08,True,1,1,False,45,True,3.8671808797186145e-10,0.003047388248575836,0.7026512973551109,7.857389698619954,15.339965219027404,0.0,RHMTD,153,case57,0.08
True,24,-0.08,True,1,1,False,29,False,0.1714416009440448,0.0052818031543789955,0.6961968428241637,3.2647061947500333,4.094920211355205,0.0,RHMTD,154,case57,0.08
True,22,-0.08,False,20,20,False,0,False,0.5029572931449287,0.3047655422488367,0.7033587382541098,4.176520739565603,9.406587210833097,0.0,RHMTD,155,case57,0.08
True,23,0.08,False,20,20,False,0,False,0.40860583230790437,0.33734754835765207,0.7005195715467514,3.5857855022186413,5.444508662912998,0.0,RHMTD,156,case57,0.08
True,54,0.08,True,1,1,False,54,True,3.8671808797186874e-10,0.001971276766829064,0.6990360095315222,6.130064552417025,16.234445839654658,0.0,RHMTD,157,case57,0.08
True,33,-0.08,False,20,20,False,33,True,0.005865870064231109,0.05992858571163718,0.7031763863922001,3.6648522480390966,6.854476738953966,0.0,RHMTD,158,case57,0.08
True,39,-0.08,True,2,2,False,39,True,3.867180879718616e-10,0.007655196428708702,0.7021262083180217,3.9355000073555857,7.731758357840593,0.0,RHMTD,159,case57,0.08
True,13,0.08,True,1,1,False,13,True,3.8671819781197475e-10,0.0002917014177592351,0.6948091582955711,5.389487600768916,10.737069047172557,0.0,RHMTD,160,case57,0.08
True,38,0.08,True,3,3,False,38,True,0.17144160094404476,0.011704561490130739,0.6935601804815307,3.6674937495263293,7.2501298069255435,0.0,RHMTD,161,case57,0.08
True,35,0.08,True,1,1,False,35,True,3.8671808797186145e-10,0.0015603881747475743,0.6927568620958954,4.305085411760956,6.771000617300172,0.0,RHMTD,162,case57,0.08
True,26,-0.08,True,1,1,False,26,True,0.1714416009440448,0.005812335994865104,0.6991911641240272,4.216112490394153,8.973302118829452,0.0,RHMTD,163,case57,0.08
True,1,0.08,False,20,20,False,1,True,7.376741407445137e-09,0.036409250793723084,0.7018479789694758,3.2571998512139544,6.434374311356805,0.0,RHMTD,164,case57,0.08
True,49,-0.08,True,4,4,False,49,True,3.8671808797222686e-10,0.0033275425243158106,0.6890804831206139,3.646035253768787,5.600737527129244,0.0,RHMTD,165,case57,0.08
True,40,0.08,True,1,1,False,40,True,3.867180879718622e-10,0.011490219517486125,0.7047830231634707,3.023235543514602,3.564227395690978,0.0,RHMTD,166,case57,0.08
True,40,0.08,True,1,1,False,40,True,3.8671808797186176e-10,0.010741320487159258,0.7047080612276005,3.7811666465131566,8.167141984449701,0.0,RHMTD,167,case57,0.08
True,28,0.08,True,1,1,False,28,True,3.867181428919181e-10,0.001164535064366578,0.6956971370106553,3.706006403081119,6.910608368343677,0.0,RHMTD,168,case57,0.08
True,38,0.08,True,5,5,False,38,True,0.1714416009440448,0.021092856143354665,0.7034546157407462,4.173795797396451,9.848943480756134,0.0,RHMTD,169,case57,0.08
True,27,0.08,True,2,2,False,27,True,3.867181428919181e-10,0.0020661114749409813,0.695772098946525,3.1919582543196157,4.63411665405147,0.0,RHMTD,170,case57,0.08
True,30,-0.08,True,1,1,False,30,True,0.11595979131155183,0.0052251888517143115,0.7034389309107447,4.050858394475654,7.8667172958375895,0.0,RHMTD,171,case57,0.08
True,31,-0.08,True,1,1,False,31,True,9.968657652373602e-09,0.005132972019700986,0.6915104613756301,4.808266705367714,11.325627088081102,0.0,RHMTD,172,case57,0.08
True,27,0.08,True,1,1,False,27,True,4.357081352503753e-10,0.0060559918129189285,0.6929601295085716,4.266714400728233,8.32244372286369,0.0,RHMTD,173,case57,0.08
True,51,0.08,True,1,1,False,51,True,3.867180879724922e-10,0.011542510714504793,0.7039797047778353,3.303393698297441,6.39474613708444,0.0,RHMTD,174,case57,0.08
True,28,0.08,True,1,1,False,28,True,3.867181428919181e-10,0.0032678264463100954,0.6999944825096621,3.422189541743137,6.246866352739745,0.0,RHMTD,175,case57,0.08
True,33,-0.08,False,20,20,False,33,True,3.7988144340040955e-08,0.04712710914752762,0.6958541056489842,5.59429170389194,15.290039512910882,0.0,RHMTD,176,case57,0.08
True,20,-0.08,True,2,2,False,20,True,0.1714416009440448,0.00221844294117346,0.6991911641240269,4.235029043047689,7.211681242915808,0.0,RHMTD,177,case57,0.08
True,5,0.08,True,1,1,False,5,True,3.8671819781197475e-10,0.003955796013557179,0.6999944825096622,4.990554245887324,11.423337232554331,0.0,RHMTD,178,case57,0.08
True,38,0.08,True,1,1,False,38,True,0.1714416009440448,0.01635334131604819,0.701060345413842,3.4991896071005613,7.733410428045319,0.0,RHMTD,179,case57,0.08
True,52,-0.08,True,1,1,False,52,True,0.17144160094404476,0.009468663185950653,0.7018479789694758,5.684249851037748,16.032491004443745,0.0,RHMTD,180,case57,0.08
True,48,0.08,True,1,1,False,48,True,3.8671808797186145e-10,0.005151048707498569,0.7085057009130993,2.917527037789114,3.3613437466556215,0.0,RHMTD,181,case57,0.08
True,32,-0.08,False,20,20,False,0,False,0.44801597600771453,0.32298885887806206,0.6975845273527566,3.6280229018302634,7.213568780571224,0.0,RHMTD,182,case57,0.08
True,48,0.08,True,1,1,False,48,True,3.8671808797186145e-10,0.004388211044871873,0.6939849243591694,3.4864521003328264,5.562279140576722,0.0,RHMTD,183,case57,0.08
True,48,0.08,True,1,1,False,48,True,3.8671808797186145e-10,0.00546031945617312,0.7004393788901166,3.028781191096641,3.788979130331428,0.0,RHMTD,184,case57,0.08
True,5,0.08,True,1,1,False,5,True,3.8671819781197475e-10,0.003308264345832257,0.6961916121033989,5.220933392411098,11.001241955091247,0.0,RHMTD,185,case57,0.08
True,41,0.08,True,1,1,False,41,True,3.8671808797186145e-10,0.0021585459549683635,0.6970001612097989,3.969383452204056,10.236965221702121,0.0,RHMTD,186,case57,0.08
True,29,-0.08,True,1,1,False,24,False,0.17144160096492556,0.007916438412134326,0.6944716518411564,3.7334958877181634,6.692835097783245,0.0,RHMTD,187,case57,0.08
True,10,-0.08,True,1,1,False,10,True,3.8671819781197475e-10,0.0014011031133156968,0.6969896788327474,2.953739551594481,3.644533996703104,0.0,RHMTD,188,case57,0.08
True,13,0.08,True,1,1,False,13,True,3.8671819781197475e-10,0.0002916246654021036,0.6961166501675289,2.836324946838431,3.3737994148395956,0.0,RHMTD,189,case57,0.08
True,7,-0.08,True,2,2,False,7,True,3.8671817035195103e-10,0.02401213804222891,0.6929242921757544,5.001074998290278,13.650366704678163,0.0,RHMTD,190,case57,0.08
True,34,-0.08,True,1,1,False,34,True,3.867180879718622e-10,0.010136053932870632,0.7021262083180217,3.6821290443185717,7.504301785957068,0.0,RHMTD,191,case57,0.08
True,23,-0.08,False,20,20,False,0,False,0.48372405666634616,0.3070365179479035,0.6944847595773829,2.8420834423741326,3.17089190648403,0.0,RHMTD,192,case57,0.08
True,22,-0.08,False,20,20,False,0,False,0.4938503412492432,0.30058464928595224,0.6950970860376962,3.156395858968608,3.919041046174245,0.0,RHMTD,193,case57,0.08
True,53,-0.08,True,1,1,False,52,False,0.17144160094731253,0.006371438621244859,0.6986660750869378,2.6839020050829276,2.9652833356522024,0.0,RHMTD,194,case57,0.08
True,40,0.08,True,1,1,False,40,True,3.8671808797186176e-10,0.009049883128374155,0.7015854344509311,2.9001063987379894,3.568360721692443,0.0,RHMTD,195,case57,0.08
True,4,-0.08,False,20,20,False,0,False,0.42843880556839653,0.32940211193847674,0.7042422492963798,2.7936021564528346,3.0733368883375083,0.0,RHMTD,196,case57,0.08
True,23,0.08,False,20,20,False,45,False,0.42119607812823096,0.20288874097758958,0.7013228899323867,3.0324353981995955,4.269447902333923,0.0,RHMTD,197,case57,0.08
True,17,0.08,True,4,4,False,17,True,0.0013555318024366316,0.041804531472957054,0.6985701976003014,2.838229198823683,3.152504799072631,0.0,RHMTD,198,case57,0.08
True,28,0.08,True,1,1,False,28,True,3.867181428919181e-10,0.0011610700379876499,0.698912934775481,2.6704519434133545,2.9801375174429268,0.0,RHMTD,199,case57,0.08
True,26,-0.08,True,1,1,False,26,True,0.2408041373854148,0.004944597915412531,0.4948417944683423,23.894462501630187,31.51935237983708,0.0,Robust-MTD,0,case57,0.08
True,49,-0.08,True,1,1,False,49,True,0.23309141303659947,0.005927606186210215,0.4948417944683423,28.755043700220995,39.78592084604317,0.0,Robust-MTD,1,case57,0.08
True,53,-0.08,True,1,1,False,53,True,0.18147199544363793,0.002573624590576948,0.4948417944683423,20.810479202191345,30.285141619970098,0.0,Robust-MTD,2,case57,0.08
True,37,0.08,True,1,1,False,43,False,0.26097612632940964,0.0020556476722575303,0.4948417944683423,28.454777135630138,46.431197918718695,0.0,Robust-MTD,3,case57,0.08
True,46,0.08,True,17,17,False,0,False,0.5473360185148943,0.35354028292673545,0.4948417944683423,28.311345897964202,49.44373124162667,0.0,Robust-MTD,4,case57,0.08
True,17,0.08,True,1,1,False,18,False,0.2577234059945032,0.006684970327450194,0.4948417944683423,24.800535503891297,29.92165594769176,0.0,Robust-MTD,5,case57,0.08
True,24,0.08,True,1,1,False,24,True,0.17247016239867158,0.008391693840784475,0.4948417944683423,28.29174803919159,38.6592524155276,0.0,Robust-MTD,6,case57,0.08
True,3,0.08,True,1,1,False,3,True,3.9347019035410744e-10,0.008621523784576172,0.4948417944683423,20.88109580508899,28.115372292813852,0.0,Robust-MTD,7,case57,0.08
True,8,-0.08,True,1,1,False,8,True,3.8671819781197475e-10,0.004882064964206214,0.4948417944683423,26.957874911022373,31.839904194930575,0.0,Robust-MTD,8,case57,0.08
True,22,0.08,False,20,20,False,0,False,0.6060313263573536,0.30665429382629017,0.4948417944683423,26.475537451915443,36.30116912245285,0.0,Robust-MTD,9,case57,0.08
True,29,-0.08,True,1,1,False,29,True,0.17218712750238585,0.00838868628359285,0.4948417944683423,25.87658750708215,36.128716307575814,0.0,Robust-MTD,10,case57,0.08
True,28,-0.08,True,1,1,False,28,True,3.867181428919181e-10,0.0033735226776998493,0.4948417944683423,31.449993699789047,55.818231269950054,0.0,Robust-MTD,11,case57,0.08
True,8,0.08,True,1,1,False,8,True,3.8671819781197475e-10,0.004882064964206214,0.4948417944683423,20.910206300322898,29.650881851557646,0.0,Robust-MTD,12,case57,0.08
True,28,-0.08,True,1,1,False,28,True,3.867181428919189e-10,0.0033735226776998493,0.4948417944683423,26.02892300055828,36.208507721312344,0.0,Robust-MTD,13,case57,0.08
True,22,0.08,False,20,20,False,0,False,0.5743269876993385,0.33320754160388333,0.4948417944683423,28.41798116278369,38.726229185704156,0.0,Robust-MTD,14,case57,0.08
True,26,0.08,True,1,1,False,26,True,0.2378487589956121,0.0049705622760680655,0.4948417944683423,27.155673049855977,35.3484898689203,0.0,Robust-MTD,15,case57,0.08
True,40,-0.08,False,20,20,False,40,True,3.867180879723001e-10,0.04736495376060766,0.4948417944683423,27.396547904936597,39.01643098215573,0.0,Robust-MTD,16,case57,0.08
True,1,-0.08,False,20,20,False,0,False,0.6035640080861608,0.26198512247343836,0.4948417944683423,21.703679201891646,33.66934523801319,0.0,Robust-MTD,17,case57,0.08
True,37,-0.08,True,1,1,False,44,False,0.2640989004194314,0.002627241054537404,0.4948417944683423,27.155879154452123,37.172981252660975,0.0,Robust-MTD,18,case57,0.08
True,42,-0.08,True,2,2,False,42,True,3.8671808797186145e-10,0.012298808387578544,0.4948417944683423,26.158572954591364,33.94061604340097,0.0,Robust-MTD,19,case57,0.08
True,32,0.08,False,20,20,False,0,False,0.5095869641974993,0.3709375620667546,0.4948417944683423,24.294283307972364,30.785294057568535,0.0,Robust-MTD,20,case57,0.08
True,20,0.08,True,1,1,False,20,True,0.26803459115160067,0.0035621121902174356,0.4948417944683423,25.72764171345625,34.24688994709868,0.0,Robust-MTD,21,case57,0.08
True,46,0.08,False,20,20,False,0,False,0.5018413147010928,0.379038931715162,0.4948417944683423,21.302475198172033,28.012760719866495,0.0,Robust-MTD,22,case57,0.08
True,42,0.08,True,1,1,False,42,True,3.8671808797186145e-10,0.012298808387578544,0.4948417944683423,27.41554389358498,35.536625640816055,0.0,Robust-MTD,23,case57,0.08
True,56,-0.08,True,1,1,False,56,True,0.17144160094404476,0.015075329385466213,0.4948417944683423,28.24058539699763,40.05954378517345,0.0,Robust-MTD,24,case57,0.08
True,53,0.08,True,1,1,False,53,True,0.1887755960967137,0.002619321040219221,0.4948417944683423,28.710477097774856,37.59358987736051,0.0,Robust-MTD,25,case57,0.08
True,48,0.08,True,1,1,False,48,True,0.07458522397169533,0.002955246050872833,0.4948417944683423,29.69213330943603,39.8093568510376,0.0,Robust-MTD,26,case57,0.08
True,24,-0.08,True,1,1,False,24,True,0.1720152068703845,0.008386927248448264,0.4948417944683423,29.547216702485457,47.90736102731899,0.0,Robust-MTD,27,case57,0.08
True,20,0.08,True,1,1,False,19,False,0.3276859467347096,0.004452052557432848,0.4948417944683423,32.50361454556696,42.362456582486665,0.0,Robust-MTD,28,case57,0.08
True,34,-0.08,True,3,3,False,33,False,0.37626534492318225,0.024036404326780874,0.4948417944683423,28.413558201282285,38.64436836447567,0.0,Robust-MTD,29,case57,0.08
True,11,-0.08,True,1,1,False,11,True,3.8671819781197475e-10,0.004888621605915981,0.4948417944683423,29.310862498823553,41.000355599680915,0.0,Robust-MTD,30,case57,0.08
True,38,0.08,True,4,4,False,56,False,0.17144160094404476,0.015075329385466215,0.4948417944683423,31.110870753764175,57.530795858474455,0.0,Robust-MTD,31,case57,0.08
True,32,0.08,False,20,20,False,0,False,0.5199054051950454,0.3690280128771597,0.4948417944683423,30.72093329683412,52.570227047544925,0.0,Robust-MTD,32,case57,0.08
True,15,-0.08,False,20,20,False,0,False,0.5150092499189636,0.359636603410844,0.4948417944683423,28.51884584815707,48.25571490509901,0.0,Robust-MTD,33,case57,0.08
True,36,0.08,True,1,1,False,36,True,3.8671808797187427e-10,0.000916443787643461,0.4948417944683423,29.51112925657071,50.38981043326203,0.0,Robust-MTD,34,case57,0.08
True,26,0.08,True,1,1,False,26,True,0.2188645161925942,0.005105975797035878,0.4948417944683423,29.34741044882685,41.25030243012589,0.0,Robust-MTD,35,case57,0.08
True,28,0.08,True,1,1,False,28,True,3.867181428919181e-10,0.0033735226776998493,0.4948417944683423,36.89134154119529,84.33352496940644,0.0,Robust-MTD,36,case57,0.08
True,3,0.08,True,1,1,False,3,True,2.0452767828657874e-09,0.008621523783757908,0.4948417944683423,35.06708960921969,69.25699349085335,0.0,Robust-MTD,37,case57,0.08
True,6,0.08,True,1,1,False,6,True,3.8671819781197475e-10,0.011385499125917622,0.4948417944683423,35.67411445255857,71.08676249335988,0.0,Robust-MTD,38,case57,0.08
True,51,-0.08,True,1,1,False,51,True,0.18132111001187706,0.008686125449834374,0.4948417944683423,31.3012145459652,54.616397892823464,0.0,Robust-MTD,39,case57,0.08
True,17,0.08,True,1,1,False,18,False,0.2925964387806952,0.006333012560806401,0.4948417944683423,31.530039696372114,53.777316963532975,0.0,Robust-MTD,40,case57,0.08
True,49,-0.08,True,1,1,False,49,True,0.17993833102197382,0.006857148454178601,0.4948417944683423,30.056054197484627,45.04570625722412,0.0,Robust-MTD,41,case57,0.08
True,19,-0.08,True,1,1,False,20,False,0.3119618885728375,0.004091494826355084,0.4948417944683423,27.628323063254356,36.91995446279179,0.0,Robust-MTD,42,case57,0.08
True,31,0.08,False,20,20,False,34,False,0.3874978730422479,0.040490450532412535,0.4948417944683423,27.575631299987435,38.4600041754311,0.0,Robust-MTD,43,case57,0.08
True,55,0.08,True,1,1,False,55,True,3.8671808797186145e-10,0.0038404153115128067,0.4948417944683423,28.57221874583047,47.763649371336214,0.0,Robust-MTD,44,case57,0.08
True,2,0.08,True,1,1,False,2,True,3.867181978119802e-10,0.005813918904245611,0.4948417944683423,36.51118955167476,65.11203193513211,0.0,Robust-MTD,45,case57,0.08
True,34,-0.08,True,11,11,False,33,False,0.37345245166459573,0.025522383377386028,0.4948417944683423,35.218302154680714,79.11960001802072,0.0,Robust-MTD,46,case57,0.08
True,14,-0.08,True,1,1,False,14,True,3.8671819781197475e-10,0.0034844732392646867,0.4948417944683423,32.555970959947444,49.84581220487602,0.0,Robust-MTD,47,case57,0.08
True,1,0.08,False,20,20,False,1,True,0.00024084733297333378,0.1617687147229814,0.4948417944683423,32.0081437646877,44.3844100896968,0.0,Robust-MTD,48,case57,0.08
True,34,-0.08,False,20,20,False,33,False,0.3756100962686353,0.024433651824205732,0.4948417944683423,27.770487451925874,35.63335801591166,0.0,Robust-MTD,49,case57,0.08
True,40,-0.08,False,20,20,False,40,True,3.8671808797233036e-10,0.04736495376060766,0.4948417944683423,33.87443554820493,60.39442316687202,0.0,Robust-MTD,50,case57,0.08
True,27,-0.08,True,1,1,False,26,False,0.27136793750568367,0.004378704468215836,0.4948417944683423,35.50096245598979,57.073852399480536,0.0,Robust-MTD,51,case57,0.08
True,44,-0.08,True,1,1,False,44,True,0.0957662027777785,0.0036426630283736125,0.4948417944683423,36.76003330620006,61.08468542515775,0.0,Robust-MTD,52,case57,0.08
True,1,0.08,False,20,20,False,1,True,0.14060489479085644,0.18772077525269443,0.4948417944683423,33.12443540780805,65.83700177143328,0.0,Robust-MTD,53,case57,0.08
True,20,-0.08,True,1,1,False,20,True,0.3046276604959724,0.003979816176229989,0.4948417944683423,31.36622919118963,61.150489866849966,0.0,Robust-MTD,54,case57,0.08
True,41,-0.08,True,2,2,False,41,True,3.8671808797186145e-10,0.016569358082100326,0.4948417944683423,35.89510415040422,55.978628853335984,0.0,Robust-MTD,55,case57,0.08
True,25,0.08,True,1,1,False,25,True,0.2514753374935458,0.004833958732041671,0.4948417944683423,32.10550840012729,43.612187539110906,0.0,Robust-MTD,56,case57,0.08
True,33,0.08,True,7,7,False,33,True,0.3662471453147882,0.02070961750864285,0.4948417944683423,34.94591675407719,66.57882848812736,0.0,Robust-MTD,57,case57,0.08
True,42,-0.08,True,1,1,False,42,True,3.8671808797186145e-10,0.012298808387578544,0.4948417944683423,33.96621054853313,55.46993093157655,0.0,Robust-MTD,58,case57,0.08
True,21,0.08,False,20,20,False,0,False,0.5415855496656699,0.3530153062347822,0.4948417944683423,32.196954000392,47.97318956116216,0.0,Robust-MTD,59,case57,0.08
True,36,-0.08,True,1,1,False,36,True,3.867180879718638e-10,0.000916443787643461,0.4948417944683423,31.493670900817964,43.95061875111425,0.0,Robust-MTD,60,case57,0.08
True,46,0.08,False,20,20,False,0,False,0.5249036525292785,0.36782775394063233,0.4948417944683423,29.135560352005996,38.9953776902985,0.0,Robust-MTD,61,case57,0.08
True,56,0.08,True,1,1,False,38,False,0.1714416009440448,0.015075329385466213,0.4948417944683423,33.248931262642145,48.447691003093496,0.0,Robust-MTD,62,case57,0.08
True,8,-0.08,True,1,1,False,8,True,3.8671819781197475e-10,0.004882064964206214,0.4948417944683423,30.289789551170543,38.695179211208604,0.0,Robust-MTD,63,case57,0.08
True,2,0.08,True,1,1,False,2,True,4.0816932517873025e-10,0.005813918904254743,0.4948417944683423,35.84208330139518,68.752922618296,0.0,Robust-MTD,64,case57,0.08
True,43,0.08,True,1,1,False,44,False,0.26716743273167476,0.002564867782528615,0.4948417944683423,33.30597694439348,63.123740995069966,0.0,Robust-MTD,65,case57,0.08
True,11,0.08,True,1,1,False,11,True,3.8671819781197475e-10,0.004888621605915981,0.4948417944683423,31.475399949704297,47.79835026711226,0.0,Robust-MTD,66,case57,0.08
True,7,0.08,False,20,20,False,7,True,0.0048035156333384645,0.11579657866455983,0.4948417944683423,40.91123335529119,84.42435000615667,0.0,Robust-MTD,67,case57,0.08
True,7,-0.08,False,20,20,False,7,True,0.002229392013481969,0.11581369889047918,0.4948417944683423,33.27510814706329,52.61608057771811,0.0,Robust-MTD,68,case57,0.08
True,51,-0.08,True,1,1,False,51,True,0.2660799041395886,0.006525698138136063,0.4948417944683423,33.17826040729415,66.29359198559543,0.0,Robust-MTD,69,case57,0.08
True,12,-0.08,True,1,1,False,12,True,3.8671819781197475e-10,0.00045950791273184757,0.4948417944683423,31.900795799447227,52.70729337935337,0.0,Robust-MTD,70,case57,0.08
True,17,-0.08,True,1,1,False,18,False,0.29582938670610737,0.006295885336776414,0.4948417944683423,35.0038228003541,66.36977290036157,0.0,Robust-MTD,71,case57,0.08
True,35,0.08,True,1,1,False,35,True,3.867180879718639e-10,0.0008683598852914962,0.4948417944683423,32.77947090391535,54.399450033088236,0.0,Robust-MTD,72,case57,0.08
True,37,0.08,True,1,1,False,44,False,0.2093230849402047,0.0031435102752467017,0.4948417944683423,31.23532500176225,47.46810145443307,0.0,Robust-MTD,73,case57,0.08
True,11,0.08,True,1,1,False,11,True,3.8671819781197475e-10,0.004888621605915981,0.4948417944683423,29.872868800885044,42.74463363981341,0.0,Robust-MTD,74,case57,0.08
True,43,-0.08,True,1,1,False,44,False,0.26720518232088114,0.00256398914379959,0.4948417944683423,33.08721260691527,49.56231635296718,0.0,Robust-MTD,75,case57,0.08
True,39,0.08,True,1,1,False,39,True,3.8671808797186145e-10,0.0036474741932404305,0.4948417944683423,31.85813114978373,66.47330030682498,0.0,Robust-MTD,76,case57,0.08
True,41,-0.08,True,1,1,False,41,True,3.867180879718616e-10,0.016569358082100326,0.4948417944683423,31.995114652090706,50.059328833594925,0.0,Robust-MTD,77,case57,0.08
True,11,-0.08,True,1,1,False,11,True,3.8671819781197475e-10,0.004888621605915981,0.4948417944683423,39.29147914459463,75.34976423485207,0.0,Robust-MTD,78,case57,0.08
True,24,0.08,True,1,1,False,24,True,0.17172032854603292,0.008384105164168147,0.4948417944683423,32.98952300392557,52.39310355100316,0.0,Robust-MTD,79,case57,0.08
True,26,-0.08,True,1,1,False,25,False,0.21668831514170775,0.005118773756037346,0.4948417944683423,28.661254193866625,40.35769402689766,0.0,Robust-MTD,80,case57,0.08
True,37,0.08,True,1,1,False,44,False,0.26951730631409826,0.0025007745326226334,0.4948417944683423,32.17041674652137,52.64007710793522,0.0,Robust-MTD,81,case57,0.08
True,26,-0.08,True,1,1,False,26,True,0.2288101308241192,0.0050409473493949215,0.4948417944683423,30.687818853766657,56.195164602831944,0.0,Robust-MTD,82,case57,0.08
True,20,-0.08,True,1,1,False,19,False,0.32473808846016944,0.004369718369397888,0.4948417944683423,33.85118335718289,67.95643960940653,0.0,Robust-MTD,83,case57,0.08
True,54,0.08,True,2,2,False,54,True,0.19658419016552192,0.01376559075303117,0.4948417944683423,33.706864653504454,45.16226938285401,0.0,Robust-MTD,84,case57,0.08
True,31,0.08,False,20,20,False,34,False,0.3767673835265303,0.03660283543370055,0.4948417944683423,38.47993969975505,73.33515064383391,0.0,Robust-MTD,85,case57,0.08
True,28,0.08,True,1,1,False,28,True,3.867181428919181e-10,0.0033735226776998493,0.4948417944683423,32.55160209082533,55.4382443864597,0.0,Robust-MTD,86,case57,0.08
True,26,-0.08,True,1,1,False,25,False,0.25638786239406297,0.0047702444339798025,0.4948417944683423,27.14345421118196,35.910287519800484,0.0,Robust-MTD,87,case57,0.08
True,17,-0.08,True,1,1,False,19,False,0.3408873451955975,0.004848583303929565,0.4948417944683423,28.35852080315817,40.59326728747693,0.0,Robust-MTD,88,case57,0.08
True,55,-0.08,True,1,1,False,55,True,3.8671808797186145e-10,0.0038404153115128067,0.4948417944683423,33.420583498082124,59.73338750191034,0.0,Robust-MTD,89,case57,0.08
True,11,0.08,True,1,1,False,11,True,3.8671819781197475e-10,0.004888621605915981,0.4948417944683423,32.39625625428744,59.65071665996221,0.0,Robust-MTD,90,case57,0.08
True,48,-0.08,True,1,1,False,48,True,0.0021661758125013702,0.0027172340475679615,0.4948417944683423,30.873608199181035,43.60775238601492,0.0,Robust-MTD,91,case57,0.08
True,50,-0.08,True,1,1,False,50,True,0.15719835697499748,0.0077486429259782785,0.4948417944683423,32.76258755067829,54.244371139793664,0.0,Robust-MTD,92,case57,0.08
True,53,-0.08,True,1,1,False,52,False,0.20060014314469937,0.0027103742313849283,0.4948417944683423,32.574008250958286,65.51785180345178,0.0,Robust-MTD,93,case57,0.08
True,43,0.08,True,1,1,False,37,False,0.2566279751453618,0.002003713839810254,0.4948417944683423,28.26642699947115,36.93435270688497,0.0,Robust-MTD,94,case57,0.08
True,40,-0.08,False,20,20,False,40,True,2.2460842919749784e-08,0.047364953624797805,0.4948417944683423,30.78760819917079,45.038063931860975,0.0,Robust-MTD,95,case57,0.08
True,10,-0.08,True,1,1,False,10,True,3.8671819781197475e-10,0.006716505493575347,0.4948417944683423,29.126878958777525,38.2972621708177,0.0,Robust-MTD,96,case57,0.08
True,14,0.08,True,1,1,False,14,True,3.8671819781197475e-10,0.0034844732392646867,0.4948417944683423,32.255197907215916,41.91959196759856,0.0,Robust-MTD,97,case57,0.08
True,53,-0.08,True,1,1,False,53,True,0.1808882127622816,0.0025703450798385064,0.4948417944683423,33.514337497763336,57.76102261152119,0.0,Robust-MTD,98,case57,0.08
True,49,-0.08,True,1,1,False,49,True,0.19170086539821662,0.006318254806015168,0.4948417944683423,30.625316602527164,50.61656635371037,0.0,Robust-MTD,99,case57,0.08
True,56,0.08,True,4,4,False,38,False,0.1714416009440448,0.015075329385466211,0.4948417944683423,28.88349379936699,38.48856876138599,0.0,Robust-MTD,100,case57,0.08
True,17,-0.08,True,1,1,False,17,True,0.3412209529484211,0.005223373691834961,0.4948417944683423,29.432418747455813,47.30305001139641,0.0,Robust-MTD,101,case57,0.08
True,12,0.08,True,1,1,False,12,True,3.8671819781197475e-10,0.00045950791273184757,0.4948417944683423,33.813441602978855,69.58084376237822,0.0,Robust-MTD,102,case57,0.08
True,48,-0.08,True,1,1,False,48,True,0.0009583329556918995,0.0027153374169162315,0.4948417944683423,33.17196049320046,45.53346007596705,0.0,Robust-MTD,103,case57,0.08
True,31,0.08,False,20,20,False,33,False,0.3883650775781239,0.03275576340431002,0.4948417944683423,37.17468965041917,79.15709342632908,0.0,Robust-MTD,104,case57,0.08
True,31,0.08,False,20,20,False,31,True,0.4239549394446813,0.042102098371172056,0.4948417944683423,31.874835412600078,48.672181271831526,0.0,Robust-MTD,105,case57,0.08
True,41,-0.08,True,9,9,False,41,True,3.8671808797186145e-10,0.016569358082100326,0.4948417944683423,31.687524996232245,72.91977316490375,0.0,Robust-MTD,106,case57,0.08
True,16,-0.08,False,20,20,False,0,False,0.5001186163137434,0.37468708210170787,0.4948417944683423,30.20682920468971,43.53342294343748,0.0,Robust-MTD,107,case57,0.08
True,20,0.08,True,1,1,False,17,False,0.3341896783477168,0.004735043203873533,0.4948417944683423,32.390356351970695,49.679418464074885,0.0,Robust-MTD,108,case57,0.08
True,50,0.08,True,1,1,False,50,True,0.25617006199933956,0.006439133359906396,0.4948417944683423,33.584000094560906,52.046394062927014,0.0,Robust-MTD,109,case57,0.08
True,17,0.08,True,1,1,False,17,True,0.30482478900151616,0.006171099468432502,0.4948417944683423,30.641110450960696,45.71992920245976,0.0,Robust-MTD,110,case57,0.08
True,41,0.08,True,1,1,False,41,True,3.867180879718617e-10,0.016569358082100326,0.4948417944683423,31.556070849183016,63.569370826007805,0.0,Robust-MTD,111,case57,0.08
True,15,0.08,False,20,20,False,0,False,0.5133166407054781,0.36887634505990063,0.4948417944683423,28.988322988152504,38.56599194696173,0.0,Robust-MTD,112,case57,0.08
True,12,-0.08,True,1,1,False,12,True,3.8671819781197475e-10,0.00045950791273184757,0.4948417944683423,32.700970894075,43.71847322618126,0.0,Robust-MTD,113,case57,0.08
True,33,-0.08,False,20,20,False,33,True,0.35383788483580814,0.027053933732046585,0.4948417944683423,40.8525081933476,79.2026327166241,0.0,Robust-MTD,114,case57,0.08
True,8,0.08,True,1,1,False,8,True,3.8671819781197475e-10,0.004882064964206214,0.4948417944683423,36.13750420336146,53.49261493829548,0.0,Robust-MTD,115,case57,0.08
True,16,-0.08,False,20,20,False,0,False,0.5097156579881916,0.36988548241310265,0.4948417944683423,32.022035447880626,46.274710717261804,0.0,Robust-MTD,116,case57,0.08
True,46,-0.08,False,20,20,False,0,False,0.5275759450198149,0.3590088283938873,0.4948417944683423,31.292768649291244,40.83999370632231,0.0,Robust-MTD,117,case57,0.08
True,8,-0.08,True,1,1,False,8,True,3.8671819781197475e-10,0.004882064964206214,0.4948417944683423,28.911247960058972,38.46758988511284,0.0,Robust-MTD,118,case57,0.08
True,20,0.08,True,1,1,False,20,True,0.3020306537271571,0.00394256223869247,0.4948417944683423,27.358712247223593,37.85455384058879,0.0,Robust-MTD,119,case57,0.08
True,52,-0.08,True,1,1,False,52,True,0.2091940232029413,0.002789934983612902,0.4948417944683423,35.42518140457105,59.01032950496302,0.0,Robust-MTD,120,case57,0.08
True,9,-0.08,True,8,8,False,9,True,3.8671819781232134e-10,0.03584233921906406,0.4948417944683423,36.83013969857711,67.67581696331037,0.0,Robust-MTD,121,case57,0.08
True,21,0.08,False,20,20,False,0,False,0.49744842580245036,0.38263342375394355,0.4948417944683423,28.805412599467672,51.27069170994219,0.0,Robust-MTD,122,case57,0.08
True,43,0.08,True,1,1,False,44,False,0.26571242923934335,0.002596386231021565,0.4948417944683423,28.862018752261065,36.85116070555524,0.0,Robust-MTD,123,case57,0.08
True,18,-0.08,True,1,1,False,18,True,0.28609798902346134,0.0064115403936427316,0.4948417944683423,28.80193955206778,47.34416836872697,0.0,Robust-MTD,124,case57,0.08
True,38,-0.08,True,1,1,False,38,True,0.1714416009440448,0.015075329385466211,0.4948417944683423,29.00923349952791,42.95485387265219,0.0,Robust-MTD,125,case57,0.08
True,47,-0.08,False,20,20,False,0,False,0.5672210629446663,0.344108637516094,0.4948417944683423,35.91577304759994,71.79266875318719,0.0,Robust-MTD,126,case57,0.08
True,51,-0.08,True,1,1,False,51,True,0.19610362286616256,0.007941534088211495,0.4948417944683423,31.26866255770437,41.04594195669054,0.0,Robust-MTD,127,case57,0.08
True,23,0.08,True,0,0,False,0,False,0.5567653153746617,0.35169457761573747,0.4948417944683423,34.98699575138744,70.83261248772034,0.0,Robust-MTD,128,case57,0.08
True,40,0.08,True,15,15,False,40,True,3.8671806051277394e-10,0.04736495376060767,0.4948417944683423,30.255987550481223,48.238110056263395,0.0,Robust-MTD,129,case57,0.08
True,20,-0.08,True,1,1,False,19,False,0.24921919220504746,0.0034105900043922806,0.4948417944683423,34.4463604997145,46.978650684468455,0.0,Robust-MTD,130,case57,0.08
True,51,-0.08,True,1,1,False,51,True,0.15029531678097832,0.009162670993792916,0.4948417944683423,32.947416650131345,46.090386886498905,0.0,Robust-MTD,131,case57,0.08
True,26,0.08,True,1,1,False,25,False,0.2428315384430867,0.004925777931980072,0.4948417944683423,33.899695609579794,45.71695773338434,0.0,Robust-MTD,132,case57,0.08
True,43,-0.08,True,1,1,False,44,False,0.2441820053235647,0.002877406388716569,0.4948417944683423,30.190008302452043,43.02518539479934,0.0,Robust-MTD,133,case57,0.08
True,54,-0.08,True,5,5,False,54,True,0.1768399009352812,0.014638079611060808,0.4948417944683423,31.585489498684186,54.20997857290786,0.0,Robust-MTD,134,case57,0.08
True,32,0.08,False,20,20,False,0,False,0.5107783115535515,0.3703795586640555,0.4948417944683423,29.314554249867797,40.46300797781443,0.0,Robust-MTD,135,case57,0.08
True,47,0.08,False,20,20,False,0,False,0.5765526991054155,0.3185890810954133,0.4948417944683423,39.03891249501612,62.91212701180485,0.0,Robust-MTD,136,case57,0.08
True,51,0.08,True,1,1,False,51,True,0.15970524178669784,0.009410671873454856,0.4948417944683423,29.960164599469863,45.9797434625216,0.0,Robust-MTD,137,case57,0.08
True,53,0.08,True,1,1,False,53,True,0.23394724162856953,0.003096867258119303,0.4948417944683423,33.2255332992645,53.88239519670607,0.0,Robust-MTD,138,case57,0.08
True,54,0.08,True,16,16,False,54,True,0.18129948361339823,0.014513251589404811,0.4948417944683423,29.53874144295696,41.66017676179763,0.0,Robust-MTD,139,case57,0.08
True,20,0.08,True,1,1,False,20,True,0.3060453371585689,0.0040014542823004606,0.4948417944683423,39.18877495452762,85.82427918736357,0.0,Robust-MTD,140,case57,0.08
True,52,0.08,True,1,1,False,53,False,0.21678406646135048,0.002870512216987831,0.4948417944683423,36.898837448097765,58.60624722263312,0.0,Robust-MTD,141,case57,0.08
True,10,0.08,True,1,1,False,10,True,3.8671819781197475e-10,0.006716505493575347,0.4948417944683423,33.92411045497283,53.35809790703936,0.0,Robust-MTD,142,case57,0.08
True,12,-0.08,True,1,1,False,12,True,3.8671819781197475e-10,0.00045950791273184757,0.4948417944683423,31.839197807130404,55.34348091459834,0.0,Robust-MTD,143,case57,0.08
True,10,0.08,True,1,1,False,10,True,3.8671819781197475e-10,0.006716505493575347,0.4948417944683423,33.21742074913345,47.77817913563923,0.0,Robust-MTD,144,case57,0.08
True,11,-0.08,True,1,1,False,11,True,3.8671819781197475e-10,0.004888621605915981,0.4948417944683423,27.016468899091706,37.34353580221068,0.0,Robust-MTD,145,case57,0.08
True,25,-0.08,True,1,1,False,25,True,0.2701804219740367,0.004457991239293359,0.4948417944683423,35.973522809217684,64.98111940745734,0.0,Robust-MTD,146,case57,0.08
True,36,0.08,True,1,1,False,36,True,3.867180879718625e-10,0.000916443787643461,0.4948417944683423,34.92977705609519,63.975941669195926,0.0,Robust-MTD,147,case57,0.08
True,44,-0.08,True,1,1,False,44,True,0.06436838850061727,0.0037328786504953753,0.4948417944683423,27.19777930469718,34.35427710355726,0.0,Robust-MTD,148,case57,0.08
True,24,0.08,True,1,1,False,24,True,0.17240580717429702,0.008390994761521177,0.4948417944683423,28.597410349175334,44.92956844333094,0.0,Robust-MTD,149,case57,0.08
True,3,0.08,True,1,1,False,3,True,5.845088886272312e-10,0.008621523784489257,0.4948417944683423,29.38869780919049,64.33425241266377,0.0,Robust-MTD,150,case57,0.08
True,42,0.08,True,1,1,False,42,True,3.8671808797186145e-10,0.012298808387578544,0.4948417944683423,33.675262550241314,45.88050415040928,0.0,Robust-MTD,151,case57,0.08
True,23,0.08,False,20,20,False,0,False,0.6021105064585442,0.32445535253318647,0.4948417944683423,30.057027150178328,51.26534343289677,0.0,Robust-MTD,152,case57,0.08
True,45,0.08,True,1,1,False,45,True,3.8671808797186145e-10,0.008872938518095718,0.4948417944683423,31.822075054515153,56.506249986705384,0.0,Robust-MTD,153,case57,0.08
True,24,-0.08,True,1,1,False,29,False,0.1724183489376242,0.008391127567285927,0.4948417944683423,31.42640000442043,49.00865174713548,0.0,Robust-MTD,154,case57,0.08
True,22,-0.08,False,20,20,False,0,False,0.6204303676218537,0.30180209711881045,0.4948417944683423,32.1614229993429,53.753087509539924,0.0,Robust-MTD,155,case57,0.08
True,23,0.08,False,20,20,False,0,False,0.501095981156743,0.3776911243039638,0.4948417944683423,34.562377200927585,62.790754513116596,0.0,Robust-MTD,156,case57,0.08
True,54,0.08,True,3,3,False,51,False,0.27341449277490815,0.011229443535971124,0.4948417944683423,30.927003949182108,43.903045219485655,0.0,Robust-MTD,157,case57,0.08
True,33,-0.08,False,20,20,False,29,False,0.36373500357428507,0.017787234387954848,0.4948417944683423,29.552429149043746,51.71592498954852,0.0,Robust-MTD,158,case57,0.08
True,39,-0.08,True,1,1,False,39,True,3.8671808797186145e-10,0.0036474741932404305,0.4948417944683423,31.084714553435333,48.2598517468432,0.0,Robust-MTD,159,case57,0.08
True,13,0.08,True,1,1,False,13,True,3.8671819781197475e-10,0.0005704733218803301,0.4948417944683423,35.42269375466276,56.75940206565429,0.0,Robust-MTD,160,case57,0.08
True,38,0.08,True,3,3,False,56,False,0.1714416009440448,0.015075329385466211,0.4948417944683423,28.30701464554295,39.56317711563315,0.0,Robust-MTD,161,case57,0.08
True,35,0.08,True,1,1,False,35,True,3.867180879720243e-10,0.0008683598852914962,0.4948417944683423,36.423370899865404,69.65961845126004,0.0,Robust-MTD,162,case57,0.08
True,26,-0.08,True,1,1,False,26,True,0.22488749103220468,0.005067962335714157,0.4948417944683423,34.98142925091088,49.96444201387935,0.0,Robust-MTD,163,case57,0.08
True,1,0.08,False,20,20,False,1,True,0.00510505396040975,0.16219127992158658,0.4948417944683423,30.307675106450915,40.0404297921341,0.0,Robust-MTD,164,case57,0.08
True,49,-0.08,True,1,1,False,49,True,0.25235716960527765,0.0054428128961830375,0.4948417944683423,29.936577007174492,46.17787464812865,0.0,Robust-MTD,165,case57,0.08
True,40,0.08,True,5,5,False,40,True,7.276953039502939e-10,0.04736495375887527,0.4948417944683423,32.20947704394348,47.48248720425183,0.0,Robust-MTD,166,case57,0.08
True,40,0.08,False,20,20,False,40,True,9.897954083083365e-09,0.04736495370453403,0.4948417944683423,32.53929376078304,77.10928813321517,0.0,Robust-MTD,167,case57,0.08
True,28,0.08,True,1,1,False,28,True,3.867181428919181e-10,0.0033735226776998493,0.4948417944683423,27.14389575412497,36.27997084404342,0.0,Robust-MTD,168,case57,0.08
True,38,0.08,True,4,4,False,38,True,0.1714416009440448,0.015075329385466211,0.4948417944683423,28.74312920612283,40.98781664797571,0.0,Robust-MTD,169,case57,0.08
True,27,0.08,True,1,1,False,27,True,0.2677936259432578,0.0040493829899577016,0.4948417944683423,31.743014598032456,43.09359585167841,0.0,Robust-MTD,170,case57,0.08
True,30,-0.08,False,20,20,False,30,True,0.4189354669068013,0.06026197041025949,0.4948417944683423,33.90042074024677,69.56083332188429,0.0,Robust-MTD,171,case57,0.08
True,31,-0.08,False,20,20,False,31,True,0.39538153116346303,0.042248721872041074,0.4948417944683423,36.52482715260703,59.11068512068598,0.0,Robust-MTD,172,case57,0.08
True,27,0.08,True,1,1,False,25,False,0.26638391140468465,0.004586315009438335,0.4948417944683423,29.6326167503139,44.83988544961903,0.0,Robust-MTD,173,case57,0.08
True,51,0.08,True,1,1,False,51,True,0.1939082248704363,0.008367672711116035,0.4948417944683423,28.43310400203336,45.99936935119331,0.0,Robust-MTD,174,case57,0.08
True,28,0.08,True,1,1,False,28,True,3.867181428919181e-10,0.0033735226776998493,0.4948417944683423,29.896077001467347,40.96425835741685,0.0,Robust-MTD,175,case57,0.08
True,33,-0.08,True,2,2,False,33,True,0.35923872362379417,0.024739127085047087,0.4948417944683423,27.675031244871207,34.22078896546737,0.0,Robust-MTD,176,case57,0.08
True,20,-0.08,True,1,1,False,19,False,0.32064902396803385,0.004257393910205091,0.4948417944683423,31.873999946401458,52.56817051849795,0.0,Robust-MTD,177,case57,0.08
True,5,0.08,True,1,1,False,5,True,3.8671819781197486e-10,0.008826035223823752,0.4948417944683423,26.979081038734876,39.658770195092075,0.0,Robust-MTD,178,case57,0.08
True,38,0.08,True,1,1,False,56,False,0.1714416009440448,0.015075329385466211,0.4948417944683423,30.696289689512923,45.52737084159164,0.0,Robust-MTD,179,case57,0.08
True,52,-0.08,True,1,1,False,52,True,0.20391814409737474,0.002739704827869452,0.4948417944683423,32.4880125495838,46.32240037317389,0.0,Robust-MTD,180,case57,0.08
True,48,0.08,True,1,1,False,48,True,0.0004379999026945178,0.002714577381189321,0.4948417944683423,33.67552714771591,66.00062778452411,0.0,Robust-MTD,181,case57,0.08
True,32,-0.08,False,20,20,False,0,False,0.5250092495008413,0.3684272716789697,0.4948417944683423,28.489093852113,36.108108647749766,0.0,Robust-MTD,182,case57,0.08
True,48,0.08,True,1,1,False,48,True,0.01667389303619255,0.0027487168995431964,0.4948417944683423,32.88880004838575,47.83604132535404,0.0,Robust-MTD,183,case57,0.08
True,48,0.08,True,1,1,False,49,False,0.15255171555348515,0.005181868975783091,0.4948417944683423,32.519081205828115,59.840325676486835,0.0,Robust-MTD,184,case57,0.08
True,5,0.08,True,1,1,False,5,True,4.613733695430891e-10,0.00882603522385364,0.4948417944683423,39.277614653110504,78.43319616804366,0.0,Robust-MTD,185,case57,0.08
True,41,0.08,True,6,6,False,41,True,3.8671808797186145e-10,0.016569358082100326,0.4948417944683423,34.21866034914274,59.54541460669134,0.0,Robust-MTD,186,case57,0.08
True,29,-0.08,True,1,1,False,24,False,0.17217848496649657,0.008388596894000119,0.4948417944683423,28.943189553683624,38.206932690809495,0.0,Robust-MTD,187,case57,0.08
True,10,-0.08,True,1,1,False,10,True,3.8671819781197475e-10,0.006716505493575347,0.4948417944683423,30.479812354315072,45.631041342858225,0.0,Robust-MTD,188,case57,0.08
True,13,0.08,True,1,1,False,13,True,3.8671819781197475e-10,0.0005704733218803301,0.4948417944683423,19.658439402701333,23.36174309020862,0.0,Robust-MTD,189,case57,0.08
True,7,-0.08,False,20,20,False,7,True,0.019453132689912313,0.11827674641840673,0.4948417944683423,29.82617710076738,44.45600862673018,0.0,Robust-MTD,190,case57,0.08
True,34,-0.08,False,20,20,False,33,False,0.3733146126863885,0.027936213738981877,0.4948417944683423,28.683145850664005,40.121099990210496,0.0,Robust-MTD,191,case57,0.08
True,23,-0.08,False,20,20,False,0,False,0.5187911784737165,0.37395439918263784,0.4948417944683423,31.01408129441552,45.82092853088398,0.0,Robust-MTD,192,case57,0.08
True,22,-0.08,False,20,20,False,0,False,0.5030787754481939,0.37943538939154003,0.4948417944683423,29.74854579078965,44.067043738323264,0.0,Robust-MTD,193,case57,0.08
True,53,-0.08,True,1,1,False,53,True,0.20363963274411212,0.002737177101312872,0.4948417944683423,19.970385302440263,24.55056811741088,0.0,Robust-MTD,194,case57,0.08
True,40,0.08,True,9,9,False,40,True,2.633393939832327e-09,0.04736495377702262,0.4948417944683423,28.5270104999654,43.67885241517798,0.0,Robust-MTD,195,case57,0.08
True,4,-0.08,False,20,20,False,0,False,0.5437719657568413,0.35577387450006476,0.4948417944683423,18.97324369638227,22.239539559814148,0.0,Robust-MTD,196,case57,0.08
True,23,0.08,False,20,20,False,0,False,0.5173528429290396,0.3687263826238596,0.4948417944683423,30.77467489929404,47.847072905278765,0.0,Robust-MTD,197,case57,0.08
True,17,0.08,True,1,1,False,17,True,0.33878931151221103,0.005324793209087341,0.4948417944683423,19.229266649927013,22.381883265916258,0.0,Robust-MTD,198,case57,0.08
True,28,0.08,True,1,1,False,28,True,3.867181428919181e-10,0.0033735226776998493,0.4948417944683423,11.328652140218765,12.540825011092238,0.0,Robust-MTD,199,case57,0.08
