attack_flag,h_true,c_true,detected,tau_detect,tau_detect_censored,false_alarm,h_hat_final,id_correct,final_entropy,final_ampvar,cumulative_act_cost,planner_runtime_ms_mean,planner_runtime_ms_p95,max_hide_error,algorithm,episode_id,case
True,6,-0.04,True,12,12,False,6,True,0.1990884072687032,0.14676195281638887,1.3019884434962008,0.5163541965885088,0.7210458541521804,0.0,HMTD-MDE,0,case14
True,12,-0.04,True,1,1,False,13,False,0.26264953516031964,0.0009101156775934696,1.3019884434962008,0.7281834055902436,1.3348215055884802,0.0,HMTD-MDE,1,case14
True,13,-0.04,True,1,1,False,13,True,0.2626495351603197,0.0009101156775934696,1.3019884434962008,0.6797355017624795,0.7964565622387454,0.0,HMTD-MDE,2,case14
True,9,0.04,True,1,1,False,9,True,0.3308679206971033,0.0007576202184627998,1.3019884434962008,0.3940227965358645,0.44417703757062565,0.0,HMTD-MDE,3,case14
True,11,0.04,False,20,20,False,0,False,0.5090567928241782,0.3687429468833163,1.3019884434962008,0.8891040546586737,1.0313062550267234,0.0,HMTD-MDE,4,case14
True,4,0.04,True,7,7,False,4,True,1.3724327576602275e-10,0.018648418902677048,1.3019884434962008,1.2197292468044907,4.4287544937105885,0.0,HMTD-MDE,5,case14
True,6,0.04,False,20,20,False,0,False,0.561586108931232,0.3348569622592236,1.3019884434962008,0.3959749359637499,0.6083500222302973,0.0,HMTD-MDE,6,case14
True,1,0.04,False,20,20,False,1,True,3.224921781289523e-07,0.024636089060005043,1.3019884434962008,0.7005792605923489,0.7894503214629367,0.0,HMTD-MDE,7,case14
True,2,-0.04,True,19,19,False,2,True,0.007287689016090393,0.019675238088936377,1.3019884434962008,1.159637447563,1.5145812707487556,0.0,HMTD-MDE,8,case14
True,5,0.04,True,1,1,False,5,True,2.8195139639231114e-09,0.0006006348312859814,1.3019884434962008,0.40858739521354437,0.6219395465450364,0.0,HMTD-MDE,9,case14
True,7,-0.04,False,20,20,False,0,False,0.5259136635518372,0.3635176894130111,1.3019884434962008,0.7726022566203028,0.9226440131897127,0.0,HMTD-MDE,10,case14
True,7,-0.04,False,20,20,False,0,False,0.48784048743969294,0.3780829277885519,1.3019884434962008,0.9292292059399188,3.1935848179273325,0.0,HMTD-MDE,11,case14
True,2,0.04,False,20,20,False,2,True,0.01065184060935221,0.019667795642665496,1.3019884434962008,0.49058959702961147,0.5705910560209306,0.0,HMTD-MDE,12,case14
True,7,-0.04,False,20,20,False,0,False,0.49371345702372005,0.375668933303656,1.3019884434962008,0.6110542512033135,0.7890875102020801,0.0,HMTD-MDE,13,case14
True,6,0.04,False,20,20,False,0,False,0.5446246340798618,0.30306382812823274,1.3019884434962008,0.5723522102925926,0.714662839891389,0.0,HMTD-MDE,14,case14
True,6,0.04,False,20,20,False,6,True,0.3947216483993034,0.20035392116698786,1.3019884434962008,0.4092624963959679,0.7753901823889464,0.0,HMTD-MDE,15,case14
True,10,-0.04,True,1,1,False,9,False,0.3750586944075076,0.0007646304194197934,1.3019884434962008,0.666847758111544,0.8795420464593933,0.0,HMTD-MDE,16,case14
True,1,-0.04,False,20,20,False,1,True,1.409010476127556e-10,0.024636086669509085,1.3019884434962008,0.9693791944300756,2.2208045294974026,0.0,HMTD-MDE,17,case14
True,9,-0.04,True,1,1,False,8,False,0.35568638740300995,0.0007686822117618374,1.3019884434962008,0.5304456572048366,0.7189332915004346,0.0,HMTD-MDE,18,case14
True,10,-0.04,True,1,1,False,9,False,0.3442076772174728,0.0007580352467679567,1.3019884434962008,0.5898186995182186,0.7597743184305729,0.0,HMTD-MDE,19,case14
True,8,0.04,True,1,1,False,9,False,0.37041750910392457,0.0007627510326779156,1.3019884434962008,0.801662597223185,1.049825592781419,0.0,HMTD-MDE,20,case14
True,5,0.04,True,1,1,False,5,True,1.5200403202559604e-10,0.0006006348312306367,1.3019884434962008,0.5460625397972763,0.7386524230241776,0.0,HMTD-MDE,21,case14
True,11,0.04,False,20,20,False,0,False,0.5769816245572392,0.3349292578066426,1.3019884434962008,1.1570563074201345,4.010887481854299,0.0,HMTD-MDE,22,case14
True,10,0.04,True,1,1,False,9,False,0.37709376476374457,0.0007640403509708069,1.3019884434962008,1.0417145414976403,2.7937722828937717,0.0,HMTD-MDE,23,case14
True,13,-0.04,True,1,1,False,13,True,0.2626495351603197,0.0009101156775934696,1.3019884434962008,0.5694730061804876,0.6786708137951794,0.0,HMTD-MDE,24,case14
True,13,0.04,True,1,1,False,12,False,0.26264953516031964,0.0009101156775934696,1.3019884434962008,1.1406751465983689,3.505235712509604,0.0,HMTD-MDE,25,case14
True,12,0.04,True,1,1,False,13,False,0.26264953516031964,0.0009101156775934696,1.3019884434962008,0.7039291580440477,0.8500714553520083,0.0,HMTD-MDE,26,case14
True,6,-0.04,False,20,20,False,0,False,0.5731364260588728,0.31923967655982033,1.3019884434962008,0.5177790939342231,0.8208619168726727,0.0,HMTD-MDE,27,case14
True,5,0.04,True,1,1,False,5,True,0.0021411473932920824,0.0006007462710169503,1.3019884434962008,0.7566561980638653,1.0433797782752663,0.0,HMTD-MDE,28,case14
True,8,-0.04,True,1,1,False,8,True,0.3398025924551089,0.000769558626831786,1.3019884434962008,0.6856604944914579,0.9997163200750953,0.0,HMTD-MDE,29,case14
True,3,-0.04,True,15,15,False,3,True,3.926356079180658e-07,0.014963968561399877,1.3019884434962008,0.6837958004325628,0.9794854267966011,0.0,HMTD-MDE,30,case14
True,9,0.04,True,1,1,False,9,True,0.38004161607373305,0.0007549027077577885,1.3019884434962008,0.7318210031371564,1.044170837849379,0.0,HMTD-MDE,31,case14
True,8,0.04,True,1,1,False,8,True,0.33747269841470123,0.0007704706307434344,1.3019884434962008,0.840291753411293,2.5700827129185204,0.0,HMTD-MDE,32,case14
True,4,-0.04,True,7,7,False,4,True,1.3724327576638536e-10,0.018648418902677048,1.3019884434962008,0.6131583533715457,0.7898499781731517,0.0,HMTD-MDE,33,case14
True,9,0.04,True,1,1,False,8,False,0.1738980565790616,0.0007772030637671288,1.3019884434962008,1.1821666412288323,3.051529766526078,0.0,HMTD-MDE,34,case14
True,6,0.04,False,20,20,False,0,False,0.5623737788182563,0.3351284731974612,1.3019884434962008,1.1743145994842052,4.1512985742883775,0.0,HMTD-MDE,35,case14
True,7,0.04,False,20,20,False,0,False,0.5010312937743542,0.37297793239266763,1.3019884434962008,0.7416644977638498,0.8637666411232211,0.0,HMTD-MDE,36,case14
True,1,0.04,True,7,7,False,1,True,1.3724327576615494e-10,0.0246360866695112,1.3019884434962008,0.6193312408868223,0.8487559331115337,0.0,HMTD-MDE,37,case14
True,2,0.04,False,20,20,False,2,True,1.1086241026177113e-06,0.019688447927165877,1.3019884434962008,0.8626039372757077,2.014537501963788,0.0,HMTD-MDE,38,case14
True,12,-0.04,True,1,1,False,13,False,0.2626495351603197,0.0009101156775934696,1.3019884434962008,1.1921876022825018,4.540875676320869,0.0,HMTD-MDE,39,case14
True,4,0.04,False,20,20,False,4,True,1.3724327576603278e-10,0.018648418902677048,1.3019884434962008,1.4940959983505309,5.540836043655874,0.0,HMTD-MDE,40,case14
True,12,-0.04,True,1,1,False,12,True,0.2626495351603197,0.0009101156775934696,1.3019884434962008,0.8797062968369573,0.9792910481337493,0.0,HMTD-MDE,41,case14
True,5,-0.04,True,1,1,False,5,True,1.6675612421075436e-08,0.0006006348316047163,1.3019884434962008,0.8668332477100194,1.1394076835131313,0.0,HMTD-MDE,42,case14
True,7,0.04,False,20,20,False,0,False,0.531384254285057,0.36192735141863064,1.3019884434962008,0.7539437065133825,0.9287972294259833,0.0,HMTD-MDE,43,case14
True,13,0.04,True,1,1,False,13,True,0.2626495351603197,0.0009101156775934696,1.3019884434962008,1.151000105892308,3.050575358793143,0.0,HMTD-MDE,44,case14
True,1,0.04,False,20,20,False,1,True,1.7103400699458808e-05,0.024636085234772055,1.3019884434962008,1.0275520966388285,2.0643729862058566,0.0,HMTD-MDE,45,case14
True,8,-0.04,True,1,1,False,8,True,0.26198771273140736,0.0007742750552614286,1.3019884434962008,1.0679001512471586,1.618619103101087,0.0,HMTD-MDE,46,case14
True,4,-0.04,False,20,20,False,4,True,1.372432757660266e-10,0.018648418902677048,1.3019884434962008,0.7266771950526163,0.9146919910563172,0.0,HMTD-MDE,47,case14
True,1,0.04,True,8,8,False,1,True,1.3724327576602122e-10,0.0246360866695112,1.3019884434962008,0.9754124563187361,2.607164587243462,0.0,HMTD-MDE,48,case14
True,8,-0.04,True,1,1,False,8,True,0.37023100707765233,0.0007656749189360147,1.3019884434962008,0.9725208423333243,2.1015704813180522,0.0,HMTD-MDE,49,case14
True,10,-0.04,True,1,1,False,9,False,0.358075605908981,0.0007615834038882857,1.3019884434962008,0.6069354480132461,0.714737459202297,0.0,HMTD-MDE,50,case14
True,7,-0.04,False,20,20,False,0,False,0.5422400709608062,0.3573291236782886,1.3019884434962008,1.3472583988914266,6.6342562524369,0.0,HMTD-MDE,51,case14
True,11,-0.04,False,20,20,False,0,False,0.4984471564146656,0.37382877789775404,1.3019884434962008,1.0026187490439042,1.1644441052340022,0.0,HMTD-MDE,52,case14
True,1,0.04,False,20,20,False,1,True,1.3724323369715116e-10,0.0246360866695112,1.3019884434962008,1.2263583514140919,5.491752401576378,0.0,HMTD-MDE,53,case14
True,5,-0.04,True,1,1,False,5,True,1.3724327576621432e-10,0.0006006348312304442,1.3019884434962008,0.9174125996651128,1.099845851422292,0.0,HMTD-MDE,54,case14
True,10,-0.04,True,1,1,False,9,False,0.3761460055647084,0.00076436286444905,1.3019884434962008,1.100960496114567,1.8531961453845758,0.0,HMTD-MDE,55,case14
True,6,0.04,False,20,20,False,6,True,0.5433047653271609,0.26616036152863837,1.3019884434962008,0.9872270980849861,3.475016629090533,0.0,HMTD-MDE,56,case14
True,8,0.04,True,1,1,False,9,False,0.37796119251425675,0.000763973745532623,1.3019884434962008,0.9604393970221281,2.754279124201277,0.0,HMTD-MDE,57,case14
True,10,-0.04,True,1,1,False,9,False,0.3105475137747613,0.0007525316048525078,1.3019884434962008,0.6227084522834048,0.7949360297061505,0.0,HMTD-MDE,58,case14
True,5,0.04,True,1,1,False,5,True,7.372979814032881e-09,0.0006006348313880564,1.3019884434962008,0.7881542871473357,1.134879488381558,0.0,HMTD-MDE,59,case14
True,9,-0.04,True,1,1,False,9,True,0.22029095605951443,0.0007552243911688556,1.3019884434962008,0.666393747087568,0.7560098281828687,0.0,HMTD-MDE,60,case14
True,11,0.04,False,20,20,False,0,False,0.48912468614220395,0.37773403193923666,1.3019884434962008,1.0992185969371349,1.3430541323032288,0.0,HMTD-MDE,61,case14
True,13,0.04,True,1,1,False,13,True,0.26264953516031964,0.0009101156775934696,1.3019884434962008,1.2599915935425088,1.5717913338448926,0.0,HMTD-MDE,62,case14
True,2,-0.04,False,20,20,False,2,True,0.00011788842406577015,0.019688321164033032,1.3019884434962008,1.1687939084367827,3.2557563041336866,0.0,HMTD-MDE,63,case14
True,1,0.04,False,20,20,False,1,True,5.171266703559107e-07,0.024636091713259454,1.3019884434962008,0.9010352630866691,1.9847034738631943,0.0,HMTD-MDE,64,case14
True,10,0.04,True,1,1,False,9,False,0.3122261161586337,0.0007604174344168384,1.3019884434962008,1.0815146495588124,3.938909000135029,0.0,HMTD-MDE,65,case14
True,3,0.04,True,5,5,False,3,True,1.372432757660793e-10,0.01496396828414821,1.3019884434962008,0.9722562390379608,1.849095779471103,0.0,HMTD-MDE,66,case14
True,2,0.04,False,20,20,False,2,True,8.392688369555389e-05,0.01968836076121691,1.3019884434962008,0.9065813530469313,1.3140627910615905,0.0,HMTD-MDE,67,case14
True,2,-0.04,False,20,20,False,2,True,0.00036182837330646676,0.01968801010912076,1.3019884434962008,1.1491646466311067,2.3309625365072915,0.0,HMTD-MDE,68,case14
True,12,-0.04,True,1,1,False,13,False,0.2626495351603197,0.0009101156775934696,1.3019884434962008,1.0603875445667654,1.9566809176467395,0.0,HMTD-MDE,69,case14
True,3,-0.04,True,7,7,False,3,True,2.4461104931544137e-10,0.014963968284199896,1.3019884434962008,0.6110333983087912,0.8261208102339885,0.0,HMTD-MDE,70,case14
True,4,-0.04,False,20,20,False,4,True,1.3724327576602376e-10,0.018648418902677048,1.3019884434962008,1.1759480054024607,2.0753232704009914,0.0,HMTD-MDE,71,case14
True,8,0.04,True,1,1,False,9,False,0.37229065755994767,0.0007648365550792827,1.3019884434962008,1.0657749022357166,1.1716767621692328,0.0,HMTD-MDE,72,case14
True,9,0.04,True,1,1,False,9,True,0.3430190299951463,0.0007541170777795774,1.3019884434962008,0.6801457493565977,0.7547309302026406,0.0,HMTD-MDE,73,case14
True,3,0.04,True,6,6,False,3,True,2.06106538205247e-06,0.014963969901529418,1.3019884434962008,0.7382146926829591,0.887678525759839,0.0,HMTD-MDE,74,case14
True,10,-0.04,True,1,1,False,9,False,0.3287812520341081,0.0007555544326659077,1.3019884434962008,0.9346124570583925,1.8954735540319256,0.0,HMTD-MDE,75,case14
True,10,0.04,True,1,1,False,8,False,0.2885118245235453,0.0007721776857576657,1.3019884434962008,1.2021457921946421,5.020185722969473,0.0,HMTD-MDE,76,case14
True,10,-0.04,True,1,1,False,9,False,0.23091487562190283,0.0007548414656796917,1.3019884434962008,0.7374499924480915,1.0449809546116744,0.0,HMTD-MDE,77,case14
True,3,-0.04,True,3,3,False,3,True,1.4407602486260577e-10,0.01496396828415134,1.3019884434962008,1.012606208678335,1.3833475706633223,0.0,HMTD-MDE,78,case14
True,6,0.04,False,20,20,False,0,False,0.6242532749897496,0.308332909130531,1.3019884434962008,1.1159207904711366,2.4654788576299365,0.0,HMTD-MDE,79,case14
True,7,-0.04,False,20,20,False,0,False,0.5489590429065633,0.35379380691223306,1.3019884434962008,0.7832916919142008,0.9332875051768506,0.0,HMTD-MDE,80,case14
True,9,0.04,True,1,1,False,9,True,0.36576927219832406,0.0007591348523030682,1.3019884434962008,0.6844126910436898,0.7853101124055684,0.0,HMTD-MDE,81,case14
True,6,-0.04,False,20,20,False,0,False,0.5259719656879086,0.359199100399028,1.3019884434962008,1.4513604546664283,5.462492277729328,0.0,HMTD-MDE,82,case14
True,5,-0.04,True,1,1,False,5,True,5.281752760979167e-10,0.0006006348312379599,1.3019884434962008,1.0476666531758383,3.5173583804862605,0.0,HMTD-MDE,83,case14
True,13,0.04,True,1,1,False,12,False,0.26264953516031964,0.0009101156775934696,1.3019884434962008,0.72678129945416,0.9849648835370339,0.0,HMTD-MDE,84,case14
True,8,0.04,True,1,1,False,8,True,0.28679293339889755,0.0007736059133853671,1.3019884434962008,0.9049813030287623,2.2085294971475387,0.0,HMTD-MDE,85,case14
True,7,0.04,False,20,20,False,0,False,0.49793192990132246,0.37469938677985454,1.3019884434962008,0.659631157759577,0.7084416574798524,0.0,HMTD-MDE,86,case14
True,6,-0.04,False,20,20,False,6,True,0.5116770485537732,0.26633174495993195,1.3019884434962008,0.6852668477222323,0.8280622249003504,0.0,HMTD-MDE,87,case14
True,4,-0.04,False,20,20,False,4,True,1.372432336970979e-10,0.01864841890267705,1.3019884434962008,0.9577292599715292,2.531262865522878,0.0,HMTD-MDE,88,case14
True,13,-0.04,True,1,1,False,12,False,0.26264953516031964,0.0009101156775934697,1.3019884434962008,0.7466521492460743,1.102914602961392,0.0,HMTD-MDE,89,case14
True,3,0.04,True,4,4,False,3,True,0.018058467431221262,0.01500280890206411,1.3019884434962008,0.6802353454986587,0.7503936969442293,0.0,HMTD-MDE,90,case14
True,11,-0.04,False,20,20,False,0,False,0.5668275237327075,0.33989865634004,1.3019884434962008,1.024547900306061,3.0821243126411,0.0,HMTD-MDE,91,case14
True,12,-0.04,True,1,1,False,13,False,0.26264953516031964,0.0009101156775934696,1.3019884434962008,1.1926812992896885,3.37066731299274,0.0,HMTD-MDE,92,case14
True,13,-0.04,True,1,1,False,13,True,0.26264953516031964,0.0009101156775934696,1.3019884434962008,0.81824978988152,1.144297863356772,0.0,HMTD-MDE,93,case14
True,10,0.04,True,1,1,False,8,False,0.3452841601857796,0.0007688179332402233,1.3019884434962008,1.231018648832105,4.198385364725258,0.0,HMTD-MDE,94,case14
True,10,-0.04,True,1,1,False,9,False,0.3826150110405445,0.0007558532243354106,1.3019884434962008,0.8772103523369879,1.0626586707076082,0.0,HMTD-MDE,95,case14
True,3,-0.04,True,11,11,False,3,True,6.863312267780015e-06,0.014963974145225226,1.3019884434962008,0.904900097521022,1.0662893095286592,0.0,HMTD-MDE,96,case14
True,4,0.04,True,6,6,False,4,True,1.3724327576608574e-10,0.018648418902677048,1.3019884434962008,0.55396260577254,0.7169399352278562,0.0,HMTD-MDE,97,case14
True,13,-0.04,True,1,1,False,12,False,0.26264953516031964,0.0009101156775934696,1.3019884434962008,1.0061457054689527,1.258049701573333,0.0,HMTD-MDE,98,case14
True,12,-0.04,True,1,1,False,13,False,0.2626495351603197,0.0009101156775934697,1.3019884434962008,0.8302583068143576,0.9923291858285683,0.0,HMTD-MDE,99,case14
True,13,0.04,True,1,1,False,13,True,0.26264953516031964,0.0009101156775934696,1.3019884434962008,0.9279270976549014,2.4538631550967707,0.0,HMTD-MDE,100,case14
True,4,-0.04,True,13,13,False,4,True,1.37243233697438e-10,0.01864841890267705,1.3019884434962008,0.7354937581112608,1.2740353966364655,0.0,HMTD-MDE,101,case14
True,3,0.04,True,3,3,False,3,True,3.2801665282317394e-06,0.014963970941285362,1.3019884434962008,1.1240832565817982,3.4994392830412866,0.0,HMTD-MDE,102,case14
True,12,-0.04,True,1,1,False,12,True,0.26264953516031964,0.0009101156775934697,1.3019884434962008,1.0935457947198302,2.6721597852883896,0.0,HMTD-MDE,103,case14
True,8,0.04,True,1,1,False,8,True,0.09309330775416881,0.0007795180570398349,1.3019884434962008,0.7842603023163974,0.8550982282031344,0.0,HMTD-MDE,104,case14
True,8,0.04,True,1,1,False,9,False,0.3492379478294545,0.0007619958055498146,1.3019884434962008,1.1187770985998213,5.377235403284431,0.0,HMTD-MDE,105,case14
True,10,-0.04,True,1,1,False,9,False,0.3703909273628833,0.0007588863244029799,1.3019884434962008,0.87747085490264,2.249987228424291,0.0,HMTD-MDE,106,case14
True,4,-0.04,False,20,20,False,4,True,1.3724323369709825e-10,0.01864841890267705,1.3019884434962008,0.8012956968741491,0.9603690297808516,0.0,HMTD-MDE,107,case14
True,5,0.04,True,1,1,False,5,True,1.3724327576602275e-10,0.0006006348312304442,1.3019884434962008,0.6999229022767395,1.1492308985907584,0.0,HMTD-MDE,108,case14
True,12,0.04,True,1,1,False,12,True,0.26264953516031964,0.0009101156775934696,1.3019884434962008,0.7669895509025082,0.9302996244514379,0.0,HMTD-MDE,109,case14
True,4,0.04,False,20,20,False,4,True,4.166647719224314e-09,0.018648418946285633,1.3019884434962008,0.7563292456325144,0.8417079661740002,0.0,HMTD-MDE,110,case14
True,10,0.04,True,1,1,False,8,False,0.2901925191233242,0.0007722436331795089,1.3019884434962008,0.5311125016305596,0.8003931463463232,0.0,HMTD-MDE,111,case14
True,4,0.04,True,2,2,False,4,True,1.3724327576611115e-10,0.018648418902677048,1.3019884434962008,0.9168727963697165,1.5022818755824154,0.0,HMTD-MDE,112,case14
True,3,-0.04,False,20,20,False,3,True,0.009837493809443546,0.014982766819831166,1.3019884434962008,1.2356979481410235,4.310547639033761,0.0,HMTD-MDE,113,case14
True,8,-0.04,True,1,1,False,8,True,0.3164831607432303,0.0007702725856341694,1.3019884434962008,0.5930022482061759,0.7619600917678331,0.0,HMTD-MDE,114,case14
True,2,0.04,False,20,20,False,2,True,1.0622159398856275e-06,0.019688447964326415,1.3019884434962008,1.1380646436009556,2.1459874929860288,0.0,HMTD-MDE,115,case14
True,4,-0.04,True,15,15,False,4,True,1.3724327576627351e-10,0.018648418902677048,1.3019884434962008,0.7060458534397185,0.8202937548048796,0.0,HMTD-MDE,116,case14
True,11,-0.04,False,20,20,False,0,False,0.519526987974199,0.36599759408213095,1.3019884434962008,1.1942478449782357,3.296653809957209,0.0,HMTD-MDE,117,case14
True,2,-0.04,True,4,4,False,2,True,0.0006244633095321087,0.01968764426284845,1.3019884434962008,0.5746459035435691,0.7696398912230508,0.0,HMTD-MDE,118,case14
True,5,0.04,True,1,1,False,5,True,9.454047507917558e-05,0.0006006385754697066,1.3019884434962008,0.6087498448323458,0.7509645016398281,0.0,HMTD-MDE,119,case14
True,13,-0.04,True,1,1,False,13,True,0.26264953516031964,0.0009101156775934696,1.3019884434962008,1.1153500963700935,1.9451794883934832,0.0,HMTD-MDE,120,case14
True,2,-0.04,False,20,20,False,2,True,0.000259051532174524,0.01968814559830547,1.3019884434962008,0.8279686997411773,0.9224333567544843,0.0,HMTD-MDE,121,case14
True,5,0.04,True,1,1,False,5,True,2.668174002871158e-10,0.0006006348312328415,1.3019884434962008,0.4988353466615081,0.5349794722860679,0.0,HMTD-MDE,122,case14
True,10,0.04,True,1,1,False,8,False,0.36531521391760413,0.0007672678847001048,1.3019884434962008,0.7728439057245851,0.8447669330053044,0.0,HMTD-MDE,123,case14
True,5,-0.04,True,1,1,False,5,True,1.4083874116983718e-10,0.0006006348312305069,1.3019884434962008,0.8627165982034057,1.608565216884019,0.0,HMTD-MDE,124,case14
True,9,-0.04,True,1,1,False,9,True,0.35017746653405407,0.0007642067979468205,1.3019884434962008,1.1163729504914954,1.992372638778763,0.0,HMTD-MDE,125,case14
True,11,-0.04,False,20,20,False,0,False,0.5119094981590874,0.3697213991919945,1.3019884434962008,0.8820394927170128,1.2459360761567975,0.0,HMTD-MDE,126,case14
True,12,-0.04,True,1,1,False,12,True,0.26264953516031964,0.0009101156775934696,1.3019884434962008,0.7633084023837,1.1728868994396184,0.0,HMTD-MDE,127,case14
True,6,0.04,False,20,20,False,6,True,0.4257794565350364,0.20320987296594714,1.3019884434962008,0.779322991729714,1.4445895823882893,0.0,HMTD-MDE,128,case14
True,10,0.04,True,1,1,False,8,False,0.3759896322611145,0.0007634405585073478,1.3019884434962008,1.0113750002346933,2.8308874781942017,0.0,HMTD-MDE,129,case14
True,5,-0.04,True,1,1,False,5,True,1.372432757662049e-10,0.0006006348312304442,1.3019884434962008,0.8228562510339543,0.9783631132449973,0.0,HMTD-MDE,130,case14
True,12,-0.04,True,1,1,False,13,False,0.2626495351603197,0.0009101156775934696,1.3019884434962008,0.6637687998590991,1.1469729506643498,0.0,HMTD-MDE,131,case14
True,6,0.04,False,20,20,False,6,True,0.46225545296515075,0.22400251628468895,1.3019884434962008,0.6072833959478885,0.7810711482306942,0.0,HMTD-MDE,132,case14
True,10,-0.04,True,1,1,False,9,False,0.30127085204460574,0.0007585066134504806,1.3019884434962008,0.8739269454963505,0.9692999941762575,0.0,HMTD-MDE,133,case14
True,13,-0.04,True,1,1,False,12,False,0.26264953516031964,0.0009101156775934697,1.3019884434962008,0.9774397418368607,1.763296476565303,0.0,HMTD-MDE,134,case14
True,8,0.04,True,1,1,False,9,False,0.300904129288943,0.0007575553336801252,1.3019884434962008,1.2031812453642488,3.5684187430888437,0.0,HMTD-MDE,135,case14
True,11,0.04,False,20,20,False,0,False,0.5441731423670825,0.34597185979527556,1.3019884434962008,1.1535063589690253,3.299610759131613,0.0,HMTD-MDE,136,case14
True,12,0.04,True,1,1,False,13,False,0.26264953516031964,0.0009101156775934697,1.3019884434962008,1.1447104450780898,3.127643439802341,0.0,HMTD-MDE,137,case14
True,13,0.04,True,1,1,False,13,True,0.2626495351603197,0.0009101156775934697,1.3019884434962008,0.772595897433348,1.859147925279104,0.0,HMTD-MDE,138,case14
True,13,0.04,True,1,1,False,12,False,0.26264953516031964,0.0009101156775934696,1.3019884434962008,0.8074580458924174,1.0606457683024944,0.0,HMTD-MDE,139,case14
True,5,0.04,True,1,1,False,5,True,1.3724327576605258e-10,0.0006006348312304442,1.3019884434962008,0.8576000953326002,1.2682372092967875,0.0,HMTD-MDE,140,case14
True,13,0.04,True,1,1,False,13,True,0.2626495351603197,0.0009101156775934697,1.3019884434962008,0.6744749465724453,0.8662680891575294,0.0,HMTD-MDE,141,case14
True,3,0.04,True,2,2,False,3,True,1.3724323369710205e-10,0.01496396828414821,1.3019884434962008,0.8078209531959146,1.400829805061222,0.0,HMTD-MDE,142,case14
True,3,-0.04,True,1,1,False,3,True,1.3724327576608342e-10,0.01496396828414821,1.3019884434962008,0.8557083026971668,2.2426744049880663,0.0,HMTD-MDE,143,case14
True,3,0.04,True,18,18,False,3,True,0.002990359854652158,0.014968682149378453,1.3019884434962008,1.2432519986759871,4.561637516599151,0.0,HMTD-MDE,144,case14
True,3,-0.04,False,20,20,False,3,True,0.0002874656365412842,0.01496430836935157,1.3019884434962008,0.7957500405609608,1.6729735041735696,0.0,HMTD-MDE,145,case14
True,6,-0.04,False,20,20,False,0,False,0.5331094804148501,0.3620291860980377,1.3019884434962008,0.8757395436987281,1.2243125063832874,0.0,HMTD-MDE,146,case14
True,9,0.04,True,1,1,False,9,True,0.3554936818989234,0.0007598520216743098,1.3019884434962008,0.8084459987003356,1.4989979477832094,0.0,HMTD-MDE,147,case14
True,11,-0.04,False,20,20,False,0,False,0.5475303486433776,0.34228802035249173,1.3019884434962008,1.0687040950870141,2.771536866202954,0.0,HMTD-MDE,148,case14
True,6,0.04,False,20,20,False,0,False,0.548570886651516,0.33978160042904915,1.3019884434962008,1.4613291947171092,1.8091443664161617,0.0,HMTD-MDE,149,case14
True,1,0.04,False,20,20,False,1,True,2.622986044124892e-05,0.02463605517469472,1.3019884434962008,1.161812653299421,5.605856282636525,0.0,HMTD-MDE,150,case14
True,10,0.04,True,1,1,False,8,False,0.3722142499958654,0.000765733173502785,1.3019884434962008,0.6898624502355233,0.8230434177676218,0.0,HMTD-MDE,151,case14
True,6,0.04,False,20,20,False,6,True,0.32186340982077405,0.14992993811582836,1.3019884434962008,1.1544042848981917,3.3128610462881647,0.0,HMTD-MDE,152,case14
True,11,0.04,False,20,20,False,0,False,0.611392729140074,0.32658968037188657,1.3019884434962008,0.8868582954164594,1.642500649904836,0.0,HMTD-MDE,153,case14
True,6,-0.04,False,20,20,False,6,True,0.3732593370135053,0.1999696659406485,1.3019884434962008,0.6678665376966819,0.7278559176484125,0.0,HMTD-MDE,154,case14
True,6,-0.04,False,20,20,False,6,True,0.5214797954049406,0.13686578865313934,1.3019884434962008,1.161683353711851,3.0826916830847075,0.0,HMTD-MDE,155,case14
True,6,0.04,False,20,20,False,0,False,0.5647338955699612,0.3387679072889107,1.3019884434962008,0.698583442135714,0.8700815931661056,0.0,HMTD-MDE,156,case14
True,13,0.04,True,1,1,False,13,True,0.2626495351603197,0.0009101156775934696,1.3019884434962008,1.0114708566106856,3.6746559286257274,0.0,HMTD-MDE,157,case14
True,8,-0.04,True,1,1,False,9,False,0.3764445548018698,0.0007640811938711262,1.3019884434962008,0.7651353982510045,0.8328809606609879,0.0,HMTD-MDE,158,case14
True,9,-0.04,True,1,1,False,9,True,0.35823327586822484,0.000755216349707294,1.3019884434962008,0.6543187482748181,0.7651794352568687,0.0,HMTD-MDE,159,case14
True,3,0.04,True,5,5,False,3,True,4.225397747471389e-08,0.014963968310395388,1.3019884434962008,0.758491683518514,0.9047955420101076,0.0,HMTD-MDE,160,case14
True,9,0.04,True,1,1,False,9,True,0.37277477467899933,0.0007528404338011649,1.3019884434962008,1.1179977533174679,2.766347900615077,0.0,HMTD-MDE,161,case14
True,9,0.04,True,1,1,False,9,True,0.3337883402193552,0.0007561815517210532,1.3019884434962008,1.112231391016394,4.280831216601657,0.0,HMTD-MDE,162,case14
True,6,-0.04,False,20,20,False,6,True,0.43481849712173964,0.21373669071380896,1.3019884434962008,1.081131145474501,3.7129518255824245,0.0,HMTD-MDE,163,case14
True,1,0.04,True,3,3,False,1,True,1.372432757664705e-10,0.0246360866695112,1.3019884434962008,1.1617082549491897,2.3618792183697273,0.0,HMTD-MDE,164,case14
True,12,-0.04,True,1,1,False,13,False,0.2626495351603197,0.0009101156775934696,1.3019884434962008,0.6850291538285092,0.8325374539708731,0.0,HMTD-MDE,165,case14
True,10,0.04,True,1,1,False,9,False,0.2759430462873462,0.0007514074666003104,1.3019884434962008,0.9500751009909436,2.579504187451677,0.0,HMTD-MDE,166,case14
True,10,0.04,True,1,1,False,9,False,0.3723678339825892,0.0007627092340698716,1.3019884434962008,1.1277813056949526,4.004409784101884,0.0,HMTD-MDE,167,case14
True,7,0.04,False,20,20,False,0,False,0.5828932951600042,0.3176107491196934,1.3019884434962008,1.1713688494637609,5.288879162981175,0.0,HMTD-MDE,168,case14
True,9,0.04,True,1,1,False,9,True,0.3606555114510674,0.0007579422848225834,1.3019884434962008,1.0405854525743052,3.174420873983765,0.0,HMTD-MDE,169,case14
True,7,0.04,False,20,20,False,0,False,0.5645588764611014,0.3458468679827915,1.3019884434962008,0.8940082538174465,1.0871541569940777,0.0,HMTD-MDE,170,case14
True,7,-0.04,False,20,20,False,0,False,0.49483395241742373,0.3738970042001113,1.3019884434962008,0.8754707494517788,1.296455576084557,0.0,HMTD-MDE,171,case14
True,8,-0.04,True,1,1,False,8,True,0.20567367993298233,0.000777142194416794,1.3019884434962008,0.6724415929056704,0.7542145176557824,0.0,HMTD-MDE,172,case14
True,7,0.04,False,20,20,False,0,False,0.5648830631896512,0.34752946747098334,1.3019884434962008,1.1748167569749057,2.601691742893313,0.0,HMTD-MDE,173,case14
True,12,0.04,True,1,1,False,13,False,0.26264953516031964,0.0009101156775934696,1.3019884434962008,0.6621498032473028,0.7682312483666465,0.0,HMTD-MDE,174,case14
True,7,0.04,False,20,20,False,0,False,0.5184436442629355,0.365643411366406,1.3019884434962008,0.8705479500349611,1.4933047699742035,0.0,HMTD-MDE,175,case14
True,8,-0.04,True,1,1,False,8,True,0.34867468897097503,0.0007695295360463744,1.3019884434962008,1.1836041550850496,5.380033658002503,0.0,HMTD-MDE,176,case14
True,5,-0.04,True,1,1,False,5,True,0.0006134204000065082,0.0006006622132190928,1.3019884434962008,0.8888375014066696,1.0020746820373487,0.0,HMTD-MDE,177,case14
True,1,0.04,False,20,20,False,1,True,1.8426197064153354e-09,0.024636086684395816,1.3019884434962008,0.8129124937113374,0.9753187070600706,0.0,HMTD-MDE,178,case14
True,9,0.04,True,1,1,False,9,True,0.30359854973204087,0.0007583797453002794,1.3019884434962008,0.9666748956078663,1.1066104139899873,0.0,HMTD-MDE,179,case14
True,13,-0.04,True,1,1,False,13,True,0.26264953516031964,0.0009101156775934696,1.3019884434962008,1.1032104055630043,1.6632538492558588,0.0,HMTD-MDE,180,case14
True,11,0.04,False,20,20,False,0,False,0.48279417105377925,0.3794487890363582,1.3019884434962008,1.118583299103193,3.116132738068703,0.0,HMTD-MDE,181,case14
True,8,-0.04,True,1,1,False,9,False,0.3644730931374917,0.0007679399602108212,1.3019884434962008,0.5498041107784957,0.7182298199040815,0.0,HMTD-MDE,182,case14
True,12,0.04,True,1,1,False,13,False,0.26264953516031964,0.0009101156775934696,1.3019884434962008,0.670910399639979,0.7388225727481768,0.0,HMTD-MDE,183,case14
True,12,0.04,True,1,1,False,12,True,0.26264953516031964,0.0009101156775934696,1.3019884434962008,0.8035500039113685,1.0525202436838315,0.0,HMTD-MDE,184,case14
True,1,0.04,False,20,20,False,1,True,6.945944069014604e-10,0.024636086669046244,1.3019884434962008,1.0297229513525963,2.4358687602216404,0.0,HMTD-MDE,185,case14
True,10,0.04,True,1,1,False,9,False,0.3189905191904523,0.000756722658479622,1.3019884434962008,0.7385189092019573,1.2095920246792962,0.0,HMTD-MDE,186,case14
True,7,-0.04,False,20,20,False,0,False,0.47513822081922585,0.3818058030516518,1.3019884434962008,1.0045936942333356,4.445169397513383,0.0,HMTD-MDE,187,case14
True,3,-0.04,True,1,1,False,3,True,1.8116771399074467e-10,0.014963968284168865,1.3019884434962008,0.9716230037156492,3.2571413583355042,0.0,HMTD-MDE,188,case14
True,3,0.04,False,20,20,False,3,True,4.2997553504991607e-07,0.014963968589442102,1.3019884434962008,1.3236414932180196,5.9687833476346,0.0,HMTD-MDE,189,case14
True,2,-0.04,True,18,18,False,2,True,0.0004610985650236131,0.019687874749706156,1.3019884434962008,0.8715020987438038,1.2830520427087353,0.0,HMTD-MDE,190,case14
True,8,-0.04,True,1,1,False,8,True,0.23231879524762156,0.0007749981352062693,1.3019884434962008,0.8653312514070421,1.0874398780288201,0.0,HMTD-MDE,191,case14
True,6,-0.04,False,20,20,False,0,False,0.5316657057990087,0.3564249110583189,1.3019884434962008,1.0237791575491428,1.6377291467506478,0.0,HMTD-MDE,192,case14
True,6,-0.04,False,20,20,False,0,False,0.545905533264244,0.34177522984848213,1.3019884434962008,1.1393958993721753,1.899688117555348,0.0,HMTD-MDE,193,case14
True,13,-0.04,True,1,1,False,12,False,0.26264953516031964,0.0009101156775934696,1.3019884434962008,1.0319043038180098,3.209925373084845,0.0,HMTD-MDE,194,case14
True,10,0.04,True,1,1,False,9,False,0.3775396096188058,0.0007616568121199585,1.3019884434962008,0.8757104951655492,2.079379800125028,0.0,HMTD-MDE,195,case14
True,1,-0.04,True,4,4,False,1,True,9.87194291050754e-09,0.024636086663394594,1.3019884434962008,0.839762351824902,1.5359702025307376,0.0,HMTD-MDE,196,case14
True,6,0.04,False,20,20,False,6,True,0.05060328523755871,0.11680477135249237,1.3019884434962008,1.704518756014295,1.9752666470594866,0.0,HMTD-MDE,197,case14
True,4,0.04,False,20,20,False,4,True,1.3724327576673325e-10,0.018648418902677048,1.3019884434962008,0.8660249965032563,1.7519354238174867,0.0,HMTD-MDE,198,case14
True,7,0.04,False,20,20,False,0,False,0.5348905942706305,0.3582304444387709,1.3019884434962008,0.8915646612877026,1.0258482507197215,0.0,HMTD-MDE,199,case14
False,0,0.0,False,20,20,False,0,True,0.49652240106922224,0.3726477374510151,1.3019884434962008,0.6448813044698909,0.7425482384860516,0.0,HMTD-MDE,200,case14
False,0,0.0,False,20,20,False,0,True,0.5497454244857598,0.3554484505415857,1.3019884434962008,0.9604416496586055,3.528760059271009,0.0,HMTD-MDE,201,case14
False,0,0.0,False,20,20,False,0,True,0.5308234542345458,0.3620609800394696,1.3019884434962008,0.9968813566956669,1.8940187408588853,0.0,HMTD-MDE,202,case14
False,0,0.0,False,20,20,False,1,False,0.5463307220152737,0.23926221809152598,1.3019884434962008,0.6612250610487536,0.7465333736035974,0.0,HMTD-MDE,203,case14
False,0,0.0,False,20,20,False,0,True,0.5404036395449429,0.3577595351306295,1.3019884434962008,1.1473313003079966,3.255222889129077,0.0,HMTD-MDE,204,case14
False,0,0.0,False,20,20,False,0,True,0.5754816720642794,0.3398555825424108,1.3019884434962008,0.9286646032705903,1.285604439908642,0.0,HMTD-MDE,205,case14
False,0,0.0,False,20,20,False,0,True,0.4964461215267747,0.3744148144285622,1.3019884434962008,0.9784708527149633,1.1504121852340217,0.0,HMTD-MDE,206,case14
False,0,0.0,False,20,20,False,0,True,0.4821287644833449,0.37929495927063733,1.3019884434962008,1.0286708013154566,3.270024657831531,0.0,HMTD-MDE,207,case14
False,0,0.0,False,20,20,False,0,True,0.4793734780681393,0.38051343829755646,1.3019884434962008,0.7927082420792431,1.1962746648350744,0.0,HMTD-MDE,208,case14
False,0,0.0,False,20,20,False,0,True,0.4873152425309292,0.3777261971985878,1.3019884434962008,0.6007208430673927,0.8824318851111457,0.0,HMTD-MDE,209,case14
False,0,0.0,False,20,20,False,0,True,0.5656639924976361,0.34675314614046443,1.3019884434962008,0.7943813048768789,0.9012340480694567,0.0,HMTD-MDE,210,case14
False,0,0.0,False,20,20,False,0,True,0.49040842145391245,0.37424180356064396,1.3019884434962008,0.7775916339596733,0.8472353743854929,0.0,HMTD-MDE,211,case14
False,0,0.0,False,20,20,False,0,True,0.5007358217759984,0.3706044138176775,1.3019884434962008,0.8135603100527078,0.9018041571835076,0.0,HMTD-MDE,212,case14
False,0,0.0,False,20,20,False,0,True,0.5311769867554635,0.362271217121563,1.3019884434962008,0.8663855580380186,1.497674701386134,0.0,HMTD-MDE,213,case14
False,0,0.0,False,20,20,False,0,True,0.550965741591858,0.3556253111380797,1.3019884434962008,0.7014269474893808,1.1775318678701303,0.0,HMTD-MDE,214,case14
False,0,0.0,False,20,20,False,0,True,0.5659942180317906,0.3371953533309723,1.3019884434962008,0.6724541948642582,0.8322624693391847,0.0,HMTD-MDE,215,case14
False,0,0.0,False,20,20,False,0,True,0.4935385985891629,0.3764263993810667,1.3019884434962008,0.8996854943688959,3.6608544789487505,0.0,HMTD-MDE,216,case14
False,0,0.0,True,0,0,True,0,True,0.6374380556210626,0.2910201066217025,1.3019884434962008,1.0183125094044954,2.866977441590282,0.0,HMTD-MDE,217,case14
False,0,0.0,False,20,20,False,0,True,0.5077742506881643,0.3671472405321494,1.3019884434962008,0.6840561865828931,0.7925785321276636,0.0,HMTD-MDE,218,case14
False,0,0.0,False,20,20,False,0,True,0.5645430055958056,0.28075051785383404,1.3019884434962008,1.5343582461355254,7.711107700015421,0.0,HMTD-MDE,219,case14
False,0,0.0,False,20,20,False,0,True,0.5253495832349641,0.36542408528139153,1.3019884434962008,0.8440146542852744,1.0782607510918774,0.0,HMTD-MDE,220,case14
False,0,0.0,False,20,20,False,0,True,0.501050114147597,0.37386305608212445,1.3019884434962008,0.8894497528672218,1.1186829797225113,0.0,HMTD-MDE,221,case14
False,0,0.0,False,20,20,False,0,True,0.5809198203713739,0.34000740431541543,1.3019884434962008,0.6033104524249211,0.732214580057189,0.0,HMTD-MDE,222,case14
False,0,0.0,False,20,20,False,0,True,0.5493324924746121,0.35628683090790725,1.3019884434962008,0.7435875188093632,1.056187512585895,0.0,HMTD-MDE,223,case14
False,0,0.0,False,20,20,False,0,True,0.5051932529164184,0.3727341796327243,1.3019884434962008,0.7687708974117413,1.3711767445784062,0.0,HMTD-MDE,224,case14
False,0,0.0,False,20,20,False,0,True,0.5178116640360129,0.36755871448183575,1.3019884434962008,0.6700748577713966,0.7613121764734387,0.0,HMTD-MDE,225,case14
False,0,0.0,False,20,20,False,0,True,0.5067878646028806,0.36896579213826475,1.3019884434962008,0.9736769687151536,2.3027048038784432,0.0,HMTD-MDE,226,case14
False,0,0.0,False,20,20,False,0,True,0.5268302709418716,0.3575981614771997,1.3019884434962008,0.6466166523750871,0.9294056391809136,0.0,HMTD-MDE,227,case14
False,0,0.0,False,20,20,False,0,True,0.5526691043956845,0.35196799308720556,1.3019884434962008,0.7127665972802788,0.8492146036587656,0.0,HMTD-MDE,228,case14
False,0,0.0,False,20,20,False,0,True,0.5240592648876277,0.36510366889061974,1.3019884434962008,0.9003230516100302,2.01301462657284,0.0,HMTD-MDE,229,case14
False,0,0.0,False,20,20,False,0,True,0.5603113294759514,0.34712211369168156,1.3019884434962008,0.8197312970878556,0.9900350763928161,0.0,HMTD-MDE,230,case14
False,0,0.0,False,20,20,False,0,True,0.5204447082918314,0.36535514894399757,1.3019884434962008,1.221539406105876,4.265441049938093,0.0,HMTD-MDE,231,case14
False,0,0.0,False,20,20,False,0,True,0.5383236237891897,0.3592937378414458,1.3019884434962008,1.4019916125107557,1.5768437733641012,0.0,HMTD-MDE,232,case14
False,0,0.0,False,20,20,False,0,True,0.589536162644729,0.24076933388269312,1.3019884434962008,0.6292292498983443,0.8150923327775683,0.0,HMTD-MDE,233,case14
False,0,0.0,False,20,20,False,0,True,0.578054390352402,0.3337425191098182,1.3019884434962008,1.1561748979147524,3.75567948794924,0.0,HMTD-MDE,234,case14
False,0,0.0,False,20,20,False,0,True,0.5321078299052426,0.35740527133104316,1.3019884434962008,0.7338270981563255,0.8935708407079804,0.0,HMTD-MDE,235,case14
False,0,0.0,False,20,20,False,0,True,0.49027810439777453,0.3769143615037608,1.3019884434962008,0.8421708043897524,1.1011500319000358,0.0,HMTD-MDE,236,case14
False,0,0.0,False,20,20,False,0,True,0.48713532115390024,0.37817206760905225,1.3019884434962008,0.8605624956544489,1.1955416848650222,0.0,HMTD-MDE,237,case14
False,0,0.0,False,20,20,False,0,True,0.5626150933339287,0.3487343853740974,1.3019884434962008,0.9281729493523017,1.7367205204209333,0.0,HMTD-MDE,238,case14
False,0,0.0,False,20,20,False,0,True,0.5612864314767025,0.3508228219575845,1.3019884434962008,0.8857019973220304,0.9901398880174413,0.0,HMTD-MDE,239,case14
False,0,0.0,False,20,20,False,0,True,0.5653263863794737,0.3279136494208039,1.3019884434962008,0.8533165499102324,2.496968710329384,0.0,HMTD-MDE,240,case14
False,0,0.0,False,20,20,False,0,True,0.5391503068743987,0.3526292632559286,1.3019884434962008,0.6759646959835663,0.7815381541149692,0.0,HMTD-MDE,241,case14
False,0,0.0,False,20,20,False,0,True,0.5822301159314023,0.32657702493674917,1.3019884434962008,0.5038459406932816,0.5429982353234664,0.0,HMTD-MDE,242,case14
False,0,0.0,False,20,20,False,0,True,0.6429006849308104,0.2837898538731381,1.3019884434962008,0.7977166009368375,0.9922006080159955,0.0,HMTD-MDE,243,case14
False,0,0.0,False,20,20,False,0,True,0.4941032899870362,0.3754436073002886,1.3019884434962008,0.6517958478070796,0.8231309620896357,0.0,HMTD-MDE,244,case14
False,0,0.0,False,20,20,False,0,True,0.5071090785393347,0.3720364736727495,1.3019884434962008,0.4280290537280962,0.46266729186754674,0.0,HMTD-MDE,245,case14
False,0,0.0,False,20,20,False,0,True,0.505374026573177,0.37087400626436506,1.3019884434962008,0.9251125593436882,1.5491690632188713,0.0,HMTD-MDE,246,case14
False,0,0.0,False,20,20,False,0,True,0.5401326590584522,0.3572379011504082,1.3019884434962008,0.5416438012616709,0.6966298504266889,0.0,HMTD-MDE,247,case14
False,0,0.0,False,20,20,False,0,True,0.5021037429204273,0.37297189550892307,1.3019884434962008,0.425422954140231,0.4596443992340937,0.0,HMTD-MDE,248,case14
False,0,0.0,False,20,20,False,0,True,0.5217279047561173,0.3649373183457839,1.3019884434962008,0.6535832566441968,0.6947954912902787,0.0,HMTD-MDE,249,case14
True,6,-0.04,True,2,2,False,6,True,1.37243275766017e-10,0.004634627307080413,1.3853300249083214,105.63756044721231,110.09740592853768,0.0,MS-HIDE,0,case14
True,12,-0.04,True,1,1,False,12,True,0.2626495351603197,0.0011787407363412954,0.857192573608891,9.021037293132395,15.071670498582534,0.0,MS-HIDE,1,case14
True,13,-0.04,True,1,1,False,13,True,0.26264953516031964,0.0011787407363412952,0.857192573608891,9.70781663490925,15.793958996073343,0.0,MS-HIDE,2,case14
True,9,0.04,True,1,1,False,9,True,3.18628704873564e-07,0.0010509264865562588,0.916568378132693,105.24696886132006,110.9109651908525,0.0,MS-HIDE,3,case14
True,11,0.04,False,20,20,False,0,False,0.37920460364324365,0.40651671636756387,1.2588215891863603,10.170416702749208,16.59473093168347,0.0,MS-HIDE,4,case14
True,4,0.04,True,1,1,False,4,True,1.37243275766017e-10,0.004522344983048663,1.4058013305823474,9.496926900465041,16.042497611488216,0.0,MS-HIDE,5,case14
True,6,0.04,True,1,1,False,6,True,1.37243275766017e-10,0.00463462730572249,1.4078336900479527,100.65531864820514,106.63147260493264,0.0,MS-HIDE,6,case14
True,1,0.04,True,3,3,False,1,True,1.3724327576602412e-10,0.00838874993234808,1.1686229263750236,13.771581251057796,25.552477390738254,0.0,MS-HIDE,7,case14
True,2,-0.04,True,1,1,False,2,True,1.37243275766017e-10,0.006517677109135732,1.4037689711167418,11.090620895265602,21.423258996219374,0.0,MS-HIDE,8,case14
True,5,0.04,True,1,1,False,5,True,1.3724327576609942e-10,0.000694143710669366,0.8858642961379892,108.6545646423474,114.4711294939057,0.0,MS-HIDE,9,case14
True,7,-0.04,False,20,20,False,0,False,0.3877475048259208,0.40408928836184144,1.2179111014537243,9.297523007262498,15.58537503005937,0.0,MS-HIDE,10,case14
True,7,-0.04,False,20,20,False,0,False,0.37815077051096946,0.40685789899225244,1.3136290188777158,9.791170648531988,17.209887161152437,0.0,MS-HIDE,11,case14
True,2,0.04,True,1,1,False,2,True,1.3724327576601714e-10,0.00670144642018775,1.3976718927199252,102.06095615576487,106.60683570604438,0.0,MS-HIDE,12,case14
True,7,-0.04,False,20,20,False,0,False,0.38160378099741643,0.40575214055346787,1.2620233370869316,9.650137400603853,16.256687519489795,0.0,MS-HIDE,13,case14
True,6,0.04,True,1,1,False,6,True,1.3724327576601714e-10,0.00463462730572249,1.4078336900479527,10.276854140101932,16.90352260193322,0.0,MS-HIDE,14,case14
True,6,0.04,True,1,1,False,6,True,1.37243275766017e-10,0.004634627305457285,1.4098660495135582,101.63588330033235,105.85935623676184,0.0,MS-HIDE,15,case14
True,10,-0.04,True,1,1,False,10,True,2.2570638354275148e-10,0.0007810359684503938,0.8551602141432855,8.76311855390668,12.039206549525268,0.0,MS-HIDE,16,case14
True,1,-0.04,True,1,1,False,1,True,1.372432757660172e-10,0.008254431543197693,1.154065234424685,10.559320854372345,18.535198524477895,0.0,MS-HIDE,17,case14
True,9,-0.04,True,1,1,False,9,True,1.1904785911867387e-05,0.0010509265125981048,0.8858642961379892,103.8840062537929,108.66158990538813,0.0,MS-HIDE,18,case14
True,10,-0.04,True,1,1,False,10,True,1.6847541791389626e-10,0.0007810359684453764,0.8629801767165319,10.890764559735544,14.588722883490865,0.0,MS-HIDE,19,case14
True,8,0.04,True,1,1,False,8,True,5.630736966046237e-05,0.001062779165151708,0.8838319366723837,9.196098055690527,17.055900683044456,0.0,MS-HIDE,20,case14
True,5,0.04,True,1,1,False,5,True,1.3724327576602277e-10,0.000694143710666312,0.8638377070757917,101.65523334580939,106.66010624263566,0.0,MS-HIDE,21,case14
True,11,0.04,False,20,20,False,0,False,0.3717695950107935,0.40806631622067024,1.1943635907788486,8.72691025142558,12.800089901429601,0.0,MS-HIDE,22,case14
True,10,0.04,True,1,1,False,10,True,1.5733211782397248e-10,0.000781035968434561,0.8605151403423413,10.10622069297824,16.3287517731078,0.0,MS-HIDE,23,case14
True,13,-0.04,True,1,1,False,12,False,0.26264953516031964,0.0011787407363412954,0.857192573608891,100.91901239647996,108.22825591894929,0.0,MS-HIDE,24,case14
True,13,0.04,True,1,1,False,13,True,0.2626495351603197,0.0011787407363407613,0.8551602141432855,8.61374169762712,11.937091712024996,0.0,MS-HIDE,25,case14
True,12,0.04,True,1,1,False,12,True,0.26264953516031964,0.0011787407363407613,0.8551602141432855,9.215616693836637,14.814401435432957,0.0,MS-HIDE,26,case14
True,6,-0.04,True,1,1,False,6,True,1.37243275766017e-10,0.00463462730572249,1.4078336900479527,104.93489583896007,116.7359381797737,0.0,MS-HIDE,27,case14
True,5,0.04,True,1,1,False,5,True,1.372432757660503e-10,0.0006941437106743282,0.8584827808767358,9.058375039603561,14.627137462957762,0.0,MS-HIDE,28,case14
True,8,-0.04,True,1,1,False,8,True,3.055836570122483e-06,0.0010627793018659246,0.8858642961379892,9.294102192507125,14.976629460579717,0.0,MS-HIDE,29,case14
True,3,-0.04,True,1,1,False,3,True,1.37243275766017e-10,0.0029111115244388106,1.3937906384618435,10.610029104282148,16.048472610418685,0.0,MS-HIDE,30,case14
True,9,0.04,True,1,1,False,9,True,2.0604898503711654e-06,0.00105092649008302,0.8629801767165319,9.649252102826722,14.379577740328388,0.0,MS-HIDE,31,case14
True,8,0.04,True,1,1,False,8,True,1.766959791863466e-05,0.0010627792673517363,0.8858642961379892,9.189552156021819,14.978754450567068,0.0,MS-HIDE,32,case14
True,4,-0.04,True,1,1,False,4,True,1.37243275766017e-10,0.004427806594017679,1.4037689711167418,9.288518704124726,15.147045179037379,0.0,MS-HIDE,33,case14
True,9,0.04,True,1,1,False,9,True,0.00013485839320904005,0.0010509268569550952,0.8916518992456302,9.10121239721775,12.664027701248415,0.0,MS-HIDE,34,case14
True,6,0.04,True,1,1,False,6,True,1.37243275766017e-10,0.00463462730572249,1.4078336900479527,12.06177915155422,17.3924597562291,0.0,MS-HIDE,35,case14
True,7,0.04,False,20,20,False,0,False,0.38451725334667375,0.4053639390377337,1.2304914044197846,9.300608400371857,13.955891993828118,0.0,MS-HIDE,36,case14
True,1,0.04,True,1,1,False,1,True,1.372432757660238e-10,0.008145701724454077,1.1936735913444896,10.12609370809514,13.17367886658758,0.0,MS-HIDE,37,case14
True,2,0.04,True,1,1,False,2,True,1.37243275766017e-10,0.006691401424710945,1.4017366116511363,9.578170848544687,14.822683358215729,0.0,MS-HIDE,38,case14
True,12,-0.04,True,1,1,False,12,True,0.26264953516031964,0.0011787407363407613,0.8551602141432855,9.279906144365668,14.883187197847292,0.0,MS-HIDE,39,case14
True,4,0.04,True,1,1,False,4,True,1.37243275766017e-10,0.004522361436593593,1.4017366116511363,10.030249957344495,15.12801423377823,0.0,MS-HIDE,40,case14
True,12,-0.04,True,1,1,False,13,False,0.2626495351603197,0.0011787407363407613,0.8551602141432855,9.661126998253167,13.696479462669233,0.0,MS-HIDE,41,case14
True,5,-0.04,True,1,1,False,5,True,1.3724327576607776e-10,0.0006941437106851285,0.8551602141432855,9.40556259592995,14.090008003404366,0.0,MS-HIDE,42,case14
True,7,0.04,False,20,20,False,0,False,0.3800790906366777,0.40604626258305604,1.2870692926373413,9.074739459902048,14.628930966136977,0.0,MS-HIDE,43,case14
True,13,0.04,True,1,1,False,12,False,0.26264953516031964,0.0011787407363407615,0.8551602141432855,9.660235553747043,13.800279496354053,0.0,MS-HIDE,44,case14
True,1,0.04,True,2,2,False,1,True,1.3724327576601714e-10,0.008167580704964547,1.1811482588597566,9.858260353212245,13.667035105754625,0.0,MS-HIDE,45,case14
True,8,-0.04,True,1,1,False,8,True,3.127790351274562e-08,0.0010627793079875233,0.8936842587112357,10.0226874492364,13.283945797593333,0.0,MS-HIDE,46,case14
True,4,-0.04,True,1,1,False,4,True,1.37243275766017e-10,0.004448708936045285,1.3976718927199252,9.124722692649812,13.25796596647706,0.0,MS-HIDE,47,case14
True,1,0.04,True,1,1,False,1,True,1.37243275766017e-10,0.008390140614384572,1.1560975938902907,11.94129369687289,16.527283639879926,0.0,MS-HIDE,48,case14
True,8,-0.04,True,1,1,False,8,True,8.734669139007944e-06,0.0010627792889895348,0.9075917719824336,8.846947943675332,13.390679203439506,0.0,MS-HIDE,49,case14
True,10,-0.04,True,1,1,False,10,True,1.6505590984891965e-10,0.0007810359684347696,0.8605151403423413,10.031535392045043,14.517568750306966,0.0,MS-HIDE,50,case14
True,7,-0.04,False,20,20,False,0,False,0.3949962713820445,0.40193979839297356,1.3049254154259275,9.738745892536826,13.349948529503312,0.0,MS-HIDE,51,case14
True,11,-0.04,False,20,20,False,0,False,0.3885834648587562,0.4043184293344285,1.2269797746557816,9.682797791901976,14.446178832440639,0.0,MS-HIDE,52,case14
True,1,0.04,True,1,1,False,1,True,1.3724323369709463e-10,0.008145702293546692,1.1811482588597566,10.143700148910284,17.443963140249256,0.0,MS-HIDE,53,case14
True,5,-0.04,True,1,1,False,5,True,1.3724327576603924e-10,0.0006941437106746714,0.8605151403423413,9.406160603975877,13.266479116282428,0.0,MS-HIDE,54,case14
True,10,-0.04,True,1,1,False,10,True,1.6212008498908403e-10,0.0007810359684491491,0.857192573608891,8.810233246185817,13.885302122798748,0.0,MS-HIDE,55,case14
True,6,0.04,True,1,1,False,6,True,1.37243275766017e-10,0.00463462730572249,1.4078336900479527,9.485374999349006,14.346447907155383,0.0,MS-HIDE,56,case14
True,8,0.04,True,1,1,False,8,True,2.7792988467032377e-06,0.0010627793024615224,0.8858642961379892,10.04579170839861,15.196304171695376,0.0,MS-HIDE,57,case14
True,10,-0.04,True,1,1,False,10,True,1.8168604907936297e-10,0.0007810359684491583,0.8551602141432855,9.978724890970625,15.109142314759087,0.0,MS-HIDE,58,case14
True,5,0.04,True,1,1,False,5,True,1.5983949021614154e-10,0.0006941437106863184,0.857192573608891,9.263281367020682,13.853194096009247,0.0,MS-HIDE,59,case14
True,9,-0.04,True,1,1,False,9,True,4.6406182900025327e-07,0.0010509264868609634,0.857192573608891,10.636208302457817,15.750698573538102,0.0,MS-HIDE,60,case14
True,11,0.04,False,20,20,False,0,False,0.38670358614929984,0.4050281729747043,1.1764287681879886,9.10075630818028,14.08483512350358,0.0,MS-HIDE,61,case14
True,13,0.04,True,1,1,False,13,True,0.2626495351603197,0.0011787407363412954,0.857192573608891,10.425479244440794,15.445362497121096,0.0,MS-HIDE,62,case14
True,2,-0.04,True,1,1,False,2,True,1.37243275766017e-10,0.0065031336958045315,1.4078336900479527,9.952929243445396,14.847508320235649,0.0,MS-HIDE,63,case14
True,1,0.04,True,2,2,False,1,True,1.3724327576601745e-10,0.008155536999557421,1.1811482588597566,9.80934584804345,14.627452052081939,0.0,MS-HIDE,64,case14
True,10,0.04,True,1,1,False,10,True,1.8306387562896625e-10,0.0007810359684455335,0.8801865274002335,10.423349949996918,16.710475340369157,0.0,MS-HIDE,65,case14
True,3,0.04,True,1,1,False,3,True,1.37243275766017e-10,0.0029111167788639695,1.4058013305823474,9.33781240019016,15.557212481508031,0.0,MS-HIDE,66,case14
True,2,0.04,True,1,1,False,2,True,1.37243275766017e-10,0.006503358515751679,1.4017366116511363,10.416818704106845,13.50761220965069,0.0,MS-HIDE,67,case14
True,2,-0.04,True,1,1,False,2,True,1.37243275766017e-10,0.006503358357017827,1.407833690047953,9.721947941579856,15.618364556576127,0.0,MS-HIDE,68,case14
True,12,-0.04,True,1,1,False,12,True,0.26264953516031964,0.0011787407363412952,0.857192573608891,10.44304993993137,16.091218753717843,0.0,MS-HIDE,69,case14
True,3,-0.04,True,1,1,False,3,True,1.37243275766017e-10,0.002911110592158068,1.4058013305823471,8.897958300076425,13.556158370920459,0.0,MS-HIDE,70,case14
True,4,-0.04,True,1,1,False,4,True,1.37243275766017e-10,0.0044202465632456325,1.4058013305823474,10.45234594203066,15.276581526268275,0.0,MS-HIDE,71,case14
True,8,0.04,True,1,1,False,8,True,1.7979723563456012e-07,0.0010627793076885342,0.8896195397800246,9.747127047739923,15.580266615143046,0.0,MS-HIDE,72,case14
True,9,0.04,True,1,1,False,9,True,5.315618156912323e-08,0.0010509264860829783,0.916568378132693,10.349970799870789,15.260164611390794,0.0,MS-HIDE,73,case14
True,3,0.04,True,1,1,False,3,True,1.37243275766017e-10,0.002911110391066301,1.4098660495135582,10.060110452468507,14.457070181379096,0.0,MS-HIDE,74,case14
True,10,-0.04,True,1,1,False,10,True,1.795049370576736e-10,0.0007810359684277449,0.8916518992456302,9.608477193978615,15.136679186252877,0.0,MS-HIDE,75,case14
True,10,0.04,True,1,1,False,10,True,2.3145103888458936e-10,0.0007810359684505814,0.8551602141432855,8.936802050448023,13.76055447908584,0.0,MS-HIDE,76,case14
True,10,-0.04,True,1,1,False,10,True,1.8153496570499602e-10,0.0007810359684496776,0.857192573608891,10.20684365357738,15.485663991421461,0.0,MS-HIDE,77,case14
True,3,-0.04,True,1,1,False,3,True,1.37243275766017e-10,0.0029111103910663136,1.4078336900479527,10.178885402274318,15.909597565769221,0.0,MS-HIDE,78,case14
True,6,0.04,True,1,1,False,6,True,1.37243275766017e-10,0.004634627305457285,1.4098660495135582,10.623495856998488,15.996041614562275,0.0,MS-HIDE,79,case14
True,7,-0.04,False,20,20,False,0,False,0.3797499107359358,0.4064677605324626,1.34254162048987,10.073766598361544,14.971998159307988,0.0,MS-HIDE,80,case14
True,9,0.04,True,1,1,False,9,True,2.9198944186700328e-06,0.0010509264918714366,0.9707228201482709,9.997777012176812,15.725990207283758,0.0,MS-HIDE,81,case14
True,6,-0.04,True,1,1,False,6,True,1.37243275766017e-10,0.00463462730572249,1.4078336900479527,10.123985438258387,17.65319136029575,0.0,MS-HIDE,82,case14
True,5,-0.04,True,1,1,False,5,True,2.665377195203916e-10,0.0006941437106728449,0.8878966556035948,9.828395847580396,13.880387248354964,0.0,MS-HIDE,83,case14
True,13,0.04,True,1,1,False,12,False,0.26264953516031964,0.0011787407363407615,0.8551602141432855,10.793200053740293,17.454302404075865,0.0,MS-HIDE,84,case14
True,8,0.04,True,1,1,False,8,True,1.0493351010135265e-05,0.001062779284838764,0.8838319366723837,10.008362345979549,16.66895239904989,0.0,MS-HIDE,85,case14
True,7,0.04,False,20,20,False,0,False,0.37022806863865604,0.4083647021638701,1.2695545022065506,7.677897991379723,12.305226796888748,0.0,MS-HIDE,86,case14
True,6,-0.04,True,1,1,False,6,True,1.37243275766017e-10,0.00463462730572249,1.4078336900479527,9.85546879528556,14.329372553038414,0.0,MS-HIDE,87,case14
True,4,-0.04,True,1,1,False,4,True,1.37243275766017e-10,0.004522348596227244,1.3997042521855307,8.354243854410015,14.122177436365748,0.0,MS-HIDE,88,case14
True,13,-0.04,True,1,1,False,12,False,0.26264953516031964,0.0011787407363412954,0.857192573608891,10.22172289667651,15.1744750153739,0.0,MS-HIDE,89,case14
True,3,0.04,True,1,1,False,3,True,1.37243275766017e-10,0.002911116778863955,1.407833690047953,11.35688544891309,19.531650020508096,0.0,MS-HIDE,90,case14
True,11,-0.04,False,20,20,False,0,False,0.38920686712889013,0.4035331546416413,1.2258827174459743,10.618291597347707,15.706866679829547,0.0,MS-HIDE,91,case14
True,12,-0.04,True,1,1,False,12,True,0.2626495351603196,0.0011787407363407615,0.8551602141432855,10.194120852975175,15.982285101199523,0.0,MS-HIDE,92,case14
True,13,-0.04,True,1,1,False,13,True,0.26264953516031964,0.0011787407363407615,0.8551602141432855,10.420806254842319,16.571379138622433,0.0,MS-HIDE,93,case14
True,10,0.04,True,1,1,False,10,True,2.084047816376606e-10,0.0007810359684351533,0.8633606309983579,10.396704348386265,15.32868989452254,0.0,MS-HIDE,94,case14
True,10,-0.04,True,1,1,False,10,True,2.849578480250573e-10,0.0007810359684527118,0.857192573608891,9.709287603618577,15.641414880519733,0.0,MS-HIDE,95,case14
True,3,-0.04,True,1,1,False,3,True,1.37243275766017e-10,0.0029111103910663136,1.4078336900479527,10.345045902067795,22.503170865820724,0.0,MS-HIDE,96,case14
True,4,0.04,True,1,1,False,4,True,1.37243275766017e-10,0.004448270982782596,1.4017366116511363,9.819604101357982,16.042024703347124,0.0,MS-HIDE,97,case14
True,13,-0.04,True,1,1,False,13,True,0.2626495351603197,0.0011787407363412954,0.857192573608891,9.783399847219698,15.893640188733116,0.0,MS-HIDE,98,case14
True,12,-0.04,True,1,1,False,13,False,0.26264953516031964,0.0011787407363407613,0.8551602141432855,10.13370415312238,16.25474583706819,0.0,MS-HIDE,99,case14
True,13,0.04,True,1,1,False,13,True,0.26264953516031964,0.0011787407364963957,0.846183607993026,10.26331240136642,14.988878837903032,0.0,MS-HIDE,100,case14
True,4,-0.04,True,1,1,False,4,True,1.37243275766017e-10,0.004420097595737935,1.4017366116511363,8.965727061149664,15.562258337740788,0.0,MS-HIDE,101,case14
True,3,0.04,True,1,1,False,3,True,1.37243275766017e-10,0.0029113133071459805,1.4058013305823474,10.752022947417572,17.176977699273266,0.0,MS-HIDE,102,case14
True,12,-0.04,True,1,1,False,13,False,0.2626495351603197,0.0011787407363407615,0.8551602141432855,9.413383190985769,14.796633654623292,0.0,MS-HIDE,103,case14
True,8,0.04,True,1,1,False,8,True,5.2982360576298215e-08,0.0010627793079578856,0.8878966556035948,9.422774997074157,16.47157708939631,0.0,MS-HIDE,104,case14
True,8,0.04,True,1,1,False,8,True,1.3344899469747776e-06,0.001062779305478752,0.9243883407059394,6.840843707323074,8.949912167736333,0.0,MS-HIDE,105,case14
True,10,-0.04,True,1,1,False,10,True,1.6038353475090665e-10,0.0007810359684485682,0.8551602141432855,10.23288130236324,16.34749551594723,0.0,MS-HIDE,106,case14
True,4,-0.04,True,1,1,False,4,True,1.37243275766017e-10,0.004448270060951231,1.4017366116511363,8.765129203675315,12.810027351952158,0.0,MS-HIDE,107,case14
True,5,0.04,True,1,1,False,5,True,2.6211496117002806e-10,0.0006941437106886812,0.857192573608891,8.873722856515087,14.336620509857315,0.0,MS-HIDE,108,case14
True,12,0.04,True,1,1,False,12,True,0.26264953516031964,0.0011787407363407615,0.8551602141432855,9.719410393154249,15.447739226510748,0.0,MS-HIDE,109,case14
True,4,0.04,True,1,1,False,4,True,1.37243275766017e-10,0.004448270259010016,1.3976718927199252,9.598504198947921,16.64794585085474,0.0,MS-HIDE,110,case14
True,10,0.04,True,1,1,False,10,True,3.9250797220953944e-10,0.0007810359684345828,0.8663027434499823,9.26553960016463,13.732335439999591,0.0,MS-HIDE,111,case14
True,4,0.04,True,1,1,False,4,True,1.37243275766017e-10,0.004422374833205241,1.4037689711167418,10.26996260334272,14.743233364424668,0.0,MS-HIDE,112,case14
True,3,-0.04,True,1,1,False,3,True,1.37243275766017e-10,0.002912254154970674,1.4017366116511363,9.338114605634473,16.288237785920504,0.0,MS-HIDE,113,case14
True,8,-0.04,True,1,1,False,8,True,2.1586586946262454e-06,0.0010627793037655403,0.8974395023532711,9.54097080102656,15.221654780907558,0.0,MS-HIDE,114,case14
True,2,0.04,True,1,1,False,2,True,1.37243275766017e-10,0.0065742068971539405,1.4037689711167418,8.903264650143683,13.231854457990266,0.0,MS-HIDE,115,case14
True,4,-0.04,True,1,1,False,4,True,1.37243275766017e-10,0.004422208677618325,1.4017366116511363,9.776783303823322,17.03943750471808,0.0,MS-HIDE,116,case14
True,11,-0.04,False,20,20,False,0,False,0.4440445930711741,0.38582685122748117,1.248838079396081,9.861202104366384,19.222733299830004,0.0,MS-HIDE,117,case14
True,2,-0.04,True,1,1,False,2,True,1.37243275766017e-10,0.006504662552240161,1.4058013305823474,9.926845695008524,13.977513124700643,0.0,MS-HIDE,118,case14
True,5,0.04,True,1,1,False,5,True,1.3724327576602091e-10,0.0006941437106851285,0.8551602141432855,9.797741600777954,15.188126845168881,0.0,MS-HIDE,119,case14
True,13,-0.04,True,1,1,False,13,True,0.26264953516031964,0.0011787407363407613,0.8551602141432855,9.300604200689122,16.314810479525477,0.0,MS-HIDE,120,case14
True,2,-0.04,True,3,3,False,2,True,1.37243275766017e-10,0.006503254057062984,1.401736611651136,8.458664696081541,12.600311884307304,0.0,MS-HIDE,121,case14
True,5,0.04,True,1,1,False,5,True,1.3724327576610353e-10,0.0006941437106856624,0.857192573608891,9.288045699940994,15.174877012032088,0.0,MS-HIDE,122,case14
True,10,0.04,True,1,1,False,10,True,2.742649309676448e-10,0.0007810359684446116,0.8629801767165319,9.451922998414375,15.323531528702008,0.0,MS-HIDE,123,case14
True,5,-0.04,True,1,1,False,5,True,1.3724327576627662e-10,0.0006941437106851285,0.8551602141432855,9.13833754893858,13.25443058158271,0.0,MS-HIDE,124,case14
True,9,-0.04,True,1,1,False,9,True,2.6882562779107405e-05,0.0010509265500608666,0.9075917719824336,9.705862600822002,14.506631903350353,0.0,MS-HIDE,125,case14
True,11,-0.04,False,20,20,False,0,False,0.41808390675135243,0.39672811381668016,1.21644985974143,9.308474956196733,17.045905915438198,0.0,MS-HIDE,126,case14
True,12,-0.04,True,1,1,False,13,False,0.26264953516031964,0.0011787407363412954,0.857192573608891,10.682350059505552,16.189519129693522,0.0,MS-HIDE,127,case14
True,6,0.04,True,1,1,False,6,True,1.37243275766017e-10,0.00463462730572249,1.4078336900479527,9.337116641108878,15.11516668542754,0.0,MS-HIDE,128,case14
True,10,0.04,True,1,1,False,10,True,1.6482252122892883e-10,0.0007810359684486894,0.8551602141432855,10.693899905891158,15.100029151653883,0.0,MS-HIDE,129,case14
True,5,-0.04,True,1,1,False,5,True,1.372432757660421e-10,0.0006941437106851285,0.8551602141432855,10.527647953131236,14.660035393899316,0.0,MS-HIDE,130,case14
True,12,-0.04,True,1,1,False,12,True,0.26264953516031964,0.0011787407363407615,0.8551602141432855,9.105529249063693,14.568083337508142,0.0,MS-HIDE,131,case14
True,6,0.04,True,1,1,False,6,True,1.37243275766017e-10,0.004634627305457285,1.4098660495135582,9.71813760115765,15.168706845724955,0.0,MS-HIDE,132,case14
True,10,-0.04,True,1,1,False,10,True,1.638604226429565e-10,0.0007810359684343784,0.8584827808767358,10.09108345315326,20.814116645487964,0.0,MS-HIDE,133,case14
True,13,-0.04,True,1,1,False,12,False,0.2626495351603197,0.0011787407363407615,0.8551602141432855,9.206056350376457,15.129793784581125,0.0,MS-HIDE,134,case14
True,8,0.04,True,1,1,False,8,True,9.357432830451692e-06,0.0010627792875011945,0.916568378132693,8.979304041713476,13.245502425706947,0.0,MS-HIDE,135,case14
True,11,0.04,False,20,20,False,0,False,0.39796976414527013,0.4014086035469621,1.291581821109685,10.102714598178864,15.290988137712702,0.0,MS-HIDE,136,case14
True,12,0.04,True,1,1,False,13,False,0.26264953516031964,0.0011787407363407615,0.8551602141432855,9.945610299473628,14.918833022238692,0.0,MS-HIDE,137,case14
True,13,0.04,True,1,1,False,13,True,0.26264953516031964,0.0011787407363412954,0.857192573608891,9.144133550580591,15.295744396280497,0.0,MS-HIDE,138,case14
True,13,0.04,True,1,1,False,12,False,0.2626495351603197,0.0011787407363412952,0.857192573608891,10.984997896593995,16.51807440211998,0.0,MS-HIDE,139,case14
True,5,0.04,True,1,1,False,5,True,1.9854836640849058e-10,0.0006941437106830039,0.8609478172509264,9.524089546175674,14.44714759127237,0.0,MS-HIDE,140,case14
True,13,0.04,True,1,1,False,13,True,0.26264953516031964,0.0011787407363412952,0.857192573608891,9.25389569310937,14.272801482002253,0.0,MS-HIDE,141,case14
True,3,0.04,True,1,1,False,3,True,1.37243275766017e-10,0.002911110391066301,1.4098660495135582,11.444358344306238,27.86322290485259,0.0,MS-HIDE,142,case14
True,3,-0.04,True,1,1,False,3,True,1.37243275766017e-10,0.002911111524658158,1.4037689711167418,9.925775101874024,14.23261487216223,0.0,MS-HIDE,143,case14
True,3,0.04,True,1,1,False,3,True,1.37243275766017e-10,0.002911110391066301,1.4098660495135582,8.739948048605584,14.284381596371533,0.0,MS-HIDE,144,case14
True,3,-0.04,True,1,1,False,3,True,1.37243275766017e-10,0.002912255403550212,1.4058013305823474,13.624939593137242,30.45416219392792,0.0,MS-HIDE,145,case14
True,6,-0.04,True,1,1,False,6,True,1.37243275766017e-10,0.004634627305457285,1.4098660495135582,9.833762494963594,13.59908991144039,0.0,MS-HIDE,146,case14
True,9,0.04,True,1,1,False,9,True,1.6792704856669187e-06,0.001050926489269753,0.9108906093949373,9.183485253015533,16.580283342045735,0.0,MS-HIDE,147,case14
True,11,-0.04,False,20,20,False,0,False,0.3672406670048651,0.4090649583030782,1.2437347532070757,9.808385409996845,22.808504186104987,0.0,MS-HIDE,148,case14
True,6,0.04,True,1,1,False,6,True,1.37243275766017e-10,0.00463462730572249,1.4078336900479527,10.176735499408096,14.611054820124993,0.0,MS-HIDE,149,case14
True,1,0.04,True,1,1,False,1,True,1.3724327576601711e-10,0.008167589721914711,1.154065234424685,8.72099380067084,12.863027094863355,0.0,MS-HIDE,150,case14
True,10,0.04,True,1,1,False,10,True,3.396919278677207e-10,0.0007810359684542711,0.857192573608891,9.21476235089358,12.705185095546769,0.0,MS-HIDE,151,case14
True,6,0.04,True,1,1,False,6,True,1.37243275766017e-10,0.00463462730572249,1.4078336900479527,8.822814651648514,14.255254151066767,0.0,MS-HIDE,152,case14
True,11,0.04,False,20,20,False,0,False,0.40250693023773776,0.4008556139566496,1.1937943865075482,9.62449785147328,13.541116067790426,0.0,MS-HIDE,153,case14
True,6,-0.04,True,1,1,False,6,True,1.3724327576601724e-10,0.004634627305457285,1.4098660495135582,8.636899999692105,12.028787503368225,0.0,MS-HIDE,154,case14
True,6,-0.04,True,1,1,False,6,True,1.37243275766017e-10,0.00463462730572249,1.4078336900479527,9.121404148754664,15.516035427572206,0.0,MS-HIDE,155,case14
True,6,0.04,True,1,1,False,6,True,1.37243275766017e-10,0.00463462730572249,1.4078336900479527,10.100229157251306,14.814168433076702,0.0,MS-HIDE,156,case14
True,13,0.04,True,1,1,False,13,True,0.2626495351603197,0.0011787407363412952,0.857192573608891,9.095493701170199,15.092004759935662,0.0,MS-HIDE,157,case14
True,8,-0.04,True,1,1,False,8,True,1.3358639327003061e-06,0.0010627793055061176,0.8551602141432855,9.431762498570606,15.88425594381988,0.0,MS-HIDE,158,case14
True,9,-0.04,True,1,1,False,9,True,0.00011056343194558656,0.0010509267838053273,0.9053692992964026,9.903343793121167,13.858654437353836,0.0,MS-HIDE,159,case14
True,3,0.04,True,1,1,False,3,True,1.37243275766017e-10,0.002911110391101679,1.4058013305823474,9.314474943676032,14.04628603195306,0.0,MS-HIDE,160,case14
True,9,0.04,True,1,1,False,9,True,5.576118058343459e-08,0.0010509264860968125,0.8896195397800246,9.821187652414665,15.710964909521861,0.0,MS-HIDE,161,case14
True,9,0.04,True,1,1,False,9,True,2.9203835593008636e-07,0.001050926486516949,0.8916518992456302,9.628962448914535,13.063656238955446,0.0,MS-HIDE,162,case14
True,6,-0.04,True,1,1,False,6,True,1.37243275766017e-10,0.004634627305457285,1.4098660495135582,8.899302157806233,15.229670837288724,0.0,MS-HIDE,163,case14
True,1,0.04,True,1,1,False,1,True,1.3724323369709329e-10,0.008150312233792159,1.1686229263750236,9.622341700014658,17.038616957142953,0.0,MS-HIDE,164,case14
True,12,-0.04,True,1,1,False,12,True,0.26264953516031964,0.0011787407363412952,0.857192573608891,9.215431197662838,13.495218724710867,0.0,MS-HIDE,165,case14
True,10,0.04,True,1,1,False,10,True,1.568776264567926e-10,0.000781035968449008,0.857192573608891,9.843797801295295,16.80335769779049,0.0,MS-HIDE,166,case14
True,10,0.04,True,1,1,False,10,True,2.093211346611611e-10,0.0007810359684298216,0.8878966556035948,11.1395540938247,17.566377393086455,0.0,MS-HIDE,167,case14
True,7,0.04,False,20,20,False,0,False,0.43118726830485615,0.3903879487266311,1.1814339200160966,9.76068529416807,13.848479161970317,0.0,MS-HIDE,168,case14
True,9,0.04,True,1,1,False,9,True,1.5016180113392955e-06,0.0010509264889209747,0.8801865274002335,9.843510485370643,15.462685746024365,0.0,MS-HIDE,169,case14
True,7,0.04,False,20,20,False,0,False,0.3957717040103167,0.4027780316676492,1.2947500931623328,10.147447901545092,16.962813120335344,0.0,MS-HIDE,170,case14
True,7,-0.04,False,20,20,False,0,False,0.36521041780182434,0.4093518156240412,1.2460584982336849,9.270431348704733,12.386522642918862,0.0,MS-HIDE,171,case14
True,8,-0.04,True,1,1,False,8,True,2.1594488834848116e-06,0.0010627793037971303,0.857192573608891,9.589008151669987,14.102124352939429,0.0,MS-HIDE,172,case14
True,7,0.04,False,20,20,False,0,False,0.39252434845394635,0.4026883001232629,1.2212968752769273,8.761533349752426,15.325088097597474,0.0,MS-HIDE,173,case14
True,12,0.04,True,1,1,False,12,True,0.26264953516031964,0.0011787407363412954,0.857192573608891,9.271883443580009,14.994248206494378,0.0,MS-HIDE,174,case14
True,7,0.04,False,20,20,False,0,False,0.44589221166791604,0.3825360920148509,1.3155360047666325,10.056487444671802,16.816736847977158,0.0,MS-HIDE,175,case14
True,8,-0.04,True,1,1,False,8,True,5.653017306279333e-07,0.0010627793070174365,0.9075917719824336,9.261585405329242,13.20619760954287,0.0,MS-HIDE,176,case14
True,5,-0.04,True,1,1,False,5,True,2.3433319893225577e-10,0.0006941437106874321,0.8551602141432855,10.048808349529281,14.744145527947698,0.0,MS-HIDE,177,case14
True,1,0.04,True,2,2,False,1,True,1.3724327576601714e-10,0.008145708646367083,1.179115899394151,8.86838749574963,14.870572616928257,0.0,MS-HIDE,178,case14
True,9,0.04,True,1,1,False,9,True,2.7074085761053474e-08,0.0010509264860376656,0.9223559812403339,9.355247902567498,13.669598210253753,0.0,MS-HIDE,179,case14
True,13,-0.04,True,1,1,False,13,True,0.26264953516031964,0.0011787407363412954,0.857192573608891,9.572222852148116,13.894858359708453,0.0,MS-HIDE,180,case14
True,11,0.04,False,20,20,False,0,False,0.37866076709243257,0.4063428138731817,1.2463186949321345,9.512956216349266,14.838300039991736,0.0,MS-HIDE,181,case14
True,8,-0.04,True,1,1,False,8,True,9.833572844443791e-07,0.0010627793061968602,0.8878966556035948,9.47961880301591,14.722894315491434,0.0,MS-HIDE,182,case14
True,12,0.04,True,1,1,False,12,True,0.26264953516031964,0.0011787407363407615,0.8551602141432855,9.556843698373996,13.690952069009654,0.0,MS-HIDE,183,case14
True,12,0.04,True,1,1,False,12,True,0.26264953516031964,0.0011787407363412954,0.857192573608891,9.035998102626763,13.048419079859743,0.0,MS-HIDE,184,case14
True,1,0.04,True,3,3,False,1,True,1.372432757660172e-10,0.008145701724454077,1.1936735913444896,9.033010446000844,16.65471665619407,0.0,MS-HIDE,185,case14
True,10,0.04,True,1,1,False,10,True,1.699857475756284e-10,0.0007810359684412736,0.8687677798241729,10.463114752201363,14.415831258520486,0.0,MS-HIDE,186,case14
True,7,-0.04,False,20,20,False,0,False,0.40753485119217703,0.3974782768445888,1.231020764266046,8.627062500454485,11.98773369251285,0.0,MS-HIDE,187,case14
True,3,-0.04,True,1,1,False,3,True,1.37243275766017e-10,0.0029111103910674195,1.407833690047953,8.821701948181726,13.738949687103744,0.0,MS-HIDE,188,case14
True,3,0.04,True,1,1,False,3,True,1.37243275766017e-10,0.0029111103910665174,1.4058013305823471,9.40826865262352,14.298857713583857,0.0,MS-HIDE,189,case14
True,2,-0.04,True,1,1,False,2,True,1.37243275766017e-10,0.006503133961053488,1.407833690047953,8.879995954339392,13.282670837361367,0.0,MS-HIDE,190,case14
True,8,-0.04,True,1,1,False,8,True,9.895275895593469e-09,0.001062779308031356,0.8858642961379892,7.998643806786276,11.481235406245107,0.0,MS-HIDE,191,case14
True,6,-0.04,True,1,1,False,6,True,1.37243275766017e-10,0.004634627305457285,1.4098660495135582,9.667002005153336,14.701788971433416,0.0,MS-HIDE,192,case14
True,6,-0.04,True,1,1,False,6,True,1.37243275766017e-10,0.004634627305457285,1.4098660495135582,8.954383234959096,12.307357956888156,0.0,MS-HIDE,193,case14
True,13,-0.04,True,1,1,False,12,False,0.26264953516031964,0.0011787407363412952,0.857192573608891,9.194939598091878,13.601304226904182,0.0,MS-HIDE,194,case14
True,10,0.04,True,1,1,False,10,True,1.6443253195207006e-10,0.0007810359684486777,0.8551602141432855,9.333983395481482,14.131637493846938,0.0,MS-HIDE,195,case14
True,1,-0.04,True,5,5,False,1,True,1.37243275766017e-10,0.008145701038300595,1.191641231878884,9.060368896462023,13.71755622967612,0.0,MS-HIDE,196,case14
True,6,0.04,True,1,1,False,6,True,1.37243275766017e-10,0.00463462730572249,1.4078336900479527,9.39367919927463,14.757008335436696,0.0,MS-HIDE,197,case14
True,4,0.04,True,1,1,False,4,True,1.37243275766017e-10,0.004422208670483963,1.4078336900479527,8.769002050394192,14.343474351335317,0.0,MS-HIDE,198,case14
True,7,0.04,False,20,20,False,0,False,0.3772741352328352,0.40682063140428293,1.2481637501739515,8.122808297048323,12.778514559613543,0.0,MS-HIDE,199,case14
False,0,0.0,False,20,20,False,0,True,0.5295293110420141,0.32035927213160326,1.2425781096300625,15.9769457008224,34.24086637969602,0.0,MS-HIDE,200,case14
False,0,0.0,False,20,20,False,0,True,0.41004687485219504,0.3981362767867143,1.3124231578520456,9.620012596133165,15.18944852577988,0.0,MS-HIDE,201,case14
False,0,0.0,False,20,20,False,0,True,0.37367344041888323,0.40762055702836464,1.252194744369026,10.173079249216244,14.388238172978175,0.0,MS-HIDE,202,case14
False,0,0.0,False,20,20,False,0,True,0.45916247965311396,0.370685623038464,1.181568260773746,9.048862557392567,18.80268329114188,0.0,MS-HIDE,203,case14
False,0,0.0,False,20,20,False,0,True,0.3887151909712321,0.40465300521005915,1.2020493606934326,15.277262599556707,20.705454520066354,0.0,MS-HIDE,204,case14
False,0,0.0,False,20,20,False,0,True,0.41078224988476997,0.3992074979768553,1.2232284567897251,7.702410503407009,10.839518750435674,0.0,MS-HIDE,205,case14
False,0,0.0,False,20,20,False,0,True,0.4093071070847477,0.3976565678755446,1.2630392505658659,10.115187498740852,21.345896163256842,0.0,MS-HIDE,206,case14
False,0,0.0,False,20,20,False,0,True,0.3811113856655409,0.4060022749317553,1.2317898482960548,9.251560500706546,14.073527097934857,0.0,MS-HIDE,207,case14
False,0,0.0,False,20,20,False,0,True,0.3896059368668077,0.40416007959070976,1.2848258996270008,8.601075096521527,14.56626664439682,0.0,MS-HIDE,208,case14
False,0,0.0,False,20,20,False,0,True,0.38104938416842343,0.4061450772137003,1.2981308940304805,8.123662450816482,11.145627396763304,0.0,MS-HIDE,209,case14
False,0,0.0,False,20,20,False,0,True,0.3855547575443236,0.4051911338701419,1.186542732690976,7.061118751880713,13.141472593997607,0.0,MS-HIDE,210,case14
False,0,0.0,False,20,20,False,0,True,0.3808498183913218,0.4058423603599899,1.2373906295440182,9.20290844514966,15.502656219177881,0.0,MS-HIDE,211,case14
False,0,0.0,False,20,20,False,0,True,0.3741322303939011,0.4076220240871832,1.1734152090273893,7.944510396919213,12.610814260551706,0.0,MS-HIDE,212,case14
False,0,0.0,False,20,20,False,0,True,0.4588147441727601,0.37373463034335963,1.3313971165590934,10.071768652414903,17.10703510034364,0.0,MS-HIDE,213,case14
False,0,0.0,False,20,20,False,0,True,0.40794971234528615,0.3992136634512331,1.259312032513318,9.278941751108505,13.894497940782458,0.0,MS-HIDE,214,case14
False,0,0.0,False,20,20,False,0,True,0.3791239274345335,0.4066658057201281,1.2486958578747813,9.450091645703651,15.855143708176918,0.0,MS-HIDE,215,case14
False,0,0.0,False,20,20,False,0,True,0.3907779411151895,0.40269064348280664,1.294403675977933,9.4964354444528,15.683991310652345,0.0,MS-HIDE,216,case14
False,0,0.0,True,0,0,True,0,True,0.38289184882645394,0.4056874747958293,1.2416102044055346,9.97056050109677,14.863493741722785,0.0,MS-HIDE,217,case14
False,0,0.0,False,20,20,False,0,True,0.3747424951196814,0.4073957219728154,1.276960131086588,8.725856349337846,13.117746156058276,0.0,MS-HIDE,218,case14
False,0,0.0,False,20,20,False,0,True,0.3970701980701485,0.40224034106151973,1.2661073736335366,10.132518838508986,15.313297914690342,0.0,MS-HIDE,219,case14
False,0,0.0,False,20,20,False,0,True,0.44414264389505165,0.38437597570745585,1.1351001742028368,15.803789699566549,39.1387673153077,0.0,MS-HIDE,220,case14
False,0,0.0,False,20,20,False,0,True,0.3837516313441762,0.4049730659404238,1.2275909432824406,8.990074996836483,12.732612475520002,0.0,MS-HIDE,221,case14
False,0,0.0,False,20,20,False,0,True,0.4548790665532673,0.3795579952787966,1.3209330499962937,10.501172888325527,20.39729196985718,0.0,MS-HIDE,222,case14
False,0,0.0,False,20,20,False,0,True,0.39925059066205737,0.4021534481833672,1.2593669094614675,9.747341397451237,18.031228601466864,0.0,MS-HIDE,223,case14
False,0,0.0,False,20,20,False,0,True,0.3833882175072723,0.4052157204605764,1.222529470801646,10.309283394599333,16.562627124949362,0.0,MS-HIDE,224,case14
False,0,0.0,False,20,20,False,0,True,0.3783627226463012,0.4065616509120923,1.291741807681089,9.22475850675255,14.413108932785697,0.0,MS-HIDE,225,case14
False,0,0.0,False,20,20,False,0,True,0.38364473896235707,0.4055264613002114,1.2574195729245508,9.396845698938705,16.331364226061865,0.0,MS-HIDE,226,case14
False,0,0.0,False,20,20,False,0,True,0.37863111448512987,0.406359121018797,1.1667306766770742,8.317800058284774,13.41208336816635,0.0,MS-HIDE,227,case14
False,0,0.0,False,20,20,False,0,True,0.49352138847294097,0.3575945586766604,1.287936411837535,10.332085593836382,19.90258957084734,0.0,MS-HIDE,228,case14
False,0,0.0,False,20,20,False,0,True,0.3958300906121267,0.40231234336924515,1.2913273774439054,7.934516647947022,12.503595228190534,0.0,MS-HIDE,229,case14
False,0,0.0,False,20,20,False,0,True,0.39142960200254273,0.40379596075845486,1.1571471046355188,9.399195705191232,13.525708351517098,0.0,MS-HIDE,230,case14
False,0,0.0,False,20,20,False,0,True,0.397087989679791,0.40124315374392316,1.1955013233147238,9.53952504787594,14.329754491336649,0.0,MS-HIDE,231,case14
False,0,0.0,False,20,20,False,0,True,0.3667722971061397,0.4089644753497923,1.283858480332046,9.019831259502098,14.511739331646824,0.0,MS-HIDE,232,case14
False,0,0.0,False,20,20,False,0,True,0.4192057772426781,0.394938365485748,1.2984280326241542,9.48281864693854,13.693649644847028,0.0,MS-HIDE,233,case14
False,0,0.0,False,20,20,False,0,True,0.4187078733537778,0.39690460644224657,1.2495327183861389,9.326941758627072,13.303218755754642,0.0,MS-HIDE,234,case14
False,0,0.0,False,20,20,False,0,True,0.427519045506314,0.3939713146998264,1.2830705767329287,8.883654096280225,14.4180356815923,0.0,MS-HIDE,235,case14
False,0,0.0,False,20,20,False,0,True,0.3750828447561025,0.4073276069479055,1.2536578995633312,7.990647904807701,12.855800578836355,0.0,MS-HIDE,236,case14
False,0,0.0,False,20,20,False,0,True,0.3983261459522467,0.40126518092077257,1.186658435530543,8.909276960184798,13.790351757779725,0.0,MS-HIDE,237,case14
False,0,0.0,False,20,20,False,0,True,0.3770121555027118,0.4069513697536069,1.2863528443846066,9.370243639568798,14.050702002714388,0.0,MS-HIDE,238,case14
False,0,0.0,False,20,20,False,0,True,0.382500810006348,0.405783923149436,1.2397069761710886,6.62141680077184,7.642897911136973,0.0,MS-HIDE,239,case14
False,0,0.0,False,20,20,False,0,True,0.43788081854669225,0.39022530757189555,1.2565514712528123,9.476125007495284,13.153754419181498,0.0,MS-HIDE,240,case14
False,0,0.0,False,20,20,False,0,True,0.37589728296701114,0.40709665925031313,1.3242016287199614,6.18535410030745,7.146049622679129,0.0,MS-HIDE,241,case14
False,0,0.0,False,20,20,False,0,True,0.4387457626762433,0.3843670403103111,1.3298807496902252,4.69879585725721,5.259676795685664,0.0,MS-HIDE,242,case14
False,0,0.0,False,20,20,False,0,True,0.392768323024669,0.40312161640282373,1.264326255322409,7.770218749647029,13.963296098518187,0.0,MS-HIDE,243,case14
False,0,0.0,False,20,20,False,0,True,0.38594935863804375,0.4045296107710808,1.1817704818127668,5.0631751044420525,5.982158280676231,0.0,MS-HIDE,244,case14
False,0,0.0,False,20,20,False,0,True,0.37387269356413577,0.4077074591820491,1.2457120810492852,4.339247953612357,4.9609514127951115,0.0,MS-HIDE,245,case14
False,0,0.0,False,20,20,False,0,True,0.4459758675926878,0.38866641323401335,1.3244528698744398,7.0819875109009445,10.391900001559408,0.0,MS-HIDE,246,case14
False,0,0.0,False,20,20,False,0,True,0.37104433876171783,0.4080639042085902,1.2158655294138412,4.8802227567648515,5.794581261579879,0.0,MS-HIDE,247,case14
False,0,0.0,False,20,20,False,0,True,0.3800214637297917,0.4063746067779338,1.1875874125987775,4.2277749424101785,4.942350008059294,0.0,MS-HIDE,248,case14
False,0,0.0,False,20,20,False,0,True,0.3790022257794492,0.40651954404441487,1.1903623058827693,6.375147961080074,7.493886034353637,0.0,MS-HIDE,249,case14
True,6,-0.04,True,1,1,False,6,True,1.37243275766017e-10,0.004648512414192156,1.3887680243690803,0.07739165157545358,0.08682112675160171,0.0,RHMTD,0,case14
True,12,-0.04,True,1,1,False,13,False,0.26264953516031964,0.003047917972821999,1.3871549745625356,0.11479796085041016,0.14276105212047702,0.0,RHMTD,1,case14
True,13,-0.04,True,1,1,False,12,False,0.26264953516031964,0.000964069583530231,1.3903810741756248,0.10646884329617023,0.11696630972437562,0.0,RHMTD,2,case14
True,9,0.04,True,1,1,False,9,True,1.3724323369712518e-10,0.0016859669771074697,1.3847033054378692,0.08621240849606693,0.09984939242713158,0.0,RHMTD,3,case14
True,11,0.04,False,20,20,False,0,False,0.3726097548986576,0.40797602229704816,1.3810578961657192,0.14426450652536005,0.4244431213010103,0.0,RHMTD,4,case14
True,4,0.04,True,1,1,False,4,True,1.37243275766017e-10,0.005385989631639295,1.3790255367001136,0.10481254430487752,0.12281872041057797,0.0,RHMTD,5,case14
True,6,0.04,True,2,2,False,6,True,1.37243275766017e-10,0.004638638530256406,1.3887680243690803,0.08682295447215438,0.10433536663185808,0.0,RHMTD,6,case14
True,1,0.04,True,1,1,False,1,True,1.372432757660228e-10,0.01095757122991483,1.369702358690208,0.11152080551255494,0.11974733788520099,0.0,RHMTD,7,case14
True,2,-0.04,True,1,1,False,2,True,1.37243275766017e-10,0.006676936522227442,1.3753801274279633,0.11236260470468551,0.13247355818748474,0.0,RHMTD,8,case14
True,5,0.04,True,1,1,False,5,True,1.37243275766017e-10,0.0006722577419787022,1.3863163552444138,0.08514380024280399,0.09735562780406329,0.0,RHMTD,9,case14
True,7,-0.04,False,20,20,False,0,False,0.3738631644418931,0.4075454712047665,1.3903810741756248,0.10677710815798491,0.1351913349935785,0.0,RHMTD,10,case14
True,7,-0.04,False,20,20,False,0,False,0.3866741093291953,0.4043369099300864,1.3692830490311467,0.15640215133316815,0.1968497002962982,0.0,RHMTD,11,case14
True,2,0.04,True,1,1,False,2,True,1.37243275766017e-10,0.0069982813315625884,1.3887680243690803,0.0765686942031607,0.0831749523058534,0.0,RHMTD,12,case14
True,7,-0.04,False,20,20,False,0,False,0.3790397802062023,0.4062561218405228,1.3826709459722637,0.10862080089282244,0.1327704580035061,0.0,RHMTD,13,case14
True,6,0.04,True,2,2,False,6,True,1.37243275766017e-10,0.0067375110563035545,1.377412486893569,0.11002505489159375,0.1302041724557057,0.0,RHMTD,14,case14
True,6,0.04,True,1,1,False,6,True,1.3724327576659798e-10,0.012696765471761672,1.373347767962358,0.08561875147279352,0.09496043203398588,0.0,RHMTD,15,case14
True,10,-0.04,True,1,1,False,10,True,1.3724319162828317e-10,0.0008938455571433346,1.3697023586902075,0.10292285005562007,0.12238364142831416,0.0,RHMTD,16,case14
True,1,-0.04,True,1,1,False,1,True,1.3724327576635083e-10,0.013922282086954948,1.3749608177689026,0.09734804916661233,0.10857885936275125,0.0,RHMTD,17,case14
True,9,-0.04,True,1,1,False,9,True,1.3724319162823338e-10,0.0016732079227871387,1.3790255367001136,0.07567905122414231,0.08662471082061532,0.0,RHMTD,18,case14
True,10,-0.04,True,1,1,False,10,True,1.5421580615927793e-10,0.0008908443508075192,1.3903810741756248,0.3099228459177539,0.3529797657392947,0.0,RHMTD,19,case14
True,8,0.04,True,1,1,False,8,True,1.3724327576602192e-10,0.0014561882327892926,1.373347767962358,0.11604584869928658,0.13548120332416158,0.0,RHMTD,20,case14
True,5,0.04,True,1,1,False,5,True,1.37243275766017e-10,0.0006729831220915655,1.3883487147100193,0.08603114983998239,0.09475146071054046,0.0,RHMTD,21,case14
True,11,0.04,False,20,20,False,0,False,0.37227726000910016,0.4077783947943567,1.3806385865066582,0.1132146076997742,0.1332378189545125,0.0,RHMTD,22,case14
True,10,0.04,True,1,1,False,10,True,1.3724319162816892e-10,0.0008853034055576127,1.3717347181558133,0.11409364815335721,0.13520767388399693,0.0,RHMTD,23,case14
True,13,-0.04,True,1,1,False,13,True,0.26264953516031964,0.0009117033507436669,1.373347767962358,0.08477290684822947,0.09450628422200683,0.0,RHMTD,24,case14
True,13,0.04,True,1,1,False,13,True,0.26264953516031964,0.002577174493088864,1.3887680243690803,0.20272489928174764,0.24946696066763377,0.0,RHMTD,25,case14
True,12,0.04,True,1,1,False,13,False,0.26264953516031964,0.002983387551146057,1.3810578961657192,0.10917074978351593,0.13104790705256164,0.0,RHMTD,26,case14
True,6,-0.04,True,1,1,False,6,True,1.37243275766017e-10,0.005773085880014025,1.3810578961657192,0.07524984539486468,0.09308895678259434,0.0,RHMTD,27,case14
True,5,0.04,True,1,1,False,5,True,1.3724327576602738e-10,0.000601851342103438,1.3794448463591744,0.21281869849190116,0.23894827754702572,0.0,RHMTD,28,case14
True,8,-0.04,True,1,1,False,8,True,1.3724327576601732e-10,0.001370679419356184,1.3903810741756248,0.10770835215225816,0.12662050721701235,0.0,RHMTD,29,case14
True,3,-0.04,True,1,1,False,3,True,1.37243275766017e-10,0.003149368332363492,1.3753801274279636,0.11240630119573325,0.1373118517221883,0.0,RHMTD,30,case14
True,9,0.04,True,1,1,False,9,True,1.3724323369712146e-10,0.0016859511621079666,1.3717347181558135,0.10250619961880147,0.1154955360107124,0.0,RHMTD,31,case14
True,8,0.04,True,1,1,False,8,True,1.3724327576601993e-10,0.0014534501774102534,1.3863163552444138,0.10736234835349023,0.11622112360782923,0.0,RHMTD,32,case14
True,4,-0.04,True,1,1,False,4,True,1.37243275766017e-10,0.005248087244765791,1.3660569494180577,0.16004806093405932,0.2354381053010008,0.0,RHMTD,33,case14
True,9,0.04,True,1,1,False,9,True,1.3724319162833487e-10,0.0016801471556377751,1.3847033054378692,0.10930839052889496,0.11912257759831846,0.0,RHMTD,34,case14
True,6,0.04,True,2,2,False,6,True,1.37243275766017e-10,0.005631069467038281,1.377412486893569,0.2697542426176369,0.28675807116087754,0.0,RHMTD,35,case14
True,7,0.04,False,20,20,False,0,False,0.3928344951891629,0.40355667263683775,1.3847033054378692,0.11496464721858501,0.153982947813347,0.0,RHMTD,36,case14
True,1,0.04,True,1,1,False,1,True,1.3724327576601711e-10,0.00973933744507664,1.381057896165719,0.4157666495302692,1.558104786090555,0.0,RHMTD,37,case14
True,2,0.04,True,1,1,False,2,True,1.37243275766017e-10,0.006630122400273272,1.3806385865066582,0.1090956968255341,0.1243062026333064,0.0,RHMTD,38,case14
True,12,-0.04,True,1,1,False,12,True,0.26264953516031964,0.003047746401438977,1.3867356649034748,0.1184273511171341,0.13896104064770057,0.0,RHMTD,39,case14
True,4,0.04,True,1,1,False,4,True,1.372432757660233e-10,0.00782279884379538,1.3826709459722637,0.12461869628168643,0.15810448094271137,0.0,RHMTD,40,case14
True,12,-0.04,True,1,1,False,13,False,0.26264953516031964,0.003047491889305738,1.3903810741756248,0.12291045859456062,0.14436047349590828,0.0,RHMTD,41,case14
True,5,-0.04,True,1,1,False,5,True,1.3724323369709846e-10,0.0006018265356285956,1.3810578961657192,0.11322484642732888,0.14936010411474854,0.0,RHMTD,42,case14
True,7,0.04,False,20,20,False,0,False,0.3982660351655048,0.4024329178266722,1.3830902556313245,0.37327309837564826,0.41398693574592843,0.0,RHMTD,43,case14
True,13,0.04,True,1,1,False,12,False,0.26264953516031964,0.002698548469933717,1.3940264834477751,0.37411675439216197,0.6301437329966608,0.0,RHMTD,44,case14
True,1,0.04,True,15,15,False,1,True,1.6067589020324864e-10,0.011187812479525806,1.3928327433002914,0.11672074906527996,0.1519833807833493,0.0,RHMTD,45,case14
True,8,-0.04,True,1,1,False,8,True,1.3724327576602683e-10,0.0013649865213092721,1.3826709459722637,0.11126869649160653,0.13475240266416222,0.0,RHMTD,46,case14
True,4,-0.04,True,1,1,False,4,True,1.37243275766017e-10,0.004508130072052947,1.3830902556313247,0.11593759409151971,0.15083928883541375,0.0,RHMTD,47,case14
True,1,0.04,True,1,1,False,1,True,1.3724327576602298e-10,0.013968148031301418,1.3867356649034748,0.4844250564929098,0.5038253264501744,0.0,RHMTD,48,case14
True,8,-0.04,True,1,1,False,8,True,1.4067958269626202e-10,0.000797359295924752,1.3830902556313247,0.1132395031163469,0.13733544910792264,0.0,RHMTD,49,case14
True,10,-0.04,True,1,1,False,10,True,1.3724319162820909e-10,0.0006456300318899475,1.3847033054378692,0.10223140707239509,0.12747325527016073,0.0,RHMTD,50,case14
True,7,-0.04,False,20,20,False,0,False,0.4160758516189825,0.39456593064902146,1.3810578961657192,0.11539384431671351,0.13391070242505523,0.0,RHMTD,51,case14
True,11,-0.04,False,20,20,False,0,False,0.4392844307218251,0.38512375483829997,1.3713154084967525,0.1212706498336047,0.1424916728865357,0.0,RHMTD,52,case14
True,1,0.04,True,5,5,False,1,True,1.3724327576601714e-10,0.011388436352235718,1.3567337714081518,0.12477698328439146,0.16860381874721514,0.0,RHMTD,53,case14
True,5,-0.04,True,1,1,False,5,True,1.37243275766017e-10,0.0006375541477152472,1.3774124868935689,0.29634374659508467,0.3183372493367669,0.0,RHMTD,54,case14
True,10,-0.04,True,1,1,False,10,True,1.3724319162816892e-10,0.0008853055240649371,1.3903810741756248,0.10928555566351861,0.11870037124026567,0.0,RHMTD,55,case14
True,6,0.04,True,1,1,False,6,True,1.37243275766017e-10,0.006496277039432218,1.3810578961657192,0.10583740950096399,0.129925346118398,0.0,RHMTD,56,case14
True,8,0.04,True,1,1,False,8,True,1.3724327576605307e-10,0.0014594768989552437,1.3908003838346858,0.3789250069530681,0.5359002796467429,0.0,RHMTD,57,case14
True,10,-0.04,True,1,1,False,10,True,1.440747500293275e-10,0.0008938458245574318,1.3924134336412304,0.11589790228754282,0.13921843492425978,0.0,RHMTD,58,case14
True,5,0.04,True,1,1,False,5,True,1.37243275766017e-10,0.0006368874376411012,1.3660569494180577,0.11126879253424704,0.13425804500002417,0.0,RHMTD,59,case14
True,9,-0.04,True,1,1,False,9,True,1.3724319162821911e-10,0.0008066909922551092,1.360379180680302,0.12582085037138313,0.14634756662417223,0.0,RHMTD,60,case14
True,11,0.04,False,20,20,False,0,False,0.415224344656298,0.397763407768191,1.3713154084967525,0.1964208553545177,0.26796216552611557,0.0,RHMTD,61,case14
True,13,0.04,True,1,1,False,13,True,0.2626495351603197,0.0030479036930266355,1.381057896165719,0.11478540545795113,0.15744940319564196,0.0,RHMTD,62,case14
True,2,-0.04,True,1,1,False,2,True,1.37243275766017e-10,0.006689205665680635,1.3980912023789862,0.296181149315089,0.8126565458951536,0.0,RHMTD,63,case14
True,1,0.04,True,3,3,False,1,True,1.37243275766017e-10,0.009615083861193932,1.3956395332543197,0.12340224639046939,0.1595410751178861,0.0,RHMTD,64,case14
True,10,0.04,True,1,1,False,10,True,1.4825410739641657e-10,0.0008939493694897319,1.3774124868935689,0.11577905097510666,0.14874614425934862,0.0,RHMTD,65,case14
True,3,0.04,True,1,1,False,3,True,1.37243275766017e-10,0.0033980240493208655,1.3810578961657192,0.12168544344604015,0.19737852853722876,0.0,RHMTD,66,case14
True,2,0.04,True,3,3,False,2,True,1.37243275766017e-10,0.006504899965296516,1.394445793106836,0.10125850385520607,0.11977470421697946,0.0,RHMTD,67,case14
True,2,-0.04,True,1,1,False,2,True,1.3724327576611578e-10,0.006750412877575513,1.3960588429133804,0.11056869407184422,0.13311907823663208,0.0,RHMTD,68,case14
True,12,-0.04,True,1,1,False,12,True,0.26264953516031964,0.0025771758724147742,1.3717347181558133,0.10985415428876877,0.11973327782470734,0.0,RHMTD,69,case14
True,3,-0.04,True,2,2,False,3,True,1.37243275766017e-10,0.0029111104048881544,1.3928327433002914,0.1093332510208711,0.13625386636704206,0.0,RHMTD,70,case14
True,4,-0.04,True,1,1,False,4,True,1.3724327576602156e-10,0.00782162024324247,1.3842839957788082,0.10673335054889321,0.1153892546426505,0.0,RHMTD,71,case14
True,8,0.04,True,1,1,False,8,True,1.3724327576605873e-10,0.0007973535771343096,1.3676699992246024,0.17959779652301222,0.19991037843283366,0.0,RHMTD,72,case14
True,9,0.04,True,1,1,False,9,True,1.3791000260575923e-10,0.0007862448962436958,1.3753801274279636,0.1049687503837049,0.1274478796403855,0.0,RHMTD,73,case14
True,3,0.04,True,1,1,False,3,True,1.37243275766017e-10,0.0033862976994113673,1.3733477679623578,0.11214380501769483,0.1514520845375955,0.0,RHMTD,74,case14
True,10,-0.04,True,1,1,False,10,True,1.3724319162816892e-10,0.0008853054585460427,1.3847033054378692,0.25778339186217636,0.305010427837262,0.0,RHMTD,75,case14
True,10,0.04,True,1,1,False,10,True,1.372431916282214e-10,0.000643963798385685,1.3903810741756248,0.09885210020001978,0.10881458292715251,0.0,RHMTD,76,case14
True,10,-0.04,True,1,1,False,10,True,1.3724319162816892e-10,0.0008853035552272995,1.3624115401459074,0.22871035907883197,0.25844105111900884,0.0,RHMTD,77,case14
True,3,-0.04,True,1,1,False,3,True,1.3724327576605162e-10,0.00630376620627517,1.3806385865066582,0.113731250166893,0.1351086481008679,0.0,RHMTD,78,case14
True,6,0.04,True,2,2,False,6,True,1.37243275766017e-10,0.004803909144351274,1.3883487147100193,0.11108136386610568,0.13362952158786356,0.0,RHMTD,79,case14
True,7,-0.04,False,20,20,False,0,False,0.41589021306570206,0.39425905289777585,1.3794448463591744,0.5003042489988729,0.5242877989076133,0.0,RHMTD,80,case14
True,9,0.04,True,1,1,False,9,True,1.3724319162832512e-10,0.0016938563661746105,1.398091202378986,0.10648760653566569,0.13571490417234602,0.0,RHMTD,81,case14
True,6,-0.04,True,1,1,False,6,True,1.4291332640363927e-10,0.008614643813574813,1.3753801274279636,0.130425050156191,0.15103297191672052,0.0,RHMTD,82,case14
True,5,-0.04,True,1,1,False,5,True,1.37243275766017e-10,0.0006375795640767888,1.3672506895655414,0.107552096596919,0.11834756587632002,0.0,RHMTD,83,case14
True,13,0.04,True,1,1,False,13,True,0.26264953516031964,0.000957768756988814,1.3810578961657192,0.1213583949720487,0.1628931262530387,0.0,RHMTD,84,case14
True,8,0.04,True,1,1,False,8,True,1.37243275766063e-10,0.0007962391979683184,1.3790255367001136,0.10725425090640783,0.11534997320268305,0.0,RHMTD,85,case14
True,7,0.04,False,20,20,False,0,False,0.393084006024251,0.4021658950808731,1.3822516363132027,0.10921664943452924,0.13858331367373475,0.0,RHMTD,86,case14
True,6,-0.04,True,1,1,False,6,True,1.3724327576651174e-10,0.009835301262738346,1.369283049031147,0.10643155255820602,0.12996285804547372,0.0,RHMTD,87,case14
True,4,-0.04,True,1,1,False,4,True,1.37243275766017e-10,0.004422990366030247,1.3883487147100193,0.10291245416738093,0.1262274250620976,0.0,RHMTD,88,case14
True,13,-0.04,True,1,1,False,12,False,0.2626495351603197,0.0009550324532718608,1.3660569494180577,0.10811455140355974,0.1306288584601134,0.0,RHMTD,89,case14
True,3,0.04,True,2,2,False,3,True,1.3724327576604335e-10,0.00913849435901631,1.373767077621419,0.11009370791725814,0.11892294860444964,0.0,RHMTD,90,case14
True,11,-0.04,False,20,20,False,0,False,0.4115247665013527,0.39809375911424666,1.38147720582478,0.3186501038726419,0.34664403647184666,0.0,RHMTD,91,case14
True,12,-0.04,True,1,1,False,13,False,0.26264953516031964,0.0009638303777053689,1.3753801274279633,0.11172914237249643,0.13456878077704468,0.0,RHMTD,92,case14
True,13,-0.04,True,1,1,False,13,True,0.26264953516031964,0.0029565618225681225,1.3660569494180577,0.3246603475417942,0.3455833415500851,0.0,RHMTD,93,case14
True,10,0.04,True,1,1,False,10,True,1.3724319162823692e-10,0.0006456300318836713,1.3887680243690803,0.11388134735170752,0.13750001962762326,0.0,RHMTD,94,case14
True,10,-0.04,True,1,1,False,10,True,1.372431916281773e-10,0.0006455759604235385,1.3774124868935689,0.10916460305452347,0.12959137675352395,0.0,RHMTD,95,case14
True,3,-0.04,True,1,1,False,3,True,1.37243275766017e-10,0.0031202598191451447,1.3883487147100193,0.1150083087850362,0.14053962077014148,0.0,RHMTD,96,case14
True,4,0.04,True,1,1,False,4,True,1.37243275766017e-10,0.004436637122029254,1.3830902556313247,0.10734375391621143,0.12686843110714108,0.0,RHMTD,97,case14
True,13,-0.04,True,1,1,False,12,False,0.26264953516031964,0.0009119603617490833,1.3717347181558135,0.10821459873113781,0.12011007638648155,0.0,RHMTD,98,case14
True,12,-0.04,True,1,1,False,13,False,0.26264953516031964,0.003030775209093551,1.3887680243690803,0.1168894988950342,0.15218753542285415,0.0,RHMTD,99,case14
True,13,0.04,True,1,1,False,13,True,0.26264953516031964,0.0009642391928162706,1.3753801274279636,0.11273756099399179,0.1305437355767936,0.0,RHMTD,100,case14
True,4,-0.04,True,1,1,False,4,True,1.37243275766017e-10,0.004627042292809686,1.3830902556313247,0.1279270014492795,0.22325028257910173,0.0,RHMTD,101,case14
True,3,0.04,True,1,1,False,3,True,1.37243275766017e-10,0.003398013672326273,1.3810578961657192,0.33651035628281534,0.38232462247833926,0.0,RHMTD,102,case14
True,12,-0.04,True,1,1,False,12,True,0.26264953516031964,0.002639900600042864,1.3924134336412306,0.1132395991589874,0.16128928400576117,0.0,RHMTD,103,case14
True,8,0.04,True,1,1,False,8,True,1.3724327576601748e-10,0.0014599377131521468,1.376993177234508,0.11396670597605407,0.1438020990462974,0.0,RHMTD,104,case14
True,8,0.04,True,1,1,False,8,True,1.4031035580552066e-10,0.0007972078012318855,1.376993177234508,0.11057914525736123,0.13059550547041,0.0,RHMTD,105,case14
True,10,-0.04,True,1,1,False,10,True,1.3724319162820508e-10,0.0006456282259551455,1.369283049031147,0.11386035475879908,0.13644791906699538,0.0,RHMTD,106,case14
True,4,-0.04,True,1,1,False,4,True,1.372432336970946e-10,0.00821159876828397,1.3790255367001136,0.1102583424653858,0.13045654632151127,0.0,RHMTD,107,case14
True,5,0.04,True,1,1,False,5,True,1.3724327576602458e-10,0.0006729831087714851,1.3774124868935689,0.10566230048425496,0.13275592064019293,0.0,RHMTD,108,case14
True,12,0.04,True,1,1,False,12,True,0.2626495351603197,0.0030473479743949976,1.3826709459722637,0.10547715064603835,0.125775663764216,0.0,RHMTD,109,case14
True,4,0.04,True,1,1,False,4,True,1.37243275766017e-10,0.004771578789385802,1.3887680243690803,0.10287910117767751,0.1199381018523127,0.0,RHMTD,110,case14
True,10,0.04,True,1,1,False,10,True,1.372431495594576e-10,0.0006410229323607753,1.3717347181558133,0.11337700416333973,0.1303181023104118,0.0,RHMTD,111,case14
True,4,0.04,True,1,1,False,4,True,1.37243275766017e-10,0.004420776751782552,1.3830902556313245,0.4536354506853968,0.49558125319891166,0.0,RHMTD,112,case14
True,3,-0.04,True,1,1,False,3,True,1.3724323369722046e-10,0.006315668702631959,1.3810578961657192,0.10048335243482143,0.11055626964662225,0.0,RHMTD,113,case14
True,8,-0.04,True,1,1,False,8,True,1.372432757661371e-10,0.0007972213796688522,1.3790255367001136,0.3767000511288643,0.43528069509193673,0.0,RHMTD,114,case14
True,2,0.04,True,1,1,False,2,True,1.3724327576602962e-10,0.007838948255391902,1.3883487147100193,0.12462495069485158,0.1587764534633608,0.0,RHMTD,115,case14
True,4,-0.04,True,1,1,False,4,True,1.3724327576621354e-10,0.008477588732892859,1.373347767962358,0.11323335056658834,0.15567771333735436,0.0,RHMTD,116,case14
True,11,-0.04,False,20,20,False,0,False,0.38958882848118587,0.40369514683472363,1.3867356649034748,0.21683955565094948,0.25231639156118185,0.0,RHMTD,117,case14
True,2,-0.04,True,1,1,False,2,True,1.37243275766017e-10,0.007279621641441658,1.3676699992246022,0.11796034523285925,0.16736488323658708,0.0,RHMTD,118,case14
True,5,0.04,True,1,1,False,5,True,1.37243275766017e-10,0.0006729521055141084,1.3774124868935689,0.1103834540117532,0.13405148638412356,0.0,RHMTD,119,case14
True,13,-0.04,True,1,1,False,13,True,0.2626495351603197,0.003044711090282085,1.3830902556313247,0.11222074390389025,0.1360354945063591,0.0,RHMTD,120,case14
True,2,-0.04,True,1,1,False,2,True,1.372432336970933e-10,0.006728217152160765,1.3790255367001136,0.11097289680037647,0.12272952299099421,0.0,RHMTD,121,case14
True,5,0.04,True,1,1,False,5,True,1.37243275766017e-10,0.0006368869642681582,1.373347767962358,0.09564800129737705,0.10615836654324085,0.0,RHMTD,122,case14
True,10,0.04,True,1,1,False,10,True,2.358724962438703e-10,0.0008939491633371224,1.3830902556313245,0.40994790324475616,0.438683285028678,0.0,RHMTD,123,case14
True,5,-0.04,True,1,1,False,5,True,1.372432757660171e-10,0.0006714628685654169,1.3794448463591746,0.11401665396988392,0.1605729717994109,0.0,RHMTD,124,case14
True,9,-0.04,True,1,1,False,9,True,1.3724319162826153e-10,0.0008068537482270692,1.38512261509693,0.11129164486192167,0.13858125312253836,0.0,RHMTD,125,case14
True,11,-0.04,False,20,20,False,0,False,0.4540961965466011,0.38250353865808906,1.3676699992246022,0.11445204436313361,0.13634164643008267,0.0,RHMTD,126,case14
True,12,-0.04,True,1,1,False,13,False,0.2626495351603197,0.002968940457033855,1.3680893088836632,0.11143125302623957,0.13750172511208802,0.0,RHMTD,127,case14
True,6,0.04,True,1,1,False,6,True,1.3724327576601766e-10,0.005573558499029177,1.3903810741756248,0.1598791015567258,0.2739565359661357,0.0,RHMTD,128,case14
True,10,0.04,True,1,1,False,10,True,1.3724319162816892e-10,0.0008936606516543856,1.3847033054378692,0.10911034478340298,0.1276750001125038,0.0,RHMTD,129,case14
True,5,-0.04,True,1,1,False,5,True,1.37243275766017e-10,0.0006382179411605311,1.3753801274279633,0.09957510337699205,0.10858780588023366,0.0,RHMTD,130,case14
True,12,-0.04,True,1,1,False,13,False,0.2626495351603197,0.0009119445369085118,1.377412486893569,0.16305005410686135,0.38314164266921596,0.0,RHMTD,131,case14
True,6,0.04,True,1,1,False,6,True,1.37243275766017e-10,0.005625789249535045,1.3826709459722637,0.37247715808916837,0.394141944707375,0.0,RHMTD,132,case14
True,10,-0.04,True,1,1,False,10,True,1.3863589439725542e-10,0.0006456299716907712,1.3806385865066582,0.10679989645723253,0.12708271096926183,0.0,RHMTD,133,case14
True,13,-0.04,True,1,1,False,12,False,0.26264953516031964,0.0026398980031673755,1.377412486893569,0.12601454800460488,0.20486666762735706,0.0,RHMTD,134,case14
True,8,0.04,True,1,1,False,8,True,1.372432336970956e-10,0.0014065823373767535,1.369702358690208,0.12076045386493206,0.15377887757495054,0.0,RHMTD,135,case14
True,11,0.04,False,20,20,False,0,False,0.37053554584030085,0.4082417019632106,1.3919941239821694,0.17457494977861643,0.19623303087428307,0.0,RHMTD,136,case14
True,12,0.04,True,1,1,False,13,False,0.26264953516031964,0.0030479068617029906,1.3867356649034748,0.15587294474244118,0.31000623712316167,0.0,RHMTD,137,case14
True,13,0.04,True,1,1,False,12,False,0.26264953516031964,0.002960545595377048,1.3692830490311467,0.4758541501360014,0.6067180976970171,0.0,RHMTD,138,case14
True,13,0.04,True,1,1,False,13,True,0.2626495351603197,0.0009575825118499008,1.3842839957788085,0.10990005102939904,0.1328830374404788,0.0,RHMTD,139,case14
True,5,0.04,True,1,1,False,5,True,1.3724327576602277e-10,0.0006006553482106205,1.3579275115556357,0.12086039932910353,0.1455308811273427,0.0,RHMTD,140,case14
True,13,0.04,True,1,1,False,13,True,0.26264953516031964,0.0027121053327202097,1.3842839957788082,0.11444375268183649,0.14746517990715802,0.0,RHMTD,141,case14
True,3,0.04,True,1,1,False,3,True,1.37243233697105e-10,0.01111512933196651,1.3619922304868466,0.10590824822429568,0.12659374915529045,0.0,RHMTD,142,case14
True,3,-0.04,True,1,1,False,3,True,1.37243275766017e-10,0.0029976919962099798,1.3717347181558133,0.09938754665199667,0.11018954392056914,0.0,RHMTD,143,case14
True,3,0.04,True,1,1,False,3,True,1.37243275766017e-10,0.0029111246464879757,1.3908003838346858,0.10588959266897291,0.1296256115892902,0.0,RHMTD,144,case14
True,3,-0.04,True,1,1,False,3,True,1.37243275766017e-10,0.0029124949793990227,1.3903810741756248,0.10873970168177038,0.12746487627737224,0.0,RHMTD,145,case14
True,6,-0.04,True,1,1,False,6,True,1.3724327576662636e-10,0.009522988954040986,1.3830902556313247,0.10175205243285745,0.121452083112672,0.0,RHMTD,146,case14
True,9,0.04,True,1,1,False,9,True,1.37243233697185e-10,0.0016931577261434406,1.3867356649034748,0.11165014875587076,0.13316846161615106,0.0,RHMTD,147,case14
True,11,-0.04,False,20,20,False,0,False,0.38658617850567845,0.4047395026962255,1.3676699992246022,0.6144458951894194,0.8191273984266514,0.0,RHMTD,148,case14
True,6,0.04,True,1,1,False,6,True,1.37243275766017e-10,0.005787267024535992,1.3753801274279636,0.10779589356388897,0.11837054626084866,0.0,RHMTD,149,case14
True,1,0.04,True,2,2,False,1,True,1.3724323369734726e-10,0.012629027851711673,1.3847033054378692,0.6047852948540822,2.5843978801276575,0.0,RHMTD,150,case14
True,10,0.04,True,1,1,False,10,True,1.4025621292605356e-10,0.0008939494741771727,1.3964781525724415,0.09991865081246942,0.13725799217354506,0.0,RHMTD,151,case14
True,6,0.04,True,1,1,False,6,True,1.37243275766017e-10,0.007146418277572023,1.3676699992246024,0.10943539964500815,0.12986666988581422,0.0,RHMTD,152,case14
True,11,0.04,False,20,20,False,0,False,0.4211443058420577,0.39378089869700367,1.3924134336412304,0.11645634658634663,0.1339645998086781,0.0,RHMTD,153,case14
True,6,-0.04,True,1,1,False,6,True,2.2501016209068235e-10,0.0086288098497463,1.377412486893569,0.11263534834142774,0.13274102238938212,0.0,RHMTD,154,case14
True,6,-0.04,True,1,1,False,6,True,1.3724327576601745e-10,0.005394564494237756,1.3794448463591744,0.49334385548718274,0.5077705223811846,0.0,RHMTD,155,case14
True,6,0.04,True,2,2,False,6,True,1.37243275766017e-10,0.0063554609818132915,1.3717347181558135,0.3908146027242765,0.4154485737672115,0.0,RHMTD,156,case14
True,13,0.04,True,1,1,False,13,True,0.2626495351603197,0.0030447111729558704,1.4001235618445915,0.10734379466157407,0.11991939973086119,0.0,RHMTD,157,case14
True,8,-0.04,True,1,1,False,8,True,1.37243275766017e-10,0.0014561953115001768,1.373347767962358,0.10715830139815807,0.12399227707646787,0.0,RHMTD,158,case14
True,9,-0.04,True,1,1,False,9,True,1.4169530632489832e-10,0.0007862927261234468,1.377412486893569,0.11242709297221154,0.1515205425675959,0.0,RHMTD,159,case14
True,3,0.04,True,1,1,False,3,True,1.37243275766017e-10,0.0034012588842006774,1.398091202378986,0.10982499516103417,0.12895211984869095,0.0,RHMTD,160,case14
True,9,0.04,True,1,1,False,9,True,1.3724319162825763e-10,0.0008068525069634078,1.3794448463591746,0.1318540977081284,0.14722775376867542,0.0,RHMTD,161,case14
True,9,0.04,True,1,1,False,9,True,1.3724319162827854e-10,0.0016938421390997411,1.38876802436908,0.10198120144195855,0.11347744148224592,0.0,RHMTD,162,case14
True,6,-0.04,True,1,1,False,6,True,1.37243275766017e-10,0.004640682491604614,1.394445793106836,0.10994384938385338,0.13003540225327015,0.0,RHMTD,163,case14
True,1,0.04,True,3,3,False,1,True,1.3724327576644247e-10,0.01293749985248593,1.3660569494180577,0.1250311965122819,0.16467913810629414,0.0,RHMTD,164,case14
True,12,-0.04,True,1,1,False,12,True,0.26264953516031964,0.0029833191505541693,1.3753801274279633,0.4979979945346713,0.5180791602470035,0.0,RHMTD,165,case14
True,10,0.04,True,1,1,False,10,True,1.553298543728187e-10,0.0008938457285072839,1.3883487147100193,0.11818125494755805,0.17219999863300472,0.0,RHMTD,166,case14
True,10,0.04,True,1,1,False,10,True,1.3724319162828027e-10,0.00079980291244732,1.3786062270410526,0.10862300114240497,0.13190657482482493,0.0,RHMTD,167,case14
True,7,0.04,False,20,20,False,0,False,0.37418486204694296,0.4075754625903255,1.3790255367001136,0.11542705178726465,0.13647020969074222,0.0,RHMTD,168,case14
True,9,0.04,True,1,1,False,9,True,1.372432336972052e-10,0.0016925068095658944,1.3887680243690803,0.1142376015195623,0.12949800002388656,0.0,RHMTD,169,case14
True,7,0.04,False,20,20,False,0,False,0.542922411891306,0.33614694817465995,1.373347767962358,0.22981234942562878,0.25219761009793895,0.0,RHMTD,170,case14
True,7,-0.04,False,20,20,False,0,False,0.38383632023268954,0.4053498495260729,1.3660569494180574,0.11192285164725035,0.12378095998428763,0.0,RHMTD,171,case14
True,8,-0.04,True,1,1,False,8,True,1.3724327576601815e-10,0.0014500946798729065,1.3903810741756248,0.5071560939541087,0.5428020202089157,0.0,RHMTD,172,case14
True,7,0.04,False,20,20,False,0,False,0.4162629885126892,0.3970472619633671,1.3774124868935689,0.16921450151130557,0.2014559053350248,0.0,RHMTD,173,case14
True,12,0.04,True,1,1,False,13,False,0.26264953516031964,0.0030447111568705984,1.3867356649034748,0.1013021101243794,0.1120875356718898,0.0,RHMTD,174,case14
True,7,0.04,False,20,20,False,0,False,0.5185753998896144,0.324739406256071,1.3753801274279633,0.11015839991159737,0.13112287560943514,0.0,RHMTD,175,case14
True,8,-0.04,True,1,1,False,8,True,1.4434749832340502e-10,0.0007973585946772204,1.3794448463591746,0.11050410394091159,0.12937647989019752,0.0,RHMTD,176,case14
True,5,-0.04,True,1,1,False,5,True,1.3724323369709329e-10,0.0006729521056239443,1.3887680243690803,0.11300200421828777,0.12975143617950383,0.0,RHMTD,177,case14
True,1,0.04,True,8,8,False,1,True,2.176934545346492e-10,0.00985690540160596,1.3790255367001136,0.09905205515678972,0.12135626457165928,0.0,RHMTD,178,case14
True,9,0.04,True,1,1,False,9,True,1.372431916282747e-10,0.0008068396861169015,1.3717347181558135,0.10649364558048546,0.13628989108838147,0.0,RHMTD,179,case14
True,13,-0.04,True,1,1,False,13,True,0.26264953516031964,0.0029825907876306285,1.359959871021241,0.10411034745629877,0.12952053803019228,0.0,RHMTD,180,case14
True,11,0.04,False,20,20,False,0,False,0.3647680516999499,0.40937805177716957,1.3749608177689026,0.11002914980053902,0.13091838045511395,0.0,RHMTD,181,case14
True,8,-0.04,True,1,1,False,8,True,1.3724327576605687e-10,0.0014079364255618885,1.3790255367001136,0.10861250630114228,0.12968399678356946,0.0,RHMTD,182,case14
True,12,0.04,True,1,1,False,12,True,0.26264953516031964,0.0029833748780023284,1.3749608177689026,0.10009580000769347,0.11248750961385669,0.0,RHMTD,183,case14
True,12,0.04,True,1,1,False,12,True,0.26264953516031964,0.0029569224096741985,1.3980912023789862,0.43647704005707055,0.45677529706154496,0.0,RHMTD,184,case14
True,1,0.04,True,4,4,False,1,True,1.3724327576618242e-10,0.012749652211850118,1.360379180680302,0.09713329782243818,0.108738912967965,0.0,RHMTD,185,case14
True,10,0.04,True,1,1,False,10,True,1.7423413862569756e-10,0.0008939493662073319,1.3960588429133807,0.11184174509253353,0.13165862765163183,0.0,RHMTD,186,case14
True,7,-0.04,False,20,20,False,0,False,0.37238954566373755,0.4080535834393003,1.3660569494180577,0.1109186967369169,0.12950481323059648,0.0,RHMTD,187,case14
True,3,-0.04,True,1,1,False,3,True,1.37243275766017e-10,0.0029203191401286446,1.3810578961657192,0.11007704888470471,0.12866307224612686,0.0,RHMTD,188,case14
True,3,0.04,True,1,1,False,3,True,1.585331130631592e-10,0.006299678673356034,1.3717347181558135,0.11112095089629292,0.13439555186778307,0.0,RHMTD,189,case14
True,2,-0.04,True,1,1,False,2,True,1.37243275766017e-10,0.007766004524444147,1.3826709459722637,0.11491870100144297,0.15010660281404856,0.0,RHMTD,190,case14
True,8,-0.04,True,1,1,False,8,True,1.3724327576601895e-10,0.0014596713110888928,1.3676699992246022,0.09758750384207815,0.11720798793248834,0.0,RHMTD,191,case14
True,6,-0.04,True,1,1,False,6,True,1.37243275766017e-10,0.006634375354255287,1.3708960988376915,0.10991249291691929,0.13138538342900574,0.0,RHMTD,192,case14
True,6,-0.04,True,1,1,False,6,True,1.758703315358924e-10,0.009222169202504456,1.3774124868935689,0.107939587906003,0.1270440552616492,0.0,RHMTD,193,case14
True,13,-0.04,True,1,1,False,12,False,0.26264953516031964,0.0027121946142985797,1.3749608177689026,0.3529773064656183,0.3782979591051151,0.0,RHMTD,194,case14
True,10,0.04,True,1,1,False,10,True,1.372431495592946e-10,0.0008023037717530611,1.3867356649034748,0.11314584990032017,0.1291128166485578,0.0,RHMTD,195,case14
True,1,-0.04,True,4,4,False,1,True,1.3724327576602433e-10,0.009672673220716145,1.3847033054378692,0.11003310210071504,0.13378478470258415,0.0,RHMTD,196,case14
True,6,0.04,True,1,1,False,6,True,1.37243275766017e-10,0.005121910938624727,1.369283049031147,0.10823334741871804,0.13784164912067354,0.0,RHMTD,197,case14
True,4,0.04,True,1,1,False,4,True,1.3724327576684928e-10,0.01069984342618093,1.3830902556313247,0.10927494731731713,0.12921936577185988,0.0,RHMTD,198,case14
True,7,0.04,False,20,20,False,0,False,0.4125868418824283,0.39781228458726714,1.3749608177689026,0.3661917522549629,0.4208937432849816,0.0,RHMTD,199,case14
False,0,0.0,False,20,20,False,0,True,0.39972560145434294,0.40141926035522474,1.3774124868935689,0.49896654090844095,0.5391923186834956,0.0,RHMTD,200,case14
False,0,0.0,False,20,20,False,0,True,0.4094973720089133,0.3958597349920906,1.3830902556313247,0.11355625465512276,0.1574708556290716,0.0,RHMTD,201,case14
False,0,0.0,False,20,20,False,0,True,0.44364402138565473,0.3879442948854039,1.3903810741756248,0.4137063573580235,0.4328068840550302,0.0,RHMTD,202,case14
False,0,0.0,False,20,20,False,1,False,0.46068084768865203,0.22437888500831413,1.377412486893569,0.10027100215665996,0.11038364027626814,0.0,RHMTD,203,case14
False,0,0.0,False,20,20,False,0,True,0.3832443823507789,0.4056279365940396,1.3851226150969302,0.10667505557648838,0.13175001367926598,0.0,RHMTD,204,case14
False,0,0.0,False,20,20,False,0,True,0.3915328611756959,0.40346541765655886,1.3847033054378692,0.23688971414230764,0.2692461421247589,0.0,RHMTD,205,case14
False,0,0.0,False,20,20,False,0,True,0.37555197447025457,0.4072157385361156,1.3737670776214188,0.6664811517111957,0.6868773867609058,0.0,RHMTD,206,case14
False,0,0.0,False,20,20,False,0,True,0.3700570216503377,0.4083323830567135,1.376993177234508,0.10835408756975085,0.12122738407924771,0.0,RHMTD,207,case14
False,0,0.0,False,20,20,False,0,True,0.37466390662486676,0.4073626323213312,1.3672506895655414,0.10922285146079957,0.117673262138851,0.0,RHMTD,208,case14
False,0,0.0,False,20,20,False,0,True,0.37458374245464365,0.4074371383812926,1.3737670776214188,0.11031870963051915,0.1543523947475478,0.0,RHMTD,209,case14
False,0,0.0,False,20,20,False,0,True,0.38326691542600627,0.4053217830612735,1.3863163552444138,0.11114784865640104,0.13521841319743544,0.0,RHMTD,210,case14
False,0,0.0,False,20,20,False,0,True,0.39021671792490875,0.4036070155742343,1.372928458303297,0.10672694770619273,0.11481182591523977,0.0,RHMTD,211,case14
False,0,0.0,False,20,20,False,0,True,0.37334008009187636,0.40770903091458727,1.3806385865066582,0.31622704991605133,0.34241937682964213,0.0,RHMTD,212,case14
False,0,0.0,False,20,20,False,0,True,0.3994450575664921,0.40190712198302175,1.3867356649034748,0.11431655148044229,0.13383298937696966,0.0,RHMTD,213,case14
False,0,0.0,False,20,20,False,0,True,0.3729834927454038,0.40796820587145516,1.3830902556313247,0.11135411041323096,0.14134611410554498,0.0,RHMTD,214,case14
False,0,0.0,False,20,20,False,0,True,0.38010927769927966,0.40615932910973085,1.3883487147100195,0.22523970692418516,0.2775874861981736,0.0,RHMTD,215,case14
False,0,0.0,False,20,20,False,0,True,0.38663973314806716,0.4043863304014263,1.3903810741756248,0.11104580771643668,0.12468511704355478,0.0,RHMTD,216,case14
False,0,0.0,True,0,0,True,0,True,0.42718311064099357,0.39181814097204615,1.390381074175625,0.3035894565982744,0.32666010956745867,0.0,RHMTD,217,case14
False,0,0.0,False,20,20,False,0,True,0.41324993538545907,0.39767997748464834,1.3713154084967525,0.11646245256997645,0.15027499175630518,0.0,RHMTD,218,case14
False,0,0.0,False,20,20,False,0,True,0.4175730824059997,0.39405138376871945,1.3790255367001136,0.1342249073786661,0.26112290215678513,0.0,RHMTD,219,case14
False,0,0.0,False,20,20,False,0,True,0.37944893327196777,0.40615847263289484,1.373347767962358,0.10821864707395434,0.12605797383002937,0.0,RHMTD,220,case14
False,0,0.0,False,20,20,False,0,True,0.4253473382362304,0.39130879215635134,1.3737670776214188,0.10609990858938545,0.11519830150064082,0.0,RHMTD,221,case14
False,0,0.0,False,20,20,False,0,True,0.40631402551822227,0.3987536744402969,1.3676699992246022,0.11019604571629316,0.12825979210902005,0.0,RHMTD,222,case14
False,0,0.0,False,20,20,False,0,True,0.4278015026326613,0.39175838390820744,1.381057896165719,0.12505410704761744,0.24175448634196076,0.0,RHMTD,223,case14
False,0,0.0,False,20,20,False,0,True,0.36698396511724257,0.4088376655312057,1.38512261509693,0.09829785267356783,0.10899136250372976,0.0,RHMTD,224,case14
False,0,0.0,False,20,20,False,0,True,0.3788590923743879,0.4064784457686905,1.377412486893569,0.1093561528250575,0.11994855012744667,0.0,RHMTD,225,case14
False,0,0.0,False,20,20,False,0,True,0.38674438446686643,0.40503897842893644,1.3826709459722637,0.40353129734285176,0.42357499769423573,0.0,RHMTD,226,case14
False,0,0.0,False,20,20,False,0,True,0.3729831015550757,0.407681487456763,1.3676699992246024,0.1121166511438787,0.14059823297429833,0.0,RHMTD,227,case14
False,0,0.0,False,20,20,False,0,True,0.40155049381620095,0.4000858757302056,1.3810578961657192,0.12645420210901648,0.20066038414370274,0.0,RHMTD,228,case14
False,0,0.0,False,20,20,False,0,True,0.3897953393992609,0.40375652559329833,1.3753801274279636,0.3844501479761675,0.4060693783685604,0.0,RHMTD,229,case14
False,0,0.0,False,20,20,False,0,True,0.4647694557157107,0.3679775395905923,1.3733477679623578,0.46330425539053977,0.6100398808484946,0.0,RHMTD,230,case14
False,0,0.0,False,20,20,False,0,True,0.3818566186461874,0.40609669216533273,1.394445793106836,0.11048739252146333,0.13287854671943936,0.0,RHMTD,231,case14
False,0,0.0,False,20,20,False,0,True,0.37750066168412283,0.40660480261776333,1.3867356649034748,0.2917145495302975,0.9130014339461938,0.0,RHMTD,232,case14
False,0,0.0,False,20,20,False,0,True,0.42167746932877875,0.3940520756604672,1.373347767962358,0.11639995500445366,0.1398351130774247,0.0,RHMTD,233,case14
False,0,0.0,False,20,20,False,0,True,0.4266387827966142,0.3939388411434428,1.3826709459722637,0.16016034060157835,0.23577981628477637,0.0,RHMTD,234,case14
False,0,0.0,False,20,20,False,0,True,0.40655727241274897,0.3966086419284714,1.3826709459722637,0.10643105197232217,0.11503715068101884,0.0,RHMTD,235,case14
False,0,0.0,False,20,20,False,0,True,0.37233017386737344,0.4076669598561409,1.3753801274279636,0.10808750230353326,0.12155381264165045,0.0,RHMTD,236,case14
False,0,0.0,False,20,20,False,0,True,0.38833562367154706,0.4038697901662346,1.3887680243690803,0.11338745534885675,0.13835978461429477,0.0,RHMTD,237,case14
False,0,0.0,False,20,20,False,0,True,0.40966954633373903,0.39751477173341176,1.369283049031147,0.1117686479119584,0.15193191065918654,0.0,RHMTD,238,case14
False,0,0.0,False,20,20,False,0,True,0.37427447320490126,0.4075847224123153,1.381057896165719,0.40870419470593333,0.4357433965196876,0.0,RHMTD,239,case14
False,0,0.0,False,20,20,False,0,True,0.4251058069969675,0.3944639199898226,1.3660569494180579,0.109395946492441,0.12743817642331123,0.0,RHMTD,240,case14
False,0,0.0,False,20,20,False,0,True,0.3661232761657923,0.40919625254567427,1.373347767962358,0.11453335173428059,0.13671701308339837,0.0,RHMTD,241,case14
False,0,0.0,False,20,20,False,0,True,0.4068138300453691,0.3990230217008838,1.3830902556313247,0.09676239278633147,0.10491245484445245,0.0,RHMTD,242,case14
False,0,0.0,False,20,20,False,0,True,0.3720646641978179,0.40774644271954297,1.3753801274279636,0.25644795387052,0.279904526541943,0.0,RHMTD,243,case14
False,0,0.0,False,20,20,False,0,True,0.3734667761236499,0.4075972248390372,1.3640245899524521,0.09808950417209417,0.10790765518322588,0.0,RHMTD,244,case14
False,0,0.0,False,20,20,False,0,True,0.38351832380092044,0.4049893105741978,1.3908003838346858,0.08465200080536306,0.09516602731309831,0.0,RHMTD,245,case14
False,0,0.0,False,20,20,False,0,True,0.39385219338170374,0.40387407034662864,1.3924134336412304,0.11327911051921546,0.12731107708532363,0.0,RHMTD,246,case14
False,0,0.0,False,20,20,False,0,True,0.3810494060241595,0.4058025384146763,1.3887680243690803,0.09968325321096927,0.1092732127290219,0.0,RHMTD,247,case14
False,0,0.0,False,20,20,False,0,True,0.38167639091937156,0.4060195382927039,1.3636052802933913,0.08343139779753983,0.09578186727594584,0.0,RHMTD,248,case14
False,0,0.0,False,20,20,False,0,True,0.3750142528200007,0.40725503676035735,1.3810578961657192,0.11073325586039573,0.12230212450958788,0.0,RHMTD,249,case14
True,6,-0.04,True,1,1,False,6,True,1.37243275766017e-10,0.0055726033798362854,1.3712512196670532,0.39181454631034285,0.4459565796423705,0.0,Robust-MTD,0,case14
True,12,-0.04,True,1,1,False,13,False,0.2626495351603197,0.0026513637362901516,1.3712512196670532,0.6578896922292188,0.8323979302076624,0.0,Robust-MTD,1,case14
True,13,-0.04,True,1,1,False,12,False,0.26264953516031964,0.0026513637362901516,1.3712512196670532,0.9209562005707994,1.165506619145166,0.0,Robust-MTD,2,case14
True,9,0.04,True,1,1,False,9,True,0.05523676855656061,0.0015058969285440269,1.3712512196670532,0.5658270529238507,0.7453336380422116,0.0,Robust-MTD,3,case14
True,11,0.04,False,20,20,False,0,False,0.3655055505123801,0.4093433105087521,1.3712512196670532,0.740795856108889,0.9911580185871572,0.0,Robust-MTD,4,case14
True,4,0.04,True,1,1,False,4,True,1.37243275766017e-10,0.004563348580371731,1.3712512196670532,0.7561667036497965,1.287518729805015,0.0,Robust-MTD,5,case14
True,6,0.04,True,1,1,False,6,True,1.37243275766017e-10,0.0055726033798362854,1.3712512196670532,0.5834958457853645,0.845572998514399,0.0,Robust-MTD,6,case14
True,1,0.04,True,1,1,False,1,True,1.37243275766017e-10,0.008781622076398871,1.3712512196670532,0.6754292058758438,0.7676643464947119,0.0,Robust-MTD,7,case14
True,2,-0.04,True,1,1,False,2,True,1.7938369488636738e-10,0.0068149206632051665,1.3712512196670532,0.8675063523696736,1.6068441123934478,0.0,Robust-MTD,8,case14
True,5,0.04,True,1,1,False,5,True,1.37243275766017e-10,0.0006375670021844562,1.3712512196670532,0.5330209038220346,0.6882291490910576,0.0,Robust-MTD,9,case14
True,7,-0.04,False,20,20,False,0,False,0.4022053191593541,0.3996376891702833,1.3712512196670532,0.8587145945057273,2.3631231830222554,0.0,Robust-MTD,10,case14
True,7,-0.04,False,20,20,False,0,False,0.3772366145713224,0.40696784544949827,1.3712512196670532,1.057754151406698,3.5061035479884604,0.0,Robust-MTD,11,case14
True,2,0.04,True,1,1,False,2,True,1.372432757660174e-10,0.006814920663196925,1.3712512196670532,0.5712208978366107,0.7994812214747071,0.0,Robust-MTD,12,case14
True,7,-0.04,False,20,20,False,0,False,0.37092140467036566,0.4082712033335736,1.3712512196670532,0.7352458022069186,0.8655604178784418,0.0,Robust-MTD,13,case14
True,6,0.04,True,1,1,False,6,True,1.37243275766017e-10,0.0055726033798362854,1.3712512196670532,0.9821917075896636,1.161860793945383,0.0,Robust-MTD,14,case14
True,6,0.04,True,1,1,False,6,True,1.372432757660171e-10,0.0055726033798362854,1.3712512196670532,0.39620020252186805,0.44340419117361324,0.0,Robust-MTD,15,case14
True,10,-0.04,True,1,1,False,9,False,0.05545505313224987,0.001505771998403669,1.3712512196670532,0.9299125988036394,1.0300380963599343,0.0,Robust-MTD,16,case14
True,1,-0.04,True,1,1,False,1,True,1.3724323369709378e-10,0.008781622076398873,1.3712512196670532,0.9592208021786064,2.704591676592828,0.0,Robust-MTD,17,case14
True,9,-0.04,True,1,1,False,9,True,0.04186966484218714,0.0015131687292441103,1.3712512196670532,0.4436811927007511,0.7334851456107572,0.0,Robust-MTD,18,case14
True,10,-0.04,True,1,1,False,9,False,0.06421449960370425,0.0015005964243364003,1.3712512196670532,1.0613312479108572,3.3960068656597304,0.0,Robust-MTD,19,case14
True,8,0.04,True,1,1,False,8,True,1.372432757660177e-10,0.0013645928959064688,1.3712512196670532,1.063837538822554,1.2034485582262338,0.0,Robust-MTD,20,case14
True,5,0.04,True,1,1,False,5,True,1.3724327576601737e-10,0.0006375670021844562,1.3712512196670532,0.4328645998612046,0.715544036938809,0.0,Robust-MTD,21,case14
True,11,0.04,False,20,20,False,0,False,0.38799146661309214,0.40424364887671066,1.3712512196670532,0.6993040005909279,0.8138434466673062,0.0,Robust-MTD,22,case14
True,10,0.04,True,1,1,False,9,False,0.06653093604340528,0.001499174803377872,1.3712512196670532,1.2231398024596274,2.3294422804610857,0.0,Robust-MTD,23,case14
True,13,-0.04,True,1,1,False,13,True,0.2626495351603197,0.0026513637362901516,1.3712512196670532,0.5326729529770091,0.7165577262639999,0.0,Robust-MTD,24,case14
True,13,0.04,True,1,1,False,12,False,0.26264953516031964,0.0026513637362901516,1.3712512196670532,0.9371187421493232,1.4931478915968934,0.0,Robust-MTD,25,case14
True,12,0.04,True,1,1,False,13,False,0.26264953516031964,0.0026513637362901516,1.3712512196670532,0.7691853650612757,1.157104168669321,0.0,Robust-MTD,26,case14
True,6,-0.04,True,1,1,False,6,True,1.37243275766017e-10,0.0055726033798362854,1.3712512196670532,0.5907728424062952,0.7617267110617832,0.0,Robust-MTD,27,case14
True,5,0.04,True,1,1,False,5,True,1.37243275766017e-10,0.0006375670021844562,1.3712512196670532,0.9100521041546017,1.0587476106593412,0.0,Robust-MTD,28,case14
True,8,-0.04,True,1,1,False,8,True,1.3724327576601737e-10,0.0013645928959064688,1.3712512196670532,1.366502104792744,1.6035565437050634,0.0,Robust-MTD,29,case14
True,3,-0.04,True,1,1,False,3,True,1.37243275766017e-10,0.0031723940070463932,1.3712512196670532,0.8268001023679972,1.4499601151328538,0.0,Robust-MTD,30,case14
True,9,0.04,True,1,1,False,9,True,0.10659183032923022,0.0014709701947243094,1.3712512196670532,0.6173333036713302,0.8460482727969066,0.0,Robust-MTD,31,case14
True,8,0.04,True,1,1,False,8,True,1.372432757660174e-10,0.0013645928959064688,1.3712512196670532,0.5913249944569543,0.7551767252152786,0.0,Robust-MTD,32,case14
True,4,-0.04,True,1,1,False,4,True,1.37243275766017e-10,0.004563348580371731,1.3712512196670532,0.966924853855744,1.0620351153193077,0.0,Robust-MTD,33,case14
True,9,0.04,True,1,1,False,9,True,0.08142957146610763,0.001489497433606365,1.3712512196670532,1.0084666515467688,2.4828152585541847,0.0,Robust-MTD,34,case14
True,6,0.04,True,1,1,False,6,True,1.37243275766017e-10,0.0055726033798362854,1.3712512196670532,1.0013229039032012,1.7649586341576682,0.0,Robust-MTD,35,case14
True,7,0.04,False,20,20,False,0,False,0.38486290703027815,0.405304779755723,1.3712512196670532,0.7403229043120518,1.0686604335205647,0.0,Robust-MTD,36,case14
True,1,0.04,True,4,4,False,1,True,1.3724323369709336e-10,0.008781622076398873,1.3712512196670532,0.9650374966440722,1.1134180822409734,0.0,Robust-MTD,37,case14
True,2,0.04,True,1,1,False,2,True,1.37243275766017e-10,0.006814920663196925,1.3712512196670532,0.8834269392536953,1.029997915611605,0.0,Robust-MTD,38,case14
True,12,-0.04,True,1,1,False,12,True,0.26264953516031964,0.0026513637362901516,1.3712512196670532,0.8847812918247655,1.265036026597957,0.0,Robust-MTD,39,case14
True,4,0.04,True,1,1,False,4,True,1.37243275766017e-10,0.004563348580371731,1.3712512196670532,0.6282832415308803,0.7823812367860232,0.0,Robust-MTD,40,case14
True,12,-0.04,True,1,1,False,12,True,0.26264953516031964,0.0026513637362901516,1.3712512196670532,0.8831521001411602,1.0256170004140626,0.0,Robust-MTD,41,case14
True,5,-0.04,True,1,1,False,5,True,1.37243275766017e-10,0.0006375670021844562,1.3712512196670532,0.9478687541559339,1.2285827222513062,0.0,Robust-MTD,42,case14
True,7,0.04,False,20,20,False,0,False,0.3990872909542235,0.4027783521904943,1.3712512196670532,0.9365624573547393,1.1351205146638716,0.0,Robust-MTD,43,case14
True,13,0.04,True,1,1,False,12,False,0.26264953516031964,0.0026513637362901516,1.3712512196670532,0.7713958504609764,0.9666868631029512,0.0,Robust-MTD,44,case14
True,1,0.04,True,1,1,False,1,True,1.37243275766017e-10,0.008781622076398871,1.3712512196670532,0.724697852274403,1.0134669399121778,0.0,Robust-MTD,45,case14
True,8,-0.04,True,1,1,False,8,True,1.372432336971027e-10,0.001364592895906469,1.3712512196670532,1.1364251637132838,3.7926964898360924,0.0,Robust-MTD,46,case14
True,4,-0.04,True,1,1,False,4,True,1.37243275766017e-10,0.004563348580371731,1.3712512196670532,0.7929396466352046,0.8971833478426576,0.0,Robust-MTD,47,case14
True,1,0.04,True,2,2,False,1,True,1.3724327576615427e-10,0.008781622076398871,1.3712512196670532,0.9123791009187698,1.0872871149331356,0.0,Robust-MTD,48,case14
True,8,-0.04,True,1,1,False,8,True,1.3724327576601714e-10,0.0013645928959064688,1.3712512196670532,0.8269249985460192,1.1447961616795532,0.0,Robust-MTD,49,case14
True,10,-0.04,True,1,1,False,9,False,0.05139688270209923,0.001508062326470293,1.3712512196670532,0.6677041557850316,0.767706212354824,0.0,Robust-MTD,50,case14
True,7,-0.04,False,20,20,False,0,False,0.37484846477262246,0.40733788427539386,1.3712512196670532,1.0556355497101322,1.371927364380104,0.0,Robust-MTD,51,case14
True,11,-0.04,False,20,20,False,0,False,0.3818009964497501,0.40555532029232066,1.3712512196670532,0.9597895987099037,1.1901878693606744,0.0,Robust-MTD,52,case14
True,1,0.04,True,3,3,False,1,True,1.3724327576606478e-10,0.008781622076398871,1.3712512196670532,0.7687959034228697,0.9514231671346359,0.0,Robust-MTD,53,case14
True,5,-0.04,True,1,1,False,5,True,1.37243275766017e-10,0.0006375670021844562,1.3712512196670532,1.2825480487663299,3.191098550450992,0.0,Robust-MTD,54,case14
True,10,-0.04,True,1,1,False,9,False,0.06457521925858256,0.0015003765041704178,1.3712512196670532,1.1932896450161934,2.9968454793561285,0.0,Robust-MTD,55,case14
True,6,0.04,True,1,1,False,6,True,1.37243275766017e-10,0.0055726033798362854,1.3712512196670532,1.0524312529014423,1.4340413763420707,0.0,Robust-MTD,56,case14
True,8,0.04,True,1,1,False,8,True,1.3724327576601714e-10,0.0013645928959064688,1.3712512196670532,0.7905269885668531,1.0306624870281682,0.0,Robust-MTD,57,case14
True,10,-0.04,True,1,1,False,9,False,0.10412027968005678,0.0014729176610281992,1.3712512196670532,1.262683342793025,6.544262819807045,0.0,Robust-MTD,58,case14
True,5,0.04,True,1,1,False,5,True,1.37243275766017e-10,0.0006375670021844562,1.3712512196670532,0.8772979083005339,1.314580690814184,0.0,Robust-MTD,59,case14
True,9,-0.04,True,1,1,False,9,True,0.047369034569836516,0.0015102677885269584,1.3712512196670532,1.113172946497798,2.221893731621098,0.0,Robust-MTD,60,case14
True,11,0.04,False,20,20,False,0,False,0.37662552590805254,0.4067091258080964,1.3712512196670532,0.8260102476924658,1.5278285398380849,0.0,Robust-MTD,61,case14
True,13,0.04,True,1,1,False,12,False,0.26264953516031964,0.0026513637362901516,1.3712512196670532,1.2006935983663425,2.270109785604296,0.0,Robust-MTD,62,case14
True,2,-0.04,True,1,1,False,2,True,1.3724327576601913e-10,0.006814920663196925,1.3712512196670532,1.1886853986652568,4.802477420889774,0.0,Robust-MTD,63,case14
True,1,0.04,True,1,1,False,1,True,1.372432757660204e-10,0.008781622076398871,1.3712512196670532,0.893520688987337,1.0005267569795289,0.0,Robust-MTD,64,case14
True,10,0.04,True,1,1,False,9,False,0.03845137254369906,0.0015149066934874113,1.3712512196670532,0.8221373951528221,1.0013746970798851,0.0,Robust-MTD,65,case14
True,3,0.04,True,1,1,False,3,True,1.37243275766017e-10,0.0031723940070463932,1.3712512196670532,0.8852916944306344,1.4568520156899492,0.0,Robust-MTD,66,case14
True,2,0.04,True,1,1,False,2,True,1.37243275766017e-10,0.006814920663196925,1.3712512196670532,1.0336543549783528,1.7456354486057566,0.0,Robust-MTD,67,case14
True,2,-0.04,True,1,1,False,2,True,1.3724327576610712e-10,0.006814920663196925,1.3712512196670532,0.6371145456796512,0.7578309247037402,0.0,Robust-MTD,68,case14
True,12,-0.04,True,1,1,False,13,False,0.26264953516031964,0.0026513637362901516,1.3712512196670532,0.580975046614185,0.8925798028940339,0.0,Robust-MTD,69,case14
True,3,-0.04,True,1,1,False,3,True,1.37243275766017e-10,0.0031723940070463932,1.3712512196670532,1.2796000839443877,1.6418493236415164,0.0,Robust-MTD,70,case14
True,4,-0.04,True,1,1,False,4,True,1.37243275766017e-10,0.004563348580371731,1.3712512196670532,1.14891660050489,1.9500368507579025,0.0,Robust-MTD,71,case14
True,8,0.04,True,1,1,False,8,True,1.3724323369721537e-10,0.001364592895906469,1.3712512196670532,1.1277772980974987,1.2675152334850344,0.0,Robust-MTD,72,case14
True,9,0.04,True,1,1,False,9,True,0.07852026267052928,0.001491460434318237,1.3712512196670532,1.1768937052693218,5.088293098378928,0.0,Robust-MTD,73,case14
True,3,0.04,True,1,1,False,3,True,1.37243275766017e-10,0.0031723940070463932,1.3712512196670532,1.2230083491886035,2.8993999731028492,0.0,Robust-MTD,74,case14
True,10,-0.04,True,1,1,False,9,False,0.07057151038588397,0.0014966419004209164,1.3712512196670532,1.294381299521774,2.795835424331023,0.0,Robust-MTD,75,case14
True,10,0.04,True,1,1,False,9,False,0.08352223921548675,0.0014880631417403072,1.3712512196670532,0.8671938034240156,1.078980561578649,0.0,Robust-MTD,76,case14
True,10,-0.04,True,1,1,False,9,False,0.05167081707815581,0.001507909875438508,1.3712512196670532,1.0136665485333651,1.1873749841470336,0.0,Robust-MTD,77,case14
True,3,-0.04,True,1,1,False,3,True,1.37243275766017e-10,0.0031723940070463932,1.3712512196670532,0.8535061439033598,1.0577044711681103,0.0,Robust-MTD,78,case14
True,6,0.04,True,1,1,False,6,True,1.37243275766017e-10,0.0055726033798362854,1.3712512196670532,1.0322895948775113,3.718947316519917,0.0,Robust-MTD,79,case14
True,7,-0.04,False,20,20,False,0,False,0.38520531840763655,0.40497344717421097,1.3712512196670532,1.379104150692001,6.568628840614111,0.0,Robust-MTD,80,case14
True,9,0.04,True,1,1,False,9,True,0.06366438561151268,0.0015009307783592808,1.3712512196670532,0.9483978006755933,1.852493776823396,0.0,Robust-MTD,81,case14
True,6,-0.04,True,1,1,False,6,True,1.37243275766017e-10,0.0055726033798362854,1.3712512196670532,0.9675918001448736,2.409262451692486,0.0,Robust-MTD,82,case14
True,5,-0.04,True,1,1,False,5,True,1.37243275766017e-10,0.0006375670021844562,1.3712512196670532,0.9867937595117837,1.178937248187145,0.0,Robust-MTD,83,case14
True,13,0.04,True,1,1,False,13,True,0.2626495351603197,0.0026513637362901516,1.3712512196670532,0.7276562449987978,1.0900496825342998,0.0,Robust-MTD,84,case14
True,8,0.04,True,1,1,False,8,True,2.0996554759600407e-10,0.0013645928959054546,1.3712512196670532,0.8477916038827971,1.2784160760929826,0.0,Robust-MTD,85,case14
True,7,0.04,False,20,20,False,0,False,0.3787733682059947,0.40683749547900605,1.3712512196670532,0.6145980034489185,0.727647586609237,0.0,Robust-MTD,86,case14
True,6,-0.04,True,1,1,False,6,True,1.372432757660171e-10,0.0055726033798362854,1.3712512196670532,1.1993979482213035,4.087527023511941,0.0,Robust-MTD,87,case14
True,4,-0.04,True,1,1,False,4,True,1.37243275766017e-10,0.004563348580371731,1.3712512196670532,0.9317312564235181,2.7631247008685027,0.0,Robust-MTD,88,case14
True,13,-0.04,True,1,1,False,13,True,0.2626495351603197,0.0026513637362901516,1.3712512196670532,0.626366600045003,0.8847298071486877,0.0,Robust-MTD,89,case14
True,3,0.04,True,1,1,False,3,True,1.37243275766017e-10,0.0031723940070463932,1.3712512196670532,1.0667248046956956,1.796376699348916,0.0,Robust-MTD,90,case14
True,11,-0.04,False,20,20,False,0,False,0.42457081320056544,0.3946917191769551,1.3712512196670532,1.2027813529130071,4.950602384633386,0.0,Robust-MTD,91,case14
True,12,-0.04,True,1,1,False,13,False,0.2626495351603197,0.0026513637362901516,1.3712512196670532,0.8634936559246853,1.1613875423790905,0.0,Robust-MTD,92,case14
True,13,-0.04,True,1,1,False,12,False,0.26264953516031964,0.0026513637362901516,1.3712512196670532,0.7925978017738089,1.0557479166891441,0.0,Robust-MTD,93,case14
True,10,0.04,True,1,1,False,9,False,0.06918456692766316,0.0014975189613786548,1.3712512196670532,1.1597124044783413,3.44512948940974,0.0,Robust-MTD,94,case14
True,10,-0.04,True,1,1,False,9,False,0.12477033576012038,0.0014557206106010985,1.3712512196670532,0.9019062563311309,2.725013945018873,0.0,Robust-MTD,95,case14
True,3,-0.04,True,1,1,False,3,True,1.37243275766017e-10,0.0031723940070463932,1.3712512196670532,1.1494374484755099,5.078165233135224,0.0,Robust-MTD,96,case14
True,4,0.04,True,1,1,False,4,True,1.37243275766017e-10,0.004563348580371731,1.3712512196670532,0.9795166406547651,1.2640951812500183,0.0,Robust-MTD,97,case14
True,13,-0.04,True,1,1,False,12,False,0.2626495351603197,0.0026513637362901516,1.3712512196670532,0.9736520412843674,2.9874357249354944,0.0,Robust-MTD,98,case14
True,12,-0.04,True,1,1,False,12,True,0.26264953516031964,0.0026513637362901516,1.3712512196670532,1.247645847615786,5.998733907472343,0.0,Robust-MTD,99,case14
True,13,0.04,True,1,1,False,12,False,0.2626495351603197,0.0026513637362901516,1.3712512196670532,0.6256437482079491,0.7942895957967269,0.0,Robust-MTD,100,case14
True,4,-0.04,True,1,1,False,4,True,1.37243275766017e-10,0.004563348580371731,1.3712512196670532,1.4403123495867476,7.491291349288077,0.0,Robust-MTD,101,case14
True,3,0.04,True,1,1,False,3,True,1.37243275766017e-10,0.0031723940070463932,1.3712512196670532,0.8054626057855785,1.3958356896182533,0.0,Robust-MTD,102,case14
True,12,-0.04,True,1,1,False,12,True,0.26264953516031964,0.0026513637362901516,1.3712512196670532,0.9406770986970514,1.1901496764039667,0.0,Robust-MTD,103,case14
True,8,0.04,True,1,1,False,8,True,1.372432757660197e-10,0.0013645928959064688,1.3712512196670532,0.6520229653688148,0.8293340099044146,0.0,Robust-MTD,104,case14
True,8,0.04,True,1,1,False,8,True,1.37243275766017e-10,0.0013645928959064688,1.3712512196670532,0.8008250035345554,1.0074148973217247,0.0,Robust-MTD,105,case14
True,10,-0.04,True,1,1,False,9,False,0.07638212306962462,0.0014928802628894904,1.3712512196670532,1.0564936877926812,1.1677211645292171,0.0,Robust-MTD,106,case14
True,4,-0.04,True,1,1,False,4,True,1.37243275766017e-10,0.004563348580371731,1.3712512196670532,1.0282770468620583,1.5147541213082198,0.0,Robust-MTD,107,case14
True,5,0.04,True,1,1,False,5,True,1.37243275766017e-10,0.0006375670021844562,1.3712512196670532,0.9919562493450941,2.3718663462204868,0.0,Robust-MTD,108,case14
True,12,0.04,True,1,1,False,13,False,0.26264953516031964,0.0026513637362901516,1.3712512196670532,1.2738311983412132,3.471244379761632,0.0,Robust-MTD,109,case14
True,4,0.04,True,1,1,False,4,True,1.372432757660172e-10,0.004563348580371731,1.3712512196670532,0.9136190026765689,4.159221128793433,0.0,Robust-MTD,110,case14
True,10,0.04,True,1,1,False,9,False,0.07590544930159869,0.001493194172197083,1.3712512196670532,1.593395898817107,4.415156261529781,0.0,Robust-MTD,111,case14
True,4,0.04,True,1,1,False,4,True,1.37243275766017e-10,0.004563348580371731,1.3712512196670532,1.047491654753685,1.2013000436127246,0.0,Robust-MTD,112,case14
True,3,-0.04,True,1,1,False,3,True,1.37243275766017e-10,0.0031723940070463932,1.3712512196670532,1.1964374483795837,3.3955610590055616,0.0,Robust-MTD,113,case14
True,8,-0.04,True,1,1,False,8,True,1.3724323369709515e-10,0.001364592895906469,1.3712512196670532,1.2106896960176528,4.406073509017008,0.0,Robust-MTD,114,case14
True,2,0.04,True,1,1,False,2,True,1.3724327576602585e-10,0.006814920663196925,1.3712512196670532,0.8449917047983035,1.3694794790353635,0.0,Robust-MTD,115,case14
True,4,-0.04,True,1,1,False,4,True,1.37243275766017e-10,0.004563348580371731,1.3712512196670532,1.2281897565117106,4.0694395138416475,0.0,Robust-MTD,116,case14
True,11,-0.04,False,20,20,False,0,False,0.3704655985954159,0.40815460194222514,1.3712512196670532,0.9826373949181287,2.089970820816236,0.0,Robust-MTD,117,case14
True,2,-0.04,True,1,1,False,2,True,1.3724327576602125e-10,0.006814920663196925,1.3712512196670532,1.091914644348435,2.878310729283842,0.0,Robust-MTD,118,case14
True,5,0.04,True,1,1,False,5,True,1.3724327576601737e-10,0.0006375670021844562,1.3712512196670532,0.7986208511283621,1.18622499285266,0.0,Robust-MTD,119,case14
True,13,-0.04,True,1,1,False,13,True,0.26264953516031964,0.0026513637362901516,1.3712512196670532,0.8094562537735328,1.1679583141813068,0.0,Robust-MTD,120,case14
True,2,-0.04,True,3,3,False,2,True,1.372432336970933e-10,0.006814920663196925,1.3712512196670532,0.6166147475596517,0.8301643334561959,0.0,Robust-MTD,121,case14
True,5,0.04,True,1,1,False,5,True,1.37243275766017e-10,0.0006375670021844562,1.3712512196670532,0.6686769978841767,0.7332038454478607,0.0,Robust-MTD,122,case14
True,10,0.04,True,1,1,False,9,False,0.05090928586719546,0.0015083329134566094,1.3712512196670532,0.7510145514970645,0.9297106909798462,0.0,Robust-MTD,123,case14
True,5,-0.04,True,1,1,False,5,True,1.37243275766017e-10,0.0006375670021844562,1.3712512196670532,1.0341082961531356,2.8353396250167893,0.0,Robust-MTD,124,case14
True,9,-0.04,True,1,1,False,9,True,0.029779890803494923,0.0015190836614295251,1.3712512196670532,1.4498064032522961,5.197188162128441,0.0,Robust-MTD,125,case14
True,11,-0.04,False,20,20,False,0,False,0.3839521931787232,0.4049094081012805,1.3712512196670532,1.3670729036675766,6.423345557413996,0.0,Robust-MTD,126,case14
True,12,-0.04,True,1,1,False,13,False,0.26264953516031964,0.0026513637362901516,1.3712512196670532,0.6927311362233013,0.8705252752406538,0.0,Robust-MTD,127,case14
True,6,0.04,True,1,1,False,6,True,1.372432757660177e-10,0.0055726033798362854,1.3712512196670532,0.7897937030065805,1.2031499936711052,0.0,Robust-MTD,128,case14
True,10,0.04,True,1,1,False,9,False,0.10431648665263127,0.0014727641144253823,1.3712512196670532,1.0997084493283182,4.545835411408917,0.0,Robust-MTD,129,case14
True,5,-0.04,True,1,1,False,5,True,1.372432757660171e-10,0.0006375670021844562,1.3712512196670532,1.518504205159843,8.355325006414207,0.0,Robust-MTD,130,case14
True,12,-0.04,True,1,1,False,12,True,0.26264953516031964,0.0026513637362901516,1.3712512196670532,0.8257146488176659,0.9908169449772701,0.0,Robust-MTD,131,case14
True,6,0.04,True,1,1,False,6,True,1.37243275766017e-10,0.0055726033798362854,1.3712512196670532,0.570385594619438,0.7443080103257671,0.0,Robust-MTD,132,case14
True,10,-0.04,True,1,1,False,9,False,0.045360031511256206,0.0015113423985456556,1.3712512196670532,1.0347625997383147,3.8894625264219957,0.0,Robust-MTD,133,case14
True,13,-0.04,True,1,1,False,13,True,0.26264953516031964,0.0026513637362901516,1.3712512196670532,1.2848022481193766,1.7799542169086726,0.0,Robust-MTD,134,case14
True,8,0.04,True,1,1,False,8,True,1.3724327576601714e-10,0.0013645928959064688,1.3712512196670532,0.8998478995636106,1.1190958757652005,0.0,Robust-MTD,135,case14
True,11,0.04,False,20,20,False,0,False,0.3879482524762492,0.4034465592458699,1.3712512196670532,0.9649666433688253,3.0022955848835413,0.0,Robust-MTD,136,case14
True,12,0.04,True,1,1,False,12,True,0.26264953516031964,0.0026513637362901516,1.3712512196670532,0.8178251970093697,0.9522917040158078,0.0,Robust-MTD,137,case14
True,13,0.04,True,1,1,False,12,False,0.26264953516031964,0.0026513637362901516,1.3712512196670532,1.0663228458724916,1.29211489402224,0.0,Robust-MTD,138,case14
True,13,0.04,True,1,1,False,13,True,0.26264953516031964,0.0026513637362901516,1.3712512196670532,0.9704041469376534,1.6413767356425553,0.0,Robust-MTD,139,case14
True,5,0.04,True,1,1,False,5,True,1.37243275766017e-10,0.0006375670021844562,1.3712512196670532,1.063210258143954,1.931477410835218,0.0,Robust-MTD,140,case14
True,13,0.04,True,1,1,False,13,True,0.26264953516031964,0.0026513637362901516,1.3712512196670532,1.1867187451571226,3.507368746795695,0.0,Robust-MTD,141,case14
True,3,0.04,True,1,1,False,3,True,1.37243275766017e-10,0.0031723940070463932,1.3712512196670532,0.7265271415235475,0.8970204828074221,0.0,Robust-MTD,142,case14
True,3,-0.04,True,1,1,False,3,True,1.37243275766017e-10,0.0031723940070463932,1.3712512196670532,0.692516504204832,0.7776916434522719,0.0,Robust-MTD,143,case14
True,3,0.04,True,1,1,False,3,True,1.37243275766017e-10,0.0031723940070463932,1.3712512196670532,1.4758060919120908,7.239126757485795,0.0,Robust-MTD,144,case14
True,3,-0.04,True,1,1,False,3,True,1.37243275766017e-10,0.0031723940070463932,1.3712512196670532,1.479727152036503,7.7866770268883565,0.0,Robust-MTD,145,case14
True,6,-0.04,True,1,1,False,6,True,1.372432757660172e-10,0.0055726033798362854,1.3712512196670532,0.7166229566792026,0.8331333403475583,0.0,Robust-MTD,146,case14
True,9,0.04,True,1,1,False,9,True,0.05110561974411037,0.0015082240789186943,1.3712512196670532,1.533083152025938,1.998343112063608,0.0,Robust-MTD,147,case14
True,11,-0.04,False,20,20,False,0,False,0.37867452417212855,0.40651341512127914,1.3712512196670532,0.7885104394517839,0.9806020185351386,0.0,Robust-MTD,148,case14
True,6,0.04,True,1,1,False,6,True,1.37243275766017e-10,0.0055726033798362854,1.3712512196670532,0.7715000479947776,0.9026044484926404,0.0,Robust-MTD,149,case14
True,1,0.04,True,1,1,False,1,True,1.372432757660177e-10,0.008781622076398871,1.3712512196670532,1.2405812565702945,6.0158187232445925,0.0,Robust-MTD,150,case14
True,10,0.04,True,1,1,False,9,False,0.0563586620493153,0.001505252743462624,1.3712512196670532,0.7937497925013304,1.5926080261124302,0.0,Robust-MTD,151,case14
True,6,0.04,True,1,1,False,6,True,1.37243275766017e-10,0.0055726033798362854,1.3712512196670532,0.7447873998899013,0.9397856745636097,0.0,Robust-MTD,152,case14
True,11,0.04,False,20,20,False,0,False,0.41573553474473196,0.3960916837631422,1.3712512196670532,0.983773049665615,1.3728378777159416,0.0,Robust-MTD,153,case14
True,6,-0.04,True,1,1,False,6,True,1.37243275766017e-10,0.0055726033798362854,1.3712512196670532,0.7692520011914894,0.928091313107872,0.0,Robust-MTD,154,case14
True,6,-0.04,True,1,1,False,6,True,1.3724327576601714e-10,0.0055726033798362854,1.3712512196670532,0.8395582961384207,1.9080774101894362,0.0,Robust-MTD,155,case14
True,6,0.04,True,1,1,False,6,True,1.37243275766017e-10,0.0055726033798362854,1.3712512196670532,1.1281582032097504,3.886753536062317,0.0,Robust-MTD,156,case14
True,13,0.04,True,1,1,False,12,False,0.26264953516031964,0.0026513637362901516,1.3712512196670532,0.969337549759075,3.108653859817424,0.0,Robust-MTD,157,case14
True,8,-0.04,True,1,1,False,8,True,1.3724327576605775e-10,0.0013645928959064688,1.3712512196670532,1.1133104941109195,4.221291988505983,0.0,Robust-MTD,158,case14
True,9,-0.04,True,1,1,False,9,True,0.08245518595349176,0.001488796829744503,1.3712512196670532,0.8118519966956228,0.9659124945756065,0.0,Robust-MTD,159,case14
True,3,0.04,True,1,1,False,3,True,1.37243275766017e-10,0.0031723940070463932,1.3712512196670532,0.7663916010642424,0.9503819019300886,0.0,Robust-MTD,160,case14
True,9,0.04,True,1,1,False,9,True,0.10849986855759747,0.0014694468379517825,1.3712512196670532,0.6775686400942504,1.0698291356675333,0.0,Robust-MTD,161,case14
True,9,0.04,True,1,1,False,9,True,0.06274828554458323,0.0015014848034858612,1.3712512196670532,0.9750604018336162,2.9895808664150554,0.0,Robust-MTD,162,case14
True,6,-0.04,True,1,1,False,6,True,1.37243275766017e-10,0.0055726033798362854,1.3712512196670532,0.9631561464630067,1.360204105731103,0.0,Robust-MTD,163,case14
True,1,0.04,True,2,2,False,1,True,1.372432757660171e-10,0.008781622076398871,1.3712512196670532,0.8639646082883701,1.1913496942725053,0.0,Robust-MTD,164,case14
True,12,-0.04,True,1,1,False,13,False,0.26264953516031964,0.0026513637362901516,1.3712512196670532,1.187597750686109,5.73372530634515,0.0,Robust-MTD,165,case14
True,10,0.04,True,1,1,False,9,False,0.07905335360786063,0.0014911034287531922,1.3712512196670532,0.8525687910150737,1.013833074830476,0.0,Robust-MTD,166,case14
True,10,0.04,True,1,1,False,9,False,0.05389084246994887,0.0015066628829335132,1.3712512196670532,0.6087291520088911,0.7759103638818492,0.0,Robust-MTD,167,case14
True,7,0.04,False,20,20,False,0,False,0.41505314567282325,0.39533780850809525,1.3712512196670532,0.8186666964320466,0.9329142572823931,0.0,Robust-MTD,168,case14
True,9,0.04,True,1,1,False,9,True,0.06563528029405656,0.0014997271058251195,1.3712512196670532,0.8212229993660003,0.8993089257273849,0.0,Robust-MTD,169,case14
True,7,0.04,False,20,20,False,0,False,0.46226017479688747,0.38052589817175303,1.3712512196670532,0.6751896551577374,0.8310268196510159,0.0,Robust-MTD,170,case14
True,7,-0.04,False,20,20,False,0,False,0.37085952523795207,0.408098328420312,1.3712512196670532,0.8796519454335794,1.0029659897554692,0.0,Robust-MTD,171,case14
True,8,-0.04,True,1,1,False,8,True,1.372432757660217e-10,0.0013645928959064688,1.3712512196670532,0.7863125531002879,1.106387813342736,0.0,Robust-MTD,172,case14
True,7,0.04,False,20,20,False,0,False,0.38777440394916973,0.40419521983608525,1.3712512196670532,0.7946374535094947,0.9761586581589666,0.0,Robust-MTD,173,case14
True,12,0.04,True,1,1,False,13,False,0.2626495351603197,0.0026513637362901516,1.3712512196670532,0.9245082561392337,0.9832187613938036,0.0,Robust-MTD,174,case14
True,7,0.04,False,20,20,False,0,False,0.40225612493846835,0.400893709997845,1.3712512196670532,0.7878021046053618,0.9134624880971407,0.0,Robust-MTD,175,case14
True,8,-0.04,True,1,1,False,8,True,1.3724327576601711e-10,0.0013645928959064688,1.3712512196670532,1.0241229989333078,1.2980371568119196,0.0,Robust-MTD,176,case14
True,5,-0.04,True,1,1,False,5,True,1.37243275766017e-10,0.0006375670021844562,1.3712512196670532,0.8315479441080242,1.405739565961997,0.0,Robust-MTD,177,case14
True,1,0.04,True,2,2,False,1,True,1.37243275766017e-10,0.008781622076398871,1.3712512196670532,1.0603541479213163,3.0934642476495378,0.0,Robust-MTD,178,case14
True,9,0.04,True,1,1,False,9,True,0.041223023042845086,0.001513501371112487,1.3712512196670532,0.9860250080237164,1.6155369317857577,0.0,Robust-MTD,179,case14
True,13,-0.04,True,1,1,False,12,False,0.26264953516031964,0.0026513637362901516,1.3712512196670532,0.7178000960266218,0.8319777232827623,0.0,Robust-MTD,180,case14
True,11,0.04,False,20,20,False,0,False,0.36219891363473583,0.40987020857359224,1.3712512196670532,0.828272951184772,1.762364929891192,0.0,Robust-MTD,181,case14
True,8,-0.04,True,1,1,False,8,True,1.3724327576601714e-10,0.0013645928959064688,1.3712512196670532,0.7752167002763599,1.3860979088349283,0.0,Robust-MTD,182,case14
True,12,0.04,True,1,1,False,12,True,0.26264953516031964,0.0026513637362901516,1.3712512196670532,0.747968687210232,1.1175034887855873,0.0,Robust-MTD,183,case14
True,12,0.04,True,1,1,False,12,True,0.26264953516031964,0.0026513637362901516,1.3712512196670532,0.7346727477852255,1.0175764386076491,0.0,Robust-MTD,184,case14
True,1,0.04,True,4,4,False,1,True,1.3724327576601714e-10,0.008781622076398871,1.3712512196670532,0.8998249948490411,1.7268770694499844,0.0,Robust-MTD,185,case14
True,10,0.04,True,1,1,False,9,False,0.05967022407061791,0.001503320950191555,1.3712512196670532,1.069066597847268,3.1817972980206854,0.0,Robust-MTD,186,case14
True,7,-0.04,False,20,20,False,0,False,0.36567129108152563,0.4093872726691454,1.3712512196670532,1.0884730523684993,2.23150865058415,0.0,Robust-MTD,187,case14
True,3,-0.04,True,1,1,False,3,True,1.37243275766017e-10,0.0031723940070463932,1.3712512196670532,0.691212504170835,0.7908770930953325,0.0,Robust-MTD,188,case14
True,3,0.04,True,1,1,False,3,True,1.37243275766017e-10,0.0031723940070463932,1.3712512196670532,0.9936271439073608,1.3699749892111917,0.0,Robust-MTD,189,case14
True,2,-0.04,True,1,1,False,2,True,1.37243275766017e-10,0.006814920663196925,1.3712512196670532,1.140672795008868,3.2959805947029994,0.0,Robust-MTD,190,case14
True,8,-0.04,True,1,1,False,8,True,1.372432336970997e-10,0.001364592895906469,1.3712512196670532,0.6568876618985087,0.8724652871023864,0.0,Robust-MTD,191,case14
True,6,-0.04,True,1,1,False,6,True,1.37243275766017e-10,0.0055726033798362854,1.3712512196670532,0.7279729965375736,0.9322673111455532,0.0,Robust-MTD,192,case14
True,6,-0.04,True,1,1,False,6,True,1.372432757660171e-10,0.0055726033798362854,1.3712512196670532,1.183679248788394,4.453098215162756,0.0,Robust-MTD,193,case14
True,13,-0.04,True,1,1,False,12,False,0.26264953516031964,0.0026513637362901516,1.3712512196670532,0.9646561840781942,1.3432556006591803,0.0,Robust-MTD,194,case14
True,10,0.04,True,1,1,False,9,False,0.06070771904809743,0.0015027064220912315,1.3712512196670532,0.6761480064596981,0.7589895714772865,0.0,Robust-MTD,195,case14
True,1,-0.04,True,5,5,False,1,True,1.372432757660171e-10,0.008781622076398871,1.3712512196670532,0.8575771527830511,0.9711875201901445,0.0,Robust-MTD,196,case14
True,6,0.04,True,1,1,False,6,True,1.37243275766017e-10,0.0055726033798362854,1.3712512196670532,0.8783603931078687,0.9349954460049078,0.0,Robust-MTD,197,case14
True,4,0.04,True,1,1,False,4,True,1.37243275766017e-10,0.004563348580371731,1.3712512196670532,1.0675374534912407,3.6720104078995077,0.0,Robust-MTD,198,case14
True,7,0.04,False,20,20,False,0,False,0.4700766061764959,0.3659393770873679,1.3712512196670532,1.0104854998644441,2.51130039105192,0.0,Robust-MTD,199,case14
False,0,0.0,False,20,20,False,0,True,0.37692715662740806,0.4069632070793301,1.3712512196670532,0.5687771074008197,0.7507125032134355,0.0,Robust-MTD,200,case14
False,0,0.0,False,20,20,False,0,True,0.3992167459844495,0.40137587688230325,1.3712512196670532,0.7599104545079172,1.0661083710147083,0.0,Robust-MTD,201,case14
False,0,0.0,False,20,20,False,0,True,0.4234665246958113,0.3934768794821917,1.3712512196670532,1.0175854520639405,3.4483878378523523,0.0,Robust-MTD,202,case14
False,0,0.0,False,20,20,False,0,True,0.45331547833801283,0.36927593410315707,1.3712512196670532,1.0175582516239956,3.9819472323870295,0.0,Robust-MTD,203,case14
False,0,0.0,False,20,20,False,0,True,0.3861413921768377,0.4054138359367301,1.3712512196670532,0.7062229444272816,1.3585961132775997,0.0,Robust-MTD,204,case14
False,0,0.0,False,20,20,False,0,True,0.4207445260509281,0.39720639504429944,1.3712512196670532,0.9080770425498486,1.1851541436044541,0.0,Robust-MTD,205,case14
False,0,0.0,False,20,20,False,0,True,0.3789915356899738,0.4065238673659237,1.3712512196670532,0.8381562976865098,0.8925451926188566,0.0,Robust-MTD,206,case14
False,0,0.0,False,20,20,False,0,True,0.36761782703921697,0.408877441757527,1.3712512196670532,1.2118687416659668,2.2520333062857443,0.0,Robust-MTD,207,case14
False,0,0.0,False,20,20,False,0,True,0.3679700444147347,0.4089517445224725,1.3712512196670532,0.8216644491767511,1.0412684408947837,0.0,Robust-MTD,208,case14
False,0,0.0,False,20,20,False,0,True,0.3746654429455757,0.40748768291364024,1.3712512196670532,1.0903311951551586,3.6741047777468347,0.0,Robust-MTD,209,case14
False,0,0.0,False,20,20,False,0,True,0.3817986852777061,0.40565624969069014,1.3712512196670532,0.6598437990760431,0.754102025530301,0.0,Robust-MTD,210,case14
False,0,0.0,False,20,20,False,0,True,0.3684638229573636,0.4087110308945917,1.3712512196670532,0.9451667399844155,1.1394899018341724,0.0,Robust-MTD,211,case14
False,0,0.0,False,20,20,False,0,True,0.36927490017853554,0.4086507688371148,1.3712512196670532,0.6492645537946373,0.8549649122869609,0.0,Robust-MTD,212,case14
False,0,0.0,False,20,20,False,0,True,0.37838258044105433,0.40693136702475374,1.3712512196670532,1.094468793598935,3.6289273877628165,0.0,Robust-MTD,213,case14
False,0,0.0,False,20,20,False,0,True,0.3874490794380525,0.4046190013043346,1.3712512196670532,1.3520500506274402,7.476883372874001,0.0,Robust-MTD,214,case14
False,0,0.0,False,20,20,False,0,True,0.3968630412144822,0.4015313441502736,1.3712512196670532,0.7698749046539888,1.1061735276598486,0.0,Robust-MTD,215,case14
False,0,0.0,False,20,20,False,0,True,0.3747472370162153,0.407338606430582,1.3712512196670532,1.1161333444761112,1.5705913334386499,0.0,Robust-MTD,216,case14
False,0,0.0,True,0,0,True,0,True,0.42896461510574485,0.3878358340771299,1.3712512196670532,0.7747770549030975,1.0547764715738617,0.0,Robust-MTD,217,case14
False,0,0.0,False,20,20,False,0,True,0.36950458882350845,0.4084261596391576,1.3712512196670532,0.6708104017889127,0.7792642427375563,0.0,Robust-MTD,218,case14
False,0,0.0,False,20,20,False,0,True,0.40006588812793764,0.40106961217878156,1.3712512196670532,0.9649626503232867,2.0695389539469056,0.0,Robust-MTD,219,case14
False,0,0.0,False,20,20,False,0,True,0.3733609265668482,0.407577521388098,1.3712512196670532,0.7305416540475562,0.905907718697564,0.0,Robust-MTD,220,case14
False,0,0.0,False,20,20,False,0,True,0.3706137190057341,0.4082333228580021,1.3712512196670532,0.7604021637234837,1.1238526931265385,0.0,Robust-MTD,221,case14
False,0,0.0,False,20,20,False,0,True,0.47844246601447854,0.36043098487287695,1.3712512196670532,1.3795582519378513,1.460306922672326,0.0,Robust-MTD,222,case14
False,0,0.0,False,20,20,False,0,True,0.42258067063435145,0.3971620519494605,1.3712512196670532,0.9054896567249671,1.1096586560597674,0.0,Robust-MTD,223,case14
False,0,0.0,False,20,20,False,0,True,0.3676595986361952,0.4088511509407582,1.3712512196670532,1.0982687526848167,2.1457896451465834,0.0,Robust-MTD,224,case14
False,0,0.0,False,20,20,False,0,True,0.374852158144968,0.40744176267858734,1.3712512196670532,0.7818167505320162,0.8878527325578046,0.0,Robust-MTD,225,case14
False,0,0.0,False,20,20,False,0,True,0.3993835908317101,0.4027265553614435,1.3712512196670532,1.2036332482239231,1.5622711740434239,0.0,Robust-MTD,226,case14
False,0,0.0,False,20,20,False,0,True,0.37068411157601233,0.40782483800252783,1.3712512196670532,1.0671145020751283,2.765377709874887,0.0,Robust-MTD,227,case14
False,0,0.0,False,20,20,False,0,True,0.4188344017085905,0.39458079116820377,1.3712512196670532,0.7693458610447124,0.9074225992662845,0.0,Robust-MTD,228,case14
False,0,0.0,False,20,20,False,0,True,0.39481595677052556,0.40290841687750134,1.3712512196670532,0.7323104538954794,1.1631663102889438,0.0,Robust-MTD,229,case14
False,0,0.0,False,20,20,False,0,True,0.39504732726846065,0.4017300217688914,1.3712512196670532,1.0019209526944906,1.1207768257008917,0.0,Robust-MTD,230,case14
False,0,0.0,False,20,20,False,0,True,0.37420123611793854,0.4075492785946948,1.3712512196670532,0.9384853503433987,1.2299606576561954,0.0,Robust-MTD,231,case14
False,0,0.0,False,20,20,False,0,True,0.3721396243094949,0.4077925120752244,1.3712512196670532,0.6807832920458168,0.9090225590625778,0.0,Robust-MTD,232,case14
False,0,0.0,False,20,20,False,0,True,0.4916271016890458,0.2831978023998596,1.3712512196670532,0.9747646021423861,3.49787559825927,0.0,Robust-MTD,233,case14
False,0,0.0,False,20,20,False,0,True,0.4072289262095654,0.39907605421166237,1.3712512196670532,0.7463102985639125,1.0834329732460906,0.0,Robust-MTD,234,case14
False,0,0.0,False,20,20,False,0,True,0.39991374167821425,0.401209905685336,1.3712512196670532,1.0988812457071617,3.1543476070510246,0.0,Robust-MTD,235,case14
False,0,0.0,False,20,20,False,0,True,0.3697713710758775,0.4083160288773928,1.3712512196670532,1.287687651347369,5.93433817557525,0.0,Robust-MTD,236,case14
False,0,0.0,False,20,20,False,0,True,0.3951992435522878,0.401367956358867,1.3712512196670532,1.0038791398983449,2.4165312497643785,0.0,Robust-MTD,237,case14
False,0,0.0,False,20,20,False,0,True,0.4216967849072342,0.3911382389841096,1.3712512196670532,0.757878998410888,0.9101100935367873,0.0,Robust-MTD,238,case14
False,0,0.0,False,20,20,False,0,True,0.3852312509539061,0.4050650256478553,1.3712512196670532,1.2187145475763828,4.554724693298342,0.0,Robust-MTD,239,case14
False,0,0.0,False,20,20,False,0,True,0.4919367161559716,0.36387427222139496,1.3712512196670532,0.9892832924379036,2.217088945326398,0.0,Robust-MTD,240,case14
False,0,0.0,False,20,20,False,0,True,0.37747680024626523,0.40698467433413976,1.3712512196670532,1.4866125449771062,1.8593687622342363,0.0,Robust-MTD,241,case14
False,0,0.0,False,20,20,False,0,True,0.4698730089562654,0.3777238633447926,1.3712512196670532,0.46372709912247956,0.559287509531714,0.0,Robust-MTD,242,case14
False,0,0.0,False,20,20,False,0,True,0.4413100774979692,0.38834186049223457,1.3712512196670532,1.094366898178123,4.1630479623563605,0.0,Robust-MTD,243,case14
False,0,0.0,False,20,20,False,0,True,0.3700886051241098,0.40816637108590603,1.3712512196670532,0.5743313435232267,0.7183247100329027,0.0,Robust-MTD,244,case14
False,0,0.0,False,20,20,False,0,True,0.37671027651615646,0.40690556185379667,1.3712512196670532,0.43241454695817083,0.4627729271305725,0.0,Robust-MTD,245,case14
False,0,0.0,False,20,20,False,0,True,0.40619936243505356,0.4008468847833363,1.3712512196670532,1.1059914017096162,2.2177235456183593,0.0,Robust-MTD,246,case14
False,0,0.0,False,20,20,False,0,True,0.37965775001694574,0.4062133362467495,1.3712512196670532,0.5608147039311007,0.7063753175316378,0.0,Robust-MTD,247,case14
False,0,0.0,False,20,20,False,0,True,0.37315565913987536,0.4078428338178392,1.3712512196670532,0.4231166385579854,0.452156228129752,0.0,Robust-MTD,248,case14
False,0,0.0,False,20,20,False,0,True,0.37224545954946686,0.40776251500784355,1.3712512196670532,0.6387397006619722,0.7490815623896199,0.0,Robust-MTD,249,case14
True,26,-0.04,False,20,20,False,0,False,0.5974568318719216,0.3392421116242352,0.6449621867960693,20.806614696630277,28.880664860480465,0.0,HMTD-MDE,0,case57
True,49,-0.04,False,20,20,False,49,True,0.10759121533633478,0.013461358531468586,0.6449621867960693,26.538562594214454,31.815561070106927,0.0,HMTD-MDE,1,case57
True,53,-0.04,True,1,1,False,53,True,0.2061236469371159,0.004450389954396036,0.6449621867960693,24.87999584991485,30.804335759603426,0.0,HMTD-MDE,2,case57
True,37,0.04,True,5,5,False,37,True,0.1719858580467513,0.009982985235517536,0.6449621867960693,20.62854585237801,28.711141005624086,0.0,HMTD-MDE,3,case57
True,46,0.04,True,17,17,False,0,False,0.572216017139353,0.3637529756599128,0.6449621867960693,25.145699887070805,38.012628845172,0.0,HMTD-MDE,4,case57
True,17,0.04,False,20,20,False,17,True,0.20258077086269466,0.039267755835392486,0.6449621867960693,27.93503329739906,41.25990244501738,0.0,HMTD-MDE,5,case57
True,24,0.04,False,20,20,False,30,False,0.3987980067816613,0.015768807744184682,0.6449621867960693,22.019483303301968,33.961385113070726,0.0,HMTD-MDE,6,case57
True,3,0.04,True,1,1,False,3,True,3.8671819781215627e-10,0.0034832369284029763,0.6449621867960693,25.991366602829657,36.06000203290023,0.0,HMTD-MDE,7,case57
True,8,-0.04,True,1,1,False,8,True,3.8671819781197475e-10,0.00028489480589777717,0.6449621867960693,24.08446464687586,29.85334825643804,0.0,HMTD-MDE,8,case57
True,22,0.04,False,20,20,False,17,False,0.6073898348669017,0.22062113072802253,0.6449621867960693,22.13258134725038,30.825497893965803,0.0,HMTD-MDE,9,case57
True,29,-0.04,False,20,20,False,31,False,0.4066676489222374,0.017064975801047048,0.6449621867960693,27.374316501663998,42.34237648488488,0.0,HMTD-MDE,10,case57
True,28,-0.04,False,20,20,False,28,True,0.09599050451743178,0.022646012290534864,0.6449621867960693,25.868808294762857,31.7393559467746,0.0,HMTD-MDE,11,case57
True,8,0.04,True,1,1,False,8,True,3.8671819781197475e-10,0.00028489480589777717,0.6449621867960693,20.584108302136883,28.517363965511322,0.0,HMTD-MDE,12,case57
True,28,-0.04,False,20,20,False,28,True,0.11018779624412925,0.023036692496876114,0.6449621867960693,24.866727148764767,32.654406258370734,0.0,HMTD-MDE,13,case57
True,22,0.04,False,20,20,False,0,False,0.6050241339704564,0.34711342894613906,0.6449621867960693,24.91143965453375,34.492743428563706,0.0,HMTD-MDE,14,case57
True,26,0.04,False,20,20,False,0,False,0.5769113426276968,0.34580866121360043,0.6449621867960693,21.466118842363358,28.753397951368246,0.0,HMTD-MDE,15,case57
True,40,-0.04,False,20,20,False,40,True,0.0012646294853161054,0.011280528778619478,0.6449621867960693,25.507814608863555,36.55520980246366,0.0,HMTD-MDE,16,case57
True,1,-0.04,False,20,20,False,0,False,0.6391948482197117,0.3295257820064361,0.6449621867960693,23.9939021441387,29.71343813987915,0.0,HMTD-MDE,17,case57
True,37,-0.04,True,15,15,False,37,True,0.17206288001840073,0.00998588727055923,0.6449621867960693,19.8255583003629,28.331552370218564,0.0,HMTD-MDE,18,case57
True,42,-0.04,False,20,20,False,42,True,4.6133765585023014e-09,0.03399701617374942,0.6449621867960693,24.903218692634255,35.603047956828966,0.0,HMTD-MDE,19,case57
True,32,0.04,False,20,20,False,0,False,0.5467974402758118,0.3737548756766368,0.6449621867960693,25.164520798716694,33.029935101512834,0.0,HMTD-MDE,20,case57
True,20,0.04,True,2,2,False,20,True,0.25392766513313325,0.008818082503911214,0.6449621867960693,20.8150770427892,28.47154017072171,0.0,HMTD-MDE,21,case57
True,46,0.04,False,20,20,False,0,False,0.557551995693139,0.36774621822974374,0.6449621867960693,24.36742485151626,31.717249643406838,0.0,HMTD-MDE,22,case57
True,42,0.04,False,20,20,False,42,True,1.266341954061922e-08,0.03399701658245823,0.6449621867960693,25.918750098207965,36.19263128202874,0.0,HMTD-MDE,23,case57
True,56,-0.04,True,3,3,False,38,False,0.17144160094404476,0.015389855031208715,0.6449621867960693,21.463812398724258,28.784121476928707,0.0,HMTD-MDE,24,case57
True,53,0.04,True,1,1,False,53,True,0.2417082168802721,0.0056916763598968455,0.6449621867960693,25.42081244464498,35.49888128763996,0.0,HMTD-MDE,25,case57
True,48,0.04,True,1,1,False,48,True,3.8671808797219646e-10,0.002753712702745942,0.6449621867960693,25.38011469587218,32.650704172556296,0.0,HMTD-MDE,26,case57
True,24,-0.04,True,16,16,False,30,False,0.39965526702918935,0.01587614688517056,0.6449621867960693,20.461891699233092,30.5022419517627,0.0,HMTD-MDE,27,case57
True,20,0.04,True,1,1,False,20,True,0.2702047724504723,0.010771388692024526,0.6449621867960693,24.400927053648047,35.249388153897605,0.0,HMTD-MDE,28,case57
True,34,-0.04,True,18,18,False,31,False,0.4268484768796029,0.0200376384482188,0.6449621867960693,24.917708395514637,32.79870447586291,0.0,HMTD-MDE,29,case57
True,11,-0.04,True,1,1,False,11,True,3.8671819781197475e-10,0.0002955651145503168,0.6449621867960693,26.121522951871157,35.10117082041689,0.0,HMTD-MDE,30,case57
True,38,0.04,False,20,20,False,56,False,0.1714416009440448,0.015389855031208715,0.6449621867960693,29.419270853395574,45.464822891517564,0.0,HMTD-MDE,31,case57
True,32,0.04,False,20,20,False,0,False,0.5879016679548882,0.3534937137711702,0.6449621867960693,30.27728960441891,41.378958619316116,0.0,HMTD-MDE,32,case57
True,15,-0.04,False,20,20,False,0,False,0.5619790895505204,0.3651247850943873,0.6449621867960693,23.733454250032082,35.184504179051146,0.0,HMTD-MDE,33,case57
True,36,0.04,True,1,1,False,36,True,3.867181154319156e-10,0.0008651682048311886,0.6449621867960693,25.922472958336584,38.423020488698974,0.0,HMTD-MDE,34,case57
True,26,0.04,False,20,20,False,0,False,0.5535509071923476,0.37007737234560206,0.6449621867960693,27.264614493469708,47.309258620953194,0.0,HMTD-MDE,35,case57
True,28,0.04,False,20,20,False,28,True,0.16960179762471175,0.02633479921229571,0.6449621867960693,26.204924890771508,37.9531104292255,0.0,HMTD-MDE,36,case57
True,3,0.04,True,1,1,False,3,True,4.0569040848571224e-10,0.0034832369284074688,0.6449621867960693,27.02522284234874,38.152043722220704,0.0,HMTD-MDE,37,case57
True,6,0.04,True,1,1,False,6,True,3.8671819781197475e-10,0.002363277542522319,0.6449621867960693,24.562083449563943,34.44283570279367,0.0,HMTD-MDE,38,case57
True,51,-0.04,False,20,20,False,51,True,0.17611447187615054,0.033126452644134774,0.6449621867960693,24.061077044461854,29.501215167692866,0.0,HMTD-MDE,39,case57
True,17,0.04,False,20,20,False,17,True,0.21243647973653404,0.04011035510559249,0.6449621867960693,24.720695958239958,30.220179187017497,0.0,HMTD-MDE,40,case57
True,49,-0.04,True,12,12,False,49,True,0.0777947336294287,0.014102226585224765,0.6449621867960693,25.15385830483865,31.037941720569506,0.0,HMTD-MDE,41,case57
True,19,-0.04,True,1,1,False,20,False,0.2721180571060981,0.011425669272227126,0.6449621867960693,25.153316496289335,29.919796431204304,0.0,HMTD-MDE,42,case57
True,31,0.04,False,20,20,False,31,True,0.4347833605121986,0.02710280434077175,0.6449621867960693,23.758337445906363,34.53782289871015,0.0,HMTD-MDE,43,case57
True,55,0.04,True,1,1,False,55,True,0.020111170098605184,0.0012602716179722613,0.6449621867960693,25.465679095941596,31.555388955166574,0.0,HMTD-MDE,44,case57
True,2,0.04,True,2,2,False,2,True,4.0838017647051686e-10,0.005048856714368892,0.6449621867960693,31.79033125052229,38.778323205770086,0.0,HMTD-MDE,45,case57
True,34,-0.04,True,18,18,False,31,False,0.4264052433278872,0.01991130554466411,0.6449621867960693,24.87253744911868,34.99690385942813,0.0,HMTD-MDE,46,case57
True,14,-0.04,True,1,1,False,14,True,3.8671819781197475e-10,0.007593593808137527,0.6449621867960693,24.638287542620674,30.37474376906175,0.0,HMTD-MDE,47,case57
True,1,0.04,False,20,20,False,16,False,0.5364096545484978,0.3148340004078052,0.6449621867960693,24.079527155845426,29.75421396549791,0.0,HMTD-MDE,48,case57
True,34,-0.04,False,20,20,False,31,False,0.42286719403255696,0.019017660678848435,0.6449621867960693,24.954147994867526,30.296285712393004,0.0,HMTD-MDE,49,case57
True,40,-0.04,False,20,20,False,40,True,0.0012930609943086235,0.011280489697319393,0.6449621867960693,23.86656870075967,31.321154136094265,0.0,HMTD-MDE,50,case57
True,27,-0.04,False,20,20,False,27,True,0.158881044890474,0.0314127272594051,0.6449621867960693,26.074185452307574,32.489662151783705,0.0,HMTD-MDE,51,case57
True,44,-0.04,False,20,20,False,0,False,0.5585206935487321,0.3711344058275655,0.6449621867960693,26.656054201885127,35.302932997001335,0.0,HMTD-MDE,52,case57
True,1,0.04,False,20,20,False,0,False,0.590468552687567,0.3387864874984242,0.6449621867960693,24.71805629611481,29.433167280512862,0.0,HMTD-MDE,53,case57
True,20,-0.04,True,1,1,False,20,True,0.2650759499088578,0.009858774608538297,0.6449621867960693,25.908031198196113,32.59902910795063,0.0,HMTD-MDE,54,case57
True,41,-0.04,True,1,1,False,55,False,0.009251809659708728,0.0012634505318857812,0.6449621867960693,24.336531144217588,29.783016702276655,0.0,HMTD-MDE,55,case57
True,25,0.04,False,20,20,False,0,False,0.6273611899240674,0.29990910990691116,0.6449621867960693,24.75673735316377,30.770795792341232,0.0,HMTD-MDE,56,case57
True,33,0.04,False,20,20,False,0,False,0.5917573774265308,0.35668408633060456,0.6449621867960693,26.42285624460783,33.42002916906495,0.0,HMTD-MDE,57,case57
True,42,-0.04,False,20,20,False,42,True,0.000118920991809626,0.03400780967089986,0.6449621867960693,25.638947894913144,31.28648895653898,0.0,HMTD-MDE,58,case57
True,21,0.04,False,20,20,False,0,False,0.5552889729561289,0.370686026665321,0.6449621867960693,26.576012559235096,34.21080036496278,0.0,HMTD-MDE,59,case57
True,36,-0.04,True,1,1,False,36,True,3.8671808797195244e-10,0.0008651682048311887,0.6449621867960693,32.83794585149735,40.4776277311612,0.0,HMTD-MDE,60,case57
True,46,0.04,False,20,20,False,0,False,0.5785079523664993,0.3609536732621534,0.6449621867960693,34.212908416520804,43.6842437600717,0.0,HMTD-MDE,61,case57
True,56,0.04,False,20,20,False,38,False,0.1714416009530465,0.015389855031188737,0.6449621867960693,33.338672952959314,45.20266218751204,0.0,HMTD-MDE,62,case57
True,8,-0.04,True,1,1,False,8,True,3.8671819781197475e-10,0.00028489480589777717,0.6449621867960693,28.93857315357309,72.699031259981,0.0,HMTD-MDE,63,case57
True,2,0.04,True,1,1,False,2,True,3.867181978120117e-10,0.005048856714374031,0.6449621867960693,25.107097954605706,34.48720689921175,0.0,HMTD-MDE,64,case57
True,43,0.04,True,6,6,False,37,False,0.17204442884564547,0.009985186821865194,0.6449621867960693,26.371714600827545,37.338628878933385,0.0,HMTD-MDE,65,case57
True,11,0.04,True,1,1,False,11,True,3.8671819781197475e-10,0.0002955651145503168,0.6449621867960693,26.842814646079205,39.82874515641016,0.0,HMTD-MDE,66,case57
True,7,0.04,False,20,20,False,7,True,4.556969661678429e-09,0.025269140638313318,0.6449621867960693,29.28762079682201,51.01004581956661,0.0,HMTD-MDE,67,case57
True,7,-0.04,False,20,20,False,7,True,5.187276602648633e-10,0.025269140528155588,0.6449621867960693,29.221089553902857,47.0017440413358,0.0,HMTD-MDE,68,case57
True,51,-0.04,False,20,20,False,51,True,0.29250957000526345,0.031096216877710706,0.6449621867960693,24.448091752128676,32.69232953607572,0.0,HMTD-MDE,69,case57
True,12,-0.04,True,1,1,False,12,True,3.8671819781197475e-10,6.506154484848831e-05,0.6449621867960693,28.61832510388922,36.89589404384609,0.0,HMTD-MDE,70,case57
True,17,-0.04,False,20,20,False,17,True,0.21352809882834856,0.037636709519536814,0.6449621867960693,26.161960349418223,31.24306077079385,0.0,HMTD-MDE,71,case57
True,35,0.04,True,1,1,False,35,True,3.8671808797200037e-10,0.0007903150392325828,0.6449621867960693,26.54349579825066,40.78661873936653,0.0,HMTD-MDE,72,case57
True,37,0.04,True,3,3,False,43,False,0.17168185636141753,0.009972203046063537,0.6449621867960693,24.27238745149225,31.482106563635178,0.0,HMTD-MDE,73,case57
True,11,0.04,True,1,1,False,11,True,3.8671819781197475e-10,0.0002955651145503168,0.6449621867960693,27.022310299798846,39.59980836953037,0.0,HMTD-MDE,74,case57
True,43,-0.04,False,20,20,False,43,True,0.1716149599405029,0.009970022162130996,0.6449621867960693,24.430966601357795,31.244577417965047,0.0,HMTD-MDE,75,case57
True,39,0.04,False,20,20,False,0,False,0.5932686663901429,0.3109733779506569,0.6449621867960693,28.644464508397505,40.56350475293585,0.0,HMTD-MDE,76,case57
True,41,-0.04,True,1,1,False,41,True,0.13215251736705744,0.0010031452245854707,0.6449621867960693,24.289352048072033,29.79616253869608,0.0,HMTD-MDE,77,case57
True,11,-0.04,True,1,1,False,11,True,3.8671819781197475e-10,0.0002955651145503168,0.6449621867960693,24.068416748195887,36.29999759141357,0.0,HMTD-MDE,78,case57
True,24,0.04,True,13,13,False,30,False,0.4051416392580633,0.016252924685866102,0.6449621867960693,26.15048760198988,33.890039310790605,0.0,HMTD-MDE,79,case57
True,26,-0.04,False,20,20,False,0,False,0.5823253660468549,0.35679582007419297,0.6449621867960693,27.226272848201916,38.43730412772858,0.0,HMTD-MDE,80,case57
True,37,0.04,False,20,20,False,43,False,0.17486029549395005,0.010114747702529866,0.6449621867960693,25.773068846319802,35.22665626951493,0.0,HMTD-MDE,81,case57
True,26,-0.04,False,20,20,False,0,False,0.5865670544527597,0.36481636467055756,0.6449621867960693,24.728647791198455,36.888019036268815,0.0,HMTD-MDE,82,case57
True,20,-0.04,True,2,2,False,20,True,0.2690702702282432,0.010500526824603163,0.6449621867960693,26.261525001609698,33.9390104461927,0.0,HMTD-MDE,83,case57
True,54,0.04,False,20,20,False,0,False,0.5784386928675846,0.2791784652491147,0.6449621867960693,25.79145850322675,34.2728211398935,0.0,HMTD-MDE,84,case57
True,31,0.04,False,20,20,False,31,True,0.43148217156695134,0.023068799468179236,0.6449621867960693,24.66455404937733,32.696985703660175,0.0,HMTD-MDE,85,case57
True,28,0.04,True,11,11,False,28,True,0.09108306775339423,0.02252353824170983,0.6449621867960693,25.921952156932093,31.190856249304503,0.0,HMTD-MDE,86,case57
True,26,-0.04,False,20,20,False,0,False,0.6101530302020524,0.3392106866922455,0.6449621867960693,24.856904198531993,31.89342500118073,0.0,HMTD-MDE,87,case57
True,17,-0.04,False,20,20,False,17,True,0.5275395700220818,0.08453043148056899,0.6449621867960693,27.913722905213945,42.771337207523196,0.0,HMTD-MDE,88,case57
True,55,-0.04,True,1,1,False,55,True,0.0142743952540235,0.0012620163449628455,0.6449621867960693,32.30627914890647,56.420555597287645,0.0,HMTD-MDE,89,case57
True,11,0.04,True,1,1,False,11,True,3.8671819781197475e-10,0.0002955651145503168,0.6449621867960693,35.000862649758346,46.134160421206616,0.0,HMTD-MDE,90,case57
True,48,-0.04,True,1,1,False,48,True,3.8671808797186145e-10,0.002753712702745942,0.6449621867960693,34.85134995135013,53.490990292630165,0.0,HMTD-MDE,91,case57
True,50,-0.04,True,1,1,False,49,False,0.1336475684645245,0.012631639548955463,0.6449621867960693,35.37253539834637,51.97861667547841,0.0,HMTD-MDE,92,case57
True,53,-0.04,True,1,1,False,52,False,0.26457630421669714,0.007292823610251507,0.6449621867960693,31.256656354526054,49.801681531243965,0.0,HMTD-MDE,93,case57
True,43,0.04,True,6,6,False,37,False,0.17145372801873793,0.00996532257517498,0.6449621867960693,30.460222950205207,50.08652050746605,0.0,HMTD-MDE,94,case57
True,40,-0.04,True,4,4,False,40,True,0.000808974002964188,0.01128288000435821,0.6449621867960693,36.64666464901529,68.93383123388053,0.0,HMTD-MDE,95,case57
True,10,-0.04,True,1,1,False,10,True,3.8671819781197475e-10,0.0007455511118699345,0.6449621867960693,27.668308303691447,47.997579758521184,0.0,HMTD-MDE,96,case57
True,14,0.04,True,7,7,False,14,True,3.867181978119748e-10,0.007593593808137527,0.6449621867960693,25.93657495744992,51.50577082531527,0.0,HMTD-MDE,97,case57
True,53,-0.04,True,1,1,False,53,True,0.21745652652879424,0.004764652902824318,0.6449621867960693,27.471154151135124,34.84689200704456,0.0,HMTD-MDE,98,case57
True,49,-0.04,False,20,20,False,49,True,0.1233373694669301,0.012980201516434949,0.6449621867960693,27.046612452249974,35.608772901468924,0.0,HMTD-MDE,99,case57
True,56,0.04,True,6,6,False,38,False,0.17144160101377046,0.015389855032371627,0.6449621867960693,29.737202095566317,46.407949950662456,0.0,HMTD-MDE,100,case57
True,17,-0.04,False,20,20,False,18,False,0.31927112804912955,0.025793200650676886,0.6449621867960693,30.65650005300995,61.66268126398792,0.0,HMTD-MDE,101,case57
True,12,0.04,True,1,1,False,12,True,3.8671819781197475e-10,6.506154484848831e-05,0.6449621867960693,28.342593894922175,39.857768759247854,0.0,HMTD-MDE,102,case57
True,48,-0.04,True,1,1,False,48,True,3.867180879718647e-10,0.002753712702745942,0.6449621867960693,29.204252193449065,47.707718753372326,0.0,HMTD-MDE,103,case57
True,31,0.04,False,20,20,False,31,True,0.42658127080886055,0.020078958572194248,0.6449621867960693,29.30857709434349,48.71749792364427,0.0,HMTD-MDE,104,case57
True,31,0.04,False,20,20,False,33,False,0.4398343942385358,0.028314180742235073,0.6449621867960693,26.455137290759012,33.15136394521689,0.0,HMTD-MDE,105,case57
True,41,-0.04,True,1,1,False,41,True,0.14413857504066008,0.0010179169349130803,0.6449621867960693,26.547214490710758,39.74567290279083,0.0,HMTD-MDE,106,case57
True,16,-0.04,False,20,20,False,0,False,0.5503340217539637,0.3742960759998441,0.6449621867960693,26.32253754127305,33.22964344988578,0.0,HMTD-MDE,107,case57
True,20,0.04,True,1,1,False,20,True,0.23236784904071123,0.007623782683603069,0.6449621867960693,23.422916798153892,31.63901101797819,0.0,HMTD-MDE,108,case57
True,50,0.04,True,1,1,False,50,True,0.17068524499676355,0.009290011667430336,0.6449621867960693,26.580750104039907,35.05424584436696,0.0,HMTD-MDE,109,case57
True,17,0.04,False,20,20,False,17,True,0.22441164061181232,0.037149686321401934,0.6449621867960693,25.69042500690557,30.88384229922667,0.0,HMTD-MDE,110,case57
True,41,0.04,True,1,1,False,41,True,0.021746918472077832,0.000932479243819484,0.6449621867960693,28.07655189826619,46.589985393802635,0.0,HMTD-MDE,111,case57
True,15,0.04,False,20,20,False,0,False,0.6008886557100147,0.34348062221629416,0.6449621867960693,25.38609184557572,39.19685479486362,0.0,HMTD-MDE,112,case57
True,12,-0.04,True,1,1,False,12,True,3.8671819781197475e-10,6.506154484848831e-05,0.6449621867960693,24.625352153088897,32.64293507672847,0.0,HMTD-MDE,113,case57
True,33,-0.04,False,20,20,False,33,True,0.59292849337104,0.11555908945592523,0.6449621867960693,29.277608351549134,45.48590450722259,0.0,HMTD-MDE,114,case57
True,8,0.04,True,1,1,False,8,True,3.8671819781197475e-10,0.00028489480589777717,0.6449621867960693,26.648214596207254,34.79552502976731,0.0,HMTD-MDE,115,case57
True,16,-0.04,False,20,20,False,0,False,0.5828589401746831,0.35436869097931306,0.6449621867960693,26.417550060432404,36.56256049871446,0.0,HMTD-MDE,116,case57
True,46,-0.04,False,20,20,False,0,False,0.5584887939046892,0.36842005908893927,0.6449621867960693,30.419491694192402,60.139137486112304,0.0,HMTD-MDE,117,case57
True,8,-0.04,True,1,1,False,8,True,3.8671819781197475e-10,0.00028489480589777717,0.6449621867960693,29.58669164800085,59.334375016624115,0.0,HMTD-MDE,118,case57
True,20,0.04,True,2,2,False,20,True,0.26215176338062085,0.00954954410226893,0.6449621867960693,27.32684805523604,47.46368396445179,0.0,HMTD-MDE,119,case57
True,52,-0.04,True,1,1,False,52,True,0.270332312458593,0.008222671228542214,0.6449621867960693,32.75917501014192,42.01266461459455,0.0,HMTD-MDE,120,case57
True,9,-0.04,True,2,2,False,9,True,3.8671819781197475e-10,0.0057420482213255955,0.6449621867960693,34.32593755715061,62.87714616919403,0.0,HMTD-MDE,121,case57
True,21,0.04,False,20,20,False,0,False,0.5548446979295256,0.3692895933154119,0.6449621867960693,35.34694799745921,49.21483686484864,0.0,HMTD-MDE,122,case57
True,43,0.04,True,1,1,False,43,True,0.17146709969220428,0.009965656279632706,0.6449621867960693,34.03376663918607,64.68601810338443,0.0,HMTD-MDE,123,case57
True,18,-0.04,True,9,9,False,18,True,0.2715193363613988,0.030744595854752223,0.6449621867960693,30.054433349869214,40.591733355540796,0.0,HMTD-MDE,124,case57
True,38,-0.04,True,18,18,False,38,True,0.1714416009440448,0.015389855031208717,0.6449621867960693,30.862295697443187,44.67555417504629,0.0,HMTD-MDE,125,case57
True,47,-0.04,False,20,20,False,0,False,0.6143831670974568,0.2639453751230578,0.6449621867960693,30.827949952799827,52.44788570562378,0.0,HMTD-MDE,126,case57
True,51,-0.04,False,20,20,False,51,True,0.20284109616221216,0.028567038258267577,0.6449621867960693,31.012468700646423,48.855583652039066,0.0,HMTD-MDE,127,case57
True,23,0.04,True,0,0,False,0,False,0.5955276911352699,0.3483081941046495,0.6449621867960693,28.9929625520017,40.20063120988198,0.0,HMTD-MDE,128,case57
True,40,0.04,True,6,6,False,40,True,0.001668579898183274,0.011278438981090379,0.6449621867960693,28.99303544545546,55.3592249780195,0.0,HMTD-MDE,129,case57
True,20,-0.04,True,1,1,False,19,False,0.20761512365217372,0.006747996649391539,0.6449621867960693,28.060943848686293,43.79466289537959,0.0,HMTD-MDE,130,case57
True,51,-0.04,False,20,20,False,51,True,0.12781751007197706,0.027056702423725303,0.6449621867960693,33.035191605449654,55.73296633956488,0.0,HMTD-MDE,131,case57
True,26,0.04,False,20,20,False,0,False,0.568507877501913,0.36377127777290413,0.6449621867960693,35.39799370337278,75.71858507581055,0.0,HMTD-MDE,132,case57
True,43,-0.04,True,7,7,False,37,False,0.1723231458849748,0.00999608188572302,0.6449621867960693,32.50519171124324,76.67969173635358,0.0,HMTD-MDE,133,case57
True,54,-0.04,False,20,20,False,0,False,0.5895537029004693,0.3507101201027991,0.6449621867960693,31.17242900771089,59.38672856718769,0.0,HMTD-MDE,134,case57
True,32,0.04,False,20,20,False,0,False,0.58988352690831,0.3575929456634457,0.6449621867960693,30.486545793246478,54.45416489965284,0.0,HMTD-MDE,135,case57
True,47,0.04,False,20,20,False,0,False,0.6249968710926082,0.32289874208699243,0.6449621867960693,24.7327769495314,31.938164564780894,0.0,HMTD-MDE,136,case57
True,51,0.04,True,2,2,False,51,True,0.1555847275311608,0.0325019168260112,0.6449621867960693,27.934718847973272,38.42028541548645,0.0,HMTD-MDE,137,case57
True,53,0.04,True,1,1,False,51,False,0.2418413684364703,0.012703378819895726,0.6449621867960693,29.155279204132967,42.7474919240922,0.0,HMTD-MDE,138,case57
True,54,0.04,False,20,20,False,45,False,0.5311336096364108,0.2046947171108579,0.6449621867960693,27.86799795285333,43.37714193970897,0.0,HMTD-MDE,139,case57
True,20,0.04,True,2,2,False,19,False,0.26354653779567794,0.009705646754950073,0.6449621867960693,28.79226648947224,45.52539518335835,0.0,HMTD-MDE,140,case57
True,52,0.04,True,1,1,False,51,False,0.26961772879838936,0.00995244514440616,0.6449621867960693,25.63118325197138,34.4752017816063,0.0,HMTD-MDE,141,case57
True,10,0.04,True,1,1,False,10,True,3.8671819781197475e-10,0.0007455511118699345,0.6449621867960693,28.152643793146126,35.775794406072244,0.0,HMTD-MDE,142,case57
True,12,-0.04,True,1,1,False,12,True,3.8671819781197475e-10,6.506154484848831e-05,0.6449621867960693,28.488358299364336,46.47827021253761,0.0,HMTD-MDE,143,case57
True,10,0.04,True,1,1,False,10,True,3.8671819781197475e-10,0.0007455511118699345,0.6449621867960693,26.727508296607994,38.60502223833465,0.0,HMTD-MDE,144,case57
True,11,-0.04,True,1,1,False,11,True,3.8671819781197475e-10,0.0002955651145503168,0.6449621867960693,32.03348965616897,49.121708344318954,0.0,HMTD-MDE,145,case57
True,25,-0.04,False,20,20,False,0,False,0.5950257090975155,0.3220180883573809,0.6449621867960693,31.828527007019144,60.41188511590008,0.0,HMTD-MDE,146,case57
True,36,0.04,True,1,1,False,36,True,3.867180879720312e-10,0.0008651682048311887,0.6449621867960693,30.208460404537618,46.85489135154059,0.0,HMTD-MDE,147,case57
True,44,-0.04,False,20,20,False,44,True,0.19791660702229621,0.09196805721567074,0.6449621867960693,35.10052909550723,80.07042708923109,0.0,HMTD-MDE,148,case57
True,24,0.04,True,7,7,False,31,False,0.4025519256571946,0.016405063059777427,0.6449621867960693,30.761283391620964,59.19417432742194,0.0,HMTD-MDE,149,case57
True,3,0.04,True,1,1,False,3,True,3.86718197811984e-10,0.0034832369284029763,0.6449621867960693,36.796487506944686,71.05482921178918,0.0,HMTD-MDE,150,case57
True,42,0.04,False,20,20,False,42,True,3.3385075402341125e-09,0.03399701615423217,0.6449621867960693,29.705854252097197,39.5922148891259,0.0,HMTD-MDE,151,case57
True,23,0.04,False,20,20,False,0,False,0.6262235408335969,0.30889515751421803,0.6449621867960693,31.829941645264626,48.73694370908198,0.0,HMTD-MDE,152,case57
True,45,0.04,False,20,20,False,45,True,1.1970678889162588e-09,0.02250114295671235,0.6449621867960693,30.902587549644522,47.66109798802066,0.0,HMTD-MDE,153,case57
True,24,-0.04,True,15,15,False,34,False,0.4021769400857685,0.016318232428114518,0.6449621867960693,31.701035297010094,51.49546251632273,0.0,HMTD-MDE,154,case57
True,22,-0.04,False,20,20,False,0,False,0.628439588660667,0.2532584173939186,0.6449621867960693,37.188722789869644,76.57959134085104,0.0,HMTD-MDE,155,case57
True,23,0.04,False,20,20,False,0,False,0.5522650722765726,0.3728758654355241,0.6449621867960693,27.18653965566773,40.80910030461383,0.0,HMTD-MDE,156,case57
True,54,0.04,False,20,20,False,54,True,0.2711519487646994,0.06041662193193026,0.6449621867960693,29.878947851830162,44.197010732023045,0.0,HMTD-MDE,157,case57
True,33,-0.04,False,20,20,False,0,False,0.6751440749843984,0.24468083610560018,0.6449621867960693,27.411012398079038,47.11818270443474,0.0,HMTD-MDE,158,case57
True,39,-0.04,False,20,20,False,0,False,0.5616535454009044,0.3668485952865117,0.6449621867960693,26.45114164624829,36.10988571017515,0.0,HMTD-MDE,159,case57
True,13,0.04,True,1,1,False,13,True,3.8671819781197475e-10,0.00024296946723677138,0.6449621867960693,30.287739646155387,48.35110827407335,0.0,HMTD-MDE,160,case57
True,38,0.04,False,20,20,False,56,False,0.1714416009440448,0.015389855031208714,0.6449621867960693,26.167081447783858,35.81993991101627,0.0,HMTD-MDE,161,case57
True,35,0.04,True,1,1,False,35,True,3.867180879718642e-10,0.0007903150392325828,0.6449621867960693,30.8976873930078,43.26420270663221,0.0,HMTD-MDE,162,case57
True,26,-0.04,False,20,20,False,0,False,0.5712153141603451,0.36844900595015373,0.6449621867960693,28.998783297720365,40.547910399618566,0.0,HMTD-MDE,163,case57
True,1,0.04,False,20,20,False,0,False,0.5783364778408263,0.3678357400131847,0.6449621867960693,33.232591656269506,67.11019577342086,0.0,HMTD-MDE,164,case57
True,49,-0.04,True,6,6,False,49,True,0.16317472713174375,0.011270562969173267,0.6449621867960693,29.199412453453988,44.98906429798809,0.0,HMTD-MDE,165,case57
True,40,0.04,True,5,5,False,40,True,0.0004910753220021518,0.011284408839151263,0.6449621867960693,32.469962546019815,79.58799580810594,0.0,HMTD-MDE,166,case57
True,40,0.04,True,4,4,False,40,True,0.0006487991737321869,0.011283616865332595,0.6449621867960693,29.928760396433063,50.75740181200674,0.0,HMTD-MDE,167,case57
True,28,0.04,False,20,20,False,28,True,0.012988937173675642,0.021189928112653786,0.6449621867960693,30.11536045523826,42.88788957928775,0.0,HMTD-MDE,168,case57
True,38,0.04,False,20,20,False,38,True,0.17144160094799968,0.015389855031280222,0.6449621867960693,30.29476460069418,62.880327377934016,0.0,HMTD-MDE,169,case57
True,27,0.04,False,20,20,False,27,True,0.13236185211675083,0.03033612100008833,0.6449621867960693,26.768710391479544,36.502122567617334,0.0,HMTD-MDE,170,case57
True,30,-0.04,False,20,20,False,31,False,0.4029548699618957,0.016402594983100337,0.6449621867960693,27.23729375284165,35.76757529517636,0.0,HMTD-MDE,171,case57
True,31,-0.04,False,20,20,False,31,True,0.4362053630568012,0.027893376005030595,0.6449621867960693,30.609883306897245,45.98261815262959,0.0,HMTD-MDE,172,case57
True,27,0.04,False,20,20,False,27,True,0.1205045119338724,0.030776896942419075,0.6449621867960693,26.610493796761148,33.77765449986328,0.0,HMTD-MDE,173,case57
True,51,0.04,False,20,20,False,51,True,0.16152586799578805,0.025885552129024308,0.6449621867960693,31.543893748312257,47.424187153228566,0.0,HMTD-MDE,174,case57
True,28,0.04,False,20,20,False,28,True,0.018546692868403283,0.021250538990722333,0.6449621867960693,30.73491033865139,41.97533567203211,0.0,HMTD-MDE,175,case57
True,33,-0.04,False,20,20,False,0,False,0.6478717885890489,0.3172927490497604,0.6449621867960693,27.258058247389272,32.9741059395019,0.0,HMTD-MDE,176,case57
True,20,-0.04,True,4,4,False,18,False,0.2718984861493777,0.012362109377189713,0.6449621867960693,31.826270848978307,58.76257854688448,0.0,HMTD-MDE,177,case57
True,5,0.04,True,1,1,False,5,True,3.8671819781197475e-10,0.00192160191471911,0.6449621867960693,30.365368849015795,62.75850833626465,0.0,HMTD-MDE,178,case57
True,38,0.04,False,20,20,False,38,True,0.1714416009440448,0.015389855031208714,0.6449621867960693,31.412997949519198,57.96826010919177,0.0,HMTD-MDE,179,case57
True,52,-0.04,True,1,1,False,52,True,0.270428975090927,0.008249212710966597,0.6449621867960693,36.86627300630789,71.69414441159462,0.0,HMTD-MDE,180,case57
True,48,0.04,True,1,1,False,48,True,3.8671808797186254e-10,0.002753712702745942,0.6449621867960693,38.88227489369456,75.73962263122671,0.0,HMTD-MDE,181,case57
True,32,-0.04,False,20,20,False,0,False,0.5791440056914382,0.36102719204689415,0.6449621867960693,31.879408244276416,41.704470844706535,0.0,HMTD-MDE,182,case57
True,48,0.04,True,1,1,False,48,True,3.8671808797187495e-10,0.002753712702745942,0.6449621867960693,29.316922844736837,51.87193267920521,0.0,HMTD-MDE,183,case57
True,48,0.04,True,1,1,False,48,True,3.8671808797186166e-10,0.002753712702745942,0.6449621867960693,34.927056354354136,53.058986089308775,0.0,HMTD-MDE,184,case57
True,5,0.04,True,1,1,False,5,True,4.115783220222055e-10,0.00192160191472078,0.6449621867960693,36.10176869260613,63.26771633175668,0.0,HMTD-MDE,185,case57
True,41,0.04,True,1,1,False,41,True,0.051974966129560866,0.0009448710222471374,0.6449621867960693,30.540620858664624,50.3425538307056,0.0,HMTD-MDE,186,case57
True,29,-0.04,True,10,10,False,31,False,0.40783971819232195,0.017214348861223562,0.6449621867960693,30.607020945171826,44.39961874450091,0.0,HMTD-MDE,187,case57
True,10,-0.04,True,1,1,False,10,True,3.8671819781197475e-10,0.0007455511118699345,0.6449621867960693,27.639200052362867,47.385304511408336,0.0,HMTD-MDE,188,case57
True,13,0.04,True,1,1,False,13,True,3.8671819781197475e-10,0.00024296946723677138,0.6449621867960693,31.513768702279773,58.64999789628201,0.0,HMTD-MDE,189,case57
True,7,-0.04,False,20,20,False,7,True,3.203963290325624e-09,0.025269140662474366,0.6449621867960693,25.69967494928278,32.40373271110003,0.0,HMTD-MDE,190,case57
True,34,-0.04,False,20,20,False,31,False,0.41298383789523546,0.017652621332250578,0.6449621867960693,33.21595404704567,66.34810765681323,0.0,HMTD-MDE,191,case57
True,23,-0.04,False,20,20,False,0,False,0.5960515121252135,0.3446436845661733,0.6449621867960693,31.014023002353497,54.003604798344895,0.0,HMTD-MDE,192,case57
True,22,-0.04,False,20,20,False,0,False,0.5831178874782345,0.3589280291497964,0.6449621867960693,32.785812503425404,50.84978746308481,0.0,HMTD-MDE,193,case57
True,53,-0.04,True,1,1,False,53,True,0.269815101320997,0.008094558082026488,0.6449621867960693,29.990323007223196,49.82939615147189,0.0,HMTD-MDE,194,case57
True,40,0.04,True,1,1,False,40,True,0.00047605572984399846,0.011284435356123865,0.6449621867960693,26.49833125178702,33.73771103215404,0.0,HMTD-MDE,195,case57
True,4,-0.04,False,20,20,False,0,False,0.5974251065196479,0.31573838316627123,0.6449621867960693,27.777735504787415,44.58096038142685,0.0,HMTD-MDE,196,case57
True,23,0.04,False,20,20,False,0,False,0.5919799801323044,0.3499557243473296,0.6449621867960693,29.160181304905564,43.19941487920006,0.0,HMTD-MDE,197,case57
True,17,0.04,False,20,20,False,20,False,0.32337606100598965,0.014526547604357088,0.6449621867960693,29.06631864316296,40.62231250281913,0.0,HMTD-MDE,198,case57
True,28,0.04,False,20,20,False,28,True,0.1475008636964198,0.024474120450138293,0.6449621867960693,27.755170842283405,38.69372532935813,0.0,HMTD-MDE,199,case57
False,0,0.0,False,20,20,False,0,True,0.5632292570355817,0.3676571286471531,0.6449621867960693,29.860795906279236,38.46384230710104,0.0,HMTD-MDE,200,case57
False,0,0.0,False,20,20,False,0,True,0.5601218490208009,0.3658425593545811,0.6449621867960693,38.04202500323299,71.5888808976161,0.0,HMTD-MDE,201,case57
False,0,0.0,False,20,20,False,0,True,0.5699155549198194,0.36384586723176743,0.6449621867960693,27.50069173926022,41.472108635935015,0.0,HMTD-MDE,202,case57
False,0,0.0,False,20,20,False,0,True,0.5695607844992122,0.35773192447623026,0.6449621867960693,33.44671670347452,63.686197920469574,0.0,HMTD-MDE,203,case57
False,0,0.0,False,20,20,False,0,True,0.6153783413506847,0.3179492125238157,0.6449621867960693,26.30854994931724,43.40490267495625,0.0,HMTD-MDE,204,case57
False,0,0.0,False,20,20,False,0,True,0.5474561364583068,0.37293341079228903,0.6449621867960693,30.171152000548318,51.922466349788024,0.0,HMTD-MDE,205,case57
False,0,0.0,False,20,20,False,0,True,0.5984099341141399,0.3258998872992952,0.6449621867960693,28.09319374791812,41.05473752133549,0.0,HMTD-MDE,206,case57
False,0,0.0,False,20,20,False,0,True,0.5648509898179376,0.3671652304813805,0.6449621867960693,27.843781249248423,37.177752386196524,0.0,HMTD-MDE,207,case57
False,0,0.0,False,20,20,False,0,True,0.559065400036149,0.364050490154818,0.6449621867960693,28.721887548454106,38.2013021153398,0.0,HMTD-MDE,208,case57
False,0,0.0,False,20,20,False,0,True,0.5763541773303843,0.3633595335678011,0.6449621867960693,28.271427200525068,42.38354615808931,0.0,HMTD-MDE,209,case57
False,0,0.0,False,20,20,False,0,True,0.6055525710302997,0.3388051773341609,0.6449621867960693,34.878591491724364,66.6592473135097,0.0,HMTD-MDE,210,case57
False,0,0.0,False,20,20,False,0,True,0.5396456382331591,0.37654500256548995,0.6449621867960693,34.40100004081614,61.71405830536969,0.0,HMTD-MDE,211,case57
False,0,0.0,False,20,20,False,0,True,0.5684908900359539,0.3628581392676361,0.6449621867960693,31.244351947680116,45.22258751676418,0.0,HMTD-MDE,212,case57
False,0,0.0,False,20,20,False,0,True,0.5493691079812365,0.37428014717408586,0.6449621867960693,32.79415830911603,53.3304979093373,0.0,HMTD-MDE,213,case57
False,0,0.0,True,1,1,True,0,True,0.6387376535784547,0.31833812405348216,0.6449621867960693,32.141014756052755,71.79411605466159,0.0,HMTD-MDE,214,case57
False,0,0.0,False,20,20,False,0,True,0.5940435646756401,0.35289844954915567,0.6449621867960693,33.298137548263185,77.71721903700382,0.0,HMTD-MDE,215,case57
False,0,0.0,False,20,20,False,0,True,0.5644928571662339,0.3678205851346501,0.6449621867960693,31.04180004738737,52.82402052544058,0.0,HMTD-MDE,216,case57
False,0,0.0,False,20,20,False,0,True,0.5445418562166042,0.37594624200938576,0.6449621867960693,27.663356147240847,37.921768418164,0.0,HMTD-MDE,217,case57
False,0,0.0,False,20,20,False,0,True,0.5975081063188967,0.285908713410419,0.6449621867960693,36.738458345644176,89.44378333108038,0.0,HMTD-MDE,218,case57
False,0,0.0,False,20,20,False,0,True,0.619165434814553,0.33386023950753146,0.6449621867960693,29.780666751321405,41.063427069457276,0.0,HMTD-MDE,219,case57
False,0,0.0,False,20,20,False,0,True,0.5757181049660046,0.35643913648463865,0.6449621867960693,36.18729999579955,67.00450386269955,0.0,HMTD-MDE,220,case57
False,0,0.0,False,20,20,False,0,True,0.5773061470040711,0.36301517207384504,0.6449621867960693,32.93076665722765,59.15712888527199,0.0,HMTD-MDE,221,case57
False,0,0.0,False,20,20,False,0,True,0.5894644695635807,0.3564236740975092,0.6449621867960693,31.75794589915313,52.478420839179336,0.0,HMTD-MDE,222,case57
False,0,0.0,False,20,20,False,0,True,0.5887323801916639,0.34971678950807394,0.6449621867960693,30.6261018558871,47.53905145335012,0.0,HMTD-MDE,223,case57
False,0,0.0,False,20,20,False,0,True,0.5650978318118491,0.36361946232300024,0.6449621867960693,29.641464588348754,40.839939273428186,0.0,HMTD-MDE,224,case57
False,0,0.0,False,20,20,False,0,True,0.5703191198731703,0.3584161359010867,0.6449621867960693,31.949241610709578,54.18187296891119,0.0,HMTD-MDE,225,case57
False,0,0.0,False,20,20,False,0,True,0.5851880619498685,0.35596448651805396,0.6449621867960693,41.22873964661267,94.88247911504007,0.0,HMTD-MDE,226,case57
False,0,0.0,False,20,20,False,0,True,0.5828794443566468,0.3481531910899163,0.6449621867960693,28.063456289237365,40.96988478850109,0.0,HMTD-MDE,227,case57
False,0,0.0,False,20,20,False,0,True,0.6205620453288563,0.25248636191243473,0.6449621867960693,30.698810296598822,46.85401901369915,0.0,HMTD-MDE,228,case57
False,0,0.0,False,20,20,False,0,True,0.5669959266996144,0.3615387092287909,0.6449621867960693,27.132651998545043,42.14474824548234,0.0,HMTD-MDE,229,case57
False,0,0.0,True,17,17,True,0,True,0.5556260249453627,0.3664486556558237,0.6449621867960693,31.966698056203313,60.37192709918601,0.0,HMTD-MDE,230,case57
False,0,0.0,False,20,20,False,0,True,0.5942830541963118,0.3446125824139808,0.6449621867960693,28.744206397095695,46.09856486495119,0.0,HMTD-MDE,231,case57
False,0,0.0,False,20,20,False,0,True,0.5493947932098966,0.37437760604641557,0.6449621867960693,28.757831300026737,51.69963897787966,0.0,HMTD-MDE,232,case57
False,0,0.0,False,20,20,False,0,True,0.5392579911537477,0.3769588975660191,0.6449621867960693,27.32164564949926,44.748779537621886,0.0,HMTD-MDE,233,case57
False,0,0.0,False,20,20,False,0,True,0.6207745401582865,0.3335756285126238,0.6449621867960693,31.550697842612863,45.14058303320781,0.0,HMTD-MDE,234,case57
False,0,0.0,True,3,3,True,0,True,0.665903280430998,0.26835818135586487,0.6449621867960693,30.023381300270557,43.46015141054523,0.0,HMTD-MDE,235,case57
False,0,0.0,False,20,20,False,0,True,0.5997232423295831,0.3378654382021222,0.6449621867960693,29.358058358775452,36.90650688949974,0.0,HMTD-MDE,236,case57
False,0,0.0,False,20,20,False,0,True,0.5605854325140975,0.3681793062759857,0.6449621867960693,33.83320009743329,71.28046425059438,0.0,HMTD-MDE,237,case57
False,0,0.0,False,20,20,False,0,True,0.5780993391646336,0.36048516858796187,0.6449621867960693,33.588585298275575,58.216803506365984,0.0,HMTD-MDE,238,case57
False,0,0.0,False,20,20,False,0,True,0.586363624136982,0.3530406224678893,0.6449621867960693,33.41785620432347,53.324287835857874,0.0,HMTD-MDE,239,case57
False,0,0.0,False,20,20,False,0,True,0.5706304174603194,0.3629162575877499,0.6449621867960693,32.31281655316707,46.576429824926905,0.0,HMTD-MDE,240,case57
False,0,0.0,False,20,20,False,0,True,0.564494535209152,0.37121523505235476,0.6449621867960693,14.954141655471176,17.346341654774733,0.0,HMTD-MDE,241,case57
False,0,0.0,True,16,16,True,0,True,0.5500440672678127,0.37306598819776404,0.6449621867960693,11.827177152736112,13.406485380255617,0.0,HMTD-MDE,242,case57
False,0,0.0,False,20,20,False,0,True,0.5461174679723866,0.3739814666200633,0.6449621867960693,34.191072947578505,48.308083662414006,0.0,HMTD-MDE,243,case57
False,0,0.0,False,20,20,False,0,True,0.5783958026104323,0.36268903213850856,0.6449621867960693,15.477579095750116,17.641839894349687,0.0,HMTD-MDE,244,case57
False,0,0.0,False,20,20,False,0,True,0.6263799473946596,0.3181701696005215,0.6449621867960693,12.044187352876179,13.664747614529915,0.0,HMTD-MDE,245,case57
False,0,0.0,False,20,20,False,0,True,0.573836728918834,0.36374258851243135,0.6449621867960693,29.190729049150832,43.04591461841484,0.0,HMTD-MDE,246,case57
False,0,0.0,False,20,20,False,0,True,0.552197850806052,0.3765006294184104,0.6449621867960693,14.622366608818993,17.2280583094107,0.0,HMTD-MDE,247,case57
False,0,0.0,False,20,20,False,0,True,0.6078028039732156,0.3418598466392524,0.6449621867960693,11.753308298648335,12.48771941754967,0.0,HMTD-MDE,248,case57
False,0,0.0,False,20,20,False,0,True,0.5804981469733835,0.3651578822232212,0.6449621867960693,29.268375056562945,45.897200316539966,0.0,HMTD-MDE,249,case57
True,26,-0.04,True,3,3,False,26,True,0.1714416009441749,0.004170119817699051,0.4796691154681159,387.0399021951016,527.1186315105308,0.0,MS-HIDE,0,case57
True,49,-0.04,True,1,1,False,49,True,4.265858192654436e-10,0.0016130129423518533,0.4407417890514927,287.3718791466672,362.2006749996217,0.0,MS-HIDE,1,case57
True,53,-0.04,True,1,1,False,52,False,0.171441600947596,0.0015268310330088586,0.4495417380822841,283.6464936466655,326.3914291543188,0.0,MS-HIDE,2,case57
True,37,0.04,True,1,1,False,37,True,0.17144160094950736,0.0015616745182058527,0.5334111506249117,374.2297250457341,452.28756042488504,0.0,MS-HIDE,3,case57
True,46,0.04,True,17,17,False,0,False,0.4535569239902754,0.3274535486531365,0.49892248588204885,285.4553729528561,337.3751541745151,0.0,MS-HIDE,4,case57
True,17,0.04,True,3,3,False,17,True,0.002703859297318123,0.00788318253952118,0.5083502976183366,282.39336039405316,352.53790799179114,0.0,MS-HIDE,5,case57
True,24,0.04,True,3,3,False,29,False,0.171441601070441,0.002072505558585046,0.6692858702294886,378.59876664879266,429.10720834625073,0.0,MS-HIDE,6,case57
True,3,0.04,True,1,1,False,3,True,3.8671819781197475e-10,0.0010234120718180608,0.46679411637890617,292.05572090286296,341.25223474984523,0.0,MS-HIDE,7,case57
True,8,-0.04,True,1,1,False,8,True,3.8671819781197475e-10,0.0003177869000190791,0.3394475328782709,288.103610498365,334.6550648857374,0.0,MS-HIDE,8,case57
True,22,0.04,False,20,20,False,0,False,0.4831873888667887,0.3082936832837846,0.4707811664753304,377.8987937432248,437.8677478875046,0.0,MS-HIDE,9,case57
True,29,-0.04,True,2,2,False,24,False,0.17144160103669115,0.002072505558888803,0.6766243854853351,289.4598978484282,328.3521621284308,0.0,MS-HIDE,10,case57
True,28,-0.04,True,1,1,False,28,True,1.3866554926884086e-09,0.0011222732837502592,0.35460350804510354,293.36945000104606,364.96296394907404,0.0,MS-HIDE,11,case57
True,8,0.04,True,1,1,False,8,True,3.8671819781197475e-10,0.0003177869002985445,0.34027054429886283,383.5219373955624,517.5522920064406,0.0,MS-HIDE,12,case57
True,28,-0.04,True,2,2,False,28,True,1.3653937604816286e-09,0.001122273283390422,0.37057343640681584,289.784375106683,340.3575205622474,0.0,MS-HIDE,13,case57
True,22,0.04,False,20,20,False,0,False,0.4833378963951998,0.27406566616840244,0.5257733651957028,284.1387208492961,341.1668850982096,0.0,MS-HIDE,14,case57
True,26,0.04,True,3,3,False,25,False,0.1714416009440448,0.004202867921123709,0.4916193824379803,371.7659165500663,414.56781839078883,0.0,MS-HIDE,15,case57
True,40,-0.04,True,11,11,False,40,True,3.6243800628787487e-07,0.007675200573172656,0.4765945135317163,289.9587729014456,356.4135642547626,0.0,MS-HIDE,16,case57
True,1,-0.04,False,20,20,False,1,True,0.00019275804959572465,0.024738718553600453,0.45229442840313544,288.694635394495,357.2362360457191,0.0,MS-HIDE,17,case57
True,37,-0.04,True,1,1,False,37,True,0.17144160094404476,0.0016562590951360065,0.5149884348548092,371.38566050562076,425.14046493743194,0.0,MS-HIDE,18,case57
True,42,-0.04,True,2,2,False,42,True,3.8671808797186145e-10,0.0020954845314066274,0.5669330636629529,291.73957080347463,369.4076292333193,0.0,MS-HIDE,19,case57
True,32,0.04,False,20,20,False,0,False,0.4292725280388079,0.3366361457594586,0.5043178178426346,285.08777494716924,332.7400184731232,0.0,MS-HIDE,20,case57
True,20,0.04,True,1,1,False,20,True,0.1714416009440448,0.001899389627521945,0.519550247297401,369.8955915053375,431.6523252869969,0.0,MS-HIDE,21,case57
True,46,0.04,False,20,20,False,0,False,0.42073119539841164,0.3340260891083007,0.533965902724124,287.1498644031817,362.1765232121106,0.0,MS-HIDE,22,case57
True,42,0.04,True,3,3,False,42,True,3.8671808797186145e-10,0.002095484531212994,0.5414633863351833,286.8456918047741,341.57115690177307,0.0,MS-HIDE,23,case57
True,56,-0.04,True,3,3,False,38,False,0.17144160094404476,0.00509470487524591,0.5508941982798531,378.66354590223636,463.16181520233044,0.0,MS-HIDE,24,case57
True,53,0.04,True,1,1,False,52,False,0.17144160094404476,0.00152665842094307,0.4460921319437757,283.7870790506713,356.8639336444903,0.0,MS-HIDE,25,case57
True,48,0.04,True,1,1,False,48,True,3.867180879718616e-10,0.0012942536278235767,0.38816757577023986,289.36304995731916,343.0986253049923,0.0,MS-HIDE,26,case57
True,24,-0.04,True,2,2,False,24,True,0.17144160097484193,0.0020725055586728026,0.6804454217908515,374.2755895043956,444.8234214243724,0.0,MS-HIDE,27,case57
True,20,0.04,True,1,1,False,19,False,0.1714416009440448,0.0019001977700408917,0.5339973994443932,293.62415840441827,372.8983973502182,0.0,MS-HIDE,28,case57
True,34,-0.04,True,2,2,False,34,True,3.867180879719484e-10,0.0020993388474523362,0.4634399029650444,295.2895624941448,373.70918685628567,0.0,MS-HIDE,29,case57
True,11,-0.04,True,1,1,False,11,True,3.8671819781197475e-10,0.00036839150146271833,0.3424478073616517,279.68979795405176,333.83063960645813,0.0,MS-HIDE,30,case57
True,38,0.04,True,3,3,False,56,False,0.17144160094404476,0.005094704799048432,0.5602728051661255,273.67381874937564,334.4945542194182,0.0,MS-HIDE,31,case57
True,32,0.04,False,20,20,False,0,False,0.42692836596508477,0.3359840418755316,0.5226316330739487,255.10388334805612,333.8851020671427,0.0,MS-HIDE,32,case57
True,15,-0.04,False,20,20,False,0,False,0.4266190959338486,0.32610417106776307,0.5225162832982897,281.1069104587659,352.0704252907308,0.0,MS-HIDE,33,case57
True,36,0.04,True,1,1,False,36,True,3.8671811543196014e-10,0.0007148334759064396,0.3746310625035559,290.60683535353746,339.13708395848516,0.0,MS-HIDE,34,case57
True,26,0.04,True,1,1,False,25,False,0.1714416009440448,0.004206871205223952,0.4999716669985881,290.1191085053142,360.68377709016204,0.0,MS-HIDE,35,case57
True,28,0.04,True,1,1,False,28,True,1.1621811867584778e-09,0.001122273283444504,0.3610567736983548,286.9515271479031,345.84401465253904,0.0,MS-HIDE,36,case57
True,3,0.04,True,2,2,False,3,True,3.8671819781197475e-10,0.0010234120715768371,0.47033267994961503,294.1049331537215,354.824256215943,0.0,MS-HIDE,37,case57
True,6,0.04,True,1,1,False,6,True,3.8671819781197915e-10,0.0010506935694074902,0.4789864042985631,291.66682095383294,365.64562079147436,0.0,MS-HIDE,38,case57
True,51,-0.04,True,3,3,False,51,True,3.869127752136967e-10,0.004248720643485353,0.4632012365448426,287.3464250413235,327.46570803574286,0.0,MS-HIDE,39,case57
True,17,0.04,True,5,5,False,17,True,0.03405737296075318,0.0025945095233157276,0.479874903887928,302.9065789945889,375.32605652522767,0.0,MS-HIDE,40,case57
True,49,-0.04,True,1,1,False,49,True,3.8671808797186874e-10,0.0016490029448002906,0.4407417890514927,283.4455853997497,344.81066217704216,0.0,MS-HIDE,41,case57
True,19,-0.04,True,2,2,False,20,False,0.1714416009440448,0.0018963231586541518,0.507608563418325,290.7750124431914,347.54745142709,0.0,MS-HIDE,42,case57
True,31,0.04,True,1,1,False,30,False,0.02718048276407908,0.0020817288972731743,0.43709552817950625,282.9918853996787,317.87806451902725,0.0,MS-HIDE,43,case57
True,55,0.04,True,1,1,False,55,True,3.920073455869798e-10,0.0008710260659507293,0.35592617937266596,281.9388041563798,338.44982885639183,0.0,MS-HIDE,44,case57
True,2,0.04,True,2,2,False,2,True,3.8671819781197656e-10,0.001558553134258431,0.49369174435510954,280.09400635492057,331.41622504626866,0.0,MS-HIDE,45,case57
True,34,-0.04,True,1,1,False,34,True,3.8671808797186145e-10,0.002131777579847414,0.46422825571819504,288.4081249998417,342.9132423043484,0.0,MS-HIDE,46,case57
True,14,-0.04,True,1,1,False,14,True,3.8671819781197734e-10,0.0013023726319667743,0.5148487654155617,291.2771062081447,354.4391812814865,0.0,MS-HIDE,47,case57
True,1,0.04,False,20,20,False,1,True,0.000680899311391331,0.027030791046114937,0.5091218309805496,286.1475396435708,323.2606271049008,0.0,MS-HIDE,48,case57
True,34,-0.04,True,3,3,False,34,True,3.9316487626338114e-10,0.0020963463459576052,0.46193303172416794,280.55748964543454,343.8380877953023,0.0,MS-HIDE,49,case57
True,40,-0.04,True,14,14,False,40,True,6.091569135294599e-09,0.007667186146521078,0.40787497152599184,290.57558130589314,355.8272771129851,0.0,MS-HIDE,50,case57
True,27,-0.04,True,1,1,False,27,True,4.799005248189328e-10,0.001174664711218814,0.3628109262319663,291.16290619422216,339.3228943430586,0.0,MS-HIDE,51,case57
True,44,-0.04,True,3,3,False,44,True,1.9142103617768304e-05,0.0037935841754579837,0.5268288267075082,282.7995750994887,331.43910240614787,0.0,MS-HIDE,52,case57
True,1,0.04,False,20,20,False,1,True,0.00020749618258593492,0.02501132865646052,0.483100574553205,282.1847875020467,347.39658510370646,0.0,MS-HIDE,53,case57
True,20,-0.04,True,2,2,False,20,True,0.1714416009440448,0.0018982368904307987,0.5177429073417457,288.0413144506747,334.3431020679418,0.0,MS-HIDE,54,case57
True,41,-0.04,True,1,1,False,41,True,4.0220044857705564e-10,0.0006132213469075278,0.35166287562564413,289.2857894010376,342.81864759977907,0.0,MS-HIDE,55,case57
True,25,0.04,True,2,2,False,26,False,0.17144160094423472,0.004170120092776389,0.4490285580734841,288.0507020949153,357.0014621858718,0.0,MS-HIDE,56,case57
True,33,0.04,True,15,15,False,33,True,1.4554876021268609e-05,0.014157952136756764,0.4446834571747753,288.5525458958,344.08161664614454,0.0,MS-HIDE,57,case57
True,42,-0.04,True,2,2,False,42,True,3.8671808797186145e-10,0.0020954845316290558,0.5679989265671327,278.0927581974538,320.1583687477978,0.0,MS-HIDE,58,case57
True,21,0.04,False,20,20,False,0,False,0.4458663413350239,0.32972598804932113,0.5520364524908327,288.59563544683624,362.60330355144106,0.0,MS-HIDE,59,case57
True,36,-0.04,True,1,1,False,36,True,3.867180879721284e-10,0.0007148334763384611,0.37313425791769705,256.7904083611211,331.2379270559177,0.0,MS-HIDE,60,case57
True,46,0.04,False,20,20,False,0,False,0.44520951778229984,0.3260412443359929,0.5527352204711432,257.9768000432523,344.1390273714205,0.0,MS-HIDE,61,case57
True,56,0.04,True,3,3,False,38,False,0.1714416009440448,0.005094704816581693,0.540549007466255,265.46095000521746,352.7212639746722,0.0,MS-HIDE,62,case57
True,8,-0.04,True,2,2,False,8,True,3.8671819781197475e-10,0.0003177869002325071,0.3360188810487895,283.0854166968493,336.92053958948236,0.0,MS-HIDE,63,case57
True,2,0.04,True,1,1,False,2,True,3.867181978119759e-10,0.0015585531342639117,0.5006740174634274,282.15092715690844,330.63313546590507,0.0,MS-HIDE,64,case57
True,43,0.04,True,1,1,False,43,True,0.17144160113014395,0.0015646421720127443,0.5138705691460236,286.6222856013337,381.09465061861556,0.0,MS-HIDE,65,case57
True,11,0.04,True,1,1,False,11,True,3.8671819781197475e-10,0.0003683915006784564,0.33743029460712765,283.48165200150106,342.51795897143893,0.0,MS-HIDE,66,case57
True,7,0.04,False,20,20,False,7,True,3.8671819781197506e-10,0.013721480763422425,0.5417929197800307,284.374639543239,326.7409812484403,0.0,MS-HIDE,67,case57
True,7,-0.04,False,20,20,False,7,True,3.9227351299314374e-10,0.01372076737314984,0.539862740152598,286.3442125468282,369.6651892445516,0.0,MS-HIDE,68,case57
True,51,-0.04,True,3,3,False,51,True,3.9305415554847845e-10,0.004226153272340225,0.4527331134497563,283.2847771496745,332.8815568005666,0.0,MS-HIDE,69,case57
True,12,-0.04,True,1,1,False,12,True,3.8671819781197475e-10,0.0002901152597598226,0.27540479289454173,284.7436626092531,340.5709503451362,0.0,MS-HIDE,70,case57
True,17,-0.04,True,3,3,False,17,True,0.001621067702580272,0.002549776566774107,0.5152415259228256,284.3150209984742,345.8556410332677,0.0,MS-HIDE,71,case57
True,35,0.04,True,1,1,False,35,True,3.8671808797186145e-10,0.0009331971383940741,0.32818164532036603,283.23429580777884,343.8723420054885,0.0,MS-HIDE,72,case57
True,37,0.04,True,1,1,False,43,False,0.1714416009508751,0.001564659889450288,0.5185287529998509,272.3409814032493,325.24810423201416,0.0,MS-HIDE,73,case57
True,11,0.04,True,1,1,False,11,True,3.8671819781197475e-10,0.0003683915015089427,0.3392781705445239,271.25641859311145,322.6498124888167,0.0,MS-HIDE,74,case57
True,43,-0.04,True,1,1,False,37,False,0.1714416009752386,0.0015619078467854126,0.5216486588905789,289.2962978454307,355.45012500952004,0.0,MS-HIDE,75,case57
True,39,0.04,True,2,2,False,39,True,3.867180879718649e-10,0.003647474192318536,0.5015297357935581,281.9312041916419,323.09627882787026,0.0,MS-HIDE,76,case57
True,41,-0.04,True,1,1,False,41,True,4.0318839611769116e-10,0.0006132213468806799,0.3621691319762279,284.6250396454707,364.2978069401579,0.0,MS-HIDE,77,case57
True,11,-0.04,True,1,1,False,11,True,3.8671819781197475e-10,0.0003683915014164428,0.33576762064856125,290.19602725456934,355.0292687868932,0.0,MS-HIDE,78,case57
True,24,0.04,True,1,1,False,24,True,0.1714416009850825,0.0020725055589859956,0.6741898057407172,284.20481885259505,359.09643335326115,0.0,MS-HIDE,79,case57
True,26,-0.04,True,1,1,False,26,True,0.1714416009443669,0.004170132427441028,0.4733111510163849,282.98422710213345,348.25697712658445,0.0,MS-HIDE,80,case57
True,37,0.04,True,1,1,False,43,False,0.17144160112490886,0.0015616723772958884,0.5235455027679679,279.93839154660236,344.68662944855174,0.0,MS-HIDE,81,case57
True,26,-0.04,True,1,1,False,26,True,0.1714416009440448,0.004294157801586178,0.48534592057966813,285.7260791963199,349.8425455618417,0.0,MS-HIDE,82,case57
True,20,-0.04,True,2,2,False,19,False,0.1714416009440448,0.0019355620767611376,0.5119633022705685,292.7677856030641,357.2947735898197,0.0,MS-HIDE,83,case57
True,54,0.04,True,1,1,False,54,True,5.155068947629109e-10,0.0019102505312627886,0.6262483451748133,284.3582813598914,338.1893187906826,0.0,MS-HIDE,84,case57
True,31,0.04,True,2,2,False,31,True,0.016189380468018877,0.0019462592153766968,0.4062666140181333,288.6092043016106,363.6622485500994,0.0,MS-HIDE,85,case57
True,28,0.04,True,1,1,False,28,True,7.41781409242273e-10,0.0011222732831842792,0.36771703219518226,278.06103130278643,335.09439619374467,0.0,MS-HIDE,86,case57
True,26,-0.04,True,3,3,False,26,True,0.17144160094404481,0.004401647498336934,0.49941495125978913,295.5636124534067,360.8007568429457,0.0,MS-HIDE,87,case57
True,17,-0.04,True,2,2,False,17,True,0.0027051424961965055,0.002556877856028296,0.4932810298523598,281.1472437984776,357.53061463474296,0.0,MS-HIDE,88,case57
True,55,-0.04,True,1,1,False,55,True,3.8671808797195125e-10,0.0008710260658895629,0.3691277953053025,281.2963793054223,360.8422521065222,0.0,MS-HIDE,89,case57
True,11,0.04,True,1,1,False,11,True,3.8671819781197475e-10,0.00036839150160813256,0.33447472646924326,269.81915835640393,372.6938851468731,0.0,MS-HIDE,90,case57
True,48,-0.04,True,2,2,False,48,True,1.9270009662524347e-09,0.0012947159987247543,0.3617495452810763,247.18788128520828,321.9504645530833,0.0,MS-HIDE,91,case57
True,50,-0.04,True,1,1,False,50,True,3.86718087971904e-10,0.0014815974620797803,0.43581486270728387,268.39817489963025,344.58866426139144,0.0,MS-HIDE,92,case57
True,53,-0.04,True,1,1,False,52,False,0.17144160094404476,0.0015311948621555076,0.3979418853992238,271.821139450185,348.1075187562965,0.0,MS-HIDE,93,case57
True,43,0.04,True,1,1,False,43,True,0.1714416009878636,0.0015995053794962471,0.515687764096621,278.42131450306624,354.9111103959149,0.0,MS-HIDE,94,case57
True,40,-0.04,True,4,4,False,40,True,1.578599308773806e-09,0.00767032657516078,0.4330617113358029,267.5959958549356,336.2718121847138,0.0,MS-HIDE,95,case57
True,10,-0.04,True,1,1,False,10,True,3.8671819781197475e-10,0.0008020016223035871,0.3352066697295907,281.93897300225217,372.97467116150074,0.0,MS-HIDE,96,case57
True,14,0.04,True,2,2,False,14,True,3.867181978119751e-10,0.0013023726319397657,0.5103659107909215,278.03994385467377,333.77608720911667,0.0,MS-HIDE,97,case57
True,53,-0.04,True,1,1,False,53,True,0.17144160094404476,0.0015310264314820907,0.42662831695122316,267.7601063012844,318.1831642461475,0.0,MS-HIDE,98,case57
True,49,-0.04,True,3,3,False,49,True,4.311860079994638e-10,0.001613012942315386,0.4383276425295256,272.48504160379525,340.2333169447957,0.0,MS-HIDE,99,case57
True,56,0.04,True,1,1,False,38,False,0.17144160094404476,0.005094704795421053,0.5599861792284886,280.9716062474763,358.8035374705214,0.0,MS-HIDE,100,case57
True,17,-0.04,True,3,3,False,17,True,0.057178949713874355,0.00264043270065375,0.5141088686764019,274.57199401105754,328.6095816147281,0.0,MS-HIDE,101,case57
True,12,0.04,True,1,1,False,12,True,3.8671819781197475e-10,0.0002901152601130332,0.26767867149353447,288.1734168593539,334.9730917281704,0.0,MS-HIDE,102,case57
True,48,-0.04,True,1,1,False,48,True,3.867180879718739e-10,0.0013040352620220636,0.32832572647628533,274.07939794356935,324.23536246933514,0.0,MS-HIDE,103,case57
True,31,0.04,True,3,3,False,31,True,9.796363463669858e-05,0.0019444639144178893,0.39560720850835157,273.4216271433979,345.3611996170366,0.0,MS-HIDE,104,case57
True,31,0.04,True,2,2,False,31,True,0.06461815212465914,0.0020910618438490587,0.42668449895491334,290.57598120125476,363.85015620908234,0.0,MS-HIDE,105,case57
True,41,-0.04,True,1,1,False,41,True,4.971371193788535e-10,0.0006132213469478752,0.35814207161581235,280.8043937198818,336.7412315448746,0.0,MS-HIDE,106,case57
True,16,-0.04,False,20,20,False,0,False,0.46835637567386124,0.30047223194242567,0.5385968234660613,277.7753623522585,336.950148260803,0.0,MS-HIDE,107,case57
True,20,0.04,True,4,4,False,20,True,0.1714416009440448,0.0019246523268972777,0.4916082452754659,282.126583243371,337.02107559365686,0.0,MS-HIDE,108,case57
True,50,0.04,True,3,3,False,50,True,3.867180879718899e-10,0.001481597461880447,0.4449996810581873,289.90820000472013,344.1914006602019,0.0,MS-HIDE,109,case57
True,17,0.04,True,3,3,False,17,True,0.059339214276119656,0.0026939285116303895,0.4983454021665438,283.63659165624995,365.37620207818696,0.0,MS-HIDE,110,case57
True,41,0.04,True,1,1,False,41,True,3.867180879720722e-10,0.0006132213466798961,0.36083631961920365,277.757625101367,344.09167081466876,0.0,MS-HIDE,111,case57
True,15,0.04,False,20,20,False,0,False,0.4563360351423834,0.3260592539731734,0.49787077606115804,284.54002715297975,353.92934551637154,0.0,MS-HIDE,112,case57
True,12,-0.04,True,1,1,False,12,True,3.8671819781197475e-10,0.0002901152601130332,0.26767867149353447,286.4085625449661,338.95574170164764,0.0,MS-HIDE,113,case57
True,33,-0.04,False,20,20,False,33,True,6.746092944698078e-06,0.01419207123907469,0.43845501476350957,272.7762561989948,340.28573307441553,0.0,MS-HIDE,114,case57
True,8,0.04,True,1,1,False,8,True,3.8671819781197475e-10,0.00031778690141623654,0.34297535213523345,288.00391885160934,337.2042249859078,0.0,MS-HIDE,115,case57
True,16,-0.04,False,20,20,False,0,False,0.4473175120076333,0.32477669089883593,0.532700931509104,284.0990604017861,351.8225901585538,0.0,MS-HIDE,116,case57
True,46,-0.04,False,20,20,False,0,False,0.4955101375275109,0.30461138096040946,0.5305996800941457,275.68470634287223,360.37270895321853,0.0,MS-HIDE,117,case57
True,8,-0.04,True,1,1,False,8,True,3.8671819781197475e-10,0.0003177869002905102,0.33973415881590785,273.5608667047927,342.29928962595295,0.0,MS-HIDE,118,case57
True,20,0.04,True,1,1,False,19,False,0.1714416009440448,0.0018979897322699102,0.5162109047410692,277.5782478885958,356.9742330291774,0.0,MS-HIDE,119,case57
True,52,-0.04,True,1,1,False,53,False,0.17144160094806618,0.0015309945628504576,0.4139771529512583,259.7881355060963,340.77288364351267,0.0,MS-HIDE,120,case57
True,9,-0.04,True,1,1,False,9,True,3.8671819781197475e-10,0.0047965004060637065,0.42955466844272855,263.5966333007673,320.17821805784484,0.0,MS-HIDE,121,case57
True,21,0.04,False,20,20,False,0,False,0.43043790307935836,0.33381160434597923,0.5584794935912294,261.5115520020481,333.138464204967,0.0,MS-HIDE,122,case57
True,43,0.04,True,1,1,False,37,False,0.17144160101983452,0.0015646596975933107,0.5235455027679679,258.27158544852864,334.1440520453034,0.0,MS-HIDE,123,case57
True,18,-0.04,True,3,3,False,18,True,0.0011014302194577309,0.004033724902442797,0.5185186726780753,258.18170409766026,327.9875683889259,0.0,MS-HIDE,124,case57
True,38,-0.04,True,6,6,False,38,True,0.1714416009440448,0.005094705343293447,0.53999052392977,261.8014791951282,331.31187352119014,0.0,MS-HIDE,125,case57
True,47,-0.04,False,20,20,False,0,False,0.4387602744919507,0.3311305026062316,0.5175358070323528,266.6492020129226,329.24080208467785,0.0,MS-HIDE,126,case57
True,51,-0.04,True,3,3,False,51,True,3.8671806051283153e-10,0.0042261532725715355,0.46032803016589585,264.8013957950752,334.764602110954,0.0,MS-HIDE,127,case57
True,23,0.04,True,0,0,False,0,False,0.4432326227593898,0.3315194236780821,0.5415493809120452,268.73448329861276,345.1275152678136,0.0,MS-HIDE,128,case57
True,40,0.04,True,4,4,False,40,True,2.250916889414603e-09,0.007666737984726037,0.4275019377412009,272.24164159270003,357.20696279604454,0.0,MS-HIDE,129,case57
True,20,-0.04,True,1,1,False,19,False,0.1714416009440448,0.0019298787656108463,0.5339937369054581,271.6527917451458,330.38461074465886,0.0,MS-HIDE,130,case57
True,51,-0.04,True,3,3,False,51,True,3.9428448653129865e-10,0.004226153271469493,0.4551931506102621,266.6335791000165,307.93971665843856,0.0,MS-HIDE,131,case57
True,26,0.04,True,2,2,False,26,True,0.1714416009455284,0.004171035283122962,0.4783305532481078,274.19982709689066,330.81273335265,0.0,MS-HIDE,132,case57
True,43,-0.04,True,1,1,False,37,False,0.17144160098664146,0.0015995233175707768,0.524304653457632,267.62120205385145,325.67418508115225,0.0,MS-HIDE,133,case57
True,54,-0.04,True,1,1,False,54,True,0.00012828311365514633,0.0019109248969299928,0.6505739537996884,266.51413525105454,319.7814582788851,0.0,MS-HIDE,134,case57
True,32,0.04,False,20,20,False,0,False,0.4564893229369783,0.32588837443563,0.5267474750175475,272.35503350384533,332.73691522481386,0.0,MS-HIDE,135,case57
True,47,0.04,False,20,20,False,0,False,0.4484144971829422,0.3262035608643893,0.5364424251729613,273.54948550928384,330.23449616448494,0.0,MS-HIDE,136,case57
True,51,0.04,True,2,2,False,51,True,3.9061820381776804e-10,0.0042261532771598435,0.45601791821567433,273.71192279388197,334.70716489537153,0.0,MS-HIDE,137,case57
True,53,0.04,True,1,1,False,52,False,0.1714416009471947,0.0015269549808240301,0.4275270205025636,283.68959594808985,331.00077880953904,0.0,MS-HIDE,138,case57
True,54,0.04,True,1,1,False,54,True,5.002468686276088e-10,0.0019103072338189464,0.631111643767361,283.8336915941909,371.1696809041314,0.0,MS-HIDE,139,case57
True,20,0.04,True,2,2,False,20,True,0.1714416009440448,0.0018972567506020106,0.5262523287972165,281.70578335411847,336.08985202736227,0.0,MS-HIDE,140,case57
True,52,0.04,True,1,1,False,53,False,0.17144160094404476,0.0015308550477026173,0.42352880946958726,271.35699154168833,323.07174371380825,0.0,MS-HIDE,141,case57
True,10,0.04,True,1,1,False,10,True,3.8671819781197475e-10,0.0008020016223191906,0.3474602802169151,281.98471239593346,392.4723058909876,0.0,MS-HIDE,142,case57
True,12,-0.04,True,1,1,False,12,True,3.8671819781197475e-10,0.00029011526073611187,0.2653729852052923,277.75660615297966,347.03803157899534,0.0,MS-HIDE,143,case57
True,10,0.04,True,1,1,False,10,True,3.8671819781197475e-10,0.0008020016222398245,0.33973415881590785,274.8237582942238,331.6112350614276,0.0,MS-HIDE,144,case57
True,11,-0.04,True,1,1,False,11,True,3.8671819781197475e-10,0.0003683915010502192,0.3474602802169151,280.1946645078715,329.858018446248,0.0,MS-HIDE,145,case57
True,25,-0.04,True,1,1,False,25,True,0.1714416009440448,0.004211979696394249,0.46029700871403323,281.16216660127975,366.5489375096513,0.0,MS-HIDE,146,case57
True,36,0.04,True,1,1,False,36,True,3.8822590580792945e-10,0.0007148334762483374,0.38202360117453416,277.08473120001145,369.94249405979645,0.0,MS-HIDE,147,case57
True,44,-0.04,True,1,1,False,44,True,3.8671806051239954e-10,0.003792771265538183,0.5189710880361614,272.63662299665157,334.50695652281865,0.0,MS-HIDE,148,case57
True,24,0.04,True,1,1,False,24,True,0.1714423287887693,0.002072505912684838,0.6763462965917044,272.78043534315657,352.10192501253914,0.0,MS-HIDE,149,case57
True,3,0.04,True,2,2,False,3,True,3.8671819781197475e-10,0.0010234120716261467,0.467998468106696,272.83381464949343,330.68576282821596,0.0,MS-HIDE,150,case57
True,42,0.04,True,2,2,False,42,True,3.8671808797186145e-10,0.002095484531265195,0.5666705191444084,255.78524989832658,338.0420707777376,0.0,MS-HIDE,151,case57
True,23,0.04,False,20,20,False,0,False,0.47106110574756216,0.32095741710118353,0.5113677755323616,267.51557294628583,327.30533540889155,0.0,MS-HIDE,152,case57
True,45,0.04,True,1,1,False,45,True,3.8671808797186145e-10,0.0023695424059910247,0.501760506432359,269.6182124520419,353.5675166582223,0.0,MS-HIDE,153,case57
True,24,-0.04,True,1,1,False,24,True,0.17144160098777836,0.0020725055589873613,0.6648720701158886,259.7734292037785,334.49933331867214,0.0,MS-HIDE,154,case57
True,22,-0.04,False,20,20,False,0,False,0.46537225419491524,0.3172214090739813,0.5647239430375159,262.6639063091716,347.443288154318,0.0,MS-HIDE,155,case57
True,23,0.04,False,20,20,False,0,False,0.43111703259872064,0.33220449215086123,0.5428740670751778,266.7499915929511,349.4163788360311,0.0,MS-HIDE,156,case57
True,54,0.04,True,1,1,False,54,True,5.219511281831328e-10,0.0019102570987504686,0.6506975891650434,278.5970542958239,339.1739687445807,0.0,MS-HIDE,157,case57
True,33,-0.04,False,20,20,False,33,True,9.53850379507471e-06,0.014188534087994857,0.44949263887940516,269.8632040992379,334.82120144180954,0.0,MS-HIDE,158,case57
True,39,-0.04,True,3,3,False,39,True,3.867180879718745e-10,0.0036474741921080083,0.516396185381869,268.43972919741645,327.2428597614635,0.0,MS-HIDE,159,case57
True,13,0.04,True,1,1,False,13,True,3.8671819781197475e-10,0.0003368264113194662,0.26113239847157566,268.7004207458813,333.37269411131274,0.0,MS-HIDE,160,case57
True,38,0.04,True,2,2,False,56,False,0.17144160094404476,0.0050947047969262015,0.5650046052672695,271.7925854434725,333.44231455703266,0.0,MS-HIDE,161,case57
True,35,0.04,True,1,1,False,35,True,3.8671808797186145e-10,0.0009331971386629313,0.31663254584321787,266.2660041532945,360.23753720219247,0.0,MS-HIDE,162,case57
True,26,-0.04,True,2,2,False,25,False,0.1714416009440448,0.00419887983323458,0.4536204068387984,273.6344312026631,332.28820209915284,0.0,MS-HIDE,163,case57
True,1,0.04,False,20,20,False,1,True,3.395197732012736e-06,0.02566347468161038,0.5012856866353794,265.43495005753357,334.1891875432339,0.0,MS-HIDE,164,case57
True,49,-0.04,True,1,1,False,49,True,5.329664735276737e-10,0.0016130129428111818,0.439761999905571,280.8672541024862,344.6585701953154,0.0,MS-HIDE,165,case57
True,40,0.04,True,8,8,False,40,True,1.4270070888096156e-09,0.007717830402944258,0.47134291629676484,272.80262279091403,333.2485798280686,0.0,MS-HIDE,166,case57
True,40,0.04,True,4,4,False,40,True,3.6148212523381337e-09,0.0077093990313560476,0.4873571309602685,276.5285895060515,330.20651007827837,0.0,MS-HIDE,167,case57
True,28,0.04,True,1,1,False,28,True,7.456656602159648e-10,0.0011222732833946316,0.36100122202338636,271.48650214949157,320.29069558484485,0.0,MS-HIDE,168,case57
True,38,0.04,True,4,4,False,56,False,0.1714416009440448,0.005094704826776827,0.5684784703816108,266.23931675276253,313.95952742022934,0.0,MS-HIDE,169,case57
True,27,0.04,True,1,1,False,27,True,4.840813808584865e-10,0.0011746647104719941,0.37149779022309054,279.8437375371577,333.8247728708666,0.0,MS-HIDE,170,case57
True,30,-0.04,True,2,2,False,30,True,0.10545805230110795,0.002078462469381748,0.4437125637969468,276.1347064515576,354.86178123683203,0.0,MS-HIDE,171,case57
True,31,-0.04,True,1,1,False,31,True,0.010025375391542666,0.0019454649022110286,0.3984037759561292,286.22449800313916,385.738572984701,0.0,MS-HIDE,172,case57
True,27,0.04,True,2,2,False,27,True,5.900592533424112e-10,0.001174664711131454,0.35015792288964526,255.85613533912692,309.3467957747635,0.0,MS-HIDE,173,case57
True,51,0.04,True,2,2,False,51,True,4.0487379803273485e-10,0.004226153272313457,0.45719964456765905,264.1996750491671,328.8331499614287,0.0,MS-HIDE,174,case57
True,28,0.04,True,1,1,False,28,True,2.4073420908345786e-09,0.0011222732841677794,0.3657885737994988,275.15367709856946,358.1154603656614,0.0,MS-HIDE,175,case57
True,33,-0.04,True,12,12,False,33,True,1.6804421722861524e-05,0.014174914722827284,0.4458096203083966,268.8733478978975,334.12639518501237,0.0,MS-HIDE,176,case57
True,20,-0.04,True,1,1,False,19,False,0.1714416009440448,0.001929439989126369,0.5329011622632707,269.54765830014367,310.12551430030726,0.0,MS-HIDE,177,case57
True,5,0.04,True,2,2,False,5,True,3.8671819781202387e-10,0.001203245862630475,0.5049593358282493,277.878964759293,350.11523163702805,0.0,MS-HIDE,178,case57
True,38,0.04,True,2,2,False,56,False,0.1714416009440448,0.00509470481780674,0.5562383286238389,271.69969370006584,332.64059022767475,0.0,MS-HIDE,179,case57
True,52,-0.04,True,1,1,False,53,False,0.1714416009440448,0.0015842628906112422,0.42382447306804943,270.51125839934684,354.70131841429975,0.0,MS-HIDE,180,case57
True,48,0.04,True,2,2,False,48,True,3.8671806051185184e-10,0.0011526724596241213,0.40086187338681,263.9041104062926,319.06425481429324,0.0,MS-HIDE,181,case57
True,32,-0.04,False,20,20,False,0,False,0.43321641666957306,0.3350287187727089,0.540946508481356,259.4130561919883,335.3584131516982,0.0,MS-HIDE,182,case57
True,48,0.04,True,2,2,False,48,True,3.86718087971992e-10,0.0011454617973227766,0.4197652483130932,263.74814575247,334.4568576896563,0.0,MS-HIDE,183,case57
True,48,0.04,True,2,2,False,48,True,3.8671806051191616e-10,0.0013040373246509412,0.3374782770468724,272.5709624995943,323.30337495368445,0.0,MS-HIDE,184,case57
True,5,0.04,True,1,1,False,5,True,3.8671819781198163e-10,0.0009841693908282086,0.48961744465742035,272.4582748953253,354.32415836257866,0.0,MS-HIDE,185,case57
True,41,0.04,True,1,1,False,41,True,3.8671806051220143e-10,0.0006132213467242946,0.3610713665025487,272.06907299987506,323.684177704854,0.0,MS-HIDE,186,case57
True,29,-0.04,True,2,2,False,29,True,0.1714416010007864,0.0020725055588738375,0.6699656937880678,269.77035000454634,333.53215833194554,0.0,MS-HIDE,187,case57
True,10,-0.04,True,1,1,False,10,True,3.8671819781197475e-10,0.0008020016223542866,0.34327272238661666,260.9049896534998,318.43233368417714,0.0,MS-HIDE,188,case57
True,13,0.04,True,1,1,False,13,True,3.8671819781197475e-10,0.00033682641069362383,0.2709990034890693,269.56419155176263,337.3566624970408,0.0,MS-HIDE,189,case57
True,7,-0.04,False,20,20,False,7,True,3.893344121335037e-10,0.013716347608039673,0.523445811944385,271.30695619853213,321.61972711328417,0.0,MS-HIDE,190,case57
True,34,-0.04,True,2,2,False,34,True,3.867180879719136e-10,0.002117894192735287,0.4753137398120853,277.5270458048908,356.79839756048756,0.0,MS-HIDE,191,case57
True,23,-0.04,False,20,20,False,0,False,0.4428043398056237,0.3261389251882641,0.545145707993274,266.92736654367764,324.4344996608561,0.0,MS-HIDE,192,case57
True,22,-0.04,False,20,20,False,0,False,0.45114128274613613,0.328970056405274,0.5391461321941392,274.9167395522818,338.3979854086647,0.0,MS-HIDE,193,case57
True,53,-0.04,True,1,1,False,52,False,0.17144160094404476,0.0015868725676432382,0.43734482484769577,269.42504365579225,348.49636247381574,0.0,MS-HIDE,194,case57
True,40,0.04,True,1,1,False,40,True,1.8663938326315346e-09,0.007667857943863228,0.4755122533243266,269.8339644994121,331.12545176118147,0.0,MS-HIDE,195,case57
True,4,-0.04,False,20,20,False,0,False,0.42394042195475323,0.3334019073420679,0.5585842373202626,269.7280583000975,321.3271017710213,0.0,MS-HIDE,196,case57
True,23,0.04,False,20,20,False,0,False,0.42597598775778406,0.3364857858887557,0.5322417233587027,258.6973290541209,321.7084895528388,0.0,MS-HIDE,197,case57
True,17,0.04,True,2,2,False,17,True,8.594802329052917e-05,0.0026029462440104027,0.46703673511153726,275.36494589294307,335.9513215458719,0.0,MS-HIDE,198,case57
True,28,0.04,True,1,1,False,28,True,4.580498687393698e-10,0.001122273282748972,0.36520617514282594,275.7519917009631,328.3270944142714,0.0,MS-HIDE,199,case57
False,0,0.0,False,20,20,False,0,True,0.41002429235953997,0.3387618198172151,0.5537574702620146,268.04531470988877,348.5433833528077,0.0,MS-HIDE,200,case57
False,0,0.0,False,20,20,False,0,True,0.4230141251703028,0.3356606781355949,0.5049065043870515,258.1325166451279,318.9207336574327,0.0,MS-HIDE,201,case57
False,0,0.0,False,20,20,False,0,True,0.4421701139253645,0.3262648870139625,0.5445779406163572,276.4661311521195,366.4791167364456,0.0,MS-HIDE,202,case57
False,0,0.0,False,20,20,False,0,True,0.42709220408215737,0.3317695308669293,0.5257120413925253,272.13760220911354,346.43824756203685,0.0,MS-HIDE,203,case57
False,0,0.0,False,20,20,False,0,True,0.4076911361386611,0.3415997075268998,0.5654357725185749,270.17925005056895,334.5824726187857,0.0,MS-HIDE,204,case57
False,0,0.0,False,20,20,False,0,True,0.45741321214298564,0.32499843006614393,0.5414212331111925,268.2288125535706,326.3185482326663,0.0,MS-HIDE,205,case57
False,0,0.0,False,20,20,False,0,True,0.4612490769532343,0.31489586197343444,0.533442438773519,267.5241666933289,314.1715523874155,0.0,MS-HIDE,206,case57
False,0,0.0,False,20,20,False,0,True,0.42223414414240384,0.3353272741915275,0.534875265414793,263.8942293066066,331.5888062614249,0.0,MS-HIDE,207,case57
False,0,0.0,False,20,20,False,0,True,0.4474944163550821,0.32258788157305773,0.49853075109212147,255.7741498982068,327.8824722801801,0.0,MS-HIDE,208,case57
False,0,0.0,False,20,20,False,0,True,0.4357906772619648,0.3314054461482261,0.5385615928691865,265.26247075235005,335.4151166509837,0.0,MS-HIDE,209,case57
False,0,0.0,False,20,20,False,0,True,0.3998720974828526,0.3417102095830394,0.5657109437781638,269.24547925882507,369.9097065371462,0.0,MS-HIDE,210,case57
False,0,0.0,False,20,20,False,0,True,0.41434444421456185,0.339047342356718,0.5389078650115067,259.34529784717597,325.36332147428766,0.0,MS-HIDE,211,case57
False,0,0.0,False,20,20,False,0,True,0.43709873372903896,0.3299603818996033,0.529591854428543,278.90163125121035,331.75441079365555,0.0,MS-HIDE,212,case57
False,0,0.0,False,20,20,False,0,True,0.45217537158270216,0.3299615648809917,0.48988873120717785,257.97198949439917,328.7026663136203,0.0,MS-HIDE,213,case57
False,0,0.0,True,1,1,True,16,False,0.03463263414370886,0.08847907434812079,0.5976822422069583,257.86425840924494,306.85855174087925,0.0,MS-HIDE,214,case57
False,0,0.0,False,20,20,False,0,True,0.4161851276127035,0.3354616112770797,0.5298487775800528,256.3076021964662,299.1932308941614,0.0,MS-HIDE,215,case57
False,0,0.0,False,20,20,False,0,True,0.44650553840043306,0.3342392521190548,0.5082839030781519,269.56503955007065,371.5090604237048,0.0,MS-HIDE,216,case57
False,0,0.0,False,20,20,False,0,True,0.48685343501895295,0.28007803138963094,0.5532970500554669,254.41079810552765,349.1494104528101,0.0,MS-HIDE,217,case57
False,0,0.0,False,20,20,False,0,True,0.4217654375192898,0.33600852279171345,0.5453571254352391,258.42658743204083,322.8236622322584,0.0,MS-HIDE,218,case57
False,0,0.0,False,20,20,False,0,True,0.4555574062817738,0.3228273305762178,0.5143602925261178,257.91675829095766,318.8746121682925,0.0,MS-HIDE,219,case57
False,0,0.0,False,20,20,False,0,True,0.4355849789408557,0.3357667301292181,0.5536312086672213,263.50683964265045,332.89624546596315,0.0,MS-HIDE,220,case57
False,0,0.0,False,20,20,False,0,True,0.42979576346834564,0.3349133159397205,0.5096860838402726,272.7892415568931,345.64619968587067,0.0,MS-HIDE,221,case57
False,0,0.0,False,20,20,False,0,True,0.4308072927766338,0.33978257370723197,0.49496185059972053,257.2730519954348,309.96313958603423,0.0,MS-HIDE,222,case57
False,0,0.0,False,20,20,False,0,True,0.4412002438717891,0.33111993698284126,0.5407094877977645,262.05282090231776,338.65753334539477,0.0,MS-HIDE,223,case57
False,0,0.0,False,20,20,False,0,True,0.41678267620668524,0.3369409865108277,0.4980960547082478,269.32783119846135,332.5697145599407,0.0,MS-HIDE,224,case57
False,0,0.0,False,20,20,False,0,True,0.47180922181496693,0.33393135267278184,0.5359898190462968,268.68416035722475,323.58782676747074,0.0,MS-HIDE,225,case57
False,0,0.0,False,20,20,False,0,True,0.4999835639927975,0.2971519850780861,0.4683504310297173,260.29873554361984,342.28992503194604,0.0,MS-HIDE,226,case57
False,0,0.0,False,20,20,False,0,True,0.41547804309006664,0.3394324678704606,0.5154226043377935,262.3967668012483,329.0329934709007,0.0,MS-HIDE,227,case57
False,0,0.0,False,20,20,False,0,True,0.5068869379119539,0.2819473261662291,0.5218894582759992,267.5593374937307,344.7980809520232,0.0,MS-HIDE,228,case57
False,0,0.0,False,20,20,False,0,True,0.4309962871723068,0.3336054638229542,0.5576713401120551,274.65550005144905,353.7647583754734,0.0,MS-HIDE,229,case57
False,0,0.0,True,17,17,True,0,True,0.5346434976837824,0.21293562971800667,0.5179412235510302,256.63488750578836,334.513900015736,0.0,MS-HIDE,230,case57
False,0,0.0,False,20,20,False,0,True,0.41574017414620346,0.33737724306396266,0.5656433502213815,257.7601479511941,314.6964038838633,0.0,MS-HIDE,231,case57
False,0,0.0,False,20,20,False,0,True,0.3984331726508307,0.3424970201284015,0.5072778699433275,264.0467520948732,325.61224967939785,0.0,MS-HIDE,232,case57
False,0,0.0,False,20,20,False,0,True,0.4178310133439079,0.3339680793419362,0.5734579561847335,254.69423135218676,312.8992225829279,0.0,MS-HIDE,233,case57
False,0,0.0,False,20,20,False,0,True,0.4211777100181632,0.3374892269755653,0.5171046374629766,270.749395902385,345.2050499909092,0.0,MS-HIDE,234,case57
False,0,0.0,True,3,3,True,0,True,0.4962458870822636,0.3088892138357394,0.48295659703956684,274.499752005795,341.7750982596772,0.0,MS-HIDE,235,case57
False,0,0.0,False,20,20,False,0,True,0.4455743200012077,0.32756198586603236,0.5621143856171147,245.92904379824176,320.70941934362054,0.0,MS-HIDE,236,case57
False,0,0.0,False,20,20,False,0,True,0.4360415474151288,0.3384591157087241,0.5127049334079322,260.28765604132786,331.78620387916453,0.0,MS-HIDE,237,case57
False,0,0.0,False,20,20,False,0,True,0.45561751258074246,0.3136700007429834,0.5295002034772004,264.1193479998037,311.6725943837082,0.0,MS-HIDE,238,case57
False,0,0.0,False,20,20,False,0,True,0.43953862201421756,0.32869487255460605,0.5289970892676503,240.09015615738463,357.56028722098563,0.0,MS-HIDE,239,case57
False,0,0.0,False,20,20,False,0,True,0.4310478440951991,0.33810222494391934,0.529284293221519,146.78057710407302,244.16268954519182,0.0,MS-HIDE,240,case57
False,0,0.0,False,20,20,False,0,True,0.48981845059926593,0.3129410348678954,0.5426951164801296,96.17500830499921,107.05666699504945,0.0,MS-HIDE,241,case57
False,0,0.0,True,16,16,True,0,True,0.45439005907061847,0.3275522031840343,0.5351554623792523,97.6999062433606,111.79713956080377,0.0,MS-HIDE,242,case57
False,0,0.0,False,20,20,False,0,True,0.4189252706429949,0.33333016291676143,0.5504816345607688,148.24300010222942,240.663705940824,0.0,MS-HIDE,243,case57
False,0,0.0,False,20,20,False,0,True,0.44872512931637926,0.32668843117773405,0.5408389131700548,96.21443540090695,106.77565866790246,0.0,MS-HIDE,244,case57
False,0,0.0,False,20,20,False,0,True,0.4483361919578835,0.32424514228775475,0.558901837032686,96.96488540794235,111.04869552655146,0.0,MS-HIDE,245,case57
False,0,0.0,False,20,20,False,0,True,0.48144959181576497,0.30984927926827815,0.5127804685764116,141.33357715036254,198.52973331289834,0.0,MS-HIDE,246,case57
False,0,0.0,False,20,20,False,0,True,0.43458615762944774,0.332763939339179,0.5246177189122722,97.16696250252426,108.83036041923333,0.0,MS-HIDE,247,case57
False,0,0.0,False,20,20,False,25,False,0.4665944748875586,0.14256846493083628,0.4976406621230512,96.8517333996715,106.26404618669767,0.0,MS-HIDE,248,case57
False,0,0.0,False,20,20,False,0,True,0.415086024221618,0.33934526908265217,0.5467948179603109,123.918991710525,164.05394616886042,0.0,MS-HIDE,249,case57
True,26,-0.04,True,2,2,False,26,True,0.1714416011036989,0.00861165363209332,0.6946651679887632,1.9661583442939445,2.3098728677723557,0.0,RHMTD,0,case57
True,49,-0.04,True,1,1,False,49,True,3.867180879722141e-10,0.003281377041758706,0.7031763863922,3.1446415960090235,5.798381264321507,0.0,RHMTD,1,case57
True,53,-0.04,True,1,1,False,53,True,0.17144160094556185,0.0038227468800116453,0.7061114305861951,3.7823251535883173,7.769959021243268,0.0,RHMTD,2,case57
True,37,0.04,True,1,1,False,37,True,0.1714416009440448,0.0025123811158494387,0.6963739639653085,1.9851853518048301,2.2774913493776694,0.0,RHMTD,3,case57
True,46,0.04,True,17,17,False,0,False,0.43733174930649493,0.32960821630805615,0.6946312741064754,3.896175039699301,6.847378888051027,0.0,RHMTD,4,case57
True,17,0.04,False,20,20,False,17,True,0.0963424641176704,0.04466210181513056,0.6998393279171573,5.558454149286263,12.907662766519937,0.0,RHMTD,5,case57
True,24,0.04,True,1,1,False,29,False,0.17144160096374994,0.013931570892921175,0.6929940233908594,1.9940686499467117,2.2454267571447417,0.0,RHMTD,6,case57
True,3,0.04,True,3,3,False,3,True,3.8671819781197475e-10,0.005504218492867223,0.6977877947654327,4.090622853254899,9.324679189012391,0.0,RHMTD,7,case57
True,8,-0.04,True,1,1,False,8,True,3.8671819781197475e-10,0.00033345882170102213,0.7050455676820152,3.5673854465130717,7.6376777404220775,0.0,RHMTD,8,case57
True,22,0.04,False,20,20,False,0,False,0.5525372648204315,0.2640262829070227,0.6976274094521628,2.0861583470832556,2.2921184194274247,0.0,RHMTD,9,case57
True,29,-0.04,True,3,3,False,29,True,0.17144160094671976,0.01023752167174569,0.6955706455796734,3.106085446779616,4.856474976986647,0.0,RHMTD,10,case57
True,28,-0.04,True,1,1,False,28,True,3.867181428919194e-10,0.00415274446920808,0.6906948533828214,3.7654624524293467,6.222268141573298,0.0,RHMTD,11,case57
True,8,0.04,True,1,1,False,8,True,3.8671819781197475e-10,0.00048432174357702424,0.6983076530817569,2.0660250942455605,2.3823163646738976,0.0,RHMTD,12,case57
True,28,-0.04,True,1,1,False,28,True,3.867181428919181e-10,0.0011951786331795642,0.6980451085632124,3.144056396558881,4.407695855479689,0.0,RHMTD,13,case57
True,22,0.04,False,20,20,False,0,False,0.4697075656650588,0.30429006142578235,0.6999195205737923,3.9324561977991834,7.036932706250811,0.0,RHMTD,14,case57
True,26,0.04,True,6,6,False,25,False,0.1714416009440448,0.005583931531383605,0.7029138418736557,2.011439550551586,2.3235163738718256,0.0,RHMTD,15,case57
True,40,-0.04,True,14,14,False,40,True,8.328074443461015e-10,0.012903969525064464,0.6989696876590645,3.4837374958442524,6.219481225707572,0.0,RHMTD,16,case57
True,1,-0.04,False,20,20,False,1,True,0.00013316599367868464,0.03789270770601047,0.6959342983056191,3.7835562077816576,5.912272882414984,0.0,RHMTD,17,case57
True,37,-0.04,True,1,1,False,43,False,0.1714416009440448,0.0030482838595780586,0.6993944315367031,2.0099958463106304,2.3265316121978685,0.0,RHMTD,18,case57
True,42,-0.04,True,1,1,False,42,True,3.8671808797186145e-10,0.004456267902095131,0.7018636637994773,3.9230332477018237,8.919720459380187,0.0,RHMTD,19,case57
True,32,0.04,False,20,20,False,0,False,0.41198817501255136,0.3353330862143549,0.7002570270282067,4.552289593266323,10.750598268350588,0.0,RHMTD,20,case57
True,20,0.04,True,1,1,False,19,False,0.1714416009440448,0.002646422470825393,0.7010446605838406,2.014085400151089,2.2733997262548655,0.0,RHMTD,21,case57
True,46,0.04,False,20,20,False,0,False,0.4209556363788681,0.3331121146868769,0.7050455676820151,4.493958345847204,10.430620476836339,0.0,RHMTD,22,case57
True,42,0.04,True,3,3,False,42,True,3.8671808797186166e-10,0.005703135215905833,0.6967968937971228,4.168816652963869,9.147779163322413,0.0,RHMTD,23,case57
True,56,-0.04,True,1,1,False,56,True,0.1714416009440448,0.015685256922112645,0.7034389309107447,2.017387709929608,2.317773291724734,0.0,RHMTD,24,case57
True,53,0.04,True,1,1,False,53,True,0.1714416009440448,0.0034826215033759316,0.6932174433063512,3.3863959019072354,5.117065200465734,0.0,RHMTD,25,case57
True,48,0.04,True,2,2,False,48,True,3.8671808797186145e-10,0.0050234038901803115,0.6994537086425714,4.466883302666247,9.403822888270952,0.0,RHMTD,26,case57
True,24,-0.04,True,4,4,False,24,True,0.171441601223168,0.006552376491182677,0.6989286196054825,1.958675045170821,2.225435385480523,0.0,RHMTD,27,case57
True,20,0.04,True,1,1,False,20,True,0.1714416009440448,0.002218309889431022,0.7001977499223384,3.958835400408134,7.499216336873362,0.0,RHMTD,28,case57
True,34,-0.04,True,2,2,False,34,True,3.867180605147919e-10,0.012075042128802217,0.6985911131510678,3.2611373957479373,6.637910392601044,0.0,RHMTD,29,case57
True,11,-0.04,True,1,1,False,11,True,3.8671819781197475e-10,0.0007519078100424372,0.7015854344509314,4.485868642223068,10.78435798699502,0.0,RHMTD,30,case57
True,38,0.04,True,4,4,False,38,True,0.17144160094404476,0.016301881786840475,0.697600212182758,4.097881255438551,9.09668157109991,0.0,RHMTD,31,case57
True,32,0.04,False,20,20,False,0,False,0.44621436316934854,0.32605971814697243,0.6909906030593058,4.302004203782417,10.210931237088516,0.0,RHMTD,32,case57
True,15,-0.04,False,20,20,False,0,False,0.42203445398062417,0.32739132091313305,0.701060345413842,5.853977147489786,12.126487476052738,0.0,RHMTD,33,case57
True,36,0.04,True,1,1,False,36,True,3.8671808797186145e-10,0.0014191996864771964,0.7026512973551109,4.787124891299754,12.96918749867473,0.0,RHMTD,34,case57
True,26,0.04,True,2,2,False,25,False,0.1714416009440448,0.004497943165650443,0.6970594383156674,4.0056041441857815,7.786649689660408,0.0,RHMTD,35,case57
True,28,0.04,True,1,1,False,28,True,3.867181428919181e-10,0.0032984013201675486,0.7058488860676505,3.7599375093122944,6.814877092256213,0.0,RHMTD,36,case57
True,3,0.04,True,1,1,False,3,True,3.8671817035200247e-10,0.00379889617110106,0.6956508382363082,3.432829206576571,7.4660770886112005,0.0,RHMTD,37,case57
True,6,0.04,True,1,1,False,6,True,3.867181978119748e-10,0.005854215555235341,0.6988536576696125,3.3376980951288715,4.532608360750605,0.0,RHMTD,38,case57
True,51,-0.04,False,20,20,False,51,True,3.8671808797355976e-10,0.012065364435849218,0.695650838236308,3.407835550024174,6.528604787308724,0.0,RHMTD,39,case57
True,17,0.04,True,9,9,False,17,True,0.010102875612706171,0.028329465017252094,0.7026512973551109,6.434202202945016,10.515566341928242,0.0,RHMTD,40,case57
True,49,-0.04,True,1,1,False,49,True,3.867180879718678e-10,0.0032466926670628566,0.6962971879836142,3.9960895577678452,6.906118759070524,0.0,RHMTD,41,case57
True,19,-0.04,True,1,1,False,20,False,0.1714416009440448,0.002165228937176241,0.7013228899323865,4.481847901479341,7.475063123274611,0.0,RHMTD,42,case57
True,31,0.04,True,1,1,False,31,True,0.06054970480114908,0.0045634479253937104,0.6991109714673922,3.633262502262369,6.811385386390614,0.0,RHMTD,43,case57
True,55,0.04,True,1,1,False,55,True,3.8671808797186145e-10,0.000909979385986072,0.7012479279965167,5.596943793352693,13.548383064335232,0.0,RHMTD,44,case57
True,2,0.04,True,1,1,False,2,True,3.8671819781197475e-10,0.004189507288593304,0.7005195715467514,4.004839592380449,10.571477687335575,0.0,RHMTD,45,case57
True,34,-0.04,True,1,1,False,34,True,3.867180879718616e-10,0.003461424297709731,0.7009853834779722,5.523927102331072,9.98582912143322,0.0,RHMTD,46,case57
True,14,-0.04,True,1,1,False,14,True,3.8671819781197475e-10,0.001323266488640775,0.6966626547553845,5.270304196164943,22.047261017723947,0.0,RHMTD,47,case57
True,1,0.04,False,20,20,False,1,True,0.0010627934832749201,0.04083454419096699,0.7028388799377856,3.505229053553194,6.556377388187685,0.0,RHMTD,48,case57
True,34,-0.04,True,1,1,False,34,True,3.86718087971872e-10,0.004792429906124248,0.7002570270282068,4.060804212349467,8.283075588406064,0.0,RHMTD,49,case57
True,40,-0.04,False,20,20,False,40,True,3.867180879722365e-10,0.009140534772384502,0.6980451085632122,5.531785500352271,10.864827423938573,0.0,RHMTD,50,case57
True,27,-0.04,True,1,1,False,27,True,3.867181428919181e-10,0.0020455978953501388,0.6993735159859367,3.238397993845865,5.96938721719198,0.0,RHMTD,51,case57
True,44,-0.04,True,9,9,False,44,True,5.806252302776683e-10,0.019624376056454652,0.7029138418736556,3.5852959495969117,8.192779202363456,0.0,RHMTD,52,case57
True,1,0.04,False,20,20,False,1,True,0.012749620907804033,0.046620286802406985,0.7029138418736556,3.3377935993485153,6.8439764087088415,0.0,RHMTD,53,case57
True,20,-0.04,True,1,1,False,19,False,0.17144160094569888,0.0030112691647668686,0.702651297355111,3.47162940306589,6.896856904495509,0.0,RHMTD,54,case57
True,41,-0.04,True,1,1,False,41,True,3.8671808797186145e-10,0.0006444644135611347,0.7007978008952975,4.056235196185298,8.78307853126899,0.0,RHMTD,55,case57
True,25,0.04,True,4,4,False,26,False,0.1714416009440448,0.013396965688027626,0.7047830231634706,4.214016743935645,8.0471417226363,0.0,RHMTD,56,case57
True,33,0.04,False,20,20,False,29,False,0.40140367576010366,0.029082588058391968,0.7029138418736556,3.386289396439679,8.2346580340527,0.0,RHMTD,57,case57
True,42,-0.04,True,2,2,False,42,True,3.8671808797186145e-10,0.008736519095856725,0.6994537086425716,3.4065021493006498,6.756089249392971,0.0,RHMTD,58,case57
True,21,0.04,False,20,20,False,0,False,0.44328093198707114,0.32435050790900416,0.7085057009130991,6.832245748955756,10.104443423915699,0.0,RHMTD,59,case57
True,36,-0.04,True,1,1,False,36,True,3.867181154318936e-10,0.002500340267743316,0.7045047938149245,5.039129202486947,13.106972881359983,0.0,RHMTD,60,case57
True,46,0.04,False,20,20,False,0,False,0.4529430793416925,0.3202958730341349,0.6990360095315222,4.2546936514554545,8.81566730095074,0.0,RHMTD,61,case57
True,56,0.04,True,7,7,False,38,False,0.17144160095814295,0.01714084587565532,0.6942683844284803,4.483508347766474,9.90788122289814,0.0,RHMTD,62,case57
True,8,-0.04,True,1,1,False,8,True,3.8671819781197475e-10,0.00048768484218572296,0.7007821160652958,4.026935342699289,8.419358340324836,0.0,RHMTD,63,case57
True,2,0.04,True,1,1,False,2,True,3.8671819781197475e-10,0.002697599377667113,0.6916909991917157,4.2097167985048145,9.794894102378752,0.0,RHMTD,64,case57
True,43,0.04,True,1,1,False,37,False,0.1714416009440448,0.003075060993453365,0.6961759272733972,3.6677228490589187,7.592545819352381,0.0,RHMTD,65,case57
True,11,0.04,True,1,1,False,11,True,3.8671819781197475e-10,0.0007549391434555541,0.6943224308135836,3.5775457450654358,6.469383035437207,0.0,RHMTD,66,case57
True,7,0.04,False,20,20,False,7,True,5.028533724899651e-06,0.017625488076428473,0.7029138418736556,3.7480478931684047,8.09686424327083,0.0,RHMTD,67,case57
True,7,-0.04,False,20,20,False,7,True,3.8991448572606727e-10,0.017211747670243936,0.7020303308313853,3.276239547994919,5.119387782178821,0.0,RHMTD,68,case57
True,51,-0.04,True,5,5,False,51,True,3.8671806051933493e-10,0.012579756742113028,0.6956508382363082,3.313518813229166,6.143998276093043,0.0,RHMTD,69,case57
True,12,-0.04,True,1,1,False,12,True,3.8671819781197475e-10,0.00017715035484214208,0.6966417392046179,4.557618594844826,10.581270515103824,0.0,RHMTD,70,case57
True,17,-0.04,True,8,8,False,18,False,0.12961366033322422,0.011847929589866937,0.6989286196054825,3.6350061505800113,7.9209711198927835,0.0,RHMTD,71,case57
True,35,0.04,True,1,1,False,35,True,3.867180879719831e-10,0.0027807177397786266,0.696716701140488,4.788595900754444,12.48673752706964,0.0,RHMTD,72,case57
True,37,0.04,True,1,1,False,37,True,0.1714416009440448,0.0030476406334949465,0.7002570270282069,3.3002229523845017,4.202221141895283,0.0,RHMTD,73,case57
True,11,0.04,True,1,1,False,11,True,3.8671819781197475e-10,0.0006343916925124052,0.6961759272733974,4.004064452601597,10.497431212570518,0.0,RHMTD,74,case57
True,43,-0.04,True,1,1,False,37,False,0.1714416009440448,0.002484189101779918,0.6976002121827581,3.2214208971709013,3.832077691913586,0.0,RHMTD,75,case57
True,39,0.04,True,7,7,False,39,True,3.8671808797186197e-10,0.008465075337879253,0.6964052666340019,3.612164643709548,6.76650035311468,0.0,RHMTD,76,case57
True,41,-0.04,True,1,1,False,41,True,3.8671808797186306e-10,0.0007015276598169328,0.6945517701741885,5.309464651509188,8.039227398694523,0.0,RHMTD,77,case57
True,11,-0.04,True,1,1,False,11,True,3.8671819781197475e-10,0.0007444192512089295,0.6901488487949661,3.8068833964644,8.459487519576216,0.0,RHMTD,78,case57
True,24,0.04,True,3,3,False,24,True,0.1714416009440448,0.0027632957737087327,0.7010603454138419,3.5093626473098993,6.1825422715628555,0.0,RHMTD,79,case57
True,26,-0.04,True,4,4,False,26,True,0.1714416009440448,0.004647520314067025,0.7002570270282069,4.19536464905832,13.151952717453241,0.0,RHMTD,80,case57
True,37,0.04,True,1,1,False,37,True,0.1714416009440448,0.003050991714271013,0.7023887528365664,3.530308202607557,5.913782987045128,0.0,RHMTD,81,case57
True,26,-0.04,True,1,1,False,26,True,0.1714416009440448,0.00493291936660401,0.6910446494444095,3.1634979910450056,4.615860103513114,0.0,RHMTD,82,case57
True,20,-0.04,True,1,1,False,19,False,0.1714416009440448,0.0022119370141909086,0.7037171602592909,3.930935254902579,5.969156208448123,0.0,RHMTD,83,case57
True,54,0.04,True,1,1,False,54,True,3.8671808797186145e-10,0.002513881460439988,0.7021105234880205,3.9189583039842546,10.08505864592735,0.0,RHMTD,84,case57
True,31,0.04,True,1,1,False,31,True,0.03333492015406139,0.005060684683135394,0.7037171602592907,3.46478754945565,5.852030933601784,0.0,RHMTD,85,case57
True,28,0.04,True,1,1,False,28,True,3.867181428919181e-10,0.0010892287081273853,0.696716701140488,4.666758244275115,11.365975323133176,0.0,RHMTD,86,case57
True,26,-0.04,True,1,1,False,25,False,0.1714416009440448,0.00479289266707891,0.6989286196054824,3.7677896034438163,6.131340237334374,0.0,RHMTD,87,case57
True,17,-0.04,True,11,11,False,17,True,0.16102450659082904,0.03210814152834916,0.6932617986301688,4.56234379671514,9.595352745964194,0.0,RHMTD,88,case57
True,55,-0.04,True,1,1,False,55,True,3.8671808797186145e-10,0.0009827130280797,0.7010446605838405,4.055970904300921,9.12400868255645,0.0,RHMTD,89,case57
True,11,0.04,True,1,1,False,11,True,3.8671819781197475e-10,0.00033090370700178504,0.7032174544457823,4.445358453085646,10.127269377699124,0.0,RHMTD,90,case57
True,48,-0.04,True,1,1,False,48,True,3.8671808797186145e-10,0.005190688936746467,0.6970751231456689,5.1583083579316735,10.383292339975014,0.0,RHMTD,91,case57
True,50,-0.04,True,2,2,False,50,True,3.867180879718616e-10,0.0032428842784969747,0.701060345413842,4.509085247991607,9.595261080539785,0.0,RHMTD,92,case57
True,53,-0.04,True,2,2,False,52,False,0.17144160094656336,0.003025802973397828,0.7018479789694758,3.7334644031943753,6.117331251152797,0.0,RHMTD,93,case57
True,43,0.04,True,1,1,False,37,False,0.1714416009440448,0.0030274762239694457,0.697600212182758,3.5889083024812862,4.539325009682221,0.0,RHMTD,94,case57
True,40,-0.04,True,4,4,False,40,True,3.8671808797202167e-10,0.008930250048495325,0.6975043346961217,5.485849943943322,11.673327401513236,0.0,RHMTD,95,case57
True,10,-0.04,True,1,1,False,10,True,3.8671819781197475e-10,0.0013617505397178896,0.702051246382152,4.428704144083895,8.98236315697432,0.0,RHMTD,96,case57
True,14,0.04,True,2,2,False,14,True,3.8671819781209537e-10,0.004573866699459372,0.6994537086425714,3.376706296694465,6.874781247461216,0.0,RHMTD,97,case57
True,53,-0.04,True,2,2,False,52,False,0.17144160094662061,0.006848354508485411,0.7007821160652961,3.2169832527870312,4.455520474584773,0.0,RHMTD,98,case57
True,49,-0.04,True,3,3,False,49,True,3.8671806051189315e-10,0.003578470073416872,0.6983285686325233,5.811862496193498,9.762056832551043,0.0,RHMTD,99,case57
True,56,0.04,True,13,13,False,38,False,0.17144160097333805,0.01608174056987891,0.7013228899323868,3.997085450100713,9.693576779682191,0.0,RHMTD,100,case57
True,17,-0.04,True,12,12,False,17,True,0.1713273965115745,0.01235019847191203,0.7047830231634707,3.561195998918265,4.681438178522519,0.0,RHMTD,101,case57
True,12,0.04,True,1,1,False,12,True,3.8671819781197475e-10,0.00017723885031653978,0.7015854344509311,4.343479196541011,8.71510479773861,0.0,RHMTD,102,case57
True,48,-0.04,True,2,2,False,48,True,3.8671808797186145e-10,0.006132808596079809,0.6982536066966536,3.237322994391434,4.015933346818205,0.0,RHMTD,103,case57
True,31,0.04,True,3,3,False,31,True,0.028113243669896572,0.004544924341758429,0.7021262083180217,3.536820790031925,5.160320879076613,0.0,RHMTD,104,case57
True,31,0.04,True,2,2,False,30,False,0.1657387933935579,0.004562369160577248,0.7001820650923368,4.168933347682469,7.714262502850034,0.0,RHMTD,105,case57
True,41,-0.04,True,1,1,False,41,True,3.867180605118366e-10,0.0006805799868046133,0.7012479279965167,3.787252097390592,7.5027898827102115,0.0,RHMTD,106,case57
True,16,-0.04,False,20,20,False,16,True,0.18454068109323712,0.11762656888448532,0.6963791946860736,3.243577157263644,6.547588956891559,0.0,RHMTD,107,case57
True,20,0.04,True,1,1,False,20,True,0.1714416009440448,0.005847474151277293,0.6984289137919739,4.795075050788,17.00725274567958,0.0,RHMTD,108,case57
True,50,0.04,True,2,2,False,50,True,4.653306829834491e-10,0.006351213572557844,0.6965597325021589,3.2332853908883408,3.722410066984599,0.0,RHMTD,109,case57
True,17,0.04,True,7,7,False,17,True,0.17138488083392056,0.02059593655266933,0.6989286196054825,3.5814270609989762,6.008181226206947,0.0,RHMTD,110,case57
True,41,0.04,True,1,1,False,41,True,3.867180605118362e-10,0.0020696297214996768,0.6960092602414891,3.4674458496738225,7.569207716733217,0.0,RHMTD,111,case57
True,15,0.04,False,20,20,False,0,False,0.4301294634119879,0.2817647171136603,0.6985911131510678,3.819608344929293,7.397750328527767,0.0,RHMTD,112,case57
True,12,-0.04,True,1,1,False,12,True,3.8671819781197475e-10,0.00017729311171765216,0.6923939724179001,4.0114582516252995,7.629424615879544,0.0,RHMTD,113,case57
True,33,-0.04,False,20,20,False,33,True,0.004856073376292805,0.05803945085492845,0.6959935754114877,3.7349999038269743,7.160493457922714,0.0,RHMTD,114,case57
True,8,0.04,True,1,1,False,8,True,3.8671819781197475e-10,0.0004876848421639067,0.7004446096108814,3.4038561483612284,5.065825028577824,0.0,RHMTD,115,case57
True,16,-0.04,False,20,20,False,16,True,0.36494957498992636,0.18083980872015737,0.6924420852380717,3.480822846177034,7.043910381617026,0.0,RHMTD,116,case57
True,46,-0.04,False,20,20,False,0,False,0.508332106844248,0.2980564696491725,0.6980451085632124,5.83760830340907,13.00336008425804,0.0,RHMTD,117,case57
True,8,-0.04,True,1,1,False,8,True,3.8671819781197475e-10,0.0006192385518653159,0.7063739751047395,2.981835399987176,4.51648547896184,0.0,RHMTD,118,case57
True,20,0.04,True,1,1,False,19,False,0.1714416009440448,0.009002855629634756,0.6999944825096623,4.631044002599083,9.085279807914063,0.0,RHMTD,119,case57
True,52,-0.04,True,1,1,False,53,False,0.1714416009440448,0.00397344783628225,0.6917388836874303,4.012070858152583,7.929008343489842,0.0,RHMTD,120,case57
True,9,-0.04,True,9,9,False,9,True,3.8671817035195113e-10,0.010090378655776309,0.7077023825274638,4.993364604888484,12.73311284603551,0.0,RHMTD,121,case57
True,21,0.04,False,20,20,False,0,False,0.4280122845738474,0.3315887640515958,0.6996360605044811,4.115827000350691,10.278236874728465,0.0,RHMTD,122,case57
True,43,0.04,True,1,1,False,43,True,0.1714416009440448,0.003168250659373691,0.693256567909404,5.226597987348214,11.164828835171651,0.0,RHMTD,123,case57
True,18,-0.04,True,9,9,False,18,True,0.14964585475686212,0.055064478932076895,0.6967219318612528,3.6218958033714443,8.109300342039205,0.0,RHMTD,124,case57
True,38,-0.04,True,18,18,False,38,True,0.1714416009440448,0.014155125138810967,0.7012479279965167,4.025285501847975,7.823801814811307,0.0,RHMTD,125,case57
True,47,-0.04,False,20,20,False,0,False,0.47210890903892744,0.31370516317830366,0.7071772934903748,5.306079200818203,11.569512792630135,0.0,RHMTD,126,case57
True,51,-0.04,True,2,2,False,51,True,4.469988543662207e-06,0.010669003097684893,0.6970001612097991,3.9254062052350487,8.95036873407662,0.0,RHMTD,127,case57
True,23,0.04,True,0,0,False,0,False,0.5169889001095506,0.2677085834057466,0.6991911641240269,3.1148292880970985,3.649960359325634,0.0,RHMTD,128,case57
True,40,0.04,True,3,3,False,40,True,3.9426084584683544e-10,0.010862587979873495,0.7005195715467513,4.026791694923304,7.438970828661696,0.0,RHMTD,129,case57
True,20,-0.04,True,2,2,False,20,True,0.1714416009483766,0.0026276173635865104,0.700535256376753,3.8424416474299505,7.589387515326963,0.0,RHMTD,130,case57
True,51,-0.04,False,20,20,False,51,True,3.339675652596685e-09,0.011461610806261012,0.70424224929638,3.6990584048908204,7.517036036006176,0.0,RHMTD,131,case57
True,26,0.04,True,1,1,False,26,True,0.1714416009440448,0.004761137619039936,0.6945849753321284,3.900810450431891,9.618575009517372,0.0,RHMTD,132,case57
True,43,-0.04,True,1,1,False,37,False,0.1714416009440448,0.0030517587927796257,0.7039797047778353,4.829949897248298,8.906039909925317,0.0,RHMTD,133,case57
True,54,-0.04,True,1,1,False,54,True,3.9427385976145585e-10,0.009380733687121133,0.6998393279171574,3.625335355172865,5.854334819014189,0.0,RHMTD,134,case57
True,32,0.04,False,20,20,False,0,False,0.4303905734793562,0.32982393930394327,0.7039797047778353,3.2172311446629465,5.355456250254066,0.0,RHMTD,135,case57
True,47,0.04,False,20,20,False,0,False,0.4769204634841312,0.3091897975285039,0.6986660750869378,3.0680375028168783,3.6817566055106012,0.0,RHMTD,136,case57
True,51,0.04,True,2,2,False,51,True,5.217612708792355e-05,0.010527051341118653,0.7031920712222017,3.5518811986548826,6.7194916919106635,0.0,RHMTD,137,case57
True,53,0.04,True,2,2,False,52,False,0.17144160094438968,0.0036190135511187547,0.70424224929638,3.509618592215702,4.964766628108923,0.0,RHMTD,138,case57
True,54,0.04,True,2,2,False,54,True,3.8671808797287635e-10,0.013070265946744838,0.7002570270282069,3.508254050393589,6.380637519760057,0.0,RHMTD,139,case57
True,20,0.04,True,1,1,False,20,True,0.1714416009440448,0.002305556316460217,0.7001820650923369,4.858591701486148,11.459802073659388,0.0,RHMTD,140,case57
True,52,0.04,True,1,1,False,52,True,0.1714416009480723,0.003089055252384883,0.6972574750075787,3.353452097508125,5.890791380079464,0.0,RHMTD,141,case57
True,10,0.04,True,1,1,False,10,True,3.8671819781197475e-10,0.0014014514041661343,0.70424224929638,4.418233354226686,9.54349374806043,0.0,RHMTD,142,case57
True,12,-0.04,True,1,1,False,12,True,3.8671819781197475e-10,0.0001772387363655586,0.7037171602592909,3.6037539975950494,5.936892001773235,0.0,RHMTD,143,case57
True,10,0.04,True,1,1,False,10,True,3.8671819781197475e-10,0.0014053777909133996,0.6922526886095728,2.9288478021044284,3.4908038447611047,0.0,RHMTD,144,case57
True,11,-0.04,True,1,1,False,11,True,3.8671819781197475e-10,0.000744420890290774,0.6947062360423455,3.4053833573125303,5.219818785553801,0.0,RHMTD,145,case57
True,25,-0.04,True,2,2,False,25,True,0.17144160094404481,0.0064949744113144674,0.7015854344509311,3.3982188993832096,7.242569368099795,0.0,RHMTD,146,case57
True,36,0.04,True,1,1,False,36,True,3.8671808797186145e-10,0.001316013326092159,0.6993194696008332,5.570612504379824,9.340289904503177,0.0,RHMTD,147,case57
True,44,-0.04,True,14,14,False,44,True,3.867180879721126e-10,0.006201724867085892,0.6991911641240269,4.156620995490812,13.238477069535294,0.0,RHMTD,148,case57
True,24,0.04,True,4,4,False,29,False,0.17144160110250917,0.0066157357348978,0.7005195715467514,4.621624850551598,16.90209515509196,0.0,RHMTD,149,case57
True,3,0.04,True,2,2,False,3,True,3.867181978120289e-10,0.007005206150950978,0.7007228389594276,4.585846050758846,10.910748550668359,0.0,RHMTD,150,case57
True,42,0.04,True,2,2,False,42,True,3.8671808797186145e-10,0.004184229159580146,0.6962971879836142,3.725077197304927,6.735055608442057,0.0,RHMTD,151,case57
True,23,0.04,False,20,20,False,0,False,0.44130810892710537,0.32707129597317375,0.6959342983056193,3.646420896984637,5.018064880277968,0.0,RHMTD,152,case57
True,45,0.04,True,1,1,False,45,True,3.8671808797186145e-10,0.003047388248575836,0.7026512973551109,3.8986583560472354,6.420823570806542,0.0,RHMTD,153,case57
True,24,-0.04,True,1,1,False,29,False,0.1714416009440448,0.005281803154378995,0.6961968428241637,5.067539648734964,9.0190913528204,0.0,RHMTD,154,case57
True,22,-0.04,False,20,20,False,0,False,0.5029572931449368,0.3047655422488381,0.7033587382541098,4.908695901394822,11.253645498072737,0.0,RHMTD,155,case57
True,23,0.04,False,20,20,False,0,False,0.40860583230789704,0.3373475483576653,0.7005195715467514,4.0645999513799325,8.539372932864358,0.0,RHMTD,156,case57
True,54,0.04,True,1,1,False,54,True,3.867180879720918e-10,0.001971276766829064,0.6990360095315222,5.897918896516785,10.81841185514352,0.0,RHMTD,157,case57
True,33,-0.04,False,20,20,False,0,False,0.5495244610752331,0.24811094783880835,0.7031763863922001,3.5932999046053737,8.144237514352428,0.0,RHMTD,158,case57
True,39,-0.04,True,8,8,False,39,True,3.8671808797188777e-10,0.007655196428708702,0.7021262083180217,4.171297908760607,7.767689559841534,0.0,RHMTD,159,case57
True,13,0.04,True,1,1,False,13,True,3.8671819781197475e-10,0.0002917014177592351,0.6948091582955711,3.5409624921157956,6.571525696199389,0.0,RHMTD,160,case57
True,38,0.04,False,20,20,False,38,True,0.17144160094404476,0.01170456149013074,0.6935601804815307,6.44687284657266,12.292377685662395,0.0,RHMTD,161,case57
True,35,0.04,True,1,1,False,35,True,3.8671808797186145e-10,0.0015603881747475743,0.6927568620958954,3.4120437572710216,6.383658942650072,0.0,RHMTD,162,case57
True,26,-0.04,True,1,1,False,26,True,0.17144160094404481,0.0058123359948651036,0.6991911641240272,4.933885403443128,19.01824372762349,0.0,RHMTD,163,case57
True,1,0.04,False,20,20,False,1,True,3.0780638751173665e-05,0.036411466823124676,0.7018479789694758,3.1259790994226933,3.9016104419715716,0.0,RHMTD,164,case57
True,49,-0.04,True,4,4,False,49,True,3.879316146884139e-10,0.0033275425243157047,0.6890804831206139,3.872383350972086,9.633900321205147,0.0,RHMTD,165,case57
True,40,0.04,True,3,3,False,40,True,3.8671808797195436e-10,0.011490219517486125,0.7047830231634707,3.3910042460775003,6.908087179181168,0.0,RHMTD,166,case57
True,40,0.04,True,4,4,False,40,True,3.867180879719143e-10,0.010741320487159258,0.7047080612276005,4.912529201828875,10.179322917247207,0.0,RHMTD,167,case57
True,28,0.04,True,1,1,False,28,True,3.867181428919181e-10,0.001164535064366578,0.6956971370106553,4.52535004587844,7.960955618182216,0.0,RHMTD,168,case57
True,38,0.04,False,20,20,False,38,True,0.17144160097194636,0.021092856143292805,0.7034546157407462,3.862495892099105,8.107912540435798,0.0,RHMTD,169,case57
True,27,0.04,True,2,2,False,27,True,3.867181428919183e-10,0.0020661114749409813,0.695772098946525,4.604920849669725,9.036779197049334,0.0,RHMTD,170,case57
True,30,-0.04,True,1,1,False,31,False,0.1673555894222786,0.004923165156808124,0.7034389309107447,3.982479148544371,9.26440179173369,0.0,RHMTD,171,case57
True,31,-0.04,True,1,1,False,31,True,0.021790606988313976,0.005138724218837302,0.6915104613756301,3.657956255483441,6.5433360257884505,0.0,RHMTD,172,case57
True,27,0.04,True,1,1,False,27,True,4.179399360689062e-10,0.006055991812182346,0.6929601295085716,4.379000008339062,11.237941379658878,0.0,RHMTD,173,case57
True,51,0.04,True,7,7,False,51,True,1.2998654272614261e-09,0.011542510713294683,0.7039797047778353,3.4520708926720545,5.281725019449369,0.0,RHMTD,174,case57
True,28,0.04,True,1,1,False,28,True,3.867181428919181e-10,0.0032678264463100954,0.6999944825096621,4.362883296562359,10.224912766716454,0.0,RHMTD,175,case57
True,33,-0.04,False,20,20,False,33,True,0.004329699734039447,0.04706137489890961,0.6958541056489842,3.159547905670479,5.179029519786127,0.0,RHMTD,176,case57
True,20,-0.04,True,2,2,False,20,True,0.1714416009440448,0.00221844294117346,0.6991911641240269,2.9582813032902777,3.205268748570234,0.0,RHMTD,177,case57
True,5,0.04,True,1,1,False,5,True,3.8671819781197475e-10,0.003955796013557179,0.6999944825096622,3.2593270094366744,5.291279222001323,0.0,RHMTD,178,case57
True,38,0.04,False,20,20,False,38,True,0.1714416009506611,0.016353341316035972,0.701060345413842,4.569060399080627,15.550354134757072,0.0,RHMTD,179,case57
True,52,-0.04,True,1,1,False,52,True,0.1714416009440448,0.009468663185950653,0.7018479789694758,4.16425644652918,9.726914876955561,0.0,RHMTD,180,case57
True,48,0.04,True,3,3,False,48,True,3.8671808797186145e-10,0.005151048707498569,0.7085057009130993,5.642377000185661,13.05076601274778,0.0,RHMTD,181,case57
True,32,-0.04,False,20,20,False,0,False,0.4480159760076842,0.32298885887807294,0.6975845273527566,4.7028353495988995,11.010183003963904,0.0,RHMTD,182,case57
True,48,0.04,True,1,1,False,48,True,3.8671808797186145e-10,0.004388211044871873,0.6939849243591694,5.014966754242778,16.25450862920844,0.0,RHMTD,183,case57
True,48,0.04,True,1,1,False,48,True,3.8671808797186145e-10,0.00546031945617312,0.7004393788901166,4.168414496234618,11.805487165111117,0.0,RHMTD,184,case57
True,5,0.04,True,1,1,False,5,True,3.8671819781197475e-10,0.003308264345832257,0.6961916121033989,4.9801521468907595,10.16717944585254,0.0,RHMTD,185,case57
True,41,0.04,True,1,1,False,41,True,3.8671808797188896e-10,0.0021585459549683635,0.6970001612097989,3.6272833036491647,7.237293096841314,0.0,RHMTD,186,case57
True,29,-0.04,True,1,1,False,24,False,0.17144160095911612,0.007916438412142778,0.6944716518411564,3.512937595951371,5.544718448072675,0.0,RHMTD,187,case57
True,10,-0.04,True,1,1,False,10,True,3.8671819781197475e-10,0.0014011031133156968,0.6969896788327474,4.256670753238723,9.157551464159045,0.0,RHMTD,188,case57
True,13,0.04,True,1,1,False,13,True,3.8671819781197475e-10,0.0002916246654021036,0.6961166501675289,6.224981148261577,12.607066659256835,0.0,RHMTD,189,case57
True,7,-0.04,False,20,20,False,7,True,1.1887571863715966e-07,0.02401213756032392,0.6929242921757544,3.9947562472661957,6.970255594933408,0.0,RHMTD,190,case57
True,34,-0.04,True,1,1,False,34,True,3.867180879744859e-10,0.010136053932870632,0.7021262083180217,4.179856099653989,13.352006563218314,0.0,RHMTD,191,case57
True,23,-0.04,False,20,20,False,0,False,0.48372405666634694,0.3070365179479141,0.6944847595773829,4.508218605769798,8.633533385000202,0.0,RHMTD,192,case57
True,22,-0.04,False,20,20,False,0,False,0.49385034124917937,0.30058464928600354,0.6950970860376962,3.8105790357803926,5.977465180330915,0.0,RHMTD,193,case57
True,53,-0.04,True,1,1,False,52,False,0.1714416009448702,0.0063714386212431005,0.6986660750869378,3.506716649280861,6.940348248463126,0.0,RHMTD,194,case57
True,40,0.04,True,1,1,False,40,True,3.8671806051191574e-10,0.009049883128374155,0.7015854344509311,3.4901920007541776,4.815223228069958,0.0,RHMTD,195,case57
True,4,-0.04,False,20,20,False,0,False,0.42843880556840586,0.3294021119384752,0.7042422492963798,4.381302147521637,11.58126489026472,0.0,RHMTD,196,case57
True,23,0.04,False,20,20,False,45,False,0.42119607812835097,0.20288874097768794,0.7013228899323867,3.918670854181983,7.074985082726931,0.0,RHMTD,197,case57
True,17,0.04,False,20,20,False,18,False,0.16855978655158071,0.047914714043488044,0.6985701976003014,4.1473186982329935,9.182016385602768,0.0,RHMTD,198,case57
True,28,0.04,True,1,1,False,28,True,3.867181428919181e-10,0.0011610700379876499,0.698912934775481,3.236004352220334,5.302483931882308,0.0,RHMTD,199,case57
False,0,0.0,False,20,20,False,0,True,0.45410878244606684,0.2906548294584109,0.7002570270282069,3.765604054206051,6.970868739881556,0.0,RHMTD,200,case57
False,0,0.0,False,20,20,False,0,True,0.4366415677484661,0.32842011099521173,0.6942369865006621,4.039731252123602,9.503599989693614,0.0,RHMTD,201,case57
False,0,0.0,False,20,20,False,0,True,0.453107538543362,0.3188585523463962,0.699394431536703,2.890287450281903,3.2346333959139884,0.0,RHMTD,202,case57
False,0,0.0,False,20,20,False,0,True,0.4155052840894945,0.33300209551544285,0.6970751231456689,4.419639642583206,10.81110384548083,0.0,RHMTD,203,case57
False,0,0.0,False,20,20,False,16,False,0.2313562145790616,0.13390636731659006,0.6980503392839774,4.606002103537321,10.631541733164342,0.0,RHMTD,204,case57
False,0,0.0,False,20,20,False,0,True,0.4411345592851833,0.32524117714849204,0.6999944825096622,4.124297801172361,8.67319587268867,0.0,RHMTD,205,case57
False,0,0.0,False,20,20,False,0,True,0.4321058325049662,0.3280291041793147,0.6937484517885532,4.214979099924676,8.669220487354325,0.0,RHMTD,206,case57
False,0,0.0,False,20,20,False,0,True,0.4337604982159155,0.33165507964412266,0.6932774834601704,3.9060520502971485,8.588212533504704,0.0,RHMTD,207,case57
False,0,0.0,False,20,20,False,0,True,0.41623431327176363,0.3341782221101372,0.6998653998650859,4.3831687537021935,9.038378903642299,0.0,RHMTD,208,case57
False,0,0.0,False,20,20,False,0,True,0.49942214477902847,0.3081104850243271,0.7068990641418287,3.8023230503313243,7.077418747940101,0.0,RHMTD,209,case57
False,0,0.0,False,20,20,False,0,True,0.47171249144735605,0.30929885681319685,0.7034546157407462,4.62363749393262,10.600558624719275,0.0,RHMTD,210,case57
False,0,0.0,False,20,20,False,0,True,0.4286434937058394,0.3320646803888083,0.6902622466095407,4.866585397394374,11.530878813937308,0.0,RHMTD,211,case57
False,0,0.0,False,20,20,False,0,True,0.41861186667944283,0.33425061218324903,0.700782116065296,4.625748048420064,12.968850633478723,0.0,RHMTD,212,case57
False,0,0.0,False,20,20,False,0,True,0.4812952308785779,0.28184994746180947,0.6955758763004384,3.631729254266247,7.047483659698631,0.0,RHMTD,213,case57
False,0,0.0,True,1,1,True,0,True,0.43890175916590457,0.32604342012107956,0.6972627057283436,6.576170795597136,10.894279796048096,0.0,RHMTD,214,case57
False,0,0.0,False,20,20,False,0,True,0.42583714833656255,0.332045060477481,0.7021105234880203,4.979073005961254,11.196737180580392,0.0,RHMTD,215,case57
False,0,0.0,False,20,20,False,0,True,0.47314316913803833,0.29285006397185653,0.6929399770057558,3.5648917022626847,7.764389566727914,0.0,RHMTD,216,case57
False,0,0.0,False,20,20,False,0,True,0.43920597081024404,0.3270443433995016,0.7085057009130993,3.8464918034151196,7.027519395342097,0.0,RHMTD,217,case57
False,0,0.0,False,20,20,False,0,True,0.4283593522569696,0.3304518060757399,0.7042422492963798,4.001258409698494,8.252636878751218,0.0,RHMTD,218,case57
False,0,0.0,False,20,20,False,0,True,0.4235510979196668,0.33139691455244186,0.6972627057283435,4.126864549471065,10.78009820193984,0.0,RHMTD,219,case57
False,0,0.0,False,20,20,False,0,True,0.41942103201097686,0.33482428197496295,0.6983285686325235,5.022883298806846,14.718116010772071,0.0,RHMTD,220,case57
False,0,0.0,False,20,20,False,0,True,0.4193390945658918,0.3347508609796552,0.6953882937177636,3.3814812486525625,5.765008335583846,0.0,RHMTD,221,case57
False,0,0.0,False,20,20,False,0,True,0.45943889501383334,0.3210259419650648,0.6955758763004382,4.371802048990503,14.222677054931411,0.0,RHMTD,222,case57
False,0,0.0,False,20,20,False,0,True,0.4310933421121371,0.3307197888794547,0.7029138418736556,5.6529186462285,14.143966359552001,0.0,RHMTD,223,case57
False,0,0.0,False,20,20,False,0,True,0.4417780286444161,0.31781578082706285,0.6956508382363081,3.7552459427388385,5.6748440110823175,0.0,RHMTD,224,case57
False,0,0.0,False,20,20,False,0,True,0.4499767242934457,0.3192470830580689,0.6942683844284803,3.8689645007252693,7.953152706613764,0.0,RHMTD,225,case57
False,0,0.0,False,20,20,False,0,True,0.4227682051615274,0.33248279582698625,0.69452569822626,4.256318596890196,13.24664132844191,0.0,RHMTD,226,case57
False,0,0.0,False,20,20,False,0,True,0.4462405920563563,0.3205380259705322,0.6993735159859367,4.072339439881034,9.49219757167157,0.0,RHMTD,227,case57
False,0,0.0,False,20,20,False,0,True,0.5014405259258244,0.23344904585790976,0.6946260433857105,4.742162459297106,7.299287800560725,0.0,RHMTD,228,case57
False,0,0.0,False,20,20,False,0,True,0.4453556051989408,0.323701157508146,0.7021105234880203,3.3083104470279068,4.781012790044775,0.0,RHMTD,229,case57
False,0,0.0,True,17,17,True,0,True,0.46690789102448266,0.31323452028972615,0.6980503392839773,3.4729834034806117,5.847390182316304,0.0,RHMTD,230,case57
False,0,0.0,False,20,20,False,0,True,0.42115939312833095,0.33199904267542135,0.701101413467424,3.883610398042947,10.749891362502241,0.0,RHMTD,231,case57
False,0,0.0,False,20,20,False,0,True,0.4383851680964933,0.32567010135839497,0.69533424733266,3.454370953841135,6.2877729156753075,0.0,RHMTD,232,case57
False,0,0.0,False,20,20,False,0,True,0.4151694256118129,0.33501900075346425,0.7012479279965167,3.341898159123957,6.415223531075754,0.0,RHMTD,233,case57
False,0,0.0,False,20,20,False,0,True,0.4552192795907222,0.3162414605182784,0.7037171602592907,3.1696375022875145,4.466599976876752,0.0,RHMTD,234,case57
False,0,0.0,True,3,3,True,0,True,0.4253025798482746,0.3319231886689773,0.6996569760552478,3.642516804393381,5.548961061867889,0.0,RHMTD,235,case57
False,0,0.0,False,20,20,False,0,True,0.4628631084693232,0.3164646988432567,0.6985701976003015,3.308631290565245,5.0045559328282305,0.0,RHMTD,236,case57
False,0,0.0,False,20,20,False,0,True,0.483512337355078,0.3094083727886989,0.700176834371572,4.342064604861662,5.144122880301458,0.0,RHMTD,237,case57
False,0,0.0,False,20,20,False,0,True,0.47698223332720335,0.30672486729621184,0.7012426972757516,3.8759333518100902,7.028037850977855,0.0,RHMTD,238,case57
False,0,0.0,False,20,20,False,0,True,0.4245059764882859,0.33159413299618684,0.694697567711118,4.115349947824143,10.44183270132635,0.0,RHMTD,239,case57
False,0,0.0,False,20,20,False,0,True,0.4141749716637168,0.33483149679975877,0.6978627567013025,7.283416550490074,16.909507993841586,0.0,RHMTD,240,case57
False,0,0.0,False,20,20,False,0,True,0.44229209709696354,0.2677118760386126,0.7050455676820151,2.602339757140726,2.9410107585135847,0.0,RHMTD,241,case57
False,0,0.0,True,16,16,True,0,True,0.43204318797126806,0.328835388917418,0.6997319379911175,2.384575054747984,2.7114586671814322,0.0,RHMTD,242,case57
False,0,0.0,False,20,20,False,0,True,0.419784433078155,0.3328901928073871,0.7009853834779722,4.641475100652315,17.288841676781885,0.0,RHMTD,243,case57
False,0,0.0,False,20,20,False,0,True,0.45134803945504864,0.3212722967367942,0.7009853834779721,2.6437791500939056,2.906658305437304,0.0,RHMTD,244,case57
False,0,0.0,False,20,20,False,0,True,0.4817743971060162,0.20858994314960955,0.6967968937971228,2.3339209030382335,2.7178687509149313,0.0,RHMTD,245,case57
False,0,0.0,False,20,20,False,0,True,0.43903887041072315,0.32768318031672256,0.6997162531611163,3.652423049788922,8.25845656800084,0.0,RHMTD,246,case57
False,0,0.0,False,20,20,False,0,True,0.4323664350147857,0.32352749214851567,0.6980660241139787,2.6039500400656834,2.897045834106393,0.0,RHMTD,247,case57
False,0,0.0,False,20,20,False,0,True,0.49708394485681323,0.2686414137783789,0.7026512973551109,2.1438312076497823,2.283891339902766,0.0,RHMTD,248,case57
False,0,0.0,False,20,20,False,0,True,0.46297675556091705,0.3040382405038625,0.6925422020730655,3.3486771513707936,6.511769117787481,0.0,RHMTD,249,case57
True,26,-0.04,True,1,1,False,26,True,0.21896364038601546,0.005105381528689467,0.4948417944683423,25.70774370105937,31.689824748900726,0.0,Robust-MTD,0,case57
True,49,-0.04,True,1,1,False,50,False,0.22625818394686262,0.007017021732549179,0.4948417944683423,29.61237701238133,44.39999794703908,0.0,Robust-MTD,1,case57
True,53,-0.04,True,1,1,False,51,False,0.2490101552588445,0.005826936153187085,0.4948417944683423,29.345310549251735,42.07884827046655,0.0,Robust-MTD,2,case57
True,37,0.04,True,1,1,False,44,False,0.19888654945551734,0.0032062744039835873,0.4948417944683423,23.419298100634478,30.55955660529435,0.0,Robust-MTD,3,case57
True,46,0.04,True,17,17,False,0,False,0.5473360185149716,0.35354028292667666,0.4948417944683423,25.80741874407977,33.39152882108465,0.0,Robust-MTD,4,case57
True,17,0.04,True,3,3,False,18,False,0.22066964807278625,0.006981552477588396,0.4948417944683423,24.2671541927848,30.789468716830022,0.0,Robust-MTD,5,case57
True,24,0.04,True,5,5,False,24,True,0.32420934936097934,0.014451869099186767,0.4948417944683423,25.812460313318297,31.43010418280028,0.0,Robust-MTD,6,case57
True,3,0.04,True,16,16,False,3,True,0.0004140981072760963,0.008621037203614342,0.4948417944683423,26.04779370012693,33.36972679244355,0.0,Robust-MTD,7,case57
True,8,-0.04,True,1,1,False,8,True,3.8671819781197475e-10,0.004882064964206214,0.4948417944683423,27.848256190191023,32.92193716333716,0.0,Robust-MTD,8,case57
True,22,0.04,False,20,20,False,0,False,0.6060313263572102,0.3066542938263783,0.4948417944683423,24.756806291406974,31.51415864413139,0.0,Robust-MTD,9,case57
True,29,-0.04,True,3,3,False,29,True,0.3344517664501811,0.01557342389773089,0.4948417944683423,28.925408248323947,49.81851210177412,0.0,Robust-MTD,10,case57
True,28,-0.04,True,1,1,False,28,True,3.867181428919449e-10,0.0033735226776998493,0.4948417944683423,26.444793597329408,37.29739432164935,0.0,Robust-MTD,11,case57
True,8,0.04,True,1,1,False,8,True,3.8671819781197475e-10,0.004882064964206214,0.4948417944683423,24.653812497854233,29.16347708669491,0.0,Robust-MTD,12,case57
True,28,-0.04,True,1,1,False,28,True,4.551910360201059e-10,0.003373522677711143,0.4948417944683423,26.943785449839197,35.66968511440791,0.0,Robust-MTD,13,case57
True,22,0.04,False,20,20,False,0,False,0.5743269876994536,0.3332075416038328,0.4948417944683423,25.47355819842778,33.44507943838835,0.0,Robust-MTD,14,case57
True,26,0.04,True,1,1,False,26,True,0.21605564964738264,0.005122406839801203,0.4948417944683423,24.395356245804578,31.042537838220596,0.0,Robust-MTD,15,case57
True,40,-0.04,False,20,20,False,40,True,0.00039492891790810587,0.047375411523741646,0.4948417944683423,28.822651991504245,41.920704438234694,0.0,Robust-MTD,16,case57
True,1,-0.04,False,20,20,False,0,False,0.5904723205239737,0.2787580496624254,0.4948417944683423,26.32322500285227,31.395001444616362,0.0,Robust-MTD,17,case57
True,37,-0.04,True,1,1,False,44,False,0.1022059800878798,0.00362214504563613,0.4948417944683423,28.00207710824907,34.80605270597157,0.0,Robust-MTD,18,case57
True,42,-0.04,True,4,4,False,42,True,3.8671808797186176e-10,0.012298808387578544,0.4948417944683423,25.84012507868465,34.30449791485444,0.0,Robust-MTD,19,case57
True,32,0.04,False,20,20,False,0,False,0.5095869641974846,0.3709375620667279,0.4948417944683423,25.822670842171647,30.860283374204304,0.0,Robust-MTD,20,case57
True,20,0.04,True,1,1,False,17,False,0.33188545856536206,0.005664226302748569,0.4948417944683423,30.947483354248106,39.83545212831822,0.0,Robust-MTD,21,case57
True,46,0.04,False,20,20,False,0,False,0.5018413147010818,0.3790389317151846,0.4948417944683423,24.315631354693323,29.925829841522503,0.0,Robust-MTD,22,case57
True,42,0.04,True,18,18,False,42,True,3.867180879729902e-10,0.012298808387578544,0.4948417944683423,26.375254249433056,34.15968574990987,0.0,Robust-MTD,23,case57
True,56,-0.04,True,3,3,False,56,True,0.17144160094404476,0.015075329385466215,0.4948417944683423,26.32707724987995,33.30920352891553,0.0,Robust-MTD,24,case57
True,53,0.04,True,1,1,False,51,False,0.20098428474459942,0.006826243996146087,0.4948417944683423,26.52995603857562,32.26266632555053,0.0,Robust-MTD,25,case57
True,48,0.04,True,1,1,False,50,False,0.21251929470239814,0.007104646265809073,0.4948417944683423,25.938260304974392,31.200205886852935,0.0,Robust-MTD,26,case57
True,24,-0.04,True,9,9,False,24,True,0.30554319174929323,0.012991152814144192,0.4948417944683423,25.24373130290769,31.62798305856996,0.0,Robust-MTD,27,case57
True,20,0.04,True,1,1,False,18,False,0.2612224611069677,0.006658877036921594,0.4948417944683423,29.70960834354628,41.21464170166294,0.0,Robust-MTD,28,case57
True,34,-0.04,True,18,18,False,34,True,0.4052382072227106,0.039962486216400125,0.4948417944683423,26.6562331962632,31.076210091123357,0.0,Robust-MTD,29,case57
True,11,-0.04,True,1,1,False,11,True,3.8671819781197475e-10,0.004888621605915981,0.4948417944683423,24.349210495711304,29.408581531606615,0.0,Robust-MTD,30,case57
True,38,0.04,False,20,20,False,56,False,0.17144160094404476,0.015075329385466215,0.4948417944683423,27.548954100348055,39.95427675836255,0.0,Robust-MTD,31,case57
True,32,0.04,False,20,20,False,0,False,0.5199054051950568,0.3690280128771451,0.4948417944683423,24.27642515685875,29.31188931397628,0.0,Robust-MTD,32,case57
True,15,-0.04,False,20,20,False,0,False,0.5145670554793418,0.36100210456408505,0.4948417944683423,26.924216601764783,38.663735394948176,0.0,Robust-MTD,33,case57
True,36,0.04,True,1,1,False,36,True,5.073313917093421e-10,0.0009164437876425398,0.4948417944683423,25.421849798294716,31.003889525891292,0.0,Robust-MTD,34,case57
True,26,0.04,True,2,2,False,26,True,0.20173962413476162,0.00519505367836978,0.4948417944683423,26.670585299143568,32.77012645849027,0.0,Robust-MTD,35,case57
True,28,0.04,True,1,1,False,28,True,3.8671814289192767e-10,0.0033735226776998493,0.4948417944683423,25.39361864910461,37.86812142643612,0.0,Robust-MTD,36,case57
True,3,0.04,True,8,8,False,3,True,0.0038235465933636726,0.008615439305030127,0.4948417944683423,24.762902050861157,33.45349378651008,0.0,Robust-MTD,37,case57
True,6,0.04,False,20,20,False,6,True,1.2198661291046392e-09,0.011385499125552733,0.4948417944683423,26.022141604335047,31.618415171396922,0.0,Robust-MTD,38,case57
True,51,-0.04,True,10,10,False,54,False,0.18376022971740463,0.01446615647551374,0.4948417944683423,27.03594985359814,37.62394965742716,0.0,Robust-MTD,39,case57
True,17,0.04,True,1,1,False,18,False,0.2475444289753145,0.006792529829335288,0.4948417944683423,25.93106260173954,34.809312841389335,0.0,Robust-MTD,40,case57
True,49,-0.04,True,2,2,False,50,False,0.17110410928180256,0.007679595284587984,0.4948417944683423,28.157483201357536,37.32768302434125,0.0,Robust-MTD,41,case57
True,19,-0.04,True,1,1,False,18,False,0.28784936083499807,0.0064008381271941205,0.4948417944683423,26.52769789856393,33.13561670656784,0.0,Robust-MTD,42,case57
True,31,0.04,False,20,20,False,30,False,0.39927173442772523,0.06468782433889525,0.4948417944683423,28.191204139147885,50.05704404611606,0.0,Robust-MTD,43,case57
True,55,0.04,True,1,1,False,55,True,3.867180879718649e-10,0.0038404153115128067,0.4948417944683423,28.410033343243413,33.0042832734762,0.0,Robust-MTD,44,case57
True,2,0.04,True,2,2,False,2,True,1.3474172949942487e-05,0.0058139303060758315,0.4948417944683423,27.433701895643026,39.55615769664291,0.0,Robust-MTD,45,case57
True,34,-0.04,True,11,11,False,31,False,0.40079126095357814,0.04194469458052559,0.4948417944683423,26.01132074778434,36.82418094249443,0.0,Robust-MTD,46,case57
True,14,-0.04,True,1,1,False,14,True,3.8671819781200764e-10,0.0034844732392646867,0.4948417944683423,26.836756404372863,31.22863601893187,0.0,Robust-MTD,47,case57
True,1,0.04,False,20,20,False,1,True,0.22818107905950738,0.20624972288991503,0.4948417944683423,28.81724390317686,36.78072500042617,0.0,Robust-MTD,48,case57
True,34,-0.04,False,20,20,False,34,True,0.40522239529169507,0.040300356009083854,0.4948417944683423,25.692806305596605,33.27344377466943,0.0,Robust-MTD,49,case57
True,40,-0.04,False,20,20,False,40,True,0.0020984796817889693,0.04755030418818715,0.4948417944683423,26.62930424849037,33.434214539011016,0.0,Robust-MTD,50,case57
True,27,-0.04,True,1,1,False,26,False,0.21184882112595654,0.005145605346354644,0.4948417944683423,32.286768752965145,61.37878817680759,0.0,Robust-MTD,51,case57
True,44,-0.04,True,1,1,False,44,True,0.05931271250724372,0.0037459184241648885,0.4948417944683423,30.96726450312417,39.4327503308887,0.0,Robust-MTD,52,case57
True,1,0.04,False,20,20,False,0,False,0.4997127847768982,0.3783883708786537,0.4948417944683423,27.43760424782522,40.30641035933514,0.0,Robust-MTD,53,case57
True,20,-0.04,True,1,1,False,18,False,0.2949067989828095,0.006311187837542115,0.4948417944683423,29.85324171022512,45.21581458975562,0.0,Robust-MTD,54,case57
True,41,-0.04,False,20,20,False,41,True,3.867180605118429e-10,0.016569358082100326,0.4948417944683423,26.635489592445083,34.364972583716735,0.0,Robust-MTD,55,case57
True,25,0.04,True,2,2,False,25,True,0.2325657118107577,0.00501319396933001,0.4948417944683423,28.811014597886242,38.73409930092748,0.0,Robust-MTD,56,case57
True,33,0.04,False,20,20,False,34,False,0.39911886409422354,0.033276378372613935,0.4948417944683423,25.88782289531082,35.0614190712804,0.0,Robust-MTD,57,case57
True,42,-0.04,True,8,8,False,42,True,3.867180879721542e-10,0.012298808387578544,0.4948417944683423,29.71364789409563,47.775813133921496,0.0,Robust-MTD,58,case57
True,21,0.04,False,20,20,False,0,False,0.5415855496655643,0.35301530623485733,0.4948417944683423,27.200356248067692,33.59979828237556,0.0,Robust-MTD,59,case57
True,36,-0.04,True,1,1,False,36,True,1.3663665561955617e-06,0.0009164437709115221,0.4948417944683423,33.051299990620464,56.40615175361746,0.0,Robust-MTD,60,case57
True,46,0.04,False,20,20,False,0,False,0.5249036525292273,0.36782775394065065,0.4948417944683423,31.125254099606536,39.87863545771688,0.0,Robust-MTD,61,case57
True,56,0.04,False,20,20,False,38,False,0.17144160095166613,0.015075329385449754,0.4948417944683423,33.786789543228224,64.35647088219412,0.0,Robust-MTD,62,case57
True,8,-0.04,True,2,2,False,8,True,3.8671819781197475e-10,0.004882064964206214,0.4948417944683423,26.14743744779844,32.098497313563726,0.0,Robust-MTD,63,case57
True,2,0.04,True,1,1,False,2,True,1.5521344026995157e-05,0.005813932189885153,0.4948417944683423,26.620977101265453,33.97055033128709,0.0,Robust-MTD,64,case57
True,43,0.04,True,1,1,False,44,False,0.11527649639090724,0.0035782696691225415,0.4948417944683423,29.32743129786104,40.531111057498514,0.0,Robust-MTD,65,case57
True,11,0.04,True,1,1,False,11,True,3.8671819781197475e-10,0.004888621605915981,0.4948417944683423,28.814874999807216,55.014141910942286,0.0,Robust-MTD,66,case57
True,7,0.04,False,20,20,False,0,False,0.5702934179258264,0.3199123718184705,0.4948417944683423,24.349843748495914,29.946943750837818,0.0,Robust-MTD,67,case57
True,7,-0.04,False,20,20,False,0,False,0.58770741466234,0.2709251470151143,0.4948417944683423,25.3225479478715,32.307099961326465,0.0,Robust-MTD,68,case57
True,51,-0.04,True,5,5,False,51,True,0.27242074600698796,0.011358213783328406,0.4948417944683423,25.354872897150926,31.23777437431272,0.0,Robust-MTD,69,case57
True,12,-0.04,True,1,1,False,12,True,3.8671819781197475e-10,0.00045950791273184757,0.4948417944683423,28.317695859004743,48.83798189403024,0.0,Robust-MTD,70,case57
True,17,-0.04,True,3,3,False,18,False,0.24873987376601014,0.00678555160876686,0.4948417944683423,25.16396254650317,30.185453861486167,0.0,Robust-MTD,71,case57
True,35,0.04,True,1,1,False,35,True,2.3513740385914497e-09,0.000868359885308281,0.4948417944683423,24.979310552589595,29.813386878231544,0.0,Robust-MTD,72,case57
True,37,0.04,True,1,1,False,44,False,0.05770897368672763,0.003749968892579739,0.4948417944683423,25.102877157041803,32.03186522587203,0.0,Robust-MTD,73,case57
True,11,0.04,True,1,1,False,11,True,3.8671819781197475e-10,0.004888621605915981,0.4948417944683423,25.707924956805073,33.25177020742559,0.0,Robust-MTD,74,case57
True,43,-0.04,True,1,1,False,44,False,0.11763061578210904,0.0035700385029593987,0.4948417944683423,26.575479144230485,37.066624985891394,0.0,Robust-MTD,75,case57
True,39,0.04,True,1,1,False,39,True,3.867180879718649e-10,0.0036474741932404305,0.4948417944683423,30.471916747046635,50.85366874118339,0.0,Robust-MTD,76,case57
True,41,-0.04,False,20,20,False,41,True,3.867180879732405e-10,0.016569358082100326,0.4948417944683423,31.988712394377213,41.17153718834751,0.0,Robust-MTD,77,case57
True,11,-0.04,True,1,1,False,11,True,3.8671819781197475e-10,0.004888621605915981,0.4948417944683423,26.21886045089923,41.34451076097321,0.0,Robust-MTD,78,case57
True,24,0.04,True,2,2,False,24,True,0.27525026559209076,0.011391560428994175,0.4948417944683423,26.007401998504065,39.29339615278877,0.0,Robust-MTD,79,case57
True,26,-0.04,True,3,3,False,25,False,0.20138719233327187,0.005196627307819101,0.4948417944683423,33.78006449784152,55.02008778275929,0.0,Robust-MTD,80,case57
True,37,0.04,True,1,1,False,44,False,0.11933722709032174,0.0035640066655803983,0.4948417944683423,33.596093746018596,48.82878987700683,0.0,Robust-MTD,81,case57
True,26,-0.04,True,1,1,False,26,True,0.21084278740320825,0.005150914385642916,0.4948417944683423,27.565454301657155,36.92138712794988,0.0,Robust-MTD,82,case57
True,20,-0.04,True,1,1,False,18,False,0.26908178686481754,0.006585578137328123,0.4948417944683423,27.36792496580165,40.49111217609607,0.0,Robust-MTD,83,case57
True,54,0.04,False,20,20,False,54,True,0.15516319498514858,0.015476614555242085,0.4948417944683423,34.13751864864025,61.62522703816649,0.0,Robust-MTD,84,case57
True,31,0.04,False,20,20,False,31,True,0.3755639325203377,0.051671357552125506,0.4948417944683423,28.98999600438401,40.42138369695752,0.0,Robust-MTD,85,case57
True,28,0.04,True,1,1,False,28,True,3.8671814289191867e-10,0.0033735226776998493,0.4948417944683423,30.702970799757168,53.43598483596,0.0,Robust-MTD,86,case57
True,26,-0.04,True,1,1,False,25,False,0.23463820448106093,0.004997004050490545,0.4948417944683423,29.665360500803217,47.87966073781718,0.0,Robust-MTD,87,case57
True,17,-0.04,True,2,2,False,18,False,0.3312929640098846,0.005696147823853415,0.4948417944683423,33.361018751747906,65.8759895944968,0.0,Robust-MTD,88,case57
True,55,-0.04,True,1,1,False,55,True,3.867180605118526e-10,0.003840415311512807,0.4948417944683423,30.363929094164632,52.86237855325455,0.0,Robust-MTD,89,case57
True,11,0.04,True,1,1,False,11,True,3.8671819781197475e-10,0.004888621605915981,0.4948417944683423,32.31235415150877,57.141363099799506,0.0,Robust-MTD,90,case57
True,48,-0.04,True,1,1,False,48,True,0.2662031525548332,0.005267241914245388,0.4948417944683423,27.91834589734208,34.00720064819325,0.0,Robust-MTD,91,case57
True,50,-0.04,True,5,5,False,50,True,0.13704155537127988,0.008054378061998546,0.4948417944683423,28.70240830234252,41.14608989912087,0.0,Robust-MTD,92,case57
True,53,-0.04,True,1,1,False,51,False,0.1561534007692173,0.007473710394946088,0.4948417944683423,27.185681299306452,44.21588780533057,0.0,Robust-MTD,93,case57
True,43,0.04,True,1,1,False,44,False,0.22414233387561971,0.0030435585857268186,0.4948417944683423,31.02470204466954,47.97257322934457,0.0,Robust-MTD,94,case57
True,40,-0.04,False,20,20,False,40,True,0.030950388885169756,0.04655268676493054,0.4948417944683423,26.9572645513108,39.710127376019955,0.0,Robust-MTD,95,case57
True,10,-0.04,True,1,1,False,10,True,3.8671819781197475e-10,0.006716505493575347,0.4948417944683423,27.462987604667433,46.3986274029594,0.0,Robust-MTD,96,case57
True,14,0.04,True,1,1,False,14,True,3.8671817035206415e-10,0.0034844732392646876,0.4948417944683423,26.517204046831466,36.27966036729051,0.0,Robust-MTD,97,case57
True,53,-0.04,True,1,1,False,51,False,0.2653657936915389,0.00543403253083529,0.4948417944683423,26.149470853852108,32.04000240075403,0.0,Robust-MTD,98,case57
True,49,-0.04,True,1,1,False,50,False,0.21745983613260708,0.007076996910878008,0.4948417944683423,26.505368706420995,33.79022640001495,0.0,Robust-MTD,99,case57
True,56,0.04,True,6,6,False,38,False,0.17144160112039583,0.015075329385140973,0.4948417944683423,28.21478119585663,50.39522771257908,0.0,Robust-MTD,100,case57
True,17,-0.04,True,2,2,False,18,False,0.31257347022423804,0.006079016087067945,0.4948417944683423,26.573389396071434,33.665647578891395,0.0,Robust-MTD,101,case57
True,12,0.04,True,1,1,False,12,True,3.8671819781197475e-10,0.00045950791273184757,0.4948417944683423,26.924110398977064,42.66086039133372,0.0,Robust-MTD,102,case57
True,48,-0.04,True,1,1,False,48,True,0.26015678620631466,0.005252559147370924,0.4948417944683423,26.418591593392193,43.47256252949592,0.0,Robust-MTD,103,case57
True,31,0.04,False,20,20,False,31,True,0.3935414638097833,0.04745029531977145,0.4948417944683423,28.03156889276579,35.78888483461926,0.0,Robust-MTD,104,case57
True,31,0.04,False,20,20,False,0,False,0.5328644402987879,0.36230756789281016,0.4948417944683423,25.91780404909514,37.53908686339855,0.0,Robust-MTD,105,case57
True,41,-0.04,False,20,20,False,41,True,3.867180879761423e-10,0.016569358082100326,0.4948417944683423,26.52299774927087,35.50262670614758,0.0,Robust-MTD,106,case57
True,16,-0.04,False,20,20,False,0,False,0.5012648630187251,0.3734824316803095,0.4948417944683423,27.435070753563195,35.29062082816383,0.0,Robust-MTD,107,case57
True,20,0.04,True,1,1,False,18,False,0.256771244809035,0.00668983810946594,0.4948417944683423,29.175941448193043,54.96960771561135,0.0,Robust-MTD,108,case57
True,50,0.04,True,14,14,False,50,True,0.21998482363758817,0.007212867703202673,0.4948417944683423,28.42008748848457,43.941929479478866,0.0,Robust-MTD,109,case57
True,17,0.04,True,3,3,False,18,False,0.2580390773427589,0.006706671368913667,0.4948417944683423,30.300129202078097,44.959324717638104,0.0,Robust-MTD,110,case57
True,41,0.04,False,20,20,False,41,True,5.456946521027055e-10,0.016569358082885347,0.4948417944683423,29.19492504443042,43.77581700100565,0.0,Robust-MTD,111,case57
True,15,0.04,False,20,20,False,0,False,0.5127621366595326,0.3692304260937099,0.4948417944683423,30.081916745984927,45.57424370723316,0.0,Robust-MTD,112,case57
True,12,-0.04,True,1,1,False,12,True,3.8671819781197475e-10,0.00045950791273184757,0.4948417944683423,31.030414550332353,53.681531228357926,0.0,Robust-MTD,113,case57
True,33,-0.04,False,20,20,False,31,False,0.3826962966077752,0.04422848275662962,0.4948417944683423,28.97184389294125,44.49182738608216,0.0,Robust-MTD,114,case57
True,8,0.04,True,1,1,False,8,True,3.8671819781197475e-10,0.004882064964206214,0.4948417944683423,28.228147845948115,44.078831208753414,0.0,Robust-MTD,115,case57
True,16,-0.04,False,20,20,False,0,False,0.5102633713632533,0.3696976057380522,0.4948417944683423,29.828064554021694,40.157310417271226,0.0,Robust-MTD,116,case57
True,46,-0.04,False,20,20,False,0,False,0.5275759450198803,0.3590088283938463,0.4948417944683423,27.72616464062594,37.64309584512376,0.0,Robust-MTD,117,case57
True,8,-0.04,True,1,1,False,8,True,3.8671819781197475e-10,0.004882064964206214,0.4948417944683423,34.34233129955828,46.89577140961778,0.0,Robust-MTD,118,case57
True,20,0.04,True,1,1,False,18,False,0.2970533538850321,0.00628459128221634,0.4948417944683423,36.23246040660888,65.61729343375193,0.0,Robust-MTD,119,case57
True,52,-0.04,True,1,1,False,51,False,0.15825838832519154,0.007612796721300304,0.4948417944683423,36.362093753996305,59.38123190717307,0.0,Robust-MTD,120,case57
True,9,-0.04,False,20,20,False,9,True,1.4883141404340063e-07,0.03584234820094626,0.4948417944683423,35.3355936560547,52.25644789170476,0.0,Robust-MTD,121,case57
True,21,0.04,False,20,20,False,0,False,0.4974484258026196,0.3826334237538858,0.4948417944683423,32.06354995199945,65.79886907420587,0.0,Robust-MTD,122,case57
True,43,0.04,True,1,1,False,44,False,0.11774373492583504,0.003569640385540566,0.4948417944683423,25.169177149655297,34.68626697722358,0.0,Robust-MTD,123,case57
True,18,-0.04,True,5,5,False,18,True,0.24994521377044893,0.006771781502693749,0.4948417944683423,25.952318706549704,33.797516050981365,0.0,Robust-MTD,124,case57
True,38,-0.04,True,18,18,False,38,True,0.17144160094404476,0.015075329385466213,0.4948417944683423,30.67937510786578,47.30943752510939,0.0,Robust-MTD,125,case57
True,47,-0.04,False,20,20,False,0,False,0.5672210629446225,0.3441086375161302,0.4948417944683423,25.3307646518806,36.566372943343595,0.0,Robust-MTD,126,case57
True,51,-0.04,True,2,2,False,54,False,0.21353387431974385,0.013175066159556985,0.4948417944683423,32.83558139228262,60.61081731168088,0.0,Robust-MTD,127,case57
True,23,0.04,True,0,0,False,0,False,0.5567653153747673,0.3516945776156504,0.4948417944683423,30.664031102787703,63.51802706194577,0.0,Robust-MTD,128,case57
True,40,0.04,True,15,15,False,40,True,0.0005243798137622163,0.04736993292787549,0.4948417944683423,29.375981155317277,44.0624503127765,0.0,Robust-MTD,129,case57
True,20,-0.04,True,1,1,False,17,False,0.3380999775896218,0.005412258686287877,0.4948417944683423,26.97133334877435,39.051313945674345,0.0,Robust-MTD,130,case57
True,51,-0.04,True,3,3,False,54,False,0.1656040649115379,0.014944451895079139,0.4948417944683423,27.118295841501094,52.80990353494417,0.0,Robust-MTD,131,case57
True,26,0.04,True,1,1,False,25,False,0.21935681164946447,0.005103014485119587,0.4948417944683423,28.62416455463972,40.127820489578895,0.0,Robust-MTD,132,case57
True,43,-0.04,True,1,1,False,44,False,0.07917078435373333,0.0036923413772585734,0.4948417944683423,28.360070803319104,50.48238747403957,0.0,Robust-MTD,133,case57
True,54,-0.04,False,20,20,False,54,True,0.13225073882917848,0.016073797715678104,0.4948417944683423,26.968858353211544,38.28928124567028,0.0,Robust-MTD,134,case57
True,32,0.04,False,20,20,False,0,False,0.5107783115535715,0.37037955866403227,0.4948417944683423,26.352839643368497,39.69326286751312,0.0,Robust-MTD,135,case57
True,47,0.04,False,20,20,False,0,False,0.5765526991053779,0.3185890810954481,0.4948417944683423,30.910095895524137,51.068487178417875,0.0,Robust-MTD,136,case57
True,51,0.04,True,2,2,False,54,False,0.15908087309409308,0.015211877468702494,0.4948417944683423,27.079941707779653,38.718791678547866,0.0,Robust-MTD,137,case57
True,53,0.04,True,1,1,False,51,False,0.10755409459490814,0.008287128800207566,0.4948417944683423,25.320551998447627,33.68620445544366,0.0,Robust-MTD,138,case57
True,54,0.04,False,20,20,False,54,True,0.1387764965131602,0.015926651382077033,0.4948417944683423,30.108110306900926,54.369558370672166,0.0,Robust-MTD,139,case57
True,20,0.04,True,1,1,False,18,False,0.29134258463517804,0.006355735907872372,0.4948417944683423,26.089547912124544,35.0382535107201,0.0,Robust-MTD,140,case57
True,52,0.04,True,1,1,False,51,False,0.12354049715041582,0.007961061416358875,0.4948417944683423,29.566604201681912,41.07682912435848,0.0,Robust-MTD,141,case57
True,10,0.04,True,3,3,False,10,True,3.8671819781197475e-10,0.006716505493575347,0.4948417944683423,27.34809374960605,37.69631524919533,0.0,Robust-MTD,142,case57
True,12,-0.04,True,1,1,False,12,True,3.8671819781197475e-10,0.00045950791273184757,0.4948417944683423,27.513404306955636,38.56042531551794,0.0,Robust-MTD,143,case57
True,10,0.04,True,2,2,False,10,True,3.8671819781197506e-10,0.006716505493575347,0.4948417944683423,30.151831297553144,49.3589839199558,0.0,Robust-MTD,144,case57
True,11,-0.04,True,1,1,False,11,True,3.8671819781197475e-10,0.004888621605915981,0.4948417944683423,27.054039749782532,39.24506281327922,0.0,Robust-MTD,145,case57
True,25,-0.04,True,1,1,False,25,True,0.2547337643147444,0.004792918229202604,0.4948417944683423,31.760733400005847,47.186247594072505,0.0,Robust-MTD,146,case57
True,36,0.04,True,1,1,False,36,True,1.1883239085124916e-07,0.0009164437863965861,0.4948417944683423,36.59186236036476,78.59145002148581,0.0,Robust-MTD,147,case57
True,44,-0.04,True,1,1,False,44,True,0.038512659484475895,0.0037951708774604173,0.4948417944683423,33.88838549144566,44.21342082787306,0.0,Robust-MTD,148,case57
True,24,0.04,True,2,2,False,24,True,0.3371935351408539,0.015733243511210644,0.4948417944683423,34.924737553228624,52.45194791932591,0.0,Robust-MTD,149,case57
True,3,0.04,True,4,4,False,3,True,0.0017223584929272672,0.008619095882869339,0.4948417944683423,31.787393789272755,62.35618542996235,0.0,Robust-MTD,150,case57
True,42,0.04,False,20,20,False,42,True,3.8671808797192065e-10,0.012298808387578544,0.4948417944683423,30.277499996009283,61.02371603774374,0.0,Robust-MTD,151,case57
True,23,0.04,False,20,20,False,0,False,0.6021105064586645,0.32445535253309843,0.4948417944683423,31.699256296269596,48.97489553550259,0.0,Robust-MTD,152,case57
True,45,0.04,True,7,7,False,45,True,3.8671808797186683e-10,0.008872938518095718,0.4948417944683423,29.445791605394334,40.931141658802524,0.0,Robust-MTD,153,case57
True,24,-0.04,True,1,1,False,29,False,0.33643100838846024,0.015568852060180993,0.4948417944683423,30.040547938551754,45.60110586462544,0.0,Robust-MTD,154,case57
True,22,-0.04,False,20,20,False,0,False,0.6204303676219554,0.3018020971187199,0.4948417944683423,32.85351050726604,62.58668924565428,0.0,Robust-MTD,155,case57
True,23,0.04,False,20,20,False,0,False,0.5010959811566728,0.377691124304002,0.4948417944683423,28.085133247077465,39.50037911417895,0.0,Robust-MTD,156,case57
True,54,0.04,False,20,20,False,54,True,0.24133110743566183,0.01319264474592138,0.4948417944683423,35.85159589711111,70.71969375247136,0.0,Robust-MTD,157,case57
True,33,-0.04,False,20,20,False,34,False,0.42921059965690966,0.032943246557504954,0.4948417944683423,34.23161880054977,64.9245208594948,0.0,Robust-MTD,158,case57
True,39,-0.04,True,1,1,False,39,True,3.867180879718745e-10,0.0036474741932404305,0.4948417944683423,28.582841748720966,35.00043303938585,0.0,Robust-MTD,159,case57
True,13,0.04,True,1,1,False,13,True,3.8671819781197475e-10,0.0005704733218803301,0.4948417944683423,31.98277930205222,65.83657501032576,0.0,Robust-MTD,160,case57
True,38,0.04,False,20,20,False,56,False,0.1714416009440448,0.015075329385466211,0.4948417944683423,35.08014145481866,77.65893126488665,0.0,Robust-MTD,161,case57
True,35,0.04,True,1,1,False,35,True,2.1500277757269496e-07,0.0008683598876303992,0.4948417944683423,33.00285840232391,63.540402401122286,0.0,Robust-MTD,162,case57
True,26,-0.04,True,1,1,False,26,True,0.20516078168792604,0.005179265170706179,0.4948417944683423,31.15293334412854,58.88633091817611,0.0,Robust-MTD,163,case57
True,1,0.04,False,20,20,False,0,False,0.5029130025973233,0.2997549187114504,0.4948417944683423,34.41869785019662,81.97060145321304,0.0,Robust-MTD,164,case57
True,49,-0.04,True,3,3,False,50,False,0.24855174203295335,0.0066143091237935905,0.4948417944683423,30.344276945106685,55.59075796336403,0.0,Robust-MTD,165,case57
True,40,0.04,False,20,20,False,40,True,0.008133808772806062,0.047860792408059016,0.4948417944683423,28.18371055473108,41.72807983995881,0.0,Robust-MTD,166,case57
True,40,0.04,False,20,20,False,40,True,0.04833078622313717,0.05333761102367297,0.4948417944683423,31.519883254077286,51.48638923419641,0.0,Robust-MTD,167,case57
True,28,0.04,True,1,1,False,28,True,3.86718142891941e-10,0.0033735226776998493,0.4948417944683423,30.591760351671837,59.18218508304564,0.0,Robust-MTD,168,case57
True,38,0.04,False,20,20,False,38,True,0.17144160203997477,0.015075329383268199,0.4948417944683423,28.925696093938313,44.95679020474199,0.0,Robust-MTD,169,case57
True,27,0.04,True,1,1,False,25,False,0.2240031497207464,0.005073796064523116,0.4948417944683423,33.25352295360062,50.8631708129542,0.0,Robust-MTD,170,case57
True,30,-0.04,False,20,20,False,0,False,0.5413406262036533,0.35954949140703973,0.4948417944683423,34.23776864656247,79.56472018267961,0.0,Robust-MTD,171,case57
True,31,-0.04,False,20,20,False,0,False,0.6431560738254439,0.19262837410212036,0.4948417944683423,33.633377245860174,55.126723545254215,0.0,Robust-MTD,172,case57
True,27,0.04,True,1,1,False,25,False,0.2027008487438675,0.005190711985532104,0.4948417944683423,30.52401659952011,49.46107087016571,0.0,Robust-MTD,173,case57
True,51,0.04,True,7,7,False,54,False,0.19962843180421794,0.01392700605727531,0.4948417944683423,31.90935195307247,73.6961190472357,0.0,Robust-MTD,174,case57
True,28,0.04,True,1,1,False,28,True,3.8671814289194804e-10,0.0033735226776998493,0.4948417944683423,32.42702914576512,45.77717710926668,0.0,Robust-MTD,175,case57
True,33,-0.04,False,20,20,False,34,False,0.38592574576395045,0.039321851490592995,0.4948417944683423,33.13117920188233,58.472937776241466,0.0,Robust-MTD,176,case57
True,20,-0.04,True,1,1,False,18,False,0.2766238968083654,0.006520976277065018,0.4948417944683423,32.830875139916316,47.16850621334743,0.0,Robust-MTD,177,case57
True,5,0.04,True,4,4,False,5,True,3.867181978120524e-10,0.008826035223823752,0.4948417944683423,33.56710415100679,57.25304756779224,0.0,Robust-MTD,178,case57
True,38,0.04,False,20,20,False,56,False,0.1714416009440448,0.015075329385466211,0.4948417944683423,36.9411103107268,54.095201450400104,0.0,Robust-MTD,179,case57
True,52,-0.04,True,1,1,False,51,False,0.15416609486176494,0.007570520635764105,0.4948417944683423,34.996587596833706,66.88495441630948,0.0,Robust-MTD,180,case57
True,48,0.04,True,1,1,False,48,True,0.18518544517965246,0.003823050773827923,0.4948417944683423,32.624860311625525,74.21566460398026,0.0,Robust-MTD,181,case57
True,32,-0.04,False,20,20,False,0,False,0.5250092495008478,0.3684272716789829,0.4948417944683423,30.768689649994485,44.02962049643976,0.0,Robust-MTD,182,case57
True,48,0.04,True,1,1,False,49,False,0.2671653476957655,0.005375641036270971,0.4948417944683423,32.51536465540994,58.07522648829036,0.0,Robust-MTD,183,case57
True,48,0.04,True,1,1,False,50,False,0.18006076016243294,0.007337401895594492,0.4948417944683423,31.51779790350702,51.54612675833051,0.0,Robust-MTD,184,case57
True,5,0.04,True,1,1,False,5,True,1.7343454035235089e-09,0.008826035224426387,0.4948417944683423,28.437158340238966,40.27288891666103,0.0,Robust-MTD,185,case57
True,41,0.04,False,20,20,False,41,True,3.867180605118778e-10,0.016569358082100326,0.4948417944683423,30.211243699886836,52.73603087989614,0.0,Robust-MTD,186,case57
True,29,-0.04,True,1,1,False,24,False,0.3334633634543956,0.015469477009677312,0.4948417944683423,29.385491798166186,37.99998536414933,0.0,Robust-MTD,187,case57
True,10,-0.04,True,3,3,False,10,True,3.8671819781197475e-10,0.006716505493575347,0.4948417944683423,32.3703374073375,83.32961428677665,0.0,Robust-MTD,188,case57
True,13,0.04,True,1,1,False,13,True,3.8671819781197475e-10,0.0005704733218803301,0.4948417944683423,36.254687458858825,57.6008413831005,0.0,Robust-MTD,189,case57
True,7,-0.04,False,20,20,False,0,False,0.5309376841692343,0.3575285207270164,0.4948417944683423,32.86774379957933,43.235092263785205,0.0,Robust-MTD,190,case57
True,34,-0.04,False,20,20,False,31,False,0.3954669670289223,0.04628315850724335,0.4948417944683423,29.848400090122595,45.26785026246216,0.0,Robust-MTD,191,case57
True,23,-0.04,False,20,20,False,0,False,0.5187911784737257,0.3739543991826352,0.4948417944683423,32.55566690058913,48.85727289656644,0.0,Robust-MTD,192,case57
True,22,-0.04,False,20,20,False,0,False,0.503078775448228,0.379435389391517,0.4948417944683423,32.80350625573192,69.36310627497733,0.0,Robust-MTD,193,case57
True,53,-0.04,True,1,1,False,51,False,0.1590623198324153,0.007534666112070524,0.4948417944683423,26.714498046203516,38.59324440418278,0.0,Robust-MTD,194,case57
True,40,0.04,False,20,20,False,40,True,0.010112477721660806,0.04715569480732023,0.4948417944683423,29.231583399814554,41.368854520260356,0.0,Robust-MTD,195,case57
True,4,-0.04,False,20,20,False,0,False,0.543771965756832,0.3557738745000786,0.4948417944683423,32.3274730151752,52.22668962960598,0.0,Robust-MTD,196,case57
True,23,0.04,False,20,20,False,0,False,0.5173528429290272,0.3687263826238618,0.4948417944683423,28.250097890850157,44.21025625779294,0.0,Robust-MTD,197,case57
True,17,0.04,True,2,2,False,17,True,0.31394249088367343,0.006034179074196659,0.4948417944683423,26.80512919323519,35.628493755939424,0.0,Robust-MTD,198,case57
True,28,0.04,True,1,1,False,28,True,3.867181428919724e-10,0.0033735226776998493,0.4948417944683423,32.88523960218299,56.77851423679388,0.0,Robust-MTD,199,case57
False,0,0.0,False,20,20,False,0,True,0.4805053898449979,0.390185892864106,0.4948417944683423,30.81832100288011,57.26065594644752,0.0,Robust-MTD,200,case57
False,0,0.0,False,20,20,False,0,True,0.5092642830786073,0.3697730396673475,0.4948417944683423,32.427410350646824,48.399685425101794,0.0,Robust-MTD,201,case57
False,0,0.0,False,20,20,False,0,True,0.5260235579669874,0.36672220956854384,0.4948417944683423,29.850333352806047,46.63549934630282,0.0,Robust-MTD,202,case57
False,0,0.0,False,20,20,False,0,True,0.5265451927650536,0.3518673102012503,0.4948417944683423,33.844122747541405,56.450443435460336,0.0,Robust-MTD,203,case57
False,0,0.0,False,20,20,False,0,True,0.5107154731309057,0.37678345172612054,0.4948417944683423,28.68262510164641,40.03541218407918,0.0,Robust-MTD,204,case57
False,0,0.0,False,20,20,False,0,True,0.50717981718073,0.36965848009145025,0.4948417944683423,30.49854994751513,60.91171453299467,0.0,Robust-MTD,205,case57
False,0,0.0,False,20,20,False,0,True,0.5516911212130733,0.3428413998490526,0.4948417944683423,32.11941870395094,57.62402883847245,0.0,Robust-MTD,206,case57
False,0,0.0,False,20,20,False,0,True,0.5063041860724,0.37676905559455937,0.4948417944683423,34.66029179398902,44.63676662999206,0.0,Robust-MTD,207,case57
False,0,0.0,False,20,20,False,0,True,0.4797210601831103,0.38895706614033315,0.4948417944683423,32.27523536188528,38.95361602189951,0.0,Robust-MTD,208,case57
False,0,0.0,False,20,20,False,0,True,0.5043609623852728,0.37613706459974816,0.4948417944683423,36.52790224587079,59.61574401881082,0.0,Robust-MTD,209,case57
False,0,0.0,False,20,20,False,0,True,0.5278874725711864,0.3277586493913427,0.4948417944683423,30.744268800481223,54.96388159517665,0.0,Robust-MTD,210,case57
False,0,0.0,False,20,20,False,0,True,0.4927097931621806,0.38191371809012425,0.4948417944683423,29.977847848203965,41.67289166944102,0.0,Robust-MTD,211,case57
False,0,0.0,False,20,20,False,0,True,0.49321326634197094,0.38377766750195147,0.4948417944683423,28.926122951088473,40.182105955318555,0.0,Robust-MTD,212,case57
False,0,0.0,False,20,20,False,0,True,0.48111684518093717,0.38835400784719726,0.4948417944683423,31.30694579158444,45.11176809610334,0.0,Robust-MTD,213,case57
False,0,0.0,True,1,1,True,0,True,0.5671266045816736,0.3451795321857956,0.4948417944683423,32.913518699933775,74.41549135546667,0.0,Robust-MTD,214,case57
False,0,0.0,False,20,20,False,0,True,0.5336731879134216,0.3604799940481591,0.4948417944683423,29.173531199921854,40.31374792975841,0.0,Robust-MTD,215,case57
False,0,0.0,False,20,20,False,0,True,0.5245796591079119,0.3687278683592883,0.4948417944683423,28.944435398443602,45.04686878353824,0.0,Robust-MTD,216,case57
False,0,0.0,False,20,20,False,0,True,0.48871131141547214,0.38425607902415704,0.4948417944683423,32.26942699984647,55.41332288121339,0.0,Robust-MTD,217,case57
False,0,0.0,False,20,20,False,0,True,0.5044059927935782,0.31844523763342003,0.4948417944683423,31.12386668799445,45.43695799948183,0.0,Robust-MTD,218,case57
False,0,0.0,False,20,20,False,0,True,0.5699300296877746,0.3326081373930211,0.4948417944683423,30.18588129489217,51.04117855662481,0.0,Robust-MTD,219,case57
False,0,0.0,False,20,20,False,0,True,0.5290350131243138,0.3636330015163982,0.4948417944683423,35.506347942282446,57.82262979482766,0.0,Robust-MTD,220,case57
False,0,0.0,False,20,20,False,0,True,0.5274342098714143,0.36741606895506557,0.4948417944683423,29.36122075188905,50.802192350965925,0.0,Robust-MTD,221,case57
False,0,0.0,False,20,20,False,0,True,0.5421044466050958,0.36064044275428725,0.4948417944683423,30.05923965247348,59.467617006157525,0.0,Robust-MTD,222,case57
False,0,0.0,False,20,20,False,0,True,0.5239369740623866,0.3694560207592031,0.4948417944683423,30.133327102521434,44.81005034758711,0.0,Robust-MTD,223,case57
False,0,0.0,False,20,20,False,0,True,0.5265801527528903,0.34841734638412014,0.4948417944683423,28.54894804477226,41.917263102368466,0.0,Robust-MTD,224,case57
False,0,0.0,False,20,20,False,0,True,0.4917724550854031,0.3844476902993776,0.4948417944683423,28.05741874035448,39.603447582339875,0.0,Robust-MTD,225,case57
False,0,0.0,False,20,20,False,0,True,0.5492726966180999,0.3525763640705546,0.4948417944683423,28.534670802764595,41.6396368702408,0.0,Robust-MTD,226,case57
False,0,0.0,False,20,20,False,0,True,0.528792064627642,0.35986758432348476,0.4948417944683423,28.944654151564464,47.2718815028202,0.0,Robust-MTD,227,case57
False,0,0.0,False,20,20,False,0,True,0.5849801635587355,0.33522963368957076,0.4948417944683423,34.17149385786615,74.00166663574055,0.0,Robust-MTD,228,case57
False,0,0.0,False,20,20,False,0,True,0.5003666465543413,0.37642572755333925,0.4948417944683423,28.663975102244876,46.09201042039787,0.0,Robust-MTD,229,case57
False,0,0.0,True,17,17,True,0,True,0.4851922003687285,0.386467551147794,0.4948417944683423,31.606579147046432,44.61073508136908,0.0,Robust-MTD,230,case57
False,0,0.0,False,20,20,False,0,True,0.5071389713937767,0.3764672107522665,0.4948417944683423,31.352393751149066,44.403762492584086,0.0,Robust-MTD,231,case57
False,0,0.0,False,20,20,False,0,True,0.494115638296869,0.3814333940030511,0.4948417944683423,31.070125006954186,42.8936909796903,0.0,Robust-MTD,232,case57
False,0,0.0,False,20,20,False,0,True,0.5013890897979726,0.3752651249176535,0.4948417944683423,33.37025619694032,53.81662913423498,0.0,Robust-MTD,233,case57
False,0,0.0,False,20,20,False,0,True,0.561543798872048,0.34139832721840463,0.4948417944683423,29.30359774909448,59.70011394820177,0.0,Robust-MTD,234,case57
False,0,0.0,True,3,3,True,0,True,0.5967399055000401,0.30172872724524347,0.4948417944683423,31.85300005134195,63.95027085382027,0.0,Robust-MTD,235,case57
False,0,0.0,False,20,20,False,0,True,0.5222069876417275,0.37048470065099764,0.4948417944683423,33.637810352956876,55.93005622504282,0.0,Robust-MTD,236,case57
False,0,0.0,False,20,20,False,0,True,0.5175587687958633,0.3525965917335155,0.4948417944683423,34.68013344681822,49.21608990116512,0.0,Robust-MTD,237,case57
False,0,0.0,False,20,20,False,0,True,0.5556886079079381,0.31472571095285934,0.4948417944683423,33.278191651334055,49.48816453106703,0.0,Robust-MTD,238,case57
False,0,0.0,False,20,20,False,0,True,0.5257237928598703,0.3697871468061776,0.4948417944683423,33.96307508810423,53.54004167020321,0.0,Robust-MTD,239,case57
False,0,0.0,False,20,20,False,0,True,0.4934025440069409,0.3825806871920175,0.4948417944683423,32.941829043556936,50.636727019445985,0.0,Robust-MTD,240,case57
False,0,0.0,False,20,20,False,0,True,0.5082809393511046,0.37218314493594995,0.4948417944683423,13.826447952305898,16.986028870451264,0.0,Robust-MTD,241,case57
False,0,0.0,True,16,16,True,0,True,0.5044711081904613,0.3772605065562791,0.4948417944683423,11.729516700142995,12.737392308190465,0.0,Robust-MTD,242,case57
False,0,0.0,False,20,20,False,0,True,0.4872554443090193,0.38436661358785196,0.4948417944683423,30.2544229576597,37.83175035787283,0.0,Robust-MTD,243,case57
False,0,0.0,False,20,20,False,0,True,0.5072622456050363,0.36955140596309943,0.4948417944683423,14.054564703837968,17.40960037277546,0.0,Robust-MTD,244,case57
False,0,0.0,False,20,20,False,0,True,0.6042858125372698,0.2267460879038643,0.4948417944683423,11.954560401500203,12.756929197348654,0.0,Robust-MTD,245,case57
False,0,0.0,False,20,20,False,0,True,0.5036929584023379,0.3787961426896688,0.4948417944683423,28.77568960248027,42.08870065049269,0.0,Robust-MTD,246,case57
False,0,0.0,False,20,20,False,0,True,0.4893862389050889,0.38495633784927574,0.4948417944683423,12.450087396427989,15.213508025044577,0.0,Robust-MTD,247,case57
False,0,0.0,False,20,20,False,0,True,0.5854720229310519,0.3342009926302799,0.4948417944683423,11.935124796582386,12.753170551150106,0.0,Robust-MTD,248,case57
False,0,0.0,False,20,20,False,0,True,0.5229594337507253,0.3632806992291904,0.4948417944683423,24.027789555839263,32.78540385654196,0.0,Robust-MTD,249,case57
True,54,-0.06,False,20,20,False,0,False,0.5885143745130546,0.3901274504085308,0.544632795822644,51.54705829336308,60.285185079555966,0.0,HMTD-MDE,0,case118
True,102,-0.06,True,9,9,False,102,True,6.849607888223398e-10,0.010845148874587467,0.544632795822644,57.06846274842974,75.44050483847968,0.0,HMTD-MDE,1,case118
True,110,-0.06,False,20,20,False,0,False,0.5909809340193507,0.3816961315420667,0.544632795822644,60.023856358020566,79.30634827353062,0.0,HMTD-MDE,2,case118
True,76,0.06,True,11,11,False,76,True,6.84960858637915e-10,0.015957839856218445,0.544632795822644,51.332620839821175,60.66087046347093,0.0,HMTD-MDE,3,case118
True,96,0.06,True,1,1,False,96,True,6.849607888223398e-10,0.0005305881445605099,0.544632795822644,56.7541208001785,71.17398091650104,0.0,HMTD-MDE,4,case118
True,35,0.06,True,1,1,False,35,True,0.00048453474398486943,0.0007249489354060016,0.544632795822644,57.04901455028448,81.02845000976231,0.0,HMTD-MDE,5,case118
True,49,0.06,True,1,1,False,49,True,6.849609284529933e-10,0.005989801298850986,0.544632795822644,52.256487353588454,62.66144519904629,0.0,HMTD-MDE,6,case118
True,5,0.06,True,11,11,False,5,True,6.849610215400958e-10,0.01551476183206936,0.544632795822644,51.375116751296446,66.1448648897931,0.0,HMTD-MDE,7,case118
True,16,-0.06,False,20,20,False,16,True,3.501567197297526e-08,0.04498470279731016,0.544632795822644,54.35311875480693,63.90561040607282,0.0,HMTD-MDE,8,case118
True,45,0.06,True,8,8,False,45,True,0.02433273619453186,0.010715101598357661,0.544632795822644,52.193933303351514,61.4236461406108,0.0,HMTD-MDE,9,case118
True,60,-0.06,True,1,1,False,60,True,6.849608819094421e-10,0.0003500003904131733,0.544632795822644,52.78599165030755,62.79238750285005,0.0,HMTD-MDE,10,case118
True,57,-0.06,False,20,20,False,57,True,0.13380034234992766,0.026203922825969495,0.544632795822644,58.307243752642535,80.73999406769876,0.0,HMTD-MDE,11,case118
True,16,0.06,False,20,20,False,16,True,1.2271924678146287e-08,0.044984700827067195,0.544632795822644,54.79135831119493,69.45291839074343,0.0,HMTD-MDE,12,case118
True,57,-0.06,False,20,20,False,57,True,0.12484760419497416,0.02726716353412288,0.544632795822644,54.384833297808655,80.30349585751539,0.0,HMTD-MDE,13,case118
True,46,0.06,False,20,20,False,0,False,0.5999683786182153,0.3771383110061716,0.544632795822644,54.48742289445363,66.01655654667411,0.0,HMTD-MDE,14,case118
True,54,0.06,False,20,20,False,0,False,0.5850647080136702,0.3832626357115217,0.544632795822644,52.76239585073199,64.7086604643846,0.0,HMTD-MDE,15,case118
True,83,-0.06,True,1,1,False,83,True,6.849608353658907e-10,0.007357951219077569,0.544632795822644,55.344504295499064,72.35985655570404,0.0,HMTD-MDE,16,case118
True,1,-0.06,True,1,1,False,1,True,0.0003433267901434664,0.0006969182034166513,0.544632795822644,51.52756249590311,64.96811453835107,0.0,HMTD-MDE,17,case118
True,76,-0.06,True,7,7,False,76,True,6.849608353658948e-10,0.01595783985621845,0.544632795822644,54.44719780643936,66.92440204788,0.0,HMTD-MDE,18,case118
True,86,-0.06,False,20,20,False,0,False,0.5787367686614694,0.3618566751335542,0.544632795822644,51.66245410509873,61.72780658234842,0.0,HMTD-MDE,19,case118
True,66,0.06,False,20,20,False,66,True,0.00011050523348765858,0.06723717821320312,0.544632795822644,55.16648124612402,72.01027498522308,0.0,HMTD-MDE,20,case118
True,40,0.06,True,4,4,False,40,True,8.876200254974489e-09,0.013326708034985554,0.544632795822644,52.86466670513619,64.16639374510852,0.0,HMTD-MDE,21,case118
True,95,0.06,True,1,1,False,95,True,6.849608353658907e-10,0.0005197343076396816,0.544632795822644,56.08954585331958,81.67127353954129,0.0,HMTD-MDE,22,case118
True,88,0.06,False,20,20,False,88,True,1.1078601017178219e-09,0.043520287754104985,0.544632795822644,61.07990215532482,75.80297325330329,0.0,HMTD-MDE,23,case118
True,117,-0.06,False,20,20,False,0,False,0.6087936065821703,0.3681127568663802,0.544632795822644,53.49376044177916,63.84712766157463,0.0,HMTD-MDE,24,case118
True,109,0.06,False,20,20,False,109,True,0.19321467291659725,0.022053082596738178,0.544632795822644,58.23256460134871,77.90996223047843,0.0,HMTD-MDE,25,case118
True,100,0.06,True,1,1,False,101,False,0.11581357502840463,0.004046134744541158,0.544632795822644,57.28491884947289,71.37595451495145,0.0,HMTD-MDE,26,case118
True,50,-0.06,True,2,2,False,50,True,0.0927354852580252,0.01614977557063569,0.544632795822644,53.030143593787216,66.64971425489058,0.0,HMTD-MDE,27,case118
True,41,0.06,False,20,20,False,0,False,0.5609726728387913,0.3614549965443913,0.544632795822644,56.67049769544974,78.91631635138769,0.0,HMTD-MDE,28,case118
True,70,-0.06,False,20,20,False,0,False,0.5904217088292769,0.3782095088210304,0.544632795822644,57.598322903504595,81.33842078095768,0.0,HMTD-MDE,29,case118
True,22,-0.06,True,0,0,False,0,False,0.5691100564237792,0.39978259936980076,0.544632795822644,73.50346245220862,99.76775594986977,0.0,HMTD-MDE,30,case118
True,78,0.06,True,1,1,False,78,True,0.14529302150128384,0.0014837919685347354,0.544632795822644,75.02138749987353,95.72300388244913,0.0,HMTD-MDE,31,case118
True,66,0.06,False,20,20,False,66,True,7.497602655024044e-06,0.06722562425008008,0.544632795822644,78.42748120892793,96.37805655365818,0.0,HMTD-MDE,32,case118
True,30,-0.06,False,20,20,False,30,True,2.7512313414461704e-08,0.05177760748830129,0.544632795822644,68.41477919369936,91.20028603356333,0.0,HMTD-MDE,33,case118
True,76,0.06,False,20,20,False,76,True,6.849608353658907e-10,0.01595783985621845,0.544632795822644,64.46878330025356,84.65430208016188,0.0,HMTD-MDE,34,case118
True,53,0.06,True,1,1,False,53,True,0.018694363693665467,0.005741877708972642,0.544632795822644,70.96857910219114,94.36680143408013,0.0,HMTD-MDE,35,case118
True,59,0.06,False,20,20,False,59,True,6.849609051812314e-10,0.022419598662823424,0.544632795822644,55.10202699515503,74.76546631660312,0.0,HMTD-MDE,36,case118
True,6,0.06,False,20,20,False,6,True,0.047440828353773806,0.09244508712671139,0.544632795822644,53.11662704916671,71.2685246980982,0.0,HMTD-MDE,37,case118
True,13,0.06,False,20,20,False,13,True,6.849609749977076e-10,0.024906372343256617,0.544632795822644,53.0475813546218,65.25709411944263,0.0,HMTD-MDE,38,case118
True,107,-0.06,True,8,8,False,107,True,0.1550046446787005,0.012165580907656159,0.544632795822644,54.0767061553197,82.52937947399914,0.0,HMTD-MDE,39,case118
True,35,0.06,True,1,1,False,35,True,0.00036541021158203074,0.0007250222698088166,0.544632795822644,64.05258541344665,94.0659274463542,0.0,HMTD-MDE,40,case118
True,102,-0.06,True,3,3,False,102,True,6.849608120941374e-10,0.010845148874587467,0.544632795822644,67.96216450165957,96.67824824282435,0.0,HMTD-MDE,41,case118
True,40,-0.06,True,18,18,False,40,True,0.00019545640095641406,0.013326557433285782,0.544632795822644,57.2784291987773,89.39942501892803,0.0,HMTD-MDE,42,case118
True,63,0.06,False,20,20,False,0,False,0.5695516140277556,0.3146232762357388,0.544632795822644,56.37572080013342,76.23631484748331,0.0,HMTD-MDE,43,case118
True,113,0.06,True,1,1,False,113,True,6.849607422787886e-10,0.0005734230706777529,0.544632795822644,54.48079994530417,63.838437234517194,0.0,HMTD-MDE,44,case118
True,3,0.06,True,1,1,False,3,True,6.849610215400958e-10,0.0027161965817455325,0.544632795822644,54.77591880480759,74.45704195997678,0.0,HMTD-MDE,45,case118
True,70,-0.06,False,20,20,False,0,False,0.608955890010975,0.3038297155429683,0.544632795822644,55.5534188519232,68.97112150618341,0.0,HMTD-MDE,46,case118
True,28,-0.06,False,20,20,False,28,True,6.849609749965454e-10,0.014909073837774364,0.544632795822644,63.00428114482201,86.14410865411631,0.0,HMTD-MDE,47,case118
True,2,0.06,True,1,1,False,1,False,0.001277852930310188,0.0006966415466343609,0.544632795822644,55.12694380595349,76.94834200083278,0.0,HMTD-MDE,48,case118
True,71,-0.06,False,20,20,False,0,False,0.5736459496475651,0.4005496610236327,0.544632795822644,59.064662497257814,90.64376930473374,0.0,HMTD-MDE,49,case118
True,83,-0.06,True,1,1,False,83,True,6.849608353658907e-10,0.007357951219077569,0.544632795822644,55.901843699393794,69.11856185470245,0.0,HMTD-MDE,50,case118
True,55,-0.06,False,20,20,False,0,False,0.6027513699092486,0.38646625054817885,0.544632795822644,53.69781250192318,68.48921011842323,0.0,HMTD-MDE,51,case118
True,92,-0.06,False,20,20,False,92,True,9.596160735617408e-09,0.02298577337538087,0.544632795822644,55.36905195040163,64.43100178439637,0.0,HMTD-MDE,52,case118
True,2,0.06,True,1,1,False,1,False,0.0010892131172294468,0.0006967010368006798,0.544632795822644,54.78918760200031,67.82510689226912,0.0,HMTD-MDE,53,case118
True,41,-0.06,False,20,20,False,0,False,0.5964455451005856,0.36597661674166265,0.544632795822644,54.894223040901124,69.59040897781962,0.0,HMTD-MDE,54,case118
True,85,-0.06,False,20,20,False,0,False,0.5944588157979884,0.38885051519612307,0.544632795822644,52.519945753738284,63.0096683948068,0.0,HMTD-MDE,55,case118
True,53,0.06,True,1,1,False,53,True,0.052107273897113726,0.005554111264654317,0.544632795822644,53.737689496483654,69.98007083311677,0.0,HMTD-MDE,56,case118
True,68,0.06,True,1,1,False,68,True,6.849608819096268e-10,0.008663207463060986,0.544632795822644,54.95604799943976,67.07221667456909,0.0,HMTD-MDE,57,case118
True,86,-0.06,False,20,20,False,0,False,0.587487105539326,0.3903094205861017,0.544632795822644,55.66274175362196,69.1580173064722,0.0,HMTD-MDE,58,case118
True,43,0.06,True,1,1,False,43,True,0.0522706020481231,0.0035484595140281125,0.544632795822644,55.65937504870817,72.83562769007403,0.0,HMTD-MDE,59,case118
True,74,-0.06,True,1,1,False,69,False,0.14527154552121868,0.003487131920553977,0.544632795822644,76.65219994669314,94.82948714576196,0.0,HMTD-MDE,60,case118
True,95,0.06,True,1,1,False,95,True,6.849608353658907e-10,0.0005197343076396816,0.544632795822644,72.28134154283907,93.28376661869697,0.0,HMTD-MDE,61,case118
True,116,0.06,False,20,20,False,0,False,0.563641669337298,0.4058166160714698,0.544632795822644,72.51105629547965,92.49971102108249,0.0,HMTD-MDE,62,case118
True,16,-0.06,True,2,2,False,16,True,7.980551158517517e-07,0.04498469959915519,0.544632795822644,69.7015686047962,89.19536039757077,0.0,HMTD-MDE,63,case118
True,3,0.06,True,1,1,False,3,True,6.849610215400958e-10,0.0027161965817455325,0.544632795822644,69.85398965480272,85.14590420818423,0.0,HMTD-MDE,64,case118
True,89,0.06,False,20,20,False,89,True,0.15490511847585337,0.09120607375536534,0.544632795822644,78.43349149625283,118.13285770185759,0.0,HMTD-MDE,65,case118
True,23,0.06,False,20,20,False,0,False,0.6114336964230132,0.36874754392334913,0.544632795822644,64.2205935990205,97.64597847533878,0.0,HMTD-MDE,66,case118
True,14,0.06,True,1,1,False,14,True,6.849610215400958e-10,0.000594202837935195,0.544632795822644,61.95371020003222,86.35721036407632,0.0,HMTD-MDE,67,case118
True,14,-0.06,True,1,1,False,14,True,6.849610215400958e-10,0.000594202837935195,0.544632795822644,66.15722700371407,110.9044184733648,0.0,HMTD-MDE,68,case118
True,106,-0.06,False,20,20,False,0,False,0.6008707755314826,0.3789784090309248,0.544632795822644,61.53771258832421,77.13645213807469,0.0,HMTD-MDE,69,case118
True,25,-0.06,False,20,20,False,0,False,0.5473428409041676,0.3652402184174028,0.544632795822644,56.97646459448151,75.29835026361981,0.0,HMTD-MDE,70,case118
True,35,-0.06,True,1,1,False,35,True,7.578393420766885e-05,0.0007250648744301004,0.544632795822644,57.8397561883321,89.12231251888443,0.0,HMTD-MDE,71,case118
True,72,0.06,False,20,20,False,0,False,0.5782853170933547,0.3703607269204007,0.544632795822644,56.22625224350486,70.09831038012636,0.0,HMTD-MDE,72,case118
True,77,0.06,True,1,1,False,77,True,0.14529302150128384,0.0014837919685347352,0.544632795822644,60.76995824696496,77.88067086366938,0.0,HMTD-MDE,73,case118
True,22,0.06,False,20,20,False,0,False,0.6162369264383568,0.36543931353644665,0.544632795822644,69.37032504647505,92.75300766457805,0.0,HMTD-MDE,74,case118
True,90,-0.06,True,1,1,False,90,True,7.011223834424061e-10,0.0033129179273549683,0.544632795822644,58.935866501997225,77.97130561084491,0.0,HMTD-MDE,75,case118
True,82,0.06,True,11,11,False,82,True,6.849608353659909e-10,0.01814203509884079,0.544632795822644,57.75816680979915,75.0651026930428,0.0,HMTD-MDE,76,case118
True,85,-0.06,True,8,8,False,0,False,0.6287579621097518,0.35814315299756916,0.544632795822644,57.623316600802355,79.84366691962352,0.0,HMTD-MDE,77,case118
True,23,-0.06,True,14,14,False,0,False,0.5978990986625601,0.341556871393784,0.544632795822644,53.679258257034235,68.66879311855882,0.0,HMTD-MDE,78,case118
True,49,0.06,True,1,1,False,49,True,6.849609284529933e-10,0.005989801298850986,0.544632795822644,61.91976684203837,89.09710898587953,0.0,HMTD-MDE,79,case118
True,55,-0.06,False,20,20,False,0,False,0.597187961466081,0.38146029313462204,0.544632795822644,63.30827279598453,100.16757500416136,0.0,HMTD-MDE,80,case118
True,76,0.06,False,20,20,False,76,True,6.849608353658971e-10,0.01595783985621845,0.544632795822644,57.776643804390915,87.21220173465555,0.0,HMTD-MDE,81,case118
True,53,-0.06,True,1,1,False,53,True,0.10430140737425032,0.005069116247126914,0.544632795822644,58.84212093951646,99.40907769196203,0.0,HMTD-MDE,82,case118
True,41,-0.06,False,20,20,False,0,False,0.5918463201952083,0.3877104336815802,0.544632795822644,58.27674375032075,75.84901516383982,0.0,HMTD-MDE,83,case118
True,112,0.06,False,20,20,False,112,True,2.2295157788259764e-06,0.02641909342198542,0.544632795822644,57.477356199524365,75.0737082998967,0.0,HMTD-MDE,84,case118
True,64,0.06,True,1,1,False,64,True,6.849608819094421e-10,0.0035781594757381442,0.544632795822644,56.21381874370854,76.55691451509485,0.0,HMTD-MDE,85,case118
True,58,0.06,True,1,1,False,56,False,0.14163940604720343,0.006742553791971066,0.544632795822644,55.38229169906117,69.33858988340944,0.0,HMTD-MDE,86,case118
True,54,-0.06,False,20,20,False,0,False,0.5819619834307833,0.3787366816964759,0.544632795822644,59.0336708992254,69.38134825031743,0.0,HMTD-MDE,87,case118
True,34,-0.06,True,1,1,False,34,True,6.849609284529933e-10,0.00018113517404537297,0.544632795822644,61.40617081255186,98.79967855231372,0.0,HMTD-MDE,88,case118
True,114,-0.06,False,20,20,False,0,False,0.5903425726660182,0.32732417924145185,0.544632795822644,57.38369585596956,69.58870382222814,0.0,HMTD-MDE,89,case118
True,23,0.06,False,20,20,False,0,False,0.5975363511544558,0.32549829662278107,0.544632795822644,73.126368742669,90.24558057426475,0.0,HMTD-MDE,90,case118
True,99,-0.06,True,1,1,False,99,True,6.849607888223398e-10,0.0017247398710724645,0.544632795822644,72.3767645569751,83.41980389377568,0.0,HMTD-MDE,91,case118
True,104,-0.06,True,1,1,False,104,True,6.849607655508724e-10,0.006856929420520003,0.544632795822644,70.90803959872574,81.88445796840826,0.0,HMTD-MDE,92,case118
True,110,-0.06,False,20,20,False,0,False,0.5746193376373435,0.39860090794575115,0.544632795822644,69.19412710994948,95.34333754272666,0.0,HMTD-MDE,93,case118
True,90,0.06,True,1,1,False,90,True,7.362002775215183e-10,0.003312917927742715,0.544632795822644,70.48592089267913,82.8102413477609,0.0,HMTD-MDE,94,case118
True,84,-0.06,True,1,1,False,84,True,6.849608353658912e-10,0.006075469393952774,0.544632795822644,68.30678549304139,93.13902076974045,0.0,HMTD-MDE,95,case118
True,21,-0.06,False,20,20,False,20,False,0.14529422640650244,0.041464895005989565,0.544632795822644,77.9759728407953,106.87859791505622,0.0,HMTD-MDE,96,case118
True,28,0.06,True,10,10,False,28,True,6.849609749965446e-10,0.014909073837774364,0.544632795822644,73.97731879318599,104.52889138541651,0.0,HMTD-MDE,97,case118
True,110,-0.06,False,20,20,False,0,False,0.58526340858733,0.3925112405937175,0.544632795822644,74.93680424813647,107.10302714724095,0.0,HMTD-MDE,98,case118
True,102,-0.06,True,9,9,False,102,True,6.849607888223398e-10,0.010845148874587467,0.544632795822644,62.274256339878775,79.89591249497609,0.0,HMTD-MDE,99,case118
True,116,0.06,True,12,12,False,0,False,0.6050828112372509,0.3474278461668414,0.544632795822644,69.03178334177937,101.70805685338566,0.0,HMTD-MDE,100,case118
True,35,-0.06,True,1,1,False,35,True,0.00014021251798854186,0.0007250499773053695,0.544632795822644,69.77252084179781,122.9620035068365,0.0,HMTD-MDE,101,case118
True,25,0.06,False,20,20,False,0,False,0.612271512681952,0.3746604505374218,0.544632795822644,70.29411674884614,109.06084375455983,0.0,HMTD-MDE,102,case118
True,100,-0.06,True,1,1,False,101,False,0.10501105507949123,0.004142707341536288,0.544632795822644,66.99950825131964,110.43043991376182,0.0,HMTD-MDE,103,case118
True,64,0.06,True,1,1,False,64,True,6.849608819094421e-10,0.0035781594757381442,0.544632795822644,64.75818140315823,79.79479616333268,0.0,HMTD-MDE,104,case118
True,64,0.06,True,1,1,False,64,True,6.849608819094421e-10,0.0035781594757381442,0.544632795822644,58.04161674459465,95.45381872158032,0.0,HMTD-MDE,105,case118
True,86,-0.06,False,20,20,False,0,False,0.6006827935468889,0.3837157228471446,0.544632795822644,63.500673006637946,97.50052466697525,0.0,HMTD-MDE,106,case118
True,32,-0.06,True,1,1,False,32,True,6.849609284529933e-10,0.0002904815437386587,0.544632795822644,64.54822289233562,85.26333121990321,0.0,HMTD-MDE,107,case118
True,41,0.06,False,20,20,False,0,False,0.6149719908537383,0.3564260035911719,0.544632795822644,59.849929201300256,83.68672949436586,0.0,HMTD-MDE,108,case118
True,104,0.06,True,1,1,False,104,True,6.849607888223537e-10,0.006856929420520003,0.544632795822644,58.52252089243848,72.89545688836371,0.0,HMTD-MDE,109,case118
True,36,0.06,True,1,1,False,35,False,0.0014630360865277383,0.0007246179659425272,0.544632795822644,55.00905825465452,68.63845628395211,0.0,HMTD-MDE,110,case118
True,86,0.06,False,20,20,False,0,False,0.5868239298487317,0.3933668004718941,0.544632795822644,59.17214175860863,73.44679620291576,0.0,HMTD-MDE,111,case118
True,31,0.06,False,20,20,False,31,True,0.09849693137656051,0.10274470038681381,0.544632795822644,58.643524986109696,73.22435412206688,0.0,HMTD-MDE,112,case118
True,24,-0.06,False,20,20,False,0,False,0.5962778346275429,0.26895371426229453,0.544632795822644,57.67282504530158,73.868297986337,0.0,HMTD-MDE,113,case118
True,68,-0.06,True,8,8,False,68,True,6.849608586376986e-10,0.008663207463060988,0.544632795822644,59.77656259783544,85.36927084787749,0.0,HMTD-MDE,114,case118
True,16,0.06,False,20,20,False,16,True,6.855908919198778e-10,0.044984700631410565,0.544632795822644,67.84511454461608,112.20763122255453,0.0,HMTD-MDE,115,case118
True,33,-0.06,True,1,1,False,33,True,6.849609284529933e-10,0.0033308135660555425,0.544632795822644,58.84939999959897,71.7836268246174,0.0,HMTD-MDE,116,case118
True,97,-0.06,True,1,1,False,97,True,6.849607888223398e-10,0.003963913273071326,0.544632795822644,61.00489995733369,108.13209023035598,0.0,HMTD-MDE,117,case118
True,16,-0.06,False,20,20,False,16,True,0.0002209300946252508,0.04500620299526888,0.544632795822644,57.390687506995164,74.46950382145589,0.0,HMTD-MDE,118,case118
True,42,0.06,False,20,20,False,0,False,0.6130628300169505,0.31101722976916996,0.544632795822644,58.29443555267062,82.4035661004018,0.0,HMTD-MDE,119,case118
True,109,-0.06,True,5,5,False,109,True,0.2161655851920948,0.02071979967212626,0.544632795822644,74.10685000359081,90.78344790614211,0.0,HMTD-MDE,120,case118
True,17,-0.06,False,20,20,False,17,True,6.849609749965646e-10,0.01701723703064544,0.544632795822644,73.23622688709293,86.49392047955189,0.0,HMTD-MDE,121,case118
True,42,0.06,False,20,20,False,57,False,0.46815167589542006,0.11987151440991606,0.544632795822644,73.17286449542735,99.76244104618672,0.0,HMTD-MDE,122,case118
True,90,0.06,True,1,1,False,90,True,7.809544769757814e-10,0.0033129179282519964,0.544632795822644,73.70193740644027,98.16032021772116,0.0,HMTD-MDE,123,case118
True,37,-0.06,True,1,1,False,37,True,3.488915409074295e-07,0.0007255107097153904,0.544632795822644,65.588687552372,88.67486245871989,0.0,HMTD-MDE,124,case118
True,79,-0.06,True,1,1,False,79,True,6.849608353658907e-10,0.005317539069915346,0.544632795822644,72.02848554879893,106.25789588084444,0.0,HMTD-MDE,125,case118
True,98,-0.06,True,1,1,False,98,True,6.849607888223398e-10,0.0058554146897481915,0.544632795822644,70.17389580432791,95.81402221519966,0.0,HMTD-MDE,126,case118
True,105,-0.06,False,20,20,False,0,False,0.5948088258419978,0.37127515979055026,0.544632795822644,71.11379159614444,83.96387707616672,0.0,HMTD-MDE,127,case118
True,48,0.06,True,18,18,False,48,True,6.849609284529933e-10,0.011453061070014755,0.544632795822644,64.79910215130076,87.65414340014105,0.0,HMTD-MDE,128,case118
True,83,0.06,True,1,1,False,83,True,6.849608353658912e-10,0.007357951219077569,0.544632795822644,63.66545420314651,88.186589255929,0.0,HMTD-MDE,129,case118
True,41,-0.06,False,20,20,False,0,False,0.5936525194277249,0.39020102955226116,0.544632795822644,69.34786253259517,100.50341010210107,0.0,HMTD-MDE,130,case118
True,106,-0.06,False,20,20,False,0,False,0.5869545297830172,0.390696229670815,0.544632795822644,65.74696259049233,78.85209996020423,0.0,HMTD-MDE,131,case118
True,54,0.06,False,20,20,False,0,False,0.5998053905154633,0.36835195624925976,0.544632795822644,66.62908339640126,98.60980238008779,0.0,HMTD-MDE,132,case118
True,89,-0.06,False,20,20,False,89,True,0.029111853565522438,0.06125941226817642,0.544632795822644,64.11428124993108,83.24786461598707,0.0,HMTD-MDE,133,case118
True,113,-0.06,True,1,1,False,113,True,6.849607422787886e-10,0.0005734230706777529,0.544632795822644,65.72992075816728,110.07095838140232,0.0,HMTD-MDE,134,case118
True,66,0.06,False,20,20,False,66,True,1.913464457426359e-05,0.06722688303162337,0.544632795822644,67.3589291080134,101.61945207219105,0.0,HMTD-MDE,135,case118
True,97,0.06,True,1,1,False,97,True,6.849607888223398e-10,0.003963913273071326,0.544632795822644,69.79152920248453,105.07994575891645,0.0,HMTD-MDE,136,case118
True,106,0.06,False,20,20,False,0,False,0.6515223672336292,0.3173413572493662,0.544632795822644,64.03208129631821,92.61217678431423,0.0,HMTD-MDE,137,case118
True,110,0.06,False,20,20,False,0,False,0.581423398458361,0.3979624052940939,0.544632795822644,64.63779575424269,94.07175416708925,0.0,HMTD-MDE,138,case118
True,113,0.06,True,1,1,False,113,True,6.849607422787886e-10,0.0005734230706777529,0.544632795822644,62.02804165368434,87.60283784940839,0.0,HMTD-MDE,139,case118
True,42,0.06,False,20,20,False,42,True,0.4744691943416372,0.3024650620060825,0.544632795822644,69.71322079771198,95.366986838053,0.0,HMTD-MDE,140,case118
True,109,0.06,False,20,20,False,108,False,0.20676325088808178,0.021349717931579016,0.544632795822644,56.148774942266755,72.44169971963858,0.0,HMTD-MDE,141,case118
True,21,0.06,False,20,20,False,20,False,0.145311865871527,0.04146926134047774,0.544632795822644,62.74912699300331,80.79104134521916,0.0,HMTD-MDE,142,case118
True,25,-0.06,False,20,20,False,20,False,0.5018270432053917,0.22397837243526336,0.544632795822644,57.36018129973672,83.67495029233397,0.0,HMTD-MDE,143,case118
True,21,0.06,False,20,20,False,21,True,0.14529371676120192,0.04146478626979594,0.544632795822644,55.30958535091486,69.47607919573784,0.0,HMTD-MDE,144,case118
True,23,-0.06,False,20,20,False,0,False,0.5970940330621501,0.37415370155069716,0.544632795822644,61.464137546136044,84.13419788412284,0.0,HMTD-MDE,145,case118
True,52,-0.06,True,1,1,False,52,True,0.13433286438924766,0.0033434133540919788,0.544632795822644,68.44971870013978,124.6839693776565,0.0,HMTD-MDE,146,case118
True,75,0.06,False,20,20,False,0,False,0.6113270259583534,0.38191654780250067,0.544632795822644,64.63684570044279,88.92108751751951,0.0,HMTD-MDE,147,case118
True,91,-0.06,True,1,1,False,91,True,6.849608353658907e-10,0.002298597204367958,0.544632795822644,58.130731055280194,71.96536637784448,0.0,HMTD-MDE,148,case118
True,49,0.06,True,1,1,False,49,True,6.849609284529933e-10,0.005989801298850986,0.544632795822644,59.69637309608515,77.43717290286443,0.0,HMTD-MDE,149,case118
True,7,0.06,True,1,1,False,7,True,6.849610215400958e-10,0.0010168217310718348,0.544632795822644,70.15716675377917,93.1312791450182,0.0,HMTD-MDE,150,case118
True,86,0.06,False,20,20,False,0,False,0.5906222275443188,0.3903178034455796,0.544632795822644,79.66377485136036,109.74346455768686,0.0,HMTD-MDE,151,case118
True,48,0.06,True,10,10,False,48,True,6.849609284529977e-10,0.011453061070014755,0.544632795822644,67.99217900261283,92.13649965822697,0.0,HMTD-MDE,152,case118
True,94,0.06,True,1,1,False,94,True,6.849608353658907e-10,0.0009545893018307922,0.544632795822644,72.68517485354096,98.1399818265345,0.0,HMTD-MDE,153,case118
True,50,-0.06,True,9,9,False,50,True,0.10212438694365093,0.016730501495979374,0.544632795822644,78.11806884710677,129.66409786895386,0.0,HMTD-MDE,154,case118
True,46,-0.06,False,20,20,False,0,False,0.605976708933687,0.34121937131941166,0.544632795822644,64.72813745203894,100.37738366227133,0.0,HMTD-MDE,155,case118
True,47,0.06,True,1,1,False,47,True,6.849609284529933e-10,0.00439455278681146,0.544632795822644,71.93175835127477,104.00532889179887,0.0,HMTD-MDE,156,case118
True,112,0.06,False,20,20,False,112,True,9.821008094802703e-10,0.026419046824104838,0.544632795822644,70.87221660476644,111.45904763543513,0.0,HMTD-MDE,157,case118
True,68,-0.06,True,2,2,False,68,True,6.849608819094429e-10,0.008663207463060986,0.544632795822644,74.45178969646804,122.49005415069405,0.0,HMTD-MDE,158,case118
True,81,-0.06,False,20,20,False,81,True,0.09333610484208608,0.04109474541617495,0.544632795822644,67.71832069789525,86.55028303910514,0.0,HMTD-MDE,159,case118
True,26,0.06,False,20,20,False,0,False,0.6440562835686172,0.3254330349772196,0.544632795822644,70.50620834634174,104.60423602198716,0.0,HMTD-MDE,160,case118
True,78,0.06,True,1,1,False,77,False,0.14529302150128384,0.0014837919685347354,0.544632795822644,78.99727904878091,150.86315347289204,0.0,HMTD-MDE,161,case118
True,73,0.06,False,20,20,False,0,False,0.6383190220394095,0.3339050269417719,0.544632795822644,68.6995208990993,88.84774340840526,0.0,HMTD-MDE,162,case118
True,53,-0.06,True,1,1,False,53,True,0.08898707601474062,0.005244297864798885,0.544632795822644,72.16463335207663,105.26864825224038,0.0,HMTD-MDE,163,case118
True,2,0.06,True,1,1,False,1,False,0.0011017064174845472,0.000696697143387035,0.544632795822644,63.2901646575192,90.86717472528107,0.0,HMTD-MDE,164,case118
True,102,-0.06,False,20,20,False,102,True,6.849607888223398e-10,0.010845148874587467,0.544632795822644,65.81491040124092,97.77437710727101,0.0,HMTD-MDE,165,case118
True,84,0.06,True,1,1,False,84,True,6.849608353658912e-10,0.006075469393952774,0.544632795822644,63.77735839923844,91.35373394819908,0.0,HMTD-MDE,166,case118
True,83,0.06,True,1,1,False,83,True,6.849608353658907e-10,0.007357951219077569,0.544632795822644,63.04301654745359,100.21963985054757,0.0,HMTD-MDE,167,case118
True,57,0.06,False,20,20,False,57,True,0.1441795275098984,0.02395148208317606,0.544632795822644,67.43343324924354,89.61455415992535,0.0,HMTD-MDE,168,case118
True,80,0.06,True,5,5,False,80,True,6.849608353658907e-10,0.009041506952024828,0.544632795822644,64.4577834464144,84.25070209195839,0.0,HMTD-MDE,169,case118
True,56,0.06,True,1,1,False,56,True,0.08225341716001519,0.00787558484710171,0.544632795822644,65.14162704406772,95.62576067983174,0.0,HMTD-MDE,170,case118
True,63,-0.06,False,20,20,False,0,False,0.6160064692217455,0.32056392893572716,0.544632795822644,63.60087729699444,83.65290179499428,0.0,HMTD-MDE,171,case118
True,65,-0.06,True,1,1,False,65,True,6.912597920781095e-10,0.00790480615163403,0.544632795822644,61.477429152000695,89.80749437760096,0.0,HMTD-MDE,172,case118
True,55,0.06,False,20,20,False,0,False,0.5970204449415961,0.37511981065800226,0.544632795822644,66.2924896023469,93.27267713961194,0.0,HMTD-MDE,173,case118
True,107,0.06,True,2,2,False,107,True,0.12199146181090618,0.011003156785778005,0.544632795822644,62.896633244236,82.78923895268237,0.0,HMTD-MDE,174,case118
True,57,0.06,False,20,20,False,57,True,0.1302221856722404,0.026669295472537696,0.544632795822644,64.68610845331568,89.77708333404735,0.0,HMTD-MDE,175,case118
True,68,-0.06,True,1,1,False,68,True,6.849608819094426e-10,0.008663207463060986,0.544632795822644,67.39952935022302,97.62322770548055,0.0,HMTD-MDE,176,case118
True,41,-0.06,False,20,20,False,0,False,0.5952601511198178,0.3862379080943313,0.544632795822644,66.16091459291056,110.1064506074181,0.0,HMTD-MDE,177,case118
True,9,0.06,True,15,15,False,0,False,0.6078226723487947,0.3723611340251897,0.544632795822644,64.7050105035305,98.563662180095,0.0,HMTD-MDE,178,case118
True,78,0.06,True,1,1,False,78,True,0.14529302150128384,0.0014837919685347354,0.544632795822644,61.33803541015368,76.207922885078,0.0,HMTD-MDE,179,case118
True,109,-0.06,True,13,13,False,108,False,0.21399274441136742,0.02088468649210658,0.544632795822644,70.66980834351853,86.19307257758919,0.0,HMTD-MDE,180,case118
True,99,0.06,True,1,1,False,99,True,6.849607888223398e-10,0.0017247398710724645,0.544632795822644,71.98934159823693,95.01217358047143,0.0,HMTD-MDE,181,case118
True,66,-0.06,False,20,20,False,66,True,5.166230130897782e-07,0.06722508379952095,0.544632795822644,73.96354994853027,85.26239578495733,0.0,HMTD-MDE,182,case118
True,100,0.06,True,1,1,False,101,False,0.13326860557718798,0.003830817249475355,0.544632795822644,72.52836674451828,90.43579343706371,0.0,HMTD-MDE,183,case118
True,101,0.06,True,1,1,False,101,True,0.06945294859469253,0.004373419032615666,0.544632795822644,73.17918765475042,100.79401043476538,0.0,HMTD-MDE,184,case118
True,9,0.06,False,20,20,False,0,False,0.5904529880365137,0.39235760480051046,0.544632795822644,71.89027080894448,91.26861215627288,0.0,HMTD-MDE,185,case118
True,84,0.06,True,1,1,False,84,True,6.849608353658907e-10,0.006075469393952774,0.544632795822644,73.23304790188558,104.29167262627743,0.0,HMTD-MDE,186,case118
True,60,-0.06,True,1,1,False,60,True,6.849608819094421e-10,0.0003500003904131733,0.544632795822644,73.46991875092499,99.76561668154318,0.0,HMTD-MDE,187,case118
True,21,-0.06,False,20,20,False,20,False,0.14529306785533927,0.04146465741887135,0.544632795822644,73.03029785107356,92.96995387703647,0.0,HMTD-MDE,188,case118
True,26,0.06,False,20,20,False,0,False,0.5923872729332955,0.40036873717078475,0.544632795822644,74.40610004996415,123.1962627905887,0.0,HMTD-MDE,189,case118
True,14,-0.06,True,1,1,False,14,True,6.849610215400958e-10,0.000594202837935195,0.544632795822644,72.37589166034013,91.76849135837983,0.0,HMTD-MDE,190,case118
True,71,-0.06,False,20,20,False,0,False,0.580556694421956,0.3912257575424469,0.544632795822644,74.03211060736794,87.63366639905145,0.0,HMTD-MDE,191,case118
True,48,-0.06,False,20,20,False,48,True,6.849609284530023e-10,0.011453061070014755,0.544632795822644,65.73978744272608,100.18823603168131,0.0,HMTD-MDE,192,case118
True,46,-0.06,False,20,20,False,0,False,0.5970615885784988,0.30700002441310076,0.544632795822644,63.80118759989273,84.743716387311,0.0,HMTD-MDE,193,case118
True,110,-0.06,False,20,20,False,0,False,0.5832154634122997,0.3817506418612368,0.544632795822644,66.69180415628944,91.42813987564297,0.0,HMTD-MDE,194,case118
True,83,0.06,True,4,4,False,83,True,6.849608353658907e-10,0.007357951219077569,0.544632795822644,70.60722290771082,107.13586637866683,0.0,HMTD-MDE,195,case118
True,8,-0.06,True,13,13,False,8,True,1.440829816118414e-08,0.03757482365422182,0.544632795822644,63.94256658968516,94.36789100000169,0.0,HMTD-MDE,196,case118
True,48,0.06,False,20,20,False,48,True,6.872134911005362e-10,0.011453061070011976,0.544632795822644,58.769654302159324,76.03178608696908,0.0,HMTD-MDE,197,case118
True,35,0.06,True,1,1,False,35,True,0.0002650191407842687,0.0007250140443125626,0.544632795822644,66.39102491026279,100.26796422898772,0.0,HMTD-MDE,198,case118
True,58,0.06,True,1,1,False,56,False,0.14164171200975573,0.006742432898516971,0.544632795822644,63.221710405196056,81.83427021140233,0.0,HMTD-MDE,199,case118
False,0,0.0,False,20,20,False,0,True,0.5800389956010297,0.4013016171632473,0.544632795822644,62.910704256501056,77.43296282424127,0.0,HMTD-MDE,200,case118
False,0,0.0,False,20,20,False,0,True,0.5917303960359473,0.38940209212075017,0.544632795822644,59.6023063902976,81.12662291096058,0.0,HMTD-MDE,201,case118
False,0,0.0,False,20,20,False,0,True,0.556414081486823,0.2908158503424532,0.544632795822644,64.25679379608482,106.36560625280259,0.0,HMTD-MDE,202,case118
False,0,0.0,False,20,20,False,0,True,0.5727812452974369,0.398193602964034,0.544632795822644,60.070833400823176,71.80442673270593,0.0,HMTD-MDE,203,case118
False,0,0.0,True,16,16,True,0,True,0.5793581630933516,0.39462964701770914,0.544632795822644,69.17185210913885,91.91780356632081,0.0,HMTD-MDE,204,case118
False,0,0.0,False,20,20,False,0,True,0.5881561743431948,0.38867367774956985,0.544632795822644,73.37819384993054,110.11975691653788,0.0,HMTD-MDE,205,case118
False,0,0.0,False,20,20,False,0,True,0.5875519546173305,0.3910550164521788,0.544632795822644,61.00991029525176,80.63384137349206,0.0,HMTD-MDE,206,case118
False,0,0.0,False,20,20,False,0,True,0.5836697408000469,0.39363777012763257,0.544632795822644,60.84614385908935,85.59247086523102,0.0,HMTD-MDE,207,case118
False,0,0.0,False,20,20,False,0,True,0.5730790040728122,0.39973165853171333,0.544632795822644,65.79345000209287,93.9223458437482,0.0,HMTD-MDE,208,case118
False,0,0.0,False,20,20,False,0,True,0.5869246143816844,0.39440457166738746,0.544632795822644,65.88209814799484,90.42487888073084,0.0,HMTD-MDE,209,case118
False,0,0.0,False,20,20,False,0,True,0.6064982374710455,0.34326455874289374,0.544632795822644,75.7744958071271,90.78724934661298,0.0,HMTD-MDE,210,case118
False,0,0.0,False,20,20,False,0,True,0.6008864920198441,0.3845719956530317,0.544632795822644,72.51900204573758,86.22653331258334,0.0,HMTD-MDE,211,case118
False,0,0.0,False,20,20,False,0,True,0.5848032005438227,0.39117048151462014,0.544632795822644,84.72472269786522,113.73901810729876,0.0,HMTD-MDE,212,case118
False,0,0.0,False,20,20,False,0,True,0.6046962127180491,0.37327796928074175,0.544632795822644,71.71607080381364,88.2359548297245,0.0,HMTD-MDE,213,case118
False,0,0.0,False,20,20,False,0,True,0.5876261896581557,0.24725692470147356,0.544632795822644,76.60818750446197,97.0755101327086,0.0,HMTD-MDE,214,case118
False,0,0.0,False,20,20,False,0,True,0.5934751874067803,0.3863817204150177,0.544632795822644,80.38578965060879,100.03887914353982,0.0,HMTD-MDE,215,case118
False,0,0.0,False,20,20,False,0,True,0.6011010511392961,0.3855136676314364,0.544632795822644,70.49448750331067,87.88459764327854,0.0,HMTD-MDE,216,case118
False,0,0.0,False,20,20,False,0,True,0.5980346999570342,0.38560106194823335,0.544632795822644,71.29538135195617,87.61968301259914,0.0,HMTD-MDE,217,case118
False,0,0.0,False,20,20,False,0,True,0.570515647132198,0.4003913517395438,0.544632795822644,79.06255824491382,97.32527082378515,0.0,HMTD-MDE,218,case118
False,0,0.0,False,20,20,False,0,True,0.5612051160599444,0.3886247651172901,0.544632795822644,76.9489687983878,89.15587980882266,0.0,HMTD-MDE,219,case118
False,0,0.0,False,20,20,False,0,True,0.6137513196603954,0.346953682705228,0.544632795822644,77.70063729258254,97.45971632364672,0.0,HMTD-MDE,220,case118
False,0,0.0,True,5,5,True,0,True,0.5829167631833463,0.4071158527266569,0.544632795822644,82.86232074606232,110.26048332278152,0.0,HMTD-MDE,221,case118
False,0,0.0,False,20,20,False,0,True,0.6037507921189196,0.3249510988623661,0.544632795822644,65.03489360329695,86.38470348378179,0.0,HMTD-MDE,222,case118
False,0,0.0,False,20,20,False,0,True,0.6064609079216191,0.3691439779303956,0.544632795822644,68.79626039299183,97.08563540771138,0.0,HMTD-MDE,223,case118
False,0,0.0,False,20,20,False,0,True,0.6008124427906102,0.37548761670374387,0.544632795822644,78.60026039998047,101.2043735681801,0.0,HMTD-MDE,224,case118
False,0,0.0,False,20,20,False,0,True,0.5763666392144645,0.3995274964594699,0.544632795822644,67.02972719212994,84.87753187655476,0.0,HMTD-MDE,225,case118
False,0,0.0,False,20,20,False,0,True,0.6243760438343224,0.35568675976983516,0.544632795822644,66.32828320143744,80.99459614604712,0.0,HMTD-MDE,226,case118
False,0,0.0,False,20,20,False,0,True,0.5997144252597677,0.3786801380484058,0.544632795822644,77.80416254827287,100.82290770660622,0.0,HMTD-MDE,227,case118
False,0,0.0,False,20,20,False,0,True,0.5991743621886756,0.3772527656055847,0.544632795822644,64.34708734741434,105.67256876092871,0.0,HMTD-MDE,228,case118
False,0,0.0,False,20,20,False,0,True,0.5718060115753375,0.40000509335618384,0.544632795822644,61.14793550223112,84.9439207726391,0.0,HMTD-MDE,229,case118
False,0,0.0,False,20,20,False,18,False,0.5034817535560094,0.23979349241335718,0.544632795822644,71.17865013715345,149.828888088814,0.0,HMTD-MDE,230,case118
False,0,0.0,False,20,20,False,0,True,0.6008506518891172,0.3745001598333979,0.544632795822644,67.2010897018481,93.2390694099013,0.0,HMTD-MDE,231,case118
False,0,0.0,False,20,20,False,0,True,0.5685347386424197,0.4039359938268373,0.544632795822644,60.48862275201827,73.45840449852405,0.0,HMTD-MDE,232,case118
False,0,0.0,False,20,20,False,0,True,0.549493659588534,0.2824452263818086,0.544632795822644,67.13867720391136,87.41875657578932,0.0,HMTD-MDE,233,case118
False,0,0.0,False,20,20,False,0,True,0.5762524981915496,0.39538643463620604,0.544632795822644,62.32429580704775,82.96817774535158,0.0,HMTD-MDE,234,case118
False,0,0.0,False,20,20,False,0,True,0.5930851417478784,0.3844148259261242,0.544632795822644,57.63371249777265,78.84783366753256,0.0,HMTD-MDE,235,case118
False,0,0.0,False,20,20,False,0,True,0.5876372674922463,0.3937920729467453,0.544632795822644,73.3977646479616,121.05546311067883,0.0,HMTD-MDE,236,case118
False,0,0.0,True,7,7,True,0,True,0.6199340294406417,0.3567744812283577,0.544632795822644,59.81260840489995,76.22842647251673,0.0,HMTD-MDE,237,case118
False,0,0.0,False,20,20,False,0,True,0.586821037352329,0.389370792706482,0.544632795822644,67.27801670494955,96.3405372167472,0.0,HMTD-MDE,238,case118
False,0,0.0,False,20,20,False,0,True,0.5860929969852114,0.38076649603721835,0.544632795822644,71.89641054719687,103.88046281004792,0.0,HMTD-MDE,239,case118
False,0,0.0,False,20,20,False,0,True,0.5692872830901866,0.404544723021525,0.544632795822644,83.26322095817886,98.22183190553915,0.0,HMTD-MDE,240,case118
False,0,0.0,False,20,20,False,0,True,0.5949518078495587,0.37066154793407724,0.544632795822644,36.640602245461196,42.984839880955406,0.0,HMTD-MDE,241,case118
False,0,0.0,False,20,20,False,0,True,0.5703441634701157,0.4035420955643112,0.544632795822644,31.20383755012881,35.61140890233219,0.0,HMTD-MDE,242,case118
False,0,0.0,False,20,20,False,0,True,0.5944981792994133,0.380857064354651,0.544632795822644,75.92516885488294,89.1068645811174,0.0,HMTD-MDE,243,case118
False,0,0.0,False,20,20,False,0,True,0.5813489685574863,0.39176588097245035,0.544632795822644,35.618135560071096,41.728195481118746,0.0,HMTD-MDE,244,case118
False,0,0.0,False,20,20,False,0,True,0.5688875135340704,0.39959444029119967,0.544632795822644,27.53574576054234,30.028306262101978,0.0,HMTD-MDE,245,case118
False,0,0.0,False,20,20,False,0,True,0.5734998293929279,0.4026792910672426,0.544632795822644,78.58948739885818,102.18964610830882,0.0,HMTD-MDE,246,case118
False,0,0.0,False,20,20,False,0,True,0.5888494459654906,0.32901093604360926,0.544632795822644,35.00394570291974,40.48550170555245,0.0,HMTD-MDE,247,case118
False,0,0.0,False,20,20,False,0,True,0.5882691102359121,0.39022776293460926,0.544632795822644,27.04037509392947,29.351044018403627,0.0,HMTD-MDE,248,case118
False,0,0.0,False,20,20,False,0,True,0.5916522473146038,0.39234571109356786,0.544632795822644,86.34728134493344,113.97953540144957,0.0,HMTD-MDE,249,case118
True,54,-0.06,False,20,20,False,54,True,1.1772745414934684e-07,0.05352384569398599,0.3761844919225486,1843.620510349865,2042.9062454641107,0.0,MS-HIDE,0,case118
True,102,-0.06,True,1,1,False,102,True,6.849607888223398e-10,0.007920353848364465,0.3242944617663369,1742.7847187500447,1994.0599916677456,0.0,MS-HIDE,1,case118
True,110,-0.06,False,20,20,False,0,False,0.5725071539166837,0.342674751541261,0.3826899687603306,1696.5233832946979,1925.3466419089818,0.0,MS-HIDE,2,case118
True,76,0.06,True,8,8,False,76,True,6.849608353658907e-10,0.011566930262242741,0.38355302894718235,1846.1144874017918,2066.8386955483593,0.0,MS-HIDE,3,case118
True,96,0.06,True,1,1,False,96,True,6.849607888223398e-10,0.00041996842444149497,0.22668306471338961,1754.4260292459512,1964.367325292551,0.0,MS-HIDE,4,case118
True,35,0.06,True,1,1,False,35,True,0.0017021695231304909,0.0007313054121705468,0.37167543146532367,1726.6729916562326,1915.8648767130217,0.0,MS-HIDE,5,case118
True,49,0.06,True,1,1,False,49,True,6.849609284529933e-10,0.0016832438117489405,0.3829803815368653,1893.712256193976,2129.5502872206284,0.0,MS-HIDE,6,case118
True,5,0.06,True,5,5,False,5,True,6.84961021540096e-10,0.006175592870816389,0.3316255955488059,1747.0666478591738,1957.1604517957894,0.0,MS-HIDE,7,case118
True,16,-0.06,True,2,2,False,16,True,6.849609749965446e-10,0.0013191407760232052,0.31321234416069965,1768.4418209042633,2001.8376544787318,0.0,MS-HIDE,8,case118
True,45,0.06,True,4,4,False,45,True,6.849609051812389e-10,0.0051059828431456985,0.2974033448791252,1871.5072687424254,2075.8089166163713,0.0,MS-HIDE,9,case118
True,60,-0.06,True,1,1,False,60,True,6.849608819094421e-10,0.00036735491041969533,0.27083459227568296,1745.404089690419,1891.3919380633163,0.0,MS-HIDE,10,case118
True,57,-0.06,True,8,8,False,57,True,9.327041587575368e-05,0.015506714889333804,0.4175523930125818,1752.5172852998367,1933.1741419824539,0.0,MS-HIDE,11,case118
True,16,0.06,True,1,1,False,16,True,6.849609749965446e-10,0.0013191407775637151,0.3015950507967814,1878.3229438471608,2055.2159194223364,0.0,MS-HIDE,12,case118
True,57,-0.06,False,20,20,False,57,True,0.0001227009820731639,0.015491830810906458,0.36961471670483176,1766.5239352965727,1936.592639258015,0.0,MS-HIDE,13,case118
True,46,0.06,True,10,10,False,46,True,6.849609284530059e-10,0.010978040981399376,0.38758403531001967,1754.0629395487485,1966.2110371806193,0.0,MS-HIDE,14,case118
True,54,0.06,False,20,20,False,54,True,1.2895314854166093e-05,0.051542461718591934,0.38677411057214117,1872.6478189433692,2094.3966590421055,0.0,MS-HIDE,15,case118
True,83,-0.06,True,1,1,False,83,True,6.849608353658912e-10,0.005138519174615579,0.45838790012458486,1751.749566741637,1920.833408611361,0.0,MS-HIDE,16,case118
True,1,-0.06,True,1,1,False,1,True,6.849610215406604e-10,0.0007570404070388747,0.29828862537885187,1754.8497603449505,1966.9533315842273,0.0,MS-HIDE,17,case118
True,76,-0.06,True,5,5,False,76,True,6.84960835365896e-10,0.011566625225540557,0.3782820741387471,1878.863689553691,2229.7658041818077,0.0,MS-HIDE,18,case118
True,86,-0.06,False,20,20,False,0,False,0.512340354736975,0.39448130377111973,0.3774844480224901,1745.196087603108,1886.1230169713963,0.0,MS-HIDE,19,case118
True,66,0.06,False,20,20,False,66,True,6.849608819098885e-10,0.02334552882589634,0.41847710208199274,1762.5185645389138,1965.8903253060998,0.0,MS-HIDE,20,case118
True,40,0.06,True,2,2,False,40,True,7.520886962573946e-10,0.0006525258557426869,0.31320167737872456,1870.8529187075328,2031.6775818791948,0.0,MS-HIDE,21,case118
True,95,0.06,True,1,1,False,95,True,6.849608353658907e-10,0.00018809834996563206,0.2549119782692023,1765.0636541569838,1972.67296393984,0.0,MS-HIDE,22,case118
True,88,0.06,False,20,20,False,88,True,6.849608353666059e-10,0.031355302053944364,0.33788511522906295,1754.4032665115083,1935.076442285208,0.0,MS-HIDE,23,case118
True,117,-0.06,False,20,20,False,0,False,0.5273703277822325,0.39297262974926517,0.41826993152204806,1849.4734813051764,2079.1117785644033,0.0,MS-HIDE,24,case118
True,109,0.06,True,2,2,False,108,False,0.14529302150128384,0.004426810066236616,0.4012709957508924,1759.6002499980386,1979.3703965173336,0.0,MS-HIDE,25,case118
True,100,0.06,True,2,2,False,100,True,0.0006001214894778079,0.0022522995554073604,0.5397872263394929,1759.1948228073306,1953.145988084725,0.0,MS-HIDE,26,case118
True,50,-0.06,True,2,2,False,50,True,7.517802783765526e-10,0.006178956345242212,0.3568174801220336,1893.7617146555567,2158.104435395218,0.0,MS-HIDE,27,case118
True,41,0.06,True,1,1,False,41,True,0.0009684924678689069,0.002726344047850329,0.3313732940094074,1753.382508357754,1959.088901791256,0.0,MS-HIDE,28,case118
True,70,-0.06,False,20,20,False,0,False,0.5175230315789155,0.3935276081938765,0.378796171200231,1740.4020770511124,1901.1191014869837,0.0,MS-HIDE,29,case118
True,22,-0.06,True,0,0,False,22,True,0.02126287223501624,0.06707344053026973,0.3324976731652475,1698.4987395931967,1938.4323482372565,0.0,MS-HIDE,30,case118
True,78,0.06,True,2,2,False,78,True,0.14529302150128384,0.0010708629664114757,0.33079872154677015,1688.8612833980005,1952.7210107567953,0.0,MS-HIDE,31,case118
True,66,0.06,True,12,12,False,66,True,6.849607655658834e-10,0.02350399394581557,0.42291068348191146,1695.3890855482314,2009.3326184723992,0.0,MS-HIDE,32,case118
True,30,-0.06,True,7,7,False,30,True,6.849609749965446e-10,0.012350150590348505,0.39632895179412725,1753.1239501025993,1961.080972576747,0.0,MS-HIDE,33,case118
True,76,0.06,True,5,5,False,76,True,6.849608353658959e-10,0.01156688395492213,0.3948254047227005,1701.7717478505801,1932.11679343367,0.0,MS-HIDE,34,case118
True,53,0.06,True,1,1,False,53,True,6.849609284534533e-10,0.0012691343327508185,0.30231009251335084,1705.9871272009332,1932.0714461180614,0.0,MS-HIDE,35,case118
True,59,0.06,False,20,20,False,59,True,8.067062977076112e-10,0.022463536595268598,0.38787796161952887,1776.2532666471088,2010.1699681050377,0.0,MS-HIDE,36,case118
True,6,0.06,True,3,3,False,6,True,6.849610215407251e-10,0.00617548492019891,0.29757285785199417,1757.3894416011171,1936.403466318734,0.0,MS-HIDE,37,case118
True,13,0.06,True,1,1,False,13,True,6.849610215400958e-10,0.0005753684978957447,0.30272373099844213,1744.4861708005192,1923.1376390031073,0.0,MS-HIDE,38,case118
True,107,-0.06,True,2,2,False,107,True,8.521421737593194e-10,0.0038590968740435582,0.39545727976828315,1722.5710229511606,1926.179654133739,0.0,MS-HIDE,39,case118
True,35,0.06,True,1,1,False,35,True,0.0005629394753853444,0.0009524581622912787,0.3820952189625046,1725.2280790562509,1935.5720666848358,0.0,MS-HIDE,40,case118
True,102,-0.06,True,3,3,False,102,True,6.849607888223398e-10,0.00792036723332393,0.3204073854274404,1742.2250187955797,1978.7752318748971,0.0,MS-HIDE,41,case118
True,40,-0.06,True,2,2,False,40,True,6.849609284529967e-10,0.0006525258555997944,0.31703407756605967,1765.721029296401,2004.4827208679635,0.0,MS-HIDE,42,case118
True,63,0.06,False,20,20,False,63,True,7.651629207603151e-10,0.026169155042175492,0.418807761371589,1758.3709250058746,1973.7282606860392,0.0,MS-HIDE,43,case118
True,113,0.06,True,1,1,False,113,True,6.849607422787886e-10,0.00023353845008283188,0.24924921045992282,1755.9483625460416,1966.2824818893569,0.0,MS-HIDE,44,case118
True,3,0.06,True,1,1,False,3,True,6.849610215400958e-10,0.0007911964622608593,0.2784909705618559,1762.6017602393404,1921.9084535754519,0.0,MS-HIDE,45,case118
True,70,-0.06,False,20,20,False,0,False,0.580111302584776,0.3442111764886754,0.385852772613858,1744.5156668050913,1943.6821690556826,0.0,MS-HIDE,46,case118
True,28,-0.06,True,1,1,False,28,True,6.849609749965446e-10,0.00810991330345485,0.25262011709490606,1757.7606687584193,1965.4117545258487,0.0,MS-HIDE,47,case118
True,2,0.06,True,1,1,False,2,True,2.317009358840747e-09,0.00033536331788142423,0.2928963979347773,1759.4209415459773,1975.8544214331778,0.0,MS-HIDE,48,case118
True,71,-0.06,False,20,20,False,0,False,0.518808081097252,0.39320087492347666,0.35449274469549885,1729.1466105001746,1943.2677791744936,0.0,MS-HIDE,49,case118
True,83,-0.06,True,1,1,False,83,True,6.849608353658907e-10,0.005138519174055317,0.4490706903549696,1762.1055896539474,1961.5005538536934,0.0,MS-HIDE,50,case118
True,55,-0.06,False,20,20,False,0,False,0.5329861237358104,0.38513891713450926,0.35401717021511375,1752.8955875517568,1939.6117062395206,0.0,MS-HIDE,51,case118
True,92,-0.06,True,7,7,False,92,True,6.849608353658907e-10,0.007655087501315614,0.3085867023714366,1740.7530187512748,1957.638444082113,0.0,MS-HIDE,52,case118
True,2,0.06,True,1,1,False,2,True,1.53619723656649e-09,0.0003353633170405911,0.2962641516740644,1741.7924270994263,1927.1142958226849,0.0,MS-HIDE,53,case118
True,41,-0.06,True,2,2,False,41,True,0.0054570299473570205,0.001851808822025852,0.34251221102942614,1757.2575332596898,1971.8544080591528,0.0,MS-HIDE,54,case118
True,85,-0.06,False,20,20,False,0,False,0.5747652105722073,0.342295857252104,0.3666120545104351,1735.0637000490678,1929.2770146130351,0.0,MS-HIDE,55,case118
True,53,0.06,True,2,2,False,53,True,6.849609284534131e-10,0.0012691343320701519,0.3041803738298264,1749.299752159277,1945.5286723008612,0.0,MS-HIDE,56,case118
True,68,0.06,True,1,1,False,68,True,6.849608819094421e-10,0.0023234410709752577,0.3316620160282106,1763.1762437464204,1966.1510124919007,0.0,MS-HIDE,57,case118
True,86,-0.06,False,20,20,False,0,False,0.5194461653241003,0.39159750408789623,0.3898833937864534,1712.8506583510898,1903.512065196992,0.0,MS-HIDE,58,case118
True,43,0.06,True,1,1,False,43,True,7.278826097779409e-10,0.0028104331495306055,0.35795835608184084,1764.7915207926417,2009.081819045241,0.0,MS-HIDE,59,case118
True,74,-0.06,True,2,2,False,69,False,0.14523824901897614,0.00233984766144316,0.3087104052505503,1705.677020852454,1997.821201471379,0.0,MS-HIDE,60,case118
True,95,0.06,True,1,1,False,95,True,6.849608353658907e-10,0.00018809834881286825,0.24047008939327905,1686.168295799871,1995.006358367391,0.0,MS-HIDE,61,case118
True,116,0.06,False,20,20,False,0,False,0.5468838204199451,0.3749763903110279,0.3724431714547595,1696.8508563557407,1992.5144684617408,0.0,MS-HIDE,62,case118
True,16,-0.06,True,2,2,False,16,True,6.849609749965446e-10,0.0013191407763026497,0.3012390255513162,1711.271216708701,2016.5988482534885,0.0,MS-HIDE,63,case118
True,3,0.06,True,1,1,False,3,True,6.849610215400958e-10,0.0007911964627885135,0.2673314832222269,1711.1393103463342,1998.8065660319992,0.0,MS-HIDE,64,case118
True,89,0.06,False,20,20,False,89,True,0.03568474911453363,0.06508760578098084,0.36069993631968966,1690.3691625484498,1961.8324854294772,0.0,MS-HIDE,65,case118
True,23,0.06,False,20,20,False,23,True,2.770228297565995e-09,0.034380262482485276,0.3756552745043929,1753.6091499932809,2001.1671857500914,0.0,MS-HIDE,66,case118
True,14,0.06,True,1,1,False,14,True,6.849610215400958e-10,0.0003492951867287666,0.20955687235392506,1745.2641938521992,1984.6517104277154,0.0,MS-HIDE,67,case118
True,14,-0.06,True,1,1,False,14,True,6.849610215400958e-10,0.0003492951870676713,0.21585105091009574,1711.7740645015147,1904.163143754704,0.0,MS-HIDE,68,case118
True,106,-0.06,False,20,20,False,0,False,0.5387010878111951,0.37205700444050976,0.3964672442653667,1743.8624062458985,1934.9330687313343,0.0,MS-HIDE,69,case118
True,25,-0.06,False,20,20,False,0,False,0.5518623670927293,0.3765062456933406,0.4007088652998843,1765.8381707558874,2003.4984166559298,0.0,MS-HIDE,70,case118
True,35,-0.06,True,1,1,False,35,True,0.00012348715280916105,0.0007319539103268038,0.3878821543440193,1738.2293646922335,1932.989108673064,0.0,MS-HIDE,71,case118
True,72,0.06,False,20,20,False,90,False,0.4107273499066586,0.13041954048027124,0.35032042536266716,1726.2189730477985,1912.2172506176867,0.0,MS-HIDE,72,case118
True,77,0.06,True,1,1,False,78,False,0.14529302150128384,0.0010708629669413854,0.32996808298816027,1747.5322062411578,1993.8545440265443,0.0,MS-HIDE,73,case118
True,22,0.06,False,20,20,False,22,True,0.07285191488902461,0.06498224276355913,0.33667501940802147,1741.466589504853,2083.319174332428,0.0,MS-HIDE,74,case118
True,90,-0.06,True,2,2,False,90,True,7.589057495799331e-10,0.0026202978579798427,0.32847288670628655,1771.9531101931352,1965.740568446927,0.0,MS-HIDE,75,case118
True,82,0.06,True,3,3,False,82,True,6.849608353658907e-10,0.0066760600926080915,0.4409509618567297,1752.0608208025806,1950.5390374513809,0.0,MS-HIDE,76,case118
True,85,-0.06,True,8,8,False,0,False,0.5432034496903145,0.3929910220344259,0.3513757759450311,1733.6379874002887,1911.601815262111,0.0,MS-HIDE,77,case118
True,23,-0.06,True,3,3,False,23,True,3.579317481435862e-05,0.03449171660108744,0.3693099781979729,1749.8625898035243,1923.4284027596004,0.0,MS-HIDE,78,case118
True,49,0.06,True,1,1,False,49,True,6.849609284529933e-10,0.001683243812072864,0.3710916803189004,1732.574352103984,1914.1273312445264,0.0,MS-HIDE,79,case118
True,55,-0.06,False,20,20,False,0,False,0.5424646711032073,0.37594463858119664,0.34735641434890285,1744.508704051259,1954.1827437351458,0.0,MS-HIDE,80,case118
True,76,0.06,True,7,7,False,76,True,6.849608353658907e-10,0.011567613997734299,0.367493096251167,1775.41548134177,1963.2920812582597,0.0,MS-HIDE,81,case118
True,53,-0.06,True,1,1,False,53,True,6.5095335882579606e-09,0.0012691343310127071,0.31651260258920416,1774.7417249513092,1996.9885937694926,0.0,MS-HIDE,82,case118
True,41,-0.06,True,2,2,False,41,True,0.000952368540562297,0.0014640311332567283,0.3452749826174694,1741.469533299096,2068.5117329936475,0.0,MS-HIDE,83,case118
True,112,0.06,True,2,2,False,112,True,6.849607422787886e-10,0.000684638433292077,0.39771398083424747,1751.743814648944,1952.8937255759956,0.0,MS-HIDE,84,case118
True,64,0.06,True,1,1,False,64,True,6.849608819094421e-10,0.0009801305052343332,0.31004603654499197,1779.482893703971,1978.7927243683953,0.0,MS-HIDE,85,case118
True,58,0.06,True,1,1,False,58,True,3.856124715685078e-09,0.00040886779677298135,0.24040863836656903,1735.1922854053555,1903.860758015071,0.0,MS-HIDE,86,case118
True,54,-0.06,False,20,20,False,54,True,7.306419544603106e-08,0.04898210244754595,0.38052658793942407,1760.8040479011834,1983.4262788528576,0.0,MS-HIDE,87,case118
True,34,-0.06,True,1,1,False,34,True,6.849609284529933e-10,0.00025939967408891956,0.2819469619122485,1750.253548042383,1919.0300732152537,0.0,MS-HIDE,88,case118
True,114,-0.06,False,20,20,False,0,False,0.5243119584007571,0.38874806697098696,0.40471199070444475,1738.3039230015129,1963.1221624935279,0.0,MS-HIDE,89,case118
True,23,0.06,False,20,20,False,23,True,0.007947748118580364,0.051784392418271395,0.3781254168184193,1695.1569023018237,2026.716004757327,0.0,MS-HIDE,90,case118
True,99,-0.06,True,1,1,False,99,True,6.849607888223398e-10,0.0012861949804365393,0.3095317142483182,1689.4381146063097,1959.4903648801846,0.0,MS-HIDE,91,case118
True,104,-0.06,True,1,1,False,104,True,6.849607888223427e-10,0.0035923721257279445,0.3591059826735499,1712.4249666463584,1929.1212628188077,0.0,MS-HIDE,92,case118
True,110,-0.06,False,20,20,False,0,False,0.5530361364256905,0.37711410691135633,0.3709179678722963,1664.7891708067618,1936.1048243474215,0.0,MS-HIDE,93,case118
True,90,0.06,True,1,1,False,90,True,7.18169859844543e-10,0.002619567810332764,0.3349429597247527,1692.070152098313,1944.3914940551622,0.0,MS-HIDE,94,case118
True,84,-0.06,True,2,2,False,84,True,6.849608353658907e-10,0.004961583670351961,0.3306259040639046,1711.3547479937552,1947.08264132787,0.0,MS-HIDE,95,case118
True,21,-0.06,True,2,2,False,20,False,0.14529302225408153,0.006622719104683139,0.3374437164120699,1709.826006257208,1915.4436774377245,0.0,MS-HIDE,96,case118
True,28,0.06,True,2,2,False,28,True,6.849609749965446e-10,0.008109916368679011,0.2599007255542662,1695.7755625946447,1909.817515249597,0.0,MS-HIDE,97,case118
True,110,-0.06,False,20,20,False,0,False,0.5222880178200746,0.3864246654612752,0.39591067000110536,1666.8307749583619,1899.7858628048564,0.0,MS-HIDE,98,case118
True,102,-0.06,True,4,4,False,102,True,6.849607888223398e-10,0.007920381356997928,0.32260864843449033,1736.7088417435298,1935.5520172510296,0.0,MS-HIDE,99,case118
True,116,0.06,True,12,12,False,0,False,0.5167671972997977,0.39968679866930146,0.346694678196457,1715.0435060524615,1925.4701083380496,0.0,MS-HIDE,100,case118
True,35,-0.06,True,1,1,False,35,True,0.00024921973234319435,0.0007372151757756469,0.392821756419464,1744.0850416460307,1961.6586958640257,0.0,MS-HIDE,101,case118
True,25,0.06,False,20,20,False,0,False,0.5376031012404249,0.38497072114493475,0.37340932440583746,1710.1403854409,1912.462691339897,0.0,MS-HIDE,102,case118
True,100,-0.06,True,1,1,False,100,True,7.133822435914835e-10,0.002251552119118484,0.5311821965909552,1736.9229313073447,1978.0785892216954,0.0,MS-HIDE,103,case118
True,64,0.06,True,2,2,False,64,True,6.849608819094421e-10,0.000980130504331125,0.29041255742077265,1716.0882769007003,1891.0278972703964,0.0,MS-HIDE,104,case118
True,64,0.06,True,2,2,False,64,True,6.849608819094421e-10,0.0009801305036524382,0.30517454216407075,1725.1137021550676,1897.9310210997937,0.0,MS-HIDE,105,case118
True,86,-0.06,False,20,20,False,0,False,0.5491218750550839,0.37848934037268933,0.3500561348761802,1710.8606333466014,1900.5421401845524,0.0,MS-HIDE,106,case118
True,32,-0.06,True,1,1,False,32,True,6.849609284529933e-10,0.00011484179780146021,0.24634197982767275,1738.0057104077423,1997.3888201959198,0.0,MS-HIDE,107,case118
True,41,0.06,True,1,1,False,41,True,0.008429373277779605,0.0018055362063477038,0.3318740759693708,1755.5454396962887,1957.7474255813286,0.0,MS-HIDE,108,case118
True,104,0.06,True,3,3,False,104,True,6.849607888224091e-10,0.0036147628541739626,0.3534950142331899,1747.6448686473304,1952.1428312349599,0.0,MS-HIDE,109,case118
True,36,0.06,True,1,1,False,35,False,0.015740162969246223,0.0009425191970933495,0.35785351200200877,1740.1711042009993,1933.2538357557496,0.0,MS-HIDE,110,case118
True,86,0.06,False,20,20,False,0,False,0.521204325278623,0.3902992378097152,0.36786650254410574,1723.2465019042138,1919.1726895514876,0.0,MS-HIDE,111,case118
True,31,0.06,True,1,1,False,31,True,6.84960951724835e-10,0.003150498004211268,0.39129349415563247,1748.1699896452483,1970.5586687283358,0.0,MS-HIDE,112,case118
True,24,-0.06,False,20,20,False,0,False,0.55524922755838,0.372500333652409,0.3701897073673614,1725.0634874450043,1937.655553824152,0.0,MS-HIDE,113,case118
True,68,-0.06,True,2,2,False,68,True,6.849608586376964e-10,0.002372672411606578,0.358417956220964,1734.317910351092,1967.829933358007,0.0,MS-HIDE,114,case118
True,16,0.06,True,2,2,False,16,True,6.849609749965446e-10,0.0013191407759323437,0.3155682282922595,1720.6946187419817,1969.0475410665385,0.0,MS-HIDE,115,case118
True,33,-0.06,True,1,1,False,33,True,6.849609284529933e-10,0.0022002917064472055,0.33716927121829177,1745.1910459552892,1969.613479822874,0.0,MS-HIDE,116,case118
True,97,-0.06,True,1,1,False,97,True,6.849607888223398e-10,0.0017358548156362929,0.3151693363053168,1720.4577415977838,1954.8912773898337,0.0,MS-HIDE,117,case118
True,16,-0.06,True,2,2,False,16,True,6.849609749965446e-10,0.0013191407775209815,0.2996374486247984,1729.5382915966911,1912.7597687504021,0.0,MS-HIDE,118,case118
True,42,0.06,True,1,1,False,42,True,0.015169985021352079,0.0030401397782027447,0.32675441932495514,1726.0385916481027,1946.8293919344433,0.0,MS-HIDE,119,case118
True,109,-0.06,True,3,3,False,109,True,0.14529302150432524,0.004229059158776301,0.3771745652119161,1682.3793896561256,1925.7836621749448,0.0,MS-HIDE,120,case118
True,17,-0.06,True,1,1,False,17,True,6.84960974996546e-10,0.0029706682498892353,0.39835913501749687,1745.059756297269,2070.734235443524,0.0,MS-HIDE,121,case118
True,42,0.06,True,2,2,False,42,True,0.03935914476722117,0.002987404992567724,0.33163317069462694,1680.4660312947817,1977.1006419498008,0.0,MS-HIDE,122,case118
True,90,0.06,True,1,1,False,90,True,6.875343632734378e-10,0.0026198775667457485,0.3143379961302492,1732.1182499523275,2010.6696103874126,0.0,MS-HIDE,123,case118
True,37,-0.06,True,1,1,False,37,True,1.1959899576101727e-07,0.0009614594307443397,0.2865634510810508,1687.2636750456877,1934.1913068317808,0.0,MS-HIDE,124,case118
True,79,-0.06,True,1,1,False,79,True,6.849608353658907e-10,0.004112282436968762,0.3286198642398006,1693.528375052847,1944.0319398912834,0.0,MS-HIDE,125,case118
True,98,-0.06,True,1,1,False,98,True,6.849607888223398e-10,0.002531715369824435,0.39584923807094274,1689.0529960015556,1916.6338163166074,0.0,MS-HIDE,126,case118
True,105,-0.06,False,20,20,False,0,False,0.527019279144568,0.3881448942033479,0.33956944200056044,1681.571574852569,1941.65946841822,0.0,MS-HIDE,127,case118
True,48,0.06,True,1,1,False,48,True,6.849609284529933e-10,0.0033363080184111715,0.376014581272823,1717.9649875382893,2013.5555690532785,0.0,MS-HIDE,128,case118
True,83,0.06,True,2,2,False,83,True,6.849608353658929e-10,0.0051385191750633165,0.4615213002012921,1735.3083791065728,1955.7156628376106,0.0,MS-HIDE,129,case118
True,41,-0.06,True,1,1,False,41,True,0.010209951779178118,0.0025953758052557003,0.33220163050988893,1741.8201625987422,1940.3463649010519,0.0,MS-HIDE,130,case118
True,106,-0.06,False,20,20,False,0,False,0.5567498050621994,0.3783704149518089,0.38352182519304695,1714.9035375972744,1924.534644090454,0.0,MS-HIDE,131,case118
True,54,0.06,False,20,20,False,54,True,1.8815340038806952e-06,0.05000930162838134,0.37480705200226655,1725.341791746905,1942.294933332596,0.0,MS-HIDE,132,case118
True,89,-0.06,False,20,20,False,89,True,0.035664553436451286,0.05913249019142131,0.372390738101059,1734.7034977457952,1936.5997538610827,0.0,MS-HIDE,133,case118
True,113,-0.06,True,1,1,False,113,True,6.849607422787886e-10,0.00023353844955591562,0.24601450629133764,1728.4182313509518,1956.068833367317,0.0,MS-HIDE,134,case118
True,66,0.06,False,20,20,False,66,True,6.849607888412913e-10,0.022960220615300415,0.4433796037873543,1740.8337917499011,1940.3511996584712,0.0,MS-HIDE,135,case118
True,97,0.06,True,1,1,False,97,True,6.849607888223398e-10,0.0017358548156405037,0.318302736382024,1731.5024104056647,1938.537358000758,0.0,MS-HIDE,136,case118
True,106,0.06,False,20,20,False,0,False,0.5605644863820796,0.36007729999345744,0.36520664946593484,1705.9254438558128,1899.390723212855,0.0,MS-HIDE,137,case118
True,110,0.06,False,20,20,False,0,False,0.5492313829277844,0.37035898827853553,0.35246014674349413,1716.3296668062685,1908.673087513307,0.0,MS-HIDE,138,case118
True,113,0.06,True,1,1,False,113,True,6.849607422787886e-10,0.00023353845001999895,0.24442239450990574,1728.3731583011104,1975.494851739495,0.0,MS-HIDE,139,case118
True,42,0.06,True,2,2,False,42,True,0.028745351323691843,0.003013115021823067,0.3345704516086836,1751.3898165430874,1930.4720880638342,0.0,MS-HIDE,140,case118
True,109,0.06,True,3,3,False,108,False,0.14529302150135429,0.004196991388654535,0.39861567283588867,1735.18951665028,1975.2839583263267,0.0,MS-HIDE,141,case118
True,21,0.06,True,6,6,False,21,True,0.1452930215078824,0.006641245102953165,0.3503348828095838,1746.6771852894453,1950.5010211403714,0.0,MS-HIDE,142,case118
True,25,-0.06,False,20,20,False,0,False,0.5471991512689335,0.37481618243778114,0.3698860699916788,1710.3022583585698,1907.7517455210912,0.0,MS-HIDE,143,case118
True,21,0.06,True,3,3,False,21,True,0.14529302151440687,0.006622720257873185,0.34103862656762796,1739.8722165904474,1995.6145541509613,0.0,MS-HIDE,144,case118
True,23,-0.06,False,20,20,False,23,True,6.029972778696675e-07,0.03706067065279105,0.36464583447685134,1732.280948004336,1973.1853711535223,0.0,MS-HIDE,145,case118
True,52,-0.06,True,1,1,False,52,True,1.9947125250754616e-09,0.00038445431035841627,0.30916998952861335,1736.2175146554364,1964.5001604309073,0.0,MS-HIDE,146,case118
True,75,0.06,False,20,20,False,0,False,0.5315110489967295,0.3856556120389248,0.3554559641773945,1702.2397270455258,1928.3770228765206,0.0,MS-HIDE,147,case118
True,91,-0.06,True,1,1,False,91,True,6.849608353658907e-10,0.0023275185850700915,0.43615421300448987,1727.1465167024871,1925.9581812773831,0.0,MS-HIDE,148,case118
True,49,0.06,True,3,3,False,49,True,6.849609284529933e-10,0.0016832438107741386,0.3686226212051681,1738.8515249476768,1947.944677103078,0.0,MS-HIDE,149,case118
True,7,0.06,True,1,1,False,7,True,6.849610215400958e-10,0.0010006764739016966,0.18641493718328705,1704.9982624535915,1985.7424146321137,0.0,MS-HIDE,150,case118
True,86,0.06,False,20,20,False,0,False,0.5437906192411407,0.38887678226599776,0.35225612209114454,1679.7382334130816,1916.5065232897177,0.0,MS-HIDE,151,case118
True,48,0.06,True,1,1,False,48,True,6.849609284529933e-10,0.0033363080184921996,0.37146846508762466,1704.8552333086263,1927.3009143100353,0.0,MS-HIDE,152,case118
True,94,0.06,True,1,1,False,94,True,6.849608353658907e-10,0.0005877842587353731,0.30706407810986486,1708.2071561540943,1973.5504208423665,0.0,MS-HIDE,153,case118
True,50,-0.06,True,3,3,False,50,True,3.2845550264734525e-07,0.006243471279394103,0.31476845935763825,1687.1388460014714,1953.3029860584065,0.0,MS-HIDE,154,case118
True,46,-0.06,True,16,16,False,46,True,6.849609284529955e-10,0.010973387039852447,0.3876990753635835,1720.9083166962955,1951.0640770924513,0.0,MS-HIDE,155,case118
True,47,0.06,True,1,1,False,47,True,6.849609284529933e-10,0.0010232861531134056,0.367955685322809,1699.4665645965142,2002.4665330158316,0.0,MS-HIDE,156,case118
True,112,0.06,True,1,1,False,112,True,6.849607422787886e-10,0.0006846384331813853,0.3982818360218018,1740.6624540948542,1980.2889806684107,0.0,MS-HIDE,157,case118
True,68,-0.06,True,1,1,False,68,True,6.849608819094431e-10,0.0023243660373224607,0.3084439908642444,1670.7341978588374,1944.4308014790295,0.0,MS-HIDE,158,case118
True,81,-0.06,True,1,1,False,81,True,6.849608353658907e-10,0.000607237922717149,0.24047008939327905,1725.7600040436955,1911.6449392255163,0.0,MS-HIDE,159,case118
True,26,0.06,False,20,20,False,0,False,0.5439403568995377,0.37237136199764687,0.36317279697833227,1731.0233250551391,1947.9455270949986,0.0,MS-HIDE,160,case118
True,78,0.06,True,1,1,False,77,False,0.14529302150128384,0.0010708629663689943,0.3253374627035063,1733.9772435516352,2031.3264124735726,0.0,MS-HIDE,161,case118
True,73,0.06,False,20,20,False,0,False,0.5438647902630565,0.379006420055302,0.3810069181167151,1719.6266229409957,1969.7533478785772,0.0,MS-HIDE,162,case118
True,53,-0.06,True,1,1,False,53,True,6.849609284534167e-10,0.0012691343328955103,0.2984451665261883,1754.1748061514227,2015.7080836448586,0.0,MS-HIDE,163,case118
True,2,0.06,True,1,1,False,2,True,2.444023924375404e-09,0.00033536331790348303,0.29165558839899935,1743.2863084453857,1972.7614586707205,0.0,MS-HIDE,164,case118
True,102,-0.06,True,8,8,False,102,True,6.849607888223398e-10,0.007920370770809784,0.3303136710846308,1767.7208208915545,2005.311979210819,0.0,MS-HIDE,165,case118
True,84,0.06,True,1,1,False,84,True,6.849608353658907e-10,0.004953063961357805,0.31703306074486665,1740.8730354451109,1989.5009145635413,0.0,MS-HIDE,166,case118
True,83,0.06,True,1,1,False,83,True,6.849608353658915e-10,0.005138519177522041,0.45128798708157236,1727.73088949034,2021.7121770139786,0.0,MS-HIDE,167,case118
True,57,0.06,False,20,20,False,57,True,0.0002734148813623132,0.015631466999301565,0.3873234038602897,1737.9079834121512,1957.247046555858,0.0,MS-HIDE,168,case118
True,80,0.06,True,4,4,False,80,True,6.849608353658907e-10,0.006579906990902546,0.38022289292998324,1744.6950687037315,1966.9388868729584,0.0,MS-HIDE,169,case118
True,56,0.06,True,1,1,False,56,True,9.423020670292148e-07,0.0005480876085983744,0.23081465214910057,1734.2792438430479,1981.0122648748802,0.0,MS-HIDE,170,case118
True,63,-0.06,False,20,20,False,63,True,1.6864926957790673e-08,0.030544153516333272,0.41705741250801853,1733.0115187593037,1961.3740038417745,0.0,MS-HIDE,171,case118
True,65,-0.06,True,2,2,False,65,True,6.849608819094421e-10,0.0023793827430660854,0.40670563088147305,1743.4249937534332,1989.8609208234122,0.0,MS-HIDE,172,case118
True,55,0.06,False,20,20,False,0,False,0.5507012968774401,0.3551171446785747,0.36344178885442424,1739.2527853051433,1982.6093972544186,0.0,MS-HIDE,173,case118
True,107,0.06,True,4,4,False,107,True,9.156943567276104e-10,0.0038579743537394706,0.3872984833466949,1742.005083351978,1952.3779711627867,0.0,MS-HIDE,174,case118
True,57,0.06,False,20,20,False,57,True,0.000251066725329441,0.01575194411797866,0.3680234953757393,1751.0632394463755,2030.2249118656616,0.0,MS-HIDE,175,case118
True,68,-0.06,True,2,2,False,68,True,6.849608819094431e-10,0.0023300436278047864,0.3240566609307998,1728.3072957477998,1951.3629270280944,0.0,MS-HIDE,176,case118
True,41,-0.06,True,1,1,False,41,True,0.021243540442316078,0.0018208232452912602,0.3230313399809779,1713.5278355475748,1966.4097819069866,0.0,MS-HIDE,177,case118
True,9,0.06,True,15,15,False,0,False,0.532899549916134,0.38503195916249083,0.37034622727918665,1743.5416624532081,1952.6622416247847,0.0,MS-HIDE,178,case118
True,78,0.06,True,1,1,False,77,False,0.14529302150128384,0.0010708629668364563,0.33664595150272236,1743.1787124078255,1974.8228017619115,0.0,MS-HIDE,179,case118
True,109,-0.06,True,3,3,False,109,True,0.14529302150128381,0.004217986755101001,0.3905422771112227,1687.9726793034934,1923.0613253253978,0.0,MS-HIDE,180,case118
True,99,0.06,True,2,2,False,99,True,6.849607888223398e-10,0.0012861949817532423,0.3174791951844749,1688.6777374427766,1952.7635979175102,0.0,MS-HIDE,181,case118
True,66,-0.06,False,20,20,False,66,True,6.849607888343947e-10,0.023220115920593348,0.4396197792670771,1724.630383308977,1997.4318931694145,0.0,MS-HIDE,182,case118
True,100,0.06,True,3,3,False,100,True,6.977416033771884e-10,0.0022515521186335552,0.5316663240057985,1735.1349312986713,2033.0830788821913,0.0,MS-HIDE,183,case118
True,101,0.06,True,1,1,False,101,True,6.849607888229067e-10,0.00461671849585617,0.539876432226384,1680.379358297796,1934.4896985887317,0.0,MS-HIDE,184,case118
True,9,0.06,False,20,20,False,0,False,0.5229959143815589,0.32563076655976053,0.3969133869354135,1701.8917500507087,2009.0637955523562,0.0,MS-HIDE,185,case118
True,84,0.06,True,2,2,False,84,True,6.849608353658907e-10,0.004950827901921276,0.3418011198192539,1707.1372480044374,1968.279020191403,0.0,MS-HIDE,186,case118
True,60,-0.06,True,1,1,False,60,True,6.849608819094421e-10,0.000367354910953346,0.2850803619889557,1694.4833562069107,1954.3560056423303,0.0,MS-HIDE,187,case118
True,21,-0.06,True,2,2,False,20,False,0.14535510383529032,0.006624015457325656,0.3416683549247061,1709.5731272536796,1945.3131503425539,0.0,MS-HIDE,188,case118
True,26,0.06,False,20,20,False,0,False,0.5274815810456177,0.3888507988521958,0.3623848885491626,1675.7828333997168,1884.527950314805,0.0,MS-HIDE,189,case118
True,14,-0.06,True,1,1,False,14,True,6.849610215400958e-10,0.0003492951856686327,0.22668306471338961,1718.035774747841,1993.3725329843583,0.0,MS-HIDE,190,case118
True,71,-0.06,False,20,20,False,0,False,0.5284653308192315,0.3877520128218488,0.3857226480827477,1706.81781040621,1916.6198124730727,0.0,MS-HIDE,191,case118
True,48,-0.06,True,1,1,False,48,True,6.849609284529933e-10,0.0033363080184921996,0.37146846508762466,1744.2093603982357,1975.405429143575,0.0,MS-HIDE,192,case118
True,46,-0.06,True,3,3,False,46,True,6.885664804738637e-10,0.010972377190243849,0.3785757197996771,1744.8547666950617,1976.174786844058,0.0,MS-HIDE,193,case118
True,110,-0.06,False,20,20,False,0,False,0.5902487727198192,0.3388514112416351,0.34817855625419053,1749.7727479028981,1980.3500577283558,0.0,MS-HIDE,194,case118
True,83,0.06,True,2,2,False,83,True,6.84960835365894e-10,0.005138519174615579,0.45838790012458486,1751.791193796089,2009.7562017675955,0.0,MS-HIDE,195,case118
True,8,-0.06,True,13,13,False,8,True,6.849609749977524e-10,0.01976012590185489,0.3414481339174682,1730.4686542542186,1974.020741941058,0.0,MS-HIDE,196,case118
True,48,0.06,True,2,2,False,48,True,6.849609284529933e-10,0.0033363080181799953,0.3798469814601581,1788.6136061511934,1979.1673857136632,0.0,MS-HIDE,197,case118
True,35,0.06,True,1,1,False,35,True,0.0006067934363456239,0.0007379811820546308,0.4143451460769717,1736.2552125472575,1962.1265288238646,0.0,MS-HIDE,198,case118
True,58,0.06,True,1,1,False,58,True,7.132708835587698e-10,0.0004088677980487079,0.23759209155108138,1735.7015040470287,1922.4989437701881,0.0,MS-HIDE,199,case118
False,0,0.0,False,20,20,False,0,True,0.5461680930999778,0.37505865940272937,0.39264951758395733,1727.9469978937414,1901.1737827124307,0.0,MS-HIDE,200,case118
False,0,0.0,False,20,20,False,0,True,0.543287286785786,0.3874081322020604,0.35547776094910843,1723.509562559775,1935.6184214848327,0.0,MS-HIDE,201,case118
False,0,0.0,False,20,20,False,0,True,0.5234663124487966,0.3939514244808706,0.3748735585131036,1716.4969812438358,1910.2855229371926,0.0,MS-HIDE,202,case118
False,0,0.0,False,20,20,False,0,True,0.535969619550835,0.389229625177895,0.3762697050919362,1734.3017894454533,1925.4494729771977,0.0,MS-HIDE,203,case118
False,0,0.0,True,16,16,True,0,True,0.5257249106826218,0.3841750556352568,0.3992460583666139,1706.6997334448388,1918.2682982034748,0.0,MS-HIDE,204,case118
False,0,0.0,False,20,20,False,0,True,0.5564063552107459,0.363986594966972,0.3737592894167817,1714.7738166997442,1928.9805919805076,0.0,MS-HIDE,205,case118
False,0,0.0,False,20,20,False,0,True,0.532592607710095,0.38503449300804216,0.37019946634065504,1728.980531200068,1941.2827535474207,0.0,MS-HIDE,206,case118
False,0,0.0,False,20,20,False,0,True,0.5436435736140731,0.3516467221929823,0.3554205851898709,1727.6873771450482,1995.686022582231,0.0,MS-HIDE,207,case118
False,0,0.0,False,20,20,False,0,True,0.5212485719997986,0.39491623061662173,0.36919549963084547,1711.0330563504249,1948.7961937411455,0.0,MS-HIDE,208,case118
False,0,0.0,False,20,20,False,0,True,0.510201763693794,0.40045719802817176,0.37159403823923126,1736.0817165463232,1974.3942395900376,0.0,MS-HIDE,209,case118
False,0,0.0,False,20,20,False,0,True,0.5404598535040396,0.37965111929866124,0.38367214125642213,1683.441943701473,1895.3200895135524,0.0,MS-HIDE,210,case118
False,0,0.0,False,20,20,False,0,True,0.5182463345977926,0.38943792126406107,0.4060905163694729,1792.2389501036378,2201.1688122176565,0.0,MS-HIDE,211,case118
False,0,0.0,False,20,20,False,0,True,0.5376664892038094,0.38062077096703445,0.383896914196373,1913.0722417496145,2139.9576649127994,0.0,MS-HIDE,212,case118
False,0,0.0,False,20,20,False,0,True,0.5588212608431702,0.3691266536455274,0.35927078890141523,1700.6579374545254,1918.6071833100868,0.0,MS-HIDE,213,case118
False,0,0.0,False,20,20,False,0,True,0.5507506982246498,0.372664161814268,0.36503890808365813,1839.7999437060207,2177.311138072401,0.0,MS-HIDE,214,case118
False,0,0.0,False,20,20,False,0,True,0.5517397142096786,0.368490658580995,0.32592239860512145,1911.4834271080326,2226.884929172229,0.0,MS-HIDE,215,case118
False,0,0.0,False,20,20,False,0,True,0.5222970106465685,0.38775423680505033,0.379169503184143,1686.087087605847,1954.7595464682672,0.0,MS-HIDE,216,case118
False,0,0.0,False,20,20,False,0,True,0.566952638383238,0.3476765792461041,0.38382879267857584,1857.6654543023324,2248.9193208428337,0.0,MS-HIDE,217,case118
False,0,0.0,False,20,20,False,0,True,0.5492664424688033,0.37192307192428953,0.3733921113378513,1909.7623999114148,2171.086816699244,0.0,MS-HIDE,218,case118
False,0,0.0,False,20,20,False,0,True,0.5666863722131654,0.36127112911105463,0.3695692252797036,1685.2578521938995,1945.8291086542886,0.0,MS-HIDE,219,case118
False,0,0.0,False,20,20,False,0,True,0.5215160753160542,0.3922566098032446,0.3715068762486511,1851.393339401693,2276.1353395937476,0.0,MS-HIDE,220,case118
False,0,0.0,True,5,5,True,0,True,0.530032506233203,0.3883011855594957,0.36863202802327355,1884.485377202509,2195.080966394744,0.0,MS-HIDE,221,case118
False,0,0.0,False,20,20,False,0,True,0.5324189475248647,0.38686402217151145,0.3499753045740645,1733.7949249398662,1916.1526183888782,0.0,MS-HIDE,222,case118
False,0,0.0,False,20,20,False,0,True,0.542861776949769,0.3746783257818803,0.3626540754524223,1926.9074896088568,2262.0857514964887,0.0,MS-HIDE,223,case118
False,0,0.0,False,20,20,False,0,True,0.5348597027192414,0.3823838274299905,0.3723295047699424,1965.4378644947428,2191.543366658152,0.0,MS-HIDE,224,case118
False,0,0.0,False,20,20,False,0,True,0.5423568412296644,0.37866545685318537,0.35114010553286007,1733.6208875000011,1917.392902393476,0.0,MS-HIDE,225,case118
False,0,0.0,False,20,20,False,0,True,0.5651746457221322,0.3242918618605962,0.4021132541008551,1912.7557602041634,2176.987529138569,0.0,MS-HIDE,226,case118
False,0,0.0,False,20,20,False,0,True,0.5057188901086139,0.3985700961740918,0.36961487787160663,1919.3378314055735,2170.7187961874297,0.0,MS-HIDE,227,case118
False,0,0.0,False,20,20,False,0,True,0.5371105404922756,0.3840300547102174,0.35969067100108026,1759.0385814459296,1976.2164312851382,0.0,MS-HIDE,228,case118
False,0,0.0,False,20,20,False,0,True,0.5369270213624088,0.38687564457315987,0.36584941174130975,1934.222073041019,2206.690265185898,0.0,MS-HIDE,229,case118
False,0,0.0,False,20,20,False,0,True,0.5193055813556092,0.3912168198132273,0.3461743312127434,1925.0201583927264,2208.4950853983173,0.0,MS-HIDE,230,case118
False,0,0.0,False,20,20,False,0,True,0.5318009820004801,0.3907573128106677,0.36191575098216666,1729.8576687491732,1945.4890193504982,0.0,MS-HIDE,231,case118
False,0,0.0,False,20,20,False,0,True,0.5486321435125608,0.3596550039974765,0.35859014224235447,1951.9747624523006,2379.486919051851,0.0,MS-HIDE,232,case118
False,0,0.0,False,20,20,False,0,True,0.5372808438921952,0.38593976149849707,0.39456028887594496,1953.7246248597512,2231.9714794430183,0.0,MS-HIDE,233,case118
False,0,0.0,False,20,20,False,0,True,0.5015436528636265,0.3773283755258714,0.38969431314638087,1735.3815351554658,1940.429270491586,0.0,MS-HIDE,234,case118
False,0,0.0,False,20,20,False,0,True,0.5334593714759159,0.38271931368031087,0.362343714099707,1935.2567041409202,2188.2323143072426,0.0,MS-HIDE,235,case118
False,0,0.0,False,20,20,False,0,True,0.5267060182486344,0.3890006289400642,0.39722340127015787,1971.264368656557,2255.8230681926943,0.0,MS-HIDE,236,case118
False,0,0.0,True,7,7,True,0,True,0.5761902535003331,0.34817390220135896,0.34998051578497563,1733.960106302402,1935.8424666308565,0.0,MS-HIDE,237,case118
False,0,0.0,False,20,20,False,0,True,0.5254340014374642,0.3872229119246461,0.35415690936081773,1946.7180209612707,2204.201094066957,0.0,MS-HIDE,238,case118
False,0,0.0,False,20,20,False,0,True,0.50841100788436,0.2709249018122531,0.3880148015891249,1943.9123104471946,2200.438217024203,0.0,MS-HIDE,239,case118
False,0,0.0,False,20,20,False,0,True,0.5255394633451171,0.3825381155189265,0.39556150747711627,1110.9149271564092,2040.1965586439474,0.0,MS-HIDE,240,case118
False,0,0.0,False,20,20,False,0,True,0.522522581693045,0.38991381404053427,0.38144365564360455,623.4863020479679,679.663497619913,0.0,MS-HIDE,241,case118
False,0,0.0,False,20,20,False,0,True,0.532579243365557,0.389757024938893,0.3548003121410746,608.6242790537653,673.3005666144891,0.0,MS-HIDE,242,case118
False,0,0.0,False,20,20,False,0,True,0.5767440015916684,0.32799897699953007,0.35769543169046863,1018.4020146989496,1989.7829916531919,0.0,MS-HIDE,243,case118
False,0,0.0,False,20,20,False,0,True,0.5543694055875386,0.2939870493782518,0.3652606598450947,617.3392395954579,676.4942667010473,0.0,MS-HIDE,244,case118
False,0,0.0,False,20,20,False,0,True,0.5345082370838996,0.38194402599424215,0.37480541070062984,604.1028312523849,670.3025223047007,0.0,MS-HIDE,245,case118
False,0,0.0,False,20,20,False,0,True,0.5559583137662137,0.3454957435288512,0.38095382405072076,978.7307145918021,2046.8674458359603,0.0,MS-HIDE,246,case118
False,0,0.0,False,20,20,False,0,True,0.5276325696318983,0.3870542500467103,0.3905900299036009,613.1711290974636,672.8819829731947,0.0,MS-HIDE,247,case118
False,0,0.0,False,20,20,False,0,True,0.5494573580025447,0.37919454393025687,0.390237897505607,599.2764333001105,665.4991401708685,0.0,MS-HIDE,248,case118
False,0,0.0,False,20,20,False,0,True,0.5432930386960609,0.3652108228555335,0.39908245343619947,845.9381169028347,1217.5654941151156,0.0,MS-HIDE,249,case118
True,54,-0.06,False,20,20,False,0,False,0.5886019350029345,0.3898804489738148,0.604167397280081,4.890241791144945,6.297652388457209,0.0,RHMTD,0,case118
True,102,-0.06,True,1,1,False,102,True,6.849607888223399e-10,0.011124772669987867,0.604167397280081,9.964231244521216,15.675066344556399,0.0,RHMTD,1,case118
True,110,-0.06,False,20,20,False,0,False,0.5909013229923585,0.38331931715778356,0.604167397280081,10.9636084001977,16.803687484934926,0.0,RHMTD,2,case118
True,76,0.06,False,20,20,False,76,True,6.849608353658907e-10,0.015277026142218516,0.604167397280081,4.764602103387006,5.734824723913335,0.0,RHMTD,3,case118
True,96,0.06,True,1,1,False,96,True,6.849607888223398e-10,0.00046225580868659573,0.604167397280081,10.284495848463848,16.502360385493375,0.0,RHMTD,4,case118
True,35,0.06,True,1,1,False,35,True,0.0013178730953501484,0.0010022374044046662,0.604167397280081,9.23050620185677,16.414107705350037,0.0,RHMTD,5,case118
True,49,0.06,True,1,1,False,49,True,6.849609284529935e-10,0.006068509846510265,0.604167397280081,5.200666640303098,6.577074987581,0.0,RHMTD,6,case118
True,5,0.06,True,11,11,False,5,True,7.743684246981125e-10,0.014928691404265853,0.604167397280081,10.156433441443369,20.244478521635756,0.0,RHMTD,7,case118
True,16,-0.06,False,20,20,False,16,True,1.5588387949431748e-09,0.045239850222071464,0.604167397280081,7.926068810047583,12.200515167205594,0.0,RHMTD,8,case118
True,45,0.06,True,6,6,False,45,True,0.14669805526418883,0.010463355622355229,0.604167397280081,4.898312551085837,6.073525015381166,0.0,RHMTD,9,case118
True,60,-0.06,True,1,1,False,60,True,6.849608819094421e-10,0.0005644218485086314,0.604167397280081,9.208937641233206,18.811256616027098,0.0,RHMTD,10,case118
True,57,-0.06,False,20,20,False,57,True,0.1431541937571916,0.024259858564964997,0.604167397280081,10.533087502699345,18.628472919226628,0.0,RHMTD,11,case118
True,16,0.06,False,20,20,False,16,True,6.414973415044526e-09,0.04523985040613044,0.604167397280081,4.90669795544818,5.982592320651747,0.0,RHMTD,12,case118
True,57,-0.06,False,20,20,False,57,True,0.11820573531463893,0.027793996981928307,0.604167397280081,8.1198540632613,12.46678575698752,0.0,RHMTD,13,case118
True,46,0.06,False,20,20,False,0,False,0.6002390838490519,0.3777259595105578,0.604167397280081,8.2375769095961,14.696385097340682,0.0,RHMTD,14,case118
True,54,0.06,False,20,20,False,0,False,0.5848607925487307,0.38774988305603353,0.604167397280081,4.867056300281547,6.169102084822953,0.0,RHMTD,15,case118
True,83,-0.06,True,1,1,False,83,True,6.849608353658928e-10,0.007801875792794938,0.604167397280081,8.944785495987162,14.040777145419272,0.0,RHMTD,16,case118
True,1,-0.06,True,1,1,False,1,True,0.0002836135484740314,0.0006548758549173438,0.604167397280081,7.991331347147934,11.674725342891179,0.0,RHMTD,17,case118
True,76,-0.06,True,6,6,False,76,True,6.849608586376855e-10,0.015277026142218512,0.604167397280081,4.8261460033245385,5.943100020522252,0.0,RHMTD,18,case118
True,86,-0.06,False,20,20,False,0,False,0.577927717719436,0.36433003025722427,0.604167397280081,8.330371047486551,12.600525669404316,0.0,RHMTD,19,case118
True,66,0.06,False,20,20,False,66,True,0.001376069049336798,0.06695975180901267,0.604167397280081,9.793802097556181,14.833410779829148,0.0,RHMTD,20,case118
True,40,0.06,True,4,4,False,40,True,9.460826531107282e-06,0.013885514848868626,0.604167397280081,5.117033241549507,6.951672592549586,0.0,RHMTD,21,case118
True,95,0.06,True,1,1,False,95,True,6.849608353658907e-10,0.00042267361959547506,0.604167397280081,8.796979254111648,14.921719089034015,0.0,RHMTD,22,case118
True,88,0.06,False,20,20,False,88,True,0.00019092419344492436,0.04173929291482968,0.604167397280081,9.48807290114928,16.793220496037975,0.0,RHMTD,23,case118
True,117,-0.06,False,20,20,False,0,False,0.608245635891058,0.3707028414896739,0.604167397280081,5.005866955616511,5.899506603600457,0.0,RHMTD,24,case118
True,109,0.06,True,4,4,False,108,False,0.20066224243722314,0.02165342386527471,0.604167397280081,10.418829004629515,18.753677379572764,0.0,RHMTD,25,case118
True,100,0.06,True,1,1,False,101,False,0.11809827283403102,0.00434183119908779,0.604167397280081,10.269570804666728,16.27373297815212,0.0,RHMTD,26,case118
True,50,-0.06,True,19,19,False,50,True,0.07603447344877448,0.015219435058575431,0.604167397280081,4.860325052868575,5.898161063669249,0.0,RHMTD,27,case118
True,41,0.06,False,20,20,False,0,False,0.5754303359205954,0.4037657402397243,0.604167397280081,7.7755936537869275,11.946752129006201,0.0,RHMTD,28,case118
True,70,-0.06,False,20,20,False,0,False,0.5902404403667518,0.37756528819895085,0.604167397280081,7.856906301458365,10.714956585434265,0.0,RHMTD,29,case118
True,22,-0.06,True,0,0,False,0,False,0.576216131872905,0.39932416900598466,0.604167397280081,10.265814600279555,17.856670485343788,0.0,RHMTD,30,case118
True,78,0.06,True,1,1,False,77,False,0.14529302150128384,0.0013941036680099877,0.604167397280081,10.2632604946848,16.982429800555117,0.0,RHMTD,31,case118
True,66,0.06,False,20,20,False,66,True,0.010572322558778918,0.06828833399143619,0.604167397280081,9.253033404820599,13.63294822513126,0.0,RHMTD,32,case118
True,30,-0.06,False,20,20,False,30,True,0.014750450057891088,0.052379257880381426,0.604167397280081,8.833318908000365,14.431942268856801,0.0,RHMTD,33,case118
True,76,0.06,True,15,15,False,76,True,6.849608586383299e-10,0.015277026142218512,0.604167397280081,9.416347846854478,15.89101247373037,0.0,RHMTD,34,case118
True,53,0.06,True,1,1,False,53,True,0.01652943316662417,0.005639515377316988,0.604167397280081,11.390787494019605,16.990112478379164,0.0,RHMTD,35,case118
True,59,0.06,True,13,13,False,59,True,2.2174302113873694e-09,0.02184295719439108,0.604167397280081,9.5182542107068,14.41462859220338,0.0,RHMTD,36,case118
True,6,0.06,False,20,20,False,6,True,0.07500592165202462,0.07460328880080888,0.604167397280081,9.280268801376224,20.046069083036855,0.0,RHMTD,37,case118
True,13,0.06,True,16,16,False,13,True,6.940948434848115e-10,0.025333784239766892,0.604167397280081,9.091176954098046,13.692360103596009,0.0,RHMTD,38,case118
True,107,-0.06,True,2,2,False,107,True,0.11837344416646906,0.0108807940991513,0.604167397280081,9.701412450522184,15.992571139941,0.0,RHMTD,39,case118
True,35,0.06,True,1,1,False,35,True,0.000605755665997502,0.0010025653673537357,0.604167397280081,8.97749790456146,13.862750021507964,0.0,RHMTD,40,case118
True,102,-0.06,True,3,3,False,102,True,6.849607888223398e-10,0.011124772669987867,0.604167397280081,11.522706155665219,17.821572889806717,0.0,RHMTD,41,case118
True,40,-0.06,False,20,20,False,40,True,8.063678188560249e-10,0.013885520274560763,0.604167397280081,9.523847949458286,17.178675567265607,0.0,RHMTD,42,case118
True,63,0.06,False,20,20,False,63,True,0.028877295434831644,0.13105613165411467,0.604167397280081,9.307441703276709,14.945397907285953,0.0,RHMTD,43,case118
True,113,0.06,True,1,1,False,113,True,6.849607422787886e-10,0.0005464039728966569,0.604167397280081,11.305935351992957,16.755579429445838,0.0,RHMTD,44,case118
True,3,0.06,True,1,1,False,3,True,6.849610215400958e-10,0.00250419179798526,0.604167397280081,8.584373057237826,12.926572901778856,0.0,RHMTD,45,case118
True,70,-0.06,False,20,20,False,0,False,0.6069279735453723,0.29469989287202697,0.604167397280081,9.294331248383969,14.292585093062373,0.0,RHMTD,46,case118
True,28,-0.06,True,8,8,False,28,True,6.849609749965656e-10,0.014534341185058851,0.604167397280081,8.009543744265102,11.71121102233883,0.0,RHMTD,47,case118
True,2,0.06,True,1,1,False,1,False,0.0010608147123040328,0.0006546648734937169,0.604167397280081,9.112398006254807,16.77092677273322,0.0,RHMTD,48,case118
True,71,-0.06,False,20,20,False,0,False,0.5726094028803745,0.4020529262132251,0.604167397280081,7.7602500503417104,10.381504200631756,0.0,RHMTD,49,case118
True,83,-0.06,True,3,3,False,83,True,6.849608120941463e-10,0.00780187579279494,0.604167397280081,8.59192515781615,13.02903510804755,0.0,RHMTD,50,case118
True,55,-0.06,False,20,20,False,0,False,0.6024433698832641,0.3874802625424829,0.604167397280081,10.119866795139387,14.415566326351852,0.0,RHMTD,51,case118
True,92,-0.06,False,20,20,False,92,True,6.84960835365894e-10,0.02386319563717751,0.604167397280081,8.91772274626419,15.79156459483785,0.0,RHMTD,52,case118
True,2,0.06,True,1,1,False,1,False,0.0008981987370650876,0.0006547117992288042,0.604167397280081,9.074662454077043,16.115874660317786,0.0,RHMTD,53,case118
True,41,-0.06,False,20,20,False,0,False,0.5677287021990546,0.3358627978714329,0.604167397280081,8.228756248718128,11.982330621685835,0.0,RHMTD,54,case118
True,85,-0.06,False,20,20,False,0,False,0.5932371371440782,0.3903967909305511,0.604167397280081,12.382572947535664,18.165598181076405,0.0,RHMTD,55,case118
True,53,0.06,True,1,1,False,53,True,0.044405632226982884,0.005495116900655303,0.604167397280081,8.34356885170564,14.39994558459148,0.0,RHMTD,56,case118
True,68,0.06,True,3,3,False,68,True,6.849608819094421e-10,0.008537973639786953,0.604167397280081,8.695543749490753,13.668247885652818,0.0,RHMTD,57,case118
True,86,-0.06,False,20,20,False,0,False,0.5868799934662794,0.3915447104493046,0.604167397280081,8.221174901700579,12.330802052747462,0.0,RHMTD,58,case118
True,43,0.06,True,1,1,False,43,True,0.07216747232665605,0.0037776436385105836,0.604167397280081,7.230741548119113,10.732918759458698,0.0,RHMTD,59,case118
True,74,-0.06,True,1,1,False,69,False,0.14528320140149203,0.004100649151814162,0.604167397280081,9.44832694658544,14.94694967113901,0.0,RHMTD,60,case118
True,95,0.06,True,1,1,False,95,True,6.849608353658907e-10,0.00042267361959547506,0.604167397280081,10.844933244516142,17.320328822825108,0.0,RHMTD,61,case118
True,116,0.06,False,20,20,False,0,False,0.5636697076119531,0.4067796892081576,0.604167397280081,10.594570895773359,16.440089233219627,0.0,RHMTD,62,case118
True,16,-0.06,True,2,2,False,16,True,4.2925136399756226e-08,0.04523985163849722,0.604167397280081,10.734333196887746,22.653271190938547,0.0,RHMTD,63,case118
True,3,0.06,True,1,1,False,3,True,6.849610215400958e-10,0.00250419179798526,0.604167397280081,12.758091549039818,21.73348690557762,0.0,RHMTD,64,case118
True,89,0.06,False,20,20,False,89,True,0.03521011619727995,0.0579536341298107,0.604167397280081,9.240612355642952,15.11041903286241,0.0,RHMTD,65,case118
True,23,0.06,False,20,20,False,23,True,0.41785190069370354,0.25806606480322747,0.604167397280081,9.37998119625263,19.045468393596824,0.0,RHMTD,66,case118
True,14,0.06,True,1,1,False,14,True,6.849610215400958e-10,0.0006242455600070697,0.604167397280081,9.650435458752327,16.715420549735434,0.0,RHMTD,67,case118
True,14,-0.06,True,1,1,False,14,True,6.849610215400958e-10,0.0006242455600070697,0.604167397280081,11.422973041771911,19.49389202636668,0.0,RHMTD,68,case118
True,106,-0.06,False,20,20,False,0,False,0.6002488313187911,0.380418551150875,0.604167397280081,10.15406240185257,21.034326707012955,0.0,RHMTD,69,case118
True,25,-0.06,False,20,20,False,0,False,0.5871737622006838,0.3752373019904989,0.604167397280081,8.468797948444262,14.679397613508629,0.0,RHMTD,70,case118
True,35,-0.06,True,1,1,False,35,True,0.0001464366486756992,0.0010027511391854167,0.604167397280081,9.422235455713235,24.317672921461057,0.0,RHMTD,71,case118
True,72,0.06,False,20,20,False,0,False,0.5784478541380565,0.3738199223730584,0.604167397280081,8.815135451732203,12.918454140890391,0.0,RHMTD,72,case118
True,77,0.06,True,1,1,False,77,True,0.14529302150128384,0.0013941036680099877,0.604167397280081,11.319556343369186,18.259735373430907,0.0,RHMTD,73,case118
True,22,0.06,False,20,20,False,0,False,0.6144863627869978,0.366661989675298,0.604167397280081,8.221760351443663,15.604885152424687,0.0,RHMTD,74,case118
True,90,-0.06,True,1,1,False,90,True,7.366288940281991e-10,0.0031726872315632846,0.604167397280081,9.142414695816115,12.776020547607915,0.0,RHMTD,75,case118
True,82,0.06,False,20,20,False,82,True,6.849608353660199e-10,0.018652060396196334,0.604167397280081,7.406550052110106,10.353626424330288,0.0,RHMTD,76,case118
True,85,-0.06,True,8,8,False,0,False,0.6275614647128672,0.3669161913818932,0.604167397280081,8.708835602737963,13.642572888056753,0.0,RHMTD,77,case118
True,23,-0.06,True,14,14,False,0,False,0.6103875317673149,0.37450157658618677,0.604167397280081,9.10357910033781,14.298630625125954,0.0,RHMTD,78,case118
True,49,0.06,True,1,1,False,49,True,6.849609284529933e-10,0.006068509846510265,0.604167397280081,8.431368597666733,11.968949664151298,0.0,RHMTD,79,case118
True,55,-0.06,False,20,20,False,0,False,0.596135967885689,0.3832982157673972,0.604167397280081,10.525897800107487,14.745376713108291,0.0,RHMTD,80,case118
True,76,0.06,True,7,7,False,76,True,6.849608353659031e-10,0.015277026142218516,0.604167397280081,8.762297849170864,11.776153810205873,0.0,RHMTD,81,case118
True,53,-0.06,True,1,1,False,53,True,0.10736541392019745,0.0049299492348605515,0.604167397280081,10.401979202288203,21.218843350652612,0.0,RHMTD,82,case118
True,41,-0.06,False,20,20,False,0,False,0.5907370424144038,0.3735628348574062,0.604167397280081,8.88223334623035,15.685518708778545,0.0,RHMTD,83,case118
True,112,0.06,True,7,7,False,112,True,6.574013740901063e-06,0.026215916960499342,0.604167397280081,8.572433408698998,14.408696169266479,0.0,RHMTD,84,case118
True,64,0.06,True,1,1,False,64,True,6.849608819094421e-10,0.003708846448534663,0.604167397280081,9.025047995964997,13.705208036117257,0.0,RHMTD,85,case118
True,58,0.06,True,1,1,False,56,False,0.14008851311728743,0.006701976854304953,0.604167397280081,7.867510293726809,11.899272340815516,0.0,RHMTD,86,case118
True,54,-0.06,False,20,20,False,0,False,0.5815851274806423,0.3815707414593093,0.604167397280081,9.120300042559393,14.116681233281273,0.0,RHMTD,87,case118
True,34,-0.06,True,1,1,False,34,True,6.849609284529933e-10,0.00025593504218560364,0.604167397280081,7.495668699266389,11.339312518248336,0.0,RHMTD,88,case118
True,114,-0.06,False,20,20,False,0,False,0.5886469079850648,0.32758179294885453,0.604167397280081,8.837079253862612,17.498568771407022,0.0,RHMTD,89,case118
True,23,0.06,False,20,20,False,0,False,0.6160349412143497,0.32237812846514285,0.604167397280081,10.070304098189808,16.066809749463573,0.0,RHMTD,90,case118
True,99,-0.06,True,1,1,False,99,True,6.849607888223398e-10,0.0017122251593082438,0.604167397280081,10.900216855225153,16.09080414636992,0.0,RHMTD,91,case118
True,104,-0.06,True,1,1,False,104,True,6.849607888223809e-10,0.006912175777427499,0.604167397280081,9.98029794136528,16.70727498130873,0.0,RHMTD,92,case118
True,110,-0.06,False,20,20,False,0,False,0.5745492433894674,0.39943880651940616,0.604167397280081,9.501552148140036,14.508218763512561,0.0,RHMTD,93,case118
True,90,0.06,True,1,1,False,90,True,7.003886260417197e-10,0.0031726872311793847,0.604167397280081,9.623745933640748,16.272075386950746,0.0,RHMTD,94,case118
True,84,-0.06,True,1,1,False,84,True,6.849608353658997e-10,0.006112200474047407,0.604167397280081,8.932489610742778,15.35633682506159,0.0,RHMTD,95,case118
True,21,-0.06,False,20,20,False,20,False,0.14529302207481232,0.04121520709556017,0.604167397280081,9.964762395247817,14.305108319967985,0.0,RHMTD,96,case118
True,28,0.06,False,20,20,False,28,True,6.849609517266462e-10,0.014534341185058853,0.604167397280081,9.543243749067187,15.350119030335922,0.0,RHMTD,97,case118
True,110,-0.06,False,20,20,False,0,False,0.584620746290382,0.39374647671897,0.604167397280081,9.942641694215126,15.940726810367778,0.0,RHMTD,98,case118
True,102,-0.06,True,9,9,False,102,True,6.849607888223483e-10,0.011124772669987867,0.604167397280081,10.463908297242597,19.870518427342184,0.0,RHMTD,99,case118
True,116,0.06,True,12,12,False,0,False,0.6032916057493807,0.3508095249579985,0.604167397280081,9.519610341521911,15.743608342017978,0.0,RHMTD,100,case118
True,35,-0.06,True,1,1,False,35,True,0.0003310521968320707,0.0010026799538530213,0.604167397280081,11.70193740108516,18.293773519690152,0.0,RHMTD,101,case118
True,25,0.06,False,20,20,False,0,False,0.5953167441272784,0.3697311688651836,0.604167397280081,9.17471474967897,15.592906897654759,0.0,RHMTD,102,case118
True,100,-0.06,True,1,1,False,101,False,0.10822796737092102,0.004440810985410624,0.604167397280081,10.85218139924109,22.422197926789543,0.0,RHMTD,103,case118
True,64,0.06,True,1,1,False,64,True,6.849608819094421e-10,0.003708846448534663,0.604167397280081,9.734729348565452,15.284079528646545,0.0,RHMTD,104,case118
True,64,0.06,True,1,1,False,64,True,6.849608819094421e-10,0.003708846448534663,0.604167397280081,9.634372999425977,14.446953532751651,0.0,RHMTD,105,case118
True,86,-0.06,False,20,20,False,0,False,0.5993627483143542,0.3856526180245991,0.604167397280081,11.60454590281006,42.87266044411809,0.0,RHMTD,106,case118
True,32,-0.06,True,1,1,False,32,True,6.849609284529933e-10,0.0002713601808838046,0.604167397280081,9.531989600509405,13.808302133111294,0.0,RHMTD,107,case118
True,41,0.06,False,20,20,False,0,False,0.6096045330030647,0.35759489778061343,0.604167397280081,9.404491606983356,15.196918771835065,0.0,RHMTD,108,case118
True,104,0.06,True,2,2,False,104,True,6.849607888226006e-10,0.006912175777427499,0.604167397280081,9.846931195352226,17.229974697693255,0.0,RHMTD,109,case118
True,36,0.06,True,1,1,False,35,False,0.003201286764630175,0.0010012387926635615,0.604167397280081,9.211031248560175,13.705879138433383,0.0,RHMTD,110,case118
True,86,0.06,False,20,20,False,0,False,0.5874713800835963,0.3937786871882659,0.604167397280081,11.435739655280486,15.896933662588722,0.0,RHMTD,111,case118
True,31,0.06,False,20,20,False,31,True,0.16930947483160946,0.06549794065884038,0.604167397280081,9.805145795689896,18.122491965186796,0.0,RHMTD,112,case118
True,24,-0.06,False,20,20,False,64,False,0.5649121448156078,0.23972518761839032,0.604167397280081,8.776937393122353,13.073433988029143,0.0,RHMTD,113,case118
True,68,-0.06,True,2,2,False,68,True,6.849608819094421e-10,0.008537973639786953,0.604167397280081,7.500583239016123,10.090915238833986,0.0,RHMTD,114,case118
True,16,0.06,False,20,20,False,16,True,1.284052397577138e-06,0.04523994289059855,0.604167397280081,8.614360392675735,14.356504142051566,0.0,RHMTD,115,case118
True,33,-0.06,True,1,1,False,33,True,6.849609284529933e-10,0.0030650145042062254,0.604167397280081,8.443410554900765,13.241471166838892,0.0,RHMTD,116,case118
True,97,-0.06,True,1,1,False,97,True,6.849607888223398e-10,0.0035713715614033525,0.604167397280081,9.187922949786298,16.322121149278246,0.0,RHMTD,117,case118
True,16,-0.06,False,20,20,False,16,True,6.849609749979415e-10,0.045239850207923614,0.604167397280081,7.52402295183856,13.294442265760155,0.0,RHMTD,118,case118
True,42,0.06,False,20,20,False,42,True,0.5550703569173071,0.2896143811953305,0.604167397280081,7.889874849934132,12.326266666059382,0.0,RHMTD,119,case118
True,109,-0.06,False,20,20,False,109,True,0.2175656981234422,0.021132351833530374,0.604167397280081,9.82268350198865,14.536056251381526,0.0,RHMTD,120,case118
True,17,-0.06,True,5,5,False,17,True,7.293142811867459e-10,0.016608698129136144,0.604167397280081,10.83589369081892,18.51939759217203,0.0,RHMTD,121,case118
True,42,0.06,False,20,20,False,57,False,0.5423282942766341,0.15945314066594235,0.604167397280081,12.378666651784442,23.344910427113067,0.0,RHMTD,122,case118
True,90,0.06,True,1,1,False,90,True,6.849608353663952e-10,0.003172687231022425,0.604167397280081,9.46862704877276,13.921171161928218,0.0,RHMTD,123,case118
True,37,-0.06,True,1,1,False,37,True,6.593217674652233e-07,0.0010029428658997557,0.604167397280081,9.945558497565798,16.43902504001744,0.0,RHMTD,124,case118
True,79,-0.06,True,1,1,False,79,True,6.849608353658907e-10,0.00490828208913451,0.604167397280081,9.12340006325394,17.030629518558282,0.0,RHMTD,125,case118
True,98,-0.06,True,1,1,False,98,True,6.849607888223398e-10,0.005468534683826197,0.604167397280081,9.1188833641354,14.476692286552863,0.0,RHMTD,126,case118
True,105,-0.06,False,20,20,False,0,False,0.5938304478329155,0.3736305751796137,0.604167397280081,8.250812446931377,15.484284807462247,0.0,RHMTD,127,case118
True,48,0.06,True,1,1,False,48,True,6.849609284529955e-10,0.011687300419519205,0.604167397280081,10.816610345500521,22.816694006905898,0.0,RHMTD,128,case118
True,83,0.06,True,2,2,False,83,True,6.849608353658907e-10,0.007801875792794938,0.604167397280081,9.635954149416648,15.94620564719662,0.0,RHMTD,129,case118
True,41,-0.06,False,20,20,False,0,False,0.5915124223281324,0.3786186672657933,0.604167397280081,9.376631153281778,13.282097628689373,0.0,RHMTD,130,case118
True,106,-0.06,False,20,20,False,0,False,0.5874161563259783,0.39030328729966973,0.604167397280081,9.67183323809877,16.10938124358655,0.0,RHMTD,131,case118
True,54,0.06,False,20,20,False,0,False,0.5961875422510724,0.3754999537340379,0.604167397280081,9.136302093975246,14.290006237570196,0.0,RHMTD,132,case118
True,89,-0.06,False,20,20,False,89,True,0.008384236271318115,0.06002509020218373,0.604167397280081,12.362716504139826,21.1793520487845,0.0,RHMTD,133,case118
True,113,-0.06,True,1,1,False,113,True,6.849607422787886e-10,0.0005464039728966569,0.604167397280081,10.09443330403883,17.724664599518306,0.0,RHMTD,134,case118
True,66,0.06,False,20,20,False,66,True,0.005171972475730268,0.06750138207206866,0.604167397280081,9.836035352782346,15.840381584712313,0.0,RHMTD,135,case118
True,97,0.06,True,1,1,False,97,True,6.849607888223398e-10,0.0035713715614033525,0.604167397280081,9.281689548515715,14.037675585132094,0.0,RHMTD,136,case118
True,106,0.06,False,20,20,False,0,False,0.6469164538279498,0.30973528964774866,0.604167397280081,9.047058344003744,14.769088127650322,0.0,RHMTD,137,case118
True,110,0.06,False,20,20,False,0,False,0.5814668424119037,0.3989029041969976,0.604167397280081,10.100464351125993,16.880241685430526,0.0,RHMTD,138,case118
True,113,0.06,True,1,1,False,113,True,6.849607422787886e-10,0.0005464039728966569,0.604167397280081,8.996297948760912,14.737245489959605,0.0,RHMTD,139,case118
True,42,0.06,False,20,20,False,0,False,0.5701098776748603,0.39513300222759695,0.604167397280081,9.049987609614618,15.129785434692174,0.0,RHMTD,140,case118
True,109,0.06,False,20,20,False,109,True,0.23264357346817668,0.020775018899129315,0.604167397280081,7.90941049635876,10.76824854244478,0.0,RHMTD,141,case118
True,21,0.06,False,20,20,False,20,False,0.14529302178422906,0.04121520702650954,0.604167397280081,11.973266690620221,22.782372959773088,0.0,RHMTD,142,case118
True,25,-0.06,False,20,20,False,0,False,0.5992136959336599,0.3803145460393749,0.604167397280081,9.98504379822407,20.72270445642063,0.0,RHMTD,143,case118
True,21,0.06,False,20,20,False,21,True,0.14529302349829942,0.04121520730071448,0.604167397280081,7.572237597196363,12.253571156179534,0.0,RHMTD,144,case118
True,23,-0.06,False,20,20,False,0,False,0.5921817193430922,0.38369324309482117,0.604167397280081,9.402816701913252,18.10393717023544,0.0,RHMTD,145,case118
True,52,-0.06,True,1,1,False,52,True,0.12932144161441422,0.003154722763317538,0.604167397280081,10.698487694025971,17.01540591311642,0.0,RHMTD,146,case118
True,75,0.06,False,20,20,False,0,False,0.6100183714262785,0.3836651389951483,0.604167397280081,8.184156261268072,12.060014900634998,0.0,RHMTD,147,case118
True,91,-0.06,True,1,1,False,91,True,6.849608353658907e-10,0.0023046681024540476,0.604167397280081,10.069122901768424,16.91780447436033,0.0,RHMTD,148,case118
True,49,0.06,True,1,1,False,49,True,6.849609284529933e-10,0.006068509846510265,0.604167397280081,9.160233251168393,18.714333316893317,0.0,RHMTD,149,case118
True,7,0.06,True,1,1,False,7,True,6.864520739322257e-10,0.0009800438249217942,0.604167397280081,7.120522699551657,11.590800294652581,0.0,RHMTD,150,case118
True,86,0.06,False,20,20,False,0,False,0.5897027070813318,0.39197775395405643,0.604167397280081,10.869445904972963,20.628714933991436,0.0,RHMTD,151,case118
True,48,0.06,True,19,19,False,48,True,6.849609284529935e-10,0.011687300419519205,0.604167397280081,8.720766747137532,15.050149970920758,0.0,RHMTD,152,case118
True,94,0.06,True,1,1,False,94,True,6.849608353658907e-10,0.0006799536216339474,0.604167397280081,10.399533310555853,15.555052101262845,0.0,RHMTD,153,case118
True,50,-0.06,True,16,16,False,50,True,0.08283870323556325,0.015553959270406923,0.604167397280081,8.784472840488888,14.395739239989782,0.0,RHMTD,154,case118
True,46,-0.06,False,20,20,False,0,False,0.6040977171287891,0.3441131631514979,0.604167397280081,9.527666756184772,16.063590263365768,0.0,RHMTD,155,case118
True,47,0.06,True,1,1,False,47,True,6.849609284529933e-10,0.004519588617748439,0.604167397280081,8.835400000680238,14.763055570074359,0.0,RHMTD,156,case118
True,112,0.06,False,20,20,False,112,True,0.010605593687928254,0.026794052480547146,0.604167397280081,15.776785399066284,57.94146185799038,0.0,RHMTD,157,case118
True,68,-0.06,True,1,1,False,68,True,6.849608819094427e-10,0.008537973639786953,0.604167397280081,11.143550049746409,19.442958661238695,0.0,RHMTD,158,case118
True,81,-0.06,False,20,20,False,81,True,0.14081921460318614,0.03597713056003397,0.604167397280081,9.098220898886211,19.09733748761937,0.0,RHMTD,159,case118
True,26,0.06,False,20,20,False,0,False,0.642741615209999,0.349235530007192,0.604167397280081,10.30373749381397,18.164397971122536,0.0,RHMTD,160,case118
True,78,0.06,True,1,1,False,77,False,0.14529302150128384,0.0013941036680099877,0.604167397280081,7.275212355307303,11.767951824003832,0.0,RHMTD,161,case118
True,73,0.06,False,20,20,False,0,False,0.6325139642318138,0.32837005151931214,0.604167397280081,11.266452196286991,18.24037950136701,0.0,RHMTD,162,case118
True,53,-0.06,True,1,1,False,53,True,0.09587630631295747,0.005068337920354934,0.604167397280081,10.511974946712144,16.769491654122252,0.0,RHMTD,163,case118
True,2,0.06,True,1,1,False,1,False,0.0011293112959522354,0.0006546447665155303,0.604167397280081,11.427497892873362,19.308918758179075,0.0,RHMTD,164,case118
True,102,-0.06,True,1,1,False,102,True,6.849607888223491e-10,0.011124772669987867,0.604167397280081,9.351129143033177,15.53959787124768,0.0,RHMTD,165,case118
True,84,0.06,True,1,1,False,84,True,6.849608353659016e-10,0.006112200474047407,0.604167397280081,9.764393753721379,14.202324685174974,0.0,RHMTD,166,case118
True,83,0.06,True,2,2,False,83,True,6.849608353658912e-10,0.007801875792794938,0.604167397280081,10.210183402523398,17.451922904001567,0.0,RHMTD,167,case118
True,57,0.06,False,20,20,False,57,True,0.1452216385549242,0.023098248938090506,0.604167397280081,8.274599994183518,13.227033038856463,0.0,RHMTD,168,case118
True,80,0.06,True,2,2,False,80,True,6.849608353658907e-10,0.008814500092782548,0.604167397280081,9.105068803182803,16.647756242309697,0.0,RHMTD,169,case118
True,56,0.06,True,1,1,False,56,True,0.08263221945196339,0.007741621062073857,0.604167397280081,9.986437455518171,18.11056395235939,0.0,RHMTD,170,case118
True,63,-0.06,False,20,20,False,63,True,0.08089537122887208,0.13664439581370097,0.604167397280081,9.35750630160328,14.022408350137995,0.0,RHMTD,171,case118
True,65,-0.06,True,1,1,False,65,True,6.849608819094421e-10,0.00789541270011139,0.604167397280081,8.938854103325866,15.215881232870744,0.0,RHMTD,172,case118
True,55,0.06,False,20,20,False,0,False,0.5961314406240924,0.3772376274716894,0.604167397280081,13.13459170050919,55.029257980640985,0.0,RHMTD,173,case118
True,107,0.06,True,1,1,False,107,True,0.11015070596275041,0.010635773268772674,0.604167397280081,8.530164757394232,14.244346180930734,0.0,RHMTD,174,case118
True,57,0.06,False,20,20,False,57,True,0.1305032291572623,0.026538462969810293,0.604167397280081,8.863662453950383,13.164085740572775,0.0,RHMTD,175,case118
True,68,-0.06,True,2,2,False,68,True,6.849608819094426e-10,0.008537973639786953,0.604167397280081,9.377318751649,17.86569193645847,0.0,RHMTD,176,case118
True,41,-0.06,False,20,20,False,0,False,0.5577845484985743,0.35437155995808306,0.6010339972033738,11.41653735539876,19.06309519545179,0.0,RHMTD,177,case118
True,9,0.06,True,15,15,False,0,False,0.6046198076499603,0.37761064570952596,0.604167397280081,9.3745625927113,16.22091280878522,0.0,RHMTD,178,case118
True,78,0.06,True,1,1,False,78,True,0.14529302150128384,0.0013941036680099877,0.604167397280081,9.485108347143978,19.394579445361163,0.0,RHMTD,179,case118
True,109,-0.06,False,20,20,False,109,True,0.21856414367095925,0.02078914237680762,0.604167397280081,9.978137354482897,15.266745511326008,0.0,RHMTD,180,case118
True,99,0.06,True,1,1,False,99,True,6.849607888223398e-10,0.0017122251593082438,0.604167397280081,8.97460209671408,14.792261886759663,0.0,RHMTD,181,case118
True,66,-0.06,False,20,20,False,66,True,0.07476253808139234,0.08265949216094526,0.604167397280081,10.11054584523663,16.473731279256754,0.0,RHMTD,182,case118
True,100,0.06,True,1,1,False,101,False,0.1313776746936656,0.004167866187950392,0.604167397280081,11.447837293962948,19.056802080012872,0.0,RHMTD,183,case118
True,101,0.06,True,1,1,False,101,True,0.0810259768932929,0.004647181833537601,0.604167397280081,11.202406155643985,19.71184579597321,0.0,RHMTD,184,case118
True,9,0.06,False,20,20,False,0,False,0.5911705113792112,0.3921311070978102,0.604167397280081,11.459766596090049,19.089863926637925,0.0,RHMTD,185,case118
True,84,0.06,True,1,1,False,84,True,6.849608353658925e-10,0.006112200474047407,0.604167397280081,13.3556145534385,29.131568467710178,0.0,RHMTD,186,case118
True,60,-0.06,True,1,1,False,60,True,6.849608819094421e-10,0.0005644218485086314,0.604167397280081,8.653999998932704,13.904764922335744,0.0,RHMTD,187,case118
True,21,-0.06,False,20,20,False,21,True,0.14529306159251207,0.04121521361788213,0.604167397280081,10.184033351833932,17.72802950290498,0.0,RHMTD,188,case118
True,26,0.06,False,20,20,False,0,False,0.6071435890796351,0.39643454370155085,0.604167397280081,10.461825045058504,16.979830936179496,0.0,RHMTD,189,case118
True,14,-0.06,True,1,1,False,14,True,6.849610215400958e-10,0.0006242455600070697,0.604167397280081,10.7359958026791,16.523972278810113,0.0,RHMTD,190,case118
True,71,-0.06,False,20,20,False,0,False,0.5805942154939114,0.39231170363793166,0.604167397280081,8.887964551104233,13.873947254614905,0.0,RHMTD,191,case118
True,48,-0.06,True,3,3,False,48,True,6.849609284529933e-10,0.011687300419519205,0.604167397280081,12.553870992269367,19.66659585596063,0.0,RHMTD,192,case118
True,46,-0.06,False,20,20,False,0,False,0.5949744880487027,0.3034307953850292,0.604167397280081,12.507824806380086,28.42542327707634,0.0,RHMTD,193,case118
True,110,-0.06,False,20,20,False,0,False,0.583477127369547,0.3828069147655996,0.604167397280081,10.215908390819095,20.860385434934873,0.0,RHMTD,194,case118
True,83,0.06,True,1,1,False,83,True,6.849608353658907e-10,0.007801875792794938,0.604167397280081,10.900489496998489,20.13972084096168,0.0,RHMTD,195,case118
True,8,-0.06,True,13,13,False,8,True,9.197117087684692e-08,0.03798095040891651,0.604167397280081,12.037258298369125,39.93575000204147,0.0,RHMTD,196,case118
True,48,0.06,True,15,15,False,48,True,6.849609284529933e-10,0.011687300419519205,0.604167397280081,9.548462444217876,15.63949372502977,0.0,RHMTD,197,case118
True,35,0.06,True,1,1,False,35,True,0.0007922403498800914,0.0010025500810823048,0.604167397280081,7.448410510551184,10.92154132493306,0.0,RHMTD,198,case118
True,58,0.06,True,1,1,False,56,False,0.1407662382698167,0.006671713236955801,0.604167397280081,9.85131879861001,17.542091678478766,0.0,RHMTD,199,case118
False,0,0.0,False,20,20,False,0,True,0.5803661083984507,0.4019769284679093,0.604167397280081,8.361112396232784,11.893346140277574,0.0,RHMTD,200,case118
False,0,0.0,False,20,20,False,0,True,0.5904154644920583,0.39109217102634375,0.604167397280081,10.085118739516474,38.027221101219766,0.0,RHMTD,201,case118
False,0,0.0,False,20,20,False,0,True,0.5656913856978963,0.3010379230964936,0.604167397280081,11.750554156606086,29.470822220901052,0.0,RHMTD,202,case118
False,0,0.0,False,20,20,False,0,True,0.5729272148135651,0.39960698777764714,0.604167397280081,8.5158583446173,15.549602039391177,0.0,RHMTD,203,case118
False,0,0.0,True,16,16,True,0,True,0.5791776992400349,0.3953681744049099,0.604167397280081,8.391623001080006,13.185214891564103,0.0,RHMTD,204,case118
False,0,0.0,False,20,20,False,0,True,0.5872229512164958,0.38969398532240124,0.604167397280081,8.34552274318412,13.901137487846437,0.0,RHMTD,205,case118
False,0,0.0,False,20,20,False,0,True,0.587936009091053,0.39116470610207305,0.604167397280081,10.313114602467977,17.127157669165193,0.0,RHMTD,206,case118
False,0,0.0,False,20,20,False,0,True,0.582468862478285,0.39572462519767837,0.604167397280081,7.411070744274184,10.858144116355106,0.0,RHMTD,207,case118
False,0,0.0,False,20,20,False,0,True,0.5716438253221867,0.40191537919268605,0.604167397280081,8.496635395567864,11.500960742705503,0.0,RHMTD,208,case118
False,0,0.0,False,20,20,False,0,True,0.5866271014755836,0.3955556309741503,0.604167397280081,8.586416649632156,14.982000010786578,0.0,RHMTD,209,case118
False,0,0.0,False,20,20,False,0,True,0.6054394665089391,0.34417231204184945,0.604167397280081,10.582479243748821,16.687012498732656,0.0,RHMTD,210,case118
False,0,0.0,False,20,20,False,0,True,0.6017610148859667,0.3845635686165101,0.604167397280081,10.574956247000955,17.005260370206088,0.0,RHMTD,211,case118
False,0,0.0,False,20,20,False,0,True,0.5851243336637734,0.39177123811561865,0.604167397280081,12.273758358787745,20.406613955856304,0.0,RHMTD,212,case118
False,0,0.0,False,20,20,False,0,True,0.6033323867531687,0.3766646432582744,0.604167397280081,10.430052044102922,16.654298559296876,0.0,RHMTD,213,case118
False,0,0.0,False,20,20,False,0,True,0.5830074610236609,0.2423638822024635,0.604167397280081,11.900635348865762,22.159996113623514,0.0,RHMTD,214,case118
False,0,0.0,False,20,20,False,0,True,0.5942164690335544,0.3864572465753671,0.604167397280081,11.722145750536583,18.279472918948162,0.0,RHMTD,215,case118
False,0,0.0,False,20,20,False,0,True,0.6001884969727165,0.38691584571468435,0.604167397280081,8.90444370743353,14.701576757943258,0.0,RHMTD,216,case118
False,0,0.0,False,20,20,False,0,True,0.5985279177661891,0.3859151885439494,0.604167397280081,10.821027151541784,26.609990207362003,0.0,RHMTD,217,case118
False,0,0.0,False,20,20,False,0,True,0.570937608998378,0.40107441269979616,0.604167397280081,11.540427047293633,23.963992300559767,0.0,RHMTD,218,case118
False,0,0.0,False,20,20,False,0,True,0.5611602798565305,0.38825799917091125,0.604167397280081,9.713343787007034,14.900229129125364,0.0,RHMTD,219,case118
False,0,0.0,False,20,20,False,0,True,0.6133773431816323,0.3512911559608723,0.604167397280081,10.6677251518704,16.957902428111993,0.0,RHMTD,220,case118
False,0,0.0,True,5,5,True,0,True,0.581812394365324,0.4094148251677329,0.604167397280081,11.80768120684661,21.52371699921787,0.0,RHMTD,221,case118
False,0,0.0,False,20,20,False,0,True,0.6020292724837777,0.32939509928820226,0.604167397280081,12.499156306148507,24.381504170014537,0.0,RHMTD,222,case118
False,0,0.0,False,20,20,False,0,True,0.6075495553331289,0.36865170200906405,0.604167397280081,10.628135452861898,14.666506508365275,0.0,RHMTD,223,case118
False,0,0.0,False,20,20,False,0,True,0.5990175856163089,0.3775231472862471,0.604167397280081,10.213581306743436,17.146391369169578,0.0,RHMTD,224,case118
False,0,0.0,False,20,20,False,0,True,0.5762010034964697,0.40076961790317145,0.604167397280081,9.995772800175473,15.13471251237207,0.0,RHMTD,225,case118
False,0,0.0,False,20,20,False,0,True,0.6248738637261101,0.35537617655634995,0.604167397280081,9.318022901425138,14.186238936963491,0.0,RHMTD,226,case118
False,0,0.0,False,20,20,False,0,True,0.598823940237094,0.38014653389667685,0.604167397280081,10.911914447206073,17.726207993109718,0.0,RHMTD,227,case118
False,0,0.0,False,20,20,False,0,True,0.5993541240500543,0.37579788357370697,0.604167397280081,9.320612443843856,18.448693768004894,0.0,RHMTD,228,case118
False,0,0.0,False,20,20,False,0,True,0.572503771489172,0.4005359499352882,0.604167397280081,9.313931141514331,13.537139556137847,0.0,RHMTD,229,case118
False,0,0.0,False,20,20,False,18,False,0.4817992199085451,0.22220800306686306,0.604167397280081,9.426981248543598,15.087133654742505,0.0,RHMTD,230,case118
False,0,0.0,False,20,20,False,0,True,0.5998729331791269,0.3771447939581065,0.604167397280081,8.532397949602455,13.885518416645938,0.0,RHMTD,231,case118
False,0,0.0,False,20,20,False,0,True,0.5686130758896214,0.4048020734546106,0.604167397280081,9.318704053293914,18.514531236724004,0.0,RHMTD,232,case118
False,0,0.0,False,20,20,False,66,False,0.5425356698389967,0.2779099388331196,0.604167397280081,9.516343846917152,14.3708663439611,0.0,RHMTD,233,case118
False,0,0.0,False,20,20,False,0,True,0.5777799227487191,0.39558890550068787,0.604167397280081,8.611318760085851,13.909906556364149,0.0,RHMTD,234,case118
False,0,0.0,False,20,20,False,0,True,0.5935991920819308,0.38496345919068337,0.604167397280081,9.998843798530288,14.22777920379304,0.0,RHMTD,235,case118
False,0,0.0,False,20,20,False,0,True,0.5870228623261212,0.3949676351843843,0.604167397280081,12.072479299968109,18.076762493001326,0.0,RHMTD,236,case118
False,0,0.0,True,7,7,True,0,True,0.6188756102677734,0.35912718586262593,0.604167397280081,9.639460404287092,16.75141875166446,0.0,RHMTD,237,case118
False,0,0.0,False,20,20,False,0,True,0.5871498853426637,0.3899480434695339,0.604167397280081,8.819710393436253,14.438333653379232,0.0,RHMTD,238,case118
False,0,0.0,False,20,20,False,0,True,0.5862340043355017,0.3811285452297215,0.604167397280081,9.10171470604837,15.454199380474169,0.0,RHMTD,239,case118
False,0,0.0,False,20,20,False,0,True,0.5701890551223054,0.40489176382036096,0.604167397280081,11.416441699839197,20.830509765073657,0.0,RHMTD,240,case118
False,0,0.0,False,20,20,False,0,True,0.5934066409691875,0.3718049547599113,0.604167397280081,6.077445991104469,6.6516777442302555,0.0,RHMTD,241,case118
False,0,0.0,False,20,20,False,0,True,0.5696652613017992,0.4048623062727992,0.604167397280081,5.949993696413003,6.6355645947624,0.0,RHMTD,242,case118
False,0,0.0,False,20,20,False,0,True,0.59335482371451,0.3832193247223081,0.604167397280081,11.052102004759945,17.230416921665892,0.0,RHMTD,243,case118
False,0,0.0,False,20,20,False,0,True,0.5810707781209072,0.39284143546613026,0.604167397280081,6.134029186796397,6.764129473594949,0.0,RHMTD,244,case118
False,0,0.0,False,20,20,False,0,True,0.5670404741171378,0.40212349934587927,0.604167397280081,5.670441698748618,6.203308358089999,0.0,RHMTD,245,case118
False,0,0.0,False,20,20,False,0,True,0.5711232828946095,0.4050669344741579,0.604167397280081,10.726439591962844,15.778372558997944,0.0,RHMTD,246,case118
False,0,0.0,False,20,20,False,0,True,0.59061929667569,0.3324423116882327,0.604167397280081,5.993685452267528,6.712347225402483,0.0,RHMTD,247,case118
False,0,0.0,False,20,20,False,0,True,0.589425974968128,0.3903907675653596,0.604167397280081,5.631510500097647,6.31694337062072,0.0,RHMTD,248,case118
False,0,0.0,False,20,20,False,0,True,0.5919405376912957,0.39286558382829695,0.604167397280081,10.072121056145988,15.08195451751817,0.0,RHMTD,249,case118
True,54,-0.06,False,20,20,False,54,True,0.00043298148532531925,0.08731484362995913,0.33794868345489326,52.62582704308443,67.02981043490583,0.0,Robust-MTD,0,case118
True,102,-0.06,False,20,20,False,102,True,0.03825738109640252,0.10886415930696344,0.33794868345489326,51.859460401465185,62.07792915811298,0.0,Robust-MTD,1,case118
True,110,-0.06,False,20,20,False,0,False,0.5928491658251207,0.35863240633725635,0.33794868345489326,50.529935443773866,62.30838891933672,0.0,Robust-MTD,2,case118
True,76,0.06,False,20,20,False,76,True,8.269940051521214e-10,0.035542978422195316,0.33794868345489326,51.33098145015538,66.82858366111759,0.0,Robust-MTD,3,case118
True,96,0.06,True,1,1,False,96,True,6.849607888223398e-10,0.0009094245389497028,0.33794868345489326,53.629093803465366,65.04526734061074,0.0,Robust-MTD,4,case118
True,35,0.06,True,1,1,False,35,True,0.13713058501705874,0.0031888356301565646,0.33794868345489326,53.00805005244911,65.95362951338758,0.0,Robust-MTD,5,case118
True,49,0.06,True,11,11,False,49,True,6.849609284529935e-10,0.01189976286738192,0.33794868345489326,58.62019165651873,80.59254587278703,0.0,Robust-MTD,6,case118
True,5,0.06,False,20,20,False,5,True,0.007511724661381198,0.022316336572493406,0.33794868345489326,63.120243707089685,94.25790590466933,0.0,Robust-MTD,7,case118
True,16,-0.06,True,1,1,False,16,True,6.849609749965446e-10,0.0013135528932614001,0.33794868345489326,60.47562294988893,89.19202767428942,0.0,Robust-MTD,8,case118
True,45,0.06,True,8,8,False,45,True,0.1975080242472759,0.013702924089121743,0.33794868345489326,54.84078544541262,70.64522886066698,0.0,Robust-MTD,9,case118
True,60,-0.06,True,1,1,False,60,True,6.849608819094421e-10,0.0018399336486511631,0.33794868345489326,56.268479200662114,68.18974999769125,0.0,Robust-MTD,10,case118
True,57,-0.06,False,20,20,False,50,False,0.20781167378867446,0.12024208891219895,0.33794868345489326,55.89927920664195,67.7205666928785,0.0,Robust-MTD,11,case118
True,16,0.06,True,1,1,False,16,True,6.849609749965446e-10,0.0013135528932614001,0.33794868345489326,52.43259574344847,69.00038058229259,0.0,Robust-MTD,12,case118
True,57,-0.06,False,20,20,False,7,False,0.5192976704356714,0.1288285564465903,0.33794868345489326,53.66967283771373,64.84833509312011,0.0,Robust-MTD,13,case118
True,46,0.06,False,20,20,False,46,True,0.00017983514927762,0.05005108086393466,0.33794868345489326,59.3725416547386,73.52857223595493,0.0,Robust-MTD,14,case118
True,54,0.06,False,20,20,False,54,True,0.31252351618480084,0.11869404669299116,0.33794868345489326,53.38238540571183,63.58931874274279,0.0,Robust-MTD,15,case118
True,83,-0.06,False,20,20,False,83,True,0.000646673575944099,0.045149451649521624,0.33794868345489326,60.74040610692464,89.15421280544255,0.0,Robust-MTD,16,case118
True,1,-0.06,True,1,1,False,1,True,0.009429786766958543,0.0016297173565105246,0.33794868345489326,55.821687600109726,76.89910839253572,0.0,Robust-MTD,17,case118
True,76,-0.06,False,20,20,False,76,True,6.849608353706975e-10,0.0355429784228323,0.33794868345489326,63.94613949814812,98.73564996232749,0.0,Robust-MTD,18,case118
True,86,-0.06,False,20,20,False,0,False,0.5913421487708819,0.34088769839475197,0.33794868345489326,60.39651049650274,80.17485359450804,0.0,Robust-MTD,19,case118
True,66,0.06,False,20,20,False,66,True,6.849608819107361e-10,0.02534630954598204,0.33794868345489326,58.746347948908806,76.04125238140115,0.0,Robust-MTD,20,case118
True,40,0.06,True,1,1,False,40,True,6.849609284529935e-10,0.0020656653622722256,0.33794868345489326,54.24660814460367,66.42454373941293,0.0,Robust-MTD,21,case118
True,95,0.06,True,1,1,False,95,True,6.849608353658907e-10,0.0007970462813117251,0.33794868345489326,56.87808129878249,67.19901695032605,0.0,Robust-MTD,22,case118
True,88,0.06,False,20,20,False,88,True,0.03638576914025125,0.09983925226724183,0.33794868345489326,59.982704202411696,71.75772437185518,0.0,Robust-MTD,23,case118
True,117,-0.06,False,20,20,False,0,False,0.6188028693086769,0.3232206783840451,0.33794868345489326,55.975891699199565,71.086829455453,0.0,Robust-MTD,24,case118
True,109,0.06,True,1,1,False,107,False,0.22572415091005676,0.009069267801001644,0.33794868345489326,56.34979184542317,79.7943184443284,0.0,Robust-MTD,25,case118
True,100,0.06,True,15,15,False,100,True,0.1418530295137404,0.010184630157834397,0.33794868345489326,57.17039385053795,83.62333128752654,0.0,Robust-MTD,26,case118
True,50,-0.06,False,20,20,False,50,True,0.06793020477763274,0.059439254082843104,0.33794868345489326,57.230014450033195,94.79319372912869,0.0,Robust-MTD,27,case118
True,41,0.06,True,1,1,False,41,True,0.1440549289000405,0.005887647076830916,0.33794868345489326,67.49424995214213,97.5717639317736,0.0,Robust-MTD,28,case118
True,70,-0.06,False,20,20,False,0,False,0.5771240267374718,0.3650950576843305,0.33794868345489326,61.4288645418128,81.18601105816197,0.0,Robust-MTD,29,case118
True,22,-0.06,True,0,0,False,0,False,0.5804852751389503,0.2616849778784811,0.33794868345489326,59.81790220539551,86.54125417233445,0.0,Robust-MTD,30,case118
True,78,0.06,True,1,1,False,78,True,0.14529302150128384,0.0041603227267847,0.33794868345489326,74.16796669131145,109.43962113524323,0.0,Robust-MTD,31,case118
True,66,0.06,False,20,20,False,66,True,6.849608819096791e-10,0.02534630954598204,0.33794868345489326,66.76633329188917,82.70855652808677,0.0,Robust-MTD,32,case118
True,30,-0.06,False,20,20,False,30,True,1.321915434668145e-08,0.01678209349877589,0.33794868345489326,58.31695419619791,91.36301670805553,0.0,Robust-MTD,33,case118
True,76,0.06,False,20,20,False,76,True,1.620060421494795e-09,0.035542978417514526,0.33794868345489326,54.75275209755637,65.01555448339789,0.0,Robust-MTD,34,case118
True,53,0.06,True,1,1,False,53,True,0.029950329671962657,0.0014377298252813478,0.33794868345489326,59.40026660973672,79.7488577256445,0.0,Robust-MTD,35,case118
True,59,0.06,False,20,20,False,59,True,0.31849701022431154,0.13471250564221698,0.33794868345489326,56.049129040911794,67.98688714625314,0.0,Robust-MTD,36,case118
True,6,0.06,False,20,20,False,6,True,0.18427054066394427,0.1337122726040002,0.33794868345489326,62.00732295110356,81.16298543754965,0.0,Robust-MTD,37,case118
True,13,0.06,True,1,1,False,13,True,6.849610215400958e-10,0.0005696388184156617,0.33794868345489326,61.14794390159659,78.3057458640542,0.0,Robust-MTD,38,case118
True,107,-0.06,True,11,11,False,107,True,0.22663231278925638,0.009756968619679018,0.33794868345489326,66.88217280025128,97.74727256735794,0.0,Robust-MTD,39,case118
True,35,0.06,True,1,1,False,35,True,0.04351453316557404,0.004026834355736222,0.33794868345489326,60.32208534888923,78.24905272282196,0.0,Robust-MTD,40,case118
True,102,-0.06,False,20,20,False,0,False,0.6188755146106933,0.335365591922044,0.33794868345489326,59.16403960145544,68.67004971427377,0.0,Robust-MTD,41,case118
True,40,-0.06,True,1,1,False,40,True,6.849609284529933e-10,0.0020656653622722256,0.33794868345489326,54.3866374559002,64.5018975948915,0.0,Robust-MTD,42,case118
True,63,0.06,False,20,20,False,0,False,0.58013194982219,0.3654760829333231,0.33794868345489326,53.756558246095665,66.79567145183682,0.0,Robust-MTD,43,case118
True,113,0.06,True,1,1,False,113,True,6.849607422787886e-10,0.0007713154618614127,0.33794868345489326,56.24484794680029,66.91601906204598,0.0,Robust-MTD,44,case118
True,3,0.06,False,20,20,False,3,True,0.0005621017676822042,0.021109400437328358,0.33794868345489326,63.21881459734868,84.39390242274386,0.0,Robust-MTD,45,case118
True,70,-0.06,False,20,20,False,0,False,0.6179664120838274,0.26269875092474515,0.33794868345489326,57.55142500565853,76.74266009998975,0.0,Robust-MTD,46,case118
True,28,-0.06,False,20,20,False,28,True,6.849609749968779e-10,0.018076567040332378,0.33794868345489326,61.53580629907083,77.40467945113778,0.0,Robust-MTD,47,case118
True,2,0.06,True,1,1,False,1,False,0.01889015011235793,0.0016198641235775591,0.33794868345489326,63.16831659642048,77.70820175646806,0.0,Robust-MTD,48,case118
True,71,-0.06,False,20,20,False,0,False,0.579622312529816,0.36479303898002996,0.33794868345489326,61.764083194429986,79.74185207567643,0.0,Robust-MTD,49,case118
True,83,-0.06,False,20,20,False,83,True,7.628949750152246e-05,0.04515293068458932,0.33794868345489326,61.675035289954394,78.40766395383983,0.0,Robust-MTD,50,case118
True,55,-0.06,False,20,20,False,0,False,0.5993386455880041,0.3563447919054628,0.33794868345489326,58.754166605649516,79.9853270087624,0.0,Robust-MTD,51,case118
True,92,-0.06,False,20,20,False,92,True,1.1893146572577637e-08,0.04586850634162576,0.33794868345489326,60.45797299593687,77.66739203652834,0.0,Robust-MTD,52,case118
True,2,0.06,True,1,1,False,1,False,0.014918958388129972,0.0016242298766941823,0.33794868345489326,59.78714370285161,71.13240898761433,0.0,Robust-MTD,53,case118
True,41,-0.06,True,1,1,False,41,True,0.09604276226689179,0.004849245170739811,0.33794868345489326,62.18601865693927,96.11898188595663,0.0,Robust-MTD,54,case118
True,85,-0.06,False,20,20,False,0,False,0.5877445639237678,0.3637211230291314,0.33794868345489326,65.95844584517181,97.48093745147345,0.0,Robust-MTD,55,case118
True,53,0.06,True,1,1,False,53,True,0.0462392250454606,0.0014218298815245067,0.33794868345489326,62.312402052339166,81.34507262439004,0.0,Robust-MTD,56,case118
True,68,0.06,True,1,1,False,68,True,6.849608819095674e-10,0.0029483401297495295,0.33794868345489326,64.23745415522717,78.83174336748199,0.0,Robust-MTD,57,case118
True,86,-0.06,False,20,20,False,0,False,0.5993416424844697,0.3551458339447375,0.33794868345489326,62.599268756457604,81.43591430271047,0.0,Robust-MTD,58,case118
True,43,0.06,True,1,1,False,43,True,0.06260592430271689,0.006231336257885248,0.33794868345489326,57.368410445633344,70.62339585099835,0.0,Robust-MTD,59,case118
True,74,-0.06,False,20,20,False,74,True,0.14529265827563814,0.027453697533398456,0.33794868345489326,76.61914789641742,101.20493327558508,0.0,Robust-MTD,60,case118
True,95,0.06,True,1,1,False,95,True,6.849608353658907e-10,0.0007970462813117251,0.33794868345489326,73.7758270901395,113.1684860563837,0.0,Robust-MTD,61,case118
True,116,0.06,False,20,20,False,0,False,0.5876200103925506,0.36298868374990245,0.33794868345489326,71.78202084614895,93.81341636180878,0.0,Robust-MTD,62,case118
True,16,-0.06,True,1,1,False,16,True,6.849609749965446e-10,0.0013135528932614001,0.33794868345489326,68.7512708507711,92.74367884208914,0.0,Robust-MTD,63,case118
True,3,0.06,False,20,20,False,3,True,0.001989367763733048,0.02109138813667621,0.33794868345489326,67.12690005078912,83.91313362808434,0.0,Robust-MTD,64,case118
True,89,0.06,False,20,20,False,89,True,0.19492314782795608,0.09599645204779472,0.33794868345489326,75.41275624826085,108.79348125017714,0.0,Robust-MTD,65,case118
True,23,0.06,False,20,20,False,23,True,0.005505838489418591,0.11147511347417076,0.33794868345489326,55.550168751506135,74.69169233809225,0.0,Robust-MTD,66,case118
True,14,0.06,False,20,20,False,14,True,6.921079014509001e-10,0.02690923260771979,0.33794868345489326,61.723987507866696,105.73273607005834,0.0,Robust-MTD,67,case118
True,14,-0.06,False,20,20,False,14,True,6.849609982686777e-10,0.026909232607752957,0.33794868345489326,62.339437601622194,97.38487918511966,0.0,Robust-MTD,68,case118
True,106,-0.06,False,20,20,False,0,False,0.6044107491291946,0.3475214962856663,0.33794868345489326,61.559643741929904,86.96518539800309,0.0,Robust-MTD,69,case118
True,25,-0.06,False,20,20,False,0,False,0.5818514824796188,0.3657665252413027,0.33794868345489326,61.41398335748818,116.34410597907846,0.0,Robust-MTD,70,case118
True,35,-0.06,True,1,1,False,35,True,0.009373909995141528,0.00415053694922325,0.33794868345489326,59.88442515372299,72.17129552154805,0.0,Robust-MTD,71,case118
True,72,0.06,False,20,20,False,0,False,0.5786613267302653,0.370010314981897,0.33794868345489326,59.32546664553229,82.44132850668396,0.0,Robust-MTD,72,case118
True,77,0.06,True,1,1,False,77,True,0.14529302150128384,0.004160322726784699,0.33794868345489326,53.3246081933612,66.97907498455609,0.0,Robust-MTD,73,case118
True,22,0.06,False,20,20,False,0,False,0.6248140861183513,0.2741266965191686,0.33794868345489326,53.82391039747745,66.01558813126758,0.0,Robust-MTD,74,case118
True,90,-0.06,True,1,1,False,90,True,6.955353359301758e-10,0.005912950299138849,0.33794868345489326,56.736587546765804,68.68297735636588,0.0,Robust-MTD,75,case118
True,82,0.06,False,20,20,False,82,True,0.06783940610399745,0.03530623121229115,0.33794868345489326,64.58249379356857,116.71826190722642,0.0,Robust-MTD,76,case118
True,85,-0.06,True,8,8,False,0,False,0.6435255658751202,0.29950403926580743,0.33794868345489326,59.81138329661917,76.4342297887197,0.0,Robust-MTD,77,case118
True,23,-0.06,True,14,14,False,0,False,0.5651547113625767,0.27273240480846467,0.33794868345489326,66.74497084750328,109.49426841980315,0.0,Robust-MTD,78,case118
True,49,0.06,True,1,1,False,49,True,6.849609284530007e-10,0.01189976286738192,0.33794868345489326,62.31879584956914,83.62741661258043,0.0,Robust-MTD,79,case118
True,55,-0.06,False,20,20,False,0,False,0.5908222858433373,0.3590827139185219,0.33794868345489326,56.86313330079429,69.26776664331557,0.0,Robust-MTD,80,case118
True,76,0.06,False,20,20,False,76,True,7.976041960598477e-10,0.03554297842224073,0.33794868345489326,61.818050060537644,82.01821223483421,0.0,Robust-MTD,81,case118
True,53,-0.06,True,1,1,False,53,True,0.09141255861973459,0.001358963060389198,0.33794868345489326,60.82886029325891,76.16661222127733,0.0,Robust-MTD,82,case118
True,41,-0.06,True,1,1,False,41,True,0.1085205725434912,0.005005996260642033,0.33794868345489326,72.51541654986795,101.20986837428065,0.0,Robust-MTD,83,case118
True,112,0.06,True,1,1,False,112,True,6.849607422787904e-10,0.008051766749055231,0.33794868345489326,58.728831363259815,81.07695693615825,0.0,Robust-MTD,84,case118
True,64,0.06,True,1,1,False,64,True,6.849608819094421e-10,0.00547313345579961,0.33794868345489326,61.55332919443026,83.09364547894803,0.0,Robust-MTD,85,case118
True,58,0.06,True,1,1,False,58,True,0.10100156111236783,0.0009149369720633193,0.33794868345489326,63.17017094406766,92.72882941004356,0.0,Robust-MTD,86,case118
True,54,-0.06,False,20,20,False,54,True,0.01085317659725994,0.0888064984615804,0.33794868345489326,61.72488325100858,79.98921215184966,0.0,Robust-MTD,87,case118
True,34,-0.06,True,1,1,False,34,True,6.849609284529933e-10,0.0013147355135430573,0.33794868345489326,68.93490615184419,93.05665830033831,0.0,Robust-MTD,88,case118
True,114,-0.06,False,20,20,False,80,False,0.4916698680315963,0.223808468304524,0.33794868345489326,72.10564376146067,102.16776188171934,0.0,Robust-MTD,89,case118
True,23,0.06,False,20,20,False,23,True,0.034636469797861315,0.11303003216160513,0.33794868345489326,71.64823738858104,95.97610386263113,0.0,Robust-MTD,90,case118
True,99,-0.06,True,2,2,False,99,True,6.849607888224168e-10,0.0112815598136183,0.33794868345489326,71.42816254345234,87.74629757390358,0.0,Robust-MTD,91,case118
True,104,-0.06,True,14,14,False,107,False,0.2678931859845261,0.010787705881279998,0.33794868345489326,73.32670004398096,90.37864017882386,0.0,Robust-MTD,92,case118
True,110,-0.06,False,20,20,False,0,False,0.5826624782703763,0.36665673753480454,0.33794868345489326,71.52734175033402,88.38982917950489,0.0,Robust-MTD,93,case118
True,90,0.06,True,1,1,False,90,True,6.849608353664909e-10,0.005912950298927427,0.33794868345489326,80.41367089026608,93.11419615114575,0.0,Robust-MTD,94,case118
True,84,-0.06,False,20,20,False,84,True,0.10716576557179841,0.03418365561838084,0.33794868345489326,77.0117188047152,99.52769827214071,0.0,Robust-MTD,95,case118
True,21,-0.06,False,20,20,False,20,False,0.1522363577634718,0.04572445054294836,0.33794868345489326,58.104362594895065,77.10252356191633,0.0,Robust-MTD,96,case118
True,28,0.06,False,20,20,False,28,True,6.849607422943702e-10,0.018076567040332395,0.33794868345489326,60.71852910681628,79.46818814962172,0.0,Robust-MTD,97,case118
True,110,-0.06,False,20,20,False,0,False,0.595682354956002,0.3573695367272479,0.33794868345489326,64.1076293453807,80.89214611973148,0.0,Robust-MTD,98,case118
True,102,-0.06,True,9,9,False,102,True,0.007421366063067019,0.1032927761618284,0.33794868345489326,60.40673330135178,94.67662081005984,0.0,Robust-MTD,99,case118
True,116,0.06,True,12,12,False,0,False,0.612568624090438,0.31341862332702314,0.33794868345489326,61.535377049585804,95.97453298629263,0.0,Robust-MTD,100,case118
True,35,-0.06,True,1,1,False,35,True,0.015747102825066816,0.004132238029348507,0.33794868345489326,63.401845798944116,87.38744402944577,0.0,Robust-MTD,101,case118
True,25,0.06,False,20,20,False,0,False,0.6052261715732742,0.3347242324066496,0.33794868345489326,62.69278339750599,78.23613549699077,0.0,Robust-MTD,102,case118
True,100,-0.06,True,8,8,False,100,True,0.13758721383856648,0.010360308201074347,0.33794868345489326,59.24857700592838,72.27198715263513,0.0,Robust-MTD,103,case118
True,64,0.06,True,1,1,False,64,True,6.849608819094421e-10,0.00547313345579961,0.33794868345489326,62.990687499404885,102.18202293326613,0.0,Robust-MTD,104,case118
True,64,0.06,True,1,1,False,64,True,6.849608819094421e-10,0.00547313345579961,0.33794868345489326,63.20555621059612,85.35362079564948,0.0,Robust-MTD,105,case118
True,86,-0.06,False,20,20,False,0,False,0.6089010578960039,0.34910630327882225,0.33794868345489326,67.83831470529549,93.10508185299115,0.0,Robust-MTD,106,case118
True,32,-0.06,True,1,1,False,32,True,6.849609284529933e-10,0.0003848595635168407,0.33794868345489326,61.58972720731981,86.27543337934189,0.0,Robust-MTD,107,case118
True,41,0.06,True,1,1,False,42,False,0.12242582370214071,0.00696102055913875,0.33794868345489326,60.71691859397106,79.34936696838126,0.0,Robust-MTD,108,case118
True,104,0.06,True,17,17,False,107,False,0.24144433569015503,0.011813825825155276,0.33794868345489326,63.27282500569709,87.0132024167106,0.0,Robust-MTD,109,case118
True,36,0.06,True,1,1,False,35,False,0.1065013760071399,0.0036122815206445025,0.33794868345489326,64.65710430056788,101.67506814177615,0.0,Robust-MTD,110,case118
True,86,0.06,False,20,20,False,0,False,0.6041638583254987,0.35024999000663354,0.33794868345489326,59.490514564095065,76.73354104335885,0.0,Robust-MTD,111,case118
True,31,0.06,False,20,20,False,31,True,0.0003357591161632557,0.024518921143524327,0.33794868345489326,59.614462446188554,74.71551663766151,0.0,Robust-MTD,112,case118
True,24,-0.06,False,20,20,False,0,False,0.5895754542477302,0.28401692594443456,0.33794868345489326,60.521399951539934,72.34133156016472,0.0,Robust-MTD,113,case118
True,68,-0.06,True,1,1,False,68,True,6.849608819094517e-10,0.0029483401297495295,0.33794868345489326,70.76795634638984,109.0546496794559,0.0,Robust-MTD,114,case118
True,16,0.06,True,1,1,False,16,True,6.849609749965446e-10,0.0013135528932614001,0.33794868345489326,72.12376894312911,93.01212881691755,0.0,Robust-MTD,115,case118
True,33,-0.06,True,1,1,False,33,True,6.849609284529933e-10,0.002702036035805576,0.33794868345489326,73.33639380522072,108.34170689631719,0.0,Robust-MTD,116,case118
True,97,-0.06,False,20,20,False,97,True,3.578383760398952e-09,0.05122881594894469,0.33794868345489326,75.82817905349657,106.9429187773494,0.0,Robust-MTD,117,case118
True,16,-0.06,True,1,1,False,16,True,6.849609749965446e-10,0.0013135528932614001,0.33794868345489326,72.3298958473606,98.21728575625458,0.0,Robust-MTD,118,case118
True,42,0.06,True,2,2,False,42,True,0.136097717915595,0.006649823683356557,0.33794868345489326,68.25882915582042,89.65803128958215,0.0,Robust-MTD,119,case118
True,109,-0.06,True,1,1,False,109,True,0.22672566112103137,0.007214327463961621,0.33794868345489326,75.42195809946861,104.99818332027644,0.0,Robust-MTD,120,case118
True,17,-0.06,True,4,4,False,17,True,6.849609749965534e-10,0.01056833969988399,0.33794868345489326,71.07940625282936,93.93573720590213,0.0,Robust-MTD,121,case118
True,42,0.06,True,1,1,False,42,True,0.08113806482114337,0.007492749971963092,0.33794868345489326,71.18825829529669,106.24913096544334,0.0,Robust-MTD,122,case118
True,90,0.06,True,1,1,False,90,True,6.849608120943629e-10,0.005912950298927427,0.33794868345489326,70.43493340024725,85.30984200187959,0.0,Robust-MTD,123,case118
True,37,-0.06,True,1,1,False,37,True,6.849609284531721e-10,0.004119159349915684,0.33794868345489326,77.17599994502962,101.48563990951516,0.0,Robust-MTD,124,case118
True,79,-0.06,True,3,3,False,79,True,6.849608353658907e-10,0.009342947865703615,0.33794868345489326,70.58315430185758,98.75923895451706,0.0,Robust-MTD,125,case118
True,98,-0.06,False,20,20,False,98,True,0.01485826834994342,0.08066141213013509,0.33794868345489326,71.80440839729272,95.64438364468515,0.0,Robust-MTD,126,case118
True,105,-0.06,False,20,20,False,0,False,0.5935627440620442,0.3525163775489905,0.33794868345489326,73.25603330391459,94.33527565561235,0.0,Robust-MTD,127,case118
True,48,0.06,False,20,20,False,48,True,6.84960905181807e-10,0.02787383336687312,0.33794868345489326,70.19216054759454,90.18117290979717,0.0,Robust-MTD,128,case118
True,83,0.06,False,20,20,False,83,True,0.0004491911270788155,0.04515535080840698,0.33794868345489326,63.5391332936706,93.7479103973601,0.0,Robust-MTD,129,case118
True,41,-0.06,True,1,1,False,42,False,0.1447992309765866,0.006223102153030777,0.33794868345489326,59.553306296584196,75.78684102045374,0.0,Robust-MTD,130,case118
True,106,-0.06,False,20,20,False,0,False,0.6057999653690214,0.3443120119058214,0.33794868345489326,63.6867875495227,94.77846876252445,0.0,Robust-MTD,131,case118
True,54,0.06,False,20,20,False,54,True,0.2433764371320778,0.14128796659169487,0.33794868345489326,59.123183248448186,84.27217647840736,0.0,Robust-MTD,132,case118
True,89,-0.06,False,20,20,False,0,False,0.5681062424278808,0.23114538465415743,0.33794868345489326,58.754337299615145,79.64615591918118,0.0,Robust-MTD,133,case118
True,113,-0.06,True,1,1,False,113,True,6.849607422787886e-10,0.0007713154618614127,0.33794868345489326,61.07083545066416,81.7662351008039,0.0,Robust-MTD,134,case118
True,66,0.06,False,20,20,False,66,True,6.849608819094914e-10,0.02534630954598204,0.33794868345489326,59.86908749619033,74.67300627031364,0.0,Robust-MTD,135,case118
True,97,0.06,False,20,20,False,97,True,3.7952607481679166e-07,0.05122881762199955,0.33794868345489326,63.0430167511804,83.31060270138552,0.0,Robust-MTD,136,case118
True,106,0.06,False,20,20,False,0,False,0.6485161349515856,0.29810286544948006,0.33794868345489326,63.62094795331359,82.74715599254708,0.0,Robust-MTD,137,case118
True,110,0.06,False,20,20,False,0,False,0.5855357297602086,0.36478279853576356,0.33794868345489326,63.04898135131225,102.51188298570926,0.0,Robust-MTD,138,case118
True,113,0.06,True,1,1,False,113,True,6.849607422787886e-10,0.0007713154618614127,0.33794868345489326,64.24352294416167,108.27980801404921,0.0,Robust-MTD,139,case118
True,42,0.06,True,2,2,False,42,True,0.06285316095057032,0.00764997343017003,0.33794868345489326,60.118354245787486,81.33759794291109,0.0,Robust-MTD,140,case118
True,109,0.06,True,1,1,False,109,True,0.2813837275333157,0.008658111911743833,0.33794868345489326,63.72480629361235,84.97856876347214,0.0,Robust-MTD,141,case118
True,21,0.06,False,20,20,False,21,True,0.14814165219607578,0.04505053256042043,0.33794868345489326,67.51480819657445,91.44547465548385,0.0,Robust-MTD,142,case118
True,25,-0.06,False,20,20,False,0,False,0.6089219139502215,0.33375786486326875,0.33794868345489326,76.08713959925808,114.82579337025528,0.0,Robust-MTD,143,case118
True,21,0.06,False,20,20,False,20,False,0.15503046627615044,0.046258249439593786,0.33794868345489326,73.01109570253175,98.19348327582702,0.0,Robust-MTD,144,case118
True,23,-0.06,False,20,20,False,23,True,0.407278260386617,0.2211330869745041,0.33794868345489326,73.67088539758697,107.74962472205519,0.0,Robust-MTD,145,case118
True,52,-0.06,True,1,1,False,53,False,0.09865204654892035,0.001345377294893455,0.33794868345489326,66.7935939563904,80.71749552618714,0.0,Robust-MTD,146,case118
True,75,0.06,False,20,20,False,0,False,0.6224503683984703,0.33522834416386404,0.33794868345489326,78.53717084799428,109.53773746732622,0.0,Robust-MTD,147,case118
True,91,-0.06,True,1,1,False,91,True,6.849608353658907e-10,0.004502222672673721,0.33794868345489326,73.3106667001266,116.45946813805497,0.0,Robust-MTD,148,case118
True,49,0.06,True,6,6,False,49,True,6.849609284530009e-10,0.01189976286738192,0.33794868345489326,69.27090209792368,102.65801667701454,0.0,Robust-MTD,149,case118
True,7,0.06,True,1,1,False,7,True,6.924524988318338e-10,0.004246198459025317,0.33794868345489326,70.6023729435401,90.87988781102469,0.0,Robust-MTD,150,case118
True,86,0.06,False,20,20,False,0,False,0.5919267655099605,0.35826622646498274,0.33794868345489326,69.85942284518387,102.01538547989914,0.0,Robust-MTD,151,case118
True,48,0.06,False,20,20,False,48,True,7.148666875122097e-10,0.02787383336695035,0.33794868345489326,74.52970188460313,98.51671456999613,0.0,Robust-MTD,152,case118
True,94,0.06,True,1,1,False,94,True,6.849608353658907e-10,0.006668485523853568,0.33794868345489326,70.57030219293665,93.26901281892788,0.0,Robust-MTD,153,case118
True,50,-0.06,False,20,20,False,50,True,0.07847315124832215,0.06313593429064104,0.33794868345489326,71.46059999940917,92.89813894429246,0.0,Robust-MTD,154,case118
True,46,-0.06,False,20,20,False,46,True,2.627945977853835e-05,0.050053276541083866,0.33794868345489326,70.25276874774136,108.09896251303144,0.0,Robust-MTD,155,case118
True,47,0.06,True,1,1,False,47,True,6.849609284529935e-10,0.011275215129165277,0.33794868345489326,75.48527295293752,94.15856817213353,0.0,Robust-MTD,156,case118
True,112,0.06,True,2,2,False,112,True,6.849607655506333e-10,0.008051766749055231,0.33794868345489326,73.92526859475765,91.31468539417256,0.0,Robust-MTD,157,case118
True,68,-0.06,True,1,1,False,68,True,6.849608819094421e-10,0.0029483401297495295,0.33794868345489326,79.42381869943347,113.40348365774844,0.0,Robust-MTD,158,case118
True,81,-0.06,True,3,3,False,81,True,6.849608353658912e-10,0.00771606159851247,0.33794868345489326,63.90292900323402,88.23473894153723,0.0,Robust-MTD,159,case118
True,26,0.06,False,20,20,False,0,False,0.6443545458945954,0.29897217525923836,0.33794868345489326,63.170897850068286,81.86384341970552,0.0,Robust-MTD,160,case118
True,78,0.06,True,1,1,False,77,False,0.14529302150128384,0.0041603227267847,0.33794868345489326,66.54583754716441,82.04952020023484,0.0,Robust-MTD,161,case118
True,73,0.06,False,20,20,False,0,False,0.6049969363134496,0.3461520119798858,0.33794868345489326,58.69124154560268,75.07305417384487,0.0,Robust-MTD,162,case118
True,53,-0.06,True,1,1,False,53,True,0.061778609641284093,0.0014036565671004509,0.33794868345489326,60.35066229524091,81.09346848214045,0.0,Robust-MTD,163,case118
True,2,0.06,True,1,1,False,1,False,0.021051480639225913,0.001617359344837828,0.33794868345489326,63.49963745451532,79.50914728571662,0.0,Robust-MTD,164,case118
True,102,-0.06,False,20,20,False,102,True,0.5316792518497727,0.24935222142784905,0.33794868345489326,61.19086669932585,89.86895830021241,0.0,Robust-MTD,165,case118
True,84,0.06,False,20,20,False,84,True,0.08506279703790416,0.03410361154198366,0.33794868345489326,62.21098944952246,92.0217523991596,0.0,Robust-MTD,166,case118
True,83,0.06,False,20,20,False,83,True,8.193465865063883e-06,0.04515325034943824,0.33794868345489326,67.39364375534933,104.44915270491039,0.0,Robust-MTD,167,case118
True,57,0.06,False,20,20,False,0,False,0.6080337650155931,0.27128486874538243,0.33794868345489326,67.78270204085857,91.89929376298097,0.0,Robust-MTD,168,case118
True,80,0.06,True,5,5,False,80,True,6.849608353658969e-10,0.020429825691571996,0.33794868345489326,65.24406659882516,115.43965145538095,0.0,Robust-MTD,169,case118
True,56,0.06,True,1,1,False,58,False,0.09319627288417197,0.0009201472491731047,0.33794868345489326,63.065641553839676,84.57966318237598,0.0,Robust-MTD,170,case118
True,63,-0.06,False,20,20,False,0,False,0.6262399215611563,0.29469918184049987,0.33794868345489326,68.82710416102782,90.38593753066381,0.0,Robust-MTD,171,case118
True,65,-0.06,True,1,1,False,65,True,7.006830316595318e-10,0.003021533716587826,0.33794868345489326,73.94706449995283,124.69819411926439,0.0,Robust-MTD,172,case118
True,55,0.06,False,20,20,False,0,False,0.6125226328431443,0.3407522541823662,0.33794868345489326,77.0138792518992,109.34342711116189,0.0,Robust-MTD,173,case118
True,107,0.06,True,2,2,False,107,True,0.26256387060149955,0.009955444216087638,0.33794868345489326,76.1529040930327,99.32576424616856,0.0,Robust-MTD,174,case118
True,57,0.06,False,20,20,False,0,False,0.5853037523898148,0.312053236200191,0.33794868345489326,76.29057500744238,93.19574550900143,0.0,Robust-MTD,175,case118
True,68,-0.06,True,1,1,False,68,True,6.849608819094421e-10,0.0029483401297495295,0.33794868345489326,72.5133251020452,94.60163605981508,0.0,Robust-MTD,176,case118
True,41,-0.06,True,1,1,False,42,False,0.1449945053971251,0.006194219080395341,0.33794868345489326,71.04439985123463,88.15875867730938,0.0,Robust-MTD,177,case118
True,9,0.06,True,15,15,False,0,False,0.6232028387822872,0.3297287605966525,0.33794868345489326,72.55705620918889,92.45908333978151,0.0,Robust-MTD,178,case118
True,78,0.06,True,1,1,False,78,True,0.14529302150128384,0.0041603227267847,0.33794868345489326,70.5288041033782,104.1291437635664,0.0,Robust-MTD,179,case118
True,109,-0.06,True,1,1,False,109,True,0.2268018569408004,0.007506220573385074,0.33794868345489326,74.18410005338956,93.55735243880193,0.0,Robust-MTD,180,case118
True,99,0.06,True,3,3,False,99,True,6.849607888224367e-10,0.0112815598136183,0.33794868345489326,77.77557704830542,92.8226579912007,0.0,Robust-MTD,181,case118
True,66,-0.06,False,20,20,False,66,True,6.84960858638181e-10,0.02534630954598205,0.33794868345489326,77.62398949998897,89.75106220750605,0.0,Robust-MTD,182,case118
True,100,0.06,True,17,17,False,100,True,0.13877753130339995,0.010317883062556906,0.33794868345489326,72.08992085070349,91.65304234484212,0.0,Robust-MTD,183,case118
True,101,0.06,True,1,1,False,100,False,0.14520510215078156,0.009884514293222268,0.33794868345489326,76.65615616133437,104.2376687837532,0.0,Robust-MTD,184,case118
True,9,0.06,False,20,20,False,0,False,0.5905513554860472,0.3568058510234398,0.33794868345489326,77.7824790973682,102.63014787342401,0.0,Robust-MTD,185,case118
True,84,0.06,False,20,20,False,84,True,0.07409076564939793,0.034868265298618674,0.33794868345489326,77.87955220555887,92.62558545160573,0.0,Robust-MTD,186,case118
True,60,-0.06,True,1,1,False,60,True,6.849608819094421e-10,0.0018399336486511631,0.33794868345489326,75.58061674353667,95.01631489838475,0.0,Robust-MTD,187,case118
True,21,-0.06,False,20,20,False,21,True,0.1628045532883912,0.04800526884937369,0.33794868345489326,76.17056255112402,92.94299200410023,0.0,Robust-MTD,188,case118
True,26,0.06,False,20,20,False,0,False,0.6032914739021443,0.24611653517964208,0.33794868345489326,68.28235409629997,91.51293753529902,0.0,Robust-MTD,189,case118
True,14,-0.06,False,20,20,False,14,True,6.854512433806185e-10,0.0269092326077516,0.33794868345489326,69.34115420735907,93.87284200929571,0.0,Robust-MTD,190,case118
True,71,-0.06,False,20,20,False,0,False,0.5938643916436437,0.3577162914211501,0.33794868345489326,71.01622484915424,108.75041423132643,0.0,Robust-MTD,191,case118
True,48,-0.06,False,20,20,False,48,True,6.849607422902598e-10,0.02787383336687314,0.33794868345489326,63.31017920456361,96.3838693656726,0.0,Robust-MTD,192,case118
True,46,-0.06,False,20,20,False,46,True,7.036932243013887e-05,0.05005279750235998,0.33794868345489326,64.65789780195337,87.5458770489786,0.0,Robust-MTD,193,case118
True,110,-0.06,False,20,20,False,88,False,0.5494486383979915,0.2658497418691836,0.33794868345489326,68.96734379406553,106.5883294591913,0.0,Robust-MTD,194,case118
True,83,0.06,False,20,20,False,83,True,0.00010791662285430397,0.04515276447643247,0.33794868345489326,62.924181250855334,88.33701809926426,0.0,Robust-MTD,195,case118
True,8,-0.06,True,13,13,False,8,True,3.814821891927999e-06,0.03147051930142505,0.33794868345489326,65.73702495079488,95.46957442362327,0.0,Robust-MTD,196,case118
True,48,0.06,False,20,20,False,48,True,3.881146845353593e-09,0.02787383349424214,0.33794868345489326,62.206902098841965,81.47643890115432,0.0,Robust-MTD,197,case118
True,35,0.06,True,1,1,False,35,True,0.04630772906247593,0.004014057453121727,0.33794868345489326,59.866085497196764,72.74913335277233,0.0,Robust-MTD,198,case118
True,58,0.06,True,1,1,False,58,True,0.10080109366115561,0.0009150780275567716,0.33794868345489326,61.43697715306189,77.40268333873246,0.0,Robust-MTD,199,case118
False,0,0.0,False,20,20,False,0,True,0.6020801744196375,0.3305927892494223,0.33794868345489326,59.57381250045728,76.6667080053594,0.0,Robust-MTD,200,case118
False,0,0.0,False,20,20,False,0,True,0.5977070876928259,0.35487833547288283,0.33794868345489326,69.16555420029908,93.24162229895595,0.0,Robust-MTD,201,case118
False,0,0.0,False,20,20,False,0,True,0.5849120010519678,0.35597013591750915,0.33794868345489326,69.50145419104956,96.00177116226405,0.0,Robust-MTD,202,case118
False,0,0.0,False,20,20,False,0,True,0.5764991967667561,0.3698240790925647,0.33794868345489326,62.426935345865786,87.4903250281932,0.0,Robust-MTD,203,case118
False,0,0.0,True,16,16,True,0,True,0.5789464042543044,0.36626830801416993,0.33794868345489326,68.91392715333495,88.88753123756034,0.0,Robust-MTD,204,case118
False,0,0.0,False,20,20,False,0,True,0.5911653765052388,0.3552614058589584,0.33794868345489326,70.10313530045096,124.19222706230359,0.0,Robust-MTD,205,case118
False,0,0.0,False,20,20,False,0,True,0.5959316399713724,0.3551678408875708,0.33794868345489326,72.96176465169992,92.66909028228841,0.0,Robust-MTD,206,case118
False,0,0.0,False,20,20,False,0,True,0.5924113772822304,0.36055090223073494,0.33794868345489326,70.73326468816958,91.88962682674176,0.0,Robust-MTD,207,case118
False,0,0.0,False,20,20,False,0,True,0.5800236564588269,0.36484816560216626,0.33794868345489326,78.63155610102694,111.48220832401422,0.0,Robust-MTD,208,case118
False,0,0.0,False,20,20,False,0,True,0.5959378185937101,0.34389644180803686,0.33794868345489326,66.56955843791366,84.55612114921678,0.0,Robust-MTD,209,case118
False,0,0.0,False,20,20,False,0,True,0.6307192623527897,0.3117344610945352,0.33794868345489326,73.94598539976869,91.16494133486414,0.0,Robust-MTD,210,case118
False,0,0.0,False,20,20,False,0,True,0.6024062854016312,0.3528192678935182,0.33794868345489326,79.18984995631035,108.89925240189768,0.0,Robust-MTD,211,case118
False,0,0.0,False,20,20,False,0,True,0.5862679819445572,0.3641433087597682,0.33794868345489326,83.78480835817754,103.97792147705331,0.0,Robust-MTD,212,case118
False,0,0.0,False,20,20,False,0,True,0.587153129700233,0.3027433747883166,0.33794868345489326,75.38903329987079,93.58883509994486,0.0,Robust-MTD,213,case118
False,0,0.0,False,20,20,False,102,False,0.3758131567900241,0.16621597925455409,0.33794868345489326,78.46118110755924,107.3580214404501,0.0,Robust-MTD,214,case118
False,0,0.0,False,20,20,False,0,True,0.6031515404976965,0.3548019310008943,0.33794868345489326,81.07486029330175,114.96806069626476,0.0,Robust-MTD,215,case118
False,0,0.0,False,20,20,False,0,True,0.6192908252702894,0.32894061587647155,0.33794868345489326,82.85117494815495,113.8188545126468,0.0,Robust-MTD,216,case118
False,0,0.0,False,20,20,False,0,True,0.6078794370766094,0.3504650584268799,0.33794868345489326,73.04905854398385,95.63355653663166,0.0,Robust-MTD,217,case118
False,0,0.0,False,20,20,False,0,True,0.5793574578783184,0.36814511322063476,0.33794868345489326,82.89046450518072,102.3809541366063,0.0,Robust-MTD,218,case118
False,0,0.0,False,20,20,False,0,True,0.554662036262628,0.33037212328181625,0.33794868345489326,74.57708540605381,107.95742258487735,0.0,Robust-MTD,219,case118
False,0,0.0,False,20,20,False,0,True,0.5946067699371155,0.35857578166350024,0.33794868345489326,76.18468334840145,99.12534964969385,0.0,Robust-MTD,220,case118
False,0,0.0,True,5,5,True,0,True,0.6057688106106127,0.3289235651944882,0.33794868345489326,87.52802919771057,106.5461639460409,0.0,Robust-MTD,221,case118
False,0,0.0,False,20,20,False,0,True,0.5879185491652792,0.3004748459419469,0.33794868345489326,66.80397494346835,90.5626270687208,0.0,Robust-MTD,222,case118
False,0,0.0,False,20,20,False,0,True,0.5989888017111633,0.3501175880645226,0.33794868345489326,63.84947078768163,82.77368537092117,0.0,Robust-MTD,223,case118
False,0,0.0,False,20,20,False,0,True,0.5954167830788571,0.35814602622011626,0.33794868345489326,79.36954179604072,122.67634853487837,0.0,Robust-MTD,224,case118
False,0,0.0,False,20,20,False,0,True,0.5993306103853526,0.35803781757636094,0.33794868345489326,67.11381875502411,85.9916252549738,0.0,Robust-MTD,225,case118
False,0,0.0,False,20,20,False,0,True,0.6315951879607512,0.31596923382404907,0.33794868345489326,63.31293125113007,93.61305178608747,0.0,Robust-MTD,226,case118
False,0,0.0,False,20,20,False,0,True,0.6054699184867206,0.35181418796312547,0.33794868345489326,78.37377511023078,125.69372706057038,0.0,Robust-MTD,227,case118
False,0,0.0,False,20,20,False,0,True,0.6065256192949402,0.34853248425961736,0.33794868345489326,63.649887492647395,84.67343894299121,0.0,Robust-MTD,228,case118
False,0,0.0,False,20,20,False,0,True,0.5859593303642902,0.34553183627308187,0.33794868345489326,68.42519370547961,126.79063299729023,0.0,Robust-MTD,229,case118
False,0,0.0,False,20,20,False,18,False,0.506104523332662,0.21697675000425126,0.33794868345489326,82.77202084718738,122.87519761011936,0.0,Robust-MTD,230,case118
False,0,0.0,False,20,20,False,0,True,0.5993018580907389,0.3461031446420539,0.33794868345489326,63.09263330185785,84.36126070737373,0.0,Robust-MTD,231,case118
False,0,0.0,False,20,20,False,0,True,0.574686583059188,0.3671849083197104,0.33794868345489326,71.76430835679639,110.07956876419489,0.0,Robust-MTD,232,case118
False,0,0.0,False,20,20,False,0,True,0.5915408629637039,0.2880915250326598,0.33794868345489326,73.17493764567189,105.64093962602787,0.0,Robust-MTD,233,case118
False,0,0.0,False,20,20,False,0,True,0.5835491902840485,0.3562815668766589,0.33794868345489326,70.86648549884558,131.15662084601354,0.0,Robust-MTD,234,case118
False,0,0.0,False,20,20,False,0,True,0.5900504909351546,0.3534832080926292,0.33794868345489326,66.50591871002689,91.82036044658163,0.0,Robust-MTD,235,case118
False,0,0.0,False,20,20,False,0,True,0.5883216627367154,0.3643406673624348,0.33794868345489326,73.83562705072109,105.5676288320683,0.0,Robust-MTD,236,case118
False,0,0.0,True,7,7,True,0,True,0.6241655741005636,0.3124403476332545,0.33794868345489326,76.94962299719919,114.13420836324808,0.0,Robust-MTD,237,case118
False,0,0.0,False,20,20,False,0,True,0.5937775735039594,0.351719715109332,0.33794868345489326,76.00534585362766,109.31690861471002,0.0,Robust-MTD,238,case118
False,0,0.0,False,20,20,False,0,True,0.5785293594238177,0.36767313834869986,0.33794868345489326,89.28790409991052,118.14149345736955,0.0,Robust-MTD,239,case118
False,0,0.0,False,20,20,False,0,True,0.585418082598158,0.3632203741373258,0.33794868345489326,84.3051166011719,102.99113332584966,0.0,Robust-MTD,240,case118
False,0,0.0,False,20,20,False,0,True,0.6000803737031328,0.35053980702083304,0.33794868345489326,36.286599954473786,41.123850020812824,0.0,Robust-MTD,241,case118
False,0,0.0,False,20,20,False,0,True,0.5734612505421508,0.3724505713028925,0.33794868345489326,30.22409185068682,36.373360131983645,0.0,Robust-MTD,242,case118
False,0,0.0,False,20,20,False,0,True,0.6081385642017617,0.3497385172576253,0.33794868345489326,83.6915958498139,113.93502567370889,0.0,Robust-MTD,243,case118
False,0,0.0,False,20,20,False,0,True,0.566194057408478,0.3763188139951744,0.33794868345489326,35.67526879487559,40.88092675665394,0.0,Robust-MTD,244,case118
False,0,0.0,False,20,20,False,0,True,0.5861654534729911,0.36510762351693404,0.33794868345489326,28.401764648151584,30.349262477830052,0.0,Robust-MTD,245,case118
False,0,0.0,False,20,20,False,0,True,0.5857779046661449,0.3628303641407038,0.33794868345489326,87.32164990215097,108.00999549101108,0.0,Robust-MTD,246,case118
False,0,0.0,False,20,20,False,14,False,0.4854429721759452,0.22010128250930072,0.33794868345489326,33.46177916391753,40.55039790109732,0.0,Robust-MTD,247,case118
False,0,0.0,False,20,20,False,0,True,0.5739135311864989,0.37259608042473386,0.33794868345489326,30.0079812965123,36.19459372712299,0.0,Robust-MTD,248,case118
False,0,0.0,False,20,20,False,0,True,0.5800760904919895,0.36929546823010845,0.33794868345489326,84.5631584059447,108.01854971796276,0.0,Robust-MTD,249,case118
