attack_flag,h_true,c_true,detected,tau_detect,tau_detect_censored,false_alarm,h_hat_final,id_correct,final_entropy,final_ampvar,cumulative_act_cost,planner_runtime_ms_mean,planner_runtime_ms_p95,max_hide_error,algorithm,episode_id,target_bus,case
True,2,-0.04,True,1,1,False,2,True,3.8671819781202144e-10,0.0015585531342264685,0.4974328241441019,382.6090312068118,460.8380068675627,0.0,MS-HIDE,0,2,case57
True,2,-0.04,True,2,2,False,2,True,3.8671819781197594e-10,0.0015585531341918695,0.49714619820646494,285.66503965412267,341.3852985773702,0.0,MS-HIDE,1,2,case57
True,2,-0.04,True,1,1,False,2,True,3.8671819781197543e-10,0.0015585531341975138,0.5009713877148108,281.77049799996894,332.6351354713552,0.0,MS-HIDE,2,2,case57
True,2,-0.04,True,2,2,False,2,True,3.8671817035197207e-10,0.0015585531342330904,0.5056328150497492,281.7416270961985,326.10412559006363,0.0,MS-HIDE,3,2,case57
True,2,0.04,True,1,1,False,2,True,3.8671819781197625e-10,0.0015585531344899778,0.4952685629041197,277.39455200207885,319.7480993665522,0.0,MS-HIDE,4,2,case57
True,2,0.04,True,1,1,False,2,True,3.8671819781197475e-10,0.0015585531341940403,0.5051589455451091,288.4165644092718,347.68056667235214,0.0,MS-HIDE,5,2,case57
True,2,0.04,True,1,1,False,2,True,3.867181978119804e-10,0.0015585531341940403,0.5051589455451091,293.12175630184356,375.2681125042728,0.0,MS-HIDE,6,2,case57
True,2,-0.04,True,1,1,False,2,True,3.8671819781197584e-10,0.0015585531341940403,0.5051589455451091,288.7669874500716,350.40360682469327,0.0,MS-HIDE,7,2,case57
True,2,0.04,True,3,3,False,2,True,3.867181703519922e-10,0.001558553134213116,0.5003203983440385,282.2764103038935,344.4831868837355,0.0,MS-HIDE,8,2,case57
True,2,0.04,True,1,1,False,2,True,3.8671819781197475e-10,0.0015585531342330902,0.5056328150497492,289.5570750901243,336.542281563743,0.0,MS-HIDE,9,2,case57
True,2,-0.04,True,1,1,False,2,True,3.867181978121897e-10,0.0015585531341940403,0.5051589455451091,272.443462460069,321.93913301161956,0.0,MS-HIDE,10,2,case57
True,2,0.04,True,2,2,False,2,True,3.8671819781208865e-10,0.0015585531342112862,0.4989484751338294,289.4323814078234,373.6504627857358,0.0,MS-HIDE,11,2,case57
True,2,0.04,True,1,1,False,2,True,1.0327614856897948e-09,0.0015585531342050716,0.5056328150497492,277.32646659133025,322.5476172665367,0.0,MS-HIDE,12,2,case57
True,2,0.04,True,0,0,False,2,True,3.8671819781197475e-10,0.0015585531341940403,0.5051589455451091,286.0974894458195,332.78990653052466,0.0,MS-HIDE,13,2,case57
True,2,0.04,True,1,1,False,2,True,3.86718197811975e-10,0.0015585531344612426,0.5036938742770141,280.44699564925395,326.1184934905032,0.0,MS-HIDE,14,2,case57
True,2,0.04,True,1,1,False,2,True,3.8671819781230914e-10,0.001558553134233079,0.49923510107146635,284.1313292447012,345.97013956226874,0.0,MS-HIDE,15,2,case57
True,2,0.04,True,2,2,False,2,True,3.867181703521426e-10,0.001558553134244522,0.4947076119851491,291.9620792992646,340.65469132619916,0.0,MS-HIDE,16,2,case57
True,2,-0.04,True,1,1,False,2,True,3.867181978120044e-10,0.0015585531344616895,0.5039669011726103,291.5512603503885,366.83212321659084,0.0,MS-HIDE,17,2,case57
True,2,-0.04,True,1,1,False,2,True,3.867181978119761e-10,0.001558553134258431,0.49369174435510954,281.15455415681936,336.7574520816561,0.0,MS-HIDE,18,2,case57
True,2,-0.04,True,1,1,False,2,True,3.8671819781197517e-10,0.0015585531341940403,0.5051589455451091,292.339737500879,340.0101232313319,0.0,MS-HIDE,19,2,case57
True,2,0.04,True,1,1,False,2,True,3.867181978119756e-10,0.001558553134233079,0.49923510107146635,281.6843460081145,318.44473574019503,0.0,MS-HIDE,20,2,case57
True,2,0.04,True,1,1,False,2,True,3.8671819781197967e-10,0.0015585531342259891,0.49892380180952867,284.0864583995426,369.7577708517201,0.0,MS-HIDE,21,2,case57
True,2,0.04,True,1,1,False,2,True,3.8671819781197486e-10,0.0015585531344888058,0.495557491573015,288.19481039536186,353.3092957746704,0.0,MS-HIDE,22,2,case57
True,2,-0.04,True,1,1,False,2,True,3.8671819781210767e-10,0.001558553134419064,0.4939756687248017,284.8235791461775,344.4593499734765,0.0,MS-HIDE,23,2,case57
True,2,-0.04,True,2,2,False,2,True,3.8671819781201363e-10,0.0015585531342112862,0.4989484751338294,276.2060167005984,331.0772413708037,0.0,MS-HIDE,24,2,case57
True,2,-0.04,True,1,1,False,2,True,3.8671819781197475e-10,0.0015585531341940403,0.5051589455451091,388.16044779960066,516.866889537779,0.0,MS-HIDE,25,2,case57
True,2,0.04,True,2,2,False,2,True,3.9340388302003215e-10,0.001558553134295577,0.5016598209483148,292.7438041399,350.4505333141424,0.0,MS-HIDE,26,2,case57
True,2,-0.04,True,2,2,False,2,True,3.8671819781197646e-10,0.0015585531341911706,0.4986371758718917,288.77028740243986,347.1918472641846,0.0,MS-HIDE,27,2,case57
True,2,0.04,True,1,1,False,2,True,3.867181978119835e-10,0.0015585531344612426,0.5036938742770141,291.6070168488659,340.3656785201747,0.0,MS-HIDE,28,2,case57
True,2,-0.04,True,1,1,False,2,True,3.867181978119852e-10,0.001558553134290798,0.4954772813633603,288.6901832476724,330.2130208729068,0.0,MS-HIDE,29,2,case57
True,2,-0.04,True,1,1,False,2,True,3.8671819781218806e-10,0.0015585531344612426,0.5036938742770141,288.2447666983353,342.26362230838276,0.0,MS-HIDE,30,2,case57
True,2,-0.04,True,2,2,False,2,True,3.891431826370831e-10,0.0015585531342952362,0.4926778292599806,295.4828832502244,360.87279103521723,0.0,MS-HIDE,31,2,case57
True,2,-0.04,True,2,2,False,2,True,3.8671819781197667e-10,0.0015585531344402077,0.4900568738832085,283.447662499384,338.40209373156546,0.0,MS-HIDE,32,2,case57
True,2,-0.04,True,1,1,False,2,True,3.8671819781197475e-10,0.001558553134419064,0.4939756687248017,286.96864365192596,352.7240746829193,0.0,MS-HIDE,33,2,case57
True,2,0.04,True,1,1,False,2,True,3.86718197811975e-10,0.0015585531342290479,0.49959655531201486,290.6618728477042,354.157852003118,0.0,MS-HIDE,34,2,case57
True,2,0.04,True,1,1,False,2,True,3.867181978119751e-10,0.0015585531341975138,0.5009713877148108,291.81267700041644,368.86118572729174,0.0,MS-HIDE,35,2,case57
True,2,-0.04,True,1,1,False,2,True,3.867181978120664e-10,0.0015585531342420858,0.4822092618074531,292.6206249539973,351.2867750047008,0.0,MS-HIDE,36,2,case57
True,2,0.04,True,1,1,False,2,True,5.086331883836422e-10,0.0015585531344562815,0.5036938742770141,285.93089785426855,354.3439993198263,0.0,MS-HIDE,37,2,case57
True,2,0.04,True,1,1,False,2,True,3.867181978119977e-10,0.0015585531344612426,0.5036938742770141,273.59604184748605,340.9089065855369,0.0,MS-HIDE,38,2,case57
True,2,-0.04,True,1,1,False,2,True,3.86718197811975e-10,0.0015585531344899778,0.4952685629041197,291.9126167020295,378.63910001469776,0.0,MS-HIDE,39,2,case57
True,2,-0.04,True,1,1,False,2,True,3.867181703519502e-10,0.0015585531342330791,0.49923510107146635,292.73662078776397,345.61254970612936,0.0,MS-HIDE,40,2,case57
True,2,-0.04,True,2,2,False,2,True,3.867181703520541e-10,0.001558553134208596,0.49693123686268614,272.0093166048173,314.02225213241763,0.0,MS-HIDE,41,2,case57
True,2,-0.04,True,1,1,False,2,True,3.867181978119748e-10,0.0015585531342264685,0.4974328241441019,289.07020229962654,340.2818857110106,0.0,MS-HIDE,42,2,case57
True,2,0.04,True,1,1,False,2,True,3.8671819781197724e-10,0.001558553134233079,0.49923510107146635,277.78780199878383,332.2907437715912,0.0,MS-HIDE,43,2,case57
True,2,-0.04,True,2,2,False,2,True,3.867181703519506e-10,0.0015585531342311668,0.4797987714061308,284.7886980045587,341.0052940627793,0.0,MS-HIDE,44,2,case57
True,2,-0.04,True,2,2,False,2,True,3.8671819781221324e-10,0.0015585531342952584,0.5019487496172101,278.40647705306765,338.3308059623232,0.0,MS-HIDE,45,2,case57
True,2,-0.04,True,1,1,False,2,True,3.8671819781197806e-10,0.0015585531341975138,0.5009713877148108,279.23612508457154,329.7867558634607,0.0,MS-HIDE,46,2,case57
True,2,-0.04,True,2,2,False,2,True,3.86718197811975e-10,0.0015585531342330902,0.5056328150497492,271.71471041219775,318.6838777095545,0.0,MS-HIDE,47,2,case57
True,2,0.04,True,1,1,False,2,True,3.867181978119748e-10,0.0015585531342902478,0.4957662100322555,278.82654390123207,321.0499277862255,0.0,MS-HIDE,48,2,case57
True,2,-0.04,True,1,1,False,2,True,3.867181978120425e-10,0.001558553134192036,0.5066499232105358,291.0307501530042,349.4224059017142,0.0,MS-HIDE,49,2,case57
True,2,0.04,True,2,2,False,2,True,3.8671819781197625e-10,0.0015585531342330902,0.5056328150497492,383.2876437547384,445.46538338763764,0.0,MS-HIDE,50,2,case57
True,2,-0.04,True,2,2,False,2,True,3.867181978119756e-10,0.0015585531342573625,0.4951271378558597,291.4143561036326,336.1670726357261,0.0,MS-HIDE,51,2,case57
True,2,-0.04,True,1,1,False,2,True,3.867181978119892e-10,0.0015585531342330902,0.5056328150497492,289.48514370422345,337.67953151545953,0.0,MS-HIDE,52,2,case57
True,2,0.04,True,1,1,False,2,True,3.8671819781197646e-10,0.0015585531342555328,0.49877911280008247,288.61733959347475,353.1611955433618,0.0,MS-HIDE,53,2,case57
True,2,-0.04,True,1,1,False,2,True,3.8671817035197176e-10,0.0015585531344179664,0.5058953595682938,289.5374727988383,348.850739284535,0.0,MS-HIDE,54,2,case57
True,2,0.04,True,2,2,False,2,True,3.867181978120637e-10,0.0015585531342953277,0.4926778292599806,287.92922095162794,344.53607741452294,0.0,MS-HIDE,55,2,case57
True,2,-0.04,True,1,1,False,2,True,3.867181978120177e-10,0.0015585531342335393,0.4989461724025711,289.46234169998206,335.9527086606249,0.0,MS-HIDE,56,2,case57
True,2,-0.04,True,2,2,False,2,True,3.8671819781197517e-10,0.0015585531342330902,0.5056328150497492,290.26393104577437,346.8466183781857,0.0,MS-HIDE,57,2,case57
True,2,0.04,True,1,1,False,2,True,3.8671819781199735e-10,0.0015585531344899778,0.4952685629041197,290.0311562931165,359.51899165520445,0.0,MS-HIDE,58,2,case57
True,2,-0.04,True,2,2,False,2,True,3.867181978119748e-10,0.0015585531342254088,0.4928339831595019,291.09074383741245,345.6740003195591,0.0,MS-HIDE,59,2,case57
True,2,0.04,True,1,1,False,2,True,3.867181978121038e-10,0.0015585531342330902,0.5056328150497492,293.2866353483405,383.86132326268125,0.0,MS-HIDE,60,2,case57
True,2,0.04,True,2,2,False,2,True,3.867181978119748e-10,0.001558553134251045,0.49087555233261615,300.2915812510764,353.6476854293142,0.0,MS-HIDE,61,2,case57
True,2,-0.04,True,1,1,False,2,True,3.867181978119756e-10,0.0015585531344612426,0.5036938742770141,288.8632145419251,347.22384020569734,0.0,MS-HIDE,62,2,case57
True,2,-0.04,True,1,1,False,2,True,3.867181978119799e-10,0.0015585531342330902,0.5056328150497492,293.59239380282816,376.07030624349136,0.0,MS-HIDE,63,2,case57
True,2,0.04,True,1,1,False,2,True,3.8671819781198613e-10,0.0015585531344612426,0.5036938742770141,296.3838958996348,354.44192773720715,0.0,MS-HIDE,64,2,case57
True,2,-0.04,True,1,1,False,2,True,3.867181978119751e-10,0.0015585531341975138,0.5009713877148108,281.78791874670424,362.1882312785601,0.0,MS-HIDE,65,2,case57
True,2,-0.04,True,1,1,False,2,True,3.867181978120434e-10,0.001558553134419064,0.4939756687248017,280.4437312472146,339.53078988706693,0.0,MS-HIDE,66,2,case57
True,2,0.04,True,2,2,False,2,True,3.8671819781197543e-10,0.0015585531342952584,0.5019487496172101,282.66119589388836,351.3166600750992,0.0,MS-HIDE,67,2,case57
True,2,-0.04,True,2,2,False,2,True,3.8671819781197677e-10,0.0015585531342116913,0.49865954646493416,290.05321050353814,362.722414243035,0.0,MS-HIDE,68,2,case57
True,2,0.04,True,1,1,False,2,True,3.867181978119754e-10,0.001558553134419064,0.4939756687248017,267.4886603432242,342.51311906264164,0.0,MS-HIDE,69,2,case57
True,2,-0.04,True,2,2,False,2,True,3.8671817035194927e-10,0.001558553134177435,0.49795164121801494,289.6742541110143,333.9614899130538,0.0,MS-HIDE,70,2,case57
True,2,-0.04,True,1,1,False,2,True,3.867181978119748e-10,0.0015585531342912824,0.4997714865544213,274.9878478498431,336.56396872829646,0.0,MS-HIDE,71,2,case57
True,2,-0.04,True,1,1,False,2,True,3.867181978119761e-10,0.0015585531342902478,0.4957662100322555,282.6118958473671,341.98676287487615,0.0,MS-HIDE,72,2,case57
True,2,0.04,True,1,1,False,2,True,3.8671819781198447e-10,0.0015585531342264685,0.4974328241441019,281.62696864746977,327.30165449902415,0.0,MS-HIDE,73,2,case57
True,2,0.04,True,1,1,False,2,True,3.8671819781210803e-10,0.0015585531341940403,0.5051589455451091,275.34586250258144,341.32872150221374,0.0,MS-HIDE,74,2,case57
True,2,-0.04,True,1,1,False,2,True,3.867181978119756e-10,0.0015585531342902478,0.4957662100322555,387.6474750926718,479.64541904803013,0.0,MS-HIDE,75,2,case57
True,2,0.04,True,1,1,False,2,True,3.8671819781197506e-10,0.001558553134419064,0.4939756687248017,292.721275149961,346.3376104074996,0.0,MS-HIDE,76,2,case57
True,2,0.04,True,1,1,False,2,True,3.8671819781197646e-10,0.0015585531342330902,0.5056328150497492,285.75643964868505,323.3033979689935,0.0,MS-HIDE,77,2,case57
True,2,-0.04,True,1,1,False,2,True,3.8671819781197486e-10,0.0015585531342392613,0.496976835872718,285.1411457901122,344.15121839847416,0.0,MS-HIDE,78,2,case57
True,2,-0.04,True,1,1,False,2,True,3.867181978119916e-10,0.001558553134419064,0.4939756687248017,282.95394574815873,341.37506520200986,0.0,MS-HIDE,79,2,case57
True,2,-0.04,True,2,2,False,2,True,3.867181978119748e-10,0.0015585531342330902,0.5056328150497492,276.89147089549806,327.03789611696266,0.0,MS-HIDE,80,2,case57
True,2,0.04,True,1,1,False,2,True,3.8671819781199197e-10,0.0015585531342419562,0.4878566867228533,290.99984985077754,345.38971217407385,0.0,MS-HIDE,81,2,case57
True,2,0.04,True,1,1,False,2,True,3.8671819781198127e-10,0.0015585531344612426,0.5036938742770141,286.4986647502519,357.0806663658004,0.0,MS-HIDE,82,2,case57
True,2,-0.04,True,2,2,False,2,True,3.867181978119808e-10,0.0015585531342258046,0.4896250328440608,285.78069990326185,352.17022645520046,0.0,MS-HIDE,83,2,case57
True,2,-0.04,True,1,1,False,2,True,3.8671819781200867e-10,0.0015585531342346803,0.48688803609702747,284.56543940119445,330.7701728859684,0.0,MS-HIDE,84,2,case57
True,2,-0.04,True,2,2,False,2,True,3.8671819781207396e-10,0.0015585531344241284,0.49692941478322417,277.8930917062098,318.0393836868461,0.0,MS-HIDE,85,2,case57
True,2,-0.04,True,2,2,False,2,True,3.86718197811975e-10,0.0015585531342445218,0.4947076119851491,287.853879245813,344.873523246497,0.0,MS-HIDE,86,2,case57
True,2,-0.04,True,1,1,False,2,True,3.8671819781197475e-10,0.0015585531341940403,0.5051589455451091,279.4201250479091,368.7388503632974,0.0,MS-HIDE,87,2,case57
True,2,0.04,True,1,1,False,2,True,3.8671819781197475e-10,0.0015585531344899778,0.4952685629041197,285.31459385412745,339.3765180866467,0.0,MS-HIDE,88,2,case57
True,2,-0.04,True,1,1,False,2,True,3.8671819781197517e-10,0.0015585531342264685,0.4974328241441019,283.02299384376965,349.76528185652575,0.0,MS-HIDE,89,2,case57
True,2,-0.04,True,2,2,False,2,True,3.8671819781198044e-10,0.0015585531342335393,0.4989461724025711,274.6510582539486,334.37771938042715,0.0,MS-HIDE,90,2,case57
True,2,0.04,True,1,1,False,2,True,3.867181703519516e-10,0.0015585531344616897,0.5039669011726103,287.1460020483937,342.400751754758,0.0,MS-HIDE,91,2,case57
True,2,-0.04,True,1,1,False,2,True,3.86718197812006e-10,0.0015585531344612426,0.5036938742770141,285.7679125503637,336.529611053993,0.0,MS-HIDE,92,2,case57
True,2,-0.04,True,1,1,False,2,True,3.8671819781198897e-10,0.001558553134236286,0.49158601940557556,280.7489000086207,365.19766221172176,0.0,MS-HIDE,93,2,case57
True,2,0.04,True,1,1,False,2,True,3.867181703519548e-10,0.001558553134197514,0.5009713877148108,285.6731854408281,337.17460622428916,0.0,MS-HIDE,94,2,case57
True,2,0.04,True,1,1,False,2,True,3.8671819781197837e-10,0.0015585531341975138,0.5009713877148108,276.3928040949395,324.24484370567376,0.0,MS-HIDE,95,2,case57
True,2,0.04,True,1,1,False,2,True,3.8671819781197475e-10,0.0015585531342544694,0.49375521464565053,282.80191870289855,326.18173891387414,0.0,MS-HIDE,96,2,case57
True,2,-0.04,True,2,2,False,2,True,3.86718197812138e-10,0.0015585531342446127,0.491224565165027,282.85550620639697,352.02307119907346,0.0,MS-HIDE,97,2,case57
True,2,0.04,True,2,2,False,2,True,3.8671819781200386e-10,0.001558553134233079,0.49923510107146635,275.13378329749685,334.07917674048804,0.0,MS-HIDE,98,2,case57
True,2,-0.04,True,1,1,False,2,True,3.8671819781197506e-10,0.0015585531342392613,0.496976835872718,283.3379645453533,355.4381110763643,0.0,MS-HIDE,99,2,case57
True,3,-0.04,True,2,2,False,3,True,3.8671819781197475e-10,0.0010234120716263045,0.4665074904412692,375.4695186507888,458.82319999800654,0.0,MS-HIDE,100,3,case57
True,3,0.04,True,2,2,False,3,True,3.8671819781197475e-10,0.0010234120716792919,0.46816128336220275,288.14014795643743,354.8005854681833,0.0,MS-HIDE,101,3,case57
True,3,-0.04,True,1,1,False,3,True,3.8671819781197475e-10,0.001023412071865398,0.4673305018618611,303.50740410212893,361.31783332384657,0.0,MS-HIDE,102,3,case57
True,3,-0.04,True,1,1,False,3,True,3.8671819781197475e-10,0.0010234120718175836,0.47319183035718904,277.704750050907,324.76361633744096,0.0,MS-HIDE,103,3,case57
True,3,-0.04,True,1,1,False,3,True,3.8671819781197475e-10,0.0010234120718175836,0.47319183035718904,291.2957002525218,342.87027357786434,0.0,MS-HIDE,104,3,case57
True,3,0.04,True,1,1,False,3,True,3.8671819781197475e-10,0.0010234120718180608,0.46679411637890617,284.14843129576184,336.48920626146725,0.0,MS-HIDE,105,3,case57
True,3,0.04,True,2,2,False,3,True,3.8671819781197475e-10,0.001023412071790576,0.47278218881955897,294.4227896077791,363.9540268050041,0.0,MS-HIDE,106,3,case57
True,3,-0.04,True,1,1,False,3,True,3.8671819781197475e-10,0.0010234120718175836,0.47319183035718904,280.99195619579405,337.0070097385906,0.0,MS-HIDE,107,3,case57
True,3,0.04,True,2,2,False,3,True,3.8671819781197475e-10,0.0010234120718297568,0.47152591648005016,278.197306196671,345.150532698608,0.0,MS-HIDE,108,3,case57
True,3,-0.04,True,1,1,False,3,True,3.8671819781197475e-10,0.0010234120718175836,0.47319183035718904,285.8010998519603,345.27053304482257,0.0,MS-HIDE,109,3,case57
True,3,0.04,True,1,1,False,3,True,3.8671819781197475e-10,0.0010234120718180608,0.46679411637890617,278.5052978404565,327.9503705096431,0.0,MS-HIDE,110,3,case57
True,3,0.04,True,1,1,False,3,True,3.8671819781197475e-10,0.001023412071946478,0.4734543748757336,276.9524269999238,324.4824684574269,0.0,MS-HIDE,111,3,case57
True,3,0.04,True,1,1,False,3,True,3.8671819781197475e-10,0.0010234120717476246,0.46664793510373354,287.54189584578853,345.7955690799281,0.0,MS-HIDE,112,3,case57
True,3,0.04,True,1,1,False,3,True,3.8671819781197475e-10,0.001023412071876391,0.4663381281075223,270.0835291383555,322.9666083207121,0.0,MS-HIDE,113,3,case57
True,3,0.04,True,1,1,False,3,True,3.8671819781197475e-10,0.001023412071817785,0.46828509404433294,273.89904784504324,320.2276666852413,0.0,MS-HIDE,114,3,case57
True,3,-0.04,True,1,1,False,3,True,3.8671819781197475e-10,0.001023412071946478,0.4734543748757336,284.7772604494821,326.7211610422237,0.0,MS-HIDE,115,3,case57
True,3,-0.04,True,1,1,False,3,True,3.8671819781197475e-10,0.0010234120715768371,0.47033267994961503,286.61711680470034,341.8534881348023,0.0,MS-HIDE,116,3,case57
True,3,-0.04,True,1,1,False,3,True,3.8671819781197475e-10,0.0010234120728802262,0.46131422995309035,277.8742666414473,322.04978335939813,0.0,MS-HIDE,117,3,case57
True,3,0.04,True,1,1,False,3,True,3.8671819781197475e-10,0.0010234120718303947,0.4727438672498807,287.5773208477767,348.5329041664955,0.0,MS-HIDE,118,3,case57
True,3,0.04,True,1,1,False,3,True,3.8671819781197475e-10,0.001023412071946478,0.4734543748757336,272.20147090847604,354.4744673243258,0.0,MS-HIDE,119,3,case57
True,3,0.04,True,1,1,False,3,True,3.8671819781197475e-10,0.0010234120720611357,0.46203021500962016,283.4831563028274,343.9592441020068,0.0,MS-HIDE,120,3,case57
True,3,0.04,True,1,1,False,3,True,3.8671819781197475e-10,0.001023412071566087,0.47452023777991337,280.599402153166,350.6220402341569,0.0,MS-HIDE,121,3,case57
True,3,-0.04,True,1,1,False,3,True,3.8671819781197475e-10,0.0010234120718180608,0.46679411637890617,283.17870430473704,345.0868714804528,0.0,MS-HIDE,122,3,case57
True,3,0.04,True,2,2,False,3,True,3.8671819781197475e-10,0.0010234120718009545,0.46333696095960597,281.43486049666535,339.75968364393344,0.0,MS-HIDE,123,3,case57
True,3,-0.04,True,1,1,False,3,True,3.8671819781197475e-10,0.0010234120718180608,0.46679411637890617,284.81371870147996,363.35628540255135,0.0,MS-HIDE,124,3,case57
True,3,-0.04,True,2,2,False,3,True,3.8671819781197475e-10,0.0010234120715768371,0.47033267994961503,381.8145854980685,428.6004472669459,0.0,MS-HIDE,125,3,case57
True,3,-0.04,True,2,2,False,3,True,3.8671819781197475e-10,0.0010234120718812566,0.4642983672714687,296.9068979116855,373.88423509837594,0.0,MS-HIDE,126,3,case57
True,3,0.04,True,2,2,False,3,True,3.8671819781197475e-10,0.0010234120715768371,0.47033267994961503,294.1772023012163,364.88159612927126,0.0,MS-HIDE,127,3,case57
True,3,-0.04,True,1,1,False,3,True,3.8671819781197475e-10,0.0010234120718306755,0.4712528895844539,284.64223535265774,342.290679179132,0.0,MS-HIDE,128,3,case57
True,3,0.04,True,1,1,False,3,True,3.8671819781197475e-10,0.0010234120718173078,0.47468280802261575,287.90697499061935,350.1902368967422,0.0,MS-HIDE,129,3,case57
True,3,0.04,True,2,2,False,3,True,3.8671819781197475e-10,0.001023412071821985,0.46219160323693365,286.32615620153956,347.20205386111047,0.0,MS-HIDE,130,3,case57
True,3,0.04,True,2,2,False,3,True,3.8671819781197475e-10,0.0010234120716263045,0.4665074904412692,278.6228269978892,329.91526076802984,0.0,MS-HIDE,131,3,case57
True,3,-0.04,True,2,2,False,3,True,3.8671819781197475e-10,0.0010234120715659862,0.47601121544534014,293.556960351998,373.3721437805798,0.0,MS-HIDE,132,3,case57
True,3,-0.04,True,1,1,False,3,True,3.8671819781197475e-10,0.001023412071566087,0.47452023777991337,285.840885451762,334.82912295439746,0.0,MS-HIDE,133,3,case57
True,3,-0.04,True,2,2,False,3,True,3.8671819781197475e-10,0.0010234120716263045,0.4665074904412692,288.5876249958528,338.5660103522241,0.0,MS-HIDE,134,3,case57
True,3,0.04,True,1,1,False,3,True,3.8671819781197475e-10,0.001023412071946478,0.4734543748757336,287.3683417477878,346.9640211231308,0.0,MS-HIDE,135,3,case57
True,3,0.04,True,1,1,False,3,True,3.8671819781197475e-10,0.0010234120718175836,0.47319183035718904,279.6066019043792,342.44440144393593,0.0,MS-HIDE,136,3,case57
True,3,-0.04,True,3,3,False,3,True,3.8671819781197475e-10,0.001023412071794156,0.4658295374778467,289.57107714377344,337.60747977066785,0.0,MS-HIDE,137,3,case57
True,3,-0.04,True,1,1,False,3,True,3.8671819781197475e-10,0.0010234120718175836,0.47319183035718904,286.89975005108863,348.6567308806116,0.0,MS-HIDE,138,3,case57
True,3,-0.04,True,2,2,False,3,True,3.8671819781197475e-10,0.0010234120718618097,0.46329035104848026,284.14112929604016,353.4971441316884,0.0,MS-HIDE,139,3,case57
True,3,0.04,True,1,1,False,3,True,3.8671819781197475e-10,0.0010234120728500914,0.4587835804724668,291.68418319895864,342.8650315385312,0.0,MS-HIDE,140,3,case57
True,3,0.04,True,1,1,False,3,True,3.8671819781197475e-10,0.0010234120718180608,0.46679411637890617,287.394381154445,345.63194373331504,0.0,MS-HIDE,141,3,case57
True,3,0.04,True,1,1,False,3,True,3.8671819781197475e-10,0.0010234120715768371,0.47033267994961503,289.1391271055909,349.6566083660582,0.0,MS-HIDE,142,3,case57
True,3,0.04,True,2,2,False,3,True,3.8671819781197475e-10,0.0010234120715768371,0.47033267994961503,283.6647750023985,344.40766042098403,0.0,MS-HIDE,143,3,case57
True,3,0.04,True,1,1,False,3,True,3.8671819781197475e-10,0.0010234120719492484,0.4630256616976683,274.9297333502909,335.47755865438376,0.0,MS-HIDE,144,3,case57
True,3,-0.04,True,1,1,False,3,True,3.8671819781197475e-10,0.0010234120718180608,0.46679411637890617,282.0833375066286,318.60327115573455,0.0,MS-HIDE,145,3,case57
True,3,-0.04,True,1,1,False,3,True,3.8671819781197475e-10,0.0010234120717476246,0.46664793510373354,285.13309574627783,360.0937107374193,0.0,MS-HIDE,146,3,case57
True,3,-0.04,True,1,1,False,3,True,3.8671819781197475e-10,0.0010234120718175836,0.47319183035718904,276.3383417506702,340.7071413734229,0.0,MS-HIDE,147,3,case57
True,3,0.04,True,2,2,False,3,True,3.8671819781197475e-10,0.001023412071566087,0.47452023777991337,279.2663873435231,325.87074166513054,0.0,MS-HIDE,148,3,case57
True,3,0.04,True,1,1,False,3,True,3.8671819781197475e-10,0.0010234120718180608,0.46679411637890617,277.3915812955238,342.27643686172087,0.0,MS-HIDE,149,3,case57
True,3,0.04,True,1,1,False,3,True,3.8671819781197475e-10,0.0010234120718297568,0.47152591648005016,376.0650269978214,433.752902687412,0.0,MS-HIDE,150,3,case57
True,3,-0.04,True,1,1,False,3,True,3.8671819781197475e-10,0.0010234120718180608,0.46679411637890617,276.5150563471252,323.8080919341883,0.0,MS-HIDE,151,3,case57
True,3,-0.04,True,1,1,False,3,True,3.8671819781197475e-10,0.0010234120718297568,0.47152591648005016,280.5199186404934,335.7684997288743,0.0,MS-HIDE,152,3,case57
True,3,-0.04,True,1,1,False,3,True,3.8671819781197475e-10,0.0010234120718175836,0.47319183035718904,283.53855424793437,345.5135917000007,0.0,MS-HIDE,153,3,case57
True,3,0.04,True,2,2,False,3,True,3.8671819781197475e-10,0.0010234120715768371,0.47033267994961503,279.792291650665,331.56605209514964,0.0,MS-HIDE,154,3,case57
True,3,0.04,True,2,2,False,3,True,3.8671819781197475e-10,0.0010234120715768371,0.47033267994961503,283.70317310036626,354.83467736048624,0.0,MS-HIDE,155,3,case57
True,3,-0.04,True,2,2,False,3,True,3.8671819781197475e-10,0.0010234120715659862,0.47601121544534014,278.95138970343396,347.4228628590936,0.0,MS-HIDE,156,3,case57
True,3,0.04,True,1,1,False,3,True,3.8671819781197475e-10,0.0010234120718175836,0.47319183035718904,281.4151208556723,349.4721857830882,0.0,MS-HIDE,157,3,case57
True,3,0.04,True,1,1,False,3,True,3.8671819781197475e-10,0.001023412071566087,0.47452023777991337,282.47719165228773,353.04346395714674,0.0,MS-HIDE,158,3,case57
True,3,-0.04,True,1,1,False,3,True,3.8671819781197475e-10,0.0010234120718175836,0.47319183035718904,277.537424795446,339.7036993934307,0.0,MS-HIDE,159,3,case57
True,3,-0.04,True,1,1,False,3,True,3.8671819781197475e-10,0.001023412071942138,0.4542553434218127,274.14993749407586,332.4229472869775,0.0,MS-HIDE,160,3,case57
True,3,0.04,True,3,3,False,3,True,3.8671819781197475e-10,0.001023412071554283,0.4633827069056309,281.28150415432174,373.7412920483621,0.0,MS-HIDE,161,3,case57
True,3,-0.04,True,1,1,False,3,True,3.8671819781197475e-10,0.0010234120718306755,0.4712528895844539,284.4731686054729,335.9501809696667,0.0,MS-HIDE,162,3,case57
True,3,0.04,True,2,2,False,3,True,3.8671819781197475e-10,0.0010234120715767307,0.47182365761504175,283.9779979578452,346.9665107608307,0.0,MS-HIDE,163,3,case57
True,3,0.04,True,1,1,False,3,True,3.8671819781197475e-10,0.0010234120718175836,0.47319183035718904,276.8753812473733,338.09476247406565,0.0,MS-HIDE,164,3,case57
True,3,-0.04,True,1,1,False,3,True,3.8671819781197475e-10,0.001023412071888064,0.4645698162772146,284.62446664634626,329.5641145989066,0.0,MS-HIDE,165,3,case57
True,3,0.04,True,1,1,False,3,True,3.8671819781197475e-10,0.0010234120718175836,0.47319183035718904,288.3403646061197,338.88379619165795,0.0,MS-HIDE,166,3,case57
True,3,0.04,True,1,1,False,3,True,3.8671819781197475e-10,0.0010234120718180608,0.46679411637890617,289.16492094285786,346.3157666497864,0.0,MS-HIDE,167,3,case57
True,3,-0.04,True,2,2,False,3,True,3.8671819781197475e-10,0.001023412071727131,0.46104228757897037,281.2826000037603,344.35242111212574,0.0,MS-HIDE,168,3,case57
True,3,-0.04,True,1,1,False,3,True,3.8671819781197475e-10,0.0010234120718175836,0.47319183035718904,277.53699165186845,328.21880661649635,0.0,MS-HIDE,169,3,case57
True,3,0.04,True,1,1,False,3,True,3.8671819781197475e-10,0.0010234120718180608,0.46679411637890617,295.97612920042593,363.1982193677686,0.0,MS-HIDE,170,3,case57
True,3,0.04,True,0,0,False,3,True,3.8671819781197475e-10,0.001023412071876391,0.4663381281075223,269.08458964317106,331.322341345367,0.0,MS-HIDE,171,3,case57
True,3,0.04,True,2,2,False,3,True,3.8671819781197475e-10,0.0010234120715767307,0.47182365761504175,292.1725709544262,342.2231502830982,0.0,MS-HIDE,172,3,case57
True,3,0.04,True,2,2,False,3,True,3.8671819781197475e-10,0.0010234120716774565,0.4651239988885363,286.55329589673784,346.57460278540384,0.0,MS-HIDE,173,3,case57
True,3,-0.04,True,1,1,False,3,True,3.8671819781197475e-10,0.0010234120715768371,0.47033267994961503,282.8203542943811,329.05148509889847,0.0,MS-HIDE,174,3,case57
True,3,-0.04,True,2,2,False,3,True,3.8671819781197475e-10,0.0010234120715768371,0.47033267994961503,380.47098125098273,427.8293499635777,0.0,MS-HIDE,175,3,case57
True,3,0.04,True,3,3,False,3,True,3.8671819781197475e-10,0.0010234120715209678,0.4763225147072778,288.04265834914986,327.9655663645826,0.0,MS-HIDE,176,3,case57
True,3,-0.04,True,1,1,False,3,True,3.8671819781197475e-10,0.0010234120718173078,0.47468280802261575,282.01243131188676,328.3225958730327,0.0,MS-HIDE,177,3,case57
True,3,0.04,True,1,1,False,3,True,3.8671819781197475e-10,0.0010234120718180608,0.46679411637890617,284.83560420863796,359.5802506402834,0.0,MS-HIDE,178,3,case57
True,3,-0.04,True,2,2,False,3,True,3.8671819781197475e-10,0.0010234120716779902,0.46994118969652476,286.82543539616745,359.2664440657245,0.0,MS-HIDE,179,3,case57
True,3,0.04,True,3,3,False,3,True,3.8671819781197475e-10,0.0010234120715776162,0.46802083869973843,281.78877289465163,352.2165809175931,0.0,MS-HIDE,180,3,case57
True,3,-0.04,True,1,1,False,3,True,3.8671819781197475e-10,0.0010234120718180608,0.46679411637890617,292.2123813041253,384.1238735272782,0.0,MS-HIDE,181,3,case57
True,3,-0.04,True,1,1,False,3,True,3.8671819781197475e-10,0.0010234120718175836,0.47319183035718904,287.9996416566428,344.56550382601563,0.0,MS-HIDE,182,3,case57
True,3,0.04,True,1,1,False,3,True,3.8671819781197475e-10,0.0010234120728800076,0.4628052076185171,283.8780335645424,351.2121191044571,0.0,MS-HIDE,183,3,case57
True,3,0.04,True,1,1,False,3,True,3.8671819781197475e-10,0.001023412071566087,0.47452023777991337,301.3181480462663,389.49580029875506,0.0,MS-HIDE,184,3,case57
True,3,0.04,True,2,2,False,3,True,3.8671819781197475e-10,0.0010234120715768371,0.47033267994961503,292.0325915940339,345.23462498909794,0.0,MS-HIDE,185,3,case57
True,3,0.04,True,2,2,False,3,True,3.8671819781197475e-10,0.0010234120715767307,0.47182365761504175,281.94898099754937,336.83252499904484,0.0,MS-HIDE,186,3,case57
True,3,-0.04,True,2,2,False,3,True,3.8671819781197475e-10,0.001023412071862421,0.45306153170768415,279.7216769919032,336.5956291760085,0.0,MS-HIDE,187,3,case57
True,3,0.04,True,1,1,False,3,True,3.8671819781197475e-10,0.001023412071876391,0.4663381281075223,281.77037719869986,332.2459434508346,0.0,MS-HIDE,188,3,case57
True,3,-0.04,True,2,2,False,3,True,3.8671819781197475e-10,0.0010234120715659862,0.47601121544534014,289.1688938019797,331.53147497505427,0.0,MS-HIDE,189,3,case57
True,3,0.04,True,1,1,False,3,True,3.8671819781197475e-10,0.001023412071566087,0.47452023777991337,281.614964545588,340.0693856878206,0.0,MS-HIDE,190,3,case57
True,3,-0.04,True,2,2,False,3,True,3.8671819781197475e-10,0.0010234120719699016,0.4659794077560907,275.17166245379485,323.7485601013759,0.0,MS-HIDE,191,3,case57
True,3,0.04,True,3,3,False,3,True,3.8671819781197475e-10,0.0010234120715619443,0.46969818931593355,272.0150104985805,337.32022293552296,0.0,MS-HIDE,192,3,case57
True,3,-0.04,True,1,1,False,3,True,3.8671819781197475e-10,0.0010234120718180608,0.46679411637890617,278.96612910553813,337.81548125261907,0.0,MS-HIDE,193,3,case57
True,3,-0.04,True,1,1,False,3,True,3.8671819781197475e-10,0.0010234120715659862,0.47601121544534014,277.9067019582726,338.67463508504443,0.0,MS-HIDE,194,3,case57
True,3,0.04,True,1,1,False,3,True,3.8671819781197475e-10,0.0010234120718175836,0.47319183035718904,285.9474563447293,339.7284006263362,0.0,MS-HIDE,195,3,case57
True,3,0.04,True,1,1,False,3,True,3.8671819781197475e-10,0.0010234120718180608,0.46679411637890617,290.31827510043513,344.4382083544042,0.0,MS-HIDE,196,3,case57
True,3,0.04,True,1,1,False,3,True,3.8671819781197475e-10,0.0010234120718180608,0.46679411637890617,282.4265646515414,369.1771232755855,0.0,MS-HIDE,197,3,case57
True,3,-0.04,True,2,2,False,3,True,3.8671819781197475e-10,0.0010234120718883625,0.4630788386117878,284.43321245140396,336.3841622282053,0.0,MS-HIDE,198,3,case57
True,3,0.04,True,1,1,False,3,True,3.8671819781197475e-10,0.0010234120718306755,0.4712528895844539,288.1021105509717,345.5643148976378,0.0,MS-HIDE,199,3,case57
True,4,0.04,False,20,20,False,0,False,0.4699517645956835,0.2916687399435806,0.5713844864814327,368.99666240497027,497.6155243843107,0.0,MS-HIDE,200,4,case57
True,4,-0.04,False,20,20,False,0,False,0.4247472776028523,0.33388164338001597,0.5721506917673432,273.3627770416206,336.53446873358916,0.0,MS-HIDE,201,4,case57
True,4,-0.04,False,20,20,False,0,False,0.4436376343220456,0.3281687046653015,0.5191979112173938,278.690687395283,364.9989597091917,0.0,MS-HIDE,202,4,case57
True,4,0.04,False,20,20,False,0,False,0.47106110574754373,0.3209574171012026,0.5113677755323616,272.5439542380627,334.26531939185224,0.0,MS-HIDE,203,4,case57
True,4,0.04,False,20,20,False,0,False,0.45556355896872286,0.326458878515078,0.524076914896046,275.5815709097078,331.67016044317285,0.0,MS-HIDE,204,4,case57
True,4,0.04,False,20,20,False,0,False,0.4483046630345935,0.33241062158494805,0.495177328673352,275.5669832054991,336.53549545560963,0.0,MS-HIDE,205,4,case57
True,4,-0.04,False,20,20,False,0,False,0.42353377787514573,0.3382174043218192,0.503812813059247,274.5598603563849,331.11533681512816,0.0,MS-HIDE,206,4,case57
True,4,-0.04,False,20,20,False,0,False,0.4653722541948978,0.317221409074022,0.5647239430375159,280.3250604541972,336.624072981067,0.0,MS-HIDE,207,4,case57
True,4,0.04,False,20,20,False,0,False,0.4500194348136481,0.32751798296972406,0.5604490881224637,284.06089794589207,356.5601704962319,0.0,MS-HIDE,208,4,case57
True,4,-0.04,False,20,20,False,0,False,0.43461899811376625,0.32763637808985563,0.5259556995443435,269.67899179144297,334.0057437890209,0.0,MS-HIDE,209,4,case57
True,4,0.04,False,20,20,False,0,False,0.4299322775566891,0.33694209513531587,0.5193677074508269,263.71356440358795,309.425055628526,0.0,MS-HIDE,210,4,case57
True,4,-0.04,False,20,20,False,0,False,0.4352966905246672,0.3351430706836637,0.5086829942479836,282.31908754387405,333.7509693868924,0.0,MS-HIDE,211,4,case57
True,4,-0.04,False,20,20,False,0,False,0.44240519460194644,0.332067735261553,0.5160836097087941,270.33937080122996,325.2670714224223,0.0,MS-HIDE,212,4,case57
True,4,0.04,False,20,20,False,0,False,0.4235786089783417,0.3353465283683834,0.5585306275275358,284.45556450169533,355.0550458225189,0.0,MS-HIDE,213,4,case57
True,4,0.04,False,20,20,False,0,False,0.4346292060590848,0.3340977983031609,0.5259639526522717,282.2109291970264,354.8858975816984,0.0,MS-HIDE,214,4,case57
True,4,-0.04,False,20,20,False,0,False,0.4567984392056006,0.32569199367518487,0.5419436312139797,280.886164601543,335.38647472159937,0.0,MS-HIDE,215,4,case57
True,4,0.04,False,20,20,False,0,False,0.4363095830490934,0.3306496041688429,0.5174581617069698,270.78349990188144,323.63188750168774,0.0,MS-HIDE,216,4,case57
True,4,0.04,False,20,20,False,0,False,0.42772104588148835,0.3344368830596515,0.5206495065755394,270.1240562979365,336.56706072797533,0.0,MS-HIDE,217,4,case57
True,4,0.04,False,20,20,False,0,False,0.4572502851784161,0.31946769952442466,0.5267641320502269,273.8720957975602,323.65681694063824,0.0,MS-HIDE,218,4,case57
True,4,0.04,False,20,20,False,0,False,0.4425686982974331,0.32605752540474875,0.5267937951599699,283.480372899794,355.17478539259173,0.0,MS-HIDE,219,4,case57
True,4,-0.04,False,20,20,False,0,False,0.4379403475554692,0.33150805890538665,0.5660667077702882,269.8977229563752,323.60288746422157,0.0,MS-HIDE,220,4,case57
True,4,-0.04,False,20,20,False,0,False,0.4194480934193731,0.33725435174959145,0.5744737623458522,278.8792687118985,330.83033719449304,0.0,MS-HIDE,221,4,case57
True,4,0.04,False,20,20,False,0,False,0.4359384894042177,0.33068656872324215,0.5303577161912482,281.19564391090535,338.4759086649865,0.0,MS-HIDE,222,4,case57
True,4,-0.04,False,20,20,False,0,False,0.42364679684810225,0.3312971670959972,0.5812931323242866,271.741899906192,331.966746141552,0.0,MS-HIDE,223,4,case57
True,4,0.04,False,20,20,False,0,False,0.49988852149754065,0.30711103940608964,0.5080291556859796,269.8888707498554,324.5409270224627,0.0,MS-HIDE,224,4,case57
True,4,0.04,False,20,20,False,0,False,0.4649719632456826,0.315927688700146,0.5052261435870836,384.4744166563032,466.2188065645763,0.0,MS-HIDE,225,4,case57
True,4,0.04,False,20,20,False,0,False,0.41283910560025866,0.33660957620398213,0.5748092519124806,287.58628555224277,342.36593576788437,0.0,MS-HIDE,226,4,case57
True,4,-0.04,False,20,20,False,0,False,0.44087757409172873,0.3295466622504442,0.530792546818009,282.83497699012514,336.0031892429106,0.0,MS-HIDE,227,4,case57
True,4,-0.04,False,20,20,False,0,False,0.4495296259340104,0.31485404975035175,0.5573636182943096,293.8609625562094,356.0477773717139,0.0,MS-HIDE,228,4,case57
True,4,0.04,True,11,11,False,0,False,0.4840779157604701,0.31903128272250675,0.5563583395922289,282.4263876042096,326.7170271399664,0.0,MS-HIDE,229,4,case57
True,4,0.04,False,20,20,False,0,False,0.4357867066191424,0.32960526571301035,0.5481327220216784,282.29547285009176,327.96219520969316,0.0,MS-HIDE,230,4,case57
True,4,0.04,False,20,20,False,0,False,0.4437977739293309,0.331616847114728,0.4961783155563152,279.4490374450106,343.0163808778161,0.0,MS-HIDE,231,4,case57
True,4,0.04,False,20,20,False,0,False,0.46002162496442306,0.3232772418544274,0.5187838280723934,282.8583707072539,347.07199794938794,0.0,MS-HIDE,232,4,case57
True,4,-0.04,False,20,20,False,0,False,0.47210942061453626,0.3095996470016416,0.533729658834138,274.6509791526478,324.16357912297826,0.0,MS-HIDE,233,4,case57
True,4,-0.04,False,20,20,False,0,False,0.42863593267357314,0.33555011425516473,0.5718997559168821,282.13252705463674,359.42086809372995,0.0,MS-HIDE,234,4,case57
True,4,0.04,False,20,20,False,0,False,0.4642876529883646,0.3264619045503863,0.5184410356364012,279.8393772041891,323.7197565438692,0.0,MS-HIDE,235,4,case57
True,4,-0.04,False,20,20,False,0,False,0.44381866723083796,0.3303432490183618,0.5229449199187307,280.56516039941926,317.6278792525409,0.0,MS-HIDE,236,4,case57
True,4,0.04,False,20,20,False,0,False,0.4288905997080007,0.33559944260765895,0.546156916036246,271.9159750500694,312.9670229565818,0.0,MS-HIDE,237,4,case57
True,4,0.04,False,20,20,False,0,False,0.45163573532333573,0.3273005767204027,0.5125565710471174,278.48896674695425,348.4408086253097,0.0,MS-HIDE,238,4,case57
True,4,-0.04,False,20,20,False,0,False,0.45286041498746976,0.3275496928924485,0.5303604710343549,282.5240813050186,356.4319375465857,0.0,MS-HIDE,239,4,case57
True,4,-0.04,False,20,20,False,0,False,0.4360963416135443,0.3342562096484342,0.5255280546805253,274.51415005198214,328.9581514603924,0.0,MS-HIDE,240,4,case57
True,4,-0.04,False,20,20,False,0,False,0.4958816383292418,0.3056623522662926,0.5198816010011653,278.6938208009815,319.930937490426,0.0,MS-HIDE,241,4,case57
True,4,0.04,False,20,20,False,0,False,0.43991915129608955,0.33271635877986916,0.5081962093620824,276.78045615612064,324.68047885631677,0.0,MS-HIDE,242,4,case57
True,4,0.04,False,20,20,False,0,False,0.43321641666957994,0.3350287187727097,0.540946508481356,270.5167498876108,315.934569077217,0.0,MS-HIDE,243,4,case57
True,4,0.04,False,20,20,False,0,False,0.4423462259446337,0.3331976651619336,0.5457321265523307,284.9057271028869,338.60950063099153,0.0,MS-HIDE,244,4,case57
True,4,0.04,False,20,20,False,0,False,0.45260482637886873,0.3282492927865494,0.5364755217540482,275.95212714513764,342.0923586410936,0.0,MS-HIDE,245,4,case57
True,4,0.04,True,6,6,False,0,False,0.44032734746115565,0.32601796301049235,0.5206347465779976,277.7130333473906,320.12000564427586,0.0,MS-HIDE,246,4,case57
True,4,0.04,False,20,20,False,0,False,0.43719264082209985,0.32999184910461704,0.5380906927445195,276.40439796086866,323.0498785909731,0.0,MS-HIDE,247,4,case57
True,4,0.04,False,20,20,False,0,False,0.47432996373956565,0.3196214778452515,0.496017910020538,273.17101869848557,324.984018781106,0.0,MS-HIDE,248,4,case57
True,4,-0.04,False,20,20,False,0,False,0.4259926126311316,0.3404573170090949,0.501565390337621,281.1771477543516,340.73230415524455,0.0,MS-HIDE,249,4,case57
True,4,0.04,False,20,20,False,0,False,0.4361056444858654,0.3311521487654516,0.5721615096292688,272.3649686056888,328.8432743487647,0.0,MS-HIDE,250,4,case57
True,4,0.04,False,20,20,False,0,False,0.4445027684552528,0.3286186842026112,0.5465880250845236,273.30803750664927,323.62357884412637,0.0,MS-HIDE,251,4,case57
True,4,0.04,False,20,20,False,0,False,0.43856278190302417,0.3288345403495675,0.5194980818032312,272.1066500147572,328.423474993906,0.0,MS-HIDE,252,4,case57
True,4,0.04,False,20,20,False,33,False,0.4253766745105894,0.19816929373277992,0.5378526012713863,271.1041520582512,320.51336525182705,0.0,MS-HIDE,253,4,case57
True,4,0.04,True,19,19,False,0,False,0.4551905238506354,0.3238832280126567,0.5623396087250958,283.65490419673733,339.59149131260347,0.0,MS-HIDE,254,4,case57
True,4,0.04,False,20,20,False,0,False,0.4685165710260516,0.31438306696536056,0.5189743000970098,263.0757479608292,305.62090033781715,0.0,MS-HIDE,255,4,case57
True,4,-0.04,False,20,20,False,0,False,0.47261607831419994,0.3198757008753338,0.5375343375872967,273.7727144995006,317.0604517363245,0.0,MS-HIDE,256,4,case57
True,4,0.04,False,20,20,False,0,False,0.4388097346280454,0.3316020127582584,0.5355928831310853,266.5726834558882,309.41309133195324,0.0,MS-HIDE,257,4,case57
True,4,0.04,False,20,20,False,0,False,0.48480130343498273,0.310537974280853,0.5941118740613155,273.76354795123916,329.05503779766156,0.0,MS-HIDE,258,4,case57
True,4,-0.04,False,20,20,False,0,False,0.4131782860772052,0.3418524211254767,0.4870884829328816,278.69907910062466,337.9445371683687,0.0,MS-HIDE,259,4,case57
True,4,0.04,False,20,20,False,0,False,0.470757219126999,0.31313607671792304,0.5130352909057292,289.51511449413374,380.5823392263847,0.0,MS-HIDE,260,4,case57
True,4,-0.04,False,20,20,False,0,False,0.4510254401889752,0.33036015170196603,0.4762903637737517,278.8845353992656,333.4330395533471,0.0,MS-HIDE,261,4,case57
True,4,-0.04,False,20,20,False,0,False,0.48864662566166617,0.3104437856517948,0.529300963487754,272.07406879751943,344.6670708595775,0.0,MS-HIDE,262,4,case57
True,4,-0.04,False,20,20,False,0,False,0.42597598775778883,0.33648578588877515,0.5322417233587027,276.7175730521558,320.87300596176647,0.0,MS-HIDE,263,4,case57
True,4,0.04,False,20,20,False,0,False,0.4613798668447426,0.32144943532409465,0.519751951726438,278.38314374384936,339.46716188220313,0.0,MS-HIDE,264,4,case57
True,4,-0.04,False,20,20,False,0,False,0.4345788256917468,0.33423450615871003,0.5034460894233146,291.1243083450245,355.21653326286474,0.0,MS-HIDE,265,4,case57
True,4,-0.04,True,0,0,False,0,False,0.47051406684783287,0.32600936777656797,0.4869987029675366,267.0806063048076,322.48987150378525,0.0,MS-HIDE,266,4,case57
True,4,-0.04,False,20,20,False,0,False,0.4230141251703016,0.33566067813560657,0.5049065043870515,269.30183739750646,319.5161749928957,0.0,MS-HIDE,267,4,case57
True,4,0.04,False,20,20,False,0,False,0.44740830346352956,0.3310418817002673,0.5386237356350417,269.1259874496609,314.29041940427857,0.0,MS-HIDE,268,4,case57
True,4,-0.04,False,20,20,False,0,False,0.40769113613866326,0.3415997075268954,0.5654357725185749,277.95297515112907,327.3036318772938,0.0,MS-HIDE,269,4,case57
True,4,-0.04,False,20,20,False,0,False,0.44088249573205307,0.32931524062348116,0.6005826077109238,274.3200478464132,321.09330587554723,0.0,MS-HIDE,270,4,case57
True,4,-0.04,False,20,20,False,0,False,0.4222341441424015,0.33532727419152425,0.534875265414793,269.4888958532829,326.7525798029965,0.0,MS-HIDE,271,4,case57
True,4,-0.04,False,20,20,False,0,False,0.4590603920965754,0.3236588813014982,0.5290947235934119,282.2292438126169,339.6904544963036,0.0,MS-HIDE,272,4,case57
True,4,0.04,False,20,20,False,0,False,0.39987209748286484,0.34171020958305826,0.5657109437781638,306.1886438605143,376.4017336652615,0.0,MS-HIDE,273,4,case57
True,4,-0.04,False,20,20,False,0,False,0.4715698099475616,0.32985868133257895,0.5370889929002683,290.5373082467122,358.94955976982607,0.0,MS-HIDE,274,4,case57
True,4,-0.04,False,20,20,False,0,False,0.452175371582681,0.3299615648810038,0.48988873120717785,283.31199375970755,348.47205867408775,0.0,MS-HIDE,275,4,case57
True,4,0.04,False,20,20,False,0,False,0.43144182943055265,0.3326295047325334,0.5028468629785953,277.2702563495841,373.36239829310216,0.0,MS-HIDE,276,4,case57
True,4,-0.04,False,20,20,False,0,False,0.4465055384004234,0.3342392521190511,0.5082839030781519,279.3690854567103,331.5845521283336,0.0,MS-HIDE,277,4,case57
True,4,0.04,False,20,20,False,0,False,0.4351976471961696,0.3402676806035757,0.5648323812868241,288.65348965045996,371.6831836034544,0.0,MS-HIDE,278,4,case57
True,4,-0.04,False,20,20,False,0,False,0.4555574062817793,0.3228273305762033,0.5143602925261178,275.515012445976,332.04588719527237,0.0,MS-HIDE,279,4,case57
True,4,-0.04,False,20,20,False,0,False,0.45876047731628294,0.34115639676641113,0.49635608117070473,263.6119833972771,323.4160035732202,0.0,MS-HIDE,280,4,case57
True,4,-0.04,False,20,20,False,0,False,0.4308072927765969,0.3397825737072143,0.49496185059972053,274.6254041529028,322.5389648810961,0.0,MS-HIDE,281,4,case57
True,4,-0.04,False,20,20,False,0,False,0.47733877466049096,0.31029779525994333,0.5377556679943521,275.1946770440554,330.6097142543877,0.0,MS-HIDE,282,4,case57
True,4,0.04,False,20,20,False,0,False,0.4718092218149686,0.33393135267277296,0.5359898190462968,273.3032061951235,330.7335437973962,0.0,MS-HIDE,283,4,case57
True,4,0.04,False,20,20,False,0,False,0.4237669063430087,0.3368078544852875,0.5243063025163179,285.44100629515015,357.0327482186258,0.0,MS-HIDE,284,4,case57
True,4,0.04,False,20,20,False,0,False,0.5068869379119479,0.28194732616623613,0.5218894582759992,273.2303833065089,334.86447143368423,0.0,MS-HIDE,285,4,case57
True,4,0.04,False,20,20,False,0,False,0.525872160399168,0.265929208999471,0.5119821363655861,275.265110397595,334.4299955671886,0.0,MS-HIDE,286,4,case57
True,4,0.04,False,20,20,False,0,False,0.41574017414619346,0.3373772430639543,0.5656433502213815,289.6577562467428,341.5611333883135,0.0,MS-HIDE,287,4,case57
True,4,0.04,False,20,20,False,0,False,0.4220641664920283,0.3351331129522463,0.5160967927002675,282.11264799756464,359.5449663582258,0.0,MS-HIDE,288,4,case57
True,4,0.04,False,20,20,False,0,False,0.4211777100181461,0.33748922697554473,0.5171046374629766,272.7891709044343,341.24837882991415,0.0,MS-HIDE,289,4,case57
True,4,-0.04,False,20,20,False,0,False,0.40352085155974043,0.34401002421330734,0.5319185192992886,268.9363001467427,323.02634439256514,0.0,MS-HIDE,290,4,case57
True,4,-0.04,False,20,20,False,0,False,0.4360415474151264,0.3384591157087213,0.5127049334079322,288.632737644366,397.49627055134624,0.0,MS-HIDE,291,4,case57
True,4,0.04,False,20,20,False,0,False,0.429369428702754,0.3319265929860696,0.5822855788878085,291.31177499948535,338.5175705014263,0.0,MS-HIDE,292,4,case57
True,4,0.04,False,20,20,False,0,False,0.43104784409518543,0.3381022249439052,0.529284293221519,271.0522187000606,332.39426487416495,0.0,MS-HIDE,293,4,case57
True,4,-0.04,False,20,20,False,0,False,0.43654958868583865,0.3322261300479634,0.5344297958817965,283.0318270949647,351.0932315461105,0.0,MS-HIDE,294,4,case57
True,4,0.04,False,20,20,False,0,False,0.41892527064300467,0.3333301629167546,0.5504816345607688,270.9226875449531,337.80851633055136,0.0,MS-HIDE,295,4,case57
True,4,-0.04,False,20,20,False,0,False,0.4507048294722838,0.3271130704374125,0.5336592727581256,280.3255542588886,331.39137471443973,0.0,MS-HIDE,296,4,case57
True,4,0.04,False,20,20,False,0,False,0.4814495918157624,0.30984927926825967,0.5127804685764116,287.6366083539324,352.1162077027839,0.0,MS-HIDE,297,4,case57
True,4,0.04,True,16,16,False,0,False,0.4647065913612535,0.3328180033064088,0.49846581806940227,287.0001771574607,341.07433929748373,0.0,MS-HIDE,298,4,case57
True,4,-0.04,False,20,20,False,0,False,0.41508602422160484,0.3393452690826269,0.5467948179603109,299.5221520483028,374.4917854521191,0.0,MS-HIDE,299,4,case57
True,5,-0.04,True,2,2,False,5,True,4.124200865369499e-10,0.001203245862880912,0.48995051616259155,281.53955414891243,335.5246250052005,0.0,MS-HIDE,300,5,case57
True,5,0.04,True,1,1,False,5,True,3.8671819781200117e-10,0.0011911372937821972,0.5149272745173152,274.6241540997289,347.16620387043804,0.0,MS-HIDE,301,5,case57
True,5,-0.04,True,2,2,False,5,True,3.867181978119756e-10,0.0012025972538528057,0.50139263719682,273.89175209682435,341.4815148658818,0.0,MS-HIDE,302,5,case57
True,5,-0.04,True,1,1,False,5,True,3.8671817035195615e-10,0.0012032439362948408,0.5218875029500787,282.02054594585206,339.543083353783,0.0,MS-HIDE,303,5,case57
True,5,-0.04,True,2,2,False,5,True,4.0364655168802136e-10,0.0012032458627659873,0.489511774839519,278.29471890290733,328.7169795075897,0.0,MS-HIDE,304,5,case57
True,5,-0.04,True,2,2,False,5,True,3.867181978120601e-10,0.0009837353762059678,0.5175948800411783,291.106095755822,346.65440242388286,0.0,MS-HIDE,305,5,case57
True,5,-0.04,True,1,1,False,5,True,3.8671819781211615e-10,0.0009837354239889834,0.5021849385097319,284.6370709419716,369.394518158515,0.0,MS-HIDE,306,5,case57
True,5,0.04,True,2,2,False,5,True,3.86718170352007e-10,0.0009841461838409826,0.49983282415184227,276.15943134587724,326.24521106190514,0.0,MS-HIDE,307,5,case57
True,5,-0.04,True,1,1,False,5,True,3.86718197811998e-10,0.0012032111740292663,0.5010694612044393,283.4119311970426,339.5671291305917,0.0,MS-HIDE,308,5,case57
True,5,-0.04,True,1,1,False,5,True,3.8671819781231674e-10,0.001203211174296047,0.4976566763706386,285.8026353031164,378.53016009321436,0.0,MS-HIDE,309,5,case57
True,5,0.04,True,1,1,False,5,True,3.8671819781198665e-10,0.0012032458627319544,0.4984154405747938,275.9167021518806,330.4366857773858,0.0,MS-HIDE,310,5,case57
True,5,0.04,True,1,1,False,5,True,3.867181978120618e-10,0.0009760546389586994,0.5196913487056468,280.13648749911226,325.8622666297015,0.0,MS-HIDE,311,5,case57
True,5,-0.04,True,2,2,False,5,True,3.867181978119981e-10,0.0012025959232812736,0.5052613858724953,284.1098000499187,356.19182083464693,0.0,MS-HIDE,312,5,case57
True,5,0.04,True,1,1,False,5,True,3.867181978121238e-10,0.001202595923519168,0.5032022310747,283.46722289861646,341.01998335972894,0.0,MS-HIDE,313,5,case57
True,5,0.04,True,2,2,False,5,True,4.576891572346479e-10,0.001203245862715523,0.48201080700434823,268.28405414998997,329.79093785397714,0.0,MS-HIDE,314,5,case57
True,5,-0.04,True,3,3,False,5,True,3.8671819781205416e-10,0.0012025971797110769,0.4984947658462317,285.7659478962887,337.0731253235136,0.0,MS-HIDE,315,5,case57
True,5,0.04,True,1,1,False,5,True,3.8671817035214754e-10,0.0012025959211315236,0.5161877848223719,285.332802098128,333.1116541812662,0.0,MS-HIDE,316,5,case57
True,5,-0.04,True,2,2,False,5,True,3.8671819781202857e-10,0.0012025972535758434,0.5011389501379848,283.94923125451896,345.5741726065753,0.0,MS-HIDE,317,5,case57
True,5,0.04,True,2,2,False,5,True,3.8671819781197724e-10,0.0009837353745035355,0.50917034172106,268.64633544464596,317.1821964730043,0.0,MS-HIDE,318,5,case57
True,5,0.04,True,1,1,False,5,True,4.1828318734495576e-10,0.0009760546410188928,0.5105136484664355,285.8159707480809,342.4781149078626,0.0,MS-HIDE,319,5,case57
True,5,-0.04,True,1,1,False,5,True,3.867181978120959e-10,0.0012032440076536035,0.5058707502391286,284.2039814509917,361.89012922113767,0.0,MS-HIDE,320,5,case57
True,5,-0.04,True,2,2,False,5,True,3.867181978119748e-10,0.0012032458628641054,0.48635018036739885,294.708593696123,357.82054338487796,0.0,MS-HIDE,321,5,case57
True,5,0.04,True,2,2,False,5,True,4.2746139846862654e-10,0.0012032458571084646,0.5088385206163578,303.60207085032016,400.0163437798619,0.0,MS-HIDE,322,5,case57
True,5,-0.04,True,1,1,False,5,True,3.8671819781210405e-10,0.0012032111743467116,0.4836026039926892,307.5674290477764,416.3783187774243,0.0,MS-HIDE,323,5,case57
True,5,-0.04,True,2,2,False,5,True,3.8671819781205075e-10,0.001202595920662193,0.5256497126726405,296.12872510333546,375.3856277413434,0.0,MS-HIDE,324,5,case57
True,5,-0.04,True,1,1,False,5,True,3.8671819781202733e-10,0.0012025723482605385,0.5218629636061904,294.27962698682677,348.35300590493716,0.0,MS-HIDE,325,5,case57
True,5,-0.04,True,1,1,False,5,True,3.867181978119756e-10,0.0009841693873367634,0.5116595226832786,285.40496460336726,339.04277918627486,0.0,MS-HIDE,326,5,case57
True,5,0.04,True,2,2,False,5,True,3.867181978120929e-10,0.0011906745849599191,0.4940849377122898,276.0709583002608,320.0316979025956,0.0,MS-HIDE,327,5,case57
True,5,0.04,True,1,1,False,5,True,3.86718197812002e-10,0.0011911138325440744,0.5071312605441856,277.177764652879,330.46132738527376,0.0,MS-HIDE,328,5,case57
True,5,-0.04,True,3,3,False,5,True,3.8671817035200226e-10,0.0012025958704393236,0.5177854713517163,287.9235292086378,358.258030959405,0.0,MS-HIDE,329,5,case57
True,5,-0.04,True,2,2,False,5,True,3.86718197811975e-10,0.0012032440076430405,0.5103990123782219,281.6417332505807,339.4864747242537,0.0,MS-HIDE,330,5,case57
True,5,-0.04,True,2,2,False,5,True,3.899209018715915e-10,0.0012032457596066802,0.5107318598991262,272.9106748942286,311.80196490022354,0.0,MS-HIDE,331,5,case57
True,5,0.04,True,2,2,False,5,True,3.8671819781197543e-10,0.0009757311017715802,0.5281041389214749,287.4270312517183,374.1200774384197,0.0,MS-HIDE,332,5,case57
True,5,0.04,True,1,1,False,5,True,3.867181978119756e-10,0.0012032440077899566,0.5105936597790988,270.95373974589165,323.0165833316278,0.0,MS-HIDE,333,5,case57
True,5,0.04,True,2,2,False,5,True,3.8671817035197016e-10,0.001203245759703165,0.5146630920490153,278.35707085905597,336.77686489536427,0.0,MS-HIDE,334,5,case57
True,5,0.04,True,2,2,False,5,True,3.8671819781204067e-10,0.0012032440076497266,0.5058707502391286,289.8907793976832,340.5468857759843,0.0,MS-HIDE,335,5,case57
True,5,0.04,True,1,1,False,5,True,3.867181978120166e-10,0.001202572297404059,0.5165284891311668,275.7820020458894,332.5604461482726,0.0,MS-HIDE,336,5,case57
True,5,0.04,True,2,2,False,5,True,3.8671819781199295e-10,0.0012032111742437683,0.5194555366564084,297.47279780567624,359.3133410584415,0.0,MS-HIDE,337,5,case57
True,5,0.04,True,3,3,False,5,True,3.8671817035206466e-10,0.0012032458575607688,0.4919610037732478,292.6039168058196,364.58514201221993,0.0,MS-HIDE,338,5,case57
True,5,-0.04,True,2,2,False,5,True,3.867181978120083e-10,0.0012032458626393017,0.49704926495740465,286.5854770556325,355.66577769932337,0.0,MS-HIDE,339,5,case57
True,5,-0.04,True,2,2,False,5,True,3.867181978119927e-10,0.0012032458627341553,0.5040514474967236,275.64993119449355,332.0880645595025,0.0,MS-HIDE,340,5,case57
True,5,0.04,True,1,1,False,5,True,3.867181978122054e-10,0.0012032098421330053,0.5058707502391286,281.7287811951246,315.76131902111234,0.0,MS-HIDE,341,5,case57
True,5,-0.04,True,1,1,False,5,True,3.885313292303201e-10,0.0011906745321943817,0.5032022310747001,261.10934774333145,310.309286849224,0.0,MS-HIDE,342,5,case57
True,5,-0.04,True,2,2,False,5,True,3.8671819781197734e-10,0.0009760546883027711,0.48911395331488916,283.6959688575007,326.4507005980704,0.0,MS-HIDE,343,5,case57
True,5,0.04,True,1,1,False,5,True,3.867181978123306e-10,0.0009841693909821614,0.5060776541748706,282.4131978006335,334.5426062849583,0.0,MS-HIDE,344,5,case57
True,5,0.04,True,2,2,False,5,True,3.867181978119948e-10,0.0012025959236888983,0.5088445367349164,280.24467084906064,336.46592353179585,0.0,MS-HIDE,345,5,case57
True,5,-0.04,True,1,1,False,5,True,3.8671819781202604e-10,0.0009837354217227866,0.5026029984050923,286.9621582009131,357.05360381398356,0.0,MS-HIDE,346,5,case57
True,5,0.04,True,2,2,False,5,True,3.8671817035195144e-10,0.0009760380447791388,0.48446883833113824,288.28471239830833,370.19698810763657,0.0,MS-HIDE,347,5,case57
True,5,0.04,True,1,1,False,5,True,3.8671819781203524e-10,0.0012032098421156984,0.5146542476217189,294.71850839909166,350.01478817721363,0.0,MS-HIDE,348,5,case57
True,5,0.04,True,1,1,False,5,True,3.8671819781214133e-10,0.0011906735954911104,0.5077304932137934,300.090295803966,411.2777125032153,0.0,MS-HIDE,349,5,case57
True,5,0.04,True,2,2,False,5,True,3.86718197811999e-10,0.0009760546882894557,0.512503503213874,289.89559590118006,346.78168780810665,0.0,MS-HIDE,350,5,case57
True,5,0.04,True,1,1,False,5,True,3.897246507990352e-10,0.0009760546886735028,0.505150947443625,272.7572206495097,323.1241622037487,0.0,MS-HIDE,351,5,case57
True,5,-0.04,True,1,1,False,5,True,3.9453247248045934e-10,0.0009760546409524796,0.5120002269920735,274.37215829559136,313.81870268378407,0.0,MS-HIDE,352,5,case57
True,5,-0.04,True,1,1,False,5,True,3.867181978122422e-10,0.0009757430494470775,0.52105675127026,288.6815540434327,382.23854227690026,0.0,MS-HIDE,353,5,case57
True,5,-0.04,True,2,2,False,5,True,3.867181978119825e-10,0.001203209839713726,0.5191739228730401,277.7375833975384,312.5490249658469,0.0,MS-HIDE,354,5,case57
True,5,-0.04,True,1,1,False,5,True,3.8671819781197625e-10,0.0009760546861957906,0.4991185132055413,277.5885957496939,321.6508454934228,0.0,MS-HIDE,355,5,case57
True,5,-0.04,True,2,2,False,5,True,3.867181978120071e-10,0.0009841693906835335,0.49691969929164664,296.7545665916987,408.7741836818168,0.0,MS-HIDE,356,5,case57
True,5,-0.04,True,1,1,False,5,True,3.867181703519515e-10,0.0009841461837998941,0.4910673312825347,275.21417500393,332.6742145756725,0.0,MS-HIDE,357,5,case57
True,5,-0.04,True,2,2,False,5,True,6.168938425556724e-10,0.0012032457595634628,0.5104957747713224,285.71466035209596,344.796221141587,0.0,MS-HIDE,358,5,case57
True,5,-0.04,True,3,3,False,5,True,3.867181978119754e-10,0.001202597253892545,0.4971178563241172,285.2503812435316,327.17578331357805,0.0,MS-HIDE,359,5,case57
True,5,0.04,True,1,1,False,5,True,3.867181703522836e-10,0.0012032458574993145,0.4970088733618192,284.25088329822756,387.6381228939863,0.0,MS-HIDE,360,5,case57
True,5,0.04,True,1,1,False,5,True,3.8671817035208095e-10,0.0012025723484558762,0.4951015792147231,275.22317499970086,332.2101934667444,0.0,MS-HIDE,361,5,case57
True,5,0.04,True,1,1,False,5,True,3.867181703519504e-10,0.0012032458632694075,0.4969288620491558,296.8965166917769,396.4824062684784,0.0,MS-HIDE,362,5,case57
True,5,-0.04,True,1,1,False,5,True,4.4674109380670146e-10,0.0009760546391223321,0.5105136484664355,287.84820219443645,349.47643535851967,0.0,MS-HIDE,363,5,case57
True,5,0.04,True,2,2,False,5,True,3.8845772805652384e-10,0.0012032111740262058,0.5125035032138741,280.2753731055418,342.91536905802786,0.0,MS-HIDE,364,5,case57
True,5,-0.04,True,1,1,False,5,True,3.867181978120572e-10,0.0009841452582698808,0.5101259854826257,282.74011890462134,332.9817443387583,0.0,MS-HIDE,365,5,case57
True,5,-0.04,True,2,2,False,5,True,3.935876831447977e-10,0.0012032458627769841,0.4939460063316351,279.9052812537411,335.3206639381824,0.0,MS-HIDE,366,5,case57
True,5,-0.04,True,2,2,False,5,True,3.9266418095159357e-10,0.0012032440038116966,0.5140158601064357,288.68866864650045,347.3339014482918,0.0,MS-HIDE,367,5,case57
True,5,-0.04,True,2,2,False,5,True,3.8671817035195687e-10,0.0011911385482956329,0.500951027199288,287.0510207983898,360.94086872763006,0.0,MS-HIDE,368,5,case57
True,5,0.04,True,3,3,False,5,True,3.869849578565176e-10,0.0012025972535015424,0.5088795154944039,281.2942979944637,331.43564345955383,0.0,MS-HIDE,369,5,case57
True,5,0.04,True,2,2,False,5,True,3.8671819781197765e-10,0.0012025972537684523,0.4966106879988915,288.5429313057102,357.12511218152946,0.0,MS-HIDE,370,5,case57
True,5,-0.04,True,2,2,False,5,True,3.86718170352033e-10,0.000984169321650174,0.5211214505335472,293.2002145971637,368.17500479810406,0.0,MS-HIDE,371,5,case57
True,5,0.04,True,3,3,False,5,True,3.8671819781197646e-10,0.0012025958704930857,0.50351725554565,288.77571260381956,343.6528542137239,0.0,MS-HIDE,372,5,case57
True,5,-0.04,True,1,1,False,5,True,3.8671819781198556e-10,0.0012032440041976806,0.502943702713887,289.6194249507971,339.3452097690897,0.0,MS-HIDE,373,5,case57
True,5,-0.04,True,2,2,False,5,True,3.8671817035201684e-10,0.0011906745850187802,0.48991464304323984,307.3983834095998,378.49878746201284,0.0,MS-HIDE,374,5,case57
True,5,0.04,True,2,2,False,5,True,3.867181978119806e-10,0.0009841693906607713,0.5080431381924483,280.4230123612797,343.14966282981914,0.0,MS-HIDE,375,5,case57
True,5,0.04,True,2,2,False,5,True,3.867181978119813e-10,0.0012032458627100396,0.4756514267275316,287.51694374659564,335.0167437252822,0.0,MS-HIDE,376,5,case57
True,5,0.04,True,1,1,False,5,True,3.86718197812017e-10,0.0012032111706335644,0.5165284891311668,290.0922145083314,345.19995354348794,0.0,MS-HIDE,377,5,case57
True,5,0.04,True,2,2,False,5,True,3.8671819781202314e-10,0.0012032457596980535,0.4997880124567298,284.75901459751185,325.70943927566987,0.0,MS-HIDE,378,5,case57
True,5,-0.04,True,1,1,False,5,True,3.867181978120903e-10,0.0012032458624396467,0.48860015209245217,275.3390686470084,321.68944586010184,0.0,MS-HIDE,379,5,case57
True,5,0.04,True,1,1,False,5,True,4.1795549097984314e-10,0.0011911138321892382,0.5101259854826257,283.59897499613,338.5204389633145,0.0,MS-HIDE,380,5,case57
True,5,0.04,True,1,1,False,5,True,3.867181978120328e-10,0.0012032457637934752,0.5071312605441854,291.49173755722586,347.2003580274759,0.0,MS-HIDE,381,5,case57
True,5,0.04,True,2,2,False,5,True,3.8671819781199885e-10,0.001203245857319088,0.5102155261457679,282.8562686423538,326.5694829868153,0.0,MS-HIDE,382,5,case57
True,5,0.04,True,1,1,False,5,True,3.867181978119832e-10,0.001191138615763084,0.5071312605441856,296.37071049946826,367.3670062504243,0.0,MS-HIDE,383,5,case57
True,5,-0.04,True,1,1,False,5,True,3.8671819781205075e-10,0.0009841693218213495,0.505211224005694,283.01431024447083,338.08214548334945,0.0,MS-HIDE,384,5,case57
True,5,0.04,True,2,2,False,5,True,3.8671819781199264e-10,0.0009837354241010756,0.5188332185642452,287.4804793042131,341.2406798248412,0.0,MS-HIDE,385,5,case57
True,5,-0.04,True,2,2,False,5,True,3.867181978119826e-10,0.0012025972535224124,0.5135862770331194,286.28998975036666,335.85784169263206,0.0,MS-HIDE,386,5,case57
True,5,-0.04,True,2,2,False,5,True,3.8671819781212597e-10,0.0011911137814568722,0.5039334012822715,288.2471582503058,358.60331848089123,0.0,MS-HIDE,387,5,case57
True,5,0.04,True,1,1,False,5,True,3.8671819781197615e-10,0.001202572345533858,0.5192345873814869,280.8710000535939,343.34960002743173,0.0,MS-HIDE,388,5,case57
True,5,-0.04,True,1,1,False,5,True,3.86718197811975e-10,0.001203245863005142,0.4935464741269058,283.75004589906894,347.9207771451911,0.0,MS-HIDE,389,5,case57
True,5,0.04,True,1,1,False,5,True,3.867181978120241e-10,0.0011906745851695973,0.5165284891311668,287.79052509344183,337.5179231748917,0.0,MS-HIDE,390,5,case57
True,5,-0.04,True,3,3,False,5,True,3.8671819781197584e-10,0.0009760546406387146,0.4922082271392184,281.13052900589537,339.74320770066697,0.0,MS-HIDE,391,5,case57
True,5,-0.04,True,1,1,False,5,True,3.8671819781205887e-10,0.0012032458627196654,0.5026029984050923,288.30601039517205,362.7123329846654,0.0,MS-HIDE,392,5,case57
True,5,-0.04,True,2,2,False,5,True,3.8671819781197724e-10,0.0012032458626584862,0.5106340513746843,279.4826396013377,318.95678367000073,0.0,MS-HIDE,393,5,case57
True,5,0.04,True,2,2,False,5,True,3.867181703520445e-10,0.0012025972538518056,0.5149774236140996,274.291949995677,320.3676586446818,0.0,MS-HIDE,394,5,case57
True,5,-0.04,True,2,2,False,5,True,3.867181703519723e-10,0.0011906736319008114,0.5101954744161712,280.0164605519967,340.5477089690976,0.0,MS-HIDE,395,5,case57
True,5,0.04,True,1,1,False,5,True,3.867181703519653e-10,0.0012025972541489971,0.49388717843570057,289.4516438100254,334.143967012642,0.0,MS-HIDE,396,5,case57
True,5,-0.04,True,3,3,False,5,True,3.867181978122566e-10,0.0012032111743114275,0.4913900033797798,296.1221583071165,368.39584763511084,0.0,MS-HIDE,397,5,case57
True,5,0.04,True,2,2,False,5,True,3.867181703520758e-10,0.0009841693872182952,0.505802853121461,302.97509800002445,357.2837041487219,0.0,MS-HIDE,398,5,case57
True,5,0.04,True,2,2,False,5,True,3.8671817035225864e-10,0.0011911386153043311,0.5330491182976476,308.0808812548639,395.2073604130419,0.0,MS-HIDE,399,5,case57
True,8,0.04,True,1,1,False,8,True,3.8671819781197475e-10,0.0003177869002325071,0.3360188810487895,291.9425875530578,346.30127463606186,0.0,MS-HIDE,400,8,case57
True,8,0.04,True,1,1,False,8,True,3.8671819781197475e-10,0.00031778690036987596,0.3474602802169151,284.53660409431905,332.2973059461219,0.0,MS-HIDE,401,8,case57
True,8,0.04,True,1,1,False,8,True,3.8671819781197475e-10,0.0003177869002668597,0.3461318727941907,281.9320145063102,322.7551017771475,0.0,MS-HIDE,402,8,case57
True,8,0.04,True,1,1,False,8,True,3.8671819781197475e-10,0.0003177869007808578,0.33317688700442216,286.5691770421108,341.0503395803971,0.0,MS-HIDE,403,8,case57
True,8,-0.04,True,1,1,False,8,True,3.8671819781197475e-10,0.0003177869002905102,0.33973415881590785,293.81636244652327,352.91623159428127,0.0,MS-HIDE,404,8,case57
True,8,-0.04,True,1,1,False,8,True,3.8671819781197475e-10,0.00031778690039005214,0.3357452500555188,283.3707791985944,336.3647270743968,0.0,MS-HIDE,405,8,case57
True,8,0.04,True,1,1,False,8,True,3.8671819781197475e-10,0.0003177869002905102,0.33973415881590785,289.91023760463577,350.6716333242366,0.0,MS-HIDE,406,8,case57
True,8,0.04,True,1,1,False,8,True,3.8671819781197475e-10,0.0003177869011148198,0.34446595891705184,282.24238949478604,336.7027972621145,0.0,MS-HIDE,407,8,case57
True,8,-0.04,True,1,1,False,8,True,3.8671819781197475e-10,0.00031778690073609955,0.33576762064856125,285.4475980508141,328.4217872278532,0.0,MS-HIDE,408,8,case57
True,8,0.04,True,1,1,False,8,True,3.8671819781197475e-10,0.0003177869002668597,0.3461318727941907,283.9373082504608,341.60074132087175,0.0,MS-HIDE,409,8,case57
True,8,0.04,True,1,1,False,8,True,3.8671819781197475e-10,0.0003177869011042249,0.3441929320214556,275.87274379329756,342.3078437423101,0.0,MS-HIDE,410,8,case57
True,8,0.04,True,1,1,False,8,True,3.8671819781197475e-10,0.0003177869002905102,0.33973415881590785,283.78962704737205,332.3730101372348,0.0,MS-HIDE,411,8,case57
True,8,-0.04,True,1,1,False,8,True,3.8671819781197475e-10,0.0003177869007808578,0.33317688700442216,278.29835004231427,350.7858600904001,0.0,MS-HIDE,412,8,case57
True,8,-0.04,True,1,1,False,8,True,3.8671819781197475e-10,0.0003177869002905102,0.33973415881590785,290.5595416959841,337.552391065401,0.0,MS-HIDE,413,8,case57
True,8,0.04,True,1,1,False,8,True,3.8671819781197475e-10,0.0003177869011042249,0.3441929320214556,282.927710498916,348.98820834641816,0.0,MS-HIDE,414,8,case57
True,8,0.04,True,1,1,False,8,True,3.8671819781197475e-10,0.00031778690092391503,0.34639441731273524,282.9969105107011,345.18857567454694,0.0,MS-HIDE,415,8,case57
True,8,-0.04,True,1,1,False,8,True,3.8671819781197475e-10,0.0003177869002905102,0.33973415881590785,282.9732896556379,358.05241698690224,0.0,MS-HIDE,416,8,case57
True,8,-0.04,True,1,1,False,8,True,3.8671819781197475e-10,0.0003177869011148198,0.34446595891705184,290.55745635414496,346.55529795854824,0.0,MS-HIDE,417,8,case57
True,8,0.04,True,1,1,False,8,True,3.8671819781197475e-10,0.00031778690051478136,0.328481172013775,290.01494174590334,370.85954821377527,0.0,MS-HIDE,418,8,case57
True,8,0.04,True,1,1,False,8,True,3.8671819781197475e-10,0.0003177869002905102,0.33973415881590785,286.3838081480935,343.951622248278,0.0,MS-HIDE,419,8,case57
True,8,-0.04,True,1,1,False,8,True,3.8671819781197475e-10,0.0003177869002668597,0.3461318727941907,283.49080204206984,344.43879618193023,0.0,MS-HIDE,420,8,case57
True,8,0.04,True,1,1,False,8,True,3.8671819781197475e-10,0.0003177869002905102,0.33973415881590785,280.4959500528639,315.2911524201045,0.0,MS-HIDE,421,8,case57
True,8,-0.04,True,1,1,False,8,True,3.8671819781197475e-10,0.0003177869011148198,0.34446595891705184,288.08088544465136,334.79231106175575,0.0,MS-HIDE,422,8,case57
True,8,-0.04,True,1,1,False,8,True,3.8671819781197475e-10,0.0003177869004049721,0.34327272238661666,299.80964385322295,381.3993062591181,0.0,MS-HIDE,423,8,case57
True,8,0.04,True,1,1,False,8,True,3.8671819781197475e-10,0.0003177869011148198,0.34446595891705184,292.35087289998773,355.0336607644567,0.0,MS-HIDE,424,8,case57
True,8,0.04,True,1,1,False,8,True,3.8671819781197475e-10,0.0003177869002905102,0.33973415881590785,278.4871769603342,341.4780961611541,0.0,MS-HIDE,425,8,case57
True,8,-0.04,True,1,1,False,8,True,3.8671819781197475e-10,0.0003177869002668597,0.3461318727941907,285.2069709362695,324.29297352791764,0.0,MS-HIDE,426,8,case57
True,8,0.04,True,1,1,False,8,True,3.8671819781197475e-10,0.00031778690036987596,0.3474602802169151,293.8865645468468,375.0843523739605,0.0,MS-HIDE,427,8,case57
True,8,-0.04,True,1,1,False,8,True,3.8671819781197475e-10,0.00031778690034550005,0.33124395614256297,279.25719995691907,328.67372084001545,0.0,MS-HIDE,428,8,case57
True,8,-0.04,True,1,1,False,8,True,3.8671819781197475e-10,0.00031778690092391503,0.34639441731273524,279.82098749198485,348.895162838744,0.0,MS-HIDE,429,8,case57
True,8,-0.04,True,1,1,False,8,True,3.8671819781197475e-10,0.0003177869011042249,0.3441929320214556,284.6308834006777,331.3266958546592,0.0,MS-HIDE,430,8,case57
True,8,-0.04,True,1,1,False,8,True,3.8671819781197475e-10,0.00031778690036987596,0.3474602802169151,288.45743338169996,353.5417336242972,0.0,MS-HIDE,431,8,case57
True,8,-0.04,True,1,1,False,8,True,3.8671819781197475e-10,0.0003177869010278361,0.32843077036451473,277.183129300829,329.61677709827205,0.0,MS-HIDE,432,8,case57
True,8,-0.04,True,1,1,False,8,True,3.8671819781197475e-10,0.00031778690092778937,0.33447472646924326,280.8467208436923,324.8176142777084,0.0,MS-HIDE,433,8,case57
True,8,0.04,True,1,1,False,8,True,3.8671819781197475e-10,0.0003177869002905102,0.33973415881590785,277.5274059997173,349.7808437328786,0.0,MS-HIDE,434,8,case57
True,8,0.04,True,1,1,False,8,True,3.8671819781197475e-10,0.0003177869004049721,0.34327272238661666,283.3722164912615,339.2811812227592,0.0,MS-HIDE,435,8,case57
True,8,-0.04,True,1,1,False,8,True,3.8671819781197475e-10,0.00031778690035805495,0.33172362290946855,283.4034977509873,352.64356248662807,0.0,MS-HIDE,436,8,case57
True,8,-0.04,True,1,1,False,8,True,3.8671819781197475e-10,0.0003177869011042249,0.3441929320214556,282.29350404290017,336.8570871592965,0.0,MS-HIDE,437,8,case57
True,8,0.04,True,1,1,False,8,True,3.8671819781197475e-10,0.0003177869002905102,0.33973415881590785,278.41994379705284,336.25412114488427,0.0,MS-HIDE,438,8,case57
True,8,0.04,True,1,1,False,8,True,3.8671819781197475e-10,0.00031778690036987596,0.3474602802169151,284.015216602711,350.0147455633851,0.0,MS-HIDE,439,8,case57
True,8,-0.04,True,1,1,False,8,True,3.8671819781197475e-10,0.0003177869002668597,0.3461318727941907,283.18538334569894,331.5921979199629,0.0,MS-HIDE,440,8,case57
True,8,0.04,True,1,1,False,8,True,3.8671819781197475e-10,0.00031778690083880787,0.3341908020995511,279.80967934126966,339.01164614653686,0.0,MS-HIDE,441,8,case57
True,8,0.04,True,1,1,False,8,True,3.8671819781197475e-10,0.0003177869007808578,0.33317688700442216,290.0719563564053,333.8331827020738,0.0,MS-HIDE,442,8,case57
True,8,-0.04,True,1,1,False,8,True,3.8671819781197475e-10,0.0003177869002905102,0.33973415881590785,275.4721146047814,320.0677892542444,0.0,MS-HIDE,443,8,case57
True,8,-0.04,True,1,1,False,8,True,3.8671819781197475e-10,0.0003177869002905102,0.33973415881590785,282.41833960055374,351.62859962438233,0.0,MS-HIDE,444,8,case57
True,8,0.04,True,1,1,False,8,True,3.8671819781197475e-10,0.0003177869002905102,0.33973415881590785,287.3099354415899,343.2933229516493,0.0,MS-HIDE,445,8,case57
True,8,0.04,True,1,1,False,8,True,3.8671819781197475e-10,0.0003177869002668597,0.3461318727941907,290.4849374986952,341.7658389545977,0.0,MS-HIDE,446,8,case57
True,8,-0.04,True,1,1,False,8,True,3.8671819781197475e-10,0.0003177869004049721,0.34327272238661666,292.2453980019782,377.2946291981498,0.0,MS-HIDE,447,8,case57
True,8,-0.04,True,1,1,False,8,True,3.8671819781197475e-10,0.0003177869011042249,0.3441929320214556,295.5363208457129,344.5534208265599,0.0,MS-HIDE,448,8,case57
True,8,0.04,True,1,1,False,8,True,3.8671819781197475e-10,0.0003177869004049721,0.34327272238661666,290.60742085566744,372.2089354036143,0.0,MS-HIDE,449,8,case57
True,8,-0.04,True,1,1,False,8,True,3.8671819781197475e-10,0.0003177869007197791,0.33605654931745654,277.3577480518725,351.7171812709421,0.0,MS-HIDE,450,8,case57
True,8,0.04,True,1,1,False,8,True,3.8671819781197475e-10,0.0003177869004049721,0.34327272238661666,283.25845414656214,345.49479166744277,0.0,MS-HIDE,451,8,case57
True,8,-0.04,True,1,1,False,8,True,3.8671819781197475e-10,0.0003177869000190791,0.3394475328782709,278.29841030179523,330.9700639802031,0.0,MS-HIDE,452,8,case57
True,8,-0.04,True,1,1,False,8,True,3.8671819781197475e-10,0.000317786900366058,0.33641800355800505,289.9727377021918,345.00258819316514,0.0,MS-HIDE,453,8,case57
True,8,-0.04,True,1,1,False,8,True,3.8671819781197475e-10,0.00031778690036987596,0.3474602802169151,283.7709748040652,341.8240642553428,0.0,MS-HIDE,454,8,case57
True,8,-0.04,True,1,1,False,8,True,3.8671819781197475e-10,0.0003177869011042249,0.3441929320214556,283.6812707973877,349.15220173134,0.0,MS-HIDE,455,8,case57
True,8,0.04,True,1,1,False,8,True,3.8671819781197475e-10,0.0003177869002668597,0.3461318727941907,292.6882728061173,365.6896854226943,0.0,MS-HIDE,456,8,case57
True,8,-0.04,True,1,1,False,8,True,3.8671819781197475e-10,0.0003177869007808578,0.33317688700442216,287.8614874527557,332.76809169037733,0.0,MS-HIDE,457,8,case57
True,8,0.04,True,1,1,False,8,True,3.8671819781197475e-10,0.00031778690073609955,0.33576762064856125,271.67672700597905,347.0690225978615,0.0,MS-HIDE,458,8,case57
True,8,0.04,True,1,1,False,8,True,3.8671819781197475e-10,0.0003177869000190791,0.3394475328782709,288.5119770071469,358.17380176740704,0.0,MS-HIDE,459,8,case57
True,8,0.04,True,1,1,False,8,True,3.8671819781197475e-10,0.00031778690092778937,0.33447472646924326,285.9266540064709,385.0109086721204,0.0,MS-HIDE,460,8,case57
True,8,0.04,True,1,1,False,8,True,3.8671819781197475e-10,0.0003177869008285995,0.3392781705445239,289.59683954599313,343.07578337902675,0.0,MS-HIDE,461,8,case57
True,8,0.04,True,1,1,False,8,True,3.8671819781197475e-10,0.0003177869002905102,0.33973415881590785,281.62009795196354,345.45435597246984,0.0,MS-HIDE,462,8,case57
True,8,0.04,True,1,1,False,8,True,3.8671819781197475e-10,0.0003177869011042249,0.3441929320214556,275.64425425371155,352.9343681060709,0.0,MS-HIDE,463,8,case57
True,8,0.04,True,1,1,False,8,True,3.8671819781197475e-10,0.00031778690057347953,0.3297395139707535,287.02446470269933,342.91746424860327,0.0,MS-HIDE,464,8,case57
True,8,0.04,True,1,1,False,8,True,3.8671819781197475e-10,0.0003177869002964431,0.3362652677766971,286.64800825645216,326.7629100912018,0.0,MS-HIDE,465,8,case57
True,8,-0.04,True,1,1,False,8,True,3.8671819781197475e-10,0.0003177869002668597,0.3461318727941907,282.0958166499622,319.1357166477246,0.0,MS-HIDE,466,8,case57
True,8,-0.04,True,1,1,False,8,True,3.8671819781197475e-10,0.0003177869002905102,0.33973415881590785,285.134689649567,344.7779955487931,0.0,MS-HIDE,467,8,case57
True,8,-0.04,True,1,1,False,8,True,3.8671819781197475e-10,0.0003177869007197791,0.33605654931745654,289.4889561488526,338.34628541080747,0.0,MS-HIDE,468,8,case57
True,8,0.04,True,1,1,False,8,True,3.8671819781197475e-10,0.0003177869002905102,0.33973415881590785,274.3964540481102,341.25701848533936,0.0,MS-HIDE,469,8,case57
True,8,-0.04,True,1,1,False,8,True,3.8671819781197475e-10,0.0003177869002668597,0.3461318727941907,275.8513686974766,325.4610559291905,0.0,MS-HIDE,470,8,case57
True,8,0.04,True,1,1,False,8,True,3.8671819781197475e-10,0.0003177869002905102,0.33973415881590785,295.22304165002424,363.58643538551405,0.0,MS-HIDE,471,8,case57
True,8,0.04,True,1,1,False,8,True,3.8671819781197475e-10,0.0003177869002905102,0.33973415881590785,294.65648320910987,367.27584196778486,0.0,MS-HIDE,472,8,case57
True,8,-0.04,True,1,1,False,8,True,3.8671819781197475e-10,0.0003177869004049721,0.34327272238661666,288.7646833900362,350.3261753096013,0.0,MS-HIDE,473,8,case57
True,8,0.04,True,1,1,False,8,True,3.8671819781197475e-10,0.0003177869004049721,0.34327272238661666,301.68024379527196,411.33533121901564,0.0,MS-HIDE,474,8,case57
True,8,0.04,True,1,1,False,8,True,3.8671819781197475e-10,0.00031778690036987596,0.3474602802169151,290.29068964882754,364.246123234625,0.0,MS-HIDE,475,8,case57
True,8,-0.04,True,1,1,False,8,True,3.8671819781197475e-10,0.0003177869000190791,0.3394475328782709,280.21160624630284,345.38951041467953,0.0,MS-HIDE,476,8,case57
True,8,-0.04,True,1,1,False,8,True,3.8671819781197475e-10,0.0003177869002668597,0.3461318727941907,278.2580770930508,323.0334041785682,0.0,MS-HIDE,477,8,case57
True,8,-0.04,True,1,1,False,8,True,3.8671819781197475e-10,0.0003177869004049721,0.34327272238661666,284.23240219417494,326.3612955168355,0.0,MS-HIDE,478,8,case57
True,8,0.04,True,1,1,False,8,True,3.8671819781197475e-10,0.0003177869000190791,0.3394475328782709,273.4101207519416,327.2577292082133,0.0,MS-HIDE,479,8,case57
True,8,0.04,True,1,1,False,8,True,3.8671819781197475e-10,0.00031778690036987596,0.3474602802169151,275.32693110988475,321.8672500253888,0.0,MS-HIDE,480,8,case57
True,8,-0.04,True,1,1,False,8,True,3.8671819781197475e-10,0.00031778690039005214,0.3357452500555188,284.88842710503377,374.81250627897685,0.0,MS-HIDE,481,8,case57
True,8,0.04,True,1,1,False,8,True,3.8671819781197475e-10,0.0003177869002905102,0.33973415881590785,291.8017081479775,355.27768299798487,0.0,MS-HIDE,482,8,case57
True,8,-0.04,True,1,1,False,8,True,3.8671819781197475e-10,0.0003177869002905102,0.33973415881590785,293.0215291969944,362.4890183622483,0.0,MS-HIDE,483,8,case57
True,8,-0.04,True,1,1,False,8,True,3.8671819781197475e-10,0.0003177869002336012,0.336967302987484,283.8682374509517,368.74361251248047,0.0,MS-HIDE,484,8,case57
True,8,-0.04,True,1,1,False,8,True,3.8671819781197475e-10,0.0003177869000190791,0.3394475328782709,277.44656466238666,326.99574576399755,0.0,MS-HIDE,485,8,case57
True,8,-0.04,True,1,1,False,8,True,3.8671819781197475e-10,0.00031778690036987596,0.3474602802169151,285.82244999706745,333.3899520803243,0.0,MS-HIDE,486,8,case57
True,8,-0.04,True,1,1,False,8,True,3.8671819781197475e-10,0.0003177869002668597,0.3461318727941907,289.4813291495666,375.63009643927217,0.0,MS-HIDE,487,8,case57
True,8,0.04,True,1,1,False,8,True,3.8671819781197475e-10,0.0003177869004049721,0.34327272238661666,282.6116665441077,350.8589663251769,0.0,MS-HIDE,488,8,case57
True,8,-0.04,True,1,1,False,8,True,3.8671819781197475e-10,0.0003177869004049721,0.34327272238661666,266.87558109115344,336.5491562639363,0.0,MS-HIDE,489,8,case57
True,8,0.04,True,1,1,False,8,True,3.8671819781197475e-10,0.00031778690092778937,0.33447472646924326,272.30587505036965,335.4901416809298,0.0,MS-HIDE,490,8,case57
True,8,-0.04,True,1,1,False,8,True,3.8671819781197475e-10,0.0003177869002668597,0.3461318727941907,292.15903540316503,332.0089431654196,0.0,MS-HIDE,491,8,case57
True,8,-0.04,True,1,1,False,8,True,3.8671819781197475e-10,0.00031778690048983284,0.3314088778421218,292.5384958012728,428.9653913408984,0.0,MS-HIDE,492,8,case57
True,8,-0.04,True,1,1,False,8,True,3.8671819781197475e-10,0.0003177869007808578,0.33317688700442216,286.6382043051999,338.3017169981031,0.0,MS-HIDE,493,8,case57
True,8,-0.04,True,1,1,False,8,True,3.8671819781197475e-10,0.0003177869000190791,0.3394475328782709,284.8370896594133,343.1872687739088,0.0,MS-HIDE,494,8,case57
True,8,0.04,True,1,1,False,8,True,3.8671819781197475e-10,0.00031778690055035355,0.3417603654940549,283.8397563464241,333.3945023856359,0.0,MS-HIDE,495,8,case57
True,8,-0.04,True,1,1,False,8,True,3.8671819781197475e-10,0.0003177869011042249,0.3441929320214556,278.40762280102354,340.6490562396357,0.0,MS-HIDE,496,8,case57
True,8,-0.04,True,1,1,False,8,True,3.8671819781197475e-10,0.0003177869002905102,0.33973415881590785,295.51348960085306,357.91076454333967,0.0,MS-HIDE,497,8,case57
True,8,-0.04,True,1,1,False,8,True,3.8671819781197475e-10,0.0003177869008285995,0.3392781705445239,296.9514396507293,420.6733621831518,0.0,MS-HIDE,498,8,case57
True,8,0.04,True,1,1,False,8,True,3.8671819781197475e-10,0.0003177869002905102,0.33973415881590785,282.5428208016092,345.89354995114263,0.0,MS-HIDE,499,8,case57
True,9,0.04,True,3,3,False,9,True,3.8671819781197475e-10,0.004907984930879498,0.4306783823233087,284.2940687551163,353.94043921842245,0.0,MS-HIDE,500,9,case57
True,9,-0.04,True,2,2,False,9,True,3.8671819781197475e-10,0.00473624780975535,0.4059831548945696,281.85011245077476,365.6769997323863,0.0,MS-HIDE,501,9,case57
True,9,0.04,True,2,2,False,9,True,3.8671819781197475e-10,0.004749621112713625,0.4089624797154049,278.55281460506376,326.9382770988159,0.0,MS-HIDE,502,9,case57
True,9,0.04,True,4,4,False,9,True,3.8671819781197475e-10,0.004783621602162534,0.43560357520534815,280.41644995391835,335.21670239570085,0.0,MS-HIDE,503,9,case57
True,9,0.04,True,2,2,False,9,True,3.8671819781197475e-10,0.004733823136654896,0.425686155800758,283.444381254958,347.01461636868777,0.0,MS-HIDE,504,9,case57
True,9,0.04,True,1,1,False,9,True,3.8671819781197475e-10,0.004760511984901658,0.43366304000587924,287.7101729536662,343.9472711936105,0.0,MS-HIDE,505,9,case57
True,9,-0.04,True,3,3,False,9,True,3.8671819781197475e-10,0.004795365042886596,0.3893294763242392,275.7001187535934,327.8054413502105,0.0,MS-HIDE,506,9,case57
True,9,0.04,True,1,1,False,9,True,3.8671819781197475e-10,0.004767742986734569,0.4042896440642133,274.28508954762947,367.47644200513605,0.0,MS-HIDE,507,9,case57
True,9,0.04,True,3,3,False,9,True,3.8671819781197475e-10,0.004774635181785175,0.40343672688737925,273.1299186969409,327.55510559945833,0.0,MS-HIDE,508,9,case57
True,9,-0.04,True,2,2,False,9,True,3.8671819781197475e-10,0.004768072342825271,0.4181132256593732,276.71255395398475,331.96457709127577,0.0,MS-HIDE,509,9,case57
True,9,-0.04,True,1,1,False,9,True,3.8671819781197475e-10,0.00476498396407483,0.3734110287147264,296.3167146022897,372.30747294670437,0.0,MS-HIDE,510,9,case57
True,9,-0.04,True,3,3,False,9,True,3.8671819781197475e-10,0.004757987447172537,0.398057228049526,279.8070813063532,338.516250308021,0.0,MS-HIDE,511,9,case57
True,9,-0.04,True,1,1,False,9,True,3.8671819781197475e-10,0.004777131994040007,0.3984212863237018,294.4556604081299,371.9437812716933,0.0,MS-HIDE,512,9,case57
True,9,0.04,True,2,2,False,9,True,3.8671819781197475e-10,0.004785418705123943,0.44763487285640496,281.95107290230226,328.79617052967666,0.0,MS-HIDE,513,9,case57
True,9,-0.04,True,1,1,False,9,True,3.8671819781197475e-10,0.004740741170579707,0.39166138811781787,278.505768647301,336.602172916173,0.0,MS-HIDE,514,9,case57
True,9,0.04,True,2,2,False,9,True,3.8671819781197475e-10,0.004775071902032125,0.40889060796018256,289.14560424454976,340.00889226736035,0.0,MS-HIDE,515,9,case57
True,9,-0.04,True,5,5,False,9,True,3.8671819781197475e-10,0.004769187899931969,0.4120601080839557,270.23403955681715,334.37479824060574,0.0,MS-HIDE,516,9,case57
True,9,0.04,True,1,1,False,9,True,3.8671819781197475e-10,0.004747315589240803,0.39718333763313063,281.8755624059122,348.2776077056769,0.0,MS-HIDE,517,9,case57
True,9,-0.04,True,2,2,False,9,True,3.8671819781197475e-10,0.00474409721978385,0.40655766902770085,294.51588534284383,361.37670593743684,0.0,MS-HIDE,518,9,case57
True,9,0.04,True,2,2,False,9,True,3.8671819781197475e-10,0.0047477967595417805,0.41005441965393913,284.5618709019618,327.54111463436857,0.0,MS-HIDE,519,9,case57
True,9,-0.04,True,3,3,False,9,True,3.8671819781197475e-10,0.00488900361896547,0.4090965673106033,272.5685293000424,324.72785032878164,0.0,MS-HIDE,520,9,case57
True,9,0.04,True,2,2,False,9,True,3.8671819781197475e-10,0.004740439927640657,0.37756225852725506,287.291458301479,343.4382163628471,0.0,MS-HIDE,521,9,case57
True,9,0.04,True,2,2,False,9,True,3.8671819781197475e-10,0.004870738420520632,0.4103391897961681,283.4520707518095,328.5386747214943,0.0,MS-HIDE,522,9,case57
True,9,0.04,True,1,1,False,9,True,3.8671819781197475e-10,0.004755515578053366,0.4024802466082391,281.5047186042648,373.34062258305494,0.0,MS-HIDE,523,9,case57
True,9,0.04,True,3,3,False,9,True,3.8671819781197475e-10,0.0047952249647994685,0.4135344301055296,275.00316674413625,356.1579180706758,0.0,MS-HIDE,524,9,case57
True,9,-0.04,True,2,2,False,9,True,3.867181978119748e-10,0.004730791338763233,0.4180116893602107,285.61227704631165,359.71579960314557,0.0,MS-HIDE,525,9,case57
True,9,-0.04,True,2,2,False,9,True,3.8671819781197475e-10,0.004877931909500333,0.41883269350489305,270.1644624437904,332.0660937548383,0.0,MS-HIDE,526,9,case57
True,9,-0.04,True,3,3,False,9,True,3.8671819781197475e-10,0.004786396354538793,0.4241685723294978,286.4670853508869,337.01127356034704,0.0,MS-HIDE,527,9,case57
True,9,0.04,True,2,2,False,9,True,3.8671819781197475e-10,0.004789163590587576,0.4140225420433234,280.29692299605813,335.606093730894,0.0,MS-HIDE,528,9,case57
True,9,-0.04,True,2,2,False,9,True,3.8671819781197475e-10,0.0047605518064340905,0.38648748338277694,282.0704645506339,337.5821020890726,0.0,MS-HIDE,529,9,case57
True,9,0.04,True,3,3,False,9,True,3.8671819781197475e-10,0.004763049741816511,0.4403539132136446,285.09967289865017,344.29243186605163,0.0,MS-HIDE,530,9,case57
True,9,-0.04,True,3,3,False,9,True,3.8671819781197475e-10,0.004743514216888233,0.40310843513485795,287.36187279282603,326.77991875098087,0.0,MS-HIDE,531,9,case57
True,9,0.04,True,3,3,False,9,True,3.8671819781197475e-10,0.0047551745112197966,0.42455647710459,290.61639579886105,382.43858784553595,0.0,MS-HIDE,532,9,case57
True,9,0.04,True,3,3,False,9,True,3.8671819781197475e-10,0.0047881914191370955,0.41996960417920154,269.9631853523897,320.85558121034416,0.0,MS-HIDE,533,9,case57
True,9,0.04,True,2,2,False,9,True,3.8671819781197475e-10,0.0048015200354959865,0.3967633439623832,286.43854789843317,349.53039373212965,0.0,MS-HIDE,534,9,case57
True,9,0.04,True,2,2,False,9,True,3.8671819781197475e-10,0.004772804223465831,0.40122574594103794,284.4013668014668,345.46948992065154,0.0,MS-HIDE,535,9,case57
True,9,-0.04,True,2,2,False,9,True,3.8671819781197475e-10,0.004792259389946684,0.4137599975247789,289.82637294975575,377.95918362389784,0.0,MS-HIDE,536,9,case57
True,9,-0.04,True,3,3,False,9,True,3.8671819781197475e-10,0.0048699727274788334,0.44372196357094873,277.62060419190675,345.94970655452926,0.0,MS-HIDE,537,9,case57
True,9,-0.04,True,1,1,False,9,True,3.8671819781197475e-10,0.004735554729956766,0.42740771511378617,293.57847295177635,345.47700388939126,0.0,MS-HIDE,538,9,case57
True,9,0.04,True,1,1,False,9,True,3.8671819781197475e-10,0.004742069245197284,0.38990581836676724,283.4344791510375,336.38812325662,0.0,MS-HIDE,539,9,case57
True,9,-0.04,True,1,1,False,9,True,3.8671819781197475e-10,0.004801465839037357,0.40465755423884947,277.4942688498413,360.5927690543467,0.0,MS-HIDE,540,9,case57
True,9,-0.04,True,3,3,False,9,True,3.8671819781197475e-10,0.0047704892793106095,0.42360505918277364,293.23016454291064,353.388836036902,0.0,MS-HIDE,541,9,case57
True,9,0.04,True,4,4,False,9,True,3.8671819781197475e-10,0.004969110704937577,0.41597294145886093,279.07893965311814,344.98884966014884,0.0,MS-HIDE,542,9,case57
True,9,-0.04,True,2,2,False,9,True,3.8671819781197475e-10,0.0048084052690429814,0.4238102906851359,278.6259439541027,362.55991698999424,0.0,MS-HIDE,543,9,case57
True,9,-0.04,True,1,1,False,9,True,3.8671819781197475e-10,0.004756349017616053,0.4033185344427653,287.38753533689305,327.2794086311479,0.0,MS-HIDE,544,9,case57
True,9,0.04,True,1,1,False,9,True,3.8671819781197475e-10,0.004730463676873463,0.44087876967195105,287.19353134802077,358.5377440933371,0.0,MS-HIDE,545,9,case57
True,9,-0.04,True,2,2,False,9,True,3.8671819781197475e-10,0.00473028969744255,0.4354556241420301,270.63547915313393,318.7850101327058,0.0,MS-HIDE,546,9,case57
True,9,-0.04,True,2,2,False,9,True,3.8671819781197475e-10,0.004736793979188339,0.4014020197422492,282.17623939272016,321.3490517024184,0.0,MS-HIDE,547,9,case57
True,9,-0.04,True,2,2,False,9,True,3.8671819781197475e-10,0.004730442810540642,0.41672590320525005,298.3810832927702,355.50545655423775,0.0,MS-HIDE,548,9,case57
True,9,0.04,True,1,1,False,9,True,3.8671819781197475e-10,0.0047921912595660565,0.38945343539405103,275.8484811463859,321.7548683664063,0.0,MS-HIDE,549,9,case57
True,9,-0.04,True,3,3,False,9,True,3.8671819781197475e-10,0.004737640696481414,0.3990136089662098,281.5776646108134,331.3558708934579,0.0,MS-HIDE,550,9,case57
True,9,0.04,True,3,3,False,9,True,3.8671819781197475e-10,0.004794963641429469,0.41470073541083885,271.938506202423,324.6609690890182,0.0,MS-HIDE,551,9,case57
True,9,0.04,True,2,2,False,9,True,3.8671819781197475e-10,0.004736311003405359,0.41852186004977443,274.0604290011106,345.11031249130616,0.0,MS-HIDE,552,9,case57
True,9,-0.04,True,2,2,False,9,True,3.8671819781197475e-10,0.004849371727544277,0.4189857227549549,276.05450425180607,342.96828894293867,0.0,MS-HIDE,553,9,case57
True,9,-0.04,True,1,1,False,9,True,3.8671819781197475e-10,0.004760850820309471,0.40286080415653586,291.7244812473655,393.3467666764045,0.0,MS-HIDE,554,9,case57
True,9,-0.04,True,2,2,False,9,True,3.8671819781197475e-10,0.004741098497832452,0.42053636192899946,286.08223955961876,339.36848715238744,0.0,MS-HIDE,555,9,case57
True,9,0.04,True,3,3,False,9,True,3.8671819781197475e-10,0.004772201607016358,0.43675380803481545,282.08248340233695,359.29544821265154,0.0,MS-HIDE,556,9,case57
True,9,0.04,True,1,1,False,9,True,3.8671819781197475e-10,0.004776266217634954,0.3783287209373617,286.60207070061006,347.34039140166715,0.0,MS-HIDE,557,9,case57
True,9,0.04,True,1,1,False,9,True,3.8671819781197475e-10,0.004742828290652237,0.4313447304157055,278.31009805377107,344.7180973162176,0.0,MS-HIDE,558,9,case57
True,9,-0.04,True,2,2,False,9,True,3.8671819781197475e-10,0.004747443796037092,0.4159814418672653,278.96988545544446,348.2050660823007,0.0,MS-HIDE,559,9,case57
True,9,0.04,True,2,2,False,9,True,3.8671819781197475e-10,0.004747826702603582,0.4108277324576673,280.05636259622406,352.1467750193551,0.0,MS-HIDE,560,9,case57
True,9,0.04,True,2,2,False,9,True,3.8671819781197475e-10,0.004795077276857577,0.4324352617565276,289.935633353889,364.3800330493832,0.0,MS-HIDE,561,9,case57
True,9,-0.04,True,1,1,False,9,True,3.8671819781197475e-10,0.0047677579952894655,0.40167822941801423,272.6192187896231,343.0511791346362,0.0,MS-HIDE,562,9,case57
True,9,-0.04,True,2,2,False,9,True,3.8671819781197475e-10,0.004775303703756287,0.3949201159054803,284.09303334192373,343.6644791509025,0.0,MS-HIDE,563,9,case57
True,9,0.04,True,1,1,False,9,True,3.8671819781197475e-10,0.004739130923016812,0.42068513318009787,273.8854936003918,340.46235174464533,0.0,MS-HIDE,564,9,case57
True,9,0.04,True,4,4,False,9,True,3.8671819781197475e-10,0.004874488899277985,0.4081241918808788,272.92350429925136,323.3638464385877,0.0,MS-HIDE,565,9,case57
True,9,-0.04,True,2,2,False,9,True,3.86718197811975e-10,0.004747772942932594,0.41021553435928326,281.1787021579221,342.5048285309459,0.0,MS-HIDE,566,9,case57
True,9,-0.04,True,2,2,False,9,True,3.8671819781197475e-10,0.004805809610089328,0.40670407508283873,288.7323103437666,351.89928363251965,0.0,MS-HIDE,567,9,case57
True,9,0.04,True,3,3,False,9,True,3.8671819781197475e-10,0.004755575764446728,0.41858844879001994,295.24552489747293,372.383072876255,0.0,MS-HIDE,568,9,case57
True,9,0.04,True,3,3,False,9,True,3.8671819781197475e-10,0.004747406097853619,0.43395442872536927,263.74679799191654,320.57781670591794,0.0,MS-HIDE,569,9,case57
True,9,-0.04,True,3,3,False,9,True,3.8671819781197475e-10,0.004739669488211897,0.4102577594920582,276.25377295771614,333.07787084195303,0.0,MS-HIDE,570,9,case57
True,9,0.04,True,2,2,False,9,True,3.867181978119748e-10,0.0047996950980886246,0.4108399217577262,282.0414896996226,357.9914393165382,0.0,MS-HIDE,571,9,case57
True,9,0.04,True,2,2,False,9,True,3.8671819781197475e-10,0.004806787786073184,0.4250887339529243,287.74220009800047,329.7803816065425,0.0,MS-HIDE,572,9,case57
True,9,0.04,True,1,1,False,9,True,3.8671819781197475e-10,0.004909746100782166,0.4095604187234085,272.8140542138135,339.52788365713786,0.0,MS-HIDE,573,9,case57
True,9,0.04,True,2,2,False,9,True,3.8671819781197475e-10,0.004747176916795904,0.42880907990972694,266.69214380090125,320.3117565251887,0.0,MS-HIDE,574,9,case57
True,9,0.04,True,2,2,False,9,True,3.8671819781197656e-10,0.004755122690839441,0.4100262886383775,276.7038875987055,324.6659416996409,0.0,MS-HIDE,575,9,case57
True,9,-0.04,True,1,1,False,9,True,3.8671819781197475e-10,0.004774670773828112,0.40703002865623816,281.39917495136615,342.8831232653465,0.0,MS-HIDE,576,9,case57
True,9,0.04,True,1,1,False,9,True,3.8671819781197475e-10,0.004775672131779914,0.42611699797574093,286.7666980542708,348.19756049546413,0.0,MS-HIDE,577,9,case57
True,9,0.04,True,2,2,False,9,True,3.8671819781197475e-10,0.004767658177551401,0.4128848656750163,285.8365854481235,343.78454610996414,0.0,MS-HIDE,578,9,case57
True,9,-0.04,True,2,2,False,9,True,3.8671819781197475e-10,0.004759885655518478,0.42988573460212837,281.78361664467957,347.52401877776725,0.0,MS-HIDE,579,9,case57
True,9,-0.04,True,3,3,False,9,True,3.8671819781197475e-10,0.004737152976718979,0.39001785315128906,287.15211465314496,333.3037853852147,0.0,MS-HIDE,580,9,case57
True,9,-0.04,True,2,2,False,9,True,3.8671819781197475e-10,0.004738096080705192,0.4180763816441368,278.2347791478969,326.5640957688447,0.0,MS-HIDE,581,9,case57
True,9,0.04,True,3,3,False,9,True,3.8671819781197475e-10,0.004787403442959079,0.4148768177141862,280.01415624748915,325.12820385745727,0.0,MS-HIDE,582,9,case57
True,9,0.04,True,1,1,False,9,True,3.8671819781197475e-10,0.004748248042614922,0.41010266813852086,282.78362698911224,337.43864554853644,0.0,MS-HIDE,583,9,case57
True,9,0.04,True,1,1,False,9,True,3.8671819781197475e-10,0.004764970445769065,0.38168996557340296,281.0827479028376,337.5818042026367,0.0,MS-HIDE,584,9,case57
True,9,-0.04,True,5,5,False,9,True,3.8671819781197475e-10,0.004835147784108606,0.4232069964987905,287.43608324730303,352.4554208153859,0.0,MS-HIDE,585,9,case57
True,9,0.04,True,2,2,False,9,True,3.8671819781197475e-10,0.004735194675787366,0.39377866842117604,292.19031659304164,353.8689559296472,0.0,MS-HIDE,586,9,case57
True,9,-0.04,True,2,2,False,9,True,3.8671819781197475e-10,0.004799647226139065,0.38736064689232375,281.4231481490424,327.3497023881646,0.0,MS-HIDE,587,9,case57
True,9,0.04,True,1,1,False,9,True,3.8671819781197475e-10,0.00479117942089571,0.40568446227094257,292.5912770500872,373.8957752677379,0.0,MS-HIDE,588,9,case57
True,9,-0.04,True,4,4,False,9,True,3.8671819781197475e-10,0.004767258617303298,0.3938161220478801,276.9720353448065,347.3598579847021,0.0,MS-HIDE,589,9,case57
True,9,-0.04,True,3,3,False,9,True,3.8671819781197543e-10,0.004794975610321676,0.4312058503311478,279.70431450230535,345.53586247784557,0.0,MS-HIDE,590,9,case57
True,9,-0.04,True,2,2,False,9,True,3.8671819781197475e-10,0.0047703346573294446,0.411405471463761,293.7977625464555,364.5048333419254,0.0,MS-HIDE,591,9,case57
True,9,-0.04,True,2,2,False,9,True,3.8671819781197475e-10,0.004921272889552574,0.4253107423609976,286.15136660519056,358.8233577174833,0.0,MS-HIDE,592,9,case57
True,9,0.04,True,2,2,False,9,True,3.8671819781197475e-10,0.004790519451981646,0.42606055568896256,281.2820355495205,354.75976101879496,0.0,MS-HIDE,593,9,case57
True,9,-0.04,True,2,2,False,9,True,3.8671819781197475e-10,0.004749721543828462,0.41650038211680374,286.6149936482543,369.83373925613705,0.0,MS-HIDE,594,9,case57
True,9,-0.04,True,2,2,False,9,True,3.8671819781197475e-10,0.004737582852164975,0.4158508789041473,284.1959355486324,342.13001218449796,0.0,MS-HIDE,595,9,case57
True,9,-0.04,True,2,2,False,9,True,3.8671819781197475e-10,0.004776250259934427,0.4019548599315037,272.21870404609945,319.27714790217584,0.0,MS-HIDE,596,9,case57
True,9,0.04,True,3,3,False,9,True,3.8671819781197475e-10,0.004764507461747185,0.3889807829893238,271.23527294024825,331.5200437849853,0.0,MS-HIDE,597,9,case57
True,9,-0.04,True,1,1,False,9,True,3.8671819781197475e-10,0.004788481418454138,0.3966624590395712,289.83420000004116,335.24174374178983,0.0,MS-HIDE,598,9,case57
True,9,-0.04,True,2,2,False,9,True,3.8671819781197475e-10,0.004887381684383796,0.4434878120777899,284.68603326182347,334.09554135869257,0.0,MS-HIDE,599,9,case57
True,10,-0.04,True,1,1,False,10,True,3.8671819781197475e-10,0.0008020016222398245,0.33973415881590785,282.7277186966967,342.63692322711,0.0,MS-HIDE,600,10,case57
True,10,-0.04,True,1,1,False,10,True,3.8671819781197475e-10,0.0008020016222398245,0.33973415881590785,281.04337500117254,333.7631357018836,0.0,MS-HIDE,601,10,case57
True,10,-0.04,True,1,1,False,10,True,3.8671819781197475e-10,0.0008020016223073694,0.33172362290946855,283.9124230493326,336.31590868171776,0.0,MS-HIDE,602,10,case57
True,10,0.04,True,1,1,False,10,True,3.8671819781197475e-10,0.0008020016223542866,0.34327272238661666,282.71652275288943,334.0292264067102,0.0,MS-HIDE,603,10,case57
True,10,0.04,True,1,1,False,10,True,3.8671819781197475e-10,0.0008020016219474276,0.33743029460712765,291.38917294621933,338.4890066052322,0.0,MS-HIDE,604,10,case57
True,10,-0.04,True,1,1,False,10,True,3.8671819781197475e-10,0.0008020016223191906,0.3474602802169151,283.23061270057224,320.9847315651132,0.0,MS-HIDE,605,10,case57
True,10,-0.04,True,1,1,False,10,True,3.8671819781197475e-10,0.0008020016230535392,0.3441929320214556,295.92411030316725,354.96057704731356,0.0,MS-HIDE,606,10,case57
True,10,0.04,True,1,1,False,10,True,3.8671819781197475e-10,0.0008020016222161742,0.3461318727941907,294.4689689524239,356.5589166537393,0.0,MS-HIDE,607,10,case57
True,10,0.04,True,1,1,False,10,True,3.8671819781197475e-10,0.0008020016223191906,0.3474602802169151,298.9919750485569,341.5385410480667,0.0,MS-HIDE,608,10,case57
True,10,0.04,True,1,1,False,10,True,3.8671819781197475e-10,0.0008020016222161742,0.3461318727941907,283.46480845066253,337.3434669716517,0.0,MS-HIDE,609,10,case57
True,10,-0.04,True,1,1,False,10,True,3.8671819781197475e-10,0.0008020016222398245,0.33973415881590785,282.6729396387236,332.9708142846357,0.0,MS-HIDE,610,10,case57
True,10,-0.04,True,1,1,False,10,True,3.8671819781197475e-10,0.0008020016227316896,0.3424478073616517,281.0591770481551,326.7075646377635,0.0,MS-HIDE,611,10,case57
True,10,0.04,True,1,1,False,10,True,3.8671819781197475e-10,0.0008020016223542866,0.34327272238661666,288.368381143664,346.4264621230541,0.0,MS-HIDE,612,10,case57
True,10,0.04,True,1,1,False,10,True,3.8671819781197475e-10,0.0008020016229771505,0.32843077036451473,290.6922626454616,343.9746169868158,0.0,MS-HIDE,613,10,case57
True,10,0.04,True,1,1,False,10,True,3.8671819781197475e-10,0.0008020016223191906,0.3474602802169151,278.16725420125294,329.5381354546407,0.0,MS-HIDE,614,10,case57
True,10,0.04,True,1,1,False,10,True,3.8671819781197475e-10,0.0008020016223191906,0.3474602802169151,295.65721040416975,370.59015829290735,0.0,MS-HIDE,615,10,case57
True,10,0.04,True,1,1,False,10,True,3.8671819781197475e-10,0.0008020016222398245,0.33973415881590785,293.6349018942565,358.8716291444143,0.0,MS-HIDE,616,10,case57
True,10,-0.04,True,1,1,False,10,True,3.8671819781197475e-10,0.0008020016230641341,0.34446595891705184,279.8959188075969,323.68825655721594,0.0,MS-HIDE,617,10,case57
True,10,-0.04,True,1,1,False,10,True,3.8671819781197475e-10,0.0008020016228732296,0.34639441731273524,279.5737144566374,334.23287230252754,0.0,MS-HIDE,618,10,case57
True,10,0.04,True,1,1,False,10,True,3.8671819781197475e-10,0.0008020016222398245,0.33973415881590785,276.85449170239735,321.94640663219616,0.0,MS-HIDE,619,10,case57
True,10,0.04,True,1,1,False,10,True,3.8671819781197475e-10,0.0008020016222161742,0.3461318727941907,284.38640414969996,327.3873982310761,0.0,MS-HIDE,620,10,case57
True,10,-0.04,True,1,1,False,10,True,3.8671819781197475e-10,0.0008020016224809395,0.34095170497726146,281.8899208505172,353.75535688654054,0.0,MS-HIDE,621,10,case57
True,10,-0.04,True,1,1,False,10,True,3.8671819781197475e-10,0.0008020016230641341,0.34446595891705184,287.5832187884953,354.2130146175623,0.0,MS-HIDE,622,10,case57
True,10,0.04,True,1,1,False,10,True,3.8671819781197475e-10,0.0008020016226561521,0.33319114190461585,287.355658391607,371.00873364543077,0.0,MS-HIDE,623,10,case57
True,10,0.04,True,1,1,False,10,True,3.8671819781197475e-10,0.0008020016219683936,0.3394475328782709,280.8153311954811,325.73208124376833,0.0,MS-HIDE,624,10,case57
True,10,-0.04,True,1,1,False,10,True,3.8671819781197475e-10,0.0008020016222398245,0.33973415881590785,287.07319370587356,350.29633364465553,0.0,MS-HIDE,625,10,case57
True,10,0.04,True,1,1,False,10,True,3.8671819781197475e-10,0.0008020016227301724,0.33317688700442216,283.3547957998235,345.9259597788332,0.0,MS-HIDE,626,10,case57
True,10,-0.04,True,1,1,False,10,True,3.8671819781197475e-10,0.0008020016230641341,0.34446595891705184,283.39569589006715,337.9117410222534,0.0,MS-HIDE,627,10,case57
True,10,0.04,True,1,1,False,10,True,3.8671819781197475e-10,0.0008020016230535392,0.3441929320214556,288.215950052836,344.39721105154604,0.0,MS-HIDE,628,10,case57
True,10,-0.04,True,1,1,False,10,True,3.8671819781197475e-10,0.0008020016219683936,0.3394475328782709,276.566570851719,342.4831228941912,0.0,MS-HIDE,629,10,case57
True,10,-0.04,True,1,1,False,10,True,3.8671819781197475e-10,0.0008020016227316896,0.3424478073616517,288.02997920429334,346.4494020852726,0.0,MS-HIDE,630,10,case57
True,10,0.04,True,1,1,False,10,True,3.8671819781197475e-10,0.0008020016227316896,0.3424478073616517,280.90640418813564,340.37566668121144,0.0,MS-HIDE,631,10,case57
True,10,0.04,True,1,1,False,10,True,3.8671819781197475e-10,0.0008020016222161742,0.3461318727941907,286.31484984070994,326.0884764458752,0.0,MS-HIDE,632,10,case57
True,10,-0.04,True,1,1,False,10,True,3.8671819781197475e-10,0.000802001622777914,0.3392781705445239,285.25197499257047,340.53314856428193,0.0,MS-HIDE,633,10,case57
True,10,0.04,True,0,0,False,10,True,3.8671819781197475e-10,0.0008020016223191906,0.3474602802169151,288.13106870511547,354.7726600721944,0.0,MS-HIDE,634,10,case57
True,10,-0.04,True,1,1,False,10,True,3.8671819781197475e-10,0.0008020016230641341,0.34446595891705184,285.12094790057745,353.6489396035904,0.0,MS-HIDE,635,10,case57
True,10,-0.04,True,1,1,False,10,True,3.8671819781197475e-10,0.0008020016230535392,0.3441929320214556,279.34103324078023,347.7539166546194,0.0,MS-HIDE,636,10,case57
True,10,0.04,True,1,1,False,10,True,3.8671819781197475e-10,0.0008020016222161742,0.3461318727941907,292.8999001975171,342.33665040228516,0.0,MS-HIDE,637,10,case57
True,10,-0.04,True,1,1,False,10,True,3.8671819781197475e-10,0.0008020016222478589,0.34027054429886283,284.66854579455685,332.7724101138301,0.0,MS-HIDE,638,10,case57
True,10,-0.04,True,1,1,False,10,True,3.8671819781197475e-10,0.0008020016230641341,0.34446595891705184,288.8508561998606,346.63475175620994,0.0,MS-HIDE,639,10,case57
True,10,-0.04,True,0,0,False,10,True,3.8671819781197475e-10,0.0008020016221829158,0.336967302987484,293.06282295146957,373.42825804371387,0.0,MS-HIDE,640,10,case57
True,10,-0.04,True,1,1,False,10,True,3.8671819781197475e-10,0.0008020016227301724,0.33317688700442216,285.4000374529278,351.55906876316294,0.0,MS-HIDE,641,10,case57
True,10,-0.04,True,1,1,False,10,True,3.8671819781197475e-10,0.0008020016228732296,0.34639441731273524,294.94128539809026,348.57621635019314,0.0,MS-HIDE,642,10,case57
True,10,0.04,True,1,1,False,10,True,3.8671819781197475e-10,0.0008020016222161742,0.3461318727941907,297.7534395060502,364.1874818771612,0.0,MS-HIDE,643,10,case57
True,10,0.04,True,1,1,False,10,True,3.8671819781197475e-10,0.0008020016222161742,0.3461318727941907,282.54085624648724,340.3683958633337,0.0,MS-HIDE,644,10,case57
True,10,-0.04,True,1,1,False,10,True,3.8671819781197475e-10,0.0008020016222161742,0.3461318727941907,285.1214373979019,338.49195239599794,0.0,MS-HIDE,645,10,case57
True,10,0.04,True,1,1,False,10,True,3.8671819781197475e-10,0.0008020016219474276,0.33743029460712765,289.2124833044363,337.0759860496037,0.0,MS-HIDE,646,10,case57
True,10,-0.04,True,1,1,False,10,True,3.8671819781197475e-10,0.000802001622509438,0.3395879775407352,289.83214600011706,376.6720152227208,0.0,MS-HIDE,647,10,case57
True,10,-0.04,True,1,1,False,10,True,3.8671819781197475e-10,0.0008020016227316896,0.3424478073616517,282.8636480058776,322.2789441439091,0.0,MS-HIDE,648,10,case57
True,10,0.04,True,1,1,False,10,True,3.8671819781197475e-10,0.0008020016228771038,0.33447472646924326,283.0501291027758,330.7060455408646,0.0,MS-HIDE,649,10,case57
True,10,0.04,True,1,1,False,10,True,3.8671819781197475e-10,0.0008020016227316896,0.3424478073616517,284.8054915550165,332.24235354573466,0.0,MS-HIDE,650,10,case57
True,10,-0.04,True,1,1,False,10,True,3.8671819781197475e-10,0.0008020016223191906,0.3474602802169151,284.53222080424894,345.5386250367156,0.0,MS-HIDE,651,10,case57
True,10,0.04,True,1,1,False,10,True,3.8671819781197475e-10,0.0008020016223191906,0.3474602802169151,286.04953755857423,347.48844853311317,0.0,MS-HIDE,652,10,case57
True,10,-0.04,True,1,1,False,10,True,3.8671819781197475e-10,0.0008020016230641341,0.34446595891705184,276.5003874024842,326.0333062411519,0.0,MS-HIDE,653,10,case57
True,10,-0.04,True,1,1,False,10,True,3.8671819781197475e-10,0.0008020016222398245,0.33973415881590785,273.2159917970421,323.81351519725285,0.0,MS-HIDE,654,10,case57
True,10,0.04,True,1,1,False,10,True,3.8671819781197475e-10,0.0008020016222161742,0.3461318727941907,281.75276445399504,322.7026160340756,0.0,MS-HIDE,655,10,case57
True,10,0.04,True,1,1,False,10,True,3.8671819781197475e-10,0.0008020016222398245,0.33973415881590785,277.9105270979926,329.817854805151,0.0,MS-HIDE,656,10,case57
True,10,0.04,True,1,1,False,10,True,3.8671819781197475e-10,0.0008020016223191906,0.3474602802169151,282.0689623913495,334.2436374950921,0.0,MS-HIDE,657,10,case57
True,10,0.04,True,1,1,False,10,True,3.8671819781197475e-10,0.0008020016227301724,0.33317688700442216,280.15037275326904,330.25847676908603,0.0,MS-HIDE,658,10,case57
True,10,-0.04,True,1,1,False,10,True,3.8671819781197475e-10,0.0008020016222161742,0.3461318727941907,289.63472280011047,389.7160235472257,0.0,MS-HIDE,659,10,case57
True,10,0.04,True,1,1,False,10,True,3.8671819781197475e-10,0.0008020016222398245,0.33973415881590785,281.04454779822845,325.6701773789246,0.0,MS-HIDE,660,10,case57
True,10,0.04,True,1,1,False,10,True,3.8671819781197475e-10,0.0008020016223542866,0.34327272238661666,293.94173340988345,366.45108332450036,0.0,MS-HIDE,661,10,case57
True,10,0.04,True,1,1,False,10,True,3.8671819781197475e-10,0.0008020016227316896,0.3424478073616517,290.29751454363577,353.59878121525986,0.0,MS-HIDE,662,10,case57
True,10,0.04,True,1,1,False,10,True,3.8671819781197475e-10,0.0008020016230535392,0.3441929320214556,287.33065841079224,328.5926580632804,0.0,MS-HIDE,663,10,case57
True,10,-0.04,True,1,1,False,10,True,3.8671819781197475e-10,0.0008020016223542866,0.34327272238661666,285.6724812503671,333.15668268478476,0.0,MS-HIDE,664,10,case57
True,10,-0.04,True,1,1,False,10,True,3.8671819781197475e-10,0.0008020016222161742,0.3461318727941907,288.60861674766056,352.1480600844371,0.0,MS-HIDE,665,10,case57
True,10,-0.04,True,1,1,False,10,True,3.8671819781197475e-10,0.0008020016228771038,0.33447472646924326,297.3704853997333,401.256226451369,0.0,MS-HIDE,666,10,case57
True,10,-0.04,True,1,1,False,10,True,3.8671819781197475e-10,0.0008020016222398245,0.33973415881590785,291.27361254941206,347.2430607507704,0.0,MS-HIDE,667,10,case57
True,10,0.04,True,1,1,False,10,True,3.8671819781197475e-10,0.000802001622685414,0.33576762064856125,287.4902999494225,332.9256235912908,0.0,MS-HIDE,668,10,case57
True,10,-0.04,True,1,1,False,10,True,3.8671819781197475e-10,0.0008020016223191906,0.3474602802169151,288.3194811496651,357.92688363580965,0.0,MS-HIDE,669,10,case57
True,10,-0.04,True,1,1,False,10,True,3.8671819781197475e-10,0.0008020016223191906,0.3474602802169151,288.70473739516456,333.44396041648,0.0,MS-HIDE,670,10,case57
True,10,0.04,True,1,1,False,10,True,3.8671819781197475e-10,0.0008020016222398245,0.33973415881590785,285.50312910520006,332.20751006447244,0.0,MS-HIDE,671,10,case57
True,10,-0.04,True,1,1,False,10,True,3.8671819781197475e-10,0.0008020016230641341,0.34446595891705184,283.67148754477967,332.6835353858769,0.0,MS-HIDE,672,10,case57
True,10,-0.04,True,1,1,False,10,True,3.8671819781197475e-10,0.0008020016230641341,0.34446595891705184,285.86400414351374,345.51515235507395,0.0,MS-HIDE,673,10,case57
True,10,0.04,True,1,1,False,10,True,3.8671819781197475e-10,0.0008020016228732296,0.34639441731273524,283.3946060942253,342.11973057244904,0.0,MS-HIDE,674,10,case57
True,10,-0.04,True,1,1,False,10,True,3.8671819781197475e-10,0.0008020016219941401,0.3350925602246182,283.5764166928129,333.8401187444106,0.0,MS-HIDE,675,10,case57
True,10,0.04,True,1,1,False,10,True,3.8671819781197475e-10,0.0008020016230641341,0.34446595891705184,301.01581444905605,360.2904020866845,0.0,MS-HIDE,676,10,case57
True,10,-0.04,True,1,1,False,10,True,3.8671819781197475e-10,0.0008020016223191906,0.3474602802169151,294.3748124554986,348.88633988739457,0.0,MS-HIDE,677,10,case57
True,10,0.04,True,1,1,False,10,True,3.8671819781197475e-10,0.0008020016223542866,0.34327272238661666,288.43332290125545,358.56368190725334,0.0,MS-HIDE,678,10,case57
True,10,-0.04,True,1,1,False,10,True,3.8671819781197475e-10,0.0008020016223191906,0.3474602802169151,281.21914590592496,355.52735629316885,0.0,MS-HIDE,679,10,case57
True,10,-0.04,True,1,1,False,10,True,3.8671819781197475e-10,0.0008020016230535392,0.3441929320214556,271.6560500499327,318.98812917061156,0.0,MS-HIDE,680,10,case57
True,10,0.04,True,1,1,False,10,True,3.8671819781197475e-10,0.0008020016227316896,0.3424478073616517,280.20504178421106,351.027881517075,0.0,MS-HIDE,681,10,case57
True,10,-0.04,True,1,1,False,10,True,3.8671819781197475e-10,0.0008020016223191906,0.3474602802169151,277.5026144925505,344.4082961446839,0.0,MS-HIDE,682,10,case57
True,10,0.04,True,1,1,False,10,True,3.8671819781197475e-10,0.0008020016222161742,0.3461318727941907,288.789787699352,364.28430063824635,0.0,MS-HIDE,683,10,case57
True,10,-0.04,True,1,1,False,10,True,3.8671819781197475e-10,0.0008020016222398245,0.33973415881590785,280.58061669871677,334.49658296885906,0.0,MS-HIDE,684,10,case57
True,10,-0.04,True,1,1,False,10,True,3.8671819781197475e-10,0.0008020016222161742,0.3461318727941907,284.9185229977593,328.5225417028414,0.0,MS-HIDE,685,10,case57
True,10,-0.04,True,1,1,False,10,True,3.8671819781197475e-10,0.0008020016223035871,0.3352066697295907,276.49982080911286,325.6417920056265,0.0,MS-HIDE,686,10,case57
True,10,0.04,True,1,1,False,10,True,3.8671819781197475e-10,0.0008020016223542866,0.34327272238661666,279.00169175409246,330.8079711627215,0.0,MS-HIDE,687,10,case57
True,10,0.04,True,1,1,False,10,True,3.8671819781197475e-10,0.0008020016223191906,0.3474602802169151,286.6396583034657,365.19237292814074,0.0,MS-HIDE,688,10,case57
True,10,0.04,True,1,1,False,10,True,3.8671819781197475e-10,0.0008020016219563329,0.33780559082201017,282.4737458548043,342.59407531353645,0.0,MS-HIDE,689,10,case57
True,10,-0.04,True,1,1,False,10,True,3.8671819781197475e-10,0.000802001622777914,0.3392781705445239,299.5562917611096,364.81092560279654,0.0,MS-HIDE,690,10,case57
True,10,-0.04,True,1,1,False,10,True,3.8671819781197475e-10,0.0008020016230535392,0.3441929320214556,290.75637500500306,357.4107181135333,0.0,MS-HIDE,691,10,case57
True,10,-0.04,True,1,1,False,10,True,3.8671819781197475e-10,0.0008020016228732296,0.34639441731273524,287.5180521135917,352.6999288616935,0.0,MS-HIDE,692,10,case57
True,10,-0.04,True,1,1,False,10,True,3.8671819781197475e-10,0.0008020016222729,0.33333304090394344,295.1067353977123,367.96420445607515,0.0,MS-HIDE,693,10,case57
True,10,-0.04,True,1,1,False,10,True,3.8671819781197475e-10,0.0008020016222398245,0.33973415881590785,283.89402504544705,343.57605061959475,0.0,MS-HIDE,694,10,case57
True,10,0.04,True,1,1,False,10,True,3.8671819781197475e-10,0.0008020016223191906,0.3474602802169151,282.3316979483934,331.83540835161693,0.0,MS-HIDE,695,10,case57
True,10,-0.04,True,1,1,False,10,True,3.8671819781197475e-10,0.0008020016223191906,0.3474602802169151,288.3121812483296,350.7224059314467,0.0,MS-HIDE,696,10,case57
True,10,-0.04,True,1,1,False,10,True,3.8671819781197475e-10,0.0008020016222161742,0.3461318727941907,280.3767395031173,337.6037086447468,0.0,MS-HIDE,697,10,case57
True,10,-0.04,True,1,1,False,10,True,3.8671819781197475e-10,0.0008020016222161742,0.3461318727941907,279.96057078707963,337.3772482183995,0.0,MS-HIDE,698,10,case57
True,10,0.04,True,1,1,False,10,True,3.8671819781197475e-10,0.0008020016222398245,0.33973415881590785,286.0550394980237,353.93491871363955,0.0,MS-HIDE,699,10,case57
True,11,0.04,True,1,1,False,11,True,3.8671819781197475e-10,0.0003683915010502192,0.3474602802169151,287.15059805545025,398.3614395925543,0.0,MS-HIDE,700,11,case57
True,11,-0.04,True,1,1,False,11,True,3.8671819781197475e-10,0.0003683915006784564,0.33743029460712765,282.18984369596,347.27691665466415,0.0,MS-HIDE,701,11,case57
True,11,0.04,True,1,1,False,11,True,3.8671819781197475e-10,0.0003683915006784564,0.33743029460712765,276.4257396425819,323.8730372104328,0.0,MS-HIDE,702,11,case57
True,11,-0.04,True,1,1,False,11,True,3.8671819781197475e-10,0.0003683915009708533,0.33973415881590785,292.3984918015776,355.2015788533027,0.0,MS-HIDE,703,11,case57
True,11,0.04,True,1,1,False,11,True,3.8671819781197475e-10,0.0003683915010502192,0.3474602802169151,294.024735383573,353.9251812209841,0.0,MS-HIDE,704,11,case57
True,11,-0.04,True,1,1,False,11,True,3.8671819781197475e-10,0.0003683915009472029,0.3461318727941907,282.87707291019615,343.6394333344652,0.0,MS-HIDE,705,11,case57
True,11,0.04,True,1,1,False,11,True,3.8671819781197475e-10,0.0003683915009708533,0.33973415881590785,288.29178759478964,353.7480148981558,0.0,MS-HIDE,706,11,case57
True,11,0.04,True,1,1,False,11,True,3.8671819781197475e-10,0.0003683915015191511,0.3341908020995511,290.4860521462979,344.5844881352969,0.0,MS-HIDE,707,11,case57
True,11,0.04,True,1,1,False,11,True,3.8671819781197475e-10,0.00036839150108174996,0.3342542723900921,283.73417704715393,340.21896905323956,0.0,MS-HIDE,708,11,case57
True,11,0.04,True,1,1,False,11,True,3.8671819781197475e-10,0.00036839150104118324,0.3280336736933406,293.2570187433157,388.326797625632,0.0,MS-HIDE,709,11,case57
True,11,0.04,True,1,1,False,11,True,3.8671819781197475e-10,0.000368391501461201,0.33317688700442216,274.2731145961443,322.2376527177403,0.0,MS-HIDE,710,11,case57
True,11,-0.04,True,1,1,False,11,True,3.8671819781197475e-10,0.0003683915017845681,0.3441929320214556,293.63274574570823,356.88344406662515,0.0,MS-HIDE,711,11,case57
True,11,0.04,True,1,1,False,11,True,3.8671819781197475e-10,0.0003683915009788878,0.34027054429886283,281.828352046432,371.3532729423605,0.0,MS-HIDE,712,11,case57
True,11,-0.04,True,1,1,False,11,True,3.8671819781197475e-10,0.0003683915010346159,0.3352066697295907,281.7714250093559,341.8329920445103,0.0,MS-HIDE,713,11,case57
True,11,0.04,True,1,1,False,11,True,3.8671819781197475e-10,0.0003683915009472029,0.3461318727941907,284.23841045296285,348.65015173272695,0.0,MS-HIDE,714,11,case57
True,11,-0.04,True,1,1,False,11,True,3.8671819781197475e-10,0.0003683915016042583,0.34639441731273524,283.82762919936795,325.78765418729745,0.0,MS-HIDE,715,11,case57
True,11,0.04,True,1,1,False,11,True,3.8671819781197475e-10,0.0003683915017845681,0.3441929320214556,291.76675404887646,344.1177437460283,0.0,MS-HIDE,716,11,case57
True,11,-0.04,True,1,1,False,11,True,3.8671819781197475e-10,0.0003683915009472029,0.3461318727941907,287.8997980442364,352.4117416993249,0.0,MS-HIDE,717,11,case57
True,11,0.04,True,1,1,False,11,True,3.8671819781197475e-10,0.0003683915009708533,0.33973415881590785,287.65422289725393,344.28000834886916,0.0,MS-HIDE,718,11,case57
True,11,0.04,True,1,1,False,11,True,3.8671819781197475e-10,0.0003683915010502192,0.3474602802169151,284.4772125565214,332.55891493172385,0.0,MS-HIDE,719,11,case57
True,11,0.04,True,1,1,False,11,True,3.8671819781197475e-10,0.0003683915010502192,0.3474602802169151,287.6826522522606,347.323577068164,0.0,MS-HIDE,720,11,case57
True,11,0.04,True,1,1,False,11,True,3.8671819781197475e-10,0.00036839150121196823,0.34095170497726146,285.0066897459328,356.0573542228667,0.0,MS-HIDE,721,11,case57
True,11,-0.04,True,1,1,False,11,True,3.8671819781197475e-10,0.0003683915010502192,0.3474602802169151,283.35964170109946,350.53058096382307,0.0,MS-HIDE,722,11,case57
True,11,0.04,True,1,1,False,11,True,3.8671819781197475e-10,0.0003683915010853153,0.34327272238661666,280.5932665942237,336.2549308571033,0.0,MS-HIDE,723,11,case57
True,11,0.04,True,1,1,False,11,True,3.8671819781197475e-10,0.0003683915009472029,0.3461318727941907,282.33298539416865,345.29201104305685,0.0,MS-HIDE,724,11,case57
True,11,0.04,True,1,1,False,11,True,3.8671819781197475e-10,0.0003683915009472029,0.3461318727941907,285.83706064673606,348.3614291762933,0.0,MS-HIDE,725,11,case57
True,11,0.04,True,1,1,False,11,True,3.8671819781197475e-10,0.0003683915009708533,0.33973415881590785,272.30826044396963,319.599908622331,0.0,MS-HIDE,726,11,case57
True,11,-0.04,True,1,1,False,11,True,3.8671819781197475e-10,0.0003683915009708533,0.33973415881590785,280.5643500527367,329.86275207367726,0.0,MS-HIDE,727,11,case57
True,11,0.04,True,1,1,False,11,True,3.8671819781197475e-10,0.0003683915017845681,0.3441929320214556,279.21927084971685,325.06891663360875,0.0,MS-HIDE,728,11,case57
True,11,-0.04,True,1,1,False,11,True,3.8671819781197475e-10,0.0003683915016042583,0.34639441731273524,281.6024125088006,332.5084124895511,0.0,MS-HIDE,729,11,case57
True,11,-0.04,True,1,1,False,11,True,3.8671819781197475e-10,0.0003683915009708533,0.33973415881590785,273.33450221049134,321.3574423309183,0.0,MS-HIDE,730,11,case57
True,11,-0.04,True,1,1,False,11,True,3.8671819781197475e-10,0.0003683915014164428,0.33576762064856125,277.4930688989116,318.46823510713875,0.0,MS-HIDE,731,11,case57
True,11,-0.04,True,1,1,False,11,True,3.8671819781197475e-10,0.0003683915017845681,0.3441929320214556,306.45635625114664,418.1216732074973,0.0,MS-HIDE,732,11,case57
True,11,-0.04,True,1,1,False,11,True,3.8671819781197475e-10,0.0003683915016042583,0.34639441731273524,287.0504167047329,344.47510979080107,0.0,MS-HIDE,733,11,case57
True,11,-0.04,True,1,1,False,11,True,3.8671819781197475e-10,0.0003683915010853153,0.34327272238661666,288.1215916015208,347.22975621698424,0.0,MS-HIDE,734,11,case57
True,11,0.04,True,1,1,False,11,True,3.8671819781197475e-10,0.0003683915010853153,0.34327272238661666,293.15876885375474,364.78232087392826,0.0,MS-HIDE,735,11,case57
True,11,-0.04,True,1,1,False,11,True,3.8671819781197475e-10,0.0003683915009472029,0.3461318727941907,294.4415353995282,365.57088124973234,0.0,MS-HIDE,736,11,case57
True,11,0.04,True,1,1,False,11,True,3.8671819781197475e-10,0.0003683915017845681,0.3441929320214556,278.353891603183,333.59356663422665,0.0,MS-HIDE,737,11,case57
True,11,-0.04,True,1,1,False,11,True,3.8671819781197475e-10,0.0003683915009472029,0.3461318727941907,277.68261870078277,345.8092785294866,0.0,MS-HIDE,738,11,case57
True,11,0.04,True,1,1,False,11,True,3.8671819781197475e-10,0.00036839150108174996,0.3342542723900921,295.2795417397283,355.9672610426788,0.0,MS-HIDE,739,11,case57
True,11,0.04,True,1,1,False,11,True,3.8671819781197475e-10,0.000368391501795163,0.34446595891705184,293.86005834385287,364.75450203579385,0.0,MS-HIDE,740,11,case57
True,11,-0.04,True,1,1,False,11,True,3.8671819781197475e-10,0.00036839150091394436,0.336967302987484,291.6045646968996,367.82244790229015,0.0,MS-HIDE,741,11,case57
True,11,0.04,True,1,1,False,11,True,3.8671819781197475e-10,0.0003683915015089427,0.3392781705445239,282.08885211206507,353.8798270805273,0.0,MS-HIDE,742,11,case57
True,11,0.04,True,1,1,False,11,True,3.8671819781197475e-10,0.000368391501795163,0.34446595891705184,283.4872958919732,352.97041104058735,0.0,MS-HIDE,743,11,case57
True,11,0.04,True,1,1,False,11,True,3.8671819781197475e-10,0.0003683915016042583,0.34639441731273524,280.71241039724555,357.42850201786496,0.0,MS-HIDE,744,11,case57
True,11,0.04,True,1,1,False,11,True,3.8671819781197475e-10,0.0003683915010502192,0.3474602802169151,288.6975540983258,362.1899999503512,0.0,MS-HIDE,745,11,case57
True,11,-0.04,True,1,1,False,11,True,3.8671819781197475e-10,0.00036839150121196823,0.34095170497726146,288.4413291583769,333.5373214940774,0.0,MS-HIDE,746,11,case57
True,11,0.04,True,1,1,False,11,True,3.8671819781197475e-10,0.0003683915011360725,0.3301580213946593,294.8058459034655,343.6890937795397,0.0,MS-HIDE,747,11,case57
True,11,0.04,True,1,1,False,11,True,3.8671819781197475e-10,0.0003683915018834021,0.33970602375518744,289.24776679778006,345.2869065396954,0.0,MS-HIDE,748,11,case57
True,11,-0.04,True,1,1,False,11,True,3.8671819781197475e-10,0.0003683915010853153,0.34327272238661666,278.56199574889615,343.9862377796089,0.0,MS-HIDE,749,11,case57
True,11,0.04,True,1,1,False,11,True,3.8671819781197475e-10,0.0003683915009708533,0.33973415881590785,277.4560603982536,338.7089541298338,0.0,MS-HIDE,750,11,case57
True,11,0.04,True,1,1,False,11,True,3.8671819781197475e-10,0.00036839150108174996,0.3342542723900921,271.1384165508207,321.4536978834076,0.0,MS-HIDE,751,11,case57
True,11,0.04,True,1,1,False,11,True,3.8671819781197475e-10,0.0003683915009708533,0.33973415881590785,287.554829052533,326.48153539339546,0.0,MS-HIDE,752,11,case57
True,11,0.04,True,1,1,False,11,True,3.8671819781197475e-10,0.0003683915017845681,0.3441929320214556,282.99324365507346,328.3110794262029,0.0,MS-HIDE,753,11,case57
True,11,-0.04,True,1,1,False,11,True,3.8671819781197475e-10,0.0003683915009472029,0.3461318727941907,280.54543329926673,325.69832046865486,0.0,MS-HIDE,754,11,case57
True,11,-0.04,True,1,1,False,11,True,3.8671819781197475e-10,0.0003683915017845681,0.3441929320214556,274.7720332990866,318.74815208138904,0.0,MS-HIDE,755,11,case57
True,11,-0.04,True,1,1,False,11,True,3.8671819781197475e-10,0.00036839150160813256,0.33447472646924326,285.91848129290156,352.8691082930891,0.0,MS-HIDE,756,11,case57
True,11,-0.04,True,1,1,False,11,True,3.8671819781197475e-10,0.000368391501461201,0.33317688700442216,280.8828916429775,331.63538602530025,0.0,MS-HIDE,757,11,case57
True,11,-0.04,True,1,1,False,11,True,3.8671819781197475e-10,0.000368391501795163,0.34446595891705184,284.76546670717653,326.03363718371844,0.0,MS-HIDE,758,11,case57
True,11,-0.04,True,1,1,False,11,True,3.8671819781197475e-10,0.0003683915010853153,0.34327272238661666,284.1822562448215,320.8264476299519,0.0,MS-HIDE,759,11,case57
True,11,0.04,True,1,1,False,11,True,3.8671819781197475e-10,0.0003683915009708533,0.33973415881590785,279.54172085155733,336.974945871043,0.0,MS-HIDE,760,11,case57
True,11,0.04,True,1,1,False,11,True,3.8671819781197475e-10,0.000368391501795163,0.34446595891705184,278.9418188040145,330.4127232142491,0.0,MS-HIDE,761,11,case57
True,11,0.04,True,1,1,False,11,True,3.8671819781197475e-10,0.0003683915006784564,0.33743029460712765,292.65237705549225,342.4666173494188,0.0,MS-HIDE,762,11,case57
True,11,-0.04,True,1,1,False,11,True,3.8671819781197475e-10,0.00036839150108174996,0.3342542723900921,291.6709333570907,343.36839648021856,0.0,MS-HIDE,763,11,case57
True,11,-0.04,True,1,1,False,11,True,3.8671819781197475e-10,0.0003683915009708533,0.33973415881590785,292.27899794641417,386.1853145965142,0.0,MS-HIDE,764,11,case57
True,11,0.04,True,1,1,False,11,True,3.8671819781197475e-10,0.0003683915017845681,0.3441929320214556,280.07806039822754,341.0516142641427,0.0,MS-HIDE,765,11,case57
True,11,-0.04,True,1,1,False,11,True,3.8671819781197475e-10,0.0003683915010853153,0.34327272238661666,280.8834062045207,325.1218687364599,0.0,MS-HIDE,766,11,case57
True,11,-0.04,True,1,1,False,11,True,3.8671819781197475e-10,0.0003683915010346159,0.3352066697295907,283.3594730007462,330.1949169719592,0.0,MS-HIDE,767,11,case57
True,11,0.04,True,1,1,False,11,True,3.8671819781197475e-10,0.0003683915017845681,0.3441929320214556,309.73575835232623,406.2279170262628,0.0,MS-HIDE,768,11,case57
True,11,-0.04,True,1,1,False,11,True,3.8671819781197475e-10,0.0003683915010502192,0.3474602802169151,325.02289385010954,392.9440089734272,0.0,MS-HIDE,769,11,case57
True,11,-0.04,True,1,1,False,11,True,3.8671819781197475e-10,0.00036839150108174996,0.3342542723900921,332.4806146003539,389.32934372569434,0.0,MS-HIDE,770,11,case57
True,11,-0.04,True,1,1,False,11,True,3.8671819781197475e-10,0.0003683915010853153,0.34327272238661666,328.3276145491982,390.57217709196266,0.0,MS-HIDE,771,11,case57
True,11,-0.04,True,1,1,False,11,True,3.8671819781197475e-10,0.000368391501795163,0.34446595891705184,337.6429105002899,384.0302705328213,0.0,MS-HIDE,772,11,case57
True,11,0.04,True,1,1,False,11,True,3.8671819781197475e-10,0.0003683915010853153,0.34327272238661666,327.0801938022487,395.3793229011353,0.0,MS-HIDE,773,11,case57
True,11,-0.04,True,1,1,False,11,True,3.8671819781197475e-10,0.0003683915010383982,0.33172362290946855,324.87899165134877,398.630719105131,0.0,MS-HIDE,774,11,case57
True,11,0.04,True,1,1,False,11,True,3.8671819781197475e-10,0.0003683915009472029,0.3461318727941907,287.24377701000776,355.0003149139229,0.0,MS-HIDE,775,11,case57
True,11,-0.04,True,1,1,False,11,True,3.8671819781197475e-10,0.0003683915009472029,0.3461318727941907,278.2565249479376,335.8101683843415,0.0,MS-HIDE,776,11,case57
True,11,0.04,True,1,1,False,11,True,3.8671819781197475e-10,0.0003683915009472029,0.3461318727941907,273.8449687982211,326.57802914036444,0.0,MS-HIDE,777,11,case57
True,11,0.04,True,1,1,False,11,True,3.8671819781197475e-10,0.0003683915010346159,0.3352066697295907,280.417104208027,326.31411426409613,0.0,MS-HIDE,778,11,case57
True,11,0.04,True,1,1,False,11,True,3.8671819781197475e-10,0.0003683915010383982,0.33172362290946855,297.191616697819,373.27496041834826,0.0,MS-HIDE,779,11,case57
True,11,-0.04,True,1,1,False,11,True,3.8671819781197475e-10,0.0003683915017845681,0.3441929320214556,285.77483744884375,372.87806044914765,0.0,MS-HIDE,780,11,case57
True,11,0.04,True,1,1,False,11,True,3.8671819781197475e-10,0.0003683915009472029,0.3461318727941907,271.17740210087504,320.1470229221741,0.0,MS-HIDE,781,11,case57
True,11,-0.04,True,1,1,False,11,True,3.8671819781197475e-10,0.0003683915006994223,0.3394475328782709,289.90768955554813,362.04195981554227,0.0,MS-HIDE,782,11,case57
True,11,0.04,True,1,1,False,11,True,3.8671819781197475e-10,0.00036839150160813256,0.33447472646924326,277.3397292010486,341.4615788817173,0.0,MS-HIDE,783,11,case57
True,11,0.04,True,1,1,False,11,True,3.8671819781197475e-10,0.0003683915017845681,0.3441929320214556,283.54238519386854,336.2183020974044,0.0,MS-HIDE,784,11,case57
True,11,-0.04,True,1,1,False,11,True,3.8671819781197475e-10,0.00036839150160813256,0.33447472646924326,291.8633125984343,350.95304790593224,0.0,MS-HIDE,785,11,case57
True,11,0.04,True,1,1,False,11,True,3.8671819781197475e-10,0.0003683915010853153,0.34327272238661666,280.8872770925518,343.4534103987972,0.0,MS-HIDE,786,11,case57
True,11,0.04,True,1,1,False,11,True,3.8671819781197475e-10,0.0003683915010383982,0.33172362290946855,284.81149389990605,333.4271812433144,0.0,MS-HIDE,787,11,case57
True,11,0.04,True,1,1,False,11,True,3.8671819781197475e-10,0.0003683915010853153,0.34327272238661666,278.94061665574554,331.402795194299,0.0,MS-HIDE,788,11,case57
True,11,-0.04,True,1,1,False,11,True,3.8671819781197475e-10,0.00036839150146271833,0.3424478073616517,278.0084750498645,324.7908312448999,0.0,MS-HIDE,789,11,case57
True,11,-0.04,True,1,1,False,11,True,3.8671819781197475e-10,0.0003683915010502192,0.3474602802169151,276.3404458120931,323.3785857184557,0.0,MS-HIDE,790,11,case57
True,11,-0.04,True,1,1,False,11,True,3.8671819781197475e-10,0.0003683915021031795,0.3387889584905622,277.06506680115126,335.0589496898465,0.0,MS-HIDE,791,11,case57
True,11,0.04,True,1,1,False,11,True,3.8671819781197475e-10,0.0003683915009708533,0.33973415881590785,298.62731250177603,423.508535468136,0.0,MS-HIDE,792,11,case57
True,11,0.04,True,1,1,False,11,True,3.8671819781197475e-10,0.0003683915009708533,0.33973415881590785,345.4338271083543,422.2721526864916,0.0,MS-HIDE,793,11,case57
True,11,0.04,True,1,1,False,11,True,3.8671819781197475e-10,0.0003683915009472029,0.3461318727941907,339.7936708497582,425.57099820987787,0.0,MS-HIDE,794,11,case57
True,11,0.04,True,1,1,False,11,True,3.8671819781197475e-10,0.0003683915009708533,0.33973415881590785,334.07936455041636,393.2305058988277,0.0,MS-HIDE,795,11,case57
True,11,0.04,True,1,1,False,11,True,3.8671819781197475e-10,0.0003683915016042583,0.34639441731273524,344.28519585344475,431.03417566744616,0.0,MS-HIDE,796,11,case57
True,11,-0.04,True,1,1,False,11,True,3.8671819781197475e-10,0.0003683915010346159,0.3352066697295907,321.99531869846396,378.5884666489437,0.0,MS-HIDE,797,11,case57
True,11,-0.04,True,1,1,False,11,True,3.8671819781197475e-10,0.0003683915013871809,0.33319114190461585,330.38033764169086,399.83764793432783,0.0,MS-HIDE,798,11,case57
True,11,-0.04,True,1,1,False,11,True,3.8671819781197475e-10,0.0003683915009708533,0.33973415881590785,332.39628759620246,407.0390896173194,0.0,MS-HIDE,799,11,case57
True,12,-0.04,True,1,1,False,12,True,3.8671819781197475e-10,0.00029011526009336733,0.27407638547181734,276.3630999950692,335.8401985518867,0.0,MS-HIDE,800,12,case57
True,12,0.04,True,1,1,False,12,True,3.8671819781197475e-10,0.0002901152610980224,0.2611213996820488,284.993262347416,339.7016419417924,0.0,MS-HIDE,801,12,case57
True,12,-0.04,True,1,1,False,12,True,3.8671819781197475e-10,0.00029011525980202226,0.27121723506424333,290.1437185937539,329.06791811983567,0.0,MS-HIDE,802,12,case57
True,12,-0.04,True,1,1,False,12,True,3.8671819781197475e-10,0.00029011526038373516,0.2743389299903619,289.0024563501356,348.1903353938833,0.0,MS-HIDE,803,12,case57
True,12,0.04,True,1,1,False,12,True,3.8671819781197475e-10,0.00029011525980202226,0.27121723506424333,281.524345849175,348.2488002977334,0.0,MS-HIDE,804,12,case57
True,12,-0.04,True,1,1,False,12,True,3.8671819781197475e-10,0.00029011526009336733,0.27407638547181734,283.944379206514,334.7212541877525,0.0,MS-HIDE,805,12,case57
True,12,-0.04,True,1,1,False,12,True,3.8671819781197475e-10,0.0002901152607503759,0.2647380390740751,292.1510874526575,336.00030895904644,0.0,MS-HIDE,806,12,case57
True,12,0.04,True,1,1,False,12,True,3.8671819781197475e-10,0.00029011526009336733,0.27407638547181734,281.439298010082,367.76854202908,0.0,MS-HIDE,807,12,case57
True,12,-0.04,True,1,1,False,12,True,3.8671819781197475e-10,0.00029011525980202226,0.27121723506424333,279.6621126035461,339.22857326688245,0.0,MS-HIDE,808,12,case57
True,12,-0.04,True,1,1,False,12,True,3.8671819781197475e-10,0.00029011526017048896,0.2640010619950831,287.61748335382435,350.9658145456342,0.0,MS-HIDE,809,12,case57
True,12,-0.04,True,1,1,False,12,True,3.8671819781197475e-10,0.00029011526009336733,0.27407638547181734,285.7443687564228,363.18138121278025,0.0,MS-HIDE,810,12,case57
True,12,-0.04,True,1,1,False,12,True,3.8671819781197475e-10,0.0002901152601932088,0.26371213332618787,288.5726689535659,338.70253604254685,0.0,MS-HIDE,811,12,case57
True,12,0.04,True,1,1,False,12,True,3.8671819781197475e-10,0.00029011526009336733,0.27407638547181734,278.41267079347745,331.4661576674553,0.0,MS-HIDE,812,12,case57
True,12,-0.04,True,1,1,False,12,True,3.8671819781197475e-10,0.00029011526067264517,0.25597818637096714,278.7018875067588,323.9232455234742,0.0,MS-HIDE,813,12,case57
True,12,-0.04,True,1,1,False,12,True,3.8671819781197475e-10,0.0002901152600561087,0.2673920455558975,282.2572311939439,346.2227746640565,0.0,MS-HIDE,814,12,case57
True,12,0.04,True,1,1,False,12,True,3.8671819781197475e-10,0.00029011526009336733,0.27407638547181734,280.9955624950817,352.69440213742206,0.0,MS-HIDE,815,12,case57
True,12,0.04,True,1,1,False,12,True,3.8671819781197475e-10,0.00029011526038373516,0.2743389299903619,285.2273688040441,351.5165580494795,0.0,MS-HIDE,816,12,case57
True,12,0.04,True,1,1,False,12,True,3.8671819781197475e-10,0.0002901152597598226,0.27540479289454173,284.83426665479783,378.2982225849992,0.0,MS-HIDE,817,12,case57
True,12,0.04,True,1,1,False,12,True,3.8671819781197475e-10,0.00029011526009336733,0.27407638547181734,347.3596062452998,431.53399195871316,0.0,MS-HIDE,818,12,case57
True,12,0.04,True,1,1,False,12,True,3.8671819781197475e-10,0.00029011525980202226,0.27121723506424333,333.9903999993112,425.9022377664224,0.0,MS-HIDE,819,12,case57
True,12,-0.04,True,1,1,False,12,True,3.8671819781197475e-10,0.00029011526078649025,0.2688962176548881,339.75868325214833,407.9402454721276,0.0,MS-HIDE,820,12,case57
True,12,0.04,True,1,1,False,12,True,3.8671819781197475e-10,0.0002901152608076387,0.26769021868456144,340.09182919107843,403.7049985403428,0.0,MS-HIDE,821,12,case57
True,12,-0.04,True,1,1,False,12,True,3.8671819781197475e-10,0.00029011526012728687,0.27241047159467846,338.02055625710636,409.92880834965035,0.0,MS-HIDE,822,12,case57
True,12,-0.04,True,1,1,False,12,True,3.8671819781197475e-10,0.0002901152601131456,0.27213744469908224,327.7242103999015,400.57849409931805,0.0,MS-HIDE,823,12,case57
True,12,-0.04,True,1,1,False,12,True,3.8671819781197475e-10,0.00029011526017048896,0.2640010619950831,339.4530416466296,414.3369333411101,0.0,MS-HIDE,824,12,case57
True,12,-0.04,True,1,1,False,12,True,3.8671819781197475e-10,0.00029011526012728687,0.27241047159467846,292.3054624494398,362.63474583684,0.0,MS-HIDE,825,12,case57
True,12,-0.04,True,1,1,False,12,True,3.8671819781197475e-10,0.0002901152597598226,0.27540479289454173,274.96793779719155,329.22806671704166,0.0,MS-HIDE,826,12,case57
True,12,0.04,True,1,1,False,12,True,3.8671819781197475e-10,0.00029011526009336733,0.27407638547181734,279.0115958545357,328.69349999236874,0.0,MS-HIDE,827,12,case57
True,12,-0.04,True,1,1,False,12,True,3.8671819781197475e-10,0.0002901152610980224,0.2611213996820488,274.3774521484738,315.3876214724733,0.0,MS-HIDE,828,12,case57
True,12,-0.04,True,1,1,False,12,True,3.8671819781197475e-10,0.0002901152601131456,0.27213744469908224,268.1410916062305,319.8351097438717,0.0,MS-HIDE,829,12,case57
True,12,-0.04,True,1,1,False,12,True,3.8671819781197475e-10,0.00029011526089414453,0.26970487817168154,281.49428115575574,337.24487916333607,0.0,MS-HIDE,830,12,case57
True,12,0.04,True,1,1,False,12,True,3.8671819781197475e-10,0.0002901152610953366,0.27091986481286,273.1598958547693,335.9811545116827,0.0,MS-HIDE,831,12,case57
True,12,0.04,True,1,1,False,12,True,3.8671819781197475e-10,0.00029011526009336733,0.27407638547181734,293.53989785013255,361.7461809364613,0.0,MS-HIDE,832,12,case57
True,12,0.04,True,1,1,False,12,True,3.8671819781197475e-10,0.00029011526038373516,0.2743389299903619,278.64535819971934,327.98589195590466,0.0,MS-HIDE,833,12,case57
True,12,0.04,True,1,1,False,12,True,3.8671819781197475e-10,0.00029011526012728687,0.27241047159467846,276.8150957475882,320.47702887794003,0.0,MS-HIDE,834,12,case57
True,12,-0.04,True,1,1,False,12,True,3.8671819781197475e-10,0.0002901152600561087,0.2673920455558975,293.45185210113414,374.27236309158616,0.0,MS-HIDE,835,12,case57
True,12,-0.04,True,1,1,False,12,True,3.8671819781197475e-10,0.00029011526039323684,0.2624192391468699,280.53678135038354,326.5167598146945,0.0,MS-HIDE,836,12,case57
True,12,0.04,True,1,1,False,12,True,3.8671819781197475e-10,0.00029011526003735035,0.26537480728475427,280.9385145024862,335.0856978649972,0.0,MS-HIDE,837,12,case57
True,12,-0.04,True,1,1,False,12,True,3.8671819781197475e-10,0.00029011525980202226,0.27121723506424333,263.95301245793235,309.34066429326776,0.0,MS-HIDE,838,12,case57
True,12,0.04,True,1,1,False,12,True,3.8671819781197475e-10,0.0002901152610980224,0.2611213996820488,282.4447936436627,342.93884791841265,0.0,MS-HIDE,839,12,case57
True,12,-0.04,True,1,1,False,12,True,3.8671819781197475e-10,0.0002901152601130332,0.26767867149353447,286.5329103457043,339.22232465993153,0.0,MS-HIDE,840,12,case57
True,12,-0.04,True,1,1,False,12,True,3.8671819781197475e-10,0.00029011525980202226,0.27121723506424333,273.0337562941713,311.41222116712015,0.0,MS-HIDE,841,12,case57
True,12,-0.04,True,1,1,False,12,True,3.8671819781197475e-10,0.0002901152601130332,0.26767867149353447,299.14510419475846,381.4608125074302,0.0,MS-HIDE,842,12,case57
True,12,0.04,True,1,1,False,12,True,3.8671819781197475e-10,0.0002901152597598226,0.27540479289454173,325.0467686506454,384.16081007162575,0.0,MS-HIDE,843,12,case57
True,12,0.04,True,1,1,False,12,True,3.8671819781197475e-10,0.00029011526040775306,0.2636897627331454,335.656799946446,409.73780591448303,0.0,MS-HIDE,844,12,case57
True,12,0.04,True,1,1,False,12,True,3.8671819781197475e-10,0.00029011525980202226,0.27121723506424333,340.72993125009816,401.31061221181886,0.0,MS-HIDE,845,12,case57
True,12,0.04,True,1,1,False,12,True,3.8671819781197475e-10,0.0002901152597598226,0.27540479289454173,331.0084687458584,391.8342610355467,0.0,MS-HIDE,846,12,case57
True,12,0.04,True,1,1,False,12,True,3.8671819781197475e-10,0.00029011526009336733,0.27407638547181734,326.1629187472863,375.1539503107779,0.0,MS-HIDE,847,12,case57
True,12,0.04,True,1,1,False,12,True,3.8671819781197475e-10,0.00029011526059804187,0.2631511824072173,327.4338479532162,384.2489433824085,0.0,MS-HIDE,848,12,case57
True,12,0.04,True,1,1,False,12,True,3.8671819781197475e-10,0.0002901152597598226,0.27540479289454173,330.8145105052972,387.9107244167244,0.0,MS-HIDE,849,12,case57
True,12,0.04,True,1,1,False,12,True,3.8671819781197475e-10,0.00029011525980202226,0.27121723506424333,293.4998853568686,349.9848545092391,0.0,MS-HIDE,850,12,case57
True,12,-0.04,True,1,1,False,12,True,3.8671819781197475e-10,0.0002901152601131456,0.27213744469908224,282.0063436520286,340.17993776651565,0.0,MS-HIDE,851,12,case57
True,12,0.04,True,1,1,False,12,True,3.8671819781197475e-10,0.00029011526009336733,0.27407638547181734,279.5150625577662,331.82402923412155,0.0,MS-HIDE,852,12,case57
True,12,0.04,True,1,1,False,12,True,3.8671819781197475e-10,0.0002901152597598226,0.27540479289454173,289.438137455727,350.43052918917965,0.0,MS-HIDE,853,12,case57
True,12,0.04,True,1,1,False,12,True,3.8671819781197475e-10,0.0002901152601131456,0.27213744469908224,280.2812542562606,327.32927502074745,0.0,MS-HIDE,854,12,case57
True,12,-0.04,True,1,1,False,12,True,3.8671819781197475e-10,0.00029011526067797717,0.2643625162356317,281.54275404522195,330.7119919831166,0.0,MS-HIDE,855,12,case57
True,12,-0.04,True,1,1,False,12,True,3.8671819781197475e-10,0.0002901152607030736,0.2626839284976818,277.0744187379023,326.49445796560036,0.0,MS-HIDE,856,12,case57
True,12,0.04,True,1,1,False,12,True,3.8671819781197475e-10,0.0002901152601131456,0.27213744469908224,296.2298584054224,354.1346024052473,0.0,MS-HIDE,857,12,case57
True,12,0.04,True,1,1,False,12,True,3.8671819781197475e-10,0.0002901152610953366,0.27091986481286,286.1787271947833,365.4880559333833,0.0,MS-HIDE,858,12,case57
True,12,-0.04,True,1,1,False,12,True,3.8671819781197475e-10,0.00029011525980202226,0.27121723506424333,286.5851061011199,344.40576602355577,0.0,MS-HIDE,859,12,case57
True,12,-0.04,True,1,1,False,12,True,3.8671819781197475e-10,0.0002901152605588276,0.26213531477717766,286.53617279196624,350.92002287274227,0.0,MS-HIDE,860,12,case57
True,12,0.04,True,1,1,False,12,True,3.8671819781197475e-10,0.00029011526012728687,0.27241047159467846,288.81025434529874,356.22250478190836,0.0,MS-HIDE,861,12,case57
True,12,-0.04,True,1,1,False,12,True,3.8671819781197475e-10,0.00029011525980202226,0.27121723506424333,276.2544437457109,313.7802982382709,0.0,MS-HIDE,862,12,case57
True,12,-0.04,True,1,1,False,12,True,3.8671819781197475e-10,0.00029011525980202226,0.27121723506424333,279.68802914838307,328.0119410745101,0.0,MS-HIDE,863,12,case57
True,12,0.04,True,1,1,False,12,True,3.8671819781197475e-10,0.0002901152601131456,0.27213744469908224,284.79493556078523,343.97134855680633,0.0,MS-HIDE,864,12,case57
True,12,-0.04,True,1,1,False,12,True,3.8671819781197475e-10,0.0002901152601131456,0.27213744469908224,278.89165410015266,327.720612520352,0.0,MS-HIDE,865,12,case57
True,12,0.04,True,1,1,False,12,True,3.8671819781197475e-10,0.00029011525980202226,0.27121723506424333,285.58546885324176,329.24833985453006,0.0,MS-HIDE,866,12,case57
True,12,-0.04,True,1,1,False,12,True,3.8671819781197475e-10,0.0002901152608076387,0.26769021868456144,310.0339644937776,432.71084518346476,0.0,MS-HIDE,867,12,case57
True,12,0.04,True,1,1,False,12,True,3.8671819781197475e-10,0.0002901152601130332,0.26767867149353447,323.20361040183343,402.70225801796187,0.0,MS-HIDE,868,12,case57
True,12,-0.04,True,1,1,False,12,True,3.8671819781197475e-10,0.0002901152601131456,0.27213744469908224,324.22036869393196,435.0910877721617,0.0,MS-HIDE,869,12,case57
True,12,0.04,True,1,1,False,12,True,3.8671819781197475e-10,0.0002901152601131456,0.27213744469908224,322.5766603485681,386.0564080590848,0.0,MS-HIDE,870,12,case57
True,12,0.04,True,1,1,False,12,True,3.8671819781197475e-10,0.0002901152601130332,0.26767867149353447,313.0920542025706,374.79664409765974,0.0,MS-HIDE,871,12,case57
True,12,0.04,True,1,1,False,12,True,3.8671819781197475e-10,0.0002901152601131456,0.27213744469908224,320.1407979562646,398.55326520628296,0.0,MS-HIDE,872,12,case57
True,12,0.04,True,1,1,False,12,True,3.8671819781197475e-10,0.00029011525980202226,0.27121723506424333,319.264306203695,405.6163180823205,0.0,MS-HIDE,873,12,case57
True,12,-0.04,True,1,1,False,12,True,3.8671819781197475e-10,0.0002901152601130332,0.26767867149353447,334.67636455316097,397.2864642506466,0.0,MS-HIDE,874,12,case57
True,12,0.04,True,1,1,False,12,True,3.8671819781197475e-10,0.0002901152601130332,0.26767867149353447,279.41132078994997,337.7573548408691,0.0,MS-HIDE,875,12,case57
True,12,0.04,True,1,1,False,12,True,3.8671819781197475e-10,0.00029011526035580443,0.2552455921035621,292.10439363960177,342.9697708634194,0.0,MS-HIDE,876,12,case57
True,12,0.04,True,1,1,False,12,True,3.8671819781197475e-10,0.00029011526012728687,0.27241047159467846,277.51328129088506,325.429320850526,0.0,MS-HIDE,877,12,case57
True,12,-0.04,True,1,1,False,12,True,3.8671819781197475e-10,0.0002901152606050096,0.2596681355870952,273.50864165928215,315.0252079794882,0.0,MS-HIDE,878,12,case57
True,12,0.04,True,1,1,False,12,True,3.8671819781197475e-10,0.00029011526012728687,0.27241047159467846,281.07994574238546,384.2485514818691,0.0,MS-HIDE,879,12,case57
True,12,-0.04,True,1,1,False,12,True,3.8671819781197475e-10,0.00029011525980202226,0.27121723506424333,287.4832938541658,353.07575626065955,0.0,MS-HIDE,880,12,case57
True,12,-0.04,True,1,1,False,12,True,3.8671819781197475e-10,0.0002901152601130332,0.26767867149353447,291.9289582991041,337.1537122089649,0.0,MS-HIDE,881,12,case57
True,12,0.04,True,1,1,False,12,True,3.8671819781197475e-10,0.0002901152606050096,0.2596681355870952,292.4047290609451,350.00922288454603,0.0,MS-HIDE,882,12,case57
True,12,-0.04,True,1,1,False,12,True,3.8671819781197475e-10,0.00029011525980202226,0.27121723506424333,285.86759999452624,344.2944916139823,0.0,MS-HIDE,883,12,case57
True,12,0.04,True,1,1,False,12,True,3.8671819781197475e-10,0.00029011526039323684,0.2624192391468699,287.8904021024937,356.2125333206496,0.0,MS-HIDE,884,12,case57
True,12,0.04,True,1,1,False,12,True,3.8671819781197475e-10,0.00029011526009336733,0.27407638547181734,287.76078124938067,354.8751045280369,0.0,MS-HIDE,885,12,case57
True,12,0.04,True,1,1,False,12,True,3.8671819781197475e-10,0.00029011525980202226,0.27121723506424333,280.3094061964657,343.54513745347504,0.0,MS-HIDE,886,12,case57
True,12,0.04,True,1,1,False,12,True,3.8671819781197475e-10,0.0002901152610980224,0.2611213996820488,273.61266059742775,324.7590312268585,0.0,MS-HIDE,887,12,case57
True,12,-0.04,True,1,1,False,12,True,3.8671819781197475e-10,0.00029011526009336733,0.27407638547181734,272.2872334445128,315.1102273724973,0.0,MS-HIDE,888,12,case57
True,12,0.04,True,1,1,False,12,True,3.8671819781197475e-10,0.0002901152600561087,0.2673920455558975,273.1933958479203,331.2068958359305,0.0,MS-HIDE,889,12,case57
True,12,0.04,True,1,1,False,12,True,3.8671819781197475e-10,0.0002901152601130332,0.26767867149353447,274.2318479518872,328.03598927275743,0.0,MS-HIDE,890,12,case57
True,12,-0.04,True,1,1,False,12,True,3.8671819781197475e-10,0.0002901152597598226,0.27540479289454173,289.9684458418051,341.5279173088493,0.0,MS-HIDE,891,12,case57
True,12,0.04,True,1,1,False,12,True,3.8671819781197475e-10,0.0002901152597598226,0.27540479289454173,319.44335420557763,420.3110205475241,0.0,MS-HIDE,892,12,case57
True,12,-0.04,True,1,1,False,12,True,3.8671819781197475e-10,0.00029011525980202226,0.27121723506424333,322.32056870125234,410.08728334563784,0.0,MS-HIDE,893,12,case57
True,12,-0.04,True,1,1,False,12,True,3.8671819781197475e-10,0.0002901152601130332,0.26767867149353447,327.9795520531479,367.32313784305006,0.0,MS-HIDE,894,12,case57
True,12,-0.04,True,1,1,False,12,True,3.8671819781197475e-10,0.00029011526039323684,0.2624192391468699,318.9604625426,366.46144793194253,0.0,MS-HIDE,895,12,case57
True,12,0.04,True,1,1,False,12,True,3.8671819781197475e-10,0.00029011526009336733,0.27407638547181734,323.37416860391386,377.0567729137838,0.0,MS-HIDE,896,12,case57
True,12,0.04,True,1,1,False,12,True,3.8671819781197475e-10,0.0002901152597598226,0.27540479289454173,326.144414654118,400.41820000042213,0.0,MS-HIDE,897,12,case57
True,12,0.04,True,1,1,False,12,True,3.8671819781197475e-10,0.0002901152600561087,0.2673920455558975,326.48682070721406,411.26383399823686,0.0,MS-HIDE,898,12,case57
True,12,-0.04,True,1,1,False,12,True,3.8671819781197475e-10,0.0002901152597598226,0.27540479289454173,338.77336875302717,396.84417949465575,0.0,MS-HIDE,899,12,case57
True,14,0.04,True,1,1,False,14,True,3.8671817035195093e-10,0.0013023726319692816,0.5199108370620239,293.67402490461245,354.27682504523546,0.0,MS-HIDE,900,14,case57
True,14,0.04,True,1,1,False,14,True,3.9072277183690743e-10,0.0013023726320900723,0.5243696102675716,294.9760417104699,373.5934357595397,0.0,MS-HIDE,901,14,case57
True,14,0.04,True,1,1,False,14,True,3.8671817035194917e-10,0.0013023726319792536,0.5026420008221192,278.83042079920415,317.0639065472642,0.0,MS-HIDE,902,14,case57
True,14,0.04,True,1,1,False,14,True,3.8671819781197475e-10,0.0013023726319640126,0.5073714837754655,279.8944438021863,341.6995142615633,0.0,MS-HIDE,903,14,case57
True,14,0.04,True,2,2,False,14,True,3.8671819781198654e-10,0.0013023727493202098,0.5172990904677524,283.67275395139586,326.9591264077462,0.0,MS-HIDE,904,14,case57
True,14,-0.04,True,1,1,False,14,True,3.867181978119748e-10,0.0013060094638709854,0.5322434484530261,284.0724250447238,336.44867060065735,0.0,MS-HIDE,905,14,case57
True,14,0.04,True,2,2,False,14,True,3.8671819781197475e-10,0.001302372680047297,0.5111187658054148,277.2021145094186,324.1072458185954,0.0,MS-HIDE,906,14,case57
True,14,0.04,True,1,1,False,14,True,3.867181703519502e-10,0.0013023726321276946,0.514304769167889,290.1479021064006,338.19790827401454,0.0,MS-HIDE,907,14,case57
True,14,0.04,True,1,1,False,14,True,3.8671819781197475e-10,0.0013029097641252454,0.5534547558577243,289.6366042608861,345.2122247137595,0.0,MS-HIDE,908,14,case57
True,14,-0.04,True,1,1,False,14,True,3.989954159808308e-10,0.0013023745765326845,0.5095729690667451,278.16402499738615,332.68613363907207,0.0,MS-HIDE,909,14,case57
True,14,0.04,True,1,1,False,14,True,3.867181978119754e-10,0.0013023727564050022,0.5268007836327987,278.93926460819785,330.1977035240271,0.0,MS-HIDE,910,14,case57
True,14,-0.04,True,1,1,False,14,True,3.867181978120127e-10,0.0013023726321441194,0.4939756687248017,283.220899902517,332.40109193720855,0.0,MS-HIDE,911,14,case57
True,14,0.04,True,2,2,False,14,True,3.8671819781197475e-10,0.0013023726320100318,0.5236914332458169,285.91273969213944,333.33412325882824,0.0,MS-HIDE,912,14,case57
True,14,-0.04,True,1,1,False,14,True,3.8671819781197475e-10,0.0013024048660239516,0.5095729690667451,284.08634590159636,348.7479976232862,0.0,MS-HIDE,913,14,case57
True,14,0.04,True,1,1,False,14,True,3.867181978120379e-10,0.0013023727492359563,0.5265334272901843,282.6061729050707,339.6103666658746,0.0,MS-HIDE,914,14,case57
True,14,-0.04,True,1,1,False,14,True,3.8671819781197475e-10,0.0013112408654376321,0.5085436205762313,279.09754590073135,334.172402418335,0.0,MS-HIDE,915,14,case57
True,14,-0.04,True,1,1,False,14,True,3.8671819781197486e-10,0.0013023726319581345,0.49923510107146635,286.44366869993974,339.6665752719855,0.0,MS-HIDE,916,14,case57
True,14,-0.04,True,1,1,False,14,True,3.8671819781197486e-10,0.0013023727496429066,0.5263085510403066,322.3194291553227,420.32938121992635,0.0,MS-HIDE,917,14,case57
True,14,0.04,True,2,2,False,14,True,3.8671819781197615e-10,0.0013023726320266933,0.493757396921794,331.66605190199334,379.3851079943124,0.0,MS-HIDE,918,14,case57
True,14,0.04,True,1,1,False,14,True,3.8671819781197475e-10,0.0013112408655113917,0.5366464190355854,323.77988119842485,390.83618302538525,0.0,MS-HIDE,919,14,case57
True,14,-0.04,True,2,2,False,14,True,3.8671819781197475e-10,0.0013023726390884117,0.5254354731717514,336.33348970033694,416.0939830355346,0.0,MS-HIDE,920,14,case57
True,14,-0.04,True,1,1,False,14,True,3.8671819781197475e-10,0.0013023726319942859,0.5030156972552594,333.443891745992,390.7107461505803,0.0,MS-HIDE,921,14,case57
True,14,-0.04,True,2,2,False,14,True,3.867181978119758e-10,0.0013023726318979146,0.5085436205762314,337.0165228494443,426.5261997352354,0.0,MS-HIDE,922,14,case57
True,14,0.04,True,1,1,False,14,True,3.9010923731979935e-10,0.0013023726320196584,0.512286617612489,331.12996034906246,381.82080690166913,0.0,MS-HIDE,923,14,case57
True,14,-0.04,True,1,1,False,14,True,3.8671819781197475e-10,0.0013029069742556143,0.5173127952253859,339.68941039638594,411.2567621137715,0.0,MS-HIDE,924,14,case57
True,14,-0.04,True,1,1,False,14,True,3.867181978119916e-10,0.0013023726319581457,0.5056328150497492,282.0100520446431,326.8265764287207,0.0,MS-HIDE,925,14,case57
True,14,-0.04,True,1,1,False,14,True,3.8671819781197517e-10,0.0013023726320223253,0.5008142119639797,287.69135009497404,341.8400264432421,0.0,MS-HIDE,926,14,case57
True,14,0.04,True,1,1,False,14,True,3.8671819781197693e-10,0.0013023726321000541,0.5240806815986764,293.1546872947365,349.45325211447204,0.0,MS-HIDE,927,14,case57
True,14,0.04,True,2,2,False,14,True,3.8671819781197553e-10,0.001302372631913027,0.5443089322349444,264.7792916948674,306.7217378353235,0.0,MS-HIDE,928,14,case57
True,14,-0.04,True,1,1,False,14,True,3.8671819781197796e-10,0.0013023726319540256,0.5171439812336,276.04226029943675,323.7708068365464,0.0,MS-HIDE,929,14,case57
True,14,0.04,True,1,1,False,14,True,3.867181978119748e-10,0.0013023726319721476,0.5004526472328199,294.85631869756617,346.76768332137726,0.0,MS-HIDE,930,14,case57
True,14,0.04,True,1,1,False,14,True,3.8671819781211145e-10,0.0013023726319576457,0.5015624331603058,278.1208999629598,334.38523548247764,0.0,MS-HIDE,931,14,case57
True,14,0.04,True,1,1,False,14,True,3.8671819781197837e-10,0.0013023726319781202,0.505584060306356,291.4701876055915,345.9282586438349,0.0,MS-HIDE,932,14,case57
True,14,-0.04,True,2,2,False,14,True,3.8671819781197517e-10,0.0013023726321403975,0.5111830742417705,283.2934479985852,331.0331750340993,0.0,MS-HIDE,933,14,case57
True,14,0.04,True,1,1,False,14,True,3.8671817035201384e-10,0.00130237263205135,0.5120047678461764,281.1472061963286,338.08572768466547,0.0,MS-HIDE,934,14,case57
True,14,0.04,True,1,1,False,14,True,3.8671819781197584e-10,0.0013023726319614849,0.5155078664794646,297.8767104068538,351.3165336480597,0.0,MS-HIDE,935,14,case57
True,14,0.04,True,2,2,False,14,True,3.867181978121795e-10,0.0013023745766808587,0.5200452043984916,272.26158330449834,304.01678339112556,0.0,MS-HIDE,936,14,case57
True,14,-0.04,True,1,1,False,14,True,1.7284391003883716e-09,0.0013023726390372456,0.5159706830450279,296.18902704678476,339.91947291651746,0.0,MS-HIDE,937,14,case57
True,14,-0.04,True,1,1,False,14,True,3.867181978119751e-10,0.0013023726390261972,0.5061040780275343,288.61633324995637,333.8718878279906,0.0,MS-HIDE,938,14,case57
True,14,0.04,True,1,1,False,14,True,3.867181978119751e-10,0.0013025920575561313,0.521116251521397,284.08147294830997,339.1602173098363,0.0,MS-HIDE,939,14,case57
True,14,0.04,True,1,1,False,14,True,3.8671819781197724e-10,0.001302372632161688,0.5118302569810131,286.32771879201755,352.1313416422345,0.0,MS-HIDE,940,14,case57
True,14,0.04,True,2,2,False,14,True,3.867181978119751e-10,0.0013023726321507937,0.4976251431625326,276.4804375532549,347.1291583147831,0.0,MS-HIDE,941,14,case57
True,14,-0.04,True,1,1,False,14,True,3.867181978119951e-10,0.0013023726319647117,0.48258386344518167,332.3457499005599,476.3484687136952,0.0,MS-HIDE,942,14,case57
True,14,-0.04,True,2,2,False,14,True,3.9723762082589736e-10,0.0013023726390618891,0.5234494006327327,343.1861895980546,421.9013500318397,0.0,MS-HIDE,943,14,case57
True,14,-0.04,True,1,1,False,14,True,3.867181978119756e-10,0.001302372639108403,0.53690896355413,329.1222124011256,397.0257169479737,0.0,MS-HIDE,944,14,case57
True,14,0.04,True,1,1,False,14,True,3.8671817035201726e-10,0.0013023858612465958,0.5280472197660229,326.84295004582964,364.4058440841036,0.0,MS-HIDE,945,14,case57
True,14,-0.04,True,2,2,False,14,True,3.867181978119756e-10,0.0013025919237169515,0.5265150408335647,340.5752144433791,394.39987116202246,0.0,MS-HIDE,946,14,case57
True,14,0.04,True,1,1,False,14,True,3.867181978119748e-10,0.0013023727493712165,0.514304769167889,333.90509364544414,395.8956023619976,0.0,MS-HIDE,947,14,case57
True,14,-0.04,True,1,1,False,14,True,3.8671819781197475e-10,0.001302372639018297,0.5447828017395845,328.47970001166686,396.901779199834,0.0,MS-HIDE,948,14,case57
True,14,-0.04,True,2,2,False,14,True,3.8671819781197475e-10,0.0013023726324221767,0.527636958463031,341.8592934991466,397.50185596349183,0.0,MS-HIDE,949,14,case57
True,14,-0.04,True,1,1,False,14,True,3.867181703519501e-10,0.0013023726319776074,0.4952461923110773,284.0009624022059,341.68776601436554,0.0,MS-HIDE,950,14,case57
True,14,-0.04,True,0,0,False,14,True,3.8671819781197475e-10,0.0013023726321867448,0.5039669011726103,292.53043124917895,378.8724333891878,0.0,MS-HIDE,951,14,case57
True,14,0.04,True,1,1,False,14,True,3.8671819781197475e-10,0.0013117825111047124,0.5260551356148178,278.2212207443081,357.06320978642907,0.0,MS-HIDE,952,14,case57
True,14,-0.04,True,1,1,False,14,True,3.8671819781197475e-10,0.0013023727492323313,0.5366464190355854,296.97403329773806,352.6360851159552,0.0,MS-HIDE,953,14,case57
True,14,0.04,True,3,3,False,14,True,4.0807971068503164e-10,0.0013023745765736133,0.5186752612813069,282.8453728026943,356.8113369343337,0.0,MS-HIDE,954,14,case57
True,14,-0.04,True,1,1,False,14,True,3.8671819781197475e-10,0.0013023726321586303,0.5069612224724735,284.2774583026767,346.05644823168404,0.0,MS-HIDE,955,14,case57
True,14,0.04,True,1,1,False,14,True,3.8671819781198696e-10,0.0013023726389910545,0.5079911462185318,294.2463125451468,366.9387003290467,0.0,MS-HIDE,956,14,case57
True,14,0.04,True,2,2,False,14,True,3.8671819781197475e-10,0.00130237274930698,0.5158510896295889,292.30677080340683,381.66227055480704,0.0,MS-HIDE,957,14,case57
True,14,-0.04,True,1,1,False,14,True,3.8671819781197475e-10,0.0013029415548636118,0.5509244410478601,283.4459228441119,351.6158856538823,0.0,MS-HIDE,958,14,case57
True,14,0.04,True,2,2,False,14,True,3.8671819781197584e-10,0.0013023726320906604,0.5053793996242603,304.2153666494414,430.0839068280766,0.0,MS-HIDE,959,14,case57
True,14,-0.04,True,2,2,False,14,True,3.867181703520754e-10,0.0013023726320556927,0.5276369584630309,279.92536664824,340.1021356723504,0.0,MS-HIDE,960,14,case57
True,14,-0.04,True,1,1,False,14,True,3.867181978119751e-10,0.0013023727491982282,0.5048985256524793,289.31383955059573,340.02419373427983,0.0,MS-HIDE,961,14,case57
True,14,0.04,True,1,1,False,14,True,3.8671819781197837e-10,0.0013023726319696678,0.491224565165027,279.4741146470187,331.3898356980645,0.0,MS-HIDE,962,14,case57
True,14,-0.04,True,2,2,False,14,True,3.8671819781197475e-10,0.0013112408655567161,0.5245289682945461,276.91693325177766,314.15954160329426,0.0,MS-HIDE,963,14,case57
True,14,-0.04,True,1,1,False,14,True,3.867181703519651e-10,0.001302372749642705,0.5199108370620239,293.4832272469066,362.94366732181516,0.0,MS-HIDE,964,14,case57
True,14,0.04,True,1,1,False,14,True,3.8671819781197475e-10,0.0013023726323657793,0.5366464190355854,278.9276333118323,329.9945714854403,0.0,MS-HIDE,965,14,case57
True,14,0.04,True,1,1,False,14,True,3.867181978119748e-10,0.0013023726319581457,0.5056328150497492,290.05548350687604,434.8532940988662,0.0,MS-HIDE,966,14,case57
True,14,0.04,True,2,2,False,14,True,3.867181978119748e-10,0.001302372632049083,0.5315857833367317,354.30125209968537,438.66934970137675,0.0,MS-HIDE,967,14,case57
True,14,0.04,True,2,2,False,14,True,3.8671819781198153e-10,0.0013023726802216776,0.5109100473461743,332.05574794264976,392.3994107084582,0.0,MS-HIDE,968,14,case57
True,14,0.04,True,1,1,False,14,True,3.8671819781197486e-10,0.001302372680225347,0.5021120514288008,332.859441547771,402.1987058687955,0.0,MS-HIDE,969,14,case57
True,14,-0.04,True,2,2,False,14,True,3.8671819781197543e-10,0.0013023726319666628,0.5252853329741415,324.13024159905035,388.79673090414144,0.0,MS-HIDE,970,14,case57
True,14,-0.04,True,1,1,False,14,True,3.8671819781200117e-10,0.001302372632213861,0.495557491573015,336.7052957531996,398.3716041606385,0.0,MS-HIDE,971,14,case57
True,14,0.04,True,1,1,False,14,True,3.867181978119748e-10,0.0013023726395428763,0.5246426371631678,342.66338545421604,418.43886013666645,0.0,MS-HIDE,972,14,case57
True,14,-0.04,True,1,1,False,14,True,3.867181978119802e-10,0.0013024068320268748,0.5383850877613017,330.1755543478066,403.84449197736103,0.0,MS-HIDE,973,14,case57
True,14,-0.04,True,1,1,False,14,True,3.8671819781197475e-10,0.001302404866096474,0.49895205160599115,323.6830874986481,391.64041669573635,0.0,MS-HIDE,974,14,case57
True,14,-0.04,True,1,1,False,14,True,3.942155154021218e-10,0.0013023726319579328,0.5015624331603058,286.70355205540545,338.3530413528206,0.0,MS-HIDE,975,14,case57
True,14,-0.04,True,1,1,False,14,True,3.8671819781197475e-10,0.0013112408656448242,0.514304769167889,274.2338624957483,341.95053959847434,0.0,MS-HIDE,976,14,case57
True,14,0.04,True,2,2,False,14,True,3.8671819781197475e-10,0.0013023726320449142,0.5257085000673476,277.7588167489739,352.81185862841085,0.0,MS-HIDE,977,14,case57
True,14,0.04,True,1,1,False,14,True,3.8671819781197475e-10,0.0013023726319616458,0.5159706830450279,284.46707499970216,322.9911354021169,0.0,MS-HIDE,978,14,case57
True,14,0.04,True,1,1,False,14,True,3.8671819781197475e-10,0.0013023726391178836,0.5243696102675716,291.0807894601021,345.32455243170267,0.0,MS-HIDE,979,14,case57
True,14,0.04,True,1,1,False,14,True,3.867181978119748e-10,0.0013023726323635734,0.5366464190355854,290.1757249957882,411.2861722911476,0.0,MS-HIDE,980,14,case57
True,14,-0.04,True,1,1,False,14,True,3.8671819781197475e-10,0.001302372632186298,0.5036938742770141,281.50561265356373,345.2263360552024,0.0,MS-HIDE,981,14,case57
True,14,0.04,True,1,1,False,14,True,3.867181978119748e-10,0.0013023726319634332,0.5366464190355853,285.7643999013817,350.4051270661876,0.0,MS-HIDE,982,14,case57
True,14,0.04,True,1,1,False,14,True,3.867181978122372e-10,0.0013023726323379752,0.5095729690667451,283.4573934902437,343.74718366889283,0.0,MS-HIDE,983,14,case57
True,14,0.04,True,2,2,False,14,True,3.8671819781197553e-10,0.001302372631988912,0.5136116854350188,284.85837090120185,341.8180003587623,0.0,MS-HIDE,984,14,case57
True,14,0.04,True,1,1,False,14,True,3.8671819781197656e-10,0.0013023726319606331,0.5263085510403066,281.2090103427181,323.30868923454545,0.0,MS-HIDE,985,14,case57
True,14,0.04,True,1,1,False,14,True,3.8671819781198127e-10,0.0013023726319557217,0.5159706830450279,287.3445291974349,333.6102901666891,0.0,MS-HIDE,986,14,case57
True,14,-0.04,True,1,1,False,14,True,3.867181703519496e-10,0.0013023745766712945,0.5347074782628503,282.1485187538201,319.4753062474774,0.0,MS-HIDE,987,14,case57
True,14,0.04,True,2,2,False,14,True,3.86718197811975e-10,0.0013023726319893356,0.5245992983415192,279.1569603024982,332.7844725747127,0.0,MS-HIDE,988,14,case57
True,14,-0.04,True,1,1,False,14,True,3.867181978120461e-10,0.0013029069813390837,0.5509244410478601,289.0612625487847,343.8710794580402,0.0,MS-HIDE,989,14,case57
True,14,0.04,True,1,1,False,14,True,3.867181978119751e-10,0.0013029069741225662,0.5159706830450279,283.3906352519989,341.57229822303634,0.0,MS-HIDE,990,14,case57
True,14,0.04,True,2,2,False,14,True,3.867181978119748e-10,0.0013029069743700106,0.5357733411670301,292.09855199151207,357.8464374761098,0.0,MS-HIDE,991,14,case57
True,14,-0.04,True,1,1,False,14,True,3.8671819781199264e-10,0.001302404866073716,0.5030156972552593,339.7586395527469,452.4888416926843,0.0,MS-HIDE,992,14,case57
True,14,-0.04,True,2,2,False,14,True,3.867181978119756e-10,0.0013023726320753012,0.521247915341453,336.19973750028294,401.2841083545937,0.0,MS-HIDE,993,14,case57
True,14,0.04,True,1,1,False,14,True,3.8671819781197724e-10,0.0013023727564972498,0.5325059929715706,321.3791272020899,381.24322677904274,0.0,MS-HIDE,994,14,case57
True,14,0.04,True,1,1,False,14,True,3.8671819781197724e-10,0.0013023726321417489,0.5056064308993985,319.495091601857,363.56636222917587,0.0,MS-HIDE,995,14,case57
True,14,0.04,True,2,2,False,14,True,3.8671817035195134e-10,0.0013023745837540859,0.5206366041247925,332.92713750561234,396.9396211759886,0.0,MS-HIDE,996,14,case57
True,14,0.04,True,2,2,False,14,True,3.8671819781197475e-10,0.0013023726390632862,0.531858810232328,319.49895210855175,374.16307324601803,0.0,MS-HIDE,997,14,case57
True,14,0.04,True,1,1,False,14,True,3.8671819781197475e-10,0.0013023726390556667,0.5130646365816429,333.57841664983425,395.19638186029624,0.0,MS-HIDE,998,14,case57
True,14,-0.04,True,1,1,False,14,True,3.86718197811993e-10,0.0013023726319562378,0.5199108370620239,336.34188105352223,396.7132868740009,0.0,MS-HIDE,999,14,case57
True,15,0.04,False,20,20,False,0,False,0.4350655133263641,0.333744902261606,0.4776793872341582,323.6436333536403,393.86753299331764,0.0,MS-HIDE,1000,15,case57
True,15,0.04,False,20,20,False,0,False,0.45653785583064044,0.32204051153477736,0.5307789182550355,332.63946665101685,398.5375958436635,0.0,MS-HIDE,1001,15,case57
True,15,0.04,False,20,20,False,0,False,0.4706017429985894,0.30506556165929727,0.5368841673972811,325.54442284745164,381.6608500259463,0.0,MS-HIDE,1002,15,case57
True,15,0.04,False,20,20,False,0,False,0.4911283175018213,0.30312140377792157,0.5214020416551314,320.4371019412065,387.79758536838926,0.0,MS-HIDE,1003,15,case57
True,15,-0.04,False,20,20,False,0,False,0.49471789954209355,0.3029876745492421,0.4816979194497089,334.99435833946336,409.1725395177491,0.0,MS-HIDE,1004,15,case57
True,15,-0.04,False,20,20,False,0,False,0.48167083598850086,0.316047275059922,0.5230758467000743,335.56977509870194,384.6634277695557,0.0,MS-HIDE,1005,15,case57
True,15,0.04,False,20,20,False,15,True,0.40164107932731535,0.2787531617766652,0.5394081721625812,333.44645409088116,393.7726065836614,0.0,MS-HIDE,1006,15,case57
True,15,-0.04,False,20,20,False,0,False,0.4483099632724862,0.326568544795744,0.5587514413768327,321.61322680767626,377.1255603875034,0.0,MS-HIDE,1007,15,case57
True,15,-0.04,False,20,20,False,0,False,0.4847309730878692,0.31218884129690605,0.5300156136787557,317.2882500977721,380.6072190665873,0.0,MS-HIDE,1008,15,case57
True,15,0.04,True,11,11,False,0,False,0.4419041393763753,0.3324389325994187,0.5068893881649563,395.8298771001864,566.0044253541855,0.0,MS-HIDE,1009,15,case57
True,15,0.04,False,20,20,False,0,False,0.42462649434418326,0.33606336813786364,0.5562435479460156,280.09216669597663,379.4674500182737,0.0,MS-HIDE,1010,15,case57
True,15,-0.04,False,20,20,False,0,False,0.44826138057546466,0.3149314623449093,0.5559854535265021,273.6177042097552,307.7557794225868,0.0,MS-HIDE,1011,15,case57
True,15,0.04,False,20,20,False,15,True,0.22993518775756752,0.2506129275391136,0.4845701956406693,288.47383345419075,354.79473749874165,0.0,MS-HIDE,1012,15,case57
True,15,-0.04,False,20,20,False,0,False,0.5025933239728287,0.3133678845358607,0.5499500573741493,278.17872700688895,327.8807723079808,0.0,MS-HIDE,1013,15,case57
True,15,-0.04,False,20,20,False,0,False,0.5031701412062777,0.31615117209680393,0.46713830681090895,266.6443333000643,313.03965895203874,0.0,MS-HIDE,1014,15,case57
True,15,0.04,False,20,20,False,0,False,0.41425949392342554,0.2828166200975527,0.5626154088629394,277.9627310432261,337.0367208262906,0.0,MS-HIDE,1015,15,case57
True,15,-0.04,False,20,20,False,0,False,0.48790831280515246,0.29838222319108165,0.5418809360758976,274.59386230038945,319.6688440919388,0.0,MS-HIDE,1016,15,case57
True,15,-0.04,False,20,20,False,0,False,0.4592435664839056,0.2895036221444112,0.536052177263345,273.26091889408417,314.961670836783,0.0,MS-HIDE,1017,15,case57
True,15,0.04,False,20,20,False,0,False,0.461711176053876,0.3244978735098738,0.5105519925701149,271.77936855878215,314.098774685408,0.0,MS-HIDE,1018,15,case57
True,15,-0.04,False,20,20,False,25,False,0.34609550499638897,0.0689839047782374,0.49388295318548747,268.3244439016562,313.56826844858006,0.0,MS-HIDE,1019,15,case57
True,15,-0.04,False,20,20,False,0,False,0.43723542278800187,0.32321917850991394,0.5485616643779311,277.78243524371646,325.8537089976017,0.0,MS-HIDE,1020,15,case57
True,15,-0.04,False,20,20,False,0,False,0.45081012888814115,0.31958717252377794,0.5252130720822576,283.4333292063093,351.36703896860126,0.0,MS-HIDE,1021,15,case57
True,15,0.04,False,20,20,False,0,False,0.43246636124147014,0.33244468681057865,0.5445504685896163,277.31748749502003,342.5141309649917,0.0,MS-HIDE,1022,15,case57
True,15,-0.04,False,20,20,False,0,False,0.45193679446373675,0.31359986730543254,0.5342886861815865,266.3436791510321,317.18264022492804,0.0,MS-HIDE,1023,15,case57
True,15,-0.04,False,20,20,False,0,False,0.46172781108237265,0.33224775147191343,0.5051386087732468,272.6186813466484,327.48824347509077,0.0,MS-HIDE,1024,15,case57
True,15,0.04,False,20,20,False,0,False,0.45150193512794506,0.33167263953363524,0.5473626553740362,316.9381875428371,390.5323902145028,0.0,MS-HIDE,1025,15,case57
True,15,-0.04,False,20,20,False,0,False,0.4122754193478316,0.3381343269658332,0.5504685586099053,308.5192310536513,364.630503821536,0.0,MS-HIDE,1026,15,case57
True,15,0.04,False,20,20,False,15,True,0.43133816600373087,0.27579657916038036,0.5205071219884729,332.8847271448467,389.95196727628354,0.0,MS-HIDE,1027,15,case57
True,15,-0.04,False,20,20,False,0,False,0.459406673539113,0.30577133318662186,0.49459794145741764,325.5243460618658,391.1231708887499,0.0,MS-HIDE,1028,15,case57
True,15,-0.04,False,20,20,False,0,False,0.4680545427509156,0.3085955221951661,0.5472988865638395,324.3762521975441,366.17320899094926,0.0,MS-HIDE,1029,15,case57
True,15,-0.04,False,20,20,False,0,False,0.4631483727645966,0.32071810237602805,0.5489723790259647,306.1553561448818,372.6789582957281,0.0,MS-HIDE,1030,15,case57
True,15,-0.04,False,20,20,False,0,False,0.4551411927983597,0.32683221732986334,0.5055779068291738,325.9482665976975,385.2410458115628,0.0,MS-HIDE,1031,15,case57
True,15,-0.04,True,8,8,False,0,False,0.4338585995196543,0.333679754210114,0.4878885310704974,328.4818750427803,382.0512815669646,0.0,MS-HIDE,1032,15,case57
True,15,-0.04,True,15,15,False,0,False,0.44955926045397304,0.3244207910433941,0.5508203903077307,334.22108964587096,397.6844812510537,0.0,MS-HIDE,1033,15,case57
True,15,-0.04,False,20,20,False,0,False,0.4996954203971887,0.3006312267531065,0.577400443561937,355.91726464917883,491.25037980848003,0.0,MS-HIDE,1034,15,case57
True,15,-0.04,False,20,20,False,0,False,0.4058870269320103,0.3420622111306902,0.5294488522788284,276.7697583476547,335.8370913134423,0.0,MS-HIDE,1035,15,case57
True,15,0.04,False,20,20,False,18,False,0.4352318450615166,0.13182627684391918,0.5123680091323397,273.8469604519196,320.85270800453145,0.0,MS-HIDE,1036,15,case57
True,15,0.04,False,20,20,False,0,False,0.45353400198256194,0.3258587612947542,0.5889521889298044,269.06091660785023,341.9734892289853,0.0,MS-HIDE,1037,15,case57
True,15,-0.04,False,20,20,False,0,False,0.4255614258197804,0.3391032731259977,0.5130942554576179,276.79257910640445,341.7872913676547,0.0,MS-HIDE,1038,15,case57
True,15,0.04,False,20,20,False,0,False,0.4481790694913726,0.3273923454873867,0.5521468850551826,274.0356310940115,341.0519440571079,0.0,MS-HIDE,1039,15,case57
True,15,0.04,False,20,20,False,0,False,0.45969965269729984,0.32693449169585387,0.5214556273123007,282.0725083554862,358.21436732367147,0.0,MS-HIDE,1040,15,case57
True,15,0.04,False,20,20,False,0,False,0.4690945483424464,0.32099748920227167,0.5474395374646216,279.9290416063741,327.16533574566716,0.0,MS-HIDE,1041,15,case57
True,15,0.04,False,20,20,False,0,False,0.5042796131993197,0.2944286531698114,0.5267062018472652,274.93813334731385,327.2936194058275,0.0,MS-HIDE,1042,15,case57
True,15,0.04,False,20,20,False,0,False,0.4259312864185777,0.3327681748611825,0.5729220569158746,272.8114083089167,313.25581073178915,0.0,MS-HIDE,1043,15,case57
True,15,0.04,False,20,20,False,15,True,0.23063361760415538,0.20888520591986778,0.5321412964940906,271.65783955715597,317.97787119285204,0.0,MS-HIDE,1044,15,case57
True,15,-0.04,False,20,20,False,0,False,0.4251049274159867,0.3363630527177578,0.5249843472131445,277.7624624490272,327.13101875560824,0.0,MS-HIDE,1045,15,case57
True,15,-0.04,False,20,20,False,0,False,0.472180454126912,0.31561903832306143,0.5216488626771736,280.22762699984014,338.60482913441956,0.0,MS-HIDE,1046,15,case57
True,15,-0.04,True,7,7,False,0,False,0.46667593468563734,0.32231759814835725,0.5517017571958667,270.50802919839043,316.52909546683077,0.0,MS-HIDE,1047,15,case57
True,15,0.04,False,20,20,False,0,False,0.4368581449165795,0.33463637854322553,0.5172505755171989,278.34287704899907,333.619166983408,0.0,MS-HIDE,1048,15,case57
True,15,0.04,False,20,20,False,0,False,0.5153908516729594,0.28224141157828064,0.5398659013920182,276.25362280523404,334.3692901515169,0.0,MS-HIDE,1049,15,case57
True,15,0.04,True,18,18,False,0,False,0.4894135919209971,0.3173221632287753,0.522915451879846,324.94776676176116,392.8346187720308,0.0,MS-HIDE,1050,15,case57
True,15,0.04,False,20,20,False,0,False,0.4552872095593611,0.3234265114093529,0.5629794394450253,325.00575424928684,388.86815205623867,0.0,MS-HIDE,1051,15,case57
True,15,0.04,False,20,20,False,0,False,0.5134930922172407,0.29045789284379636,0.5354477750286127,324.0026959509123,403.9463586814236,0.0,MS-HIDE,1052,15,case57
True,15,0.04,False,20,20,False,0,False,0.435666313958238,0.3301482888521898,0.5260181444569493,330.88274385081604,387.5421538425144,0.0,MS-HIDE,1053,15,case57
True,15,-0.04,False,20,20,False,0,False,0.4432958032843594,0.3293016816846363,0.501598436281882,310.994360348559,358.6851901869523,0.0,MS-HIDE,1054,15,case57
True,15,-0.04,True,2,2,False,0,False,0.45667933939745364,0.31022548662624266,0.567640683313259,314.8437499447027,374.8009972274304,0.0,MS-HIDE,1055,15,case57
True,15,0.04,False,20,20,False,0,False,0.43853278784169447,0.3312460562700331,0.5485003736981083,310.16685605573,382.3943389521446,0.0,MS-HIDE,1056,15,case57
True,15,0.04,False,20,20,False,0,False,0.48250287268812475,0.3154000980026406,0.49438159211448884,321.55298949510325,381.3571642560419,0.0,MS-HIDE,1057,15,case57
True,15,0.04,False,20,20,False,0,False,0.4339518477105614,0.33521067819080275,0.4978565910935742,351.99075209675357,465.97304196038755,0.0,MS-HIDE,1058,15,case57
True,15,-0.04,False,20,20,False,0,False,0.4547042304104455,0.2957842624939545,0.5649263384361034,348.6348521517357,521.7558101168835,0.0,MS-HIDE,1059,15,case57
True,15,-0.04,False,20,20,False,0,False,0.4603433467010425,0.3231617250221573,0.5318763953759537,287.457508200896,351.19693331071176,0.0,MS-HIDE,1060,15,case57
True,15,-0.04,True,7,7,False,0,False,0.4778992494633516,0.32425371946062453,0.5132767405070628,288.03702499717474,347.3509809409734,0.0,MS-HIDE,1061,15,case57
True,15,0.04,False,20,20,False,0,False,0.4403905570623762,0.33314832992742965,0.48247308012111834,275.89864995970856,333.821875002468,0.0,MS-HIDE,1062,15,case57
True,15,0.04,False,20,20,False,0,False,0.5046528126704832,0.2950872876865962,0.565259984110062,274.7285376448417,329.0354002499953,0.0,MS-HIDE,1063,15,case57
True,15,0.04,False,20,20,False,0,False,0.43957188842886463,0.3083743610160848,0.5848464272665,265.2995124954032,315.79153924831195,0.0,MS-HIDE,1064,15,case57
True,15,-0.04,False,20,20,False,0,False,0.4556717867554349,0.32778542645760045,0.5239732882447513,277.92928120470606,346.48959553451283,0.0,MS-HIDE,1065,15,case57
True,15,0.04,False,20,20,False,0,False,0.456008328609963,0.3337151414300962,0.48598790529891756,283.89265619625803,337.47105655493215,0.0,MS-HIDE,1066,15,case57
True,15,0.04,False,20,20,False,0,False,0.4931704106665125,0.3099111978727532,0.5520721118558175,270.6185438466491,309.4437187828589,0.0,MS-HIDE,1067,15,case57
True,15,-0.04,False,20,20,False,44,False,0.41714417453072417,0.12961167676656538,0.5443763095971079,276.5968083491316,344.5011600968428,0.0,MS-HIDE,1068,15,case57
True,15,0.04,False,20,20,False,0,False,0.459584580318506,0.33393238585379825,0.5070975526407215,279.80177289573476,331.6566875029821,0.0,MS-HIDE,1069,15,case57
True,15,0.04,False,20,20,False,0,False,0.44394094940975376,0.32074897314469253,0.5530689118360131,277.68924169940874,319.17651694093365,0.0,MS-HIDE,1070,15,case57
True,15,0.04,True,8,8,False,0,False,0.5088218185214991,0.3104751105656013,0.5243596040179915,288.9686332986457,371.74132917134557,0.0,MS-HIDE,1071,15,case57
True,15,-0.04,False,20,20,False,0,False,0.41667848417421854,0.33966300298170515,0.5188853625967054,280.69894810032565,334.9242256808794,0.0,MS-HIDE,1072,15,case57
True,15,-0.04,False,20,20,False,0,False,0.4263371293085574,0.33394082519276913,0.5273613591325116,277.59618964628316,322.23365270474466,0.0,MS-HIDE,1073,15,case57
True,15,0.04,False,20,20,False,0,False,0.4781762954502175,0.27783754779141934,0.5279243557714217,273.57708120543975,364.56444826035295,0.0,MS-HIDE,1074,15,case57
True,15,0.04,False,20,20,False,0,False,0.43265228497902486,0.3328958517426929,0.5480760203370719,336.1815000040224,402.9933816025732,0.0,MS-HIDE,1075,15,case57
True,15,0.04,False,20,20,False,0,False,0.44814085233997447,0.3231142480272949,0.5742983741729653,322.41420635255054,376.68116878776345,0.0,MS-HIDE,1076,15,case57
True,15,-0.04,False,20,20,False,0,False,0.4225413502209379,0.3116114543555999,0.5227587464567972,334.95076664548833,407.78044023318216,0.0,MS-HIDE,1077,15,case57
True,15,0.04,False,20,20,False,0,False,0.4461534156807992,0.3262758634513482,0.5238699971234709,334.9465541978134,392.65086874947883,0.0,MS-HIDE,1078,15,case57
True,15,0.04,False,20,20,False,0,False,0.52933064605244,0.2348112835775122,0.50391924600769,323.0107479466824,396.5134020836558,0.0,MS-HIDE,1079,15,case57
True,15,-0.04,False,20,20,False,0,False,0.46710210619839765,0.3245199777705895,0.5329435587633274,331.5057500061812,394.1390729392879,0.0,MS-HIDE,1080,15,case57
True,15,0.04,False,20,20,False,15,True,0.04990214615568409,0.2013413776602972,0.5449380765862178,333.77750850922894,392.2603392857127,0.0,MS-HIDE,1081,15,case57
True,15,0.04,False,20,20,False,0,False,0.5163538414420674,0.23120591022575138,0.5411642823960858,332.71067710011266,403.36783181410283,0.0,MS-HIDE,1082,15,case57
True,15,-0.04,False,20,20,False,0,False,0.4679005418906104,0.30071236460836853,0.5273714807947499,364.0050896006869,504.5955232286361,0.0,MS-HIDE,1083,15,case57
True,15,-0.04,False,20,20,False,0,False,0.4507801716775806,0.32553730689160215,0.5665224376509574,324.2450293531874,493.03320182953036,0.0,MS-HIDE,1084,15,case57
True,15,-0.04,False,20,20,False,0,False,0.4562755064176797,0.32484073320608947,0.5058551215099537,281.66564790008124,329.1506975860102,0.0,MS-HIDE,1085,15,case57
True,15,0.04,True,0,0,False,0,False,0.44243111817542385,0.34521037505894697,0.50102592586253,271.0707707912661,322.8100389620522,0.0,MS-HIDE,1086,15,case57
True,15,-0.04,False,20,20,False,0,False,0.5158455294304308,0.29186406289689476,0.5329722189421106,277.9337687039515,322.54675174481235,0.0,MS-HIDE,1087,15,case57
True,15,0.04,False,20,20,False,0,False,0.416489147166528,0.3367085725018081,0.5592766658528786,276.51624999998603,323.51340625027666,0.0,MS-HIDE,1088,15,case57
True,15,0.04,False,20,20,False,15,True,0.2194840857980217,0.17942256556117978,0.5709390852766456,270.65271249448415,322.2989541041898,0.0,MS-HIDE,1089,15,case57
True,15,-0.04,False,20,20,False,0,False,0.4920163186296525,0.31300592466433497,0.5355620045064426,284.984579088632,330.6079972622684,0.0,MS-HIDE,1090,15,case57
True,15,-0.04,False,20,20,False,0,False,0.5303800808111323,0.19797393848660952,0.5263238646433095,274.7895331442123,327.99360626668204,0.0,MS-HIDE,1091,15,case57
True,15,-0.04,False,20,20,False,15,True,0.01416043848742665,0.19426614077670531,0.5528414795088765,272.37435414863285,327.4606930906885,0.0,MS-HIDE,1092,15,case57
True,15,0.04,False,20,20,False,0,False,0.4406379175165937,0.33764928947452844,0.5338276655228537,275.6073373951949,326.1577770783333,0.0,MS-HIDE,1093,15,case57
True,15,0.04,False,20,20,False,0,False,0.44711168585729094,0.3323023018181437,0.5142011439484582,273.4536167496117,320.78102528757887,0.0,MS-HIDE,1094,15,case57
True,15,-0.04,False,20,20,False,15,True,0.44350457034662005,0.23166640377546668,0.571453382447894,267.6959187432658,326.1888705048477,0.0,MS-HIDE,1095,15,case57
True,15,-0.04,False,20,20,False,0,False,0.47856838351224756,0.31562473225368304,0.5548527712747582,279.7698980488349,315.0505104189506,0.0,MS-HIDE,1096,15,case57
True,15,-0.04,False,20,20,False,0,False,0.4062143215063128,0.33990943386496814,0.5642388648734515,271.0250311996788,331.47949136910034,0.0,MS-HIDE,1097,15,case57
True,15,-0.04,False,20,20,False,0,False,0.4918062153168824,0.28757111791689216,0.578811490197222,282.2093020979082,373.65830415801616,0.0,MS-HIDE,1098,15,case57
True,15,0.04,False,20,20,False,0,False,0.434215446388148,0.3374255194331394,0.522383608078304,274.9873935972573,310.8413856680272,0.0,MS-HIDE,1099,15,case57
True,17,0.04,True,4,4,False,17,True,0.013380370055803592,0.0025617104969456244,0.5307885128582338,328.42827084241435,384.53303927672096,0.0,MS-HIDE,1100,17,case57
True,17,-0.04,True,2,2,False,17,True,0.003991389631541538,0.002551938363144687,0.5009810897798344,324.2960707983002,379.46336878230795,0.0,MS-HIDE,1101,17,case57
True,17,-0.04,True,3,3,False,17,True,0.011120544649680887,0.0025674622689372847,0.46147620575357506,334.525466649211,377.00957884662785,0.0,MS-HIDE,1102,17,case57
True,17,0.04,True,4,4,False,17,True,0.045674381549911304,0.002614915816890889,0.49285396854970104,330.8984770468669,385.81522647000384,0.0,MS-HIDE,1103,17,case57
True,17,0.04,True,3,3,False,17,True,0.024298701530410548,0.002633158135137483,0.5291157526991861,334.802358498564,405.55326220346615,0.0,MS-HIDE,1104,17,case57
True,17,0.04,True,2,2,False,17,True,0.01882863368920315,0.002576665053170182,0.4874949897602154,341.6060228453716,395.8557201811346,0.0,MS-HIDE,1105,17,case57
True,17,-0.04,True,2,2,False,17,True,0.10076105515704259,0.0027593682028475065,0.5257528373587675,320.09797299979255,374.00422707432887,0.0,MS-HIDE,1106,17,case57
True,17,-0.04,True,3,3,False,17,True,0.02004685599629907,0.0025708866415181516,0.5381800835526174,345.3684458043426,454.9645896506263,0.0,MS-HIDE,1107,17,case57
True,17,-0.04,True,1,1,False,17,True,0.00984338620442699,0.00260532751000565,0.5148061793067056,401.08312079973985,539.1718187369406,0.0,MS-HIDE,1108,17,case57
True,17,-0.04,True,4,4,False,17,True,0.026971908279490697,0.002629732489274208,0.5306936177462838,290.7989126513712,353.71100273623597,0.0,MS-HIDE,1109,17,case57
True,17,0.04,True,3,3,False,17,True,0.02017756053107811,0.0025784333511910847,0.5260682599481169,282.53814789350145,350.8027270756429,0.0,MS-HIDE,1110,17,case57
True,17,0.04,True,5,5,False,17,True,0.0035283820851638365,0.0025983884642874987,0.45768913703257075,269.4062708556885,328.3439693739638,0.0,MS-HIDE,1111,17,case57
True,17,0.04,True,4,4,False,17,True,0.02548635986950659,0.00258671023348504,0.5162853678615617,270.14591875486076,323.4105142648332,0.0,MS-HIDE,1112,17,case57
True,17,0.04,True,3,3,False,17,True,0.018245960295727965,0.002616443923115441,0.47152319358538136,278.2383646466769,315.90742951084394,0.0,MS-HIDE,1113,17,case57
True,17,-0.04,True,4,4,False,17,True,0.02221844940095638,0.0025740950281987907,0.5564274230578239,272.4817935464671,315.2055381011451,0.0,MS-HIDE,1114,17,case57
True,17,0.04,True,3,3,False,17,True,0.01674935187124376,0.0025662142311375026,0.4874949897602154,287.10236644838005,332.25730205012957,0.0,MS-HIDE,1115,17,case57
True,17,-0.04,True,3,3,False,17,True,0.022118297689809687,0.0026221863098670074,0.5030716564993863,283.8476374017773,354.2387083580252,0.0,MS-HIDE,1116,17,case57
True,17,0.04,True,4,4,False,17,True,0.0030337746806368745,0.0026108756538450804,0.5146169123208598,280.2681229513837,321.878325327998,0.0,MS-HIDE,1117,17,case57
True,17,0.04,True,5,5,False,17,True,0.02485746722394804,0.002578166217124498,0.49977799053264416,276.60895204753615,314.99352017999627,0.0,MS-HIDE,1118,17,case57
True,17,0.04,True,1,1,False,18,False,0.027717464882003585,0.004000058843540858,0.5144767561745807,288.25901664968114,356.5408819093136,0.0,MS-HIDE,1119,17,case57
True,17,0.04,True,3,3,False,17,True,0.017034515371260578,0.0026147329674749294,0.5023715863473434,279.37467695155647,363.59109997865744,0.0,MS-HIDE,1120,17,case57
True,17,0.04,True,2,2,False,17,True,0.006429276637783743,0.0025617709462416715,0.5351346149172251,268.0442958488129,318.49301037727855,0.0,MS-HIDE,1121,17,case57
True,17,0.04,True,1,1,False,17,True,0.02416495737473924,0.002585636370033725,0.4747771916721019,282.0403438003268,332.9859107150697,0.0,MS-HIDE,1122,17,case57
True,17,-0.04,True,3,3,False,17,True,0.0009204794598142382,0.0026178438799536784,0.5168740142014475,269.41565004817676,326.62305798730813,0.0,MS-HIDE,1123,17,case57
True,17,-0.04,True,3,3,False,17,True,0.001254883896661491,0.0025588642439623925,0.49714393133526286,280.8849104476394,331.64497709076386,0.0,MS-HIDE,1124,17,case57
True,17,0.04,True,2,2,False,17,True,5.032052402351332e-05,0.0026081218986898254,0.511089895941178,330.9405020525446,388.41351702285465,0.0,MS-HIDE,1125,17,case57
True,17,0.04,True,2,2,False,17,True,0.0760500441114305,0.002684499087719154,0.5361209986816834,340.1634729030775,390.5968670209404,0.0,MS-HIDE,1126,17,case57
True,17,0.04,True,4,4,False,17,True,0.030957579925997694,0.0025880141512570317,0.5515322339359948,327.97246255213395,384.03970480721915,0.0,MS-HIDE,1127,17,case57
True,17,0.04,True,1,1,False,17,True,0.004134972511127171,0.002606487464620501,0.4940522615717011,330.0066769908881,377.69996633869596,0.0,MS-HIDE,1128,17,case57
True,17,0.04,True,1,1,False,17,True,0.0007786882041583899,0.00255653135081376,0.4522481236857822,328.50189153978135,388.8152443541913,0.0,MS-HIDE,1129,17,case57
True,17,-0.04,True,2,2,False,17,True,0.0032715580768805518,0.002599257989622078,0.5130429169658681,334.8521790932864,407.10316635668283,0.0,MS-HIDE,1130,17,case57
True,17,-0.04,True,4,4,False,17,True,0.002261331223092806,0.0025504756363427497,0.5241493366632409,340.2746103995014,408.9052410388831,0.0,MS-HIDE,1131,17,case57
True,17,-0.04,True,1,1,False,17,True,0.0023523370398541893,0.0025972538224377645,0.5162947036203838,340.54402080655564,405.5090101319365,0.0,MS-HIDE,1132,17,case57
True,17,0.04,True,2,2,False,17,True,0.043687791760561465,0.004538051893566221,0.5035878263614382,410.93107090273406,536.2177121889546,0.0,MS-HIDE,1133,17,case57
True,17,-0.04,True,2,2,False,17,True,0.02916311476722495,0.0025850339044040447,0.4974255980947372,295.55914369702805,369.6305500168819,0.0,MS-HIDE,1134,17,case57
True,17,-0.04,True,3,3,False,17,True,0.0039000330117279092,0.002550779406659223,0.4901742066124358,279.7176998516079,369.3897520628525,0.0,MS-HIDE,1135,17,case57
True,17,0.04,True,3,3,False,17,True,0.0006631995827322779,0.0025960385463378206,0.48612028362643883,283.12420824659057,324.64784585463354,0.0,MS-HIDE,1136,17,case57
True,17,0.04,True,2,2,False,17,True,0.004305547420310441,0.0025511515433891616,0.5297346991389533,271.22112920333166,339.99092500016565,0.0,MS-HIDE,1137,17,case57
True,17,0.04,True,4,4,False,17,True,0.0383913962061841,0.0026495163816938837,0.49405400930182597,274.62472700572107,313.59684343333356,0.0,MS-HIDE,1138,17,case57
True,17,0.04,True,4,4,False,17,True,0.048927404743441864,0.0026232091252545377,0.525139573259202,282.8678374964511,352.2598767624004,0.0,MS-HIDE,1139,17,case57
True,17,0.04,True,1,1,False,17,True,0.06930758643772626,0.00272451492325603,0.48131802148949576,283.39656474709045,351.72557291516574,0.0,MS-HIDE,1140,17,case57
True,17,-0.04,True,2,2,False,17,True,1.1750777260298576e-05,0.0025954346464344873,0.47614506655790756,272.81707705406006,319.7583291708725,0.0,MS-HIDE,1141,17,case57
True,17,-0.04,True,3,3,False,17,True,0.01583540815373067,0.002573445550651559,0.5242959037680011,279.3668021011399,330.4712705517886,0.0,MS-HIDE,1142,17,case57
True,17,-0.04,True,1,1,False,17,True,0.04794844968186489,0.0026772877291628716,0.48604172566526177,275.12633115402423,315.5245663452661,0.0,MS-HIDE,1143,17,case57
True,17,-0.04,True,2,2,False,17,True,0.016917426699238305,0.002566651068879263,0.48084509423632393,279.2050269956235,325.287101441063,0.0,MS-HIDE,1144,17,case57
True,17,0.04,True,3,3,False,17,True,0.03234380907197158,0.0025903650497294526,0.507352834279116,279.1029209503904,330.16595449298626,0.0,MS-HIDE,1145,17,case57
True,17,0.04,True,2,2,False,17,True,0.002090278471237488,0.0025492228816780134,0.5053380671412422,276.1074374488089,340.7514249760425,0.0,MS-HIDE,1146,17,case57
True,17,-0.04,True,3,3,False,17,True,0.061933493328898054,0.0027081269416689927,0.48726169758296817,280.3652584058,342.25241104431916,0.0,MS-HIDE,1147,17,case57
True,17,0.04,True,4,4,False,17,True,0.0011989561784192674,0.0025494234144125016,0.509979403659659,283.5425355035113,342.70516941323876,0.0,MS-HIDE,1148,17,case57
True,17,0.04,True,2,2,False,17,True,0.003257524863239791,0.0025501306007116977,0.5011443872866789,274.66166234517004,315.660787827801,0.0,MS-HIDE,1149,17,case57
True,17,-0.04,True,2,2,False,17,True,0.010734618173968825,0.0026075737505138834,0.5244756403948426,326.378285503597,377.6690315484302,0.0,MS-HIDE,1150,17,case57
True,17,-0.04,True,3,3,False,17,True,0.0004246814071268642,0.002595670688901357,0.5321101281899137,332.82411889813375,390.33728126087226,0.0,MS-HIDE,1151,17,case57
True,17,0.04,True,2,2,False,17,True,4.482064274627962e-06,0.0025474821874979224,0.5152756914544664,322.61131874111015,385.42037285515113,0.0,MS-HIDE,1152,17,case57
True,17,-0.04,True,3,3,False,17,True,0.005509630383489164,0.0025525853049351106,0.5030129313560807,323.7958853977034,380.023293758859,0.0,MS-HIDE,1153,17,case57
True,17,0.04,True,3,3,False,17,True,0.04631013723656802,0.0026163763332068954,0.504735320429063,340.6003810960101,428.0704881501152,0.0,MS-HIDE,1154,17,case57
True,17,0.04,True,2,2,False,17,True,0.026464923094344416,0.002636801912208401,0.5194228112838257,334.2356750566978,402.78821634710766,0.0,MS-HIDE,1155,17,case57
True,17,0.04,True,2,2,False,17,True,0.009155896963172401,0.002604530369869191,0.49536571786971684,334.0906688506948,376.3040917081526,0.0,MS-HIDE,1156,17,case57
True,17,0.04,True,4,4,False,17,True,0.003931843299779996,0.002598758525184046,0.5184711869971033,333.52013115072623,420.13128063699696,0.0,MS-HIDE,1157,17,case57
True,17,-0.04,True,4,4,False,17,True,0.0016531744470110034,0.0025561087345161424,0.47583498862712037,410.80001250084024,624.4445413292851,0.0,MS-HIDE,1158,17,case57
True,17,0.04,True,2,2,False,17,True,0.0798305181364551,0.0026945724582360404,0.515821696042322,288.0281727993861,339.10836935974663,0.0,MS-HIDE,1159,17,case57
True,17,0.04,True,4,4,False,17,True,0.00810641547812078,0.0026044485555869316,0.5250778078635102,288.53189380606636,366.9883146183565,0.0,MS-HIDE,1160,17,case57
True,17,-0.04,True,3,3,False,17,True,0.05687031868029244,0.00263826545747146,0.49738951288510247,286.8115020508412,349.9835479393369,0.0,MS-HIDE,1161,17,case57
True,17,-0.04,True,5,5,False,17,True,0.003263309761283484,0.0025501582705794875,0.4976393442752197,278.6072000453714,318.82457084720954,0.0,MS-HIDE,1162,17,case57
True,17,0.04,True,4,4,False,17,True,0.032265601140225746,0.0025914433420737874,0.513118009833045,277.1618980594212,332.4300062726252,0.0,MS-HIDE,1163,17,case57
True,17,-0.04,True,6,6,False,17,True,0.00011992185952880984,0.002596600610927775,0.5147406833234366,279.0519333939301,350.0355603639037,0.0,MS-HIDE,1164,17,case57
True,17,0.04,True,3,3,False,17,True,0.028122369879595262,0.0025833315916584396,0.5078370927845475,273.8859145581955,334.1351857234258,0.0,MS-HIDE,1165,17,case57
True,17,-0.04,True,2,2,False,17,True,0.059142802966215685,0.0026445946510706723,0.481371022717093,283.5882146464428,320.40614761062903,0.0,MS-HIDE,1166,17,case57
True,17,0.04,True,4,4,False,17,True,0.06568747852442738,0.0031545348265554617,0.5037926426410633,278.05373335722834,323.427010132582,0.0,MS-HIDE,1167,17,case57
True,17,-0.04,True,2,2,False,17,True,0.0017435715962353573,0.002548755222544386,0.5285526697814388,287.83980424923357,337.3437681759242,0.0,MS-HIDE,1168,17,case57
True,17,0.04,True,2,2,False,17,True,0.00026160048816579583,0.002595727118291339,0.5221769085669268,270.3809061931679,317.0444062736351,0.0,MS-HIDE,1169,17,case57
True,17,0.04,True,1,1,False,17,True,0.03727693905906823,0.0026474998189973654,0.45905756803695225,277.21586444822606,339.3107951938874,0.0,MS-HIDE,1170,17,case57
True,17,-0.04,True,4,4,False,18,False,0.0015845400016745584,0.004033081132793107,0.5309375333147424,280.1718144037295,329.019036857062,0.0,MS-HIDE,1171,17,case57
True,17,-0.04,True,2,2,False,17,True,0.0031165948309080614,0.002549993271092254,0.5185101887202441,273.8444334012456,316.6727396106581,0.0,MS-HIDE,1172,17,case57
True,17,0.04,True,5,5,False,17,True,0.00017449099068162386,0.0025561036952378444,0.47071335388201646,266.8218562466791,324.04945799789857,0.0,MS-HIDE,1173,17,case57
True,17,0.04,True,2,2,False,17,True,0.0104816356879246,0.002607448464721628,0.48686820807755493,278.43039570143446,333.58412672241684,0.0,MS-HIDE,1174,17,case57
True,17,-0.04,True,3,3,False,17,True,0.027197277310388963,0.0025818346223715374,0.5062671715465866,330.71978340740316,389.56921040371526,0.0,MS-HIDE,1175,17,case57
True,17,-0.04,True,3,3,False,18,False,0.023024637653988655,0.004067797690189821,0.5073449094567279,320.02555845247116,387.0092506724177,0.0,MS-HIDE,1176,17,case57
True,17,-0.04,True,3,3,False,17,True,0.004257610989145919,0.00255852292478105,0.5010520842688504,323.41184180695564,377.1720687276684,0.0,MS-HIDE,1177,17,case57
True,17,-0.04,True,3,3,False,17,True,0.0659370184065242,0.002708304333402643,0.48644219367632113,330.74766859353986,388.69039817363955,0.0,MS-HIDE,1178,17,case57
True,17,-0.04,True,5,5,False,17,True,0.014497826271533546,0.002564472846620623,0.48308272247893413,328.47041029890534,378.0632625072031,0.0,MS-HIDE,1179,17,case57
True,17,0.04,True,2,2,False,17,True,0.0007139526501467973,0.0025960498465937387,0.5234807843534711,324.64924370869994,384.555780608207,0.0,MS-HIDE,1180,17,case57
True,17,0.04,True,3,3,False,17,True,0.005584783221104882,0.0026006662162715915,0.47573572690040933,321.69698340585455,378.3558937866474,0.0,MS-HIDE,1181,17,case57
True,17,-0.04,True,4,4,False,17,True,0.04264657046147691,0.002609071375465735,0.5028253451927989,328.4087562497007,383.8312792533543,0.0,MS-HIDE,1182,17,case57
True,17,0.04,True,2,2,False,17,True,0.010636765000799261,0.0025584253959347217,0.5006647227436375,400.97297086031176,556.6608642664505,0.0,MS-HIDE,1183,17,case57
True,17,0.04,True,2,2,False,17,True,0.0026066636192011478,0.0025567569459897885,0.4960998474769831,285.3120583022246,359.51109167945106,0.0,MS-HIDE,1184,17,case57
True,17,-0.04,True,5,5,False,17,True,0.002735089364138714,0.0025496372498942533,0.5244054842358877,283.1360624957597,350.47274792450486,0.0,MS-HIDE,1185,17,case57
True,17,-0.04,True,4,4,False,17,True,8.848629219270095e-05,0.0025558491606201415,0.5243417132638521,275.6881042092573,350.38452357403,0.0,MS-HIDE,1186,17,case57
True,17,-0.04,True,2,2,False,17,True,0.03663495142244749,0.0025993674436811166,0.4869002261012537,285.7386645016959,347.12396427057683,0.0,MS-HIDE,1187,17,case57
True,17,0.04,True,4,4,False,17,True,0.048571594883924145,0.002620721339687866,0.533044140929821,279.7339417535113,341.66514795797417,0.0,MS-HIDE,1188,17,case57
True,17,-0.04,True,2,2,False,17,True,0.0003051314933210305,0.0026082888216504663,0.5180119899598877,272.93197294929996,318.4183603530983,0.0,MS-HIDE,1189,17,case57
True,17,0.04,True,2,2,False,17,True,0.06611881644833513,0.002708498410095305,0.5017534856729424,275.9310749534052,316.2122669978999,0.0,MS-HIDE,1190,17,case57
True,17,-0.04,True,2,2,False,17,True,0.0006343486128102401,0.0025478917479941935,0.5278458635511807,281.88355620368384,342.525127728004,0.0,MS-HIDE,1191,17,case57
True,17,0.04,True,5,5,False,17,True,0.0059866310842487756,0.0025540059791043916,0.4722470836895113,277.08444370655343,337.7197089837864,0.0,MS-HIDE,1192,17,case57
True,17,-0.04,True,4,4,False,17,True,0.09496272891260003,0.0027388804031975933,0.5151104181212681,281.13960410119034,324.8686877806904,0.0,MS-HIDE,1193,17,case57
True,17,-0.04,True,2,2,False,17,True,0.0393930837535836,0.0026029098739439684,0.5028732501653825,278.25719185057096,339.21953717363067,0.0,MS-HIDE,1194,17,case57
True,17,-0.04,True,5,5,False,17,True,0.0013140096987724324,0.002548562108263477,0.5370375408961429,279.9372917506844,331.54075065103825,0.0,MS-HIDE,1195,17,case57
True,17,0.04,True,2,2,False,17,True,0.00449490030530083,0.0025513461927059266,0.5231598729458878,282.1010917541571,334.4656017667149,0.0,MS-HIDE,1196,17,case57
True,17,-0.04,True,1,1,False,17,True,0.05103812415655582,0.002683725469162454,0.510223531877717,285.27529160201084,337.0379753643647,0.0,MS-HIDE,1197,17,case57
True,17,-0.04,True,2,2,False,18,False,0.041413641500108046,0.003975015319346508,0.5296599355840088,283.05949170317035,337.3490645753918,0.0,MS-HIDE,1198,17,case57
True,17,0.04,True,2,2,False,17,True,0.01011297006715874,0.0025648957843219947,0.5128350427308794,277.8264187014429,328.64377500663977,0.0,MS-HIDE,1199,17,case57
True,23,-0.04,True,8,8,False,0,False,0.5331566171782961,0.28148748407217755,0.5531546623292651,329.11894574644975,379.62119371804874,0.0,MS-HIDE,1200,23,case57
True,23,0.04,True,9,9,False,0,False,0.4148230671799247,0.34111576322723064,0.4799381454539721,315.8227938518394,383.2171881571412,0.0,MS-HIDE,1201,23,case57
True,23,-0.04,False,20,20,False,0,False,0.45604696573018655,0.3361969522089576,0.5405297433592137,317.6848584524123,374.22808959672693,0.0,MS-HIDE,1202,23,case57
True,23,0.04,False,20,20,False,0,False,0.4711245480003148,0.32942616869763264,0.5036431048860925,316.2060709379148,391.736135748215,0.0,MS-HIDE,1203,23,case57
True,23,0.04,False,20,20,False,0,False,0.4824702352319774,0.31612314151162385,0.5565101866564125,316.4006957493257,378.9019291085424,0.0,MS-HIDE,1204,23,case57
True,23,-0.04,False,20,20,False,0,False,0.4472218930326272,0.3284399722581066,0.5497657284039608,340.5507811519783,440.1039285265142,0.0,MS-HIDE,1205,23,case57
True,23,-0.04,True,3,3,False,0,False,0.4411916943937222,0.33621104451850875,0.5077180434841533,322.0684000494657,372.041985069518,0.0,MS-HIDE,1206,23,case57
True,23,-0.04,False,20,20,False,0,False,0.4128403453607604,0.3391832642190981,0.5313958648757561,316.67803970049135,393.42898991017137,0.0,MS-HIDE,1207,23,case57
True,23,0.04,False,20,20,False,0,False,0.5040983262999624,0.31016737354599044,0.5363791535621096,409.7014042956289,606.1570475634653,0.0,MS-HIDE,1208,23,case57
True,23,-0.04,False,20,20,False,0,False,0.46836464923741694,0.2872660113533582,0.5382456293830988,287.59143539355136,394.44740446633665,0.0,MS-HIDE,1209,23,case57
True,23,-0.04,True,8,8,False,0,False,0.47143623272870305,0.31142565933633665,0.5201120527449213,283.35196250409354,391.7634985817131,0.0,MS-HIDE,1210,23,case57
True,23,0.04,False,20,20,False,0,False,0.45948972070460237,0.33202483337436955,0.5400800078828772,273.45601249835454,336.2476666341536,0.0,MS-HIDE,1211,23,case57
True,23,0.04,False,20,20,False,0,False,0.4270725464442166,0.3361872570196632,0.5336219326203768,274.1385561967036,329.33386315999087,0.0,MS-HIDE,1212,23,case57
True,23,0.04,False,20,20,False,0,False,0.45882462621672865,0.32137129566915734,0.5282465936029261,289.65613334148657,377.2421857487643,0.0,MS-HIDE,1213,23,case57
True,23,0.04,False,20,20,False,0,False,0.4325502360046443,0.3354159310044746,0.5342307045336804,288.6992729501799,366.768129754928,0.0,MS-HIDE,1214,23,case57
True,23,0.04,False,20,20,False,0,False,0.4212240295584887,0.33592359012541145,0.5548107168159925,281.4188749558525,328.04903060023213,0.0,MS-HIDE,1215,23,case57
True,23,0.04,False,20,20,False,0,False,0.43109615201576823,0.3227873516961243,0.5573561575337216,283.81971049821004,343.7347235449124,0.0,MS-HIDE,1216,23,case57
True,23,-0.04,False,20,20,False,56,False,0.34956063902846596,0.07617615720786634,0.5297417247354463,283.686308353208,347.5965069024824,0.0,MS-HIDE,1217,23,case57
True,23,0.04,False,20,20,False,0,False,0.4804539608945683,0.3127555345093511,0.5232074755471109,277.8577896533534,324.8763548064744,0.0,MS-HIDE,1218,23,case57
True,23,0.04,False,20,20,False,0,False,0.41523149912464685,0.33922714084817085,0.4956912554900612,280.2094457932981,333.42657982429955,0.0,MS-HIDE,1219,23,case57
True,23,0.04,False,20,20,False,0,False,0.4663369622669259,0.31934295827633685,0.5103154302220752,264.7129791555926,304.21443926461507,0.0,MS-HIDE,1220,23,case57
True,23,0.04,False,20,20,False,0,False,0.4741171621957262,0.3165183537903804,0.5015601855359134,281.9110083015403,329.8857503250474,0.0,MS-HIDE,1221,23,case57
True,23,0.04,False,20,20,False,0,False,0.45164809489154184,0.330126556840698,0.510239392100897,280.22601665288676,335.13048508320935,0.0,MS-HIDE,1222,23,case57
True,23,-0.04,False,20,20,False,0,False,0.4928625558627009,0.31144342237271516,0.497687529466261,282.74149170320015,335.9109547745902,0.0,MS-HIDE,1223,23,case57
True,23,0.04,False,20,20,False,0,False,0.4387993415521002,0.3314504665243553,0.47057544349639147,278.4201622416731,323.49138300342025,0.0,MS-HIDE,1224,23,case57
True,23,-0.04,False,20,20,False,0,False,0.4601130240449631,0.32159976859466954,0.5845799523936813,335.2042915968923,394.1673937224551,0.0,MS-HIDE,1225,23,case57
True,23,0.04,False,20,20,False,0,False,0.5094565093835417,0.2577751881246162,0.4997793983496857,331.531118840212,407.14152740256395,0.0,MS-HIDE,1226,23,case57
True,23,-0.04,False,20,20,False,0,False,0.45793066657432946,0.33572514724789004,0.551793104908515,331.0777728940593,380.9262589464197,0.0,MS-HIDE,1227,23,case57
True,23,0.04,False,20,20,False,0,False,0.4453196479438256,0.3287273348463679,0.5487393795025487,337.2983270994155,397.92287950112967,0.0,MS-HIDE,1228,23,case57
True,23,0.04,False,20,20,False,0,False,0.4267990874746741,0.33379698478337017,0.5461298294110026,327.4670083017554,386.93914589239284,0.0,MS-HIDE,1229,23,case57
True,23,-0.04,False,20,20,False,0,False,0.4293824399018759,0.33560596959905403,0.5250937218807072,323.9064437977504,389.6038877835963,0.0,MS-HIDE,1230,23,case57
True,23,-0.04,False,20,20,False,0,False,0.4259274629561441,0.33570026290497207,0.5250968581566902,316.715947794728,384.92334519396536,0.0,MS-HIDE,1231,23,case57
True,23,-0.04,False,20,20,False,0,False,0.45209149802388665,0.3212359022794852,0.5175154680240251,358.0044686968904,551.6164062981261,0.0,MS-HIDE,1232,23,case57
True,23,0.04,False,20,20,False,0,False,0.43238743969161086,0.33400377004798865,0.5226147864043428,338.736872797017,570.8193663333077,0.0,MS-HIDE,1233,23,case57
True,23,-0.04,False,20,20,False,0,False,0.4356023875283344,0.3319717636451345,0.5512232799589181,283.04895209439564,337.87989997945266,0.0,MS-HIDE,1234,23,case57
True,23,0.04,False,20,20,False,0,False,0.44383657973705587,0.32419681373184717,0.5548203769475213,275.4317956510931,319.49567528499756,0.0,MS-HIDE,1235,23,case57
True,23,-0.04,False,20,20,False,0,False,0.44944150562087276,0.32808980636252105,0.5618611167540407,276.7763062089216,329.32407020998653,0.0,MS-HIDE,1236,23,case57
True,23,0.04,False,20,20,False,0,False,0.4511671388377777,0.3237275285624181,0.53068562084771,278.37368974869605,356.75359442830086,0.0,MS-HIDE,1237,23,case57
True,23,0.04,False,20,20,False,0,False,0.4352769889300634,0.33357411813034743,0.5512132334375026,268.2548874465283,316.4323683769908,0.0,MS-HIDE,1238,23,case57
True,23,-0.04,True,17,17,False,0,False,0.48364303815064663,0.29832795858702493,0.5312577504188059,270.11842069623526,318.02979193162173,0.0,MS-HIDE,1239,23,case57
True,23,0.04,False,20,20,False,0,False,0.4102200009429038,0.33806472037529367,0.5332618780563311,279.69769365736283,319.34619168168865,0.0,MS-HIDE,1240,23,case57
True,23,0.04,False,20,20,False,0,False,0.48483421321278214,0.32291948570132717,0.515242498410518,275.3926229575882,324.55672118230723,0.0,MS-HIDE,1241,23,case57
True,23,-0.04,False,20,20,False,0,False,0.42564801808426533,0.33766143243763913,0.5284532358814992,275.73049580387305,345.033799650264,0.0,MS-HIDE,1242,23,case57
True,23,0.04,False,20,20,False,0,False,0.42069078972560475,0.3356351260435322,0.5972756486107711,268.1973832572112,341.7042268236401,0.0,MS-HIDE,1243,23,case57
True,23,-0.04,False,20,20,False,0,False,0.47442648315666913,0.2949426961012288,0.48185526707499365,277.61387914943043,332.8966211702209,0.0,MS-HIDE,1244,23,case57
True,23,-0.04,False,20,20,False,0,False,0.45349600009210167,0.29451084243619263,0.5195795694106703,253.58868968905878,295.41591188462917,0.0,MS-HIDE,1245,23,case57
True,23,0.04,False,20,20,False,0,False,0.42884170204755356,0.3333596612479389,0.5427210040275011,267.8517979977187,332.17029407969676,0.0,MS-HIDE,1246,23,case57
True,23,-0.04,False,20,20,False,0,False,0.45015094777811954,0.31389397279056386,0.560063852689858,274.72930200747214,327.8243893175386,0.0,MS-HIDE,1247,23,case57
True,23,-0.04,False,20,20,False,0,False,0.4590108988824629,0.33312573773404985,0.5246250530254781,282.02249369060155,351.0039540968137,0.0,MS-HIDE,1248,23,case57
True,23,0.04,False,20,20,False,0,False,0.4502496410543903,0.32794508210049556,0.5271848555504908,270.5537750647636,313.55309825157747,0.0,MS-HIDE,1249,23,case57
True,23,0.04,False,20,20,False,0,False,0.45068693021920975,0.3248620051515027,0.5506202398673768,281.0093603882706,338.10714786231983,0.0,MS-HIDE,1250,23,case57
True,23,-0.04,False,20,20,False,0,False,0.4634645958020272,0.3127271512622989,0.5222425254783133,279.98229175282177,341.2428021401866,0.0,MS-HIDE,1251,23,case57
True,23,0.04,False,20,20,False,0,False,0.4510898999396679,0.3325739421632433,0.4741434651257532,279.0818229521392,343.24528891302185,0.0,MS-HIDE,1252,23,case57
True,23,0.04,False,20,20,False,0,False,0.42767664422984353,0.3328195647191055,0.5682740202270842,272.93592075584456,337.334469036432,0.0,MS-HIDE,1253,23,case57
True,23,0.04,False,20,20,False,0,False,0.4475346727939697,0.32996503992215614,0.5122061193787311,275.520985541516,322.86982952500694,0.0,MS-HIDE,1254,23,case57
True,23,-0.04,False,20,20,False,0,False,0.41555773253933304,0.3407994484552058,0.5340317570748412,269.3705813057022,312.2571003128542,0.0,MS-HIDE,1255,23,case57
True,23,0.04,False,20,20,False,0,False,0.4236480501313476,0.3363443023558483,0.5261756631238067,271.2577103928197,320.62225621775724,0.0,MS-HIDE,1256,23,case57
True,23,-0.04,False,20,20,False,0,False,0.5180627737019146,0.2754318266444707,0.5377816485701825,270.1265333540505,320.8062770514517,0.0,MS-HIDE,1257,23,case57
True,23,-0.04,False,20,20,False,0,False,0.4534287217232959,0.32964737522797766,0.4977320027732741,266.07043324620463,321.6665937623475,0.0,MS-HIDE,1258,23,case57
True,23,0.04,False,20,20,False,0,False,0.4444743260991366,0.33011639410897503,0.531603131333555,280.87225415511057,362.6627357531106,0.0,MS-HIDE,1259,23,case57
True,23,-0.04,True,9,9,False,0,False,0.4896065170112993,0.21685202359865274,0.5159417899400004,269.4754125986947,304.95886875432916,0.0,MS-HIDE,1260,23,case57
True,23,0.04,False,20,20,False,0,False,0.41059171577566955,0.33945239298100194,0.5183001184003265,276.4477874065051,321.6272878664313,0.0,MS-HIDE,1261,23,case57
True,23,-0.04,False,20,20,False,0,False,0.4327204831433393,0.3304777158737512,0.578867295688228,277.9205355007434,336.57525059825275,0.0,MS-HIDE,1262,23,case57
True,23,-0.04,False,20,20,False,0,False,0.425518222801234,0.3356846963139023,0.5622030243223811,276.8394833925413,343.0237773922272,0.0,MS-HIDE,1263,23,case57
True,23,-0.04,False,20,20,False,0,False,0.4284147952787543,0.3385464478765754,0.5207163403404514,277.4687312892638,337.4689583608415,0.0,MS-HIDE,1264,23,case57
True,23,-0.04,False,20,20,False,0,False,0.46927074097891386,0.29755322862879674,0.5274602617250148,266.9372916017892,336.68782466556877,0.0,MS-HIDE,1265,23,case57
True,23,-0.04,False,20,20,False,0,False,0.45219155984046405,0.33061525526700986,0.507663419434093,276.43261455523316,315.2748499822337,0.0,MS-HIDE,1266,23,case57
True,23,0.04,False,20,20,False,0,False,0.48410453647767115,0.320023040144351,0.49741436983114845,269.68581666005775,307.24570691527333,0.0,MS-HIDE,1267,23,case57
True,23,-0.04,False,20,20,False,0,False,0.4525335540279304,0.3295297233918419,0.5602131653079655,277.0402061549248,323.85031037847517,0.0,MS-HIDE,1268,23,case57
True,23,-0.04,False,20,20,False,0,False,0.4752536370176959,0.305428218176561,0.5463887312832811,279.83614784898236,345.7396479294403,0.0,MS-HIDE,1269,23,case57
True,23,-0.04,False,20,20,False,0,False,0.44978043338015045,0.328835179721677,0.5524417594688326,282.9557145014405,347.226545526064,0.0,MS-HIDE,1270,23,case57
True,23,-0.04,False,20,20,False,0,False,0.4641622911072508,0.3191357937588166,0.4910079811709657,273.05508335412014,341.8132372025866,0.0,MS-HIDE,1271,23,case57
True,23,-0.04,False,20,20,False,0,False,0.4293410886514163,0.32715277965333434,0.5525261284371852,265.0249042053474,321.2805645831395,0.0,MS-HIDE,1272,23,case57
True,23,0.04,False,20,20,False,0,False,0.45666303972992495,0.32411907650425714,0.5448802619741134,277.6155561004998,332.1253226167756,0.0,MS-HIDE,1273,23,case57
True,23,0.04,False,20,20,False,0,False,0.5567714220697266,0.25461970949965745,0.5539955211581267,279.9509313510498,336.7415672983043,0.0,MS-HIDE,1274,23,case57
True,23,0.04,False,20,20,False,0,False,0.4848850169630171,0.3175150143851687,0.49786332547908496,271.51884169725236,329.8852163046831,0.0,MS-HIDE,1275,23,case57
True,23,0.04,False,20,20,False,0,False,0.4644394093491552,0.3200414732413201,0.5568610337281288,290.80586035270244,359.4608267274453,0.0,MS-HIDE,1276,23,case57
True,23,-0.04,False,20,20,False,0,False,0.4409874081084432,0.3293444259459913,0.5335885990594453,279.49104154249653,333.0142312537646,0.0,MS-HIDE,1277,23,case57
True,23,-0.04,False,20,20,False,39,False,0.21288946236066905,0.05691103099377719,0.5113125673396676,290.6522749486612,348.0011368985288,0.0,MS-HIDE,1278,23,case57
True,23,0.04,False,20,20,False,0,False,0.45291184555295033,0.3260521753712969,0.5259822411020703,290.59344150300603,359.689572872594,0.0,MS-HIDE,1279,23,case57
True,23,0.04,False,20,20,False,0,False,0.4664984911760712,0.3201084945512536,0.483277251895341,276.6139187529916,344.6127232804429,0.0,MS-HIDE,1280,23,case57
True,23,-0.04,True,16,16,False,0,False,0.4487939396794666,0.3248140144621448,0.5189359482317148,279.8113146069227,340.6567934638588,0.0,MS-HIDE,1281,23,case57
True,23,0.04,False,20,20,False,0,False,0.4345995572632302,0.33540342492568453,0.5258389796703853,278.8066541950684,336.90519167867023,0.0,MS-HIDE,1282,23,case57
True,23,-0.04,False,20,20,False,0,False,0.45792648370211403,0.3218958102733732,0.5674777690795811,278.9301916403929,320.15052053902764,0.0,MS-HIDE,1283,23,case57
True,23,-0.04,False,20,20,False,0,False,0.47096234282193983,0.2914007553264892,0.5467766671147694,264.6815084008267,321.71657115395647,0.0,MS-HIDE,1284,23,case57
True,23,0.04,False,20,20,False,0,False,0.5026569290503414,0.29850900869356234,0.5256001055121629,289.15063129970804,338.666019399534,0.0,MS-HIDE,1285,23,case57
True,23,-0.04,False,20,20,False,0,False,0.44956412252812766,0.3258878837500931,0.5597206554522617,279.4308312353678,324.31577736570034,0.0,MS-HIDE,1286,23,case57
True,23,0.04,False,20,20,False,0,False,0.44414834470046266,0.3306250796746935,0.51195324848383,273.93510635301936,320.06227680831216,0.0,MS-HIDE,1287,23,case57
True,23,0.04,False,20,20,False,0,False,0.4381185716749459,0.33294817029333146,0.560892153044065,280.40983749669977,332.51721038832335,0.0,MS-HIDE,1288,23,case57
True,23,0.04,False,20,20,False,1,False,0.40046954345029173,0.1751685893464199,0.5250646785210307,267.06944780016784,310.45529576076666,0.0,MS-HIDE,1289,23,case57
True,23,-0.04,False,20,20,False,0,False,0.49140218724955254,0.3099863826299621,0.5101894692666666,271.81855828966945,336.66376216860954,0.0,MS-HIDE,1290,23,case57
True,23,-0.04,False,20,20,False,0,False,0.43536642495545547,0.33345933281570034,0.5093083665457363,272.25141875387635,324.82301877171267,0.0,MS-HIDE,1291,23,case57
True,23,0.04,False,20,20,False,0,False,0.4474717634579553,0.32623037519168413,0.5449961245292404,273.66781249584164,327.07128715701407,0.0,MS-HIDE,1292,23,case57
True,23,-0.04,False,20,20,False,0,False,0.4794748559608053,0.267807794202914,0.516586661247999,281.8957293056883,339.2749496997567,0.0,MS-HIDE,1293,23,case57
True,23,0.04,False,20,20,False,0,False,0.4568268593968095,0.32172804936777255,0.5613227266936025,279.7357416478917,335.4580937739229,0.0,MS-HIDE,1294,23,case57
True,23,-0.04,False,20,20,False,0,False,0.4141733240713576,0.34035002137514053,0.5042839365650958,273.90843949397095,337.690931247198,0.0,MS-HIDE,1295,23,case57
True,23,-0.04,False,20,20,False,0,False,0.4409219529884774,0.32999221341785234,0.5154301341083896,290.8966417046031,379.19555380358366,0.0,MS-HIDE,1296,23,case57
True,23,0.04,False,20,20,False,0,False,0.4457669371281387,0.3276917716999344,0.5138176496588718,278.80973545252346,332.9649979044916,0.0,MS-HIDE,1297,23,case57
True,23,0.04,False,20,20,False,0,False,0.4538340554983488,0.3262605736747895,0.5493581690076316,272.50589380273595,326.1865020933328,0.0,MS-HIDE,1298,23,case57
True,23,-0.04,False,20,20,False,0,False,0.4476866762585103,0.33474314775495545,0.4980803702259832,265.46292504062876,316.8266597233014,0.0,MS-HIDE,1299,23,case57
True,25,0.04,True,2,2,False,25,True,0.1714416009440448,0.004370158070916741,0.44852449625163116,275.40571450372227,329.24902465892956,0.0,MS-HIDE,1300,25,case57
True,25,-0.04,True,3,3,False,25,True,0.1714416009440448,0.004338905193112325,0.5018171502620546,282.94617311039474,341.1228077369742,0.0,MS-HIDE,1301,25,case57
True,25,0.04,True,2,2,False,26,False,0.1714416009440448,0.004353945539454355,0.4917834765980082,274.77317079610657,337.8031597851077,0.0,MS-HIDE,1302,25,case57
True,25,0.04,True,2,2,False,25,True,0.1714416009440448,0.004424763065037971,0.4852230056780634,279.162416793406,320.89157707814593,0.0,MS-HIDE,1303,25,case57
True,25,-0.04,True,2,2,False,25,True,0.17144160094404481,0.004180826446255764,0.4538760571957292,289.0789561002748,342.9803440492833,0.0,MS-HIDE,1304,25,case57
True,25,-0.04,True,1,1,False,25,True,0.17144160094404481,0.004198931823619496,0.4760750002224386,286.05504779843614,347.15314193163067,0.0,MS-HIDE,1305,25,case57
True,25,-0.04,True,1,1,False,26,False,0.1714416009440448,0.004182823738059951,0.49319272494435484,283.15519989992026,336.9010919763241,0.0,MS-HIDE,1306,25,case57
True,25,0.04,True,3,3,False,26,False,0.1714416009440448,0.004173102522873047,0.49255614125509667,286.98854995600414,365.62221876520204,0.0,MS-HIDE,1307,25,case57
True,25,0.04,True,3,3,False,25,True,0.1714416009440448,0.0043349512040677,0.47946945636336724,280.29099795385264,336.3989777077223,0.0,MS-HIDE,1308,25,case57
True,25,-0.04,True,2,2,False,25,True,0.1714416009440448,0.0043337191996722655,0.5054462942999604,275.61584164504893,319.54799162922427,0.0,MS-HIDE,1309,25,case57
True,25,0.04,True,2,2,False,25,True,0.17144160094404481,0.004383386120305129,0.4618584121702916,278.6538792483043,340.74376457720064,0.0,MS-HIDE,1310,25,case57
True,25,0.04,True,2,2,False,26,False,0.1714416009440448,0.004355327062808592,0.49186078157039537,281.4770478551509,331.56298090470955,0.0,MS-HIDE,1311,25,case57
True,25,0.04,True,3,3,False,26,False,0.1714416009440448,0.004211914382941765,0.4764356533347169,286.97133739769924,341.2538788485108,0.0,MS-HIDE,1312,25,case57
True,25,0.04,True,2,2,False,26,False,0.1714416009440448,0.0042819940860160275,0.5081248708485738,273.60267919430044,321.70985028496943,0.0,MS-HIDE,1313,25,case57
True,25,0.04,True,1,1,False,25,True,0.1714416009440448,0.004382624331940347,0.491457948333836,294.4550893997075,357.9916434013285,0.0,MS-HIDE,1314,25,case57
True,25,0.04,True,1,1,False,26,False,0.1714416009440448,0.004334467195982404,0.4828948165524689,282.8388061549049,334.5271312515252,0.0,MS-HIDE,1315,25,case57
True,25,0.04,True,1,1,False,26,False,0.1714416009440448,0.004220436416915066,0.4735209095098977,285.72512500104494,348.06832021567976,0.0,MS-HIDE,1316,25,case57
True,25,-0.04,True,2,2,False,25,True,0.1714416009440448,0.004319773880188319,0.5084439865149797,281.18108750495594,327.46986189158633,0.0,MS-HIDE,1317,25,case57
True,25,0.04,True,4,4,False,25,True,0.17144160094404481,0.004181920349505686,0.44693927025910596,281.07267715386115,327.7250014914898,0.0,MS-HIDE,1318,25,case57
True,25,0.04,True,2,2,False,26,False,0.1714416009440448,0.004211115980405826,0.47600156202210747,285.5378520966042,330.65817502210854,0.0,MS-HIDE,1319,25,case57
True,25,0.04,True,1,1,False,26,False,0.1714416009485021,0.0041799214158395916,0.48138998424407176,286.1764976463746,349.65279760654084,0.0,MS-HIDE,1320,25,case57
True,25,-0.04,True,3,3,False,25,True,0.1714416009440448,0.0041706773471256306,0.48735051440635657,279.20918119489215,327.6366020378191,0.0,MS-HIDE,1321,25,case57
True,25,0.04,True,1,1,False,25,True,0.1714416009440448,0.0042166936801552425,0.4588951630909778,277.6932104083244,352.97455174149945,0.0,MS-HIDE,1322,25,case57
True,25,0.04,True,3,3,False,25,True,0.1714416009440448,0.004374505037276147,0.4714065544452371,283.803568847361,375.2484455239028,0.0,MS-HIDE,1323,25,case57
True,25,-0.04,True,1,1,False,25,True,0.1714416009440448,0.004284363642465488,0.4383343610268839,279.6875687025022,322.33941667946056,0.0,MS-HIDE,1324,25,case57
True,25,0.04,True,1,1,False,25,True,0.1714416009440448,0.004329792436692775,0.5009524425056359,277.1850332588656,322.5064166588709,0.0,MS-HIDE,1325,25,case57
True,25,0.04,True,1,1,False,25,True,0.17144160094643898,0.004183277682357641,0.4705622639710988,283.8811894529499,337.71140802127775,0.0,MS-HIDE,1326,25,case57
True,25,-0.04,True,4,4,False,25,True,0.17144160094404481,0.004179619522294463,0.4904797948823071,286.9989978033118,355.41749200783676,0.0,MS-HIDE,1327,25,case57
True,25,0.04,True,2,2,False,26,False,0.1714416009440448,0.004223761569799409,0.46760575075850647,273.93204784893896,325.4906869056868,0.0,MS-HIDE,1328,25,case57
True,25,-0.04,True,3,3,False,25,True,0.1714416009440448,0.004364943557177915,0.48469600247883216,284.6963750489522,345.0883833458647,0.0,MS-HIDE,1329,25,case57
True,25,0.04,True,1,1,False,25,True,0.1714416009440448,0.0043266390103572396,0.47737489139589223,276.3879208039725,337.69767913909163,0.0,MS-HIDE,1330,25,case57
True,25,-0.04,True,1,1,False,25,True,0.1714416009440448,0.004180552109971949,0.4710791318672113,279.70653129159473,322.8625618474325,0.0,MS-HIDE,1331,25,case57
True,25,-0.04,True,1,1,False,26,False,0.1714416009440448,0.004210340708569781,0.4881068138887604,267.2221125540091,337.19558959128335,0.0,MS-HIDE,1332,25,case57
True,25,0.04,True,1,1,False,26,False,0.1714416009440448,0.004395040279555079,0.4942356128609473,275.15851465577725,325.3213065851014,0.0,MS-HIDE,1333,25,case57
True,25,-0.04,True,1,1,False,25,True,0.17144160094534738,0.004170171175295786,0.4605659237201291,283.902439661324,334.10988750110846,0.0,MS-HIDE,1334,25,case57
True,25,0.04,True,2,2,False,25,True,0.17144160094834504,0.004171008672659829,0.4541608070185551,286.04383754136506,344.708189603989,0.0,MS-HIDE,1335,25,case57
True,25,-0.04,True,2,2,False,25,True,0.1714416009440448,0.0042814467864446355,0.4613797890826857,284.7393936943263,325.93360864848364,0.0,MS-HIDE,1336,25,case57
True,25,0.04,True,3,3,False,25,True,0.1714416009440448,0.0043376987313007995,0.4707501552188145,284.4514833006542,327.9492961533834,0.0,MS-HIDE,1337,25,case57
True,25,-0.04,True,2,2,False,25,True,0.1714416009440448,0.004210339841439228,0.5148794212661726,276.0209375497652,334.0654788393295,0.0,MS-HIDE,1338,25,case57
True,25,-0.04,True,1,1,False,26,False,0.17144160094437963,0.004177803698190558,0.46596354771883824,277.5334146426758,320.99657114886213,0.0,MS-HIDE,1339,25,case57
True,25,-0.04,True,1,1,False,26,False,0.1714416009440448,0.0043701612147991065,0.5095867791736073,271.85105629614554,335.956764878938,0.0,MS-HIDE,1340,25,case57
True,25,-0.04,True,3,3,False,25,True,0.17144160094404481,0.0041721302265811935,0.4785669189469945,286.0290269978577,330.39944788324647,0.0,MS-HIDE,1341,25,case57
True,25,-0.04,True,2,2,False,25,True,0.1714416009440448,0.004281263087209509,0.45717192683140806,285.341166582657,328.8428083091276,0.0,MS-HIDE,1342,25,case57
True,25,-0.04,True,2,2,False,25,True,0.1714416009440448,0.004216091789002766,0.48638036583185407,298.6684958974365,372.15444792236667,0.0,MS-HIDE,1343,25,case57
True,25,-0.04,True,4,4,False,26,False,0.1714416009440448,0.004342076097379122,0.4920026809629541,279.24480216461234,328.67208816169295,0.0,MS-HIDE,1344,25,case57
True,25,-0.04,True,1,1,False,25,True,0.1714416009440448,0.004199018261548557,0.4502048706829588,298.81062079803087,423.81759583659004,0.0,MS-HIDE,1345,25,case57
True,25,-0.04,True,1,1,False,26,False,0.1714416009440448,0.004170122836140863,0.48398494923240976,295.67876045475714,362.55747913673986,0.0,MS-HIDE,1346,25,case57
True,25,0.04,True,2,2,False,26,False,0.1714416009440448,0.004173666092819414,0.4940705246185333,279.84714160265867,319.1262378299143,0.0,MS-HIDE,1347,25,case57
True,25,-0.04,True,3,3,False,25,True,0.1714416009440448,0.004212538038993572,0.4647249445919217,277.5564082956407,330.2047521137865,0.0,MS-HIDE,1348,25,case57
True,25,-0.04,True,3,3,False,25,True,0.1714416009440448,0.004325032705956956,0.48871692392930555,290.6725458422443,341.14202704222413,0.0,MS-HIDE,1349,25,case57
True,25,-0.04,True,1,1,False,25,True,0.1714416009440448,0.004284751351851077,0.48881867438971227,283.2273707987042,350.33663748181425,0.0,MS-HIDE,1350,25,case57
True,25,0.04,True,2,2,False,25,True,0.1714416009440448,0.004199097228676493,0.4898199985385908,276.2329918477917,328.50330348301213,0.0,MS-HIDE,1351,25,case57
True,25,0.04,True,3,3,False,26,False,0.1714416009440448,0.004210578759511978,0.46929736684530715,273.6260645557195,349.95255625690334,0.0,MS-HIDE,1352,25,case57
True,25,0.04,True,1,1,False,25,True,0.1714416009440448,0.004219832656045399,0.4735814687904602,285.89824169757776,332.2214944084408,0.0,MS-HIDE,1353,25,case57
True,25,0.04,True,3,3,False,26,False,0.1714416009440448,0.0043426607745543876,0.5397174488920073,275.39077720430214,341.142077112454,0.0,MS-HIDE,1354,25,case57
True,25,-0.04,True,3,3,False,25,True,0.1714416009440448,0.004182899300473541,0.4958492677447593,276.58797084295657,327.0924776472384,0.0,MS-HIDE,1355,25,case57
True,25,0.04,True,1,1,False,26,False,0.1714416009440448,0.004375080945624373,0.4827798610374162,267.312047953601,301.7759877751814,0.0,MS-HIDE,1356,25,case57
True,25,0.04,True,1,1,False,26,False,0.1714416009440448,0.004170801683395776,0.48347103912462175,270.01462711195927,342.6161329756724,0.0,MS-HIDE,1357,25,case57
True,25,-0.04,True,2,2,False,25,True,0.1714416009440448,0.00417011981107137,0.4394818855013929,278.27489590563346,339.2839827283751,0.0,MS-HIDE,1358,25,case57
True,25,0.04,True,2,2,False,26,False,0.1714416009440448,0.004281288716667324,0.46701383835872184,278.4300290601095,332.5324104313041,0.0,MS-HIDE,1359,25,case57
True,25,0.04,True,1,1,False,25,True,0.1714416009440448,0.004212062145694549,0.48550651064861083,281.43162700289395,332.39412945404183,0.0,MS-HIDE,1360,25,case57
True,25,0.04,True,3,3,False,26,False,0.1714416009440448,0.004199146247390069,0.4803070110759245,280.08810804458335,345.66035207535606,0.0,MS-HIDE,1361,25,case57
True,25,-0.04,True,1,1,False,25,True,0.17144160094404481,0.004202912982765819,0.46536599495814673,283.4969292045571,334.29553782916634,0.0,MS-HIDE,1362,25,case57
True,25,0.04,True,3,3,False,25,True,0.1714416009440448,0.004198880765913664,0.4626987323899711,286.1816187010845,349.7909017634811,0.0,MS-HIDE,1363,25,case57
True,25,-0.04,True,2,2,False,26,False,0.1714416009440448,0.0042894241051648395,0.4965717306818608,282.5949582911562,335.9556478797458,0.0,MS-HIDE,1364,25,case57
True,25,0.04,True,1,1,False,26,False,0.1714416009440448,0.004328966636728352,0.4670833534915576,278.0578834033804,318.05899373430293,0.0,MS-HIDE,1365,25,case57
True,25,0.04,True,1,1,False,26,False,0.17144160094440059,0.004170767972251405,0.4458808088619348,281.36519800464157,324.6335458330578,0.0,MS-HIDE,1366,25,case57
True,25,0.04,True,1,1,False,25,True,0.1714416009440448,0.004365746605989792,0.4771752795959408,282.00631864601746,339.6100517420564,0.0,MS-HIDE,1367,25,case57
True,25,-0.04,True,2,2,False,25,True,0.17144160094404481,0.004332276047278012,0.4776649599397102,278.83347295282874,349.432722653728,0.0,MS-HIDE,1368,25,case57
True,25,0.04,True,3,3,False,25,True,0.17144160094791325,0.004233525856230634,0.4867133547596852,276.69730409106705,339.53849375539,0.0,MS-HIDE,1369,25,case57
True,25,-0.04,True,1,1,False,26,False,0.1714416009440448,0.004181205825957343,0.4831643491121827,287.46529160125647,345.23869549448136,0.0,MS-HIDE,1370,25,case57
True,25,0.04,True,3,3,False,26,False,0.17144160094404481,0.004173665646137122,0.47624421360081587,280.0193686998682,370.6799839739688,0.0,MS-HIDE,1371,25,case57
True,25,-0.04,True,1,1,False,25,True,0.1714416009440448,0.004181191137604911,0.4410964640558936,276.1422291514464,343.5903419798706,0.0,MS-HIDE,1372,25,case57
True,25,-0.04,True,3,3,False,25,True,0.17144160094404481,0.004398464514256236,0.48647519623645935,285.5961624067277,359.95371489843825,0.0,MS-HIDE,1373,25,case57
True,25,0.04,True,2,2,False,26,False,0.17144160094566582,0.004170137439916342,0.4749858997782376,289.1556687478442,354.6626972995,0.0,MS-HIDE,1374,25,case57
True,25,0.04,True,2,2,False,26,False,0.1714416009440448,0.004172841553578219,0.4812470309109049,290.8280456904322,387.27212118101306,0.0,MS-HIDE,1375,25,case57
True,25,0.04,True,1,1,False,26,False,0.17144160094404837,0.004170829018509484,0.49846046420263956,284.4966603530338,344.7731794061838,0.0,MS-HIDE,1376,25,case57
True,25,0.04,True,3,3,False,26,False,0.1714416009440448,0.004180543716279298,0.4922164029340007,263.00415834994055,304.48472287971526,0.0,MS-HIDE,1377,25,case57
True,25,0.04,True,2,2,False,25,True,0.1714416009440448,0.00433462369202937,0.47012691262117656,286.0997646988835,349.2722517810762,0.0,MS-HIDE,1378,25,case57
True,25,-0.04,True,1,1,False,25,True,0.1714416009440448,0.004211169225131398,0.4527072076062077,273.5183521028375,343.32498716248665,0.0,MS-HIDE,1379,25,case57
True,25,0.04,True,1,1,False,26,False,0.1714416009440448,0.004180843008593795,0.4836130475409722,290.1935125963064,338.662741711596,0.0,MS-HIDE,1380,25,case57
True,25,-0.04,True,2,2,False,26,False,0.1714416009440448,0.0042931692118060106,0.48428138826377903,270.9637917985674,316.63137053838005,0.0,MS-HIDE,1381,25,case57
True,25,-0.04,True,2,2,False,26,False,0.17144160094404481,0.004382444194122288,0.4725621996024393,277.79611264704727,318.3581774181221,0.0,MS-HIDE,1382,25,case57
True,25,-0.04,True,3,3,False,26,False,0.1714416009440448,0.004220647983053486,0.4605633815628981,277.45149784896057,334.39667711500084,0.0,MS-HIDE,1383,25,case57
True,25,0.04,True,2,2,False,25,True,0.1714416009440448,0.004200923642470462,0.49700315941812107,279.7505814960459,332.70992735924665,0.0,MS-HIDE,1384,25,case57
True,25,-0.04,True,1,1,False,26,False,0.17144160094404481,0.004186502451874626,0.5027981308985772,275.82641660119407,326.6716160433134,0.0,MS-HIDE,1385,25,case57
True,25,-0.04,True,1,1,False,26,False,0.1714416009440448,0.00418501789777297,0.4592467180741497,282.6633418502752,325.0525934767211,0.0,MS-HIDE,1386,25,case57
True,25,-0.04,True,1,1,False,25,True,0.1714416009440448,0.00421310520219768,0.4703878298989873,287.48779160086997,347.99739586014766,0.0,MS-HIDE,1387,25,case57
True,25,0.04,True,3,3,False,25,True,0.1714416009440448,0.0042812674496489475,0.4854804785558398,279.9612688453635,355.20021492266096,0.0,MS-HIDE,1388,25,case57
True,25,-0.04,True,3,3,False,26,False,0.1714416009440448,0.004173159251478342,0.49811166008840885,279.32856255210936,333.63083545991685,0.0,MS-HIDE,1389,25,case57
True,25,-0.04,True,1,1,False,25,True,0.1714416009440448,0.004182558066532297,0.5023040874683815,278.8745313009713,317.7891610277584,0.0,MS-HIDE,1390,25,case57
True,25,-0.04,True,2,2,False,25,True,0.1714416009501223,0.00417031973669051,0.46637852721897943,273.14873559516855,344.59520000091294,0.0,MS-HIDE,1391,25,case57
True,25,-0.04,True,2,2,False,26,False,0.1714416009440448,0.004225402303871826,0.46969619111334526,270.42960010585375,312.27221459848806,0.0,MS-HIDE,1392,25,case57
True,25,-0.04,True,1,1,False,26,False,0.17144160094404481,0.004177793651839797,0.4815716076768641,285.67413940036204,367.3297791421646,0.0,MS-HIDE,1393,25,case57
True,25,-0.04,True,2,2,False,25,True,0.1714416009440448,0.004340967724355533,0.492800171077618,275.8688125439221,318.75428334460594,0.0,MS-HIDE,1394,25,case57
True,25,0.04,True,1,1,False,26,False,0.1714416009440448,0.004178311239855842,0.504700267991273,278.5479667043546,327.0367999910377,0.0,MS-HIDE,1395,25,case57
True,25,-0.04,True,1,1,False,25,True,0.1714416009440448,0.004180775930378853,0.47211906388684216,280.48894594830927,341.19427084806375,0.0,MS-HIDE,1396,25,case57
True,25,-0.04,True,2,2,False,25,True,0.1714416009442631,0.004173064488828594,0.47807581472726246,285.1118792052148,356.63320689927787,0.0,MS-HIDE,1397,25,case57
True,25,0.04,True,1,1,False,25,True,0.1714416009440448,0.004366369307873589,0.5079139128405623,285.85859379090834,351.2226996768732,0.0,MS-HIDE,1398,25,case57
True,25,-0.04,True,3,3,False,25,True,0.1714416009440448,0.004213314234951525,0.489961251587695,281.7528228944866,333.91867950267624,0.0,MS-HIDE,1399,25,case57
True,32,0.04,False,20,20,False,0,False,0.4734388008453292,0.3159367794111606,0.5232271323907699,283.3512394921854,337.6787767978385,0.0,MS-HIDE,1400,32,case57
True,32,-0.04,False,20,20,False,0,False,0.436403812291955,0.3220477990931354,0.6011922944789254,277.03629365423694,328.71222325775307,0.0,MS-HIDE,1401,32,case57
True,32,0.04,False,20,20,False,0,False,0.4360094338143433,0.333827187974438,0.5142865026433918,277.14132295222953,320.8618961158209,0.0,MS-HIDE,1402,32,case57
True,32,0.04,False,20,20,False,0,False,0.4478104041084082,0.3323142681409418,0.5415226762438418,274.380054147332,325.86332325299736,0.0,MS-HIDE,1403,32,case57
True,32,-0.04,False,20,20,False,0,False,0.43546182756865404,0.33161616486310536,0.5496504176375282,283.37848533992656,347.05172020185273,0.0,MS-HIDE,1404,32,case57
True,32,0.04,False,20,20,False,0,False,0.46720838760333994,0.3191094630837714,0.5149802159594985,275.30693324806634,325.03088950761594,0.0,MS-HIDE,1405,32,case57
True,32,0.04,False,20,20,False,0,False,0.45798016658987867,0.31156217362099825,0.5275573751909977,284.96131045685615,350.04501250223257,0.0,MS-HIDE,1406,32,case57
True,32,0.04,False,20,20,False,0,False,0.4431165480266347,0.33026663304066056,0.5336722997135273,270.62974994187243,326.7987440427533,0.0,MS-HIDE,1407,32,case57
True,32,0.04,False,20,20,False,0,False,0.4457929727666988,0.3260416914437282,0.5609957946452466,273.18073115311563,333.70394855737686,0.0,MS-HIDE,1408,32,case57
True,32,0.04,False,20,20,False,0,False,0.4729806345356481,0.31859930424110255,0.5284696500769326,267.06440205161925,319.17859789391514,0.0,MS-HIDE,1409,32,case57
True,32,-0.04,False,20,20,False,0,False,0.458450824481446,0.3263017807914468,0.5614231394789512,271.0863123938907,307.8716555639403,0.0,MS-HIDE,1410,32,case57
True,32,-0.04,False,20,20,False,0,False,0.4880498392601084,0.317723794839008,0.48143237417290574,273.93244574486744,315.1460208755452,0.0,MS-HIDE,1411,32,case57
True,32,0.04,False,20,20,False,0,False,0.48778143441046906,0.310255888526596,0.5020825071335605,278.09436660900246,336.6576586733572,0.0,MS-HIDE,1412,32,case57
True,32,-0.04,False,20,20,False,0,False,0.4363356976166394,0.3340839737687371,0.5530770297862067,271.05243949336,317.258012140519,0.0,MS-HIDE,1413,32,case57
True,32,0.04,False,20,20,False,0,False,0.42095122855953393,0.3315625824620649,0.581470312705951,272.10818950552493,341.6207743837731,0.0,MS-HIDE,1414,32,case57
True,32,-0.04,True,6,6,False,0,False,0.4677866202087951,0.319617205296486,0.5212945962168121,268.50364785059355,334.3862875131891,0.0,MS-HIDE,1415,32,case57
True,32,0.04,False,20,20,False,0,False,0.44170535761919216,0.3271502552680425,0.528824275709109,279.0029146010056,314.7429850912886,0.0,MS-HIDE,1416,32,case57
True,32,-0.04,True,13,13,False,0,False,0.47366888256902157,0.3143584152673399,0.5360064738130585,285.7328791404143,367.26763510960154,0.0,MS-HIDE,1417,32,case57
True,32,-0.04,False,20,20,False,0,False,0.46582115095263216,0.32091682214769857,0.531145094035677,271.4615146513097,329.96956425777176,0.0,MS-HIDE,1418,32,case57
True,32,-0.04,False,20,20,False,0,False,0.401712397059408,0.3430179777802211,0.5237256548657242,262.6116624538554,310.40908480936196,0.0,MS-HIDE,1419,32,case57
True,32,-0.04,False,20,20,False,0,False,0.4291941496596369,0.3355102863617252,0.5807066524918582,278.19342289003544,351.819510088535,0.0,MS-HIDE,1420,32,case57
True,32,0.04,False,20,20,False,0,False,0.42830895902220156,0.33507526812302457,0.5146231106828576,283.00274374487344,354.0013309306232,0.0,MS-HIDE,1421,32,case57
True,32,-0.04,False,20,20,False,0,False,0.4215489550095248,0.33790274327386277,0.49939249316792333,281.80532285477966,337.92744761449285,0.0,MS-HIDE,1422,32,case57
True,32,0.04,False,20,20,False,0,False,0.44287976459034895,0.3256284618034981,0.5567058090890964,273.9767372957431,335.377398217679,0.0,MS-HIDE,1423,32,case57
True,32,0.04,False,20,20,False,0,False,0.4289952600443493,0.3335318617396994,0.5467082008192261,278.0240269989008,329.7563229018124,0.0,MS-HIDE,1424,32,case57
True,32,0.04,False,20,20,False,0,False,0.46747670892554744,0.3189625791302385,0.5148109233690199,278.26239380519837,331.0274798073806,0.0,MS-HIDE,1425,32,case57
True,32,0.04,False,20,20,False,0,False,0.44170492270634487,0.3317637338735685,0.5164026585962873,278.08408970886376,339.59644378337543,0.0,MS-HIDE,1426,32,case57
True,32,0.04,False,20,20,False,0,False,0.45058561477566195,0.3302243169807572,0.4984379997160273,281.8857354490319,321.61687295883894,0.0,MS-HIDE,1427,32,case57
True,32,-0.04,False,20,20,False,0,False,0.48507265303610647,0.25653080993856137,0.538377529429198,281.0360606526956,326.64086733711883,0.0,MS-HIDE,1428,32,case57
True,32,0.04,False,20,20,False,0,False,0.43876719814876414,0.33797572827773725,0.5284766671334877,269.2114831908839,321.51291664049495,0.0,MS-HIDE,1429,32,case57
True,32,-0.04,False,20,20,False,0,False,0.5147013707334681,0.28907028527502443,0.5675944550270854,277.9657146980753,340.39550836896524,0.0,MS-HIDE,1430,32,case57
True,32,-0.04,False,20,20,False,0,False,0.43739975134159625,0.3365583768535938,0.5471815940445729,276.3158437504899,335.5959708831506,0.0,MS-HIDE,1431,32,case57
True,32,-0.04,False,20,20,False,0,False,0.44126364948084223,0.33008957020650653,0.5373332662158977,279.09569994953927,341.48375655931886,0.0,MS-HIDE,1432,32,case57
True,32,-0.04,True,15,15,False,0,False,0.4444713172238653,0.31977271313230055,0.5897618789727439,272.97864391002804,323.6633672961034,0.0,MS-HIDE,1433,32,case57
True,32,-0.04,False,20,20,False,0,False,0.4852638128570366,0.32070591882435034,0.5033068687992535,276.1401377589209,326.95791458536405,0.0,MS-HIDE,1434,32,case57
True,32,0.04,True,0,0,False,0,False,0.42516397037131437,0.33404751852499903,0.5656182142834629,272.34744999732357,335.7865082536591,0.0,MS-HIDE,1435,32,case57
True,32,0.04,False,20,20,False,0,False,0.48647633922707834,0.29908407581995555,0.5161615444034049,271.645316699869,318.25726037786814,0.0,MS-HIDE,1436,32,case57
True,32,0.04,False,20,20,False,0,False,0.42029433420308293,0.3353672156776586,0.5906283685635814,271.0946603998309,316.05279171490116,0.0,MS-HIDE,1437,32,case57
True,32,0.04,False,20,20,False,0,False,0.46753281211942066,0.31713832489490273,0.5606675782132882,284.99401448934805,362.1632660506293,0.0,MS-HIDE,1438,32,case57
True,32,-0.04,False,20,20,False,0,False,0.4394022184901679,0.3289036661702286,0.5276562705665698,273.6786458553979,325.65760591241997,0.0,MS-HIDE,1439,32,case57
True,32,0.04,False,20,20,False,0,False,0.46077119684920564,0.32376882832618503,0.5638094073753059,277.4391625454882,327.8809267183533,0.0,MS-HIDE,1440,32,case57
True,32,-0.04,False,20,20,False,0,False,0.4610731844464874,0.3184985406136747,0.5526760017771635,273.18225629860535,326.7718597460771,0.0,MS-HIDE,1441,32,case57
True,32,0.04,False,20,20,False,0,False,0.4937075591702491,0.29865001503087224,0.48100357060273563,272.9692353372229,327.0268079766538,0.0,MS-HIDE,1442,32,case57
True,32,0.04,False,20,20,False,0,False,0.44450636288262646,0.3334397241997308,0.5405838499040229,283.1064105470432,351.2970521056559,0.0,MS-HIDE,1443,32,case57
True,32,0.04,False,20,20,False,0,False,0.43210496389733916,0.3396571156843158,0.5008306690778865,272.8915062500164,311.87766189395916,0.0,MS-HIDE,1444,32,case57
True,32,-0.04,False,20,20,False,0,False,0.44378276488569596,0.32835009507559354,0.5124861215125474,276.2308604462305,368.37064584251493,0.0,MS-HIDE,1445,32,case57
True,32,0.04,False,20,20,False,0,False,0.42035189862369066,0.336354611036078,0.5311540629459328,269.4710811949335,314.87831186677795,0.0,MS-HIDE,1446,32,case57
True,32,-0.04,False,20,20,False,0,False,0.49881388063215215,0.23865106672190645,0.529767169199588,277.0479436527239,325.759768410353,0.0,MS-HIDE,1447,32,case57
True,32,-0.04,False,20,20,False,0,False,0.43580881702943,0.3312863068324936,0.5109751350376753,279.78888124926016,356.2528541748179,0.0,MS-HIDE,1448,32,case57
True,32,-0.04,False,20,20,False,0,False,0.4604574747106492,0.32125127687835714,0.5536380429396034,278.75992695626337,338.80012441077275,0.0,MS-HIDE,1449,32,case57
True,32,0.04,False,20,20,False,0,False,0.49712870085841787,0.2975854424154827,0.51675488766448,286.14714994619135,343.76656660751917,0.0,MS-HIDE,1450,32,case57
True,32,-0.04,False,20,20,False,0,False,0.49316798556736363,0.30659402424513454,0.4914537583975621,280.284856306389,315.77453718637116,0.0,MS-HIDE,1451,32,case57
True,32,0.04,False,20,20,False,7,False,0.2582468932413645,0.08892344328045945,0.5222402509225028,279.3837688455824,333.46560238860553,0.0,MS-HIDE,1452,32,case57
True,32,0.04,False,20,20,False,0,False,0.4692216834468756,0.3264055699559189,0.5206784565391692,279.3925124045927,354.0338732389501,0.0,MS-HIDE,1453,32,case57
True,32,-0.04,False,20,20,False,0,False,0.4391756636282083,0.32787590095054897,0.5562139919811042,276.8480333063053,319.1906021296745,0.0,MS-HIDE,1454,32,case57
True,32,0.04,False,20,20,False,0,False,0.4852812420216832,0.3152273485994963,0.5218000092657556,272.6844271935988,319.6692482015351,0.0,MS-HIDE,1455,32,case57
True,32,0.04,False,20,20,False,0,False,0.42770618367251756,0.33208208004192186,0.5380328125563314,285.26937088463455,347.99252290686127,0.0,MS-HIDE,1456,32,case57
True,32,-0.04,False,20,20,False,0,False,0.4508314855056322,0.3423746448249043,0.5200130671601383,284.4208395021269,338.263249382726,0.0,MS-HIDE,1457,32,case57
True,32,-0.04,False,20,20,False,0,False,0.42078161442185635,0.33715071759306514,0.5323832514115571,275.44071465090383,320.48033720930107,0.0,MS-HIDE,1458,32,case57
True,32,-0.04,False,20,20,False,0,False,0.4802040825857967,0.3105724407753223,0.5154659496230068,287.3076667485293,337.7258211694425,0.0,MS-HIDE,1459,32,case57
True,32,0.04,False,20,20,False,0,False,0.4795763144112076,0.3103931629797386,0.5333060668143588,277.37674585951027,334.2612163804006,0.0,MS-HIDE,1460,32,case57
True,32,0.04,True,9,9,False,0,False,0.43742375409160855,0.33558507132365833,0.5255775081876075,280.7439292082563,333.0454340291908,0.0,MS-HIDE,1461,32,case57
True,32,-0.04,False,20,20,False,0,False,0.4361417838423601,0.32952205525144307,0.5362318441509296,280.43485415691976,339.2879124963656,0.0,MS-HIDE,1462,32,case57
True,32,0.04,False,20,20,False,0,False,0.440727320802643,0.329477502273344,0.5182945215884383,273.0455812474247,338.99752468278166,0.0,MS-HIDE,1463,32,case57
True,32,-0.04,False,20,20,False,0,False,0.4160381122903094,0.3385058276001133,0.5014316734924167,285.15625009604264,331.56969999254216,0.0,MS-HIDE,1464,32,case57
True,32,0.04,False,20,20,False,0,False,0.4566080673906316,0.3144255985939208,0.5134685594001662,271.1882208008319,317.55178750026977,0.0,MS-HIDE,1465,32,case57
True,32,-0.04,False,20,20,False,0,False,0.43187275239670386,0.3336197656701017,0.5484630850527863,273.91318960289937,330.98342679149937,0.0,MS-HIDE,1466,32,case57
True,32,-0.04,False,20,20,False,0,False,0.45841476510394,0.3236853013084896,0.5045201401767124,276.14415005082265,325.95391215290874,0.0,MS-HIDE,1467,32,case57
True,32,-0.04,False,20,20,False,0,False,0.4809662321770509,0.3038781459588579,0.5471664532608895,272.41166239546146,335.36661069956614,0.0,MS-HIDE,1468,32,case57
True,32,-0.04,False,20,20,False,0,False,0.4934312364556462,0.30206973578859725,0.5185675889872496,279.0126625041012,335.6442943739239,0.0,MS-HIDE,1469,32,case57
True,32,-0.04,False,20,20,False,0,False,0.44790481112660996,0.30102760387560173,0.5271368971430632,276.2766376050422,326.5754253254272,0.0,MS-HIDE,1470,32,case57
True,32,0.04,False,20,20,False,0,False,0.42658535759365107,0.33591732930375606,0.5087722060778052,277.561700050137,338.0463648965815,0.0,MS-HIDE,1471,32,case57
True,32,-0.04,False,20,20,False,0,False,0.43012989705263843,0.3316289235729956,0.5419275613901007,273.9800603972981,329.053566721268,0.0,MS-HIDE,1472,32,case57
True,32,-0.04,False,20,20,False,0,False,0.42420092461723247,0.3370619386563636,0.5368104628735542,277.90548955090344,335.3286538447719,0.0,MS-HIDE,1473,32,case57
True,32,0.04,False,20,20,False,0,False,0.439570629423035,0.33162690343384743,0.5018321791749819,270.90032295673154,320.2999523928156,0.0,MS-HIDE,1474,32,case57
True,32,0.04,True,2,2,False,0,False,0.4499252955849129,0.3242289333861473,0.5380265793698221,285.64396450528875,350.5847705120687,0.0,MS-HIDE,1475,32,case57
True,32,0.04,False,20,20,False,0,False,0.4168856089811239,0.3367655944891314,0.5727439257870796,279.79862075007986,332.8560145746451,0.0,MS-HIDE,1476,32,case57
True,32,-0.04,False,20,20,False,0,False,0.47267562378161726,0.3182889090663238,0.5561877043337209,289.2975084047066,347.27424797893036,0.0,MS-HIDE,1477,32,case57
True,32,0.04,False,20,20,False,0,False,0.5089726915974525,0.27473791431730155,0.517593312413051,282.37904580309987,345.4321589990286,0.0,MS-HIDE,1478,32,case57
True,32,0.04,False,20,20,False,0,False,0.4233177394646721,0.34006147765938605,0.5246323287210121,266.41165829787496,310.84756491181906,0.0,MS-HIDE,1479,32,case57
True,32,-0.04,False,20,20,False,0,False,0.480403589704626,0.3146753224275481,0.5752563370150078,279.70794374123216,330.3496940934565,0.0,MS-HIDE,1480,32,case57
True,32,-0.04,False,20,20,False,0,False,0.5208785406786083,0.3018890339840783,0.49536689229888314,272.26533344655763,319.2124027380487,0.0,MS-HIDE,1481,32,case57
True,32,-0.04,False,20,20,False,51,False,0.39395227521128606,0.12850161215995642,0.5114424754142474,278.94937089877203,321.98954377672646,0.0,MS-HIDE,1482,32,case57
True,32,0.04,False,20,20,False,0,False,0.441733196111605,0.3313102925663679,0.5202526682345012,282.7882271958515,351.88065626134636,0.0,MS-HIDE,1483,32,case57
True,32,-0.04,False,20,20,False,0,False,0.447281036074915,0.3320488250870138,0.5457139605217594,277.86692285735626,325.99194344365975,0.0,MS-HIDE,1484,32,case57
True,32,-0.04,False,20,20,False,0,False,0.4330755113241117,0.33294986722592756,0.5302798010455536,294.2589270998724,354.160358387162,0.0,MS-HIDE,1485,32,case57
True,32,-0.04,False,20,20,False,0,False,0.4407100065627648,0.3216852807113879,0.5826250792641753,272.91044590238016,319.3583711487009,0.0,MS-HIDE,1486,32,case57
True,32,-0.04,False,20,20,False,0,False,0.4870363539976608,0.3195425541245356,0.5164348237158003,276.0443895473145,321.8932059768122,0.0,MS-HIDE,1487,32,case57
True,32,-0.04,False,20,20,False,0,False,0.5102262599336858,0.29395528900845036,0.5439972064074577,286.0155624046456,348.51946011476684,0.0,MS-HIDE,1488,32,case57
True,32,0.04,False,20,20,False,0,False,0.4513813859731994,0.31656507297909847,0.5289882116183099,277.8417396475561,326.78402980673127,0.0,MS-HIDE,1489,32,case57
True,32,-0.04,False,20,20,False,0,False,0.4440662781379113,0.32869352782422656,0.5159020926010564,275.3855792019749,327.9279235837748,0.0,MS-HIDE,1490,32,case57
True,32,-0.04,False,20,20,False,0,False,0.47770811085947457,0.3196657127652569,0.503706133893794,271.83179380372167,320.6459524430102,0.0,MS-HIDE,1491,32,case57
True,32,0.04,False,20,20,False,0,False,0.42559258342991685,0.33530499412651327,0.5473231416231038,269.91093340329826,327.32703684596345,0.0,MS-HIDE,1492,32,case57
True,32,0.04,False,20,20,False,0,False,0.4933533309193875,0.3115513959033444,0.5315303089990544,283.0344041547505,331.50194376939913,0.0,MS-HIDE,1493,32,case57
True,32,0.04,False,20,20,False,0,False,0.4617373867881511,0.3231922642301186,0.524195803302905,277.46619379904587,339.53716451069346,0.0,MS-HIDE,1494,32,case57
True,32,-0.04,False,20,20,False,0,False,0.4132257888081379,0.33735043014939203,0.516247949091653,278.0771042453125,320.1971360540483,0.0,MS-HIDE,1495,32,case57
True,32,0.04,False,20,20,False,0,False,0.4204808855299588,0.34022987986861986,0.541506136588115,279.9883835017681,335.193489617086,0.0,MS-HIDE,1496,32,case57
True,32,-0.04,False,20,20,False,0,False,0.4907962515562148,0.30195942876769655,0.5119614346246083,285.50470834888984,368.2180999865523,0.0,MS-HIDE,1497,32,case57
True,32,-0.04,False,20,20,False,0,False,0.538214938782265,0.26329406750624057,0.500289621021132,275.5650102975778,355.6240101228468,0.0,MS-HIDE,1498,32,case57
True,32,-0.04,False,20,20,False,0,False,0.43879925196512515,0.3317775852079189,0.5656322573384792,278.40202488878276,326.87065798381815,0.0,MS-HIDE,1499,32,case57
True,35,0.04,True,1,1,False,35,True,3.8671808797186145e-10,0.0009331971387099028,0.31686216144960744,286.9268999522319,352.0767937763594,0.0,MS-HIDE,1500,35,case57
True,35,0.04,True,1,1,False,35,True,3.8671808797186145e-10,0.0009331971383574195,0.3323692031506644,278.27983520401176,332.9421979084145,0.0,MS-HIDE,1501,35,case57
True,35,-0.04,True,1,1,False,35,True,3.8671808797186145e-10,0.0009331971383203636,0.32034846538255446,282.6773208536906,335.949897574028,0.0,MS-HIDE,1502,35,case57
True,35,0.04,True,1,1,False,35,True,3.8671808797186145e-10,0.0009331971392617498,0.3170323101246516,275.2470936451573,333.88335146883037,0.0,MS-HIDE,1503,35,case57
True,35,-0.04,True,1,1,False,35,True,3.8671808797186145e-10,0.0009331971386629313,0.31663254584321787,283.96336450241506,351.7042583611328,0.0,MS-HIDE,1504,35,case57
True,35,0.04,True,1,1,False,35,True,3.8671808797186145e-10,0.000933197139266666,0.30864798025998713,288.24518960609566,332.7042232005624,0.0,MS-HIDE,1505,35,case57
True,35,0.04,True,1,1,False,35,True,3.8671808797186145e-10,0.0009331971383203636,0.32034846538255446,288.7844416545704,342.0751371362712,0.0,MS-HIDE,1506,35,case57
True,35,0.04,True,1,1,False,35,True,3.8671808797186145e-10,0.0009331971389559019,0.3218762259212333,285.6099582015304,334.17523753596475,0.0,MS-HIDE,1507,35,case57
True,35,0.04,True,1,1,False,35,True,3.8671808797186145e-10,0.0009331971383203636,0.32034846538255446,293.48122915253043,352.6005597901531,0.0,MS-HIDE,1508,35,case57
True,35,-0.04,True,1,1,False,35,True,3.8671808797186145e-10,0.0009331971384469021,0.3250802654836984,293.97852704278193,370.76557432010304,0.0,MS-HIDE,1509,35,case57
True,35,-0.04,True,1,1,False,35,True,3.8671808797186145e-10,0.0009331971381744593,0.33803917036183134,293.4319292049622,352.8115267807152,0.0,MS-HIDE,1510,35,case57
True,35,0.04,True,1,1,False,35,True,3.8671808797186145e-10,0.0009331971383203636,0.32034846538255446,285.3311687009409,355.31166044820566,0.0,MS-HIDE,1511,35,case57
True,35,-0.04,True,1,1,False,35,True,3.8671808797186145e-10,0.0009331971390620073,0.3180858099381715,287.00171239324845,346.15078963688575,0.0,MS-HIDE,1512,35,case57
True,35,0.04,True,1,1,False,35,True,3.8671808797186145e-10,0.0009331971381051253,0.3414037167715378,281.971908340347,344.21307465818245,0.0,MS-HIDE,1513,35,case57
True,35,0.04,True,1,1,False,35,True,3.8671808797186145e-10,0.0009331971386866051,0.3209191928477081,286.8396583449794,347.8417455597082,0.0,MS-HIDE,1514,35,case57
True,35,0.04,True,1,1,False,35,True,3.8671808797186145e-10,0.0009331971383170004,0.32937488185080116,279.2531041544862,322.55356872919947,0.0,MS-HIDE,1515,35,case57
True,35,0.04,True,1,1,False,35,True,3.8671808797186145e-10,0.0009331971383574195,0.3323692031506644,286.5167396492325,342.1365145739401,0.0,MS-HIDE,1516,35,case57
True,35,-0.04,True,1,1,False,35,True,3.8671808797186145e-10,0.000933197138336146,0.31816000091442853,288.5936916456558,338.6448023637059,0.0,MS-HIDE,1517,35,case57
True,35,0.04,True,1,1,False,35,True,3.8671808797186145e-10,0.000933197138922593,0.3208848508655094,292.6446165511152,336.06446908961516,0.0,MS-HIDE,1518,35,case57
True,35,0.04,True,1,1,False,35,True,3.8671808797186145e-10,0.0009331971388458354,0.3180446011737742,286.33551880484447,335.564187183627,0.0,MS-HIDE,1519,35,case57
True,35,-0.04,True,1,1,False,35,True,3.8671808797186145e-10,0.0009331971389559019,0.3218762259212333,273.3648165973136,327.7700934879249,0.0,MS-HIDE,1520,35,case57
True,35,-0.04,True,1,1,False,35,True,3.8671808797186145e-10,0.0009331971390952911,0.32020228410738183,286.1476875550579,336.1347006430151,0.0,MS-HIDE,1521,35,case57
True,35,0.04,True,1,1,False,35,True,3.8671808797186145e-10,0.0009331971381730586,0.33403389383966553,286.184189398773,338.17502019228414,0.0,MS-HIDE,1522,35,case57
True,35,-0.04,True,1,1,False,35,True,3.8671808797186145e-10,0.0009331971388458354,0.3180446011737742,292.6904354506405,361.67841841233894,0.0,MS-HIDE,1523,35,case57
True,35,-0.04,True,1,1,False,35,True,3.8671808797186145e-10,0.0009331971394586683,0.32535677381341643,300.89541229535826,374.54747081210377,0.0,MS-HIDE,1524,35,case57
True,35,0.04,True,1,1,False,35,True,3.8671808797186145e-10,0.0009331971383173638,0.3267461793608373,276.74403125129174,326.5337729390012,0.0,MS-HIDE,1525,35,case57
True,35,-0.04,True,1,1,False,35,True,3.8671808797186145e-10,0.0009331971381490936,0.34222672819212974,283.66784374811687,335.65592498052865,0.0,MS-HIDE,1526,35,case57
True,35,0.04,True,1,1,False,35,True,3.8671808797186145e-10,0.0009331971384469021,0.3250802654836984,277.8455792024033,336.9875309814234,0.0,MS-HIDE,1527,35,case57
True,35,0.04,True,1,1,False,35,True,3.8671808797186145e-10,0.0009331971381744593,0.33803917036183134,287.1461603528587,338.79147293337155,0.0,MS-HIDE,1528,35,case57
True,35,-0.04,True,1,1,False,35,True,3.8671808797186145e-10,0.0009331971393845368,0.3148685789567386,292.0084895537002,340.52907677832997,0.0,MS-HIDE,1529,35,case57
True,35,0.04,True,1,1,False,35,True,3.8671808797186145e-10,0.000933197138701468,0.3243564558120202,281.3378999911947,334.1037316218717,0.0,MS-HIDE,1530,35,case57
True,35,0.04,True,1,1,False,35,True,3.8671808797186145e-10,0.000933197138922593,0.3208848508655094,285.94672490726225,337.82024164684117,0.0,MS-HIDE,1531,35,case57
True,35,0.04,True,1,1,False,35,True,3.8671808797186145e-10,0.0009331971390620073,0.3180858099381715,287.0261000469327,343.5144979303004,0.0,MS-HIDE,1532,35,case57
True,35,0.04,True,1,1,False,35,True,3.8671808797186145e-10,0.0009331971388517948,0.3200618394449175,310.8967332460452,395.6661101110513,0.0,MS-HIDE,1533,35,case57
True,35,-0.04,True,1,1,False,35,True,3.8671808797186145e-10,0.0009331971385167703,0.32067654358231057,286.7480646556942,342.44186670402996,0.0,MS-HIDE,1534,35,case57
True,35,-0.04,True,1,1,False,35,True,3.8671808797186145e-10,0.0009331971381051253,0.3414037167715378,272.85489580535796,344.1420500195818,0.0,MS-HIDE,1535,35,case57
True,35,0.04,True,1,1,False,35,True,3.8671808797186145e-10,0.0009331971390620073,0.3180858099381715,301.87230630544946,398.92850385513157,0.0,MS-HIDE,1536,35,case57
True,35,-0.04,True,1,1,False,35,True,3.8671808797186145e-10,0.0009331971393915962,0.31854959960582807,288.67179164953995,346.854839916341,0.0,MS-HIDE,1537,35,case57
True,35,0.04,True,1,1,False,35,True,3.8671808797186145e-10,0.0009331971383203636,0.32034846538255446,284.3224396609003,335.1348356954986,0.0,MS-HIDE,1538,35,case57
True,35,0.04,True,1,1,False,35,True,3.8671808797186145e-10,0.0009331971383173638,0.3267461793608373,284.7864625568036,347.0696982112713,0.0,MS-HIDE,1539,35,case57
True,35,0.04,True,1,1,False,35,True,3.8671808797186145e-10,0.0009331971384469021,0.3250802654836984,277.6823105115909,340.47284027328715,0.0,MS-HIDE,1540,35,case57
True,35,-0.04,True,1,1,False,35,True,3.8671808797186145e-10,0.000933197138442779,0.3248072385881022,290.021966653876,367.7018899208633,0.0,MS-HIDE,1541,35,case57
True,35,-0.04,True,1,1,False,35,True,3.8671808797186145e-10,0.0009331971381839238,0.33378750711175803,279.2776331451023,335.12650974153075,0.0,MS-HIDE,1542,35,case57
True,35,-0.04,True,1,1,False,35,True,3.8671808797186145e-10,0.0009331971383937083,0.3311016669669119,285.44313969032373,337.14787081698887,0.0,MS-HIDE,1543,35,case57
True,35,-0.04,True,1,1,False,35,True,3.8671808797186145e-10,0.0009331971388517948,0.3200618394449175,276.64982914575376,317.8184627846349,0.0,MS-HIDE,1544,35,case57
True,35,0.04,True,1,1,False,35,True,3.8671808797186145e-10,0.0009331971386028794,0.3241870934782733,283.8988521602005,334.89075897377916,0.0,MS-HIDE,1545,35,case57
True,35,0.04,True,1,1,False,35,True,3.8671808797186145e-10,0.0009331971390989605,0.31464843690450284,282.46427084086463,342.6676743052667,0.0,MS-HIDE,1546,35,case57
True,35,-0.04,True,1,1,False,35,True,3.8671808797186145e-10,0.0009331971383173638,0.3267461793608373,300.65566660196055,352.66959163709544,0.0,MS-HIDE,1547,35,case57
True,35,-0.04,True,1,1,False,35,True,3.8671808797186145e-10,0.0009331971386935912,0.322339217540877,291.65130000037607,355.6287461338798,0.0,MS-HIDE,1548,35,case57
True,35,-0.04,True,1,1,False,35,True,3.8671808797186145e-10,0.0009331971383574195,0.3323692031506644,289.77912085247226,336.46151694701985,0.0,MS-HIDE,1549,35,case57
True,35,-0.04,True,1,1,False,35,True,3.8671808797186145e-10,0.0009331971383574195,0.3323692031506644,280.73855400143657,346.62354548927397,0.0,MS-HIDE,1550,35,case57
True,35,-0.04,True,1,1,False,35,True,3.8671808797186145e-10,0.0009331971384469021,0.3250802654836984,274.66659180354327,321.9519916543505,0.0,MS-HIDE,1551,35,case57
True,35,-0.04,True,1,1,False,35,True,3.8671808797186145e-10,0.0009331971383280867,0.3300796917579205,287.7596831996925,337.20781010051724,0.0,MS-HIDE,1552,35,case57
True,35,-0.04,True,1,1,False,35,True,3.8671808797186145e-10,0.0009331971383203636,0.32034846538255446,290.84001455339603,365.0814104272286,0.0,MS-HIDE,1553,35,case57
True,35,-0.04,True,1,1,False,35,True,3.8671808797186145e-10,0.0009331971381051253,0.3414037167715378,282.91132701269817,342.10344734601676,0.0,MS-HIDE,1554,35,case57
True,35,0.04,True,1,1,False,35,True,3.8671808797186145e-10,0.0009331971381179287,0.3422696813091592,281.23973334732,338.4741639398271,0.0,MS-HIDE,1555,35,case57
True,35,0.04,True,1,1,False,35,True,3.8671808797186145e-10,0.000933197138336146,0.31816000091442853,292.03906670736615,366.8492767639691,0.0,MS-HIDE,1556,35,case57
True,35,0.04,True,1,1,False,35,True,3.8671808797186145e-10,0.0009331971381477322,0.338221451669964,288.9347458840348,351.8913874955615,0.0,MS-HIDE,1557,35,case57
True,35,0.04,True,1,1,False,35,True,3.8671808797186145e-10,0.0009331971381289033,0.3372161589412394,290.2645334484987,367.0119100948796,0.0,MS-HIDE,1558,35,case57
True,35,0.04,True,1,1,False,35,True,3.8671808797186145e-10,0.0009331971380093128,0.3456983331386406,271.66954356071074,325.72648477507755,0.0,MS-HIDE,1559,35,case57
True,35,-0.04,True,1,1,False,35,True,3.8671808797186145e-10,0.0009331971390547732,0.327356730295401,282.14642709644977,325.5435687606223,0.0,MS-HIDE,1560,35,case57
True,35,-0.04,True,1,1,False,35,True,3.8671808797186145e-10,0.0009331971385167703,0.32067654358231057,283.7419396470068,342.2392396023497,0.0,MS-HIDE,1561,35,case57
True,35,0.04,True,1,1,False,35,True,3.8671808797186145e-10,0.0009331971381289033,0.3372161589412394,283.69004174601287,339.44567924772855,0.0,MS-HIDE,1562,35,case57
True,35,0.04,True,1,1,False,35,True,3.8671808797186145e-10,0.0009331971390547732,0.327356730295401,290.79807504895143,353.67730795696843,0.0,MS-HIDE,1563,35,case57
True,35,0.04,True,1,1,False,35,True,3.8671808797186145e-10,0.0009331971383173638,0.3267461793608373,297.6821312564425,337.59811873896984,0.0,MS-HIDE,1564,35,case57
True,35,0.04,True,1,1,False,35,True,3.8671808797186145e-10,0.000933197138304361,0.3246430817496572,270.45342285127845,322.11887739249505,0.0,MS-HIDE,1565,35,case57
True,35,-0.04,True,1,1,False,35,True,3.8671808797186145e-10,0.0009331971383173638,0.3267461793608373,289.87072290328797,351.7252017569263,0.0,MS-HIDE,1566,35,case57
True,35,-0.04,True,1,1,False,35,True,3.8671808797186145e-10,0.0009331971385167703,0.32067654358231057,283.3687229460338,339.4112976355246,0.0,MS-HIDE,1567,35,case57
True,35,0.04,True,1,1,False,35,True,3.8671808797186145e-10,0.0009331971381051253,0.3414037167715378,287.93955400178675,339.4398166477913,0.0,MS-HIDE,1568,35,case57
True,35,0.04,True,1,1,False,35,True,3.8671808797186145e-10,0.0009331971390547732,0.327356730295401,285.64585410640575,330.09618927608244,0.0,MS-HIDE,1569,35,case57
True,35,-0.04,True,1,1,False,35,True,3.8671808797186145e-10,0.0009331971385146136,0.3191631953238414,287.6529312459752,334.2312430671882,0.0,MS-HIDE,1570,35,case57
True,35,-0.04,True,1,1,False,35,True,3.8671808797186145e-10,0.0009331971388362872,0.31964833875380455,293.5005103528965,343.7973752792459,0.0,MS-HIDE,1571,35,case57
True,35,0.04,True,1,1,False,35,True,3.8671808797186145e-10,0.0009331971383173638,0.3267461793608373,294.7988311556401,365.3927187551744,0.0,MS-HIDE,1572,35,case57
True,35,-0.04,True,1,1,False,35,True,3.8671808797186145e-10,0.0009331971383280867,0.3300796917579205,292.90349999209866,368.0680353892967,0.0,MS-HIDE,1573,35,case57
True,35,0.04,True,1,1,False,35,True,3.8671808797186145e-10,0.0009331971383574195,0.3323692031506644,283.4605311945779,337.5761746661738,0.0,MS-HIDE,1574,35,case57
True,35,-0.04,True,1,1,False,35,True,3.8671808797186145e-10,0.0009331971386629313,0.31663254584321787,284.7655562480213,328.6096934607486,0.0,MS-HIDE,1575,35,case57
True,35,-0.04,True,1,1,False,35,True,3.8671808797186145e-10,0.0009331971381042572,0.33938647850039455,281.3158498494886,333.33318367949687,0.0,MS-HIDE,1576,35,case57
True,35,0.04,True,1,1,False,35,True,3.8671808797186145e-10,0.0009331971389559019,0.3218762259212333,279.36801665637176,319.4599690497853,0.0,MS-HIDE,1577,35,case57
True,35,0.04,True,1,1,False,35,True,3.8671808797186145e-10,0.0009331971388393161,0.320193395379161,276.96019589784555,325.63410174916504,0.0,MS-HIDE,1578,35,case57
True,35,-0.04,True,1,1,False,35,True,3.8671808797186145e-10,0.0009331971383173638,0.3267461793608373,281.09291039872915,332.10841664695187,0.0,MS-HIDE,1579,35,case57
True,35,-0.04,True,1,1,False,35,True,3.8671808797186145e-10,0.0009331971383574195,0.3323692031506644,286.87980425020214,340.11521452630404,0.0,MS-HIDE,1580,35,case57
True,35,-0.04,True,1,1,False,35,True,3.8671808797186145e-10,0.0009331971383173638,0.3267461793608373,284.38886874646414,328.18811488104984,0.0,MS-HIDE,1581,35,case57
True,35,0.04,True,1,1,False,35,True,3.8671808797186145e-10,0.0009331971381477322,0.338221451669964,279.07683729717974,338.71582084102556,0.0,MS-HIDE,1582,35,case57
True,35,-0.04,True,1,1,False,35,True,3.8671808797186145e-10,0.0009331971381730586,0.33403389383966553,292.65518124448135,375.2722089382587,0.0,MS-HIDE,1583,35,case57
True,35,0.04,True,1,1,False,35,True,3.8671808797186145e-10,0.0009331971383940741,0.32818164532036603,287.83807275176514,361.3575684343232,0.0,MS-HIDE,1584,35,case57
True,35,0.04,True,1,1,False,35,True,3.8671808797186145e-10,0.0009331971383173638,0.3267461793608373,299.02843745367136,368.40046457073186,0.0,MS-HIDE,1585,35,case57
True,35,-0.04,True,1,1,False,35,True,3.8671808797186145e-10,0.0009331971383940741,0.32818164532036603,285.3144521446666,347.032293130178,0.0,MS-HIDE,1586,35,case57
True,35,0.04,True,1,1,False,35,True,3.8671808797186145e-10,0.0009331971384280312,0.32937488185080116,283.31034594157245,344.5736542431405,0.0,MS-HIDE,1587,35,case57
True,35,-0.04,True,1,1,False,35,True,3.8671808797186145e-10,0.0009331971389219519,0.3168795743433436,294.3226520961616,347.5975541339722,0.0,MS-HIDE,1588,35,case57
True,35,-0.04,True,1,1,False,35,True,3.8671808797186145e-10,0.0009331971384248629,0.32910185495520494,278.07383965700865,331.30849575682083,0.0,MS-HIDE,1589,35,case57
True,35,-0.04,True,1,1,False,35,True,3.8671808797186145e-10,0.0009331971389559019,0.3218762259212333,275.06904800538905,316.098959822557,0.0,MS-HIDE,1590,35,case57
True,35,0.04,True,1,1,False,35,True,3.8671808797186145e-10,0.0009331971384469021,0.3250802654836984,288.7332104030065,325.185008608969,0.0,MS-HIDE,1591,35,case57
True,35,-0.04,True,1,1,False,35,True,3.8671808797186145e-10,0.0009331971384248629,0.32910185495520494,281.2150480982382,319.3558728758945,0.0,MS-HIDE,1592,35,case57
True,35,-0.04,True,1,1,False,35,True,3.8671808797186145e-10,0.000933197138442779,0.3248072385881022,280.43357695278246,339.6255625091726,0.0,MS-HIDE,1593,35,case57
True,35,-0.04,True,1,1,False,35,True,3.8671808797186145e-10,0.000933197138944512,0.32092780398253884,285.70553319586907,337.5713833695045,0.0,MS-HIDE,1594,35,case57
True,35,-0.04,True,1,1,False,35,True,3.8671808797186145e-10,0.000933197138442779,0.3248072385881022,283.3560543076601,332.82572706229985,0.0,MS-HIDE,1595,35,case57
True,35,-0.04,True,1,1,False,35,True,3.8671808797186145e-10,0.0009331971381561564,0.3379750649420564,285.8172436564928,350.09773924830375,0.0,MS-HIDE,1596,35,case57
True,35,0.04,True,1,1,False,35,True,3.8671808797186145e-10,0.0009331971381289033,0.3372161589412394,296.6078457509866,377.43749973014934,0.0,MS-HIDE,1597,35,case57
True,35,-0.04,True,1,1,False,35,True,3.8671808797186145e-10,0.000933197138600319,0.32092716221032064,288.88367300096434,355.92775626282673,0.0,MS-HIDE,1598,35,case57
True,35,-0.04,True,1,1,False,35,True,3.8671808797186145e-10,0.0009331971383173638,0.3267461793608373,282.8451479465002,339.537889600615,0.0,MS-HIDE,1599,35,case57
True,37,0.04,True,1,1,False,37,True,0.1714416009449388,0.0015995062158480605,0.5109595936832798,289.19169364962727,332.51736395468475,0.0,MS-HIDE,1600,37,case57
True,37,0.04,True,1,1,False,43,False,0.17144160097988065,0.0015619254839140272,0.521445503050058,271.1788729444379,315.7471871934831,0.0,MS-HIDE,1601,37,case57
True,37,-0.04,True,1,1,False,37,True,0.1714416009440448,0.0015662792788820584,0.5139404013120026,284.47575205063913,346.51556214666925,0.0,MS-HIDE,1602,37,case57
True,37,0.04,True,1,1,False,43,False,0.1714416009440448,0.0015662901351197371,0.5094618723151065,278.2054000010248,330.5521854344988,0.0,MS-HIDE,1603,37,case57
True,37,0.04,True,1,1,False,37,True,0.1714416009987165,0.0015616907077921202,0.5154222695617647,289.7161395114381,348.6376062472118,0.0,MS-HIDE,1604,37,case57
True,37,-0.04,True,1,1,False,43,False,0.1714416009468627,0.0015995268088455554,0.5051157191352124,283.2981499435846,332.4935041397112,0.0,MS-HIDE,1605,37,case57
True,37,0.04,True,1,1,False,43,False,0.1714416009440448,0.0016205588182320973,0.5259487797036951,286.56325419724453,352.7723547653295,0.0,MS-HIDE,1606,37,case57
True,37,0.04,True,1,1,False,37,True,0.1714416009440448,0.0016205586637957512,0.5295000219046484,288.24049574614037,340.5902667203918,0.0,MS-HIDE,1607,37,case57
True,37,-0.04,True,1,1,False,37,True,0.17144160113077167,0.0015619062046914245,0.5038244434707438,290.56815425283276,365.5279896192951,0.0,MS-HIDE,1608,37,case57
True,37,0.04,True,1,1,False,37,True,0.1714416009440448,0.0016066451454304145,0.5111594669335227,284.01934159337543,343.65452528872993,0.0,MS-HIDE,1609,37,case57
True,37,-0.04,True,1,1,False,37,True,0.1714416009702349,0.0015646596975591371,0.5163290327492396,290.6322667520726,354.7163964802167,0.0,MS-HIDE,1610,37,case57
True,37,-0.04,True,1,1,False,37,True,0.17144160095308475,0.001561673718434222,0.5065099794929754,291.55951245338656,340.77484792796895,0.0,MS-HIDE,1611,37,case57
True,37,-0.04,True,1,1,False,43,False,0.17144160094404476,0.0015668265868929619,0.5121674947851244,281.2787459610263,323.46055002417415,0.0,MS-HIDE,1612,37,case57
True,37,0.04,True,1,1,False,37,True,0.17144209568644664,0.0015619079877409593,0.5112069375717372,286.51680623879656,343.7249461450847,0.0,MS-HIDE,1613,37,case57
True,37,-0.04,True,1,1,False,37,True,0.17144160104837686,0.001599750841228733,0.5078452036445373,297.4711374467006,371.47830863832496,0.0,MS-HIDE,1614,37,case57
True,37,0.04,True,1,1,False,43,False,0.17144385993912473,0.0015995053681112897,0.5096219837991155,289.5898916525766,343.4381535917055,0.0,MS-HIDE,1615,37,case57
True,37,-0.04,True,0,0,False,37,True,0.1714416009488236,0.0015995041338897316,0.5102784330048813,272.6328040473163,320.2215562778292,0.0,MS-HIDE,1616,37,case57
True,37,0.04,True,2,2,False,43,False,0.17144160094939967,0.0015646718811588422,0.5113496676678635,287.0928206044482,328.47759820579085,0.0,MS-HIDE,1617,37,case57
True,37,-0.04,True,1,1,False,43,False,0.1714416009653985,0.001561906205146262,0.5137264495117038,275.5568521009991,349.77828572737053,0.0,MS-HIDE,1618,37,case57
True,37,0.04,True,1,1,False,43,False,0.17144160094462232,0.0015619085353391412,0.5153822895588767,286.14347700495273,364.154541384778,0.0,MS-HIDE,1619,37,case57
True,37,-0.04,True,1,1,False,37,True,0.17144160094881822,0.0015616724511340301,0.5198216471791689,284.3632686533965,347.9224062146386,0.0,MS-HIDE,1620,37,case57
True,37,0.04,True,1,1,False,43,False,0.1714416009440448,0.001620294863748589,0.5175098276741532,285.9191000519786,349.32403926504776,0.0,MS-HIDE,1621,37,case57
True,37,-0.04,True,0,0,False,43,False,0.17144160105407022,0.0015995233168063822,0.5104894456332929,292.4263207940385,363.01973748195456,0.0,MS-HIDE,1622,37,case57
True,37,0.04,True,1,1,False,43,False,0.1714416009440448,0.001562053277374541,0.5277206189927449,287.2191645059502,352.42935832066,0.0,MS-HIDE,1623,37,case57
True,37,-0.04,True,1,1,False,37,True,0.17144160096633454,0.0015995038439524613,0.5087936255832318,286.534210445825,342.4513351172209,0.0,MS-HIDE,1624,37,case57
True,37,0.04,True,1,1,False,43,False,0.1714416009603943,0.0015619063246400961,0.5175907877786703,280.49633970076684,336.61475628614426,0.0,MS-HIDE,1625,37,case57
True,37,0.04,True,1,1,False,43,False,0.17144160095045852,0.0015995038440450846,0.5139404013120025,284.13271459867246,344.5919931458775,0.0,MS-HIDE,1626,37,case57
True,37,0.04,True,1,1,False,37,True,0.1714416009440448,0.0015620361843302366,0.5271306609393565,291.17222284839954,369.88695175386965,0.0,MS-HIDE,1627,37,case57
True,37,-0.04,True,1,1,False,37,True,0.17144160095830221,0.0015646717325591192,0.5225970808292735,275.2136062976206,341.01962465792894,0.0,MS-HIDE,1628,37,case57
True,37,0.04,True,2,2,False,37,True,0.17144160130434588,0.0015616722637268755,0.5132758349831882,275.27413114730734,346.5684243827127,0.0,MS-HIDE,1629,37,case57
True,37,0.04,True,2,2,False,37,True,0.1714416009440448,0.0016208504864979995,0.5142628349946587,285.2783103415277,339.3692068697419,0.0,MS-HIDE,1630,37,case57
True,37,-0.04,True,1,1,False,43,False,0.171441730082996,0.0015616723297153302,0.5067060674708433,287.13524370396044,346.0976527334424,0.0,MS-HIDE,1631,37,case57
True,37,0.04,True,1,1,False,37,True,0.17144160099171968,0.0015648851520029755,0.5078684412098367,292.41151030000765,362.5062514212914,0.0,MS-HIDE,1632,37,case57
True,37,0.04,True,1,1,False,43,False,0.1714416009440448,0.0015650185406688904,0.5167624295627868,282.57360609131865,386.8295663385652,0.0,MS-HIDE,1633,37,case57
True,37,0.04,True,1,1,False,37,True,0.17144160094593128,0.0016029067730787736,0.5057241367285601,286.6480374505045,341.4879899122752,0.0,MS-HIDE,1634,37,case57
True,37,0.04,True,1,1,False,37,True,0.17144160094894448,0.0015619256325027035,0.5091001211249898,276.8983832473168,344.2192520276876,0.0,MS-HIDE,1635,37,case57
True,37,0.04,True,1,1,False,37,True,0.1714416009440564,0.00156847911453318,0.5125299712515933,287.8562354046153,362.46444583521225,0.0,MS-HIDE,1636,37,case57
True,37,0.04,True,1,1,False,43,False,0.17144160094478217,0.0015617008730690796,0.5091004180745579,287.37981239682995,343.8124601118034,0.0,MS-HIDE,1637,37,case57
True,37,0.04,True,2,2,False,37,True,0.1714416009440448,0.0015617007527168494,0.5124556960676702,282.5835624942556,348.70389198476914,0.0,MS-HIDE,1638,37,case57
True,37,-0.04,True,1,1,False,43,False,0.1714416009544606,0.0015995234769388415,0.4999871041784407,276.9059562968323,330.19944614206906,0.0,MS-HIDE,1639,37,case57
True,37,0.04,True,1,1,False,43,False,0.17144160095713828,0.0015662581210703383,0.519803783356738,286.2535271910019,348.96094613359315,0.0,MS-HIDE,1640,37,case57
True,37,0.04,True,1,1,False,37,True,0.17144160094835795,0.001561672386700256,0.5233423469274469,282.6441646000603,328.86213954188867,0.0,MS-HIDE,1641,37,case57
True,37,-0.04,True,2,2,False,37,True,0.1714416009441185,0.0015619087470936954,0.5212677162459991,282.40286039945204,323.35371007793583,0.0,MS-HIDE,1642,37,case57
True,37,-0.04,True,1,1,False,37,True,0.1714416009440448,0.0015998845401019924,0.5098964035729098,282.99985629855655,326.80352110473905,0.0,MS-HIDE,1643,37,case57
True,37,0.04,True,2,2,False,43,False,0.1714416009549869,0.0015616737178928185,0.5244142757798709,282.2133039997425,321.70720209833235,0.0,MS-HIDE,1644,37,case57
True,37,0.04,True,1,1,False,37,True,0.17144160094664762,0.0015650160609906767,0.5091140057164804,283.2264208554989,321.7873461078853,0.0,MS-HIDE,1645,37,case57
True,37,-0.04,True,1,1,False,43,False,0.17144160095941957,0.0015616922164703618,0.5223939249887525,287.5932250521146,348.7494104076177,0.0,MS-HIDE,1646,37,case57
True,37,-0.04,True,0,0,False,37,True,0.17144450699040378,0.001564885528330537,0.5140009474772314,302.19159379485063,343.5714726016159,0.0,MS-HIDE,1647,37,case57
True,37,-0.04,True,1,1,False,37,True,0.17144160094985655,0.0015616725351262819,0.5269538312958474,278.5529875458451,331.0202833148651,0.0,MS-HIDE,1648,37,case57
True,37,0.04,True,1,1,False,37,True,0.1714416009907464,0.0015616722642224374,0.5096640806944616,283.4683187567862,337.7462249947712,0.0,MS-HIDE,1649,37,case57
True,37,-0.04,True,1,1,False,43,False,0.17144160096880282,0.0015619253518938747,0.5038176768496774,289.8895583493868,362.5839701737277,0.0,MS-HIDE,1650,37,case57
True,37,-0.04,True,1,1,False,37,True,0.17144160102237097,0.0015619077150379101,0.5162792198246192,271.0959167481633,333.4782916470431,0.0,MS-HIDE,1651,37,case57
True,37,-0.04,True,1,1,False,43,False,0.17144160096214914,0.0015616723789461918,0.5126579638501985,285.0275396514917,341.3207704987144,0.0,MS-HIDE,1652,37,case57
True,37,0.04,True,1,1,False,37,True,0.17144160094719346,0.0016026488762439345,0.5241085654797641,284.07929164532106,339.5672663435107,0.0,MS-HIDE,1653,37,case57
True,37,0.04,True,1,1,False,37,True,0.17144160094473812,0.001561906388136078,0.5225970808292734,271.1812394903973,321.56121069274377,0.0,MS-HIDE,1654,37,case57
True,37,-0.04,True,1,1,False,43,False,0.17144160094744604,0.0015617007509097169,0.5242978367287944,289.1608562495094,345.2081767463824,0.0,MS-HIDE,1655,37,case57
True,37,-0.04,True,2,2,False,37,True,0.17144160108719989,0.0016026178255766736,0.4950055823482761,279.8210291977739,332.2479756461689,0.0,MS-HIDE,1656,37,case57
True,37,-0.04,True,1,1,False,37,True,0.17144160095846375,0.0015619085586966127,0.5198859786167724,277.2302353550913,329.02885979856364,0.0,MS-HIDE,1657,37,case57
True,37,0.04,True,1,1,False,43,False,0.17144160095002065,0.001561673989717134,0.5070254904435421,285.04280835040845,345.46662673237734,0.0,MS-HIDE,1658,37,case57
True,37,-0.04,True,2,2,False,37,True,0.17144160095948136,0.0015646597136133047,0.5050816195878296,279.844564551604,319.92601103847846,0.0,MS-HIDE,1659,37,case57
True,37,0.04,True,1,1,False,43,False,0.17144160096197136,0.0015646420634749477,0.5191244856407028,297.69530419434886,409.98752354935283,0.0,MS-HIDE,1660,37,case57
True,37,-0.04,True,1,1,False,37,True,0.17144160095066005,0.001602638064043912,0.5110108495938693,276.80350409355015,321.420155960368,0.0,MS-HIDE,1661,37,case57
True,37,0.04,True,2,2,False,43,False,0.1714416010294023,0.0015995038433115009,0.5092621095554749,275.00176244357135,333.60155384580145,0.0,MS-HIDE,1662,37,case57
True,37,0.04,True,1,1,False,37,True,0.17144160094404476,0.001568457271532769,0.5006287336258091,282.72309371095616,332.56511425424833,0.0,MS-HIDE,1663,37,case57
True,37,0.04,True,2,2,False,37,True,0.17144160094508087,0.0015662775468198976,0.5185330299127046,272.4946855538292,318.5810958733782,0.0,MS-HIDE,1664,37,case57
True,37,-0.04,True,1,1,False,37,True,0.1714416009440448,0.0016252137045760754,0.5235920973686475,272.978470849921,311.7554080003174,0.0,MS-HIDE,1665,37,case57
True,37,0.04,True,1,1,False,37,True,0.17144160100257486,0.0015646405377710143,0.5243764837411771,283.60943535517436,340.32039582089055,0.0,MS-HIDE,1666,37,case57
True,37,-0.04,True,1,1,False,43,False,0.171441600947442,0.0015619359039307787,0.5102449279911203,279.69025614729617,346.2966333114309,0.0,MS-HIDE,1667,37,case57
True,37,0.04,True,1,1,False,43,False,0.17144160095100083,0.0015995056646405832,0.5050875068313567,281.49677939654794,330.3354496601969,0.0,MS-HIDE,1668,37,case57
True,37,0.04,True,1,1,False,43,False,0.17144256099592914,0.001599523754209759,0.5067060674708435,283.04381880152505,361.75386288668966,0.0,MS-HIDE,1669,37,case57
True,37,0.04,True,1,1,False,37,True,0.1714416009440448,0.0016206868642698398,0.5179799757241403,278.22366040491033,323.90216251660604,0.0,MS-HIDE,1670,37,case57
True,37,0.04,True,1,1,False,37,True,0.17144160096271274,0.0015646405381015988,0.5015950193869344,274.0605125523871,321.0438124835491,0.0,MS-HIDE,1671,37,case57
True,37,-0.04,True,1,1,False,43,False,0.17144160097264888,0.0015646405470794555,0.5173507279574483,298.81513134168927,352.87433691264596,0.0,MS-HIDE,1672,37,case57
True,37,0.04,True,1,1,False,37,True,0.1714416009440448,0.0016206639728188815,0.5221663352573166,290.4857417452149,341.30729167954996,0.0,MS-HIDE,1673,37,case57
True,37,0.04,True,2,2,False,37,True,0.1714416009440448,0.0016489575481274108,0.5040528786846789,282.34196459816303,365.8120896026958,0.0,MS-HIDE,1674,37,case57
True,37,-0.04,True,1,1,False,37,True,0.1714416009490195,0.0015646407323953926,0.515276294270421,274.0437790431315,308.01404163066763,0.0,MS-HIDE,1675,37,case57
True,37,0.04,True,1,1,False,43,False,0.17144160094985011,0.00160264189468425,0.5032676018716962,283.5347395041026,339.52540239261,0.0,MS-HIDE,1676,37,case57
True,37,0.04,True,1,1,False,43,False,0.17144160094831884,0.001599780424806007,0.522407809580243,268.94733755034395,332.77451809844933,0.0,MS-HIDE,1677,37,case57
True,37,-0.04,True,1,1,False,43,False,0.1714416009440448,0.001652005606631399,0.5123321891539406,278.40353970532306,340.88993990153546,0.0,MS-HIDE,1678,37,case57
True,37,0.04,True,1,1,False,43,False,0.17144160094404476,0.0015617031305539975,0.5317569893260705,286.4492124033859,358.43949614500167,0.0,MS-HIDE,1679,37,case57
True,37,-0.04,True,1,1,False,37,True,0.1714416010255801,0.0015649035938339686,0.5096830113157254,280.63660205807537,343.76753959513735,0.0,MS-HIDE,1680,37,case57
True,37,0.04,True,1,1,False,43,False,0.1714416009440448,0.001565062304026455,0.5137264495117038,275.34875614510383,321.5822683996521,0.0,MS-HIDE,1681,37,case57
True,37,0.04,True,1,1,False,43,False,0.17144160094800892,0.0016026180325195895,0.5144787834725304,278.2408855011454,338.79394787945785,0.0,MS-HIDE,1682,37,case57
True,37,0.04,True,1,1,False,37,True,0.1714416009441321,0.0015620359853219384,0.5150007233897911,280.1230540528195,338.8668996223715,0.0,MS-HIDE,1683,37,case57
True,37,0.04,True,1,1,False,43,False,0.1714416009440448,0.0016202949808671705,0.5216486588905789,288.8837792503182,362.1362413628958,0.0,MS-HIDE,1684,37,case57
True,37,0.04,True,1,1,False,37,True,0.1714416009440448,0.0016489584651124334,0.5203550934902367,282.7656833047513,339.5495398581261,0.0,MS-HIDE,1685,37,case57
True,37,-0.04,True,1,1,False,43,False,0.1714416009598396,0.0015619062249891636,0.5151774549700241,288.76003329933155,342.49319375958294,0.0,MS-HIDE,1686,37,case57
True,37,0.04,True,1,1,False,43,False,0.17144160094928648,0.001564640552177277,0.5071114023129981,282.578231205116,345.7801660493715,0.0,MS-HIDE,1687,37,case57
True,37,0.04,True,2,2,False,43,False,0.17144160094941663,0.0015616941573447268,0.4971074418654063,287.4462729028892,370.3683982545044,0.0,MS-HIDE,1688,37,case57
True,37,-0.04,True,1,1,False,37,True,0.1714416009440448,0.0016202749995290412,0.5105617425452292,279.4186166516738,328.0687330116052,0.0,MS-HIDE,1689,37,case57
True,37,0.04,True,1,1,False,43,False,0.17144160101095046,0.001561692340853495,0.522365712684897,291.27573950681835,328.1607080483809,0.0,MS-HIDE,1690,37,case57
True,37,0.04,True,1,1,False,43,False,0.17144160112361664,0.001561672378230503,0.5087944925554887,285.27400208986364,339.20692231913563,0.0,MS-HIDE,1691,37,case57
True,37,-0.04,True,1,1,False,43,False,0.1714416009452989,0.001599506209341918,0.517442170439017,285.0672645989107,362.66079334891407,0.0,MS-HIDE,1692,37,case57
True,37,0.04,True,1,1,False,43,False,0.1714416009566081,0.0015646421719683933,0.5252530753963265,292.32941865047906,365.9463601070456,0.0,MS-HIDE,1693,37,case57
True,37,-0.04,True,1,1,False,37,True,0.1714416009505515,0.0015619086611922844,0.518409522998975,285.9535270516062,359.78484996885527,0.0,MS-HIDE,1694,37,case57
True,37,-0.04,True,1,1,False,43,False,0.17144160098546798,0.0015619078368057067,0.5134766990705031,291.9953270466067,336.5544202068122,0.0,MS-HIDE,1695,37,case57
True,37,-0.04,True,1,1,False,43,False,0.17144160094917849,0.0015620532662464464,0.5182134350211072,279.5836145436624,327.0170538482489,0.0,MS-HIDE,1696,37,case57
True,37,-0.04,True,1,1,False,37,True,0.1714416009440448,0.0015998855379068203,0.526654756088565,293.2126500469167,378.9198187238071,0.0,MS-HIDE,1697,37,case57
True,37,-0.04,True,1,1,False,37,True,0.17144160095856095,0.001564885165080708,0.5182134350211072,283.39165414799936,344.87216603010893,0.0,MS-HIDE,1698,37,case57
True,37,-0.04,True,1,1,False,43,False,0.1714416009542557,0.0015616722626228428,0.5216486588905789,274.3877145490842,310.8162020507734,0.0,MS-HIDE,1699,37,case57
True,38,0.04,True,7,7,False,56,False,0.17144160094404476,0.005094706527291614,0.5685681648397859,281.08853960293345,328.79841491230763,0.0,MS-HIDE,1700,38,case57
True,38,-0.04,True,3,3,False,56,False,0.17144160095282684,0.005094704813477995,0.5575422520771051,281.78922085207887,344.37552911113016,0.0,MS-HIDE,1701,38,case57
True,38,0.04,True,4,4,False,38,True,0.17144160094404476,0.005094704817122114,0.5595954701510549,272.51531679939944,340.0529149104841,0.0,MS-HIDE,1702,38,case57
True,38,-0.04,True,4,4,False,56,False,0.17144160094404476,0.005094704850592661,0.5679767300913869,283.2044166047126,369.4312351057306,0.0,MS-HIDE,1703,38,case57
True,38,0.04,True,1,1,False,38,True,0.1714416009440448,0.005094704795421052,0.5599861792284886,288.2660397910513,339.28500895272015,0.0,MS-HIDE,1704,38,case57
True,38,-0.04,True,4,4,False,38,True,0.1714416009440448,0.005144042206531311,0.5642376072329306,292.9965915478533,340.4918743064627,0.0,MS-HIDE,1705,38,case57
True,38,0.04,True,2,2,False,56,False,0.17144160094404476,0.005094704799157332,0.5547929187403097,282.68943313742056,333.3306458458538,0.0,MS-HIDE,1706,38,case57
True,38,0.04,True,2,2,False,38,True,0.1714416009440448,0.005094704800853578,0.5679989265671327,292.14484794356395,380.9390809445176,0.0,MS-HIDE,1707,38,case57
True,38,-0.04,True,2,2,False,56,False,0.1714416009440448,0.005095181586694223,0.5629873669961262,288.14772920450196,338.1995350617217,0.0,MS-HIDE,1708,38,case57
True,38,0.04,True,1,1,False,56,False,0.1714416009440448,0.005094704796505154,0.5579689409573453,287.4703188543208,351.68844410800375,0.0,MS-HIDE,1709,38,case57
True,38,-0.04,True,4,4,False,38,True,0.1714416009440448,0.00509470483749359,0.562553036466508,283.4719250444323,350.2157731621992,0.0,MS-HIDE,1710,38,case57
True,38,-0.04,True,3,3,False,56,False,0.1714416009440448,0.005094704796896569,0.5669330636629529,297.7706312027294,370.723231593729,0.0,MS-HIDE,1711,38,case57
True,38,-0.04,True,3,3,False,56,False,0.1714416009440448,0.005094704819405518,0.5497820393688992,282.66649789875373,335.15941105433745,0.0,MS-HIDE,1712,38,case57
True,38,0.04,True,3,3,False,38,True,0.17144160094404476,0.005094704822468995,0.5623278793241606,278.9273458532989,325.1395601080731,0.0,MS-HIDE,1713,38,case57
True,38,0.04,True,2,2,False,56,False,0.1714416009440448,0.005094704800853578,0.5679989265671327,290.1170644967351,338.7559332739329,0.0,MS-HIDE,1714,38,case57
True,38,0.04,True,4,4,False,56,False,0.1714416009440448,0.005094704813736766,0.5594748475929534,284.6650208462961,333.3554441254819,0.0,MS-HIDE,1715,38,case57
True,38,-0.04,True,2,2,False,38,True,0.17144160094404476,0.005094704797399284,0.5550133728194608,269.43710620398633,342.180137525429,0.0,MS-HIDE,1716,38,case57
True,38,0.04,True,3,3,False,38,True,0.1714416009440448,0.005094704847621324,0.5691164207132522,278.4359165467322,320.60289936489426,0.0,MS-HIDE,1717,38,case57
True,38,0.04,True,3,3,False,56,False,0.17144160094404476,0.005094704798834782,0.5666705191444084,285.25282079644967,330.613404448377,0.0,MS-HIDE,1718,38,case57
True,38,-0.04,True,3,3,False,56,False,0.1714416009440448,0.005094704799048432,0.5602728051661255,292.4063248501625,355.23577532730997,0.0,MS-HIDE,1719,38,case57
True,38,-0.04,True,2,2,False,38,True,0.1714416009440448,0.005094704795421053,0.5599861792284886,276.37715635064524,330.5859455402242,0.0,MS-HIDE,1720,38,case57
True,38,0.04,True,4,4,False,56,False,0.1714416009440448,0.005094704804207572,0.561794130465691,283.0017811997095,351.181108065066,0.0,MS-HIDE,1721,38,case57
True,38,0.04,True,2,2,False,38,True,0.1714416009440448,0.005094704843281591,0.56271434010053,297.27999806345906,370.8075086877216,0.0,MS-HIDE,1722,38,case57
True,38,-0.04,True,3,3,False,56,False,0.1714416009440448,0.005094704817800557,0.5704957086527541,276.53671465232037,342.8691576671554,0.0,MS-HIDE,1723,38,case57
True,38,0.04,True,3,3,False,56,False,0.1714416009440448,0.005144042137942622,0.5665395296088758,287.38177905324847,354.4747660285794,0.0,MS-HIDE,1724,38,case57
True,38,-0.04,True,3,3,False,38,True,0.17144160094404476,0.005094704803936996,0.5415427456431597,277.8594750969205,332.14040862221736,0.0,MS-HIDE,1725,38,case57
True,38,-0.04,True,5,5,False,38,True,0.17144160094404476,0.005094704984917691,0.565307041679152,287.79511454631574,329.77465445874265,0.0,MS-HIDE,1726,38,case57
True,38,0.04,True,3,3,False,56,False,0.1714416009440448,0.005094704814284961,0.5573810076607967,280.3887083515292,323.33884577674326,0.0,MS-HIDE,1727,38,case57
True,38,0.04,True,5,5,False,56,False,0.17144160094404476,0.00509954808457234,0.5662683142336264,293.6203209013911,341.1104603757849,0.0,MS-HIDE,1728,38,case57
True,38,-0.04,True,3,3,False,56,False,0.1714416009440448,0.005094704796505154,0.5579689409573453,286.28323964367155,342.0075416390319,0.0,MS-HIDE,1729,38,case57
True,38,0.04,True,1,1,False,56,False,0.17144160094404476,0.005094704795421052,0.5599861792284886,275.1155645091785,334.8062482633395,0.0,MS-HIDE,1730,38,case57
True,38,-0.04,True,3,3,False,38,True,0.17144160094404476,0.0050947048179819715,0.5640165126625859,285.03074585751165,356.7386913840892,0.0,MS-HIDE,1731,38,case57
True,38,0.04,True,4,4,False,38,True,0.1714416009440448,0.005094704842586337,0.5635839614709913,288.34304158808663,359.2379381560022,0.0,MS-HIDE,1732,38,case57
True,38,0.04,True,2,2,False,38,True,0.1714416009440448,0.005094704799048432,0.5602728051661255,279.51558950007893,333.47684938053135,0.0,MS-HIDE,1733,38,case57
True,38,0.04,True,3,3,False,56,False,0.1714416009440448,0.005094704812770896,0.5665087773662599,274.0168624470243,317.05860415822826,0.0,MS-HIDE,1734,38,case57
True,38,-0.04,True,3,3,False,56,False,0.17144160094404476,0.005094704821590036,0.5578104390977694,271.5672352875117,354.4597916159546,0.0,MS-HIDE,1735,38,case57
True,38,-0.04,True,3,3,False,38,True,0.1714416009440448,0.005094704815940265,0.5592841708891172,279.2802019539522,334.49331011797767,0.0,MS-HIDE,1736,38,case57
True,38,-0.04,True,2,2,False,56,False,0.1714416009440448,0.005094704800528939,0.5522622692596861,276.3824166439008,316.6378818830708,0.0,MS-HIDE,1737,38,case57
True,38,0.04,True,2,2,False,38,True,0.17144160094404476,0.005094704796926201,0.5650046052672695,280.3828186530154,335.0565544940764,0.0,MS-HIDE,1738,38,case57
True,38,0.04,True,5,5,False,56,False,0.1714416009440448,0.005094704843554468,0.569937491349163,281.0036957525881,331.37365270522423,0.0,MS-HIDE,1739,38,case57
True,38,-0.04,True,2,2,False,38,True,0.1714416009440448,0.005094704799048432,0.5602728051661255,292.1468060580082,361.44287018687464,0.0,MS-HIDE,1740,38,case57
True,38,0.04,True,2,2,False,38,True,0.1714416009440448,0.005094704800853578,0.5679989265671327,279.7747374541359,326.5596006269334,0.0,MS-HIDE,1741,38,case57
True,38,-0.04,True,2,2,False,56,False,0.1714416009440448,0.005094704800362756,0.5629864537118693,275.9432894963538,334.6597957832273,0.0,MS-HIDE,1742,38,case57
True,38,-0.04,True,3,3,False,38,True,0.1714416009440448,0.005094704798834782,0.5666705191444084,284.31353745399974,336.61025145556783,0.0,MS-HIDE,1743,38,case57
True,38,-0.04,True,5,5,False,38,True,0.1714416009440448,0.00509470486677284,0.5643846206121083,277.8439687535865,325.7351520849625,0.0,MS-HIDE,1744,38,case57
True,38,0.04,True,3,3,False,56,False,0.17144160094404476,0.00509470482553265,0.5557759549525472,278.074443602236,326.97569964511786,0.0,MS-HIDE,1745,38,case57
True,38,0.04,True,2,2,False,56,False,0.1714416009440448,0.005094704800362756,0.5629864537118693,279.5336501003476,337.2870142193279,0.0,MS-HIDE,1746,38,case57
True,38,0.04,True,4,4,False,38,True,0.1714416009440448,0.005094704870362102,0.55297529796254,296.7833542119479,357.3896139248973,0.0,MS-HIDE,1747,38,case57
True,38,-0.04,True,4,4,False,38,True,0.17144160094404476,0.005094704884035366,0.5660744468366419,279.99443130684085,355.90593751985585,0.0,MS-HIDE,1748,38,case57
True,38,0.04,True,5,5,False,38,True,0.1714416009440448,0.005094704819765733,0.5601034428323786,268.5544603969902,335.10581423761323,0.0,MS-HIDE,1749,38,case57
True,38,-0.04,True,3,3,False,38,True,0.17144160094404476,0.005094704822183394,0.5595705055881541,285.8019083563704,353.57948188320734,0.0,MS-HIDE,1750,38,case57
True,38,0.04,True,5,5,False,56,False,0.1714416009440448,0.0050947048606632215,0.5596615737483985,295.08476020128,371.86513951746747,0.0,MS-HIDE,1751,38,case57
True,38,-0.04,True,3,3,False,38,True,0.17144160094404476,0.005094704813461696,0.5570076684028709,292.7673394937301,355.07555626973044,0.0,MS-HIDE,1752,38,case57
True,38,-0.04,True,1,1,False,56,False,0.1714416009440448,0.0050947047969262,0.5650046052672695,286.05891869810876,370.1385493914131,0.0,MS-HIDE,1753,38,case57
True,38,0.04,True,5,5,False,38,True,0.1714416009440448,0.005094704911889703,0.5628491956120916,280.19488749851007,342.1766774437856,0.0,MS-HIDE,1754,38,case57
True,38,0.04,True,2,2,False,56,False,0.17144160094404476,0.005094704800032348,0.56271434010053,278.64533744577784,333.791412494611,0.0,MS-HIDE,1755,38,case57
True,38,0.04,True,3,3,False,38,True,0.1714416009440448,0.005094704815079176,0.563241867314927,290.8672978548566,362.55048684543,0.0,MS-HIDE,1756,38,case57
True,38,-0.04,True,6,6,False,38,True,0.17144160094404476,0.00509470635498506,0.5623279319487228,283.1267854489852,343.1462014879799,0.0,MS-HIDE,1757,38,case57
True,38,0.04,True,4,4,False,56,False,0.1714416009440448,0.005094704869347675,0.5595293477882581,291.25210419879295,358.69483333663084,0.0,MS-HIDE,1758,38,case57
True,38,0.04,True,2,2,False,56,False,0.1714416009440448,0.0050947517522023315,0.5659816882959895,278.1696229445515,331.9257249619114,0.0,MS-HIDE,1759,38,case57
True,38,0.04,True,2,2,False,38,True,0.1714416009440448,0.005094704796896568,0.5669330636629529,283.07526250137016,327.48115594731644,0.0,MS-HIDE,1760,38,case57
True,38,0.04,True,2,2,False,56,False,0.17144160094404476,0.005094704803706752,0.5537280778086651,291.8649270897731,361.8685874855146,0.0,MS-HIDE,1761,38,case57
True,38,-0.04,True,2,2,False,56,False,0.1714416009440448,0.005094704798834782,0.5666705191444084,279.2512833926594,333.7856297730469,0.0,MS-HIDE,1762,38,case57
True,38,-0.04,True,1,1,False,56,False,0.1714416009440448,0.005094704795421052,0.5599861792284886,317.56468950479757,394.1129869199358,0.0,MS-HIDE,1763,38,case57
True,38,-0.04,True,5,5,False,38,True,0.1714416009440448,0.005094704850592661,0.5679767300913869,285.3140625607921,342.9943982453551,0.0,MS-HIDE,1764,38,case57
True,38,0.04,True,2,2,False,38,True,0.1714416009440448,0.005094704797399284,0.5550133728194608,291.6054104542127,368.46301462501293,0.0,MS-HIDE,1765,38,case57
True,38,-0.04,True,7,7,False,38,True,0.17144160094404476,0.005094705054645467,0.5565412561294382,291.41949999611825,351.31310414290056,0.0,MS-HIDE,1766,38,case57
True,38,0.04,True,1,1,False,38,True,0.17144160094404476,0.005094704799048432,0.5602728051661255,269.63811244349927,322.8957601095317,0.0,MS-HIDE,1767,38,case57
True,38,-0.04,True,3,3,False,38,True,0.1714416009440448,0.00509470481336784,0.5433128752132796,279.20327510801144,350.9252652234864,0.0,MS-HIDE,1768,38,case57
True,38,0.04,True,4,4,False,38,True,0.17144160094404476,0.005094704862265561,0.531703376319777,279.1544353996869,327.9237542214105,0.0,MS-HIDE,1769,38,case57
True,38,0.04,True,3,3,False,56,False,0.1714416009440448,0.005094704814282311,0.5558363842400528,280.6141728942748,328.4039145655697,0.0,MS-HIDE,1770,38,case57
True,38,-0.04,True,2,2,False,56,False,0.1714416009440448,0.005094704798834782,0.5666705191444084,273.50459164881613,317.5692996941507,0.0,MS-HIDE,1771,38,case57
True,38,0.04,True,4,4,False,56,False,0.1714416009440448,0.005094704805939415,0.5600317988582417,288.9264645986259,324.7900544607547,0.0,MS-HIDE,1772,38,case57
True,38,-0.04,True,2,2,False,56,False,0.1714416009440448,0.005094704800927663,0.5638113687368344,283.99094370543025,347.37416221760213,0.0,MS-HIDE,1773,38,case57
True,38,0.04,True,2,2,False,56,False,0.17144160094404476,0.0050947047969262,0.5650046052672695,292.79864575364627,349.72098089347134,0.0,MS-HIDE,1774,38,case57
True,38,-0.04,True,2,2,False,38,True,0.17144160094404476,0.005094704798834782,0.5666705191444084,281.9423853477929,351.0946565074846,0.0,MS-HIDE,1775,38,case57
True,38,-0.04,True,2,2,False,38,True,0.1714416009440448,0.005094704798834782,0.5666705191444084,284.6853895985987,340.4237833019579,0.0,MS-HIDE,1776,38,case57
True,38,0.04,True,4,4,False,56,False,0.1714416009440448,0.0051101503643301086,0.5598215461754928,286.1998332460644,345.00382853439083,0.0,MS-HIDE,1777,38,case57
True,38,0.04,True,4,4,False,56,False,0.17144160094404476,0.00509470486807438,0.5520500153576807,286.5278500423301,331.9000809045974,0.0,MS-HIDE,1778,38,case57
True,38,0.04,True,2,2,False,56,False,0.1714416009440448,0.005094704800853578,0.5679989265671327,287.81551659922116,347.98999757913407,0.0,MS-HIDE,1779,38,case57
True,38,-0.04,True,2,2,False,38,True,0.17144160094404476,0.005094704797421862,0.5647315783716732,273.02512305323035,336.06591078278143,0.0,MS-HIDE,1780,38,case57
True,38,-0.04,True,3,3,False,38,True,0.17144160094404476,0.005094704802425437,0.5545779573965309,276.5291478979634,329.03070143656805,0.0,MS-HIDE,1781,38,case57
True,38,-0.04,True,5,5,False,38,True,0.1714416009440448,0.005094705114666474,0.5540609541727711,275.7530063012382,323.0539704847615,0.0,MS-HIDE,1782,38,case57
True,38,0.04,True,3,3,False,38,True,0.1714416009440448,0.005094704828662226,0.5583654786362097,277.9813165892847,330.07699164154474,0.0,MS-HIDE,1783,38,case57
True,38,-0.04,True,2,2,False,38,True,0.17144160094404476,0.005094704796505154,0.5579689409573453,281.5898270433536,336.7900066048606,0.0,MS-HIDE,1784,38,case57
True,38,0.04,True,4,4,False,56,False,0.17144160094404476,0.005094704820266061,0.563800624423088,283.53671249351464,335.7018027047161,0.0,MS-HIDE,1785,38,case57
True,38,-0.04,True,3,3,False,38,True,0.17144160094404476,0.005094704800927663,0.5638113687368344,275.992862356361,320.88539377436973,0.0,MS-HIDE,1786,38,case57
True,38,0.04,True,2,2,False,38,True,0.1714416009440448,0.005094704798834782,0.5666705191444084,285.7216457981849,374.4745586795034,0.0,MS-HIDE,1787,38,case57
True,38,-0.04,True,3,3,False,56,False,0.1714416009440448,0.005094704799048432,0.5602728051661255,291.99801665963605,382.14839026622946,0.0,MS-HIDE,1788,38,case57
True,38,0.04,True,3,3,False,56,False,0.17144160094404476,0.005094704822327581,0.556087458768032,282.97779790882487,325.1907875470352,0.0,MS-HIDE,1789,38,case57
True,38,0.04,True,2,2,False,56,False,0.1714416009440448,0.005094704800853577,0.5679989265671327,277.2140501969261,317.1164315775968,0.0,MS-HIDE,1790,38,case57
True,38,-0.04,True,2,2,False,56,False,0.17144160094404476,0.0050947047969262,0.5650046052672695,277.328616642626,338.92758954607416,0.0,MS-HIDE,1791,38,case57
True,38,-0.04,True,3,3,False,56,False,0.17144160094404476,0.005094704810681549,0.5692039998225986,284.70014369813725,337.2864972887328,0.0,MS-HIDE,1792,38,case57
True,38,0.04,True,2,2,False,38,True,0.1714416009440448,0.0050947047986039315,0.555951702686202,273.00131235679146,315.313429190428,0.0,MS-HIDE,1793,38,case57
True,38,-0.04,True,3,3,False,56,False,0.1714416009440448,0.005094704796505154,0.5579689409573453,281.46741870150436,343.9422041672515,0.0,MS-HIDE,1794,38,case57
True,38,0.04,True,4,4,False,56,False,0.1714416009440448,0.005094704800853578,0.5679989265671327,274.40910206059925,344.3830520904158,0.0,MS-HIDE,1795,38,case57
True,38,-0.04,True,3,3,False,56,False,0.17144160094404476,0.005094704812363376,0.54384660985194,280.29608750366606,328.6826627823757,0.0,MS-HIDE,1796,38,case57
True,38,-0.04,True,4,4,False,56,False,0.1714416009440448,0.005094704874390567,0.5486478699139209,287.5251167395618,339.77328330511233,0.0,MS-HIDE,1797,38,case57
True,38,0.04,True,2,2,False,56,False,0.17144160094404476,0.005094704799048432,0.5602728051661255,276.89355830370914,344.8435687489109,0.0,MS-HIDE,1798,38,case57
True,38,-0.04,True,2,2,False,56,False,0.1714416009440448,0.005094704799048432,0.5602728051661255,267.2357750037918,317.2632354137022,0.0,MS-HIDE,1799,38,case57
True,48,0.04,True,1,1,False,48,True,3.8671808797186197e-10,0.0012871486814964304,0.36998287770533844,288.6489207914565,358.9312832511496,0.0,MS-HIDE,1800,48,case57
True,48,0.04,True,1,1,False,48,True,3.867180879718645e-10,0.0011531365808604985,0.3651106009510715,295.91892920434475,337.4448229413247,0.0,MS-HIDE,1801,48,case57
True,48,0.04,True,2,2,False,48,True,3.8671808797186316e-10,0.001140215294479902,0.3597676356226568,300.5301460507326,369.15645209955983,0.0,MS-HIDE,1802,48,case57
True,48,0.04,True,2,2,False,48,True,3.8671806051183597e-10,0.0013040373236094822,0.36520175833186364,279.4927063951036,331.7734645679593,0.0,MS-HIDE,1803,48,case57
True,48,0.04,True,3,3,False,48,True,3.8671808797215965e-10,0.001294255009993617,0.4039017137100108,287.49144384928513,336.37884856143506,0.0,MS-HIDE,1804,48,case57
True,48,-0.04,True,1,1,False,48,True,3.867180879718621e-10,0.00115310991779715,0.3514123810770443,281.7983186978381,330.8517934696283,0.0,MS-HIDE,1805,48,case57
True,48,0.04,True,1,1,False,48,True,3.867180879718625e-10,0.0013040031163339281,0.33462251960609435,287.03093115473166,368.11174850736285,0.0,MS-HIDE,1806,48,case57
True,48,0.04,True,2,2,False,48,True,3.867180879718622e-10,0.001145803041792826,0.3805701358081588,281.8729480000911,336.9860003062058,0.0,MS-HIDE,1807,48,case57
True,48,-0.04,True,1,1,False,48,True,3.86718060511873e-10,0.0013040014453492789,0.37645623558453956,281.33415630145464,340.0424042105442,0.0,MS-HIDE,1808,48,case57
True,48,-0.04,True,2,2,False,48,True,3.8671808797186145e-10,0.0013034730379256642,0.3589703045719793,284.88375199667644,338.0330648942618,0.0,MS-HIDE,1809,48,case57
True,48,0.04,True,2,2,False,48,True,3.867180879719619e-10,0.0013034438150348047,0.3664776140725422,278.076881103334,328.49599193723407,0.0,MS-HIDE,1810,48,case57
True,48,0.04,True,2,2,False,48,True,3.867180605118996e-10,0.0013034451996471535,0.3602798535564973,291.81459985265974,365.5213104240829,0.0,MS-HIDE,1811,48,case57
True,48,-0.04,True,2,2,False,48,True,3.8671808797186166e-10,0.0012942310404415517,0.3834185399380775,313.185954245273,372.4697497033049,0.0,MS-HIDE,1812,48,case57
True,48,0.04,True,2,2,False,48,True,3.8999926481087304e-10,0.0013030139460186963,0.4157589555337321,280.9973500465276,323.59858509735204,0.0,MS-HIDE,1813,48,case57
True,48,0.04,True,1,1,False,48,True,3.8671808797199313e-10,0.001304037315911842,0.35827153751963825,279.2576709500281,346.9930214836495,0.0,MS-HIDE,1814,48,case57
True,48,-0.04,True,1,1,False,48,True,3.8671808797204545e-10,0.001304037192475876,0.3540342068965884,274.18896660092287,316.9576750078704,0.0,MS-HIDE,1815,48,case57
True,48,-0.04,True,2,2,False,48,True,3.8671808797186673e-10,0.0012942145145468757,0.35873520781138823,279.35463325411547,345.19187112746295,0.0,MS-HIDE,1816,48,case57
True,48,0.04,True,2,2,False,48,True,3.867180879720598e-10,0.0011526952539324747,0.38562966388298026,273.4675876039546,320.00115450064186,0.0,MS-HIDE,1817,48,case57
True,48,-0.04,True,1,1,False,48,True,3.8671808797186145e-10,0.0010409027206622538,0.3848998046552342,275.49814794620033,325.24771461612545,0.0,MS-HIDE,1818,48,case57
True,48,-0.04,True,2,2,False,48,True,3.8671808797186254e-10,0.0013034731337900252,0.36670821934932973,287.90397715347353,345.07444374321494,0.0,MS-HIDE,1819,48,case57
True,48,0.04,True,2,2,False,48,True,3.867180879718616e-10,0.0013034714465352552,0.419996286156782,283.3528479997767,330.2758083475055,0.0,MS-HIDE,1820,48,case57
True,48,-0.04,True,1,1,False,48,True,3.8913439092544584e-10,0.0011458416960161112,0.3731697838521877,289.55048744392116,372.2923369175988,0.0,MS-HIDE,1821,48,case57
True,48,-0.04,True,2,2,False,48,True,3.867180879718745e-10,0.001294714314881453,0.35920355797212966,274.2942124576075,329.6390187519137,0.0,MS-HIDE,1822,48,case57
True,48,-0.04,True,1,1,False,48,True,3.8671808797186874e-10,0.001153136580556802,0.3727583871047574,273.43388330191374,315.42419585748576,0.0,MS-HIDE,1823,48,case57
True,48,0.04,True,2,2,False,48,True,3.8671806051184626e-10,0.001294688141100287,0.36569577428953726,249.4827813032316,308.690829508123,0.0,MS-HIDE,1824,48,case57
True,48,0.04,True,2,2,False,48,True,3.8671806051201407e-10,0.0011526953940174363,0.3731660938764916,271.7505125561729,317.55183397617657,0.0,MS-HIDE,1825,48,case57
True,48,-0.04,True,1,1,False,48,True,3.867180879718718e-10,0.0011531098380469552,0.3732195566449391,307.22831244929694,375.0738937116694,0.0,MS-HIDE,1826,48,case57
True,48,-0.04,True,1,1,False,48,True,3.89372751991164e-10,0.0012947143094068578,0.369933104912587,300.89255219500046,347.50226672040304,0.0,MS-HIDE,1827,48,case57
True,48,0.04,True,1,1,False,48,True,3.8671808797190173e-10,0.0013030376160648764,0.35922241641033603,268.65078760602046,322.08709443802945,0.0,MS-HIDE,1828,48,case57
True,48,0.04,True,3,3,False,48,True,3.8671806051187966e-10,0.0012942321039821356,0.3642029287278765,282.1877377049532,328.56767533521634,0.0,MS-HIDE,1829,48,case57
True,48,-0.04,True,2,2,False,48,True,3.8671808797186166e-10,0.0013034451993429407,0.3797649207595766,285.289783301414,342.824779485818,0.0,MS-HIDE,1830,48,case57
True,48,-0.04,True,2,2,False,48,True,4.939405878775193e-10,0.0013034451946360122,0.3771550026368806,281.4132354949834,349.03516074700747,0.0,MS-HIDE,1831,48,case57
True,48,0.04,True,2,2,False,48,True,3.9964351362089395e-10,0.001153108593168983,0.39333692684578103,277.1133853500942,336.08901277766563,0.0,MS-HIDE,1832,48,case57
True,48,-0.04,True,2,2,False,48,True,3.86718060511841e-10,0.0013040352559203416,0.3645235248629548,283.8191458489746,355.694256265997,0.0,MS-HIDE,1833,48,case57
True,48,-0.04,True,2,2,False,48,True,3.8671808797186145e-10,0.0010353106626646163,0.3779120164552717,272.02703750226647,338.7726389133604,0.0,MS-HIDE,1834,48,case57
True,48,0.04,True,1,1,False,48,True,3.8671808797194097e-10,0.0013034451996445074,0.35020548486261227,268.92133329820354,317.77822054864373,0.0,MS-HIDE,1835,48,case57
True,48,0.04,True,1,1,False,48,True,3.8671808797214383e-10,0.0013040002235797815,0.3996512047366476,281.077252299292,336.8780708464328,0.0,MS-HIDE,1836,48,case57
True,48,0.04,True,1,1,False,48,True,3.8671808797186145e-10,0.0011396621566486665,0.3876237870198148,298.6417979991529,360.8529336139328,0.0,MS-HIDE,1837,48,case57
True,48,0.04,True,2,2,False,48,True,3.867180879719107e-10,0.0013040013806051708,0.3680022849818083,289.60638324788306,332.0258437510347,0.0,MS-HIDE,1838,48,case57
True,48,0.04,True,2,2,False,48,True,3.8671808797187526e-10,0.0011454805559487158,0.3760787070525131,276.7991103522945,327.3011729004793,0.0,MS-HIDE,1839,48,case57
True,48,-0.04,True,1,1,False,48,True,3.867180879718765e-10,0.0012946880627933389,0.35827153751963836,288.04505206353497,357.4624833621783,0.0,MS-HIDE,1840,48,case57
True,48,0.04,True,1,1,False,48,True,3.9652336253464116e-10,0.0011531099180320118,0.3616704571677909,279.0319271472981,326.8543356505688,0.0,MS-HIDE,1841,48,case57
True,48,0.04,True,2,2,False,48,True,5.103118763919896e-10,0.0012947159919898695,0.3686046974898627,284.0754082571948,345.1679747289745,0.0,MS-HIDE,1842,48,case57
True,48,-0.04,True,2,2,False,48,True,3.867180879718678e-10,0.0012946881462641987,0.3472589643862791,274.7017146932194,322.708093712572,0.0,MS-HIDE,1843,48,case57
True,48,0.04,True,1,1,False,48,True,3.995808405074617e-10,0.0013034451943719453,0.40976468943322597,281.7473728500772,337.7353648596909,0.0,MS-HIDE,1844,48,case57
True,48,0.04,True,2,2,False,48,True,3.8671808797207073e-10,0.0013034437460855738,0.38287734423723097,274.656154049444,327.390831624507,0.0,MS-HIDE,1845,48,case57
True,48,0.04,True,2,2,False,48,True,3.867180879718616e-10,0.0012871486077675757,0.37534914081382775,270.8600415964611,319.17022645648103,0.0,MS-HIDE,1846,48,case57
True,48,-0.04,True,1,1,False,48,True,3.8671808797187774e-10,0.0012946867668409954,0.3729021305865856,282.4748644954525,329.74110413342714,0.0,MS-HIDE,1847,48,case57
True,48,-0.04,True,1,1,False,48,True,3.867180879718616e-10,0.001145802986543217,0.3964193733013254,291.6321770986542,356.4477433770663,0.0,MS-HIDE,1848,48,case57
True,48,-0.04,True,1,1,False,48,True,3.8671808797187324e-10,0.0011454806212937102,0.3732195566449391,259.5264186587883,303.18941426230595,0.0,MS-HIDE,1849,48,case57
True,48,0.04,True,2,2,False,48,True,3.8671808797208546e-10,0.0011531365868408907,0.38391842216739547,282.8366645378992,343.47381067927927,0.0,MS-HIDE,1850,48,case57
True,48,0.04,True,2,2,False,48,True,3.867180879718664e-10,0.0012947142314551144,0.3764454525680202,293.41898759885225,342.70512114162557,0.0,MS-HIDE,1851,48,case57
True,48,-0.04,True,2,2,False,48,True,3.867180879718738e-10,0.001304037323212804,0.347258964386279,296.9993728562258,355.0342541566352,0.0,MS-HIDE,1852,48,case57
True,48,-0.04,True,2,2,False,48,True,3.867180879718648e-10,0.001145462724698277,0.4085823162224651,275.8157666947227,324.0210732270498,0.0,MS-HIDE,1853,48,case57
True,48,0.04,True,2,2,False,48,True,3.8671808797188673e-10,0.0012942549320718527,0.375227872681798,282.8230208950117,371.163778816117,0.0,MS-HIDE,1854,48,case57
True,48,0.04,True,1,1,False,48,True,3.8671808797189537e-10,0.00130344374280474,0.43396251203684,286.4692772098351,332.95803575601894,0.0,MS-HIDE,1855,48,case57
True,48,-0.04,True,2,2,False,48,True,3.8671808797187774e-10,0.0011531348297896074,0.391176543490548,285.1091792108491,324.59870691236574,0.0,MS-HIDE,1856,48,case57
True,48,0.04,True,2,2,False,48,True,3.867180879718621e-10,0.0013040335797358106,0.3813923332599304,289.61626249656547,340.12867739074863,0.0,MS-HIDE,1857,48,case57
True,48,0.04,True,1,1,False,48,True,3.8671808797186197e-10,0.0011458417009079615,0.36035083199080054,275.9208728966769,342.95733922044747,0.0,MS-HIDE,1858,48,case57
True,48,0.04,True,2,2,False,48,True,3.8692740480931936e-10,0.0011454794841566866,0.4059747453031147,274.3833626504056,329.6281651942991,0.0,MS-HIDE,1859,48,case57
True,48,0.04,True,2,2,False,48,True,3.867180879720918e-10,0.0013034451943096403,0.39139347169332095,271.0802605113713,321.7805937718368,0.0,MS-HIDE,1860,48,case57
True,48,-0.04,True,1,1,False,48,True,3.8671806051183597e-10,0.001145840382525252,0.3488208767618487,282.2918292047689,332.77622326859273,0.0,MS-HIDE,1861,48,case57
True,48,-0.04,True,1,1,False,48,True,3.8671808797186244e-10,0.001287129414595529,0.38916822745368906,305.22045214893296,377.67519196495414,0.0,MS-HIDE,1862,48,case57
True,48,0.04,True,2,2,False,48,True,3.867180879718617e-10,0.0012946866950712726,0.3976499013697492,276.7245625524083,321.5424285590416,0.0,MS-HIDE,1863,48,case57
True,48,0.04,True,2,2,False,48,True,3.8671808797212713e-10,0.0012946644876446678,0.38716093921796313,278.2334188144887,321.2473351188237,0.0,MS-HIDE,1864,48,case57
True,48,-0.04,True,2,2,False,48,True,3.8671808797186244e-10,0.0013034731398998002,0.38370253392789755,283.4823790966766,330.5407580366591,0.0,MS-HIDE,1865,48,case57
True,48,0.04,True,1,1,False,48,True,3.867180879718838e-10,0.001304003211539933,0.36736105188579427,274.8450957937166,323.68836875248235,0.0,MS-HIDE,1866,48,case57
True,48,0.04,True,1,1,False,48,True,3.8671808797187055e-10,0.0013040351547237376,0.361766052952729,281.0024498932762,329.49245419004,0.0,MS-HIDE,1867,48,case57
True,48,0.04,True,1,1,False,48,True,3.8671808797186166e-10,0.0011398947572055854,0.38950497992554356,279.17474580171984,337.47355800587684,0.0,MS-HIDE,1868,48,case57
True,48,0.04,True,1,1,False,48,True,3.867180879718616e-10,0.001145185096896233,0.412758846305158,291.5065771958325,362.61635864793794,0.0,MS-HIDE,1869,48,case57
True,48,-0.04,True,1,1,False,48,True,3.8671808797186145e-10,0.0010353107160398663,0.3649206320573236,268.73306255147327,314.7627235215623,0.0,MS-HIDE,1870,48,case57
True,48,-0.04,True,1,1,False,48,True,3.8671808797186326e-10,0.0013040336703323276,0.3852134418518235,282.52119595417753,353.57690037635626,0.0,MS-HIDE,1871,48,case57
True,48,0.04,True,2,2,False,48,True,3.8671808797186145e-10,0.001041263466752934,0.35041999942496127,285.5085832910845,332.875285751652,0.0,MS-HIDE,1872,48,case57
True,48,-0.04,True,2,2,False,48,True,3.8671808797187634e-10,0.0013040373236616208,0.36265651827904266,280.93771255225874,321.4361149381148,0.0,MS-HIDE,1873,48,case57
True,48,-0.04,True,2,2,False,48,True,3.86718087971862e-10,0.001303976877206747,0.37288196707347143,244.11921040154994,306.1785089055775,0.0,MS-HIDE,1874,48,case57
True,48,0.04,True,1,1,False,48,True,3.8671806051211364e-10,0.001153136586690021,0.3599932276188602,298.0145874462323,368.4881672932534,0.0,MS-HIDE,1875,48,case57
True,48,-0.04,True,1,1,False,48,True,3.867180879718738e-10,0.0013040335838720777,0.385881775721337,295.72876661550254,357.1788080211263,0.0,MS-HIDE,1876,48,case57
True,48,0.04,True,2,2,False,48,True,3.867180605119147e-10,0.0012942549244218018,0.37740711447523745,292.39269165263977,340.04283128888346,0.0,MS-HIDE,1877,48,case57
True,48,0.04,True,2,2,False,48,True,3.8671808797186244e-10,0.0013040371922132476,0.356727097085764,285.1792646019021,346.5649687655969,0.0,MS-HIDE,1878,48,case57
True,48,-0.04,True,2,2,False,48,True,3.8671808797186554e-10,0.0013040373237020626,0.34226422139042634,283.0017437954666,333.8787152169971,0.0,MS-HIDE,1879,48,case57
True,48,0.04,True,2,2,False,48,True,3.867180879718713e-10,0.0013040352559578292,0.3686046974898626,287.8420355002163,365.43081937998073,0.0,MS-HIDE,1880,48,case57
True,48,0.04,True,2,2,False,48,True,3.86718060511858e-10,0.001153136586841495,0.37284244700721203,285.28994779335335,363.23915863467846,0.0,MS-HIDE,1881,48,case57
True,48,0.04,True,1,1,False,48,True,3.867180879718616e-10,0.0013034730330713895,0.34050099848072524,288.4346083010314,337.1897253120551,0.0,MS-HIDE,1882,48,case57
True,48,0.04,True,2,2,False,48,True,3.867180879718893e-10,0.0013034713641228472,0.3924349381727561,284.09635841089766,341.51798541715834,0.0,MS-HIDE,1883,48,case57
True,48,-0.04,True,3,3,False,48,True,3.8671808797186166e-10,0.0011531365806615166,0.38609237598299306,280.0706312904367,344.64933710987685,0.0,MS-HIDE,1884,48,case57
True,48,-0.04,True,2,2,False,48,True,3.8671808797186145e-10,0.001035293100854257,0.3672489418811282,276.451250052196,316.4322610507952,0.0,MS-HIDE,1885,48,case57
True,48,0.04,True,2,2,False,48,True,3.86718087971968e-10,0.001304037198595845,0.3851887333241294,277.7214583969908,341.3932423427468,0.0,MS-HIDE,1886,48,case57
True,48,-0.04,True,1,1,False,48,True,3.867180879718649e-10,0.0012942320481234065,0.3956415853328903,318.0637958459556,384.1963517101249,0.0,MS-HIDE,1887,48,case57
True,48,0.04,True,2,2,False,48,True,3.8725657730907634e-10,0.0011454806213179684,0.38192295691146416,285.8242228481686,349.68937710509636,0.0,MS-HIDE,1888,48,case57
True,48,0.04,True,2,2,False,48,True,3.867180879718625e-10,0.0012871284635512788,0.36644431413462975,286.2613248464186,345.5514413188212,0.0,MS-HIDE,1889,48,case57
True,48,-0.04,True,1,1,False,48,True,3.8671808797186145e-10,0.0013034731401802778,0.33501109785678995,287.9135875555221,352.2707002935931,0.0,MS-HIDE,1890,48,case57
True,48,0.04,True,1,1,False,48,True,3.8671808797186145e-10,0.0012875372446438935,0.3849308968306392,281.11156869272236,324.51535869331565,0.0,MS-HIDE,1891,48,case57
True,48,0.04,True,1,1,False,48,True,3.8671806051189997e-10,0.0013034730378094891,0.3618241492187195,286.53267080080695,363.68063894624356,0.0,MS-HIDE,1892,48,case57
True,48,-0.04,True,1,1,False,48,True,3.991787813485086e-10,0.0013040373233046813,0.35775921827399315,287.62674370082095,330.1051225978881,0.0,MS-HIDE,1893,48,case57
True,48,-0.04,True,2,2,False,48,True,3.8671808797193295e-10,0.0013040373096060089,0.34479570138499793,286.2113167560892,361.346730942023,0.0,MS-HIDE,1894,48,case57
True,48,-0.04,True,1,1,False,48,True,3.867180879719144e-10,0.0013040373235128542,0.35827153751963825,277.20386650180444,327.3459023796022,0.0,MS-HIDE,1895,48,case57
True,48,0.04,True,1,1,False,48,True,3.95119691853476e-10,0.0011531348332583004,0.36220562569736403,267.20048745628446,304.24300387094263,0.0,MS-HIDE,1896,48,case57
True,48,0.04,True,1,1,False,48,True,3.867180879718617e-10,0.001152693962366412,0.38816757577023986,286.1947082012193,341.41298993781675,0.0,MS-HIDE,1897,48,case57
True,48,0.04,True,1,1,False,48,True,3.867180879719111e-10,0.0011526724655756446,0.36898222602188935,282.41840215341654,335.29186252562806,0.0,MS-HIDE,1898,48,case57
True,48,0.04,True,2,2,False,48,True,3.867180879719012e-10,0.0011454617974582212,0.40732183334318545,224.92196474631783,282.8075000201352,0.0,MS-HIDE,1899,48,case57
True,49,0.04,True,1,1,False,49,True,7.069591194819283e-10,0.0016130129439566288,0.4481941531232897,283.4241041477071,332.2049691225402,0.0,MS-HIDE,1900,49,case57
True,49,-0.04,True,1,1,False,49,True,4.1005170463242414e-10,0.0016130129420948076,0.4641370621006184,299.9774063035147,351.4537542156177,0.0,MS-HIDE,1901,49,case57
True,49,-0.04,True,1,1,False,49,True,4.189156498492791e-10,0.0016130129421555162,0.4511963312110435,293.66678755613975,325.77227539150044,0.0,MS-HIDE,1902,49,case57
True,49,0.04,True,1,1,False,49,True,4.082228719685342e-10,0.0016130129421501715,0.45538388904134197,287.9382458952023,372.6385017187568,0.0,MS-HIDE,1903,49,case57
True,49,-0.04,True,1,1,False,49,True,4.0614964518838367e-10,0.0016130129421466964,0.45538388904134197,282.4376166478032,338.4014961629873,0.0,MS-HIDE,1904,49,case57
True,49,-0.04,True,2,2,False,49,True,3.9364524083202223e-10,0.001613012942253091,0.4436912294729881,275.68321869475767,324.4204829708906,0.0,MS-HIDE,1905,49,case57
True,49,-0.04,True,1,1,False,49,True,3.989589207471213e-10,0.0016130129420762929,0.4641370621006184,283.05979775614105,339.32403063809033,0.0,MS-HIDE,1906,49,case57
True,49,-0.04,True,1,1,False,49,True,4.1199268038653456e-10,0.0016130129421565143,0.45538388904134197,274.14386664750054,326.0503728874028,0.0,MS-HIDE,1907,49,case57
True,49,-0.04,True,2,2,False,49,True,4.859128132458445e-10,0.001613012942368894,0.45538115662263834,290.3032061527483,363.9246371749323,0.0,MS-HIDE,1908,49,case57
True,49,-0.04,True,2,2,False,49,True,4.236882615382009e-10,0.001613012942116297,0.4453062687323632,290.8544521575095,343.60496185254306,0.0,MS-HIDE,1909,49,case57
True,49,0.04,True,1,1,False,49,True,4.2185567563112826e-10,0.0016130129432164596,0.4463517415470277,283.16899775818456,326.3434806111036,0.0,MS-HIDE,1910,49,case57
True,49,-0.04,True,1,1,False,49,True,4.242954352368602e-10,0.0016130129421774008,0.45538388904134197,285.6715730478754,331.93079437478445,0.0,MS-HIDE,1911,49,case57
True,49,-0.04,True,2,2,False,49,True,4.2249649826388946e-10,0.0016130129421158925,0.4641370621006184,317.94927720329724,420.35008336242754,0.0,MS-HIDE,1912,49,case57
True,49,-0.04,True,3,3,False,49,True,4.5543696681203643e-10,0.0016130129423224827,0.44592611584785946,277.81102295266464,319.08390028984286,0.0,MS-HIDE,1913,49,case57
True,49,0.04,True,1,1,False,49,True,4.4914552143421165e-10,0.0016130129422202496,0.45538388904134197,279.6619520406239,331.9053725688718,0.0,MS-HIDE,1914,49,case57
True,49,-0.04,True,3,3,False,49,True,3.9168331404962026e-10,0.0016130129422794277,0.4460394675130557,283.5734125546878,340.2932997152675,0.0,MS-HIDE,1915,49,case57
True,49,0.04,True,1,1,False,49,True,4.003394191024344e-10,0.001613012943213477,0.4472017793689508,273.29468329262454,312.4746181070805,0.0,MS-HIDE,1916,49,case57
True,49,-0.04,True,2,2,False,49,True,4.008659194151868e-10,0.0016130129425016271,0.4425739587048742,282.9595416522352,350.57963536237366,0.0,MS-HIDE,1917,49,case57
True,49,-0.04,True,1,1,False,49,True,3.9970761038499804e-10,0.0016130129422366692,0.4407417890514927,285.5578604125185,347.96396697638556,0.0,MS-HIDE,1918,49,case57
True,49,0.04,True,2,2,False,49,True,4.608129330642847e-10,0.0016130129422333732,0.45679414779698985,270.85453960462473,316.62299827439716,0.0,MS-HIDE,1919,49,case57
True,49,-0.04,True,1,1,False,49,True,3.900265219907388e-10,0.001613012942226675,0.4582928122416674,280.6075417000102,337.63255000230856,0.0,MS-HIDE,1920,49,case57
True,49,-0.04,True,2,2,False,49,True,4.070442459511694e-10,0.0016130129423957546,0.458555356760212,283.59808530076407,334.9338568892563,0.0,MS-HIDE,1921,49,case57
True,49,-0.04,True,1,1,False,49,True,4.3552320352765213e-10,0.0016130129421673292,0.4465500607925668,280.4989105585264,323.9176500297618,0.0,MS-HIDE,1922,49,case57
True,49,0.04,True,2,2,False,49,True,6.48984585317429e-10,0.0016130129420385462,0.4517503495369857,281.98446050228085,329.62877711397596,0.0,MS-HIDE,1923,49,case57
True,49,-0.04,True,1,1,False,49,True,6.334328588268786e-10,0.001613012942865515,0.44313027855401754,228.26556875079405,286.8544996686978,0.0,MS-HIDE,1924,49,case57
True,49,0.04,True,1,1,False,49,True,4.3478455926589284e-10,0.0016130129422015345,0.4511963312110435,286.46984994702507,369.21352255740203,0.0,MS-HIDE,1925,49,case57
True,49,0.04,True,2,2,False,49,True,4.763581038705908e-10,0.0016130129423836484,0.4544050955664535,298.64978735568,369.7304496861762,0.0,MS-HIDE,1926,49,case57
True,49,-0.04,True,1,1,False,49,True,4.1099861873882717e-10,0.001613012942096402,0.4641370621006184,280.63265410310123,334.05621210404206,0.0,MS-HIDE,1927,49,case57
True,49,0.04,True,2,2,False,49,True,4.051309183951347e-10,0.001613012943162475,0.4523895677414787,285.75037509726826,343.6844465060858,0.0,MS-HIDE,1928,49,case57
True,49,0.04,True,1,1,False,49,True,5.223916926492266e-10,0.001613012943426205,0.4472017793689508,278.8915104145417,326.05533956084406,0.0,MS-HIDE,1929,49,case57
True,49,0.04,True,1,1,False,49,True,4.031002268322273e-10,0.001613012942087362,0.45225946169651976,270.5556500935927,326.87225208210293,0.0,MS-HIDE,1930,49,case57
True,49,0.04,True,1,1,False,49,True,4.051648125096829e-10,0.0016130129421450493,0.45538388904134197,286.3433561025886,350.9833499992965,0.0,MS-HIDE,1931,49,case57
True,49,0.04,True,1,1,False,49,True,3.995033042978833e-10,0.0016130129420783535,0.4577393481223356,286.79873124929145,348.579083068762,0.0,MS-HIDE,1932,49,case57
True,49,-0.04,True,1,1,False,49,True,3.8671806051183747e-10,0.002074350132115519,0.45001270940872223,282.98801670316607,359.2460020794533,0.0,MS-HIDE,1933,49,case57
True,49,-0.04,True,1,1,False,49,True,0.003996764804490728,0.001637799151213556,0.441100495828849,278.09404375148006,329.5683080592426,0.0,MS-HIDE,1934,49,case57
True,49,-0.04,True,2,2,False,49,True,4.02230549854549e-10,0.0016130129423862888,0.4466356659167199,285.3832291497383,333.2232229266083,0.0,MS-HIDE,1935,49,case57
True,49,-0.04,True,2,2,False,49,True,4.131765801779042e-10,0.0016130129424269811,0.43595728251776744,281.1193728935905,336.6098669968778,0.0,MS-HIDE,1936,49,case57
True,49,0.04,True,1,1,False,49,True,3.9111945828590156e-10,0.0016130129421292197,0.4511963312110435,304.84535625146236,363.09083961532457,0.0,MS-HIDE,1937,49,case57
True,49,0.04,True,1,1,False,49,True,4.310241958141756e-10,0.0016130129421601657,0.4474984827312613,282.84588130482007,323.99951846164186,0.0,MS-HIDE,1938,49,case57
True,49,0.04,True,3,3,False,49,True,4.1639148582023674e-10,0.001613012942256848,0.45367315230610605,276.4997521939222,322.1592339075869,0.0,MS-HIDE,1939,49,case57
True,49,0.04,True,1,1,False,49,True,4.194907416785838e-10,0.0016130129421062392,0.4641370621006184,291.60793324699625,339.8800937982742,0.0,MS-HIDE,1940,49,case57
True,49,-0.04,True,1,1,False,49,True,3.9517099424274534e-10,0.0016130129420638593,0.46192690595263397,279.4920563494088,319.0724673186196,0.0,MS-HIDE,1941,49,case57
True,49,-0.04,True,2,2,False,49,True,4.2760740897028367e-10,0.0016130129427188035,0.436506148579233,286.99898544873577,338.5885149327805,0.0,MS-HIDE,1942,49,case57
True,49,-0.04,True,1,1,False,49,True,3.951723110849547e-10,0.0016130129420712134,0.4577393481223356,278.4915728116175,337.8604705329053,0.0,MS-HIDE,1943,49,case57
True,49,0.04,True,1,1,False,49,True,4.1063757963705095e-10,0.0016130129420957936,0.4641370621006184,284.04031455575023,327.6331399130868,0.0,MS-HIDE,1944,49,case57
True,49,0.04,True,2,2,False,49,True,4.045962482677201e-10,0.0016130129420507831,0.4554354839135553,273.18492729682475,323.9606402610662,0.0,MS-HIDE,1945,49,case57
True,49,-0.04,True,1,1,False,49,True,4.154916186379615e-10,0.001613012942242219,0.434463367032242,274.35978970315773,348.18970209744293,0.0,MS-HIDE,1946,49,case57
True,49,0.04,True,1,1,False,49,True,6.876357143395191e-10,0.0016130129428111569,0.45001270940872223,274.89637295075227,343.2966389867943,0.0,MS-HIDE,1947,49,case57
True,49,0.04,True,2,2,False,49,True,3.9712477402811824e-10,0.001613012942073264,0.4641370621006184,276.5280206949683,319.2800270888256,0.0,MS-HIDE,1948,49,case57
True,49,0.04,True,2,2,False,49,True,4.0130821874436047e-10,0.0016130129423860507,0.45044640106634437,212.40858540695626,310.74091049667913,0.0,MS-HIDE,1949,49,case57
True,49,-0.04,True,2,2,False,49,True,4.4275551732303155e-10,0.0016130129427449327,0.44671256731498904,293.7144916970283,387.79652882658417,0.0,MS-HIDE,1950,49,case57
True,49,0.04,True,1,1,False,49,True,3.9712673790610215e-10,0.0016130129420732673,0.4641370621006184,300.109912652988,384.80980209715204,0.0,MS-HIDE,1951,49,case57
True,49,-0.04,True,2,2,False,49,True,4.5268269161698085e-10,0.001613012942133085,0.4554354839135553,283.8275353075005,337.8986854251707,0.0,MS-HIDE,1952,49,case57
True,49,0.04,True,1,1,False,49,True,4.1400452799166703e-10,0.0016130129422675654,0.4518950982633846,271.6539229004411,328.6823562637437,0.0,MS-HIDE,1953,49,case57
True,49,0.04,True,1,1,False,49,True,3.999066729257363e-10,0.0016130129423034647,0.4574419778709523,281.96103760565165,349.28292740660254,0.0,MS-HIDE,1954,49,case57
True,49,0.04,True,0,0,False,49,True,4.1293781089729103e-10,0.0016130129430060379,0.446120784800081,282.52124995633494,349.9213687551674,0.0,MS-HIDE,1955,49,case57
True,49,0.04,True,1,1,False,49,True,4.848185745805604e-10,0.001613012942290188,0.4511963312110435,293.2325354486238,338.93961460853467,0.0,MS-HIDE,1956,49,case57
True,49,-0.04,True,1,1,False,49,True,1.8526508033613827e-09,0.0016130129420422637,0.4479098794786916,277.74228759808466,334.39717917353846,0.0,MS-HIDE,1957,49,case57
True,49,0.04,True,1,1,False,49,True,7.032888004641628e-10,0.0016130129430328018,0.42140636006364085,287.28363544796593,333.0354160309071,0.0,MS-HIDE,1958,49,case57
True,49,-0.04,True,1,1,False,49,True,4.2245165006533003e-10,0.0016130129421568688,0.4554336618340934,282.3335353459697,345.6702077179216,0.0,MS-HIDE,1959,49,case57
True,49,-0.04,True,2,2,False,49,True,4.491986587308099e-10,0.0016130129431081693,0.4415931633735889,271.5584958612453,320.7859336514957,0.0,MS-HIDE,1960,49,case57
True,49,-0.04,True,1,1,False,49,True,4.244884284035012e-10,0.0016130129421192921,0.4641370621006184,279.58980008843355,335.85652707261033,0.0,MS-HIDE,1961,49,case57
True,49,0.04,True,1,1,False,49,True,4.328889879587666e-10,0.001613012942185625,0.45538388904134197,319.25581880495884,404.5039214543067,0.0,MS-HIDE,1962,49,case57
True,49,-0.04,True,1,1,False,49,True,8.759449118368573e-10,0.0016130129420672734,0.4546543228026567,273.65231245639734,321.43865833058953,0.0,MS-HIDE,1963,49,case57
True,49,-0.04,True,1,1,False,49,True,5.766342242330396e-10,0.0016130129424476232,0.45538388904134197,287.42205209855456,361.4544006239157,0.0,MS-HIDE,1964,49,case57
True,49,0.04,True,1,1,False,49,True,4.286063193416266e-10,0.0016130129421641807,0.45502518226398564,277.1595022029942,347.13501075166283,0.0,MS-HIDE,1965,49,case57
True,49,0.04,True,3,3,False,49,True,3.978872960856032e-10,0.0016130129422244341,0.45172596654405317,283.64570010162424,342.115345565253,0.0,MS-HIDE,1966,49,case57
True,49,-0.04,True,1,1,False,49,True,7.825494578192954e-10,0.0016130129431407003,0.42469921260859467,274.0920000564074,339.63377567997674,0.0,MS-HIDE,1967,49,case57
True,49,-0.04,True,2,2,False,49,True,3.8671808797197803e-10,0.0016130129420698198,0.4524799157756709,279.6169499459211,329.91257224057335,0.0,MS-HIDE,1968,49,case57
True,49,0.04,True,1,1,False,49,True,3.920905505439879e-10,0.0016130129420986723,0.4596212196643918,288.62517064553685,351.82829402328935,0.0,MS-HIDE,1969,49,case57
True,49,-0.04,True,2,2,False,49,True,4.574579048852462e-10,0.0016130129424018105,0.44045114953161724,283.5955437505618,355.9330797637813,0.0,MS-HIDE,1970,49,case57
True,49,-0.04,True,2,2,False,49,True,4.118809692566049e-10,0.0016130129423205836,0.4501693550838296,282.54580625216477,397.52714822825516,0.0,MS-HIDE,1971,49,case57
True,49,-0.04,True,2,2,False,49,True,3.9966440319134645e-10,0.0016130129423766542,0.4507637900224108,284.54709785291925,334.82473363983445,0.0,MS-HIDE,1972,49,case57
True,49,0.04,True,1,1,False,49,True,4.0710313270836506e-10,0.001613012942155642,0.4511963312110435,278.8648207933875,338.55249611660844,0.0,MS-HIDE,1973,49,case57
True,49,0.04,True,1,1,False,49,True,4.2490264200490313e-10,0.00161301294212,0.4641370621006184,143.3113583480008,271.5316853806144,0.0,MS-HIDE,1974,49,case57
True,49,-0.04,True,1,1,False,49,True,4.1560192187409e-10,0.0016130129421053365,0.4577393481223356,288.08196654717904,355.20132230594754,0.0,MS-HIDE,1975,49,case57
True,49,-0.04,True,1,1,False,49,True,4.0757713455212384e-10,0.001613012942091811,0.4577393481223356,305.11492294899654,354.65477888355963,0.0,MS-HIDE,1976,49,case57
True,49,0.04,True,2,2,False,49,True,4.162863894956522e-10,0.0016130129424045336,0.4507637900224108,290.7729895581724,361.5736416744767,0.0,MS-HIDE,1977,49,case57
True,49,0.04,True,1,1,False,49,True,5.542166308444435e-10,0.0016130129420633816,0.4641370621006184,273.3831333578564,338.81837291119155,0.0,MS-HIDE,1978,49,case57
True,49,0.04,True,1,1,False,49,True,4.173206072568484e-10,0.0016130129421407468,0.4596212196643918,280.5099520483054,331.36446310672915,0.0,MS-HIDE,1979,49,case57
True,49,-0.04,True,1,1,False,49,True,4.3976253795079386e-10,0.001613012942279444,0.45765786611045023,285.77317924355157,338.21524788218085,0.0,MS-HIDE,1980,49,case57
True,49,0.04,True,1,1,False,49,True,4.021126841572899e-10,0.001613012942081524,0.4641370621006184,282.2677103569731,343.8349065458169,0.0,MS-HIDE,1981,49,case57
True,49,-0.04,True,1,1,False,49,True,4.717033449165222e-10,0.0016130129421414211,0.4479098794786916,282.60394375247415,328.0871981900418,0.0,MS-HIDE,1982,49,case57
True,49,0.04,True,2,2,False,49,True,3.9248938611071926e-10,0.001613012943143727,0.4446425312832321,292.55069375794847,351.4128854381853,0.0,MS-HIDE,1983,49,case57
True,49,-0.04,True,1,1,False,49,True,2.205431245715637e-09,0.001613012946055735,0.43228799034292065,280.15844584733713,349.54044642800005,0.0,MS-HIDE,1984,49,case57
True,49,0.04,True,2,2,False,49,True,3.9186276747575467e-10,0.0016130129422394306,0.4566268983645285,282.9890644963598,361.670080589829,0.0,MS-HIDE,1985,49,case57
True,49,0.04,True,1,1,False,49,True,4.370561862042228e-10,0.0016130129421408697,0.4641370621006184,307.0119729003636,420.4965086479206,0.0,MS-HIDE,1986,49,case57
True,49,0.04,True,1,1,False,49,True,1.1147580446026645e-09,0.0016130136608202277,0.44253869984607186,303.7109146011062,385.22265242063446,0.0,MS-HIDE,1987,49,case57
True,49,0.04,True,2,2,False,49,True,4.257327150281699e-10,0.0016130129422762835,0.45793410546431107,276.1304707499221,333.85312920145225,0.0,MS-HIDE,1988,49,case57
True,49,0.04,True,3,3,False,49,True,4.6089161867155086e-10,0.0016130129423258532,0.45324085221063115,288.6814498953754,338.1361375330016,0.0,MS-HIDE,1989,49,case57
True,49,0.04,True,1,1,False,49,True,4.1622637520494956e-10,0.0016130129421430752,0.45502518226398564,288.16837495251093,338.7417485122569,0.0,MS-HIDE,1990,49,case57
True,49,-0.04,True,1,1,False,49,True,4.004995011792434e-10,0.0016130129421446297,0.4511963312110435,283.63160010194406,366.35226522921585,0.0,MS-HIDE,1991,49,case57
True,49,0.04,True,1,1,False,49,True,5.050686324483039e-10,0.0016130129424045214,0.4582928122416674,285.635662599816,347.82518991560215,0.0,MS-HIDE,1992,49,case57
True,49,0.04,True,3,3,False,49,True,4.4895719382598326e-10,0.001613012942458268,0.4390254957001479,281.1702042003162,336.6564902098617,0.0,MS-HIDE,1993,49,case57
True,49,0.04,True,1,1,False,49,True,4.030338874799837e-10,0.001804692847461193,0.456663052537968,286.97589994990267,327.1777666668641,0.0,MS-HIDE,1994,49,case57
True,49,-0.04,True,1,1,False,49,True,4.1098985078652546e-10,0.001613012942156479,0.4511963312110435,282.024879247183,344.6313353953883,0.0,MS-HIDE,1995,49,case57
True,49,0.04,True,2,2,False,49,True,5.292813583321819e-10,0.0016130129425201048,0.4620785892098077,273.9958978956565,321.06637223332655,0.0,MS-HIDE,1996,49,case57
True,49,-0.04,True,1,1,False,49,True,3.9596688530794084e-10,0.0016130129420725186,0.4577393481223356,276.0571626480669,312.7434184163576,0.0,MS-HIDE,1997,49,case57
True,49,-0.04,True,2,2,False,49,True,3.867180879722996e-10,0.0016130129423900796,0.4468440165745118,247.61301659455057,310.33958958869334,0.0,MS-HIDE,1998,49,case57
True,49,0.04,True,1,1,False,49,True,3.992340323783716e-10,0.0016284661225682872,0.4437223216483931,102.3840311478125,202.09948122501376,0.0,MS-HIDE,1999,49,case57
True,2,-0.04,True,3,3,False,2,True,2.8298494886359455e-06,0.005813921032310636,0.4948417944683423,21.873837453313172,29.137707699555904,0.0,Robust-MTD,0,2,case57
True,2,-0.04,True,1,1,False,2,True,0.0002493609078611935,0.005814195750077644,0.4948417944683423,27.428612447693013,35.764566666330225,0.0,Robust-MTD,1,2,case57
True,2,-0.04,True,2,2,False,3,False,0.1448048776113922,0.00785724009343415,0.4948417944683423,25.076302303932607,31.80673124734313,0.0,Robust-MTD,2,2,case57
True,2,-0.04,True,2,2,False,2,True,1.5999353904611345e-08,0.0058139189128485124,0.4948417944683423,36.93056464835536,77.62809375999498,0.0,Robust-MTD,3,2,case57
True,2,0.04,True,1,1,False,2,True,0.13749147173947587,0.006499565961334142,0.4948417944683423,28.404710392351262,40.87334968789947,0.0,Robust-MTD,4,2,case57
True,2,0.04,True,2,2,False,2,True,1.660507243136725e-05,0.0058139331962261875,0.4948417944683423,31.78289380157366,44.220564531860894,0.0,Robust-MTD,5,2,case57
True,2,0.04,True,1,1,False,2,True,8.304443175294892e-05,0.005814001334024222,0.4948417944683423,29.343226851779036,41.90743302169722,0.0,Robust-MTD,6,2,case57
True,2,-0.04,True,1,1,False,2,True,0.00011857351978279152,0.005814040766315589,0.4948417944683423,29.116183254518546,44.54618325398771,0.0,Robust-MTD,7,2,case57
True,2,0.04,True,1,1,False,2,True,8.641622532094958e-09,0.005813918908651662,0.4948417944683423,30.302983449655585,62.45011042337867,0.0,Robust-MTD,8,2,case57
True,2,0.04,True,2,2,False,2,True,8.258146427649002e-05,0.005814000830593292,0.4948417944683423,31.01017925364431,50.75287149811629,0.0,Robust-MTD,9,2,case57
True,2,-0.04,True,1,1,False,2,True,0.030992525988563877,0.005890626822889779,0.4948417944683423,26.87873745453544,35.404674321762286,0.0,Robust-MTD,10,2,case57
True,2,0.04,True,1,1,False,2,True,1.2174532847672638e-06,0.00581391976801072,0.4948417944683423,30.956539549515583,47.53055000619499,0.0,Robust-MTD,11,2,case57
True,2,0.04,True,1,1,False,2,True,0.00018713825114558742,0.005814120408424542,0.4948417944683423,30.037758307298645,40.70798305328936,0.0,Robust-MTD,12,2,case57
True,2,0.04,True,0,0,False,2,True,0.011884731428225758,0.005837231222810914,0.4948417944683423,32.35277920903172,42.661472561303555,0.0,Robust-MTD,13,2,case57
True,2,0.04,True,1,1,False,2,True,0.0014650488840268754,0.0058159378262573865,0.4948417944683423,31.206049950560555,46.95078780059704,0.0,Robust-MTD,14,2,case57
True,2,0.04,True,1,1,False,2,True,0.0002801576609602855,0.005814233921218936,0.4948417944683423,31.600798096042126,47.12777563836426,0.0,Robust-MTD,15,2,case57
True,2,0.04,True,1,1,False,2,True,1.9551641324588348e-05,0.005813935961132258,0.4948417944683423,32.49349574034568,59.935702083748765,0.0,Robust-MTD,16,2,case57
True,2,-0.04,True,1,1,False,2,True,0.00011315125112842219,0.005814034654379666,0.4948417944683423,38.197356296586804,76.82006106770133,0.0,Robust-MTD,17,2,case57
True,2,-0.04,True,1,1,False,2,True,6.573163385585452e-09,0.005813918907501571,0.4948417944683423,30.698737406055443,58.04166809248273,0.0,Robust-MTD,18,2,case57
True,2,-0.04,True,1,1,False,2,True,8.753351373392776e-07,0.005813919511842563,0.4948417944683423,33.56603755382821,60.6628371140687,0.0,Robust-MTD,19,2,case57
True,2,0.04,True,1,1,False,2,True,0.00035446328179223387,0.005814328072137697,0.4948417944683423,40.85872724826913,63.749579811701565,0.0,Robust-MTD,20,2,case57
True,2,0.04,True,1,1,False,2,True,0.00033175658780888934,0.005814299013342784,0.4948417944683423,29.41426045144908,41.026044083992026,0.0,Robust-MTD,21,2,case57
True,2,0.04,True,1,1,False,2,True,2.0342245446954752e-05,0.0058139367096423245,0.4948417944683423,34.817904100054875,66.22513065522071,0.0,Robust-MTD,22,2,case57
True,2,-0.04,True,1,1,False,2,True,0.002951628441623391,0.005818426108959139,0.4948417944683423,37.2064458031673,76.27360899350609,0.0,Robust-MTD,23,2,case57
True,2,-0.04,True,5,5,False,2,True,0.008942797215225156,0.005830478345241198,0.4948417944683423,34.728648044983856,55.07179792621174,0.0,Robust-MTD,24,2,case57
True,2,-0.04,True,2,2,False,2,True,0.0003178948302820759,0.005814281394659294,0.4948417944683423,21.89729370002169,30.726270849118013,0.0,Robust-MTD,25,2,case57
True,2,0.04,True,2,2,False,2,True,0.000709828416028054,0.005814808558278634,0.4948417944683423,24.997154308948666,30.52611456660088,0.0,Robust-MTD,26,2,case57
True,2,-0.04,True,3,3,False,2,True,4.100181413905119e-05,0.00581395703179852,0.4948417944683423,25.627597951097414,35.81200839544181,0.0,Robust-MTD,27,2,case57
True,2,0.04,True,1,1,False,2,True,0.170285546073987,0.007082100623485451,0.4948417944683423,25.04178514936939,31.386762179317884,0.0,Robust-MTD,28,2,case57
True,2,-0.04,True,1,1,False,2,True,0.0010034707113363084,0.005815233235314486,0.4948417944683423,30.864477102295496,60.16480867401697,0.0,Robust-MTD,29,2,case57
True,2,-0.04,True,2,2,False,2,True,2.9260699372932093e-05,0.005813945319473792,0.4948417944683423,26.936162455240265,33.63179581356235,0.0,Robust-MTD,30,2,case57
True,2,-0.04,True,1,1,False,2,True,7.97666691760011e-06,0.005813925380887703,0.4948417944683423,27.13606255420018,40.197914926102385,0.0,Robust-MTD,31,2,case57
True,2,-0.04,True,1,1,False,2,True,3.010836897911622e-07,0.005813919099502079,0.4948417944683423,31.562885400489904,54.45016638550443,0.0,Robust-MTD,32,2,case57
True,2,-0.04,True,1,1,False,2,True,8.077507286295098e-05,0.005813998869166507,0.4948417944683423,28.27114570827689,36.299661849625416,0.0,Robust-MTD,33,2,case57
True,2,0.04,True,1,1,False,2,True,0.00470646417998776,0.005821672145460794,0.4948417944683423,29.138420656090602,39.96940415818246,0.0,Robust-MTD,34,2,case57
True,2,0.04,True,1,1,False,2,True,1.9426725174763697e-05,0.0058139358431140275,0.4948417944683423,31.15992480015848,55.6814270443283,0.0,Robust-MTD,35,2,case57
True,2,-0.04,True,1,1,False,2,True,8.780946377340492e-05,0.005814006532427796,0.4948417944683423,27.37990005116444,34.53437471180223,0.0,Robust-MTD,36,2,case57
True,2,0.04,True,1,1,False,2,True,1.1708763608365767e-05,0.005813928701360177,0.4948417944683423,27.800668857526034,35.87431075866335,0.0,Robust-MTD,37,2,case57
True,2,0.04,True,1,1,False,2,True,0.0003612840292246434,0.005814336847494259,0.4948417944683423,30.682701952173375,45.81175656639972,0.0,Robust-MTD,38,2,case57
True,2,-0.04,True,1,1,False,2,True,6.931832673033106e-06,0.005813924472289503,0.4948417944683423,28.71734794753138,39.42250444088131,0.0,Robust-MTD,39,2,case57
True,2,-0.04,True,1,1,False,2,True,5.677539902488597e-06,0.005813923396461215,0.4948417944683423,34.72247494501062,59.777411012328244,0.0,Robust-MTD,40,2,case57
True,2,-0.04,True,1,1,False,2,True,0.0006509020743151383,0.0058147260261000085,0.4948417944683423,27.31122920231428,34.49606726644561,0.0,Robust-MTD,41,2,case57
True,2,-0.04,True,2,2,False,2,True,0.0020268662579308737,0.0058168437147915215,0.4948417944683423,30.888054153183475,50.41051213047468,0.0,Robust-MTD,42,2,case57
True,2,0.04,True,1,1,False,2,True,2.4259838579228094e-05,0.005813940456097673,0.4948417944683423,35.04311041033361,55.56975861836693,0.0,Robust-MTD,43,2,case57
True,2,-0.04,True,2,2,False,2,True,0.00120313017807662,0.005815533023033255,0.4948417944683423,34.420385502744466,62.52856936189347,0.0,Robust-MTD,44,2,case57
True,2,-0.04,True,2,2,False,2,True,0.01246308766939407,0.005838612339370425,0.4948417944683423,30.586520899669267,43.99008750915528,0.0,Robust-MTD,45,2,case57
True,2,-0.04,True,1,1,False,2,True,0.00010977573730824439,0.00581403086551819,0.4948417944683423,30.621677142335102,48.99096070439555,0.0,Robust-MTD,46,2,case57
True,2,-0.04,True,3,3,False,2,True,0.0002652509823708427,0.005814215377925823,0.4948417944683423,27.679983346024528,37.86159342271276,0.0,Robust-MTD,47,2,case57
True,2,0.04,True,1,1,False,2,True,2.8283417900095083e-05,0.005813944362504618,0.4948417944683423,26.690333255100995,35.31873124593405,0.0,Robust-MTD,48,2,case57
True,2,-0.04,True,1,1,False,2,True,0.0028191805804531895,0.005818193344500534,0.4948417944683423,35.185404191724956,57.665991669637165,0.0,Robust-MTD,49,2,case57
True,2,0.04,True,1,1,False,2,True,4.314967757444152e-05,0.005813959212799895,0.4948417944683423,22.016104107024148,30.478478837176226,0.0,Robust-MTD,50,2,case57
True,2,-0.04,True,2,2,False,2,True,5.648621125407763e-05,0.005813972978772591,0.4948417944683423,27.12315420503728,31.88537912210454,0.0,Robust-MTD,51,2,case57
True,2,-0.04,True,2,2,False,2,True,0.0008194215955147543,0.005814964574182487,0.4948417944683423,24.23304584226571,34.76456668577157,0.0,Robust-MTD,52,2,case57
True,2,0.04,True,4,4,False,2,True,4.121473615074664e-05,0.005813957247518351,0.4948417944683423,26.082675100769848,35.38998125877698,0.0,Robust-MTD,53,2,case57
True,2,-0.04,True,1,1,False,2,True,0.007808321964673192,0.005828004881569143,0.4948417944683423,29.60430209932383,41.724264522781624,0.0,Robust-MTD,54,2,case57
True,2,0.04,True,2,2,False,2,True,0.13438937408186655,0.006469192761316254,0.4948417944683423,27.420049998909235,36.87755629362073,0.0,Robust-MTD,55,2,case57
True,2,-0.04,True,2,2,False,2,True,0.00030835643174511007,0.005814269326163852,0.4948417944683423,25.905497893108986,36.07908390404191,0.0,Robust-MTD,56,2,case57
True,2,-0.04,True,1,1,False,2,True,3.544063621283956e-05,0.005813951437522814,0.4948417944683423,30.774156158440746,66.40970562002622,0.0,Robust-MTD,57,2,case57
True,2,0.04,True,2,2,False,2,True,7.040369215161531e-07,0.005813919386049594,0.4948417944683423,30.28408550308086,50.30097769631539,0.0,Robust-MTD,58,2,case57
True,2,-0.04,True,2,2,False,2,True,0.007830502066191682,0.005828052492038268,0.4948417944683423,30.239554060972296,45.40534336993006,0.0,Robust-MTD,59,2,case57
True,2,0.04,True,2,2,False,2,True,0.0007945059482758176,0.005814928829474538,0.4948417944683423,32.545418810332194,55.64564853266347,0.0,Robust-MTD,60,2,case57
True,2,0.04,True,1,1,False,2,True,0.0006857857244882842,0.005814774764603399,0.4948417944683423,34.08343754999805,61.465520854108036,0.0,Robust-MTD,61,2,case57
True,2,-0.04,True,1,1,False,2,True,0.00012068810625783873,0.005814043158234567,0.4948417944683423,30.019285553134978,42.77735206997023,0.0,Robust-MTD,62,2,case57
True,2,-0.04,True,1,1,False,2,True,0.001760150685088942,0.0058164077443262205,0.4948417944683423,30.669322953326628,51.17836875724607,0.0,Robust-MTD,63,2,case57
True,2,0.04,True,2,2,False,2,True,1.771571287981124e-05,0.005813934233626093,0.4948417944683423,32.284118700772524,49.38617466832513,0.0,Robust-MTD,64,2,case57
True,2,-0.04,True,2,2,False,2,True,1.5939259081542706e-05,0.00581393257724414,0.4948417944683423,28.750564740039408,39.158041987684555,0.0,Robust-MTD,65,2,case57
True,2,-0.04,True,1,1,False,2,True,6.060867199438448e-06,0.005813923723378792,0.4948417944683423,36.06022920284886,55.612977399141535,0.0,Robust-MTD,66,2,case57
True,2,0.04,True,2,2,False,2,True,0.00030817299628406464,0.005814269094519621,0.4948417944683423,33.067666651913896,41.635391997988336,0.0,Robust-MTD,67,2,case57
True,2,-0.04,True,1,1,False,2,True,1.6564734191538314e-05,0.00581393315866166,0.4948417944683423,32.41254159365781,40.99932915414684,0.0,Robust-MTD,68,2,case57
True,2,0.04,True,1,1,False,2,True,1.967209500178853e-08,0.005813918914987788,0.4948417944683423,34.81952700240072,60.801545545109555,0.0,Robust-MTD,69,2,case57
True,2,-0.04,True,3,3,False,2,True,0.0027000163664593164,0.005817985582323255,0.4948417944683423,33.85480419965461,50.15631521528122,0.0,Robust-MTD,70,2,case57
True,2,-0.04,True,4,4,False,2,True,0.04728872100554583,0.0059473769991947,0.4948417944683423,35.079056353424676,44.459748273948215,0.0,Robust-MTD,71,2,case57
True,2,-0.04,True,1,1,False,2,True,6.246980291580122e-07,0.005813919328467818,0.4948417944683423,35.00042694795411,46.851387197966694,0.0,Robust-MTD,72,2,case57
True,2,0.04,True,1,1,False,2,True,6.96352329895676e-09,0.005813918907717281,0.4948417944683423,36.32727494696155,48.084334764280364,0.0,Robust-MTD,73,2,case57
True,2,0.04,True,2,2,False,2,True,2.0676826045746277e-05,0.005813937027208393,0.4948417944683423,33.22648344619665,40.0895291240886,0.0,Robust-MTD,74,2,case57
True,2,-0.04,True,1,1,False,2,True,3.395211151147444e-06,0.005813921490976084,0.4948417944683423,21.993902104441077,31.236680905567486,0.0,Robust-MTD,75,2,case57
True,2,0.04,True,2,2,False,2,True,0.0003047622267995647,0.0058142647904773186,0.4948417944683423,26.45554980263114,33.529457997065045,0.0,Robust-MTD,76,2,case57
True,2,0.04,True,3,3,False,2,True,2.22686372525533e-05,0.005813938544356394,0.4948417944683423,27.698833445901982,41.15934615256265,0.0,Robust-MTD,77,2,case57
True,2,-0.04,True,4,4,False,2,True,0.15642735443513775,0.006733603834462285,0.4948417944683423,32.18369999376591,50.553273560945,0.0,Robust-MTD,78,2,case57
True,2,-0.04,True,5,5,False,2,True,1.327397709030256e-05,0.005813930123137689,0.4948417944683423,33.67788744799327,82.31802018999589,0.0,Robust-MTD,79,2,case57
True,2,-0.04,True,6,6,False,2,True,1.1114117865493848e-06,0.00581391968798821,0.4948417944683423,33.35521244734991,49.99227290099953,0.0,Robust-MTD,80,2,case57
True,2,0.04,True,3,3,False,2,True,1.596784689262919e-05,0.00581393260377482,0.4948417944683423,26.593783393036574,33.959806576604024,0.0,Robust-MTD,81,2,case57
True,2,0.04,True,2,2,False,2,True,1.9966695342097145e-05,0.005813936353753394,0.4948417944683423,28.936308348784223,38.631241378607236,0.0,Robust-MTD,82,2,case57
True,2,-0.04,True,1,1,False,2,True,6.469826007625744e-05,0.005813981624849574,0.4948417944683423,31.013624998740852,41.22254553949463,0.0,Robust-MTD,83,2,case57
True,2,-0.04,True,1,1,False,2,True,0.0005532494004125049,0.005814591541691994,0.4948417944683423,27.529212544322945,36.89519583713263,0.0,Robust-MTD,84,2,case57
True,2,-0.04,True,3,3,False,2,True,1.5445502972317332e-07,0.00581391900039379,0.4948417944683423,27.78522074513603,40.06116247619502,0.0,Robust-MTD,85,2,case57
True,2,-0.04,True,1,1,False,2,True,3.888268570827456e-06,0.005813921895870024,0.4948417944683423,30.7384583982639,50.659468406229315,0.0,Robust-MTD,86,2,case57
True,2,-0.04,True,2,2,False,2,True,0.000268280043343144,0.005814219135931983,0.4948417944683423,30.358624953078106,59.43998717993964,0.0,Robust-MTD,87,2,case57
True,2,0.04,True,1,1,False,2,True,4.52286173773594e-05,0.005813961333950148,0.4948417944683423,31.228562392061576,39.439727418357535,0.0,Robust-MTD,88,2,case57
True,2,-0.04,True,1,1,False,2,True,0.0007848517556181536,0.005814915021814146,0.4948417944683423,31.151310441782698,45.51225237955805,0.0,Robust-MTD,89,2,case57
True,2,-0.04,True,1,1,False,3,False,0.11131897931675222,0.008154448842752264,0.4948417944683423,31.390225049108267,42.3222732380964,0.0,Robust-MTD,90,2,case57
True,2,0.04,True,1,1,False,2,True,0.0002386041412566164,0.005814182547618413,0.4948417944683423,32.643360397196375,65.12658299761824,0.0,Robust-MTD,91,2,case57
True,2,-0.04,True,1,1,False,2,True,0.009971040918761104,0.00583278496093542,0.4948417944683423,33.75283959321678,51.85347046644893,0.0,Robust-MTD,92,2,case57
True,2,-0.04,True,3,3,False,2,True,0.0008519984655154111,0.005815011543998318,0.4948417944683423,30.06259154062718,41.85088095546236,0.0,Robust-MTD,93,2,case57
True,2,0.04,True,2,2,False,2,True,0.055856488608501904,0.0059812166968501715,0.4948417944683423,29.187251892290078,40.941626750282026,0.0,Robust-MTD,94,2,case57
True,2,0.04,True,2,2,False,2,True,4.209534942661894e-06,0.005813922161887552,0.4948417944683423,30.313808453502133,40.620585429132916,0.0,Robust-MTD,95,2,case57
True,2,0.04,True,5,5,False,2,True,2.7489282024033733e-06,0.005813920967201789,0.4948417944683423,31.75766459607985,46.45090027479456,0.0,Robust-MTD,96,2,case57
True,2,-0.04,True,4,4,False,2,True,0.047262129890879225,0.005947276317391346,0.4948417944683423,35.81048765045125,50.13554972538262,0.0,Robust-MTD,97,2,case57
True,2,0.04,True,2,2,False,2,True,9.42131262169968e-05,0.005814013565378102,0.4948417944683423,34.534608194371685,51.54813953849953,0.0,Robust-MTD,98,2,case57
True,2,-0.04,True,1,1,False,2,True,0.0003452897493375482,0.005814316303340138,0.4948417944683423,32.843593903817236,57.61386671219953,0.0,Robust-MTD,99,2,case57
True,3,-0.04,True,5,5,False,3,True,0.009447334093408005,0.00860384000907787,0.4948417944683423,23.11296873667743,33.10159133106936,0.0,Robust-MTD,100,3,case57
True,3,0.04,True,1,1,False,3,True,0.1121529505088649,0.008148547272843644,0.4948417944683423,28.239418705925345,40.83444339921699,0.0,Robust-MTD,101,3,case57
True,3,-0.04,True,7,7,False,3,True,0.0019865198605624585,0.008618665567575859,0.4948417944683423,28.68776464893017,41.217766632325954,0.0,Robust-MTD,102,3,case57
True,3,-0.04,True,2,2,False,3,True,0.0006126836688037274,0.008620769648366737,0.4948417944683423,30.31385620124638,54.55401521467138,0.0,Robust-MTD,103,3,case57
True,3,-0.04,True,3,3,False,3,True,0.02999117749284067,0.008547978644640712,0.4948417944683423,27.97817698738072,47.06725235737395,0.0,Robust-MTD,104,3,case57
True,3,0.04,True,1,1,False,3,True,6.895260278022232e-05,0.008621456539641461,0.4948417944683423,27.41893960046582,34.08323691401166,0.0,Robust-MTD,105,3,case57
True,3,0.04,True,9,9,False,3,True,0.006323488479481378,0.008610553169772162,0.4948417944683423,32.426383343408816,49.388039569021224,0.0,Robust-MTD,106,3,case57
True,3,-0.04,True,19,19,False,3,True,0.0009955854026720565,0.008620221122314878,0.4948417944683423,27.640993852401152,36.11101217975374,0.0,Robust-MTD,107,3,case57
True,3,0.04,True,11,11,False,3,True,0.0025205351932198086,0.008617766969936283,0.4948417944683423,28.467671002727002,40.61359821935186,0.0,Robust-MTD,108,3,case57
True,3,-0.04,True,2,2,False,3,True,3.4195455649979946e-05,0.008621492492810995,0.4948417944683423,27.493708350812085,37.03714644070715,0.0,Robust-MTD,109,3,case57
True,3,0.04,True,15,15,False,3,True,0.0010283012389178774,0.008620172620820397,0.4948417944683423,29.582031210884452,38.444839278236046,0.0,Robust-MTD,110,3,case57
True,3,0.04,True,4,4,False,3,True,0.007467999899296162,0.008608164464173456,0.4948417944683423,31.341189652448517,53.921268484555206,0.0,Robust-MTD,111,3,case57
True,3,0.04,True,15,15,False,3,True,0.002603865728277601,0.008617623570071797,0.4948417944683423,30.71983545087278,38.72349614975975,0.0,Robust-MTD,112,3,case57
True,3,0.04,True,5,5,False,3,True,4.009722748740034e-05,0.00862148657228002,0.4948417944683423,34.94307085638866,68.67623750586066,0.0,Robust-MTD,113,3,case57
True,3,0.04,True,9,9,False,3,True,1.3126868664540934e-05,0.008621512699961396,0.4948417944683423,28.70071884826757,38.09322949382479,0.0,Robust-MTD,114,3,case57
True,3,-0.04,True,8,8,False,3,True,0.004243476179044856,0.008614654024514614,0.4948417944683423,27.847254209336825,40.05480034102221,0.0,Robust-MTD,115,3,case57
True,3,-0.04,True,1,1,False,3,True,0.00880662196912854,0.008605265286143724,0.4948417944683423,31.20217300602235,49.93299615161959,0.0,Robust-MTD,116,3,case57
True,3,-0.04,True,2,2,False,3,True,0.152100537159071,0.007765515046549765,0.4948417944683423,28.97461670509074,43.370748168672435,0.0,Robust-MTD,117,3,case57
True,3,0.04,True,1,1,False,3,True,0.0004976286173701709,0.008620926358957956,0.4948417944683423,34.09710430132691,51.93397736875341,0.0,Robust-MTD,118,3,case57
True,3,0.04,True,2,2,False,3,True,0.015434650191618817,0.00858947739096806,0.4948417944683423,32.19156651175581,47.10582677507774,0.0,Robust-MTD,119,3,case57
True,3,0.04,True,5,5,False,3,True,0.0063320431493813474,0.008610535641990045,0.4948417944683423,31.275108299450945,47.72300834592898,0.0,Robust-MTD,120,3,case57
True,3,0.04,True,1,1,False,3,True,0.0011775415522224525,0.008619948534928116,0.4948417944683423,33.02498959528748,55.40212227206212,0.0,Robust-MTD,121,3,case57
True,3,-0.04,False,20,20,False,3,True,4.123770648069819e-05,0.008621485418027621,0.4948417944683423,39.003848101128824,65.79560240206776,0.0,Robust-MTD,122,3,case57
True,3,0.04,True,15,15,False,3,True,0.02548362366985523,0.008561739887582997,0.4948417944683423,35.48971679410897,75.87251520890277,0.0,Robust-MTD,123,3,case57
True,3,-0.04,True,3,3,False,3,True,0.004935099623082143,0.00861332774160326,0.4948417944683423,30.42772095068358,42.21471457276494,0.0,Robust-MTD,124,3,case57
True,3,-0.04,True,2,2,False,3,True,0.010600537481903654,0.00860121663746378,0.4948417944683423,22.26771455607377,30.802947617485188,0.0,Robust-MTD,125,3,case57
True,3,-0.04,True,3,3,False,3,True,5.42416000744416e-05,0.008621472052015017,0.4948417944683423,24.7925519477576,30.955443761195056,0.0,Robust-MTD,126,3,case57
True,3,0.04,True,7,7,False,3,True,0.020530734819083487,0.00857593779965637,0.4948417944683423,28.642987605417147,51.35559233895038,0.0,Robust-MTD,127,3,case57
True,3,-0.04,True,5,5,False,3,True,0.03696189958603094,0.008525177997043299,0.4948417944683423,30.680181199568324,64.22279583930504,0.0,Robust-MTD,128,3,case57
True,3,0.04,True,3,3,False,3,True,0.00014243022383660372,0.008621374680352392,0.4948417944683423,28.671747996122576,42.69470384460874,0.0,Robust-MTD,129,3,case57
True,3,0.04,True,3,3,False,3,True,0.007359343019233463,0.008608394927047923,0.4948417944683423,34.011385394842364,64.9932380678365,0.0,Robust-MTD,130,3,case57
True,3,0.04,True,5,5,False,3,True,0.004592290247374334,0.008613990076190157,0.4948417944683423,34.82474785996601,66.18982672807765,0.0,Robust-MTD,131,3,case57
True,3,-0.04,True,2,2,False,3,True,2.013967812104537e-06,0.008621522305810269,0.4948417944683423,29.507489493698813,46.502108295680976,0.0,Robust-MTD,132,3,case57
True,3,-0.04,True,1,1,False,3,True,0.027411974602172772,0.008555948816935199,0.4948417944683423,29.747279154253192,54.44112324039452,0.0,Robust-MTD,133,3,case57
True,3,-0.04,True,7,7,False,3,True,0.009011560369105033,0.008604811969716141,0.4948417944683423,28.40967496158555,36.41845202073458,0.0,Robust-MTD,134,3,case57
True,3,0.04,True,4,4,False,3,True,2.013011261587139e-06,0.008621522306561335,0.4948417944683423,31.890393895446323,50.644810398807785,0.0,Robust-MTD,135,3,case57
True,3,0.04,True,7,7,False,3,True,0.0010772952052497185,0.008620099559861214,0.4948417944683423,29.96458119014278,38.12304817547557,0.0,Robust-MTD,136,3,case57
True,3,-0.04,True,9,9,False,3,True,0.01013664243536615,0.008602280713068369,0.4948417944683423,35.42250425380189,75.23267497890629,0.0,Robust-MTD,137,3,case57
True,3,-0.04,True,10,10,False,3,True,0.01125745121361708,0.008599690134723517,0.4948417944683423,28.49678539787419,37.22819436225109,0.0,Robust-MTD,138,3,case57
True,3,-0.04,True,3,3,False,3,True,0.1711850267775311,0.00728165167897339,0.4948417944683423,29.39687495236285,47.01043060631491,0.0,Robust-MTD,139,3,case57
True,3,0.04,True,14,14,False,3,True,0.14772639884298147,0.007822418915384198,0.4948417944683423,25.997306394856423,36.914562495076105,0.0,Robust-MTD,140,3,case57
True,3,0.04,True,6,6,False,3,True,3.3563433905149744e-06,0.008621521229581259,0.4948417944683423,30.046531243715435,39.80110175325536,0.0,Robust-MTD,141,3,case57
True,3,0.04,True,4,4,False,3,True,3.05294510839466e-05,0.008621496122497655,0.4948417944683423,31.634202145505697,44.702201461768716,0.0,Robust-MTD,142,3,case57
True,3,0.04,True,1,1,False,3,True,1.7000846023197418e-05,0.008621509123611506,0.4948417944683423,30.09397709975019,39.37236279307402,0.0,Robust-MTD,143,3,case57
True,3,0.04,True,8,8,False,3,True,0.16909509528957642,0.007410783769943991,0.4948417944683423,31.929122898145575,49.05528302479071,0.0,Robust-MTD,144,3,case57
True,3,-0.04,True,1,1,False,3,True,0.16635041121222457,0.007501569474263125,0.4948417944683423,34.03423130803276,66.28318959265017,0.0,Robust-MTD,145,3,case57
True,3,-0.04,True,1,1,False,3,True,0.0071295239942207635,0.00860887987979403,0.4948417944683423,29.730256443144754,36.976911028614296,0.0,Robust-MTD,146,3,case57
True,3,-0.04,True,3,3,False,3,True,0.000597210633166475,0.008620790973401427,0.4948417944683423,31.53406664787326,49.45283332490364,0.0,Robust-MTD,147,3,case57
True,3,0.04,True,4,4,False,3,True,4.4437256387628625e-05,0.008621482163497526,0.4948417944683423,30.14428130700253,43.283095894730664,0.0,Robust-MTD,148,3,case57
True,3,0.04,True,2,2,False,3,True,0.0027097891137724743,0.008617440127929374,0.4948417944683423,30.9074540855363,50.86405356123578,0.0,Robust-MTD,149,3,case57
True,3,0.04,True,1,1,False,3,True,4.022613692702388e-05,0.008621486441971797,0.4948417944683423,21.68620624288451,34.43945620965678,0.0,Robust-MTD,150,3,case57
True,3,-0.04,True,7,7,False,3,True,0.142508286750889,0.007883132376520044,0.4948417944683423,29.641747890855186,60.518456570571296,0.0,Robust-MTD,151,3,case57
True,3,-0.04,True,11,11,False,3,True,0.0389143354682086,0.008518465972600467,0.4948417944683423,28.487629190203734,38.76708096941002,0.0,Robust-MTD,152,3,case57
True,3,-0.04,True,16,16,False,3,True,0.002130613615846779,0.00861842672249986,0.4948417944683423,28.62094374722801,39.191124989883974,0.0,Robust-MTD,153,3,case57
True,3,0.04,True,10,10,False,3,True,0.0030377635141588645,0.008616864189692035,0.4948417944683423,36.33502279990353,60.62419816153129,0.0,Robust-MTD,154,3,case57
True,3,0.04,True,17,17,False,3,True,0.005203570574578631,0.008612802496642948,0.4948417944683423,31.51476259808987,49.338946482748725,0.0,Robust-MTD,155,3,case57
True,3,-0.04,True,5,5,False,3,True,0.02251639234618409,0.008570364618100623,0.4948417944683423,30.503775100805797,45.489127427572406,0.0,Robust-MTD,156,3,case57
True,3,0.04,True,4,4,False,3,True,0.0039313520975834985,0.008615239214030177,0.4948417944683423,33.39457484835293,62.356220887159,0.0,Robust-MTD,157,3,case57
True,3,0.04,True,1,1,False,2,False,0.13661761798079675,0.006490850731456775,0.4948417944683423,33.47821670176927,58.51558960857801,0.0,Robust-MTD,158,3,case57
True,3,-0.04,True,5,5,False,3,True,0.11517487144556786,0.008126685931530086,0.4948417944683423,35.361554205883294,60.20834799564909,0.0,Robust-MTD,159,3,case57
True,3,-0.04,True,3,3,False,3,True,0.0012767778019313115,0.00861979709830493,0.4948417944683423,35.87755629851017,50.545756236533684,0.0,Robust-MTD,160,3,case57
True,3,0.04,True,1,1,False,3,True,0.00031365492697881127,0.008621166664340854,0.4948417944683423,32.44796466024127,49.917662495863624,0.0,Robust-MTD,161,3,case57
True,3,-0.04,True,9,9,False,3,True,6.034908881236342e-05,0.008621465657831303,0.4948417944683423,32.0345125393942,43.63333962683101,0.0,Robust-MTD,162,3,case57
True,3,0.04,True,4,4,False,3,True,0.0004225341675142778,0.008621026131758403,0.4948417944683423,32.365508197108284,41.61864163761493,0.0,Robust-MTD,163,3,case57
True,3,0.04,True,3,3,False,3,True,0.0031448160449000563,0.00861667370090372,0.4948417944683423,25.564275102806278,33.280362805817276,0.0,Robust-MTD,164,3,case57
True,3,-0.04,True,1,1,False,3,True,0.10632921750657,0.008188642714309998,0.4948417944683423,33.68923529924359,52.257169049698895,0.0,Robust-MTD,165,3,case57
True,3,0.04,False,20,20,False,3,True,8.026281044770563e-05,0.00862144437505471,0.4948417944683423,31.09996239945758,43.076514895074084,0.0,Robust-MTD,166,3,case57
True,3,0.04,True,12,12,False,3,True,0.16378746415391854,0.007565147591901621,0.4948417944683423,33.492689597187564,62.452606277656756,0.0,Robust-MTD,167,3,case57
True,3,-0.04,True,16,16,False,3,True,0.0006185051944114768,0.008620761605972405,0.4948417944683423,28.522962401621044,37.31048393819947,0.0,Robust-MTD,168,3,case57
True,3,-0.04,True,4,4,False,3,True,0.0021501839596210527,0.008618394069283799,0.4948417944683423,31.32027724932414,40.18516692740378,0.0,Robust-MTD,169,3,case57
True,3,0.04,True,1,1,False,3,True,0.03973980893766362,0.008515585514413039,0.4948417944683423,27.974106307374313,36.66975272644777,0.0,Robust-MTD,170,3,case57
True,3,0.04,True,0,0,False,3,True,0.0028455488031621633,0.00861720315768882,0.4948417944683423,33.563466696068645,69.7031059593428,0.0,Robust-MTD,171,3,case57
True,3,0.04,True,3,3,False,3,True,0.009831522040959922,0.00860297418874338,0.4948417944683423,28.69867080298718,43.504449664033025,0.0,Robust-MTD,172,3,case57
True,3,0.04,True,3,3,False,3,True,0.00037298271601568386,0.008621090741520614,0.4948417944683423,38.889481202932075,73.55580002185891,0.0,Robust-MTD,173,3,case57
True,3,-0.04,True,2,2,False,3,True,0.007878478017341114,0.008607287110186016,0.4948417944683423,33.55143324006349,55.10057677165606,0.0,Robust-MTD,174,3,case57
True,3,-0.04,True,10,10,False,2,False,0.04969621584784877,0.0059566030197312336,0.4948417944683423,21.833649993641302,31.15166670177132,0.0,Robust-MTD,175,3,case57
True,3,0.04,True,1,1,False,3,True,0.0008997898568334072,0.008620361772149738,0.4948417944683423,26.420402046642266,45.434133024537005,0.0,Robust-MTD,176,3,case57
True,3,-0.04,True,3,3,False,3,True,4.0494235414033755e-05,0.008621486170849218,0.4948417944683423,28.49747504806146,35.87682432553266,0.0,Robust-MTD,177,3,case57
True,3,0.04,True,1,1,False,3,True,0.04942944494197727,0.008479872787759388,0.4948417944683423,27.035454151337035,36.81814132141881,0.0,Robust-MTD,178,3,case57
True,3,-0.04,True,10,10,False,3,True,0.02756470240172554,0.008555483984386922,0.4948417944683423,28.504389550653286,44.98098363983445,0.0,Robust-MTD,179,3,case57
True,3,0.04,True,8,8,False,3,True,7.24923730750948e-05,0.008621452753212702,0.4948417944683423,30.157489705015905,41.03635419451168,0.0,Robust-MTD,180,3,case57
True,3,-0.04,True,7,7,False,3,True,0.019812209265585398,0.008577914351971243,0.4948417944683423,32.26453743991442,58.30936249985827,0.0,Robust-MTD,181,3,case57
True,3,-0.04,True,3,3,False,3,True,0.00028431341179196225,0.008621203576275925,0.4948417944683423,37.17760630242992,81.86174164584372,0.0,Robust-MTD,182,3,case57
True,3,0.04,True,2,2,False,3,True,0.0004921793991010041,0.008620933669512618,0.4948417944683423,30.667791751329787,51.978577696718276,0.0,Robust-MTD,183,3,case57
True,3,0.04,True,1,1,False,3,True,7.975810493245299e-05,0.0086214449218956,0.4948417944683423,30.086439647129737,49.98757565044798,0.0,Robust-MTD,184,3,case57
True,3,0.04,True,3,3,False,3,True,0.05938853140941056,0.008439448626792382,0.4948417944683423,31.1565999960294,45.90939407062252,0.0,Robust-MTD,185,3,case57
True,3,0.04,True,2,2,False,3,True,0.0002388062117585584,0.00862125989383862,0.4948417944683423,27.878812453127466,38.72805266582874,0.0,Robust-MTD,186,3,case57
True,3,-0.04,False,20,20,False,2,False,0.08563006533392724,0.006122341186845377,0.4948417944683423,35.34297909936868,77.16201253351755,0.0,Robust-MTD,187,3,case57
True,3,0.04,True,1,1,False,3,True,0.028120288324974103,0.008553785445342764,0.4948417944683423,31.94166454486549,45.21069550828544,0.0,Robust-MTD,188,3,case57
True,3,-0.04,True,4,4,False,3,True,0.0012296653868308655,0.008619869226632031,0.4948417944683423,31.8215668463381,64.80736108496787,0.0,Robust-MTD,189,3,case57
True,3,0.04,True,6,6,False,3,True,0.0012722006540441826,0.008619804123913081,0.4948417944683423,31.52159169549122,44.25691487849691,0.0,Robust-MTD,190,3,case57
True,3,-0.04,True,8,8,False,3,True,0.00279211972964629,0.008617296664171025,0.4948417944683423,33.450950001133606,46.862222926574766,0.0,Robust-MTD,191,3,case57
True,3,0.04,True,14,14,False,3,True,0.0006269981155639449,0.008620749854518366,0.4948417944683423,32.763679150957614,50.867590156849474,0.0,Robust-MTD,192,3,case57
True,3,-0.04,True,4,4,False,3,True,0.0009499119433157262,0.008620288440541204,0.4948417944683423,31.21010194590781,56.9309148733737,0.0,Robust-MTD,193,3,case57
True,3,-0.04,True,4,4,False,3,True,0.0004554506366017715,0.008620982660966128,0.4948417944683423,34.36555819935165,64.35502226231621,0.0,Robust-MTD,194,3,case57
True,3,0.04,True,1,1,False,3,True,1.8448482664329945e-05,0.008621507767540833,0.4948417944683423,37.55800210637972,59.903702721931054,0.0,Robust-MTD,195,3,case57
True,3,0.04,True,4,4,False,3,True,0.04458679431384916,0.008498160287479498,0.4948417944683423,31.584724996355362,45.67662151239347,0.0,Robust-MTD,196,3,case57
True,3,0.04,True,1,1,False,3,True,0.006107413244903958,0.00861099419724992,0.4948417944683423,32.5530312518822,46.03969853487798,0.0,Robust-MTD,197,3,case57
True,3,-0.04,True,3,3,False,3,True,0.018714826205997896,0.008580891128718982,0.4948417944683423,35.527810352505185,48.37829346943184,0.0,Robust-MTD,198,3,case57
True,3,0.04,True,7,7,False,3,True,0.0007465160910938428,0.008620582256067584,0.4948417944683423,32.68427494331263,59.288016025675475,0.0,Robust-MTD,199,3,case57
True,4,0.04,False,20,20,False,0,False,0.6020689548646906,0.2878441150048414,0.4948417944683423,23.694722904474474,31.749185424996544,0.0,Robust-MTD,200,4,case57
True,4,-0.04,False,20,20,False,0,False,0.554406355117198,0.34657085155888795,0.4948417944683423,30.138625000836328,44.22077498456929,0.0,Robust-MTD,201,4,case57
True,4,-0.04,False,20,20,False,0,False,0.5190207793956338,0.3694796526285993,0.4948417944683423,33.82366240257397,47.381588094867794,0.0,Robust-MTD,202,4,case57
True,4,0.04,False,20,20,False,0,False,0.6021105064589087,0.3244553525328988,0.4948417944683423,30.481629259884357,48.67954169458244,0.0,Robust-MTD,203,4,case57
True,4,0.04,False,20,20,False,0,False,0.5309887609081994,0.36654017672693207,0.4948417944683423,33.230364648625255,44.17534169042486,0.0,Robust-MTD,204,4,case57
True,4,0.04,False,20,20,False,0,False,0.5189281122981938,0.37108532623047863,0.4948417944683423,37.257504047011025,54.927649997989676,0.0,Robust-MTD,205,4,case57
True,4,-0.04,False,20,20,False,0,False,0.4971667519179025,0.381088387728026,0.4948417944683423,38.67385000048671,58.61258180812003,0.0,Robust-MTD,206,4,case57
True,4,-0.04,False,20,20,False,0,False,0.620430367622077,0.3018020971186221,0.4948417944683423,34.73561459686607,56.805901761981666,0.0,Robust-MTD,207,4,case57
True,4,0.04,False,20,20,False,0,False,0.5208871954190039,0.37089514935025547,0.4948417944683423,35.6039020960452,67.32404026261065,0.0,Robust-MTD,208,4,case57
True,4,-0.04,False,20,20,False,0,False,0.5223773056430432,0.3669217047903379,0.4948417944683423,35.28630204964429,47.662747904541945,0.0,Robust-MTD,209,4,case57
True,4,0.04,False,20,20,False,0,False,0.4970024846312624,0.3806994668549144,0.4948417944683423,31.930620901403014,52.730122877983376,0.0,Robust-MTD,210,4,case57
True,4,-0.04,False,20,20,False,0,False,0.5526025923367747,0.34581162771642626,0.4948417944683423,36.80668325978331,55.1381274010055,0.0,Robust-MTD,211,4,case57
True,4,-0.04,False,20,20,False,0,False,0.5028166273604319,0.37696795283927853,0.4948417944683423,31.89682085358072,53.40263723337557,0.0,Robust-MTD,212,4,case57
True,4,0.04,False,20,20,False,0,False,0.5168721125134981,0.3672555960799684,0.4948417944683423,34.55029169272166,46.9473172648577,0.0,Robust-MTD,213,4,case57
True,4,0.04,False,20,20,False,0,False,0.537987958222621,0.3421776436331273,0.4948417944683423,36.27379364334047,58.43869973323309,0.0,Robust-MTD,214,4,case57
True,4,-0.04,False,20,20,False,0,False,0.5267721091833751,0.36516521595641815,0.4948417944683423,35.22242510225624,47.379306258517325,0.0,Robust-MTD,215,4,case57
True,4,0.04,False,20,20,False,0,False,0.5165158319925774,0.36892502629058127,0.4948417944683423,39.96365819766652,62.37489306367938,0.0,Robust-MTD,216,4,case57
True,4,0.04,False,20,20,False,0,False,0.5111216665545715,0.37268120735482246,0.4948417944683423,35.465777054196224,46.95307433430572,0.0,Robust-MTD,217,4,case57
True,4,0.04,False,20,20,False,0,False,0.5600215550483089,0.33808455448385677,0.4948417944683423,35.78533759864513,46.471091336570694,0.0,Robust-MTD,218,4,case57
True,4,0.04,False,20,20,False,0,False,0.5236080810280788,0.37044891290713405,0.4948417944683423,36.644033252377994,67.62869969825262,0.0,Robust-MTD,219,4,case57
True,4,-0.04,False,20,20,False,0,False,0.5380440737159045,0.3623604761165039,0.4948417944683423,33.424329245463014,50.851640210021294,0.0,Robust-MTD,220,4,case57
True,4,-0.04,False,20,20,False,0,False,0.5382752936760474,0.36032616624428887,0.4948417944683423,40.187239708029665,71.69738606899047,0.0,Robust-MTD,221,4,case57
True,4,0.04,False,20,20,False,0,False,0.5834848578634638,0.3288987380160059,0.4948417944683423,38.3791748987278,63.05679199576844,0.0,Robust-MTD,222,4,case57
True,4,-0.04,False,20,20,False,0,False,0.5552941296956851,0.3465256170389582,0.4948417944683423,31.80408125044778,54.48638573579956,0.0,Robust-MTD,223,4,case57
True,4,0.04,False,20,20,False,0,False,0.5161753082378098,0.3769274903090508,0.4948417944683423,32.68833959300537,42.15591278334614,0.0,Robust-MTD,224,4,case57
True,4,0.04,False,20,20,False,0,False,0.5704704607680631,0.3202625707275386,0.4948417944683423,22.815721001825295,32.03403989900835,0.0,Robust-MTD,225,4,case57
True,4,0.04,False,20,20,False,0,False,0.5472180398214653,0.36130452772702093,0.4948417944683423,24.535579152870923,30.20573962130584,0.0,Robust-MTD,226,4,case57
True,4,-0.04,False,20,20,False,0,False,0.49256506757887336,0.3819986143421711,0.4948417944683423,30.876947852084413,62.57483089866584,0.0,Robust-MTD,227,4,case57
True,4,-0.04,False,20,20,False,0,False,0.48730317011605945,0.38366515169054577,0.4948417944683423,27.364035401842557,34.5301850960823,0.0,Robust-MTD,228,4,case57
True,4,0.04,True,11,11,False,0,False,0.5367163548613385,0.3643051410848568,0.4948417944683423,27.797222850495018,33.516431288444444,0.0,Robust-MTD,229,4,case57
True,4,0.04,False,20,20,False,0,False,0.529567328354095,0.3650591291548701,0.4948417944683423,28.217531205154955,44.076943484833464,0.0,Robust-MTD,230,4,case57
True,4,0.04,False,20,20,False,0,False,0.593792028370837,0.32543582202794175,0.4948417944683423,32.00794175209012,48.7725372251589,0.0,Robust-MTD,231,4,case57
True,4,0.04,False,20,20,False,0,False,0.6743781279534182,0.21989684188399242,0.4948417944683423,29.09526446601376,43.95212503441145,0.0,Robust-MTD,232,4,case57
True,4,-0.04,False,20,20,False,0,False,0.535072190173917,0.3627956470972002,0.4948417944683423,31.792883292655464,53.209580917609856,0.0,Robust-MTD,233,4,case57
True,4,-0.04,False,20,20,False,7,False,0.4627575447682481,0.261773646626605,0.4948417944683423,29.155785354669206,40.99382360000164,0.0,Robust-MTD,234,4,case57
True,4,0.04,False,20,20,False,0,False,0.5875261656792232,0.3391577624849029,0.4948417944683423,34.753651899518445,66.18477674492169,0.0,Robust-MTD,235,4,case57
True,4,-0.04,False,20,20,False,0,False,0.5568448586435439,0.32398485727866355,0.4948417944683423,32.28115200763568,58.79777052614372,0.0,Robust-MTD,236,4,case57
True,4,0.04,False,20,20,False,0,False,0.4930461271242756,0.3838477861946551,0.4948417944683423,32.83692290133331,50.07613569323442,0.0,Robust-MTD,237,4,case57
True,4,0.04,False,20,20,False,0,False,0.5588471102223374,0.35101076888658667,0.4948417944683423,33.21242074598558,44.48138514417224,0.0,Robust-MTD,238,4,case57
True,4,-0.04,False,20,20,False,0,False,0.5205287931697936,0.36583701169611704,0.4948417944683423,33.36401038104668,51.47446596820374,0.0,Robust-MTD,239,4,case57
True,4,-0.04,False,20,20,False,0,False,0.5145769750556228,0.3696506067971911,0.4948417944683423,28.765245896647684,39.35010174172931,0.0,Robust-MTD,240,4,case57
True,4,-0.04,False,20,20,False,0,False,0.5265614063529735,0.36466406791082057,0.4948417944683423,32.38929784856737,70.47078096074985,0.0,Robust-MTD,241,4,case57
True,4,0.04,False,20,20,False,0,False,0.5254926996953397,0.36793244618622245,0.4948417944683423,35.84851679916028,63.743070850614465,0.0,Robust-MTD,242,4,case57
True,4,0.04,False,20,20,False,0,False,0.5250092495008324,0.368427271678975,0.4948417944683423,31.392531149322167,42.141283937962726,0.0,Robust-MTD,243,4,case57
True,4,0.04,False,20,20,False,0,False,0.5794889929679456,0.29721093152908307,0.4948417944683423,35.33172495954204,58.625977407791666,0.0,Robust-MTD,244,4,case57
True,4,0.04,False,20,20,False,0,False,0.5399803876082099,0.3529017019563719,0.4948417944683423,38.58967509877402,82.7456556406105,0.0,Robust-MTD,245,4,case57
True,4,0.04,True,6,6,False,0,False,0.5251633191530158,0.36811938359391017,0.4948417944683423,33.946845756145194,50.28545830282383,0.0,Robust-MTD,246,4,case57
True,4,0.04,False,20,20,False,0,False,0.5249587074445377,0.36645616508611517,0.4948417944683423,30.436176955117844,49.05781398119871,0.0,Robust-MTD,247,4,case57
True,4,0.04,False,20,20,False,0,False,0.5060582331413526,0.38003582141353237,0.4948417944683423,32.912216638214886,48.36874345201069,0.0,Robust-MTD,248,4,case57
True,4,-0.04,False,20,20,False,0,False,0.4968433391905411,0.38066451741300655,0.4948417944683423,33.271339497878216,50.95992880815176,0.0,Robust-MTD,249,4,case57
True,4,0.04,False,20,20,False,0,False,0.5210172336335732,0.36728338010004735,0.4948417944683423,34.492079095798545,51.35718958918007,0.0,Robust-MTD,250,4,case57
True,4,0.04,False,20,20,False,0,False,0.5436912347829104,0.35381468290488916,0.4948417944683423,35.829964544973336,49.995866706012755,0.0,Robust-MTD,251,4,case57
True,4,0.04,False,20,20,False,0,False,0.5073454341262073,0.3775925688711328,0.4948417944683423,35.332308104261756,46.87631598790177,0.0,Robust-MTD,252,4,case57
True,4,0.04,False,20,20,False,0,False,0.6146158680866042,0.2500664925823583,0.4948417944683423,34.919562595314346,57.79583366238512,0.0,Robust-MTD,253,4,case57
True,4,0.04,True,19,19,False,0,False,0.5720384851932505,0.3333077540433358,0.4948417944683423,35.89677904674318,53.52212883881294,0.0,Robust-MTD,254,4,case57
True,4,0.04,False,20,20,False,0,False,0.5024380797913,0.37966812036513065,0.4948417944683423,34.46735829638783,43.73355440329761,0.0,Robust-MTD,255,4,case57
True,4,-0.04,False,20,20,False,0,False,0.589426215346859,0.3261400645890378,0.4948417944683423,38.42069155361969,70.96432676480619,0.0,Robust-MTD,256,4,case57
True,4,0.04,False,20,20,False,0,False,0.5347183064246489,0.35576336067822056,0.4948417944683423,41.86106674897019,76.66442744957754,0.0,Robust-MTD,257,4,case57
True,4,0.04,False,20,20,False,0,False,0.5205542323688446,0.3679942658066903,0.4948417944683423,36.480262503027916,48.51404440123589,0.0,Robust-MTD,258,4,case57
True,4,-0.04,False,20,20,False,0,False,0.5198368712678991,0.3703107421341827,0.4948417944683423,33.33654159505386,45.81068958505057,0.0,Robust-MTD,259,4,case57
True,4,0.04,False,20,20,False,0,False,0.5026022509017436,0.2887452636451368,0.4948417944683423,47.83556674956344,118.44138122105507,0.0,Robust-MTD,260,4,case57
True,4,-0.04,False,20,20,False,0,False,0.48893712037365045,0.3834325651154238,0.4948417944683423,37.94711470254697,55.58235000353308,0.0,Robust-MTD,261,4,case57
True,4,-0.04,False,20,20,False,0,False,0.5367699120048556,0.36386300237621855,0.4948417944683423,32.50166454236023,44.20596807904076,0.0,Robust-MTD,262,4,case57
True,4,-0.04,False,20,20,False,0,False,0.5173528429290348,0.36872638262388535,0.4948417944683423,36.80433945264667,50.31027710647323,0.0,Robust-MTD,263,4,case57
True,4,0.04,False,20,20,False,0,False,0.49466754302203836,0.37941418912787767,0.4948417944683423,40.51172719337046,67.68654793850148,0.0,Robust-MTD,264,4,case57
True,4,-0.04,False,20,20,False,0,False,0.4816130353812426,0.38695891372631325,0.4948417944683423,38.73854990233667,71.93745383119678,0.0,Robust-MTD,265,4,case57
True,4,-0.04,True,0,0,False,0,False,0.5680717158876378,0.29865175315474723,0.4948417944683423,35.84505830076523,48.55792257876601,0.0,Robust-MTD,266,4,case57
True,4,-0.04,False,20,20,False,0,False,0.5092642830786143,0.3697730396673707,0.4948417944683423,36.63085419975687,53.29331636021381,0.0,Robust-MTD,267,4,case57
True,4,0.04,False,20,20,False,0,False,0.5270751548692839,0.3531229907854775,0.4948417944683423,37.3469458456384,60.94974403677045,0.0,Robust-MTD,268,4,case57
True,4,-0.04,False,20,20,False,0,False,0.5107154731309546,0.3767834517260999,0.4948417944683423,34.443429004750215,51.561980909900754,0.0,Robust-MTD,269,4,case57
True,4,-0.04,False,20,20,False,0,False,0.5047178873127471,0.37839096272236883,0.4948417944683423,37.5977250514552,58.01142113923563,0.0,Robust-MTD,270,4,case57
True,4,-0.04,False,20,20,False,0,False,0.5063041860723838,0.3767690555945435,0.4948417944683423,34.93806674669031,64.99430034018589,0.0,Robust-MTD,271,4,case57
True,4,-0.04,False,20,20,False,0,False,0.5363186276213454,0.354112239648524,0.4948417944683423,36.655664842692204,47.34781315200963,0.0,Robust-MTD,272,4,case57
True,4,0.04,False,20,20,False,0,False,0.5278874725712409,0.32775864939141897,0.4948417944683423,32.266793845337816,45.0301151664462,0.0,Robust-MTD,273,4,case57
True,4,-0.04,False,20,20,False,0,False,0.5160654359536763,0.37182558896392803,0.4948417944683423,34.194247802952304,46.11432328529193,0.0,Robust-MTD,274,4,case57
True,4,-0.04,False,20,20,False,0,False,0.48111684518093933,0.38835400784718566,0.4948417944683423,34.365275004529394,45.228264245088226,0.0,Robust-MTD,275,4,case57
True,4,0.04,False,20,20,False,0,False,0.4929044622187502,0.382483669953868,0.4948417944683423,33.30157914024312,42.88836070918479,0.0,Robust-MTD,276,4,case57
True,4,-0.04,False,20,20,False,0,False,0.5245796591079063,0.3687278683592644,0.4948417944683423,34.732797942706384,45.26656279922464,0.0,Robust-MTD,277,4,case57
True,4,0.04,False,20,20,False,0,False,0.5199485446722024,0.37176609769322594,0.4948417944683423,35.956447848002426,52.14742560347078,0.0,Robust-MTD,278,4,case57
True,4,-0.04,False,20,20,False,0,False,0.5699300296877367,0.33260813739305134,0.4948417944683423,33.11743550293613,48.90900833706838,0.0,Robust-MTD,279,4,case57
True,4,-0.04,False,20,20,False,0,False,0.5200029535480297,0.370084623522651,0.4948417944683423,35.002785350661725,48.5850806493545,0.0,Robust-MTD,280,4,case57
True,4,-0.04,False,20,20,False,0,False,0.5421044466051209,0.36064044275429646,0.4948417944683423,35.446041653631255,49.25328545505181,0.0,Robust-MTD,281,4,case57
True,4,-0.04,False,20,20,False,0,False,0.5535041362110372,0.3565589650862909,0.4948417944683423,38.80644805612974,53.50634645437823,0.0,Robust-MTD,282,4,case57
True,4,0.04,False,20,20,False,0,False,0.49177245508540623,0.3844476902993721,0.4948417944683423,32.571150150033645,43.34517146635336,0.0,Robust-MTD,283,4,case57
True,4,0.04,False,20,20,False,0,False,0.5882564565673958,0.3121242915797944,0.4948417944683423,35.31230019580107,46.79301703872625,0.0,Robust-MTD,284,4,case57
True,4,0.04,False,20,20,False,0,False,0.5849801635586688,0.33522963368961006,0.4948417944683423,38.440716595505364,53.286452672909945,0.0,Robust-MTD,285,4,case57
True,4,0.04,False,20,20,False,0,False,0.6502431054171105,0.20258539551246835,0.4948417944683423,33.809814500273205,45.196133060380824,0.0,Robust-MTD,286,4,case57
True,4,0.04,False,20,20,False,0,False,0.5071389713937463,0.3764672107522701,0.4948417944683423,35.34123345161788,48.36503156111577,0.0,Robust-MTD,287,4,case57
True,4,0.04,False,20,20,False,0,False,0.5277367250920095,0.35705327951914734,0.4948417944683423,37.89536668919027,83.8044690026436,0.0,Robust-MTD,288,4,case57
True,4,0.04,False,20,20,False,0,False,0.5615437988720459,0.3413983272184232,0.4948417944683423,40.1775792503031,56.71300239046111,0.0,Robust-MTD,289,4,case57
True,4,-0.04,False,20,20,False,0,False,0.5048935352595281,0.3718279782990474,0.4948417944683423,35.69257510534953,54.3355795176467,0.0,Robust-MTD,290,4,case57
True,4,-0.04,False,20,20,False,0,False,0.5175587687958583,0.35259659173350505,0.4948417944683423,34.33101039554458,64.74057529121637,0.0,Robust-MTD,291,4,case57
True,4,0.04,False,20,20,False,0,False,0.5489212727989342,0.35413946865862206,0.4948417944683423,36.49501480686013,45.78393986739684,0.0,Robust-MTD,292,4,case57
True,4,0.04,False,20,20,False,0,False,0.49340254400691386,0.38258068719201743,0.4948417944683423,32.26732713810634,42.837247913121246,0.0,Robust-MTD,293,4,case57
True,4,-0.04,False,20,20,False,0,False,0.5321379579651114,0.36667706219337887,0.4948417944683423,36.380412452854216,51.774568750988706,0.0,Robust-MTD,294,4,case57
True,4,0.04,False,20,20,False,0,False,0.4872554443090155,0.38436661358782587,0.4948417944683423,34.801820749999024,44.59913780447098,0.0,Robust-MTD,295,4,case57
True,4,-0.04,False,20,20,False,0,False,0.5267825922395271,0.3672219335889708,0.4948417944683423,32.827747901319526,44.311435444979004,0.0,Robust-MTD,296,4,case57
True,4,0.04,False,20,20,False,0,False,0.5036929584023421,0.3787961426896788,0.4948417944683423,33.881856297375634,44.812735076993704,0.0,Robust-MTD,297,4,case57
True,4,0.04,True,16,16,False,0,False,0.5338822704404613,0.366420283492448,0.4948417944683423,33.642716746544465,46.864579783869004,0.0,Robust-MTD,298,4,case57
True,4,-0.04,False,20,20,False,0,False,0.5229594337507091,0.36328069922923767,0.4948417944683423,34.48904385732021,47.55383399606217,0.0,Robust-MTD,299,4,case57
True,5,-0.04,True,3,3,False,5,True,3.867181703519722e-10,0.008826035223823752,0.4948417944683423,35.04788754216861,54.100733975064955,0.0,Robust-MTD,300,5,case57
True,5,0.04,True,3,3,False,5,True,5.941098209443592e-10,0.00882603522390969,0.4948417944683423,34.20801040774677,49.48810351779686,0.0,Robust-MTD,301,5,case57
True,5,-0.04,True,8,8,False,5,True,1.3208610583252358e-07,0.00882603529807119,0.4948417944683423,36.74411649990361,57.24007738754154,0.0,Robust-MTD,302,5,case57
True,5,-0.04,True,1,1,False,5,True,3.8671819781199094e-10,0.008826035223823752,0.4948417944683423,32.270831262576394,46.73347884672694,0.0,Robust-MTD,303,5,case57
True,5,-0.04,True,11,11,False,5,True,1.1313380493336607e-09,0.008826035224148333,0.4948417944683423,32.565124944085255,61.30753926699983,0.0,Robust-MTD,304,5,case57
True,5,-0.04,True,3,3,False,5,True,3.8671814289258776e-10,0.008826035223823754,0.4948417944683423,31.35723335144576,48.80705660325475,0.0,Robust-MTD,305,5,case57
True,5,-0.04,True,2,2,False,5,True,4.3739847995389674e-10,0.00882603522384382,0.4948417944683423,37.71700399520341,62.54544965922834,0.0,Robust-MTD,306,5,case57
True,5,0.04,True,3,3,False,5,True,8.548871947530197e-10,0.008826035224023957,0.4948417944683423,37.91633120563347,71.8494295200799,0.0,Robust-MTD,307,5,case57
True,5,-0.04,False,20,20,False,5,True,3.867181428923586e-10,0.008826035223823754,0.4948417944683423,33.38953536003828,46.9165569258621,0.0,Robust-MTD,308,5,case57
True,5,-0.04,True,3,3,False,5,True,3.8671817035195134e-10,0.008826035223823752,0.4948417944683423,35.62649579835124,52.43444787629414,0.0,Robust-MTD,309,5,case57
True,5,0.04,True,2,2,False,5,True,4.926462061267066e-10,0.008826035223866633,0.4948417944683423,39.19115629396401,67.62685898283968,0.0,Robust-MTD,310,5,case57
True,5,0.04,True,4,4,False,5,True,3.867181703521229e-10,0.008826035223823752,0.4948417944683423,31.842366652563214,42.60244613687974,0.0,Robust-MTD,311,5,case57
True,5,-0.04,True,10,10,False,5,True,3.86718197812105e-10,0.008826035223823752,0.4948417944683423,35.121198001434095,59.77038365672344,0.0,Robust-MTD,312,5,case57
True,5,0.04,True,4,4,False,5,True,3.9222373638011813e-10,0.00882603522382585,0.4948417944683423,35.321866706362925,57.9048729297938,0.0,Robust-MTD,313,5,case57
True,5,0.04,True,8,8,False,5,True,1.289897644363404e-09,0.008826035224220687,0.4948417944683423,40.235737402690575,71.10690831032117,0.0,Robust-MTD,314,5,case57
True,5,-0.04,False,20,20,False,5,True,3.867181978120522e-10,0.008826035223823752,0.4948417944683423,34.11756244895514,52.88172055443283,0.0,Robust-MTD,315,5,case57
True,5,0.04,True,4,4,False,5,True,1.0722060440018792e-09,0.008826035224121521,0.4948417944683423,35.59866250434425,49.62503190909047,0.0,Robust-MTD,316,5,case57
True,5,-0.04,False,20,20,False,5,True,4.4135051478127763e-10,0.00882603522384543,0.4948417944683423,36.09913334948942,57.7431423123926,0.0,Robust-MTD,317,5,case57
True,5,0.04,False,20,20,False,5,True,1.3019237679183178e-08,0.008826035230101732,0.4948417944683423,36.47840840276331,75.50917440676132,0.0,Robust-MTD,318,5,case57
True,5,0.04,True,12,12,False,5,True,3.918810089327382e-10,0.008826035223825716,0.4948417944683423,31.3513835077174,40.05741252040026,0.0,Robust-MTD,319,5,case57
True,5,-0.04,True,9,9,False,5,True,5.9169451508404825e-09,0.008826035226462815,0.4948417944683423,37.23002900078427,61.181827096152126,0.0,Robust-MTD,320,5,case57
True,5,-0.04,True,6,6,False,5,True,3.8795764066607846e-10,0.00882603522382422,0.4948417944683423,31.630658204085194,42.873081206926145,0.0,Robust-MTD,321,5,case57
True,5,0.04,True,4,4,False,5,True,4.2852416730760026e-10,0.008826035223840224,0.4948417944683423,44.08410400792491,67.67708961269827,0.0,Robust-MTD,322,5,case57
True,5,-0.04,True,6,6,False,5,True,3.8671814289275614e-10,0.008826035223823754,0.4948417944683423,34.828854000079446,53.41539821820334,0.0,Robust-MTD,323,5,case57
True,5,-0.04,True,7,7,False,5,True,4.1169045205976797e-10,0.008826035223833472,0.4948417944683423,32.153610544628464,47.834300322574585,0.0,Robust-MTD,324,5,case57
True,5,-0.04,True,16,16,False,5,True,3.8671819781205887e-10,0.008826035223823752,0.4948417944683423,28.483933355892077,39.70730860310141,0.0,Robust-MTD,325,5,case57
True,5,-0.04,True,5,5,False,5,True,2.231302067162115e-09,0.008826035224660212,0.4948417944683423,33.66015210049227,64.68405587074813,0.0,Robust-MTD,326,5,case57
True,5,0.04,True,4,4,False,5,True,1.0791152904698425e-09,0.008826035224124649,0.4948417944683423,30.36624805245083,45.251921474118724,0.0,Robust-MTD,327,5,case57
True,5,0.04,True,12,12,False,5,True,3.895810400701719e-10,0.008826035223824838,0.4948417944683423,35.55545610142872,73.8251770642819,0.0,Robust-MTD,328,5,case57
True,5,-0.04,True,10,10,False,5,True,4.726542665910564e-10,0.008826035223858308,0.4948417944683423,32.59214999852702,61.49052882974504,0.0,Robust-MTD,329,5,case57
True,5,-0.04,True,6,6,False,5,True,3.8683322885787136e-10,0.008826035223823749,0.4948417944683423,36.762531197746284,56.04637858050413,0.0,Robust-MTD,330,5,case57
True,5,-0.04,True,9,9,False,5,True,6.063530342640314e-08,0.008826035256327787,0.4948417944683423,30.62601659912616,60.29515000700486,0.0,Robust-MTD,331,5,case57
True,5,0.04,True,1,1,False,5,True,3.867181978120706e-10,0.008826035223823752,0.4948417944683423,34.09457494853996,57.44721808005124,0.0,Robust-MTD,332,5,case57
True,5,0.04,True,4,4,False,5,True,2.8856854174865535e-09,0.008826035224972668,0.4948417944683423,35.01728749542963,49.643027436104624,0.0,Robust-MTD,333,5,case57
True,5,0.04,True,4,4,False,5,True,3.8889533293737166e-10,0.00882603522382458,0.4948417944683423,33.172237503458746,52.68453065655194,0.0,Robust-MTD,334,5,case57
True,5,0.04,True,3,3,False,5,True,3.8671819781205354e-10,0.008826035223823752,0.4948417944683423,31.31937920697965,50.29091455216986,0.0,Robust-MTD,335,5,case57
True,5,0.04,True,6,6,False,5,True,7.62232494673396e-09,0.008826035227321803,0.4948417944683423,35.063356344471686,55.343594044097706,0.0,Robust-MTD,336,5,case57
True,5,0.04,True,8,8,False,5,True,3.8702823548283913e-10,0.008826035223823744,0.4948417944683423,32.90934364194982,51.92515268863645,0.0,Robust-MTD,337,5,case57
True,5,0.04,True,2,2,False,5,True,3.8671814289258574e-10,0.008826035223823754,0.4948417944683423,31.177350055077113,41.55670237669256,0.0,Robust-MTD,338,5,case57
True,5,-0.04,True,9,9,False,5,True,3.8671814289250876e-10,0.008826035223823754,0.4948417944683423,32.008556253276765,44.109960392233916,0.0,Robust-MTD,339,5,case57
True,5,-0.04,True,6,6,False,5,True,3.8671819781198763e-10,0.008826035223823752,0.4948417944683423,33.33731060556602,47.91736844927073,0.0,Robust-MTD,340,5,case57
True,5,0.04,True,6,6,False,5,True,3.2927805785643283e-09,0.008826035225168746,0.4948417944683423,34.8334958020132,54.673537821508944,0.0,Robust-MTD,341,5,case57
True,5,-0.04,True,3,3,False,5,True,3.8860227838125165e-10,0.008826035223824467,0.4948417944683423,29.745779201039113,38.772782956948504,0.0,Robust-MTD,342,5,case57
True,5,-0.04,True,9,9,False,5,True,3.8671819781215704e-10,0.008826035223823752,0.4948417944683423,36.21729594306089,63.38268156105188,0.0,Robust-MTD,343,5,case57
True,5,0.04,True,17,17,False,5,True,3.897378878826499e-10,0.008826035223824899,0.4948417944683423,31.34973339329008,44.68330348609015,0.0,Robust-MTD,344,5,case57
True,5,0.04,True,2,2,False,5,True,6.086359054832061e-10,0.00882603522391594,0.4948417944683423,37.70490629540291,62.056806869804866,0.0,Robust-MTD,345,5,case57
True,5,-0.04,True,7,7,False,5,True,4.4509109037490163e-10,0.008826035223846956,0.4948417944683423,34.24454169580713,53.96468128019478,0.0,Robust-MTD,346,5,case57
True,5,0.04,True,1,1,False,5,True,6.384352688873677e-10,0.008826035223928814,0.4948417944683423,34.78571659652516,45.756814940250486,0.0,Robust-MTD,347,5,case57
True,5,0.04,True,3,3,False,5,True,1.8553396999187523e-09,0.008826035224482989,0.4948417944683423,37.57050604617689,76.1788829928264,0.0,Robust-MTD,348,5,case57
True,5,0.04,True,3,3,False,5,True,3.921198279009909e-10,0.008826035223819374,0.4948417944683423,35.372089402517304,55.907457697321696,0.0,Robust-MTD,349,5,case57
True,5,0.04,True,8,8,False,5,True,3.8671819781197806e-10,0.008826035223823752,0.4948417944683423,34.61746250395663,61.473857707460425,0.0,Robust-MTD,350,5,case57
True,5,0.04,True,1,1,False,5,True,3.867181703521054e-10,0.008826035223823752,0.4948417944683423,38.66585634241346,57.03536662622364,0.0,Robust-MTD,351,5,case57
True,5,-0.04,True,5,5,False,5,True,3.867181978120853e-10,0.008826035223823752,0.4948417944683423,37.51810209651012,75.05246525106486,0.0,Robust-MTD,352,5,case57
True,5,-0.04,True,4,4,False,5,True,4.029287412632552e-10,0.008826035223830011,0.4948417944683423,35.617170797195286,77.20966427295934,0.0,Robust-MTD,353,5,case57
True,5,-0.04,True,1,1,False,5,True,3.867181978119852e-10,0.008826035223823752,0.4948417944683423,31.051383147132583,43.81485622143373,0.0,Robust-MTD,354,5,case57
True,5,-0.04,True,8,8,False,5,True,3.9033802091182434e-10,0.008826035223825126,0.4948417944683423,35.91455830319319,51.5647131658625,0.0,Robust-MTD,355,5,case57
True,5,-0.04,True,3,3,False,5,True,3.8671819781202563e-10,0.008826035223823752,0.4948417944683423,30.719175052945502,51.91777675354388,0.0,Robust-MTD,356,5,case57
True,5,-0.04,True,4,4,False,5,True,3.34105772277988e-09,0.008826035225192536,0.4948417944683423,37.458947801496834,75.14506425068248,0.0,Robust-MTD,357,5,case57
True,5,-0.04,True,3,3,False,5,True,3.9498034959056413e-10,0.008826035223826913,0.4948417944683423,38.67036030278541,69.64176186884289,0.0,Robust-MTD,358,5,case57
True,5,-0.04,True,3,3,False,5,True,3.86718197812013e-10,0.008826035223823752,0.4948417944683423,29.440018758759834,40.32649554137607,0.0,Robust-MTD,359,5,case57
True,5,0.04,True,4,4,False,5,True,3.873709267125156e-10,0.008826035223824,0.4948417944683423,31.498904203181155,47.786285064648844,0.0,Robust-MTD,360,5,case57
True,5,0.04,True,6,6,False,5,True,3.820784509077901e-08,0.008826035243719542,0.4948417944683423,32.62273534783162,49.75802319822835,0.0,Robust-MTD,361,5,case57
True,5,0.04,True,11,11,False,5,True,1.3956974359059198e-09,0.008826035224269297,0.4948417944683423,35.12048124684952,46.62029435858131,0.0,Robust-MTD,362,5,case57
True,5,-0.04,True,1,1,False,5,True,6.80178841828438e-10,0.008826035223946956,0.4948417944683423,32.75856660329737,52.32011105399582,0.0,Robust-MTD,363,5,case57
True,5,0.04,True,13,13,False,5,True,2.9592172297454065e-09,0.00882603522500805,0.4948417944683423,36.35861244692933,64.19668155722322,0.0,Robust-MTD,364,5,case57
True,5,-0.04,True,6,6,False,5,True,3.8671817035205334e-10,0.008826035223823752,0.4948417944683423,33.05967915803194,52.05362942942886,0.0,Robust-MTD,365,5,case57
True,5,-0.04,True,1,1,False,5,True,3.8671819781199885e-10,0.008826035223823752,0.4948417944683423,29.986952143372037,48.27319825417362,0.0,Robust-MTD,366,5,case57
True,5,-0.04,True,1,1,False,5,True,3.936872121693726e-09,0.008826035222706273,0.4948417944683423,35.134120751172304,73.04689370503183,0.0,Robust-MTD,367,5,case57
True,5,-0.04,True,9,9,False,5,True,3.867181978120425e-10,0.008826035223823752,0.4948417944683423,29.833727140794508,47.33180000039285,0.0,Robust-MTD,368,5,case57
True,5,0.04,True,1,1,False,5,True,4.4316372313847216e-10,0.008826035223846168,0.4948417944683423,28.87074805330485,45.21332115400583,0.0,Robust-MTD,369,5,case57
True,5,0.04,True,5,5,False,5,True,3.867181978121814e-10,0.008826035223823752,0.4948417944683423,33.228210391825996,67.06864582374692,0.0,Robust-MTD,370,5,case57
True,5,-0.04,True,10,10,False,5,True,4.3890656460626434e-10,0.008826035223844434,0.4948417944683423,32.19945424934849,47.57111460494346,0.0,Robust-MTD,371,5,case57
True,5,0.04,True,2,2,False,5,True,3.6935057568204816e-08,0.008826035243014856,0.4948417944683423,29.340368747944012,42.25857050623745,0.0,Robust-MTD,372,5,case57
True,5,-0.04,True,1,1,False,5,True,4.4685363312980804e-10,0.008826035223847676,0.4948417944683423,34.68935614509974,50.51958781550641,0.0,Robust-MTD,373,5,case57
True,5,-0.04,True,2,2,False,5,True,3.867181978119867e-10,0.008826035223823752,0.4948417944683423,29.61431030125823,44.36049758514855,0.0,Robust-MTD,374,5,case57
True,5,0.04,True,16,16,False,5,True,3.867181703521687e-10,0.008826035223823752,0.4948417944683423,30.17274783924222,40.01694135949949,0.0,Robust-MTD,375,5,case57
True,5,0.04,True,2,2,False,5,True,8.041747763434501e-10,0.008826035236119963,0.4948417944683423,29.268102045170963,44.511064575635835,0.0,Robust-MTD,376,5,case57
True,5,0.04,True,5,5,False,5,True,1.1411630521202285e-07,0.00882603528740339,0.4948417944683423,29.44643750670366,54.695564266876325,0.0,Robust-MTD,377,5,case57
True,5,0.04,True,2,2,False,5,True,3.867181703519716e-10,0.008826035223823752,0.4948417944683423,27.824516699183732,40.72899585880805,0.0,Robust-MTD,378,5,case57
True,5,-0.04,True,16,16,False,5,True,1.1109055754380327e-08,0.008826035229108891,0.4948417944683423,31.376506603555754,44.017483640345745,0.0,Robust-MTD,379,5,case57
True,5,0.04,True,2,2,False,5,True,3.890963978973653e-10,0.008826035223824653,0.4948417944683423,29.98702065087855,45.115538951358765,0.0,Robust-MTD,380,5,case57
True,5,0.04,True,3,3,False,5,True,3.867181703522941e-10,0.008826035223823752,0.4948417944683423,31.72607499873266,64.0013693540823,0.0,Robust-MTD,381,5,case57
True,5,0.04,True,2,2,False,5,True,3.867181978123159e-10,0.008826035223823752,0.4948417944683423,30.393310450017452,42.360666696913555,0.0,Robust-MTD,382,5,case57
True,5,0.04,True,11,11,False,5,True,3.8671819781209614e-10,0.008826035223823752,0.4948417944683423,29.04367294977419,39.14291423861871,0.0,Robust-MTD,383,5,case57
True,5,-0.04,True,5,5,False,5,True,3.867181978120649e-10,0.008826035223823752,0.4948417944683423,29.015824996167794,42.6113395486027,0.0,Robust-MTD,384,5,case57
True,5,0.04,False,20,20,False,5,True,4.769480846034259e-10,0.00882603522386009,0.4948417944683423,29.664029242121615,47.20181248267181,0.0,Robust-MTD,385,5,case57
True,5,-0.04,True,4,4,False,5,True,3.8671819781231855e-10,0.008826035223823752,0.4948417944683423,29.556635409244336,50.087616019300185,0.0,Robust-MTD,386,5,case57
True,5,-0.04,True,3,3,False,5,True,3.8671819781199833e-10,0.008826035223823752,0.4948417944683423,29.177210442139767,39.42555237154011,0.0,Robust-MTD,387,5,case57
True,5,0.04,True,1,1,False,5,True,6.463022905762007e-10,0.008826035223932223,0.4948417944683423,33.2657855033176,53.55420028790832,0.0,Robust-MTD,388,5,case57
True,5,-0.04,True,6,6,False,5,True,3.8671819781203136e-10,0.008826035223823752,0.4948417944683423,30.64786250179168,56.72929200809452,0.0,Robust-MTD,389,5,case57
True,5,0.04,False,20,20,False,5,True,1.9770725849044515e-08,0.008826035233669186,0.4948417944683423,29.424312451737933,39.569127134745955,0.0,Robust-MTD,390,5,case57
True,5,-0.04,True,1,1,False,5,True,3.867181703522517e-10,0.008826035223823752,0.4948417944683423,34.06815425551031,57.41590900870509,0.0,Robust-MTD,391,5,case57
True,5,-0.04,True,5,5,False,5,True,3.8671819781232894e-10,0.008826035223823752,0.4948417944683423,36.104597902158275,75.00937356380746,0.0,Robust-MTD,392,5,case57
True,5,-0.04,True,6,6,False,5,True,3.899920497120621e-10,0.008826035223824996,0.4948417944683423,26.693343644728884,35.01327501435299,0.0,Robust-MTD,393,5,case57
True,5,0.04,False,20,20,False,5,True,3.867181703521442e-10,0.008826035223823752,0.4948417944683423,31.054276990471408,51.05104579415641,0.0,Robust-MTD,394,5,case57
True,5,-0.04,True,8,8,False,5,True,3.8671819781228727e-10,0.008826035223823752,0.4948417944683423,30.83966244594194,46.74890653986951,0.0,Robust-MTD,395,5,case57
True,5,0.04,True,14,14,False,5,True,3.8671819781202356e-10,0.008826035223823752,0.4948417944683423,32.26733113406226,49.86960414098577,0.0,Robust-MTD,396,5,case57
True,5,-0.04,True,5,5,False,5,True,4.04187573673564e-10,0.008826035223830506,0.4948417944683423,30.402791645610705,46.80238895234652,0.0,Robust-MTD,397,5,case57
True,5,0.04,True,2,2,False,5,True,3.867181978121001e-10,0.008826035223823752,0.4948417944683423,33.647414593724534,63.38674197031651,0.0,Robust-MTD,398,5,case57
True,5,0.04,True,5,5,False,5,True,3.867181978120458e-10,0.008826035223823752,0.4948417944683423,32.81956665450707,44.99726663925687,0.0,Robust-MTD,399,5,case57
True,8,0.04,True,1,1,False,8,True,3.8671819781197475e-10,0.004882064964206214,0.4948417944683423,32.361820799997076,52.651570850866854,0.0,Robust-MTD,400,8,case57
True,8,0.04,True,1,1,False,8,True,3.8671819781197475e-10,0.004882064964206214,0.4948417944683423,28.07183329714462,39.35613392386587,0.0,Robust-MTD,401,8,case57
True,8,0.04,True,2,2,False,8,True,3.8671819781197475e-10,0.004882064964206214,0.4948417944683423,38.368095745681785,69.38920831889853,0.0,Robust-MTD,402,8,case57
True,8,0.04,True,1,1,False,8,True,3.8671819781197475e-10,0.004882064964206214,0.4948417944683423,33.75775010790676,64.55074174155017,0.0,Robust-MTD,403,8,case57
True,8,-0.04,True,1,1,False,8,True,3.8671819781197475e-10,0.004882064964206214,0.4948417944683423,29.622193792602047,37.450807690038346,0.0,Robust-MTD,404,8,case57
True,8,-0.04,True,1,1,False,8,True,3.8671819781197475e-10,0.004882064964206214,0.4948417944683423,33.98828955832869,65.2615750092082,0.0,Robust-MTD,405,8,case57
True,8,0.04,True,1,1,False,8,True,3.8671819781197475e-10,0.004882064964206214,0.4948417944683423,30.15118550392799,40.94779585429933,0.0,Robust-MTD,406,8,case57
True,8,0.04,True,2,2,False,8,True,3.8671819781197475e-10,0.004882064964206214,0.4948417944683423,37.354047800181434,52.22212709486485,0.0,Robust-MTD,407,8,case57
True,8,-0.04,True,1,1,False,8,True,3.8671819781197475e-10,0.004882064964206214,0.4948417944683423,31.895729358075187,49.43312953109853,0.0,Robust-MTD,408,8,case57
True,8,0.04,True,1,1,False,8,True,3.8671819781197475e-10,0.004882064964206214,0.4948417944683423,34.7949791001156,63.591835770057514,0.0,Robust-MTD,409,8,case57
True,8,0.04,True,1,1,False,8,True,3.8671819781197475e-10,0.004882064964206214,0.4948417944683423,31.69658954720944,39.970308361807845,0.0,Robust-MTD,410,8,case57
True,8,0.04,True,1,1,False,8,True,3.8671819781197475e-10,0.004882064964206214,0.4948417944683423,35.108664658037014,53.73864439316097,0.0,Robust-MTD,411,8,case57
True,8,-0.04,True,1,1,False,8,True,3.8671819781197475e-10,0.004882064964206214,0.4948417944683423,31.437639554496855,44.529298203997335,0.0,Robust-MTD,412,8,case57
True,8,-0.04,True,1,1,False,8,True,3.8671819781197475e-10,0.004882064964206214,0.4948417944683423,30.07978340028785,40.9194000007119,0.0,Robust-MTD,413,8,case57
True,8,0.04,True,1,1,False,8,True,3.8671819781197475e-10,0.004882064964206214,0.4948417944683423,31.32897689356469,53.71504402137362,0.0,Robust-MTD,414,8,case57
True,8,0.04,True,1,1,False,8,True,3.8671819781197475e-10,0.004882064964206214,0.4948417944683423,30.36927081120666,42.38121079106351,0.0,Robust-MTD,415,8,case57
True,8,-0.04,True,1,1,False,8,True,3.8671819781197475e-10,0.004882064964206214,0.4948417944683423,33.65408130339347,68.39037498575637,0.0,Robust-MTD,416,8,case57
True,8,-0.04,True,3,3,False,8,True,3.8671819781197475e-10,0.004882064964206214,0.4948417944683423,30.053047789260745,48.44423156173434,0.0,Robust-MTD,417,8,case57
True,8,0.04,True,1,1,False,8,True,3.8671819781199724e-10,0.004882064964206214,0.4948417944683423,32.41920225555077,56.89459412824364,0.0,Robust-MTD,418,8,case57
True,8,0.04,True,1,1,False,8,True,3.867181703519502e-10,0.004882064964206215,0.4948417944683423,34.914672997547314,47.85692114382984,0.0,Robust-MTD,419,8,case57
True,8,-0.04,True,1,1,False,8,True,3.8671819781197475e-10,0.004882064964206214,0.4948417944683423,37.10651879082434,66.75953091471456,0.0,Robust-MTD,420,8,case57
True,8,0.04,True,2,2,False,8,True,3.8671819781197475e-10,0.004882064964206214,0.4948417944683423,36.32045410340652,51.2332833313849,0.0,Robust-MTD,421,8,case57
True,8,-0.04,True,1,1,False,8,True,3.8671819781197475e-10,0.004882064964206214,0.4948417944683423,34.21719585603569,53.66872531885748,0.0,Robust-MTD,422,8,case57
True,8,-0.04,True,1,1,False,8,True,3.8671819781197475e-10,0.004882064964206214,0.4948417944683423,38.58209373720456,56.03940566361416,0.0,Robust-MTD,423,8,case57
True,8,0.04,True,1,1,False,8,True,3.8671819781197475e-10,0.004882064964206214,0.4948417944683423,42.105587499099784,67.59953154250982,0.0,Robust-MTD,424,8,case57
True,8,0.04,True,1,1,False,8,True,3.8671819781197475e-10,0.004882064964206214,0.4948417944683423,30.05330220621545,42.67951077781619,0.0,Robust-MTD,425,8,case57
True,8,-0.04,True,3,3,False,8,True,3.8671819781197475e-10,0.004882064964206214,0.4948417944683423,35.26941464806441,70.7991194300121,0.0,Robust-MTD,426,8,case57
True,8,0.04,True,1,1,False,8,True,3.8671819781197475e-10,0.004882064964206214,0.4948417944683423,27.5795250054216,41.865250322734944,0.0,Robust-MTD,427,8,case57
True,8,-0.04,True,1,1,False,8,True,3.8671819781197475e-10,0.004882064964206214,0.4948417944683423,30.6061247974867,40.028884779894746,0.0,Robust-MTD,428,8,case57
True,8,-0.04,True,2,2,False,8,True,3.8671819781197475e-10,0.004882064964206214,0.4948417944683423,31.673224896076135,46.412713959580294,0.0,Robust-MTD,429,8,case57
True,8,-0.04,True,1,1,False,8,True,3.8671819781197475e-10,0.004882064964206214,0.4948417944683423,30.11774179758504,38.836779200937606,0.0,Robust-MTD,430,8,case57
True,8,-0.04,True,1,1,False,8,True,3.8671819781197475e-10,0.004882064964206214,0.4948417944683423,31.701699903351255,54.22827885486188,0.0,Robust-MTD,431,8,case57
True,8,-0.04,True,1,1,False,8,True,3.8671819781197475e-10,0.004882064964206214,0.4948417944683423,31.48660425504204,57.63687500730158,0.0,Robust-MTD,432,8,case57
True,8,-0.04,True,1,1,False,8,True,3.8671819781197475e-10,0.004882064964206214,0.4948417944683423,41.06272509961855,94.42006522149316,0.0,Robust-MTD,433,8,case57
True,8,0.04,True,1,1,False,8,True,3.8671819781197475e-10,0.004882064964206214,0.4948417944683423,27.790733249275945,36.805777432164184,0.0,Robust-MTD,434,8,case57
True,8,0.04,True,1,1,False,8,True,3.8671819781197475e-10,0.004882064964206214,0.4948417944683423,29.155529200215824,39.40634405298624,0.0,Robust-MTD,435,8,case57
True,8,-0.04,True,1,1,False,8,True,3.8671819781197475e-10,0.004882064964206214,0.4948417944683423,29.089358256896958,39.31426699564327,0.0,Robust-MTD,436,8,case57
True,8,-0.04,True,1,1,False,8,True,3.8671819781197475e-10,0.004882064964206214,0.4948417944683423,27.290160206030123,35.34790353733115,0.0,Robust-MTD,437,8,case57
True,8,0.04,True,1,1,False,8,True,3.8671819781197475e-10,0.004882064964206214,0.4948417944683423,29.61348329554312,46.55578782840166,0.0,Robust-MTD,438,8,case57
True,8,0.04,True,1,1,False,8,True,3.8671819781197475e-10,0.004882064964206214,0.4948417944683423,32.750450004823506,40.79706665070264,0.0,Robust-MTD,439,8,case57
True,8,-0.04,True,1,1,False,8,True,3.8671819781197475e-10,0.004882064964206214,0.4948417944683423,31.825706400559284,42.25894442352001,0.0,Robust-MTD,440,8,case57
True,8,0.04,True,1,1,False,8,True,3.8671819781197475e-10,0.004882064964206214,0.4948417944683423,31.67002715053968,43.35394200461454,0.0,Robust-MTD,441,8,case57
True,8,0.04,True,1,1,False,8,True,3.8671819781197475e-10,0.004882064964206214,0.4948417944683423,29.39672714273911,37.09872945910321,0.0,Robust-MTD,442,8,case57
True,8,-0.04,True,2,2,False,8,True,3.8671819781197475e-10,0.004882064964206214,0.4948417944683423,37.96507924271282,69.83153752225925,0.0,Robust-MTD,443,8,case57
True,8,-0.04,True,1,1,False,8,True,3.8671819781197475e-10,0.004882064964206214,0.4948417944683423,32.79902085196227,69.38329103577416,0.0,Robust-MTD,444,8,case57
True,8,0.04,True,1,1,False,8,True,3.8671819781197475e-10,0.004882064964206214,0.4948417944683423,36.7222375003621,73.28014373197222,0.0,Robust-MTD,445,8,case57
True,8,0.04,True,1,1,False,8,True,3.8671819781197475e-10,0.004882064964206214,0.4948417944683423,30.763989547267556,39.43738955713344,0.0,Robust-MTD,446,8,case57
True,8,-0.04,True,1,1,False,8,True,3.8671819781197475e-10,0.004882064964206214,0.4948417944683423,36.25946870597545,74.46149617026096,0.0,Robust-MTD,447,8,case57
True,8,-0.04,True,1,1,False,8,True,3.8671819781197475e-10,0.004882064964206214,0.4948417944683423,30.691166437463835,37.687050251406625,0.0,Robust-MTD,448,8,case57
True,8,0.04,True,1,1,False,8,True,3.8671819781197475e-10,0.004882064964206214,0.4948417944683423,36.62031670974102,53.79630483221266,0.0,Robust-MTD,449,8,case57
True,8,-0.04,True,1,1,False,8,True,3.8671819781197475e-10,0.004882064964206214,0.4948417944683423,31.97400004719384,53.1653086509323,0.0,Robust-MTD,450,8,case57
True,8,0.04,True,1,1,False,8,True,3.8671819781197475e-10,0.004882064964206214,0.4948417944683423,28.184952057199553,38.03457674512174,0.0,Robust-MTD,451,8,case57
True,8,-0.04,True,1,1,False,8,True,3.8671819781197475e-10,0.004882064964206214,0.4948417944683423,29.64772510167677,45.64112980442588,0.0,Robust-MTD,452,8,case57
True,8,-0.04,True,1,1,False,8,True,3.8671819781197475e-10,0.004882064964206214,0.4948417944683423,26.936060353182256,37.48950445151423,0.0,Robust-MTD,453,8,case57
True,8,-0.04,True,1,1,False,8,True,3.8671819781197475e-10,0.004882064964206214,0.4948417944683423,32.97709369799122,50.27270863356536,0.0,Robust-MTD,454,8,case57
True,8,-0.04,True,1,1,False,8,True,3.8671819781197475e-10,0.004882064964206214,0.4948417944683423,33.31606665160507,54.484894024790265,0.0,Robust-MTD,455,8,case57
True,8,0.04,True,1,1,False,8,True,3.8671819781197475e-10,0.004882064964206214,0.4948417944683423,27.8160583373392,36.062635722919374,0.0,Robust-MTD,456,8,case57
True,8,-0.04,True,1,1,False,8,True,3.8671819781197475e-10,0.004882064964206214,0.4948417944683423,32.13608729711268,44.684258001507274,0.0,Robust-MTD,457,8,case57
True,8,0.04,True,1,1,False,8,True,3.8671819781197475e-10,0.004882064964206214,0.4948417944683423,31.658350196084942,64.93942328961568,0.0,Robust-MTD,458,8,case57
True,8,0.04,True,1,1,False,8,True,3.8671819781197475e-10,0.004882064964206214,0.4948417944683423,32.60880208981689,51.58212569367607,0.0,Robust-MTD,459,8,case57
True,8,0.04,True,1,1,False,8,True,3.8671819781197475e-10,0.004882064964206214,0.4948417944683423,33.07450620341115,55.49709824554157,0.0,Robust-MTD,460,8,case57
True,8,0.04,True,1,1,False,8,True,3.8671819781197475e-10,0.004882064964206214,0.4948417944683423,37.67941674741451,73.17578393558506,0.0,Robust-MTD,461,8,case57
True,8,0.04,True,1,1,False,8,True,3.8671819781197475e-10,0.004882064964206214,0.4948417944683423,40.91018970066216,83.06357563415082,0.0,Robust-MTD,462,8,case57
True,8,0.04,True,1,1,False,8,True,3.8671819781197475e-10,0.004882064964206214,0.4948417944683423,32.02088544785511,57.95488952717279,0.0,Robust-MTD,463,8,case57
True,8,0.04,True,1,1,False,8,True,3.8671819781197475e-10,0.004882064964206214,0.4948417944683423,25.24059985007625,35.06442676007283,0.0,Robust-MTD,464,8,case57
True,8,0.04,True,1,1,False,8,True,3.8671819781197475e-10,0.004882064964206214,0.4948417944683423,32.69407080078963,53.57261042227038,0.0,Robust-MTD,465,8,case57
True,8,-0.04,True,1,1,False,8,True,3.8671819781197475e-10,0.004882064964206214,0.4948417944683423,34.43439980328549,49.01356046611913,0.0,Robust-MTD,466,8,case57
True,8,-0.04,True,1,1,False,8,True,3.8671819781197475e-10,0.004882064964206214,0.4948417944683423,30.650239647366107,41.11310480511748,0.0,Robust-MTD,467,8,case57
True,8,-0.04,True,1,1,False,8,True,3.8671819781197475e-10,0.004882064964206214,0.4948417944683423,30.438922840403393,41.458333254558994,0.0,Robust-MTD,468,8,case57
True,8,0.04,True,3,3,False,8,True,3.8671819781197475e-10,0.004882064964206214,0.4948417944683423,30.1153853564756,49.87186394864694,0.0,Robust-MTD,469,8,case57
True,8,-0.04,True,1,1,False,8,True,3.8671819781197475e-10,0.004882064964206214,0.4948417944683423,31.409739601076584,45.3641354048159,0.0,Robust-MTD,470,8,case57
True,8,0.04,True,1,1,False,8,True,3.8671819781197475e-10,0.004882064964206214,0.4948417944683423,34.658729151124135,58.478902076603845,0.0,Robust-MTD,471,8,case57
True,8,0.04,True,1,1,False,8,True,3.8671819781197475e-10,0.004882064964206214,0.4948417944683423,30.31706870533526,48.91164797008969,0.0,Robust-MTD,472,8,case57
True,8,-0.04,True,1,1,False,8,True,3.8671819781197475e-10,0.004882064964206214,0.4948417944683423,35.36555210885126,48.188624979229665,0.0,Robust-MTD,473,8,case57
True,8,0.04,True,1,1,False,8,True,3.8671819781197475e-10,0.004882064964206214,0.4948417944683423,31.74205829855055,58.315983961801976,0.0,Robust-MTD,474,8,case57
True,8,0.04,True,1,1,False,8,True,3.8671819781197475e-10,0.004882064964206214,0.4948417944683423,38.72752079041675,60.038282701862045,0.0,Robust-MTD,475,8,case57
True,8,-0.04,True,1,1,False,8,True,3.8671819781197475e-10,0.004882064964206214,0.4948417944683423,37.202856250223704,55.91881076688878,0.0,Robust-MTD,476,8,case57
True,8,-0.04,True,1,1,False,8,True,3.8671819781197475e-10,0.004882064964206214,0.4948417944683423,35.754739795811474,43.01866522000638,0.0,Robust-MTD,477,8,case57
True,8,-0.04,True,1,1,False,8,True,3.8671819781197475e-10,0.004882064964206214,0.4948417944683423,34.165579147520475,50.94028753228486,0.0,Robust-MTD,478,8,case57
True,8,0.04,True,1,1,False,8,True,3.8671819781197475e-10,0.004882064964206214,0.4948417944683423,36.57445410208311,45.955160434823505,0.0,Robust-MTD,479,8,case57
True,8,0.04,True,3,3,False,8,True,3.8671819781197475e-10,0.004882064964206214,0.4948417944683423,38.05567059898749,48.09906689915811,0.0,Robust-MTD,480,8,case57
True,8,-0.04,True,1,1,False,8,True,3.8671819781197475e-10,0.004882064964206214,0.4948417944683423,34.41458135494031,48.257394047686844,0.0,Robust-MTD,481,8,case57
True,8,0.04,True,1,1,False,8,True,3.8671819781197475e-10,0.004882064964206214,0.4948417944683423,34.78393129480537,43.87201105710119,0.0,Robust-MTD,482,8,case57
True,8,-0.04,True,1,1,False,8,True,3.8671819781197475e-10,0.004882064964206214,0.4948417944683423,34.50132699799724,50.97593122045511,0.0,Robust-MTD,483,8,case57
True,8,-0.04,True,2,2,False,8,True,3.8671819781197475e-10,0.004882064964206214,0.4948417944683423,34.19293954502791,54.067393086734235,0.0,Robust-MTD,484,8,case57
True,8,-0.04,True,1,1,False,8,True,3.8671819781197475e-10,0.004882064964206214,0.4948417944683423,36.31451466062572,49.293633623165114,0.0,Robust-MTD,485,8,case57
True,8,-0.04,True,1,1,False,8,True,3.8671819781197475e-10,0.004882064964206214,0.4948417944683423,32.310951958061196,43.66641075466762,0.0,Robust-MTD,486,8,case57
True,8,-0.04,True,1,1,False,8,True,3.8671819781197475e-10,0.004882064964206214,0.4948417944683423,36.32620209828019,56.03359816595912,0.0,Robust-MTD,487,8,case57
True,8,0.04,True,1,1,False,8,True,3.8671819781197475e-10,0.004882064964206214,0.4948417944683423,35.541908399318345,48.37192949489692,0.0,Robust-MTD,488,8,case57
True,8,-0.04,True,2,2,False,8,True,3.8671819781197475e-10,0.004882064964206214,0.4948417944683423,33.57230199908372,43.511924357153475,0.0,Robust-MTD,489,8,case57
True,8,0.04,True,1,1,False,8,True,3.8671819781197475e-10,0.004882064964206214,0.4948417944683423,36.02299789781682,49.09838123712689,0.0,Robust-MTD,490,8,case57
True,8,-0.04,True,1,1,False,8,True,3.8671819781197475e-10,0.004882064964206214,0.4948417944683423,36.06282915570773,54.80621634633281,0.0,Robust-MTD,491,8,case57
True,8,-0.04,True,1,1,False,8,True,3.8671819781197475e-10,0.004882064964206214,0.4948417944683423,31.52092899836134,40.5071451998083,0.0,Robust-MTD,492,8,case57
True,8,-0.04,True,1,1,False,8,True,3.8671819781197475e-10,0.004882064964206214,0.4948417944683423,36.87780415348243,65.47155146545265,0.0,Robust-MTD,493,8,case57
True,8,-0.04,True,1,1,False,8,True,3.8671819781197475e-10,0.004882064964206214,0.4948417944683423,32.35517295252066,45.52547079219949,0.0,Robust-MTD,494,8,case57
True,8,0.04,True,1,1,False,8,True,3.8671819781197475e-10,0.004882064964206214,0.4948417944683423,35.73575205518864,69.7780919901561,0.0,Robust-MTD,495,8,case57
True,8,-0.04,True,1,1,False,8,True,3.8671819781197475e-10,0.004882064964206214,0.4948417944683423,32.72695629275404,42.23979588714428,0.0,Robust-MTD,496,8,case57
True,8,-0.04,True,1,1,False,8,True,3.8671819781197475e-10,0.004882064964206214,0.4948417944683423,34.22432299412321,47.217183324391975,0.0,Robust-MTD,497,8,case57
True,8,-0.04,True,1,1,False,8,True,3.8671819781197475e-10,0.004882064964206214,0.4948417944683423,31.75742300227284,45.549479193869054,0.0,Robust-MTD,498,8,case57
True,8,0.04,True,1,1,False,8,True,3.8671819781197475e-10,0.004882064964206214,0.4948417944683423,41.5837438456947,106.49009858607316,0.0,Robust-MTD,499,8,case57
True,9,0.04,False,20,20,False,9,True,0.00014817311425130832,0.03585144297690401,0.4948417944683423,34.249029398779385,51.784093704191044,0.0,Robust-MTD,500,9,case57
True,9,-0.04,False,20,20,False,9,True,6.055728927714596e-09,0.035842339345163836,0.4948417944683423,40.439693597727455,70.453099385486,0.0,Robust-MTD,501,9,case57
True,9,0.04,False,20,20,False,9,True,1.3889178254111745e-06,0.03584242778316381,0.4948417944683423,31.867393708671443,56.64818124787417,0.0,Robust-MTD,502,9,case57
True,9,0.04,False,20,20,False,9,True,0.001646415460818161,0.03598186780307689,0.4948417944683423,36.946189499576576,67.40647326514592,0.0,Robust-MTD,503,9,case57
True,9,0.04,False,20,20,False,9,True,0.0005312271316896715,0.03590280946886102,0.4948417944683423,30.797275001532398,42.47245416336227,0.0,Robust-MTD,504,9,case57
True,9,0.04,False,20,20,False,9,True,2.6200345725685746e-06,0.03584250632616607,0.4948417944683423,33.951408343273215,44.79094371490648,0.0,Robust-MTD,505,9,case57
True,9,-0.04,False,20,20,False,9,True,0.00013359368724356573,0.03585473634967215,0.4948417944683423,34.16661050287075,44.55289106117564,0.0,Robust-MTD,506,9,case57
True,9,0.04,False,20,20,False,9,True,0.0007278107592584935,0.035913716161360305,0.4948417944683423,38.50133344240021,54.80662705376746,0.0,Robust-MTD,507,9,case57
True,9,0.04,False,20,20,False,9,True,2.4484584507208647e-05,0.035844141549129176,0.4948417944683423,32.581820953055285,51.66944105585573,0.0,Robust-MTD,508,9,case57
True,9,-0.04,False,20,20,False,9,True,0.0020849670392157128,0.035862765051144156,0.4948417944683423,32.93335204361938,54.08131486037746,0.0,Robust-MTD,509,9,case57
True,9,-0.04,False,20,20,False,9,True,1.0343944491733746e-05,0.035842664829557135,0.4948417944683423,32.79150195012335,47.99609581532423,0.0,Robust-MTD,510,9,case57
True,9,-0.04,False,20,20,False,9,True,0.00022682392652959366,0.03586506622777901,0.4948417944683423,32.4637438490754,43.63157295156272,0.0,Robust-MTD,511,9,case57
True,9,-0.04,False,20,20,False,9,True,8.052439124948771e-05,0.03584914505359189,0.4948417944683423,29.41876240656711,42.215483376639895,0.0,Robust-MTD,512,9,case57
True,9,0.04,False,20,20,False,9,True,9.221721143540647e-05,0.03584809914142126,0.4948417944683423,34.757351942243986,60.06639786355665,0.0,Robust-MTD,513,9,case57
True,9,-0.04,False,20,20,False,9,True,0.0017891172519853898,0.03608526682688664,0.4948417944683423,30.898581256042235,44.521383062237895,0.0,Robust-MTD,514,9,case57
True,9,0.04,False,20,20,False,9,True,0.0006144773447607241,0.03591332343118476,0.4948417944683423,34.10759776015766,59.17203307908495,0.0,Robust-MTD,515,9,case57
True,9,-0.04,False,20,20,False,9,True,0.0005365694109360264,0.03589993123700789,0.4948417944683423,32.48926875530742,44.250672918860815,0.0,Robust-MTD,516,9,case57
True,9,0.04,False,20,20,False,9,True,7.00297101551862e-06,0.0358422858625993,0.4948417944683423,36.7751395504456,48.24805652024225,0.0,Robust-MTD,517,9,case57
True,9,-0.04,False,20,20,False,9,True,0.0004480033419818108,0.03588745091222404,0.4948417944683423,36.4517395501025,52.15157885686495,0.0,Robust-MTD,518,9,case57
True,9,0.04,False,20,20,False,9,True,0.011143422479244625,0.037398644956024726,0.4948417944683423,32.395968746277504,48.807818410568885,0.0,Robust-MTD,519,9,case57
True,9,-0.04,False,20,20,False,9,True,1.352470256245603e-06,0.03584236938199445,0.4948417944683423,31.225141594768502,42.18785800039769,0.0,Robust-MTD,520,9,case57
True,9,0.04,False,20,20,False,9,True,8.692132529676917e-06,0.03584284135072258,0.4948417944683423,46.307985510793515,119.69748273550071,0.0,Robust-MTD,521,9,case57
True,9,0.04,False,20,20,False,9,True,0.0030003693361482864,0.036118473606488226,0.4948417944683423,34.42757085140329,58.088270801818005,0.0,Robust-MTD,522,9,case57
True,9,0.04,False,20,20,False,9,True,0.01037384391164674,0.0361748799374653,0.4948417944683423,34.02317908767145,48.771189298713594,0.0,Robust-MTD,523,9,case57
True,9,0.04,False,20,20,False,9,True,0.06910764311515635,0.04880109944366441,0.4948417944683423,33.28020230401307,44.26226075156593,0.0,Robust-MTD,524,9,case57
True,9,-0.04,False,20,20,False,9,True,9.876150587019945e-05,0.03584858676932396,0.4948417944683423,35.3604874049779,46.28478511585855,0.0,Robust-MTD,525,9,case57
True,9,-0.04,False,20,20,False,9,True,5.642901495428367e-05,0.035846078181736664,0.4948417944683423,35.06333964469377,43.42740417923778,0.0,Robust-MTD,526,9,case57
True,9,-0.04,False,20,20,False,9,True,4.1020334408881396e-07,0.03584236242334488,0.4948417944683423,35.39039584866259,45.65772323403508,0.0,Robust-MTD,527,9,case57
True,9,0.04,True,9,9,False,9,True,1.3722196058219878e-07,0.03584234759865622,0.4948417944683423,38.019804304349236,53.15858985704837,0.0,Robust-MTD,528,9,case57
True,9,-0.04,False,20,20,False,9,True,4.80046782214197e-10,0.03584233921860726,0.4948417944683423,36.129452046588995,48.415639874292545,0.0,Robust-MTD,529,9,case57
True,9,0.04,False,20,20,False,9,True,0.013113563837459439,0.03812885377905759,0.4948417944683423,35.09321250312496,59.47716454102193,0.0,Robust-MTD,530,9,case57
True,9,-0.04,False,20,20,False,9,True,4.255000177890568e-06,0.035842636915946115,0.4948417944683423,37.1897729462944,59.418764905422016,0.0,Robust-MTD,531,9,case57
True,9,0.04,False,20,20,False,9,True,6.276334381242279e-06,0.03584282674825442,0.4948417944683423,36.75069994642399,48.40648990648336,0.0,Robust-MTD,532,9,case57
True,9,0.04,False,20,20,False,9,True,2.7935308112027234e-05,0.03584457322923151,0.4948417944683423,33.73545210342854,41.919985407730564,0.0,Robust-MTD,533,9,case57
True,9,0.04,False,20,20,False,9,True,2.2554778935127113e-07,0.035842344998610706,0.4948417944683423,33.20260419277474,56.830172636546195,0.0,Robust-MTD,534,9,case57
True,9,0.04,False,20,20,False,9,True,3.337896098981168e-07,0.035842362021382086,0.4948417944683423,33.758847854915075,52.4115541484207,0.0,Robust-MTD,535,9,case57
True,9,-0.04,False,20,20,False,9,True,0.003244220738198702,0.035972489959007786,0.4948417944683423,34.64170639927033,46.33239796676208,0.0,Robust-MTD,536,9,case57
True,9,-0.04,False,20,20,False,9,True,5.359085770595764e-05,0.03584707193837283,0.4948417944683423,36.067091702716425,49.63815175578931,0.0,Robust-MTD,537,9,case57
True,9,-0.04,False,20,20,False,9,True,0.001101363518539588,0.0358779177380813,0.4948417944683423,34.89188545499928,47.20585831382778,0.0,Robust-MTD,538,9,case57
True,9,0.04,False,20,20,False,9,True,0.00025209818829779074,0.03586349722493516,0.4948417944683423,35.00571865297388,49.889607971999794,0.0,Robust-MTD,539,9,case57
True,9,-0.04,False,20,20,False,9,True,0.0021823742601695894,0.03613944902755446,0.4948417944683423,35.63193734444212,43.35053749673535,0.0,Robust-MTD,540,9,case57
True,9,-0.04,False,20,20,False,9,True,3.934768515139391e-06,0.03584248756223913,0.4948417944683423,35.17272704921197,49.80528749292717,0.0,Robust-MTD,541,9,case57
True,9,0.04,False,20,20,False,9,True,0.003742816535827758,0.036344515118905255,0.4948417944683423,34.23149790323805,43.32480384618976,0.0,Robust-MTD,542,9,case57
True,9,-0.04,False,20,20,False,9,True,2.6148529720786124e-08,0.03584233994903003,0.4948417944683423,38.917093799682334,60.57553955179174,0.0,Robust-MTD,543,9,case57
True,9,-0.04,False,20,20,False,9,True,3.86718087973142e-10,0.03584233921906407,0.4948417944683423,34.813497884897515,50.375381513731554,0.0,Robust-MTD,544,9,case57
True,9,0.04,False,20,20,False,9,True,0.004962249115810643,0.03653988346029693,0.4948417944683423,34.02835815504659,44.471995838102885,0.0,Robust-MTD,545,9,case57
True,9,-0.04,True,4,4,False,9,True,2.579696578249528e-08,0.03584234083087043,0.4948417944683423,31.40222909860313,44.953403834369965,0.0,Robust-MTD,546,9,case57
True,9,-0.04,False,20,20,False,9,True,1.1225391671303249e-08,0.035842339186998945,0.4948417944683423,34.338166599627584,44.390568442759104,0.0,Robust-MTD,547,9,case57
True,9,-0.04,False,20,20,False,9,True,1.2570987643611671e-05,0.035843069236657726,0.4948417944683423,33.810114552034065,44.63354731560685,0.0,Robust-MTD,548,9,case57
True,9,0.04,True,16,16,False,9,True,0.10067254291637096,0.05587834502747427,0.4948417944683423,33.511325003928505,41.15040209435394,0.0,Robust-MTD,549,9,case57
True,9,-0.04,False,20,20,False,9,True,0.0003344544189401306,0.03586600653307585,0.4948417944683423,31.587749856407754,57.329539602505974,0.0,Robust-MTD,550,9,case57
True,9,0.04,False,20,20,False,9,True,1.8250711557302502e-09,0.035842339218082844,0.4948417944683423,35.139243642333895,53.94723096105736,0.0,Robust-MTD,551,9,case57
True,9,0.04,False,20,20,False,9,True,9.800717699599644e-05,0.03584859681517035,0.4948417944683423,34.872356249252334,50.6163725949591,0.0,Robust-MTD,552,9,case57
True,9,-0.04,False,20,20,False,9,True,0.3175589867418281,0.13903862658007535,0.4948417944683423,35.418491542804986,54.679382691392675,0.0,Robust-MTD,553,9,case57
True,9,-0.04,False,20,20,False,9,True,2.707683059700033e-06,0.035842325349135104,0.4948417944683423,34.03491045173723,43.49149852641859,0.0,Robust-MTD,554,9,case57
True,9,-0.04,False,20,20,False,9,True,3.996824040026072e-10,0.03584233921901143,0.4948417944683423,33.4027916949708,43.88414644927252,0.0,Robust-MTD,555,9,case57
True,9,0.04,True,11,11,False,9,True,4.828818772650802e-09,0.03584233919673023,0.4948417944683423,34.992847955436446,46.263716372777715,0.0,Robust-MTD,556,9,case57
True,9,0.04,False,20,20,False,9,True,3.059712793763185e-07,0.035842356617506496,0.4948417944683423,36.15986469667405,49.14878154231701,0.0,Robust-MTD,557,9,case57
True,9,0.04,False,20,20,False,9,True,0.010723054415643607,0.03700118677669482,0.4948417944683423,38.63897081173491,55.730195547221236,0.0,Robust-MTD,558,9,case57
True,9,-0.04,False,20,20,False,9,True,0.00042516469070222324,0.035874670259445365,0.4948417944683423,34.70078120008111,44.7046187822707,0.0,Robust-MTD,559,9,case57
True,9,0.04,False,20,20,False,9,True,6.198013441218136e-05,0.03584191389439287,0.4948417944683423,41.11407920427155,71.68953094806061,0.0,Robust-MTD,560,9,case57
True,9,0.04,True,8,8,False,9,True,0.00027904038544730524,0.03584435280269893,0.4948417944683423,36.53293953684624,46.05664759583307,0.0,Robust-MTD,561,9,case57
True,9,-0.04,False,20,20,False,9,True,5.515947948826702e-05,0.03584756618503933,0.4948417944683423,39.880066650221124,72.3927794402698,0.0,Robust-MTD,562,9,case57
True,9,-0.04,False,20,20,False,9,True,5.1614840196216074e-08,0.035842339447041134,0.4948417944683423,32.70361234608572,42.15911871870048,0.0,Robust-MTD,563,9,case57
True,9,0.04,False,20,20,False,9,True,0.0005237029230275899,0.035897745024598825,0.4948417944683423,39.7480917541543,67.04098748159595,0.0,Robust-MTD,564,9,case57
True,9,0.04,False,20,20,False,9,True,9.465643463335593e-05,0.03585128680006165,0.4948417944683423,36.02522710280027,51.259088981896674,0.0,Robust-MTD,565,9,case57
True,9,-0.04,False,20,20,False,9,True,3.4433674411909194e-06,0.03584260515345644,0.4948417944683423,35.76478944742121,55.18019164155703,0.0,Robust-MTD,566,9,case57
True,9,-0.04,False,20,20,False,9,True,0.001374415942305242,0.035882906699411285,0.4948417944683423,32.79060850618407,43.78044998447877,0.0,Robust-MTD,567,9,case57
True,9,0.04,False,20,20,False,9,True,1.7532944996365172e-09,0.03584233926652766,0.4948417944683423,32.96188120148145,47.77097887417767,0.0,Robust-MTD,568,9,case57
True,9,0.04,False,20,20,False,9,True,1.8004406582451835e-07,0.035842346266406415,0.4948417944683423,35.349952103570104,47.94535629625898,0.0,Robust-MTD,569,9,case57
True,9,-0.04,False,20,20,False,9,True,0.0029565626484140614,0.03580179539716031,0.4948417944683423,35.31905199342873,45.201873558107785,0.0,Robust-MTD,570,9,case57
True,9,0.04,False,20,20,False,9,True,9.36999400003353e-08,0.03584234008877829,0.4948417944683423,39.44566869176924,60.28998781403066,0.0,Robust-MTD,571,9,case57
True,9,0.04,False,20,20,False,9,True,0.0003403033650817718,0.03587712896968535,0.4948417944683423,32.539754337631166,43.919260444818065,0.0,Robust-MTD,572,9,case57
True,9,0.04,False,20,20,False,9,True,3.1103353603109746e-06,0.035842442242084015,0.4948417944683423,37.010225001722574,55.69795769115444,0.0,Robust-MTD,573,9,case57
True,9,0.04,False,20,20,False,9,True,0.00014060654215564765,0.03584098452092637,0.4948417944683423,34.54364575154614,70.60927223064938,0.0,Robust-MTD,574,9,case57
True,9,0.04,False,20,20,False,9,True,0.11036039175296739,0.062261218857962625,0.4948417944683423,31.605266747646965,54.46629853977356,0.0,Robust-MTD,575,9,case57
True,9,-0.04,False,20,20,False,9,True,2.2105392509916487e-06,0.03584237185552931,0.4948417944683423,30.72259574837517,39.94108951301315,0.0,Robust-MTD,576,9,case57
True,9,0.04,False,20,20,False,9,True,2.6891055566654816e-06,0.03584247435855474,0.4948417944683423,37.677893694490194,63.70722079882403,0.0,Robust-MTD,577,9,case57
True,9,0.04,False,20,20,False,9,True,5.8525466219566154e-05,0.035846469953009046,0.4948417944683423,31.43453540105838,41.04209586803337,0.0,Robust-MTD,578,9,case57
True,9,-0.04,False,20,20,False,9,True,0.0946032584854076,0.033092385535035615,0.4948417944683423,31.56438539735973,52.55132259626408,0.0,Robust-MTD,579,9,case57
True,9,-0.04,False,20,20,False,9,True,0.0005466106440014559,0.03590067029950532,0.4948417944683423,30.656443850602955,51.958228863077245,0.0,Robust-MTD,580,9,case57
True,9,-0.04,False,20,20,False,9,True,0.0006553492598362501,0.03591344763164695,0.4948417944683423,35.61799155140761,60.445736884139485,0.0,Robust-MTD,581,9,case57
True,9,0.04,False,20,20,False,9,True,2.8210938834278307e-05,0.035844285645924144,0.4948417944683423,33.34646649600472,60.83431845472663,0.0,Robust-MTD,582,9,case57
True,9,0.04,False,20,20,False,9,True,1.2445743204505104e-08,0.035842339247951625,0.4948417944683423,31.411800056230273,54.600389586994424,0.0,Robust-MTD,583,9,case57
True,9,0.04,False,20,20,False,9,True,1.0485641287158783e-05,0.03584289972782954,0.4948417944683423,31.566254250355996,52.66550267988351,0.0,Robust-MTD,584,9,case57
True,9,-0.04,False,20,20,False,9,True,0.0001055821679140614,0.035850671615134284,0.4948417944683423,35.63743559352588,55.28261729050428,0.0,Robust-MTD,585,9,case57
True,9,0.04,False,20,20,False,9,True,1.7916964276109874e-05,0.03584347592435815,0.4948417944683423,34.972162402118556,54.63941042253282,0.0,Robust-MTD,586,9,case57
True,9,-0.04,False,20,20,False,9,True,5.380440808280221e-09,0.03584233939818983,0.4948417944683423,31.230168900219724,48.88936395291239,0.0,Robust-MTD,587,9,case57
True,9,0.04,False,20,20,False,9,True,0.01397795760815955,0.038137919277694644,0.4948417944683423,34.62478559813462,46.92017885681708,0.0,Robust-MTD,588,9,case57
True,9,-0.04,False,20,20,False,9,True,3.867181703525969e-10,0.03584233921906406,0.4948417944683423,32.16867914889008,46.08583191584331,0.0,Robust-MTD,589,9,case57
True,9,-0.04,False,20,20,False,9,True,1.0909073803590254e-06,0.0358424217090953,0.4948417944683423,35.477781150257215,53.26534518098926,0.0,Robust-MTD,590,9,case57
True,9,-0.04,False,20,20,False,9,True,0.00039301264869547265,0.03588538264792485,0.4948417944683423,40.131131242378615,63.46552766626702,0.0,Robust-MTD,591,9,case57
True,9,-0.04,False,20,20,False,9,True,0.00012033531955229949,0.035842967919427225,0.4948417944683423,31.131277096574195,43.08052680862602,0.0,Robust-MTD,592,9,case57
True,9,0.04,False,20,20,False,9,True,5.808082235935388e-05,0.035842093901904584,0.4948417944683423,33.956441542250104,48.222035414073616,0.0,Robust-MTD,593,9,case57
True,9,-0.04,True,9,9,False,9,True,0.0006020630880326146,0.035863593899074495,0.4948417944683423,34.844497800804675,55.36132706038188,0.0,Robust-MTD,594,9,case57
True,9,-0.04,False,20,20,False,9,True,2.3366012226766467e-05,0.03584450916157085,0.4948417944683423,34.17554790212307,44.12043511110824,0.0,Robust-MTD,595,9,case57
True,9,-0.04,False,20,20,False,9,True,5.3728074518163955e-08,0.0358423424851754,0.4948417944683423,37.39299150474835,53.497186844469994,0.0,Robust-MTD,596,9,case57
True,9,0.04,False,20,20,False,9,True,0.0001227499837149737,0.03584115506904691,0.4948417944683423,36.5320664976025,47.74344376637602,0.0,Robust-MTD,597,9,case57
True,9,-0.04,False,20,20,False,9,True,4.668546447961604e-05,0.035845699995232565,0.4948417944683423,35.921214646077715,48.620181245496504,0.0,Robust-MTD,598,9,case57
True,9,-0.04,False,20,20,False,9,True,0.00036308026199110345,0.035878203570052725,0.4948417944683423,36.951612602570094,59.41520415071864,0.0,Robust-MTD,599,9,case57
True,10,-0.04,True,1,1,False,10,True,3.8671819781203783e-10,0.006716505493575347,0.4948417944683423,28.640168742276728,36.76794967905153,0.0,Robust-MTD,600,10,case57
True,10,-0.04,True,2,2,False,10,True,3.8671819781198773e-10,0.006716505493575347,0.4948417944683423,32.12786050862633,47.26105237787124,0.0,Robust-MTD,601,10,case57
True,10,-0.04,True,5,5,False,10,True,3.8671819781197475e-10,0.006716505493575347,0.4948417944683423,33.814533342956565,44.02535417466426,0.0,Robust-MTD,602,10,case57
True,10,0.04,True,1,1,False,10,True,3.8671819781197475e-10,0.006716505493575347,0.4948417944683423,32.03472289897036,41.69385869172402,0.0,Robust-MTD,603,10,case57
True,10,0.04,True,1,1,False,10,True,3.8671819781197475e-10,0.006716505493575347,0.4948417944683423,34.47521664202213,49.97155214077794,0.0,Robust-MTD,604,10,case57
True,10,-0.04,True,5,5,False,10,True,3.8671819781197475e-10,0.006716505493575347,0.4948417944683423,31.584962649503723,51.64971489575692,0.0,Robust-MTD,605,10,case57
True,10,-0.04,True,2,2,False,10,True,3.8671819781197475e-10,0.006716505493575347,0.4948417944683423,30.411820905283093,47.67065389023628,0.0,Robust-MTD,606,10,case57
True,10,0.04,True,1,1,False,10,True,3.867181978119758e-10,0.006716505493575347,0.4948417944683423,30.489585391478613,43.25823962572031,0.0,Robust-MTD,607,10,case57
True,10,0.04,True,3,3,False,10,True,3.8671819781197475e-10,0.006716505493575347,0.4948417944683423,28.652429149951786,37.917139267665334,0.0,Robust-MTD,608,10,case57
True,10,0.04,True,1,1,False,10,True,3.8671819781197475e-10,0.006716505493575347,0.4948417944683423,32.73129799927119,41.108083355356946,0.0,Robust-MTD,609,10,case57
True,10,-0.04,True,1,1,False,10,True,3.8671819781198003e-10,0.006716505493575347,0.4948417944683423,36.29357924510259,64.92002769082322,0.0,Robust-MTD,610,10,case57
True,10,-0.04,True,1,1,False,10,True,3.8671819781198044e-10,0.006716505493575347,0.4948417944683423,33.34044585644733,45.03044341981879,0.0,Robust-MTD,611,10,case57
True,10,0.04,True,1,1,False,10,True,3.867181978119787e-10,0.006716505493575347,0.4948417944683423,31.403035356197506,60.528633301146336,0.0,Robust-MTD,612,10,case57
True,10,0.04,True,13,13,False,10,True,3.8671819781197677e-10,0.006716505493575347,0.4948417944683423,30.57531254598871,46.838160749757684,0.0,Robust-MTD,613,10,case57
True,10,0.04,True,3,3,False,10,True,3.8671819781197475e-10,0.006716505493575347,0.4948417944683423,36.30204585788306,61.86433513066734,0.0,Robust-MTD,614,10,case57
True,10,0.04,True,5,5,False,10,True,3.8671819781197475e-10,0.006716505493575347,0.4948417944683423,36.13212498894427,62.828560383059106,0.0,Robust-MTD,615,10,case57
True,10,0.04,True,4,4,False,10,True,3.8671819781197475e-10,0.006716505493575347,0.4948417944683423,31.57656864495948,43.92308122769464,0.0,Robust-MTD,616,10,case57
True,10,-0.04,True,1,1,False,10,True,3.8671819781197475e-10,0.006716505493575347,0.4948417944683423,34.556520855403505,49.9306627927581,0.0,Robust-MTD,617,10,case57
True,10,-0.04,True,4,4,False,10,True,3.8671819781197475e-10,0.006716505493575347,0.4948417944683423,34.578524946118705,54.871812521014405,0.0,Robust-MTD,618,10,case57
True,10,0.04,True,1,1,False,10,True,3.8671819781197475e-10,0.006716505493575347,0.4948417944683423,31.675900009577166,44.21017677232158,0.0,Robust-MTD,619,10,case57
True,10,0.04,True,1,1,False,10,True,3.8671819781197703e-10,0.006716505493575347,0.4948417944683423,31.316006291308444,50.51613124378491,0.0,Robust-MTD,620,10,case57
True,10,-0.04,True,2,2,False,10,True,3.8671819781197486e-10,0.006716505493575347,0.4948417944683423,32.345214698580094,53.67065244645346,0.0,Robust-MTD,621,10,case57
True,10,-0.04,True,5,5,False,10,True,3.86718197811975e-10,0.006716505493575347,0.4948417944683423,29.328024791902862,39.718074328266084,0.0,Robust-MTD,622,10,case57
True,10,0.04,True,2,2,False,10,True,3.8671819781197703e-10,0.006716505493575347,0.4948417944683423,32.618391697178595,57.34736488666386,0.0,Robust-MTD,623,10,case57
True,10,0.04,True,8,8,False,10,True,3.8671819781197475e-10,0.006716505493575347,0.4948417944683423,35.31107066082768,53.756333005731,0.0,Robust-MTD,624,10,case57
True,10,-0.04,True,1,1,False,10,True,3.8671819781197475e-10,0.006716505493575347,0.4948417944683423,30.116729205474257,42.38096604240129,0.0,Robust-MTD,625,10,case57
True,10,0.04,True,1,1,False,10,True,3.8671819781197475e-10,0.006716505493575347,0.4948417944683423,28.855808402295224,48.85213989764453,0.0,Robust-MTD,626,10,case57
True,10,-0.04,True,1,1,False,10,True,3.8671819781197475e-10,0.006716505493575347,0.4948417944683423,28.980606343247928,38.802541902987294,0.0,Robust-MTD,627,10,case57
True,10,0.04,True,1,1,False,10,True,3.8671819781197656e-10,0.006716505493575347,0.4948417944683423,31.118135451106355,48.83949579962064,0.0,Robust-MTD,628,10,case57
True,10,-0.04,True,3,3,False,10,True,3.8671819781197475e-10,0.006716505493575347,0.4948417944683423,37.013383355224505,87.71046521142127,0.0,Robust-MTD,629,10,case57
True,10,-0.04,True,2,2,False,10,True,3.8671819781197475e-10,0.006716505493575347,0.4948417944683423,34.29066049866378,54.56659615738318,0.0,Robust-MTD,630,10,case57
True,10,0.04,True,2,2,False,10,True,3.8671819781197475e-10,0.006716505493575347,0.4948417944683423,32.5959770969348,53.479590208735324,0.0,Robust-MTD,631,10,case57
True,10,0.04,True,2,2,False,10,True,3.8671819781197475e-10,0.006716505493575347,0.4948417944683423,31.48497926013079,55.20220414327926,0.0,Robust-MTD,632,10,case57
True,10,-0.04,True,1,1,False,10,True,3.8671819781197475e-10,0.006716505493575347,0.4948417944683423,30.05549173685722,51.88739337900188,0.0,Robust-MTD,633,10,case57
True,10,0.04,True,0,0,False,10,True,3.867181703519515e-10,0.006716505493575347,0.4948417944683423,31.35331660159864,48.34636666346344,0.0,Robust-MTD,634,10,case57
True,10,-0.04,True,2,2,False,10,True,3.8671819781197475e-10,0.006716505493575347,0.4948417944683423,30.353116744663566,40.571952020400204,0.0,Robust-MTD,635,10,case57
True,10,-0.04,True,1,1,False,10,True,3.867181978119759e-10,0.006716505493575347,0.4948417944683423,33.733902050880715,65.24326009675862,0.0,Robust-MTD,636,10,case57
True,10,0.04,True,13,13,False,10,True,3.867181978119754e-10,0.006716505493575347,0.4948417944683423,30.801564603461884,45.44519791088535,0.0,Robust-MTD,637,10,case57
True,10,-0.04,True,2,2,False,10,True,3.8671819781197475e-10,0.006716505493575347,0.4948417944683423,32.29637919575907,46.94766039610844,0.0,Robust-MTD,638,10,case57
True,10,-0.04,True,4,4,False,10,True,3.867181978119981e-10,0.006716505493575347,0.4948417944683423,29.515512648504227,41.11857496318408,0.0,Robust-MTD,639,10,case57
True,10,-0.04,True,0,0,False,10,True,3.8671819781197486e-10,0.006716505493575347,0.4948417944683423,29.803908261237666,39.9319621414179,0.0,Robust-MTD,640,10,case57
True,10,-0.04,True,2,2,False,10,True,3.8671819781197475e-10,0.006716505493575347,0.4948417944683423,33.53739795566071,56.668049423024065,0.0,Robust-MTD,641,10,case57
True,10,-0.04,True,2,2,False,10,True,3.8671819781197475e-10,0.006716505493575347,0.4948417944683423,35.28802094515413,69.01559406251182,0.0,Robust-MTD,642,10,case57
True,10,0.04,True,1,1,False,10,True,3.8671819781197475e-10,0.006716505493575347,0.4948417944683423,38.10021869139746,79.72471873508768,0.0,Robust-MTD,643,10,case57
True,10,0.04,True,6,6,False,10,True,3.8671819781197475e-10,0.006716505493575347,0.4948417944683423,30.383237442583777,52.505866668070674,0.0,Robust-MTD,644,10,case57
True,10,-0.04,True,1,1,False,10,True,3.867181978119758e-10,0.006716505493575347,0.4948417944683423,28.326200047740713,44.65565357240849,0.0,Robust-MTD,645,10,case57
True,10,0.04,True,1,1,False,10,True,3.8671819781197475e-10,0.006716505493575347,0.4948417944683423,29.98822499648668,59.36936075449923,0.0,Robust-MTD,646,10,case57
True,10,-0.04,True,2,2,False,10,True,3.8671819781197475e-10,0.006716505493575347,0.4948417944683423,32.00139999680687,51.8634003092302,0.0,Robust-MTD,647,10,case57
True,10,-0.04,True,3,3,False,10,True,3.8671819781197486e-10,0.006716505493575347,0.4948417944683423,32.14033319673035,50.42107117769775,0.0,Robust-MTD,648,10,case57
True,10,0.04,True,2,2,False,10,True,3.8671819781197475e-10,0.006716505493575347,0.4948417944683423,31.60575220535975,50.94128578493838,0.0,Robust-MTD,649,10,case57
True,10,0.04,True,2,2,False,10,True,3.8671819781198096e-10,0.006716505493575347,0.4948417944683423,31.220868657692336,56.18815389752855,0.0,Robust-MTD,650,10,case57
True,10,-0.04,True,3,3,False,10,True,3.8671819781197475e-10,0.006716505493575347,0.4948417944683423,29.156258358852938,37.558348206221126,0.0,Robust-MTD,651,10,case57
True,10,0.04,True,1,1,False,10,True,3.8671819781197475e-10,0.006716505493575347,0.4948417944683423,30.269908293848857,40.21301249158571,0.0,Robust-MTD,652,10,case57
True,10,-0.04,True,2,2,False,10,True,3.8671819781197475e-10,0.006716505493575347,0.4948417944683423,31.680551992030814,44.37653748609592,0.0,Robust-MTD,653,10,case57
True,10,-0.04,True,1,1,False,10,True,3.8671819781197475e-10,0.006716505493575347,0.4948417944683423,29.011710293707438,35.692805875442005,0.0,Robust-MTD,654,10,case57
True,10,0.04,True,3,3,False,10,True,3.8671819781197475e-10,0.006716505493575347,0.4948417944683423,39.1376395476982,75.71433719713241,0.0,Robust-MTD,655,10,case57
True,10,0.04,True,4,4,False,10,True,3.867181978119799e-10,0.006716505493575347,0.4948417944683423,32.015458404202946,47.168091608909904,0.0,Robust-MTD,656,10,case57
True,10,0.04,True,4,4,False,10,True,3.8671819781197837e-10,0.006716505493575347,0.4948417944683423,36.920756252948195,61.98993959988003,0.0,Robust-MTD,657,10,case57
True,10,0.04,True,4,4,False,10,True,3.8671819781197475e-10,0.006716505493575347,0.4948417944683423,32.47481659927871,44.1485354676843,0.0,Robust-MTD,658,10,case57
True,10,-0.04,True,1,1,False,10,True,3.8671819781197475e-10,0.006716505493575347,0.4948417944683423,35.09237904800102,58.206166647141806,0.0,Robust-MTD,659,10,case57
True,10,0.04,True,3,3,False,10,True,3.8671819781197615e-10,0.006716505493575347,0.4948417944683423,29.630902109784074,41.917510447092354,0.0,Robust-MTD,660,10,case57
True,10,0.04,True,1,1,False,10,True,3.8671819781197905e-10,0.006716505493575347,0.4948417944683423,33.09038759616669,48.375898244557916,0.0,Robust-MTD,661,10,case57
True,10,0.04,True,8,8,False,10,True,3.8671819781197475e-10,0.006716505493575347,0.4948417944683423,37.79345850343816,62.407787871779895,0.0,Robust-MTD,662,10,case57
True,10,0.04,True,2,2,False,10,True,3.8671819781197475e-10,0.006716505493575347,0.4948417944683423,33.93022914242465,50.88278720504606,0.0,Robust-MTD,663,10,case57
True,10,-0.04,True,1,1,False,10,True,3.8671819781197806e-10,0.006716505493575347,0.4948417944683423,36.44343540945556,58.56289820512759,0.0,Robust-MTD,664,10,case57
True,10,-0.04,True,1,1,False,10,True,3.8671819781197475e-10,0.006716505493575347,0.4948417944683423,32.43680829182267,46.82268812321127,0.0,Robust-MTD,665,10,case57
True,10,-0.04,True,1,1,False,10,True,3.8671819781197506e-10,0.006716505493575347,0.4948417944683423,35.28055635106284,88.4899649070576,0.0,Robust-MTD,666,10,case57
True,10,-0.04,True,1,1,False,10,True,3.8671819781197475e-10,0.006716505493575347,0.4948417944683423,34.057162498356774,47.088002375676325,0.0,Robust-MTD,667,10,case57
True,10,0.04,True,1,1,False,10,True,3.8671819781197475e-10,0.006716505493575347,0.4948417944683423,29.932920602732338,42.819141689687974,0.0,Robust-MTD,668,10,case57
True,10,-0.04,True,3,3,False,10,True,3.8671819781197553e-10,0.006716505493575347,0.4948417944683423,31.918697798391808,46.6378184646601,0.0,Robust-MTD,669,10,case57
True,10,-0.04,True,1,1,False,10,True,3.8671819781197553e-10,0.006716505493575347,0.4948417944683423,32.27330624940805,58.65733924729285,0.0,Robust-MTD,670,10,case57
True,10,0.04,True,1,1,False,10,True,3.8671819781197894e-10,0.006716505493575347,0.4948417944683423,32.934560350258835,47.632737163803576,0.0,Robust-MTD,671,10,case57
True,10,-0.04,True,1,1,False,10,True,3.8671819781197475e-10,0.006716505493575347,0.4948417944683423,37.60298939887434,66.86236873501912,0.0,Robust-MTD,672,10,case57
True,10,-0.04,True,2,2,False,10,True,3.8671819781197475e-10,0.006716505493575347,0.4948417944683423,32.80289375688881,44.45950981171339,0.0,Robust-MTD,673,10,case57
True,10,0.04,True,1,1,False,10,True,3.867181978119748e-10,0.006716505493575347,0.4948417944683423,33.620616648113355,54.36171840992756,0.0,Robust-MTD,674,10,case57
True,10,-0.04,True,1,1,False,10,True,3.8671819781197475e-10,0.006716505493575347,0.4948417944683423,29.886095845722593,43.548899673623964,0.0,Robust-MTD,675,10,case57
True,10,0.04,True,4,4,False,10,True,3.8671819781197475e-10,0.006716505493575347,0.4948417944683423,32.46386039536446,59.57213692308869,0.0,Robust-MTD,676,10,case57
True,10,-0.04,True,1,1,False,10,True,3.8671819781197475e-10,0.006716505493575347,0.4948417944683423,33.562577053089626,42.75888751144521,0.0,Robust-MTD,677,10,case57
True,10,0.04,True,2,2,False,10,True,3.8671817035196044e-10,0.006716505493575347,0.4948417944683423,34.653237444581464,45.08552858023904,0.0,Robust-MTD,678,10,case57
True,10,-0.04,True,1,1,False,10,True,3.8671819781197475e-10,0.006716505493575347,0.4948417944683423,34.03638755262364,45.64843336411287,0.0,Robust-MTD,679,10,case57
True,10,-0.04,True,3,3,False,10,True,3.8671819781197475e-10,0.006716505493575347,0.4948417944683423,33.99049578292761,44.1862381529063,0.0,Robust-MTD,680,10,case57
True,10,0.04,True,2,2,False,10,True,3.867181978119754e-10,0.006716505493575347,0.4948417944683423,35.370785411214456,44.18861434387509,0.0,Robust-MTD,681,10,case57
True,10,-0.04,True,2,2,False,10,True,3.8671819781197475e-10,0.006716505493575347,0.4948417944683423,33.649314497597516,43.84386457095388,0.0,Robust-MTD,682,10,case57
True,10,0.04,True,4,4,False,10,True,3.8671819781197475e-10,0.006716505493575347,0.4948417944683423,30.7956978387665,43.04874996014406,0.0,Robust-MTD,683,10,case57
True,10,-0.04,True,4,4,False,10,True,3.8671819781197475e-10,0.006716505493575347,0.4948417944683423,36.86445619969163,68.28509791521356,0.0,Robust-MTD,684,10,case57
True,10,-0.04,True,3,3,False,10,True,3.8671819781197475e-10,0.006716505493575347,0.4948417944683423,31.09554164984729,43.44976674765349,0.0,Robust-MTD,685,10,case57
True,10,-0.04,True,1,1,False,10,True,3.867181978119748e-10,0.006716505493575347,0.4948417944683423,37.0779832417611,54.60294969379905,0.0,Robust-MTD,686,10,case57
True,10,0.04,True,5,5,False,10,True,3.867181978119748e-10,0.006716505493575347,0.4948417944683423,32.81952490506228,61.107883023214534,0.0,Robust-MTD,687,10,case57
True,10,0.04,True,2,2,False,10,True,3.8671817035197016e-10,0.006716505493575347,0.4948417944683423,34.30778549227398,73.06495415687097,0.0,Robust-MTD,688,10,case57
True,10,0.04,True,6,6,False,10,True,3.867181978119847e-10,0.006716505493575347,0.4948417944683423,33.2292792503722,68.48018955497538,0.0,Robust-MTD,689,10,case57
True,10,-0.04,True,4,4,False,10,True,3.8671819781197475e-10,0.006716505493575347,0.4948417944683423,36.736427145660855,61.41532709298193,0.0,Robust-MTD,690,10,case57
True,10,-0.04,True,7,7,False,10,True,3.8671819781197475e-10,0.006716505493575347,0.4948417944683423,29.722556349588558,39.39898717508188,0.0,Robust-MTD,691,10,case57
True,10,-0.04,True,3,3,False,10,True,3.8671819781197475e-10,0.006716505493575347,0.4948417944683423,30.896704143378884,47.557008030707955,0.0,Robust-MTD,692,10,case57
True,10,-0.04,True,2,2,False,10,True,3.8671819781197475e-10,0.006716505493575347,0.4948417944683423,30.5977103067562,39.3803476239555,0.0,Robust-MTD,693,10,case57
True,10,-0.04,True,3,3,False,10,True,3.8671819781197656e-10,0.006716505493575347,0.4948417944683423,33.32502075645607,56.66020798089449,0.0,Robust-MTD,694,10,case57
True,10,0.04,True,2,2,False,10,True,3.867181978119748e-10,0.006716505493575347,0.4948417944683423,34.36514160421211,52.91459138970823,0.0,Robust-MTD,695,10,case57
True,10,-0.04,True,3,3,False,10,True,3.8671819781197475e-10,0.006716505493575347,0.4948417944683423,33.62885219976306,48.14412920095493,0.0,Robust-MTD,696,10,case57
True,10,-0.04,True,3,3,False,10,True,3.8671819781197475e-10,0.006716505493575347,0.4948417944683423,34.891100152162835,60.09285976469983,0.0,Robust-MTD,697,10,case57
True,10,-0.04,True,1,1,False,10,True,3.8671819781197475e-10,0.006716505493575347,0.4948417944683423,36.73627510142978,49.463400381500854,0.0,Robust-MTD,698,10,case57
True,10,0.04,True,1,1,False,10,True,3.8671819781197506e-10,0.006716505493575347,0.4948417944683423,35.21476025052834,60.22812679293566,0.0,Robust-MTD,699,10,case57
True,11,0.04,True,1,1,False,11,True,3.8671819781197475e-10,0.004888621605915981,0.4948417944683423,31.701914689620025,41.963368470896974,0.0,Robust-MTD,700,11,case57
True,11,-0.04,True,1,1,False,11,True,3.8671819781197475e-10,0.004888621605915981,0.4948417944683423,34.73670209932607,73.19184583902825,0.0,Robust-MTD,701,11,case57
True,11,0.04,True,1,1,False,11,True,3.8671819781197475e-10,0.004888621605915981,0.4948417944683423,33.41723339690361,47.9441167175537,0.0,Robust-MTD,702,11,case57
True,11,-0.04,True,1,1,False,11,True,3.8671819781197475e-10,0.004888621605915981,0.4948417944683423,34.43612304981798,46.95817111933139,0.0,Robust-MTD,703,11,case57
True,11,0.04,True,1,1,False,11,True,3.8671819781197475e-10,0.004888621605915981,0.4948417944683423,32.52453345339745,53.64324791880791,0.0,Robust-MTD,704,11,case57
True,11,-0.04,True,2,2,False,11,True,3.8671819781197475e-10,0.004888621605915981,0.4948417944683423,32.17766470042989,43.34435037744697,0.0,Robust-MTD,705,11,case57
True,11,0.04,True,1,1,False,11,True,3.8671819781197475e-10,0.004888621605915981,0.4948417944683423,31.844954143161885,43.00347919052001,0.0,Robust-MTD,706,11,case57
True,11,0.04,True,1,1,False,11,True,3.8671819781197475e-10,0.004888621605915981,0.4948417944683423,33.15858760906849,50.963293787208386,0.0,Robust-MTD,707,11,case57
True,11,0.04,True,1,1,False,11,True,3.8671819781197475e-10,0.004888621605915981,0.4948417944683423,33.75827276031487,47.445716004585854,0.0,Robust-MTD,708,11,case57
True,11,0.04,True,1,1,False,11,True,3.8671819781197475e-10,0.004888621605915981,0.4948417944683423,35.083464556373656,47.32055624772331,0.0,Robust-MTD,709,11,case57
True,11,0.04,True,1,1,False,11,True,3.8671819781197475e-10,0.004888621605915981,0.4948417944683423,32.068062358302996,45.806703812559135,0.0,Robust-MTD,710,11,case57
True,11,-0.04,True,1,1,False,11,True,3.8671819781197475e-10,0.004888621605915981,0.4948417944683423,34.39560199622065,51.77886669116563,0.0,Robust-MTD,711,11,case57
True,11,0.04,True,1,1,False,11,True,3.8671819781197475e-10,0.004888621605915981,0.4948417944683423,33.75593954697251,43.64738303993363,0.0,Robust-MTD,712,11,case57
True,11,-0.04,True,1,1,False,11,True,3.8671819781197475e-10,0.004888621605915981,0.4948417944683423,34.62940405297559,62.21004644758068,0.0,Robust-MTD,713,11,case57
True,11,0.04,True,1,1,False,11,True,3.8671819781197475e-10,0.004888621605915981,0.4948417944683423,30.317479101358913,48.77141217875761,0.0,Robust-MTD,714,11,case57
True,11,-0.04,True,1,1,False,11,True,3.8671819781197475e-10,0.004888621605915981,0.4948417944683423,34.28670824505389,45.67678568710108,0.0,Robust-MTD,715,11,case57
True,11,0.04,True,1,1,False,11,True,3.8671819781197475e-10,0.004888621605915981,0.4948417944683423,33.12687294674106,47.647785098524764,0.0,Robust-MTD,716,11,case57
True,11,-0.04,True,1,1,False,11,True,3.8671819781197475e-10,0.004888621605915981,0.4948417944683423,33.34323954768479,51.280587501241826,0.0,Robust-MTD,717,11,case57
True,11,0.04,True,1,1,False,11,True,3.8671819781197475e-10,0.004888621605915981,0.4948417944683423,32.238422843511216,54.38728481822182,0.0,Robust-MTD,718,11,case57
True,11,0.04,True,1,1,False,11,True,3.8671819781197475e-10,0.004888621605915981,0.4948417944683423,32.00807284738403,54.7392273816513,0.0,Robust-MTD,719,11,case57
True,11,0.04,True,1,1,False,11,True,3.8671819781197475e-10,0.004888621605915981,0.4948417944683423,35.644575048354454,56.696362842922106,0.0,Robust-MTD,720,11,case57
True,11,0.04,True,1,1,False,11,True,3.8671819781197475e-10,0.004888621605915981,0.4948417944683423,39.1076311992947,74.4316187716322,0.0,Robust-MTD,721,11,case57
True,11,-0.04,True,1,1,False,11,True,3.8671819781197475e-10,0.004888621605915981,0.4948417944683423,37.830677049350925,71.32218992919663,0.0,Robust-MTD,722,11,case57
True,11,0.04,True,1,1,False,11,True,3.8671819781197475e-10,0.004888621605915981,0.4948417944683423,38.53101244894788,72.58174616436008,0.0,Robust-MTD,723,11,case57
True,11,0.04,True,1,1,False,11,True,3.8671819781197475e-10,0.004888621605915981,0.4948417944683423,34.448908345075324,50.677332992199815,0.0,Robust-MTD,724,11,case57
True,11,0.04,True,1,1,False,11,True,3.8671819781197475e-10,0.004888621605915981,0.4948417944683423,32.32540205353871,64.58333397167736,0.0,Robust-MTD,725,11,case57
True,11,0.04,True,2,2,False,11,True,3.8671819781197475e-10,0.004888621605915981,0.4948417944683423,35.33540620119311,67.69966488936919,0.0,Robust-MTD,726,11,case57
True,11,-0.04,True,1,1,False,11,True,3.8671819781197475e-10,0.004888621605915981,0.4948417944683423,33.70807074534241,49.07574612589087,0.0,Robust-MTD,727,11,case57
True,11,0.04,True,1,1,False,11,True,3.8671819781197475e-10,0.004888621605915981,0.4948417944683423,31.290525011718273,44.79953125701286,0.0,Robust-MTD,728,11,case57
True,11,-0.04,True,1,1,False,11,True,3.8671819781197475e-10,0.004888621605915981,0.4948417944683423,36.70538725564256,74.10482438863255,0.0,Robust-MTD,729,11,case57
True,11,-0.04,True,2,2,False,11,True,3.8671819781197475e-10,0.004888621605915981,0.4948417944683423,30.94974784180522,42.38109371217434,0.0,Robust-MTD,730,11,case57
True,11,-0.04,True,1,1,False,11,True,3.8671819781197475e-10,0.004888621605915981,0.4948417944683423,33.13079809304327,46.65293397265488,0.0,Robust-MTD,731,11,case57
True,11,-0.04,True,1,1,False,11,True,3.8671819781197475e-10,0.004888621605915981,0.4948417944683423,29.523939549108036,42.66580037656241,0.0,Robust-MTD,732,11,case57
True,11,-0.04,True,1,1,False,11,True,3.8671819781197475e-10,0.004888621605915981,0.4948417944683423,30.642045952845365,40.178264240967124,0.0,Robust-MTD,733,11,case57
True,11,-0.04,True,2,2,False,11,True,3.8671819781197475e-10,0.004888621605915981,0.4948417944683423,32.148031413089484,51.0435396427056,0.0,Robust-MTD,734,11,case57
True,11,0.04,True,2,2,False,11,True,3.8671819781197475e-10,0.004888621605915981,0.4948417944683423,29.097666757297702,36.12322918197608,0.0,Robust-MTD,735,11,case57
True,11,-0.04,True,1,1,False,11,True,3.8671819781197475e-10,0.004888621605915981,0.4948417944683423,30.941456198343076,47.13468089757956,0.0,Robust-MTD,736,11,case57
True,11,0.04,True,3,3,False,11,True,3.8671819781197475e-10,0.004888621605915981,0.4948417944683423,31.58248529653065,40.57636250217911,0.0,Robust-MTD,737,11,case57
True,11,-0.04,True,1,1,False,11,True,3.8671819781197475e-10,0.004888621605915981,0.4948417944683423,33.01004164677579,45.30626489431599,0.0,Robust-MTD,738,11,case57
True,11,0.04,True,2,2,False,11,True,3.8671819781197475e-10,0.004888621605915981,0.4948417944683423,34.81506870593876,58.85904104798104,0.0,Robust-MTD,739,11,case57
True,11,0.04,True,1,1,False,11,True,3.8671819781197475e-10,0.004888621605915981,0.4948417944683423,31.987108298926614,45.668347942410044,0.0,Robust-MTD,740,11,case57
True,11,-0.04,True,1,1,False,11,True,3.8671819781197475e-10,0.004888621605915981,0.4948417944683423,27.657062505022623,36.523895859136246,0.0,Robust-MTD,741,11,case57
True,11,0.04,True,3,3,False,11,True,3.8671819781197475e-10,0.004888621605915981,0.4948417944683423,33.829693755251355,42.53241665137466,0.0,Robust-MTD,742,11,case57
True,11,0.04,True,1,1,False,11,True,3.8671819781197475e-10,0.004888621605915981,0.4948417944683423,34.338614498847164,53.60699761949945,0.0,Robust-MTD,743,11,case57
True,11,0.04,True,1,1,False,11,True,3.8671819781197475e-10,0.004888621605915981,0.4948417944683423,33.17401043896098,46.63280476233922,0.0,Robust-MTD,744,11,case57
True,11,0.04,True,1,1,False,11,True,3.8671819781197475e-10,0.004888621605915981,0.4948417944683423,31.44419376621954,42.29216459207237,0.0,Robust-MTD,745,11,case57
True,11,-0.04,True,1,1,False,11,True,3.8671819781197475e-10,0.004888621605915981,0.4948417944683423,34.32391250389628,63.84550211660099,0.0,Robust-MTD,746,11,case57
True,11,0.04,True,1,1,False,11,True,3.8671819781197475e-10,0.004888621605915981,0.4948417944683423,33.31423540075775,53.858533364837065,0.0,Robust-MTD,747,11,case57
True,11,0.04,True,1,1,False,11,True,3.8671819781197475e-10,0.004888621605915981,0.4948417944683423,35.76677500095684,51.326287843403406,0.0,Robust-MTD,748,11,case57
True,11,-0.04,True,1,1,False,11,True,3.8671819781197475e-10,0.004888621605915981,0.4948417944683423,31.95060415600892,42.18709375709296,0.0,Robust-MTD,749,11,case57
True,11,0.04,True,2,2,False,11,True,3.8671819781197475e-10,0.004888621605915981,0.4948417944683423,33.23592484521214,40.547277114819735,0.0,Robust-MTD,750,11,case57
True,11,0.04,True,1,1,False,11,True,3.8671819781197475e-10,0.004888621605915981,0.4948417944683423,35.284760454669595,48.422602080972894,0.0,Robust-MTD,751,11,case57
True,11,0.04,True,1,1,False,11,True,3.8671819781197475e-10,0.004888621605915981,0.4948417944683423,31.46276050247252,43.346645848941996,0.0,Robust-MTD,752,11,case57
True,11,0.04,True,1,1,False,11,True,3.8671819781197475e-10,0.004888621605915981,0.4948417944683423,32.17013340035919,41.30029165244196,0.0,Robust-MTD,753,11,case57
True,11,-0.04,True,1,1,False,11,True,3.8671819781197475e-10,0.004888621605915981,0.4948417944683423,31.379412440583106,44.317093730205684,0.0,Robust-MTD,754,11,case57
True,11,-0.04,True,1,1,False,11,True,3.8671819781197475e-10,0.004888621605915981,0.4948417944683423,33.01429800048936,42.49106073693838,0.0,Robust-MTD,755,11,case57
True,11,-0.04,True,1,1,False,11,True,3.8671819781197475e-10,0.004888621605915981,0.4948417944683423,29.3395271000918,41.56300835602451,0.0,Robust-MTD,756,11,case57
True,11,-0.04,True,2,2,False,11,True,3.8671819781197475e-10,0.004888621605915981,0.4948417944683423,39.04089576099068,66.71077500213869,0.0,Robust-MTD,757,11,case57
True,11,-0.04,True,2,2,False,11,True,3.8671819781197475e-10,0.004888621605915981,0.4948417944683423,35.64035205927212,58.76793546194677,0.0,Robust-MTD,758,11,case57
True,11,-0.04,True,1,1,False,11,True,3.8671819781197475e-10,0.004888621605915981,0.4948417944683423,33.11903954308946,46.04220862092917,0.0,Robust-MTD,759,11,case57
True,11,0.04,True,1,1,False,11,True,3.8671819781197475e-10,0.004888621605915981,0.4948417944683423,34.10582509241067,61.00924410857263,0.0,Robust-MTD,760,11,case57
True,11,0.04,True,2,2,False,11,True,3.8671819781197475e-10,0.004888621605915981,0.4948417944683423,42.360185299185105,83.8116749830079,0.0,Robust-MTD,761,11,case57
True,11,0.04,True,2,2,False,11,True,3.8671819781197475e-10,0.004888621605915981,0.4948417944683423,31.953618853003718,39.599727076711154,0.0,Robust-MTD,762,11,case57
True,11,-0.04,True,1,1,False,11,True,3.8671819781197475e-10,0.004888621605915981,0.4948417944683423,32.20790424384177,45.73973470542114,0.0,Robust-MTD,763,11,case57
True,11,-0.04,True,1,1,False,11,True,3.8671819781197475e-10,0.004888621605915981,0.4948417944683423,37.51746045600157,55.913080630125485,0.0,Robust-MTD,764,11,case57
True,11,0.04,True,1,1,False,11,True,3.8671819781197475e-10,0.004888621605915981,0.4948417944683423,37.564612392452545,46.55001661449205,0.0,Robust-MTD,765,11,case57
True,11,-0.04,True,1,1,False,11,True,3.8671819781197475e-10,0.004888621605915981,0.4948417944683423,37.76401661452837,59.295435086824,0.0,Robust-MTD,766,11,case57
True,11,-0.04,True,1,1,False,11,True,3.8671819781197475e-10,0.004888621605915981,0.4948417944683423,31.19552924472373,43.506212523789145,0.0,Robust-MTD,767,11,case57
True,11,0.04,True,1,1,False,11,True,3.8671819781197475e-10,0.004888621605915981,0.4948417944683423,36.770643849740736,58.38982354907787,0.0,Robust-MTD,768,11,case57
True,11,-0.04,True,1,1,False,11,True,3.8671819781197475e-10,0.004888621605915981,0.4948417944683423,39.57216655253433,60.3838997310959,0.0,Robust-MTD,769,11,case57
True,11,-0.04,True,1,1,False,11,True,3.8671819781197475e-10,0.004888621605915981,0.4948417944683423,34.794818752561696,55.84234195994215,0.0,Robust-MTD,770,11,case57
True,11,-0.04,True,1,1,False,11,True,3.8671819781197475e-10,0.004888621605915981,0.4948417944683423,38.66923340247013,66.69115448894448,0.0,Robust-MTD,771,11,case57
True,11,-0.04,True,1,1,False,11,True,3.8671819781197475e-10,0.004888621605915981,0.4948417944683423,39.055920907412656,57.66470003582074,0.0,Robust-MTD,772,11,case57
True,11,0.04,True,2,2,False,11,True,3.8671819781197475e-10,0.004888621605915981,0.4948417944683423,45.283064496470615,85.3921583329793,0.0,Robust-MTD,773,11,case57
True,11,-0.04,True,1,1,False,11,True,3.8671819781197475e-10,0.004888621605915981,0.4948417944683423,33.50206459581386,47.391138944658465,0.0,Robust-MTD,774,11,case57
True,11,0.04,True,1,1,False,11,True,3.8671819781197475e-10,0.004888621605915981,0.4948417944683423,35.47524165187497,58.65209375042468,0.0,Robust-MTD,775,11,case57
True,11,-0.04,True,1,1,False,11,True,3.8671819781197475e-10,0.004888621605915981,0.4948417944683423,32.245545799378306,45.440935392980485,0.0,Robust-MTD,776,11,case57
True,11,0.04,True,1,1,False,11,True,3.8671819781197475e-10,0.004888621605915981,0.4948417944683423,31.79970410419628,46.892131245112985,0.0,Robust-MTD,777,11,case57
True,11,0.04,True,1,1,False,11,True,3.8671819781197475e-10,0.004888621605915981,0.4948417944683423,34.58580844744574,44.51851462072227,0.0,Robust-MTD,778,11,case57
True,11,0.04,True,1,1,False,11,True,3.8671819781197475e-10,0.004888621605915981,0.4948417944683423,43.581741652451456,90.58511253388139,0.0,Robust-MTD,779,11,case57
True,11,-0.04,True,1,1,False,11,True,3.8671819781197475e-10,0.004888621605915981,0.4948417944683423,36.10468109836802,60.44096042460296,0.0,Robust-MTD,780,11,case57
True,11,0.04,True,1,1,False,11,True,3.8671819781197475e-10,0.004888621605915981,0.4948417944683423,34.26667934691068,51.78247709700373,0.0,Robust-MTD,781,11,case57
True,11,-0.04,True,1,1,False,11,True,3.8671819781197475e-10,0.004888621605915981,0.4948417944683423,35.08824390009977,55.17740240320563,0.0,Robust-MTD,782,11,case57
True,11,0.04,True,1,1,False,11,True,3.8671819781197475e-10,0.004888621605915981,0.4948417944683423,34.695766601362266,43.444293751963414,0.0,Robust-MTD,783,11,case57
True,11,0.04,True,1,1,False,11,True,3.8671819781197475e-10,0.004888621605915981,0.4948417944683423,34.92285844986327,50.876140157924965,0.0,Robust-MTD,784,11,case57
True,11,-0.04,True,1,1,False,11,True,3.8671819781197475e-10,0.004888621605915981,0.4948417944683423,36.52251044404693,46.08147350954823,0.0,Robust-MTD,785,11,case57
True,11,0.04,True,2,2,False,11,True,3.8671819781197475e-10,0.004888621605915981,0.4948417944683423,34.888039555517025,45.00181900220924,0.0,Robust-MTD,786,11,case57
True,11,0.04,True,1,1,False,11,True,3.8671819781197475e-10,0.004888621605915981,0.4948417944683423,33.55733535136096,46.82396491407417,0.0,Robust-MTD,787,11,case57
True,11,0.04,True,1,1,False,11,True,3.8671819781197475e-10,0.004888621605915981,0.4948417944683423,35.22502499981783,42.72212709183805,0.0,Robust-MTD,788,11,case57
True,11,-0.04,True,1,1,False,11,True,3.8671819781197475e-10,0.004888621605915981,0.4948417944683423,35.988589699263684,48.178142303368084,0.0,Robust-MTD,789,11,case57
True,11,-0.04,True,1,1,False,11,True,3.8671819781197475e-10,0.004888621605915981,0.4948417944683423,40.498245842172764,78.37040650483686,0.0,Robust-MTD,790,11,case57
True,11,-0.04,True,1,1,False,11,True,3.8671819781197475e-10,0.004888621605915981,0.4948417944683423,34.1413481044583,48.92608400259633,0.0,Robust-MTD,791,11,case57
True,11,0.04,True,1,1,False,11,True,3.8671819781197475e-10,0.004888621605915981,0.4948417944683423,33.50348115200177,47.28832049877383,0.0,Robust-MTD,792,11,case57
True,11,0.04,True,1,1,False,11,True,3.8671819781197475e-10,0.004888621605915981,0.4948417944683423,39.42757284967229,74.77611047215761,0.0,Robust-MTD,793,11,case57
True,11,0.04,True,1,1,False,11,True,3.8671819781197475e-10,0.004888621605915981,0.4948417944683423,36.46206655248534,45.80138716555667,0.0,Robust-MTD,794,11,case57
True,11,0.04,True,1,1,False,11,True,3.8671819781197475e-10,0.004888621605915981,0.4948417944683423,33.99407290562522,49.70002859190573,0.0,Robust-MTD,795,11,case57
True,11,0.04,True,1,1,False,11,True,3.8671819781197475e-10,0.004888621605915981,0.4948417944683423,35.070387457381,53.912595883593895,0.0,Robust-MTD,796,11,case57
True,11,-0.04,True,2,2,False,11,True,3.8671819781197475e-10,0.004888621605915981,0.4948417944683423,36.490718551795,51.962941614328884,0.0,Robust-MTD,797,11,case57
True,11,-0.04,True,1,1,False,11,True,3.8671819781197475e-10,0.004888621605915981,0.4948417944683423,39.419074956094846,60.39068923855667,0.0,Robust-MTD,798,11,case57
True,11,-0.04,True,1,1,False,11,True,3.8671819781197475e-10,0.004888621605915981,0.4948417944683423,37.51242074940819,52.6847506320337,0.0,Robust-MTD,799,11,case57
True,12,-0.04,True,1,1,False,12,True,3.8671819781197475e-10,0.00045950791273184757,0.4948417944683423,35.607950104167685,61.376472629490316,0.0,Robust-MTD,800,12,case57
True,12,0.04,True,1,1,False,12,True,3.8671819781197475e-10,0.00045950791273184757,0.4948417944683423,34.57303545146715,63.435170784941874,0.0,Robust-MTD,801,12,case57
True,12,-0.04,True,1,1,False,12,True,3.8671819781197475e-10,0.00045950791273184757,0.4948417944683423,33.66465420112945,54.82093545142563,0.0,Robust-MTD,802,12,case57
True,12,-0.04,True,1,1,False,12,True,3.8671819781197475e-10,0.00045950791273184757,0.4948417944683423,34.710058351629414,54.03970593761187,0.0,Robust-MTD,803,12,case57
True,12,0.04,True,1,1,False,12,True,3.8671819781197475e-10,0.00045950791273184757,0.4948417944683423,37.947941743186675,56.09274196613114,0.0,Robust-MTD,804,12,case57
True,12,-0.04,True,1,1,False,12,True,3.8671819781197475e-10,0.00045950791273184757,0.4948417944683423,32.129262504167855,43.74650351819582,0.0,Robust-MTD,805,12,case57
True,12,-0.04,True,1,1,False,12,True,3.8671819781197475e-10,0.00045950791273184757,0.4948417944683423,32.325614598812535,47.913237797911286,0.0,Robust-MTD,806,12,case57
True,12,0.04,True,1,1,False,12,True,3.8671819781197475e-10,0.00045950791273184757,0.4948417944683423,37.07017719571013,57.15638601686806,0.0,Robust-MTD,807,12,case57
True,12,-0.04,True,1,1,False,12,True,3.8671819781197475e-10,0.00045950791273184757,0.4948417944683423,37.72625204583164,58.65685801836663,0.0,Robust-MTD,808,12,case57
True,12,-0.04,True,1,1,False,12,True,3.8671819781197475e-10,0.00045950791273184757,0.4948417944683423,35.108395700808614,45.448339215363426,0.0,Robust-MTD,809,12,case57
True,12,-0.04,True,1,1,False,12,True,3.8671819781197475e-10,0.00045950791273184757,0.4948417944683423,34.70115214586258,47.04348124214448,0.0,Robust-MTD,810,12,case57
True,12,-0.04,True,1,1,False,12,True,3.8671819781197475e-10,0.00045950791273184757,0.4948417944683423,32.89833335147705,49.55983927939087,0.0,Robust-MTD,811,12,case57
True,12,0.04,True,1,1,False,12,True,3.8671819781197475e-10,0.00045950791273184757,0.4948417944683423,36.98307710583322,73.52212741679979,0.0,Robust-MTD,812,12,case57
True,12,-0.04,True,1,1,False,12,True,3.8671819781197475e-10,0.00045950791273184757,0.4948417944683423,31.867635500384495,40.1186166331172,0.0,Robust-MTD,813,12,case57
True,12,-0.04,True,1,1,False,12,True,3.8671819781197475e-10,0.00045950791273184757,0.4948417944683423,32.4335500044981,40.35635827749502,0.0,Robust-MTD,814,12,case57
True,12,0.04,True,1,1,False,12,True,3.8671819781197475e-10,0.00045950791273184757,0.4948417944683423,35.77143550501205,56.16122054925655,0.0,Robust-MTD,815,12,case57
True,12,0.04,True,1,1,False,12,True,3.8671819781197475e-10,0.00045950791273184757,0.4948417944683423,36.8298894551117,63.925171468872584,0.0,Robust-MTD,816,12,case57
True,12,0.04,True,1,1,False,12,True,3.8671819781197475e-10,0.00045950791273184757,0.4948417944683423,36.096212596748956,47.54313334997281,0.0,Robust-MTD,817,12,case57
True,12,0.04,True,1,1,False,12,True,3.8671819781197475e-10,0.00045950791273184757,0.4948417944683423,34.80798343953211,69.78226395731326,0.0,Robust-MTD,818,12,case57
True,12,0.04,True,1,1,False,12,True,3.8671819781197475e-10,0.00045950791273184757,0.4948417944683423,37.79249580693431,59.92250448034611,0.0,Robust-MTD,819,12,case57
True,12,-0.04,True,1,1,False,12,True,3.8671819781197475e-10,0.00045950791273184757,0.4948417944683423,40.28566444176249,80.5590041622054,0.0,Robust-MTD,820,12,case57
True,12,0.04,True,1,1,False,12,True,3.8671819781197475e-10,0.00045950791273184757,0.4948417944683423,36.832302206312306,51.149921427713736,0.0,Robust-MTD,821,12,case57
True,12,-0.04,True,1,1,False,12,True,3.8671819781197475e-10,0.00045950791273184757,0.4948417944683423,38.48327309824526,76.76834588346539,0.0,Robust-MTD,822,12,case57
True,12,-0.04,True,1,1,False,12,True,3.8671819781197475e-10,0.00045950791273184757,0.4948417944683423,34.836302054463886,70.32478544861078,0.0,Robust-MTD,823,12,case57
True,12,-0.04,True,1,1,False,12,True,3.8671819781197475e-10,0.00045950791273184757,0.4948417944683423,44.47041676030494,128.48546074528713,0.0,Robust-MTD,824,12,case57
True,12,-0.04,True,1,1,False,12,True,3.8671819781197475e-10,0.00045950791273184757,0.4948417944683423,33.47774575231597,44.8307413229486,0.0,Robust-MTD,825,12,case57
True,12,-0.04,True,1,1,False,12,True,3.8671819781197475e-10,0.00045950791273184757,0.4948417944683423,35.05723125417717,44.11990593362134,0.0,Robust-MTD,826,12,case57
True,12,0.04,True,1,1,False,12,True,3.8671819781197475e-10,0.00045950791273184757,0.4948417944683423,33.80821269529406,44.02579938177951,0.0,Robust-MTD,827,12,case57
True,12,-0.04,True,1,1,False,12,True,3.8671819781197475e-10,0.00045950791273184757,0.4948417944683423,35.06987089931499,45.163130949367776,0.0,Robust-MTD,828,12,case57
True,12,-0.04,True,1,1,False,12,True,3.8671819781197475e-10,0.00045950791273184757,0.4948417944683423,33.43378134886734,45.96332499932033,0.0,Robust-MTD,829,12,case57
True,12,-0.04,True,1,1,False,12,True,3.8671819781197475e-10,0.00045950791273184757,0.4948417944683423,37.29775415849872,47.8701785672456,0.0,Robust-MTD,830,12,case57
True,12,0.04,True,1,1,False,12,True,3.8671819781197475e-10,0.00045950791273184757,0.4948417944683423,39.83799795387313,67.75062076922043,0.0,Robust-MTD,831,12,case57
True,12,0.04,True,1,1,False,12,True,3.8671819781197475e-10,0.00045950791273184757,0.4948417944683423,35.26613545254804,47.092231235001236,0.0,Robust-MTD,832,12,case57
True,12,0.04,True,1,1,False,12,True,3.8671819781197475e-10,0.00045950791273184757,0.4948417944683423,35.54506039945409,55.27991421695333,0.0,Robust-MTD,833,12,case57
True,12,0.04,True,1,1,False,12,True,3.8671819781197475e-10,0.00045950791273184757,0.4948417944683423,35.31511859036982,44.85448393388652,0.0,Robust-MTD,834,12,case57
True,12,-0.04,True,1,1,False,12,True,3.8671819781197475e-10,0.00045950791273184757,0.4948417944683423,40.685956296510994,65.03553156799171,0.0,Robust-MTD,835,12,case57
True,12,-0.04,True,1,1,False,12,True,3.8671819781197475e-10,0.00045950791273184757,0.4948417944683423,34.376581461401656,48.31033606023994,0.0,Robust-MTD,836,12,case57
True,12,0.04,True,1,1,False,12,True,3.8671819781197475e-10,0.00045950791273184757,0.4948417944683423,36.090762497042306,50.39303295779974,0.0,Robust-MTD,837,12,case57
True,12,-0.04,True,1,1,False,12,True,3.8671819781197475e-10,0.00045950791273184757,0.4948417944683423,36.83198331273161,59.81303273874801,0.0,Robust-MTD,838,12,case57
True,12,0.04,True,1,1,False,12,True,3.8671819781197475e-10,0.00045950791273184757,0.4948417944683423,34.66161865508184,45.77337922819425,0.0,Robust-MTD,839,12,case57
True,12,-0.04,True,1,1,False,12,True,3.8671819781197475e-10,0.00045950791273184757,0.4948417944683423,35.76555009931326,52.80459853238426,0.0,Robust-MTD,840,12,case57
True,12,-0.04,True,1,1,False,12,True,3.8671819781197475e-10,0.00045950791273184757,0.4948417944683423,32.06480854714755,44.64344408770559,0.0,Robust-MTD,841,12,case57
True,12,-0.04,True,1,1,False,12,True,3.8671819781197475e-10,0.00045950791273184757,0.4948417944683423,34.73181665467564,55.729193502338624,0.0,Robust-MTD,842,12,case57
True,12,0.04,True,1,1,False,12,True,3.8671819781197475e-10,0.00045950791273184757,0.4948417944683423,41.56915829225909,57.63226517592557,0.0,Robust-MTD,843,12,case57
True,12,0.04,True,1,1,False,12,True,3.8671819781197475e-10,0.00045950791273184757,0.4948417944683423,35.26289380097296,49.45136873575393,0.0,Robust-MTD,844,12,case57
True,12,0.04,True,1,1,False,12,True,3.8671819781197475e-10,0.00045950791273184757,0.4948417944683423,34.05413114815019,53.60444132238627,0.0,Robust-MTD,845,12,case57
True,12,0.04,True,1,1,False,12,True,3.8671819781197475e-10,0.00045950791273184757,0.4948417944683423,40.572143805911765,61.51620802411345,0.0,Robust-MTD,846,12,case57
True,12,0.04,True,1,1,False,12,True,3.8671819781197475e-10,0.00045950791273184757,0.4948417944683423,30.614933400647715,44.98730177874677,0.0,Robust-MTD,847,12,case57
True,12,0.04,True,1,1,False,12,True,3.8671819781197475e-10,0.00045950791273184757,0.4948417944683423,37.873827150906436,59.058754783473,0.0,Robust-MTD,848,12,case57
True,12,0.04,True,1,1,False,12,True,3.8671819781197475e-10,0.00045950791273184757,0.4948417944683423,43.71540425054263,108.38528749882246,0.0,Robust-MTD,849,12,case57
True,12,0.04,True,1,1,False,12,True,3.8671819781197475e-10,0.00045950791273184757,0.4948417944683423,36.017397840623744,59.43910034256989,0.0,Robust-MTD,850,12,case57
True,12,-0.04,True,1,1,False,12,True,3.8671819781197475e-10,0.00045950791273184757,0.4948417944683423,29.302110450225882,47.07058542699088,0.0,Robust-MTD,851,12,case57
True,12,0.04,True,1,1,False,12,True,3.8671819781197475e-10,0.00045950791273184757,0.4948417944683423,32.110329149872996,44.859972977428704,0.0,Robust-MTD,852,12,case57
True,12,0.04,True,1,1,False,12,True,3.8671819781197475e-10,0.00045950791273184757,0.4948417944683423,32.82596050412394,58.200575588853106,0.0,Robust-MTD,853,12,case57
True,12,0.04,True,1,1,False,12,True,3.8671819781197475e-10,0.00045950791273184757,0.4948417944683423,34.50923749478534,58.737174340058125,0.0,Robust-MTD,854,12,case57
True,12,-0.04,True,1,1,False,12,True,3.8671819781197475e-10,0.00045950791273184757,0.4948417944683423,32.42765634204261,54.10888269834686,0.0,Robust-MTD,855,12,case57
True,12,-0.04,True,1,1,False,12,True,3.8671819781197475e-10,0.00045950791273184757,0.4948417944683423,29.702664545038715,42.705841042334214,0.0,Robust-MTD,856,12,case57
True,12,0.04,True,1,1,False,12,True,3.8671819781197475e-10,0.00045950791273184757,0.4948417944683423,34.37439159315545,49.3172627844615,0.0,Robust-MTD,857,12,case57
True,12,0.04,True,1,1,False,12,True,3.8671819781197475e-10,0.00045950791273184757,0.4948417944683423,34.60343740298413,52.11863987497054,0.0,Robust-MTD,858,12,case57
True,12,-0.04,True,1,1,False,12,True,3.8671819781197475e-10,0.00045950791273184757,0.4948417944683423,33.45351454918273,47.56792320404205,0.0,Robust-MTD,859,12,case57
True,12,-0.04,True,1,1,False,12,True,3.8671819781197475e-10,0.00045950791273184757,0.4948417944683423,30.976095842197537,47.74703126167879,0.0,Robust-MTD,860,12,case57
True,12,0.04,True,1,1,False,12,True,3.8671819781197475e-10,0.00045950791273184757,0.4948417944683423,32.683998002903536,45.58972142986022,0.0,Robust-MTD,861,12,case57
True,12,-0.04,True,1,1,False,12,True,3.8671819781197475e-10,0.00045950791273184757,0.4948417944683423,31.220779396244325,52.06957079935819,0.0,Robust-MTD,862,12,case57
True,12,-0.04,True,1,1,False,12,True,3.8671819781197475e-10,0.00045950791273184757,0.4948417944683423,31.784447998506952,44.986383340437925,0.0,Robust-MTD,863,12,case57
True,12,0.04,True,1,1,False,12,True,3.8671819781197475e-10,0.00045950791273184757,0.4948417944683423,35.63279999943916,58.4381764841965,0.0,Robust-MTD,864,12,case57
True,12,-0.04,True,1,1,False,12,True,3.8671819781197475e-10,0.00045950791273184757,0.4948417944683423,33.18728750164155,60.905672871740585,0.0,Robust-MTD,865,12,case57
True,12,0.04,True,1,1,False,12,True,3.8671819781197475e-10,0.00045950791273184757,0.4948417944683423,36.77947295655031,48.89909402700144,0.0,Robust-MTD,866,12,case57
True,12,-0.04,True,1,1,False,12,True,3.8671819781197475e-10,0.00045950791273184757,0.4948417944683423,33.251804308383726,52.87828810105566,0.0,Robust-MTD,867,12,case57
True,12,0.04,True,1,1,False,12,True,3.8671819781197475e-10,0.00045950791273184757,0.4948417944683423,40.88990826276131,72.24685386754572,0.0,Robust-MTD,868,12,case57
True,12,-0.04,True,1,1,False,12,True,3.8671819781197475e-10,0.00045950791273184757,0.4948417944683423,36.44483334792312,47.011218752595596,0.0,Robust-MTD,869,12,case57
True,12,0.04,True,1,1,False,12,True,3.8671819781197475e-10,0.00045950791273184757,0.4948417944683423,36.19920409983024,47.66638897999656,0.0,Robust-MTD,870,12,case57
True,12,0.04,True,1,1,False,12,True,3.8671819781197475e-10,0.00045950791273184757,0.4948417944683423,37.9973709146725,54.77006875735242,0.0,Robust-MTD,871,12,case57
True,12,0.04,True,1,1,False,12,True,3.8671819781197475e-10,0.00045950791273184757,0.4948417944683423,36.55874590622261,53.85977019031998,0.0,Robust-MTD,872,12,case57
True,12,0.04,True,1,1,False,12,True,3.8671819781197475e-10,0.00045950791273184757,0.4948417944683423,38.46140220121015,59.43261944630651,0.0,Robust-MTD,873,12,case57
True,12,-0.04,True,1,1,False,12,True,3.8671819781197475e-10,0.00045950791273184757,0.4948417944683423,32.71738735784311,61.08528543554712,0.0,Robust-MTD,874,12,case57
True,12,0.04,True,1,1,False,12,True,3.8671819781197475e-10,0.00045950791273184757,0.4948417944683423,30.063014500774443,53.36741105711554,0.0,Robust-MTD,875,12,case57
True,12,0.04,True,1,1,False,12,True,3.8671819781197475e-10,0.00045950791273184757,0.4948417944683423,33.5189625446219,56.667422570171766,0.0,Robust-MTD,876,12,case57
True,12,0.04,True,1,1,False,12,True,3.8671819781197475e-10,0.00045950791273184757,0.4948417944683423,28.49731034366414,39.468587230658166,0.0,Robust-MTD,877,12,case57
True,12,-0.04,True,1,1,False,12,True,3.8671819781197475e-10,0.00045950791273184757,0.4948417944683423,30.562154098879546,45.397543706349104,0.0,Robust-MTD,878,12,case57
True,12,0.04,True,1,1,False,12,True,3.8671819781197475e-10,0.00045950791273184757,0.4948417944683423,30.835518552339636,43.92332883144265,0.0,Robust-MTD,879,12,case57
True,12,-0.04,True,1,1,False,12,True,3.8671819781197475e-10,0.00045950791273184757,0.4948417944683423,33.189679094357416,44.19217671093066,0.0,Robust-MTD,880,12,case57
True,12,-0.04,True,1,1,False,12,True,3.8671819781197475e-10,0.00045950791273184757,0.4948417944683423,32.65939180273563,43.88383401674219,0.0,Robust-MTD,881,12,case57
True,12,0.04,True,1,1,False,12,True,3.8671819781197475e-10,0.00045950791273184757,0.4948417944683423,32.91850424720906,57.0622357830871,0.0,Robust-MTD,882,12,case57
True,12,-0.04,True,1,1,False,12,True,3.8671819781197475e-10,0.00045950791273184757,0.4948417944683423,32.215491801616736,50.17329201218675,0.0,Robust-MTD,883,12,case57
True,12,0.04,True,1,1,False,12,True,3.8671819781197475e-10,0.00045950791273184757,0.4948417944683423,32.73201260599308,59.019518113927916,0.0,Robust-MTD,884,12,case57
True,12,0.04,True,1,1,False,12,True,3.8671819781197475e-10,0.00045950791273184757,0.4948417944683423,30.53273545228876,45.192753858282245,0.0,Robust-MTD,885,12,case57
True,12,0.04,True,1,1,False,12,True,3.8671819781197475e-10,0.00045950791273184757,0.4948417944683423,33.699510351289064,43.58130415203051,0.0,Robust-MTD,886,12,case57
True,12,0.04,True,1,1,False,12,True,3.8671819781197475e-10,0.00045950791273184757,0.4948417944683423,32.531435452983715,47.17279134783894,0.0,Robust-MTD,887,12,case57
True,12,-0.04,True,1,1,False,12,True,3.8671819781197475e-10,0.00045950791273184757,0.4948417944683423,30.83777286228724,44.48379550594837,0.0,Robust-MTD,888,12,case57
True,12,0.04,True,1,1,False,12,True,3.8671819781197475e-10,0.00045950791273184757,0.4948417944683423,32.69249995355494,48.83599133172539,0.0,Robust-MTD,889,12,case57
True,12,0.04,True,1,1,False,12,True,3.8671819781197475e-10,0.00045950791273184757,0.4948417944683423,31.975906295701865,44.14061523566488,0.0,Robust-MTD,890,12,case57
True,12,-0.04,True,1,1,False,12,True,3.8671819781197475e-10,0.00045950791273184757,0.4948417944683423,36.394383359584026,76.7750622238964,0.0,Robust-MTD,891,12,case57
True,12,0.04,True,1,1,False,12,True,3.8671819781197475e-10,0.00045950791273184757,0.4948417944683423,34.99234988994431,46.60567497194281,0.0,Robust-MTD,892,12,case57
True,12,-0.04,True,1,1,False,12,True,3.8671819781197475e-10,0.00045950791273184757,0.4948417944683423,38.5459000535775,53.24614584678784,0.0,Robust-MTD,893,12,case57
True,12,-0.04,True,1,1,False,12,True,3.8671819781197475e-10,0.00045950791273184757,0.4948417944683423,33.986983392969705,45.01689549360891,0.0,Robust-MTD,894,12,case57
True,12,-0.04,True,1,1,False,12,True,3.8671819781197475e-10,0.00045950791273184757,0.4948417944683423,37.256785441422835,52.981746147270314,0.0,Robust-MTD,895,12,case57
True,12,0.04,True,1,1,False,12,True,3.8671819781197475e-10,0.00045950791273184757,0.4948417944683423,32.20409174391534,40.56980902678334,0.0,Robust-MTD,896,12,case57
True,12,0.04,True,1,1,False,12,True,3.8671819781197475e-10,0.00045950791273184757,0.4948417944683423,31.6428791556973,62.0460777397966,0.0,Robust-MTD,897,12,case57
True,12,0.04,True,1,1,False,12,True,3.8671819781197475e-10,0.00045950791273184757,0.4948417944683423,42.12444590521045,102.61415423592557,0.0,Robust-MTD,898,12,case57
True,12,-0.04,True,1,1,False,12,True,3.8671819781197475e-10,0.00045950791273184757,0.4948417944683423,39.31908131344244,94.96143399737775,0.0,Robust-MTD,899,12,case57
True,14,0.04,True,1,1,False,14,True,3.867181978119748e-10,0.0034844732392646867,0.4948417944683423,32.840547800878994,52.50819548964501,0.0,Robust-MTD,900,14,case57
True,14,0.04,True,1,1,False,14,True,3.86718197811975e-10,0.0034844732392646867,0.4948417944683423,32.86771675630007,59.09357918135357,0.0,Robust-MTD,901,14,case57
True,14,0.04,True,1,1,False,14,True,3.867181978120078e-10,0.0034844732392646867,0.4948417944683423,34.72302295267582,54.43799133645373,0.0,Robust-MTD,902,14,case57
True,14,0.04,True,1,1,False,14,True,3.8671819781197475e-10,0.0034844732392646867,0.4948417944683423,31.50498324539512,66.49635800276883,0.0,Robust-MTD,903,14,case57
True,14,0.04,True,1,1,False,14,True,3.867181978121727e-10,0.0034844732392646867,0.4948417944683423,29.07004369481001,37.34683544898872,0.0,Robust-MTD,904,14,case57
True,14,-0.04,True,1,1,False,14,True,3.8671819781197517e-10,0.0034844732392646867,0.4948417944683423,34.33848329586908,70.4764829890337,0.0,Robust-MTD,905,14,case57
True,14,0.04,True,1,1,False,14,True,3.8671819781197475e-10,0.0034844732392646867,0.4948417944683423,32.279993695556186,54.681829121545896,0.0,Robust-MTD,906,14,case57
True,14,0.04,True,1,1,False,14,True,3.8671817035194994e-10,0.0034844732392646876,0.4948417944683423,30.595693751820363,41.416400016169106,0.0,Robust-MTD,907,14,case57
True,14,0.04,True,1,1,False,14,True,3.8671819781197475e-10,0.0034844732392646867,0.4948417944683423,30.11087084596511,38.030522278859294,0.0,Robust-MTD,908,14,case57
True,14,-0.04,True,1,1,False,14,True,3.867181978123248e-10,0.0034844732392646867,0.4948417944683423,34.765499937930144,76.5029308589874,0.0,Robust-MTD,909,14,case57
True,14,0.04,True,1,1,False,14,True,3.8671819781197553e-10,0.0034844732392646867,0.4948417944683423,39.00625429232605,95.79008574364707,0.0,Robust-MTD,910,14,case57
True,14,-0.04,True,1,1,False,14,True,3.8671819781197486e-10,0.0034844732392646867,0.4948417944683423,32.64783329505008,47.64353128848598,0.0,Robust-MTD,911,14,case57
True,14,0.04,True,1,1,False,14,True,3.8671819781197475e-10,0.0034844732392646867,0.4948417944683423,28.45960624399595,39.864885725546635,0.0,Robust-MTD,912,14,case57
True,14,-0.04,True,1,1,False,14,True,3.8671819781197475e-10,0.0034844732392646867,0.4948417944683423,33.97081046132371,56.634250015486074,0.0,Robust-MTD,913,14,case57
True,14,0.04,True,1,1,False,14,True,3.8671819781197543e-10,0.0034844732392646867,0.4948417944683423,30.03288125328254,49.0167881565867,0.0,Robust-MTD,914,14,case57
True,14,-0.04,True,1,1,False,14,True,3.867181978119806e-10,0.0034844732392646867,0.4948417944683423,32.00274389528204,49.64757712150459,0.0,Robust-MTD,915,14,case57
True,14,-0.04,True,1,1,False,14,True,3.867181978119761e-10,0.0034844732392646867,0.4948417944683423,33.22532085003331,47.955029213335365,0.0,Robust-MTD,916,14,case57
True,14,-0.04,True,1,1,False,14,True,3.8671819781203555e-10,0.0034844732392646867,0.4948417944683423,35.840564547106624,52.86692497611514,0.0,Robust-MTD,917,14,case57
True,14,0.04,True,1,1,False,14,True,3.8671819781197486e-10,0.0034844732392646867,0.4948417944683423,39.59057295578532,76.43608361831868,0.0,Robust-MTD,918,14,case57
True,14,0.04,True,1,1,False,14,True,3.867181703520227e-10,0.0034844732392646876,0.4948417944683423,48.75937085598707,102.4581705220044,0.0,Robust-MTD,919,14,case57
True,14,-0.04,True,1,1,False,14,True,3.867181978119837e-10,0.0034844732392646867,0.4948417944683423,43.30334164551459,61.328660740400736,0.0,Robust-MTD,920,14,case57
True,14,-0.04,True,1,1,False,14,True,3.8671819781197475e-10,0.0034844732392646867,0.4948417944683423,39.83577925246209,54.040242297924124,0.0,Robust-MTD,921,14,case57
True,14,-0.04,True,1,1,False,14,True,3.8671819781197543e-10,0.0034844732392646867,0.4948417944683423,40.63945844536647,61.40612081508152,0.0,Robust-MTD,922,14,case57
True,14,0.04,True,1,1,False,14,True,3.8671819781197517e-10,0.0034844732392646867,0.4948417944683423,44.38121670682449,73.84377224661881,0.0,Robust-MTD,923,14,case57
True,14,-0.04,True,1,1,False,14,True,3.867181703519554e-10,0.0034844732392646876,0.4948417944683423,38.01893949857913,47.36137947475073,0.0,Robust-MTD,924,14,case57
True,14,-0.04,True,1,1,False,14,True,3.867181978119808e-10,0.0034844732392646867,0.4948417944683423,32.995610451325774,47.23563895968257,0.0,Robust-MTD,925,14,case57
True,14,-0.04,True,1,1,False,14,True,3.867181703519614e-10,0.0034844732392646876,0.4948417944683423,30.69644165225327,42.825189532595694,0.0,Robust-MTD,926,14,case57
True,14,0.04,True,1,1,False,14,True,3.867181978121016e-10,0.0034844732392646867,0.4948417944683423,30.36813955695834,42.864637516322546,0.0,Robust-MTD,927,14,case57
True,14,0.04,True,1,1,False,14,True,3.86718197811975e-10,0.0034844732392646867,0.4948417944683423,35.32406034646556,74.41642318735832,0.0,Robust-MTD,928,14,case57
True,14,-0.04,True,1,1,False,14,True,3.8671819781198587e-10,0.0034844732392646867,0.4948417944683423,33.34160819358658,55.712792027043186,0.0,Robust-MTD,929,14,case57
True,14,0.04,True,1,1,False,14,True,3.8671819781197475e-10,0.0034844732392646867,0.4948417944683423,33.31634780042805,53.495872864732526,0.0,Robust-MTD,930,14,case57
True,14,0.04,True,1,1,False,14,True,3.8671819781197553e-10,0.0034844732392646867,0.4948417944683423,32.94522070209496,50.052639548084734,0.0,Robust-MTD,931,14,case57
True,14,0.04,True,1,1,False,14,True,3.867181703519671e-10,0.0034844732392646876,0.4948417944683423,33.25442090281285,48.45260802248961,0.0,Robust-MTD,932,14,case57
True,14,-0.04,True,1,1,False,14,True,3.867181978119748e-10,0.0034844732392646867,0.4948417944683423,30.756568646756932,49.278689565835535,0.0,Robust-MTD,933,14,case57
True,14,0.04,True,1,1,False,14,True,3.8671817035195e-10,0.0034844732392646876,0.4948417944683423,31.76290814299136,55.85056035779418,0.0,Robust-MTD,934,14,case57
True,14,0.04,True,1,1,False,14,True,3.867181978119819e-10,0.0034844732392646867,0.4948417944683423,30.838133397628553,48.14483954978641,0.0,Robust-MTD,935,14,case57
True,14,0.04,True,1,1,False,14,True,3.86718197811975e-10,0.0034844732392646867,0.4948417944683423,34.564818744547665,46.023437511757955,0.0,Robust-MTD,936,14,case57
True,14,-0.04,True,1,1,False,14,True,3.867181703520119e-10,0.0034844732392646876,0.4948417944683423,30.03511879069265,51.871041712001905,0.0,Robust-MTD,937,14,case57
True,14,-0.04,True,1,1,False,14,True,3.867181978119754e-10,0.0034844732392646867,0.4948417944683423,34.22014800016768,44.80484825908211,0.0,Robust-MTD,938,14,case57
True,14,0.04,True,1,1,False,14,True,3.867181978120199e-10,0.0034844732392646867,0.4948417944683423,33.37170840532053,52.386802059481866,0.0,Robust-MTD,939,14,case57
True,14,0.04,True,1,1,False,14,True,3.867181703519508e-10,0.0034844732392646876,0.4948417944683423,30.9142459416762,42.37318785453681,0.0,Robust-MTD,940,14,case57
True,14,0.04,True,1,1,False,14,True,3.8671817035195956e-10,0.0034844732392646876,0.4948417944683423,34.100606248830445,56.57957914227155,0.0,Robust-MTD,941,14,case57
True,14,-0.04,True,1,1,False,14,True,3.8671819781197475e-10,0.0034844732392646867,0.4948417944683423,29.83464374265168,48.13193156733178,0.0,Robust-MTD,942,14,case57
True,14,-0.04,True,1,1,False,14,True,3.867181978119761e-10,0.0034844732392646867,0.4948417944683423,45.41815199481789,84.2921128118178,0.0,Robust-MTD,943,14,case57
True,14,-0.04,True,1,1,False,14,True,3.867181978119815e-10,0.0034844732392646867,0.4948417944683423,41.373731155181304,80.53924443083815,0.0,Robust-MTD,944,14,case57
True,14,0.04,True,1,1,False,14,True,3.867181978119748e-10,0.0034844732392646867,0.4948417944683423,39.08689379459247,71.8736402312061,0.0,Robust-MTD,945,14,case57
True,14,-0.04,True,1,1,False,14,True,3.8671819781197625e-10,0.0034844732392646867,0.4948417944683423,43.4144730475964,69.91164581268096,0.0,Robust-MTD,946,14,case57
True,14,0.04,True,1,1,False,14,True,3.867181978119754e-10,0.0034844732392646867,0.4948417944683423,35.513647957122885,60.52843779907564,0.0,Robust-MTD,947,14,case57
True,14,-0.04,True,1,1,False,14,True,4.065885206038563e-10,0.003484473239261303,0.4948417944683423,40.246760309673846,70.90516457974448,0.0,Robust-MTD,948,14,case57
True,14,-0.04,True,1,1,False,14,True,3.867181703519502e-10,0.0034844732392646876,0.4948417944683423,34.5586981595261,48.3546798437601,0.0,Robust-MTD,949,14,case57
True,14,-0.04,True,1,1,False,14,True,3.86718197811984e-10,0.0034844732392646867,0.4948417944683423,32.75203754892573,43.077085114782676,0.0,Robust-MTD,950,14,case57
True,14,-0.04,True,0,0,False,14,True,3.8671819781197967e-10,0.0034844732392646867,0.4948417944683423,35.97746674786322,45.34440210554751,0.0,Robust-MTD,951,14,case57
True,14,0.04,True,1,1,False,14,True,3.8671819781197775e-10,0.0034844732392646867,0.4948417944683423,35.03528545843437,43.302460131235435,0.0,Robust-MTD,952,14,case57
True,14,-0.04,True,1,1,False,14,True,3.8671819781197475e-10,0.0034844732392646867,0.4948417944683423,35.10162090533413,47.181481594452634,0.0,Robust-MTD,953,14,case57
True,14,0.04,True,1,1,False,14,True,3.8671819781197486e-10,0.0034844732392646867,0.4948417944683423,31.630187403061427,44.20279937330634,0.0,Robust-MTD,954,14,case57
True,14,-0.04,True,1,1,False,14,True,3.8671819781197475e-10,0.0034844732392646867,0.4948417944683423,31.57023115491029,40.98676732683089,0.0,Robust-MTD,955,14,case57
True,14,0.04,True,1,1,False,14,True,3.867181978119748e-10,0.0034844732392646867,0.4948417944683423,35.59958745317999,63.338299709721475,0.0,Robust-MTD,956,14,case57
True,14,0.04,True,1,1,False,14,True,3.867181978119748e-10,0.0034844732392646867,0.4948417944683423,36.11883955600206,51.93299936945551,0.0,Robust-MTD,957,14,case57
True,14,-0.04,True,1,1,False,14,True,3.8671819781197475e-10,0.0034844732392646867,0.4948417944683423,32.77155415271409,62.45543989643921,0.0,Robust-MTD,958,14,case57
True,14,0.04,True,1,1,False,14,True,3.867181978119758e-10,0.0034844732392646867,0.4948417944683423,29.386824957327917,42.33821427042131,0.0,Robust-MTD,959,14,case57
True,14,-0.04,True,1,1,False,14,True,3.8671819781199735e-10,0.0034844732392646867,0.4948417944683423,34.57599380344618,53.84807079099119,0.0,Robust-MTD,960,14,case57
True,14,-0.04,True,1,1,False,14,True,3.8671819781197475e-10,0.0034844732392646867,0.4948417944683423,35.80925404676236,54.059380578109995,0.0,Robust-MTD,961,14,case57
True,14,0.04,True,1,1,False,14,True,3.8671819781197475e-10,0.0034844732392646867,0.4948417944683423,38.21837079594843,64.9590958899353,0.0,Robust-MTD,962,14,case57
True,14,-0.04,True,1,1,False,14,True,3.8671819781197625e-10,0.0034844732392646867,0.4948417944683423,34.431991606834345,50.133208342595026,0.0,Robust-MTD,963,14,case57
True,14,-0.04,True,1,1,False,14,True,3.8671817035198675e-10,0.0034844732392646876,0.4948417944683423,37.17404589697253,82.12030210706871,0.0,Robust-MTD,964,14,case57
True,14,0.04,True,1,1,False,14,True,3.8671817035195113e-10,0.0034844732392646876,0.4948417944683423,33.18726255383808,55.57310656004121,0.0,Robust-MTD,965,14,case57
True,14,0.04,True,1,1,False,14,True,3.8671819781197506e-10,0.0034844732392646867,0.4948417944683423,39.48669784294907,79.47013746306766,0.0,Robust-MTD,966,14,case57
True,14,0.04,True,1,1,False,14,True,3.8671819781197486e-10,0.0034844732392646867,0.4948417944683423,36.726172946509905,54.53529798251115,0.0,Robust-MTD,967,14,case57
True,14,0.04,True,1,1,False,14,True,3.8671819781198556e-10,0.0034844732392646867,0.4948417944683423,37.43965846078936,51.432621455751374,0.0,Robust-MTD,968,14,case57
True,14,0.04,True,1,1,False,14,True,3.8671819781197646e-10,0.0034844732392646867,0.4948417944683423,41.025912459008396,55.244843172840795,0.0,Robust-MTD,969,14,case57
True,14,-0.04,True,1,1,False,14,True,3.8671817035194974e-10,0.0034844732392646876,0.4948417944683423,37.58911664481275,47.75157713156659,0.0,Robust-MTD,970,14,case57
True,14,-0.04,True,1,1,False,14,True,3.8671817035214826e-10,0.0034844732392646876,0.4948417944683423,40.319214554619975,64.31305622973015,0.0,Robust-MTD,971,14,case57
True,14,0.04,True,1,1,False,14,True,3.867181978119756e-10,0.0034844732392646867,0.4948417944683423,39.937631352222525,54.251860114163726,0.0,Robust-MTD,972,14,case57
True,14,-0.04,True,1,1,False,14,True,3.867181978119748e-10,0.0034844732392646867,0.4948417944683423,35.41149580560159,45.70876250509175,0.0,Robust-MTD,973,14,case57
True,14,-0.04,True,1,1,False,14,True,3.867181978119748e-10,0.0034844732392646867,0.4948417944683423,38.69083539175335,69.36220901552589,0.0,Robust-MTD,974,14,case57
True,14,-0.04,True,1,1,False,14,True,3.867181428927092e-10,0.0034844732392646884,0.4948417944683423,43.42327910126187,88.67277913959698,0.0,Robust-MTD,975,14,case57
True,14,-0.04,True,1,1,False,14,True,3.867181978119759e-10,0.0034844732392646867,0.4948417944683423,34.5676083030412,49.08279761439189,0.0,Robust-MTD,976,14,case57
True,14,0.04,True,1,1,False,14,True,3.8671817035195977e-10,0.0034844732392646876,0.4948417944683423,34.37632699497044,43.19411491742358,0.0,Robust-MTD,977,14,case57
True,14,0.04,True,1,1,False,14,True,3.8671819781197475e-10,0.0034844732392646867,0.4948417944683423,36.85088540951256,67.45259349700063,0.0,Robust-MTD,978,14,case57
True,14,0.04,True,1,1,False,14,True,3.8671819781197475e-10,0.0034844732392646867,0.4948417944683423,31.79608350037597,43.48995420150459,0.0,Robust-MTD,979,14,case57
True,14,0.04,True,1,1,False,14,True,3.867181978119808e-10,0.0034844732392646867,0.4948417944683423,34.15772505104542,45.27932291675825,0.0,Robust-MTD,980,14,case57
True,14,-0.04,True,1,1,False,14,True,3.8671819781197475e-10,0.0034844732392646867,0.4948417944683423,32.297256198944524,43.55713510594797,0.0,Robust-MTD,981,14,case57
True,14,0.04,True,1,1,False,14,True,3.8671819781197656e-10,0.0034844732392646867,0.4948417944683423,32.38772084878292,41.91401275456884,0.0,Robust-MTD,982,14,case57
True,14,0.04,True,1,1,False,14,True,3.8671819781197543e-10,0.0034844732392646867,0.4948417944683423,34.47087484819349,44.31846935767684,0.0,Robust-MTD,983,14,case57
True,14,0.04,True,1,1,False,14,True,3.8671819781199114e-10,0.0034844732392646867,0.4948417944683423,34.30036864592694,64.31682739348618,0.0,Robust-MTD,984,14,case57
True,14,0.04,True,1,1,False,14,True,3.8671819781197475e-10,0.0034844732392646867,0.4948417944683423,35.961173035320826,50.72941938415172,0.0,Robust-MTD,985,14,case57
True,14,0.04,True,1,1,False,14,True,3.8671819781197475e-10,0.0034844732392646867,0.4948417944683423,32.19343955279328,43.35111067048277,0.0,Robust-MTD,986,14,case57
True,14,-0.04,True,1,1,False,14,True,3.8671819781199244e-10,0.0034844732392646867,0.4948417944683423,37.04277910583187,55.286306279595046,0.0,Robust-MTD,987,14,case57
True,14,0.04,True,1,1,False,14,True,3.8671819781197475e-10,0.0034844732392646867,0.4948417944683423,36.22561454831157,54.75714375206738,0.0,Robust-MTD,988,14,case57
True,14,-0.04,True,1,1,False,14,True,3.8671819781197517e-10,0.0034844732392646867,0.4948417944683423,31.36371264990885,43.9384368568426,0.0,Robust-MTD,989,14,case57
True,14,0.04,True,1,1,False,14,True,3.8671819781197475e-10,0.0034844732392646867,0.4948417944683423,35.38982285535894,49.51575175800827,0.0,Robust-MTD,990,14,case57
True,14,0.04,True,1,1,False,14,True,3.86718197811975e-10,0.0034844732392646867,0.4948417944683423,33.21637709741481,42.84598950762303,0.0,Robust-MTD,991,14,case57
True,14,-0.04,True,1,1,False,14,True,3.86718197812071e-10,0.0034844732392646867,0.4948417944683423,39.20731020043604,69.3366833467735,0.0,Robust-MTD,992,14,case57
True,14,-0.04,True,1,1,False,14,True,3.8671819781198013e-10,0.0034844732392646867,0.4948417944683423,37.60717934346758,49.453912847093314,0.0,Robust-MTD,993,14,case57
True,14,0.04,True,1,1,False,14,True,3.8671819781198794e-10,0.0034844732392646867,0.4948417944683423,42.712933185976,53.21241696947258,0.0,Robust-MTD,994,14,case57
True,14,0.04,True,1,1,False,14,True,3.867181703519776e-10,0.0034844732392646876,0.4948417944683423,37.36319810850546,47.089935780968524,0.0,Robust-MTD,995,14,case57
True,14,0.04,True,1,1,False,14,True,3.8671819781197724e-10,0.0034844732392646867,0.4948417944683423,36.831998007255606,49.653404537821196,0.0,Robust-MTD,996,14,case57
True,14,0.04,True,1,1,False,14,True,3.8671819781197475e-10,0.0034844732392646867,0.4948417944683423,38.46886255196296,47.361400292720646,0.0,Robust-MTD,997,14,case57
True,14,0.04,True,1,1,False,14,True,3.8671817035195646e-10,0.0034844732392646876,0.4948417944683423,39.537102152826265,51.64700894674752,0.0,Robust-MTD,998,14,case57
True,14,-0.04,True,1,1,False,14,True,3.86718197811975e-10,0.0034844732392646867,0.4948417944683423,36.58544990175869,48.13407463079784,0.0,Robust-MTD,999,14,case57
True,15,0.04,False,20,20,False,0,False,0.5044135851270576,0.3776228081053156,0.4948417944683423,37.09378335333895,48.41724410653115,0.0,Robust-MTD,1000,15,case57
True,15,0.04,False,20,20,False,0,False,0.5301532810404779,0.36355348770485807,0.4948417944683423,43.88511881115846,73.02258097333836,0.0,Robust-MTD,1001,15,case57
True,15,0.04,False,20,20,False,0,False,0.5232218086155612,0.36812828178863655,0.4948417944683423,37.44643750542309,50.04516217159107,0.0,Robust-MTD,1002,15,case57
True,15,0.04,False,20,20,False,0,False,0.5073450714298364,0.37835690818844814,0.4948417944683423,38.770147890318185,74.75461908616126,0.0,Robust-MTD,1003,15,case57
True,15,-0.04,False,20,20,False,0,False,0.6019274519807664,0.2820106185660785,0.4948417944683423,36.281504057114944,45.626164582790814,0.0,Robust-MTD,1004,15,case57
True,15,-0.04,False,20,20,False,0,False,0.4950057470045763,0.38078943558213146,0.4948417944683423,42.84607278823387,76.64434578618967,0.0,Robust-MTD,1005,15,case57
True,15,0.04,False,20,20,False,0,False,0.5332857698710727,0.3658193935965795,0.4948417944683423,35.76240000256803,49.028708334662966,0.0,Robust-MTD,1006,15,case57
True,15,-0.04,False,20,20,False,0,False,0.5040600085680278,0.37805152202611503,0.4948417944683423,44.41245625785086,81.04670684842858,0.0,Robust-MTD,1007,15,case57
True,15,-0.04,False,20,20,False,0,False,0.6278852626650983,0.27774975780936745,0.4948417944683423,36.715083351009525,64.47583368862982,0.0,Robust-MTD,1008,15,case57
True,15,0.04,True,11,11,False,0,False,0.5583187781937413,0.35141939594967964,0.4948417944683423,42.79614160186611,87.88773539417889,0.0,Robust-MTD,1009,15,case57
True,15,0.04,False,20,20,False,0,False,0.5373900035915437,0.3610303588599763,0.4948417944683423,32.98227095219772,43.77120625867974,0.0,Robust-MTD,1010,15,case57
True,15,-0.04,False,20,20,False,41,False,0.3694753644086724,0.10042299584118247,0.4948417944683423,34.88620419811923,56.88490831817035,0.0,Robust-MTD,1011,15,case57
True,15,0.04,False,20,20,False,0,False,0.5124356568141274,0.37578198576733507,0.4948417944683423,39.4391792913666,73.45464797108437,0.0,Robust-MTD,1012,15,case57
True,15,-0.04,False,20,20,False,0,False,0.5219356161857366,0.35858863062880575,0.4948417944683423,35.74752294225618,48.696608628961265,0.0,Robust-MTD,1013,15,case57
True,15,-0.04,False,20,20,False,0,False,0.579716123755596,0.3264295853331035,0.4948417944683423,36.38204995368142,52.470268751494594,0.0,Robust-MTD,1014,15,case57
True,15,0.04,False,20,20,False,0,False,0.4848598169840011,0.3869972050849123,0.4948417944683423,31.552083251881413,43.25251519039739,0.0,Robust-MTD,1015,15,case57
True,15,-0.04,False,20,20,False,0,False,0.5179478755177633,0.37094302162381754,0.4948417944683423,30.573674995684996,39.80320417613257,0.0,Robust-MTD,1016,15,case57
True,15,-0.04,False,20,20,False,0,False,0.5866105847014544,0.32537947038681775,0.4948417944683423,35.02612299344037,43.992203872767305,0.0,Robust-MTD,1017,15,case57
True,15,0.04,False,20,20,False,0,False,0.5459427153323526,0.3607054192240087,0.4948417944683423,36.66207930946257,56.09613956476096,0.0,Robust-MTD,1018,15,case57
True,15,-0.04,False,20,20,False,0,False,0.627266016839035,0.2283540515821561,0.4948417944683423,33.59219364065211,43.73110655869823,0.0,Robust-MTD,1019,15,case57
True,15,-0.04,False,20,20,False,0,False,0.5044734413068662,0.3777813967714583,0.4948417944683423,33.8886166427983,44.27479998266794,0.0,Robust-MTD,1020,15,case57
True,15,-0.04,False,20,20,False,0,False,0.495418058257228,0.3791030883790604,0.4948417944683423,34.11993964400608,52.30709373136051,0.0,Robust-MTD,1021,15,case57
True,15,0.04,False,20,20,False,0,False,0.5223232522018725,0.36743219094168245,0.4948417944683423,35.81227705581114,55.27486011560541,0.0,Robust-MTD,1022,15,case57
True,15,-0.04,False,20,20,False,0,False,0.5603438890136037,0.3436363483382013,0.4948417944683423,34.822197901667096,52.74988817982376,0.0,Robust-MTD,1023,15,case57
True,15,-0.04,False,20,20,False,0,False,0.5033604519053605,0.3768106538555266,0.4948417944683423,38.27202920219861,63.48201607179363,0.0,Robust-MTD,1024,15,case57
True,15,0.04,False,20,20,False,0,False,0.538737304765875,0.3594949212563182,0.4948417944683423,33.180214461754076,55.84727054229006,0.0,Robust-MTD,1025,15,case57
True,15,-0.04,False,20,20,False,0,False,0.505321417104696,0.375536917305435,0.4948417944683423,38.121829004376195,51.04443127929699,0.0,Robust-MTD,1026,15,case57
True,15,0.04,False,20,20,False,0,False,0.5501667049480566,0.35466069695317437,0.4948417944683423,37.94585629948415,56.47132712183521,0.0,Robust-MTD,1027,15,case57
True,15,-0.04,False,20,20,False,0,False,0.4835124687944562,0.38764490301460924,0.4948417944683423,38.01816454506479,52.57870409695899,0.0,Robust-MTD,1028,15,case57
True,15,-0.04,False,20,20,False,0,False,0.5009290663280996,0.38025333135310274,0.4948417944683423,36.88420215912629,47.746913964510895,0.0,Robust-MTD,1029,15,case57
True,15,-0.04,False,20,20,False,0,False,0.5314502179164848,0.3533715778110762,0.4948417944683423,38.20576459693257,47.62041014037095,0.0,Robust-MTD,1030,15,case57
True,15,-0.04,False,20,20,False,0,False,0.6443337693810739,0.23750337966303284,0.4948417944683423,34.6895353985019,46.0069673252292,0.0,Robust-MTD,1031,15,case57
True,15,-0.04,True,8,8,False,0,False,0.5224335818374286,0.3636913311843859,0.4948417944683423,36.96215625968762,47.14240174798761,0.0,Robust-MTD,1032,15,case57
True,15,-0.04,True,15,15,False,0,False,0.5143099423893124,0.37317504625902587,0.4948417944683423,38.3671750430949,48.156205855775625,0.0,Robust-MTD,1033,15,case57
True,15,-0.04,False,20,20,False,0,False,0.614838997294923,0.3063764903811865,0.4948417944683423,43.68833745829761,71.15360003663233,0.0,Robust-MTD,1034,15,case57
True,15,-0.04,False,20,20,False,0,False,0.5376437280886702,0.35718223363590573,0.4948417944683423,45.907014547265135,86.5965423115995,0.0,Robust-MTD,1035,15,case57
True,15,0.04,False,20,20,False,0,False,0.5407909031269783,0.3559237786833416,0.4948417944683423,33.52786024333909,63.16652501700448,0.0,Robust-MTD,1036,15,case57
True,15,0.04,False,20,20,False,0,False,0.5354586275681438,0.366810520909118,0.4948417944683423,34.19110205722973,62.87333959480748,0.0,Robust-MTD,1037,15,case57
True,15,-0.04,False,20,20,False,0,False,0.5976575656761579,0.31111917805183875,0.4948417944683423,33.23801449732855,45.10897919244601,0.0,Robust-MTD,1038,15,case57
True,15,0.04,False,20,20,False,0,False,0.553230576074938,0.351642520120046,0.4948417944683423,36.4084728033049,57.92081457038878,0.0,Robust-MTD,1039,15,case57
True,15,0.04,False,20,20,False,0,False,0.576621226058543,0.33078115051673523,0.4948417944683423,33.76991458935663,49.43690562213306,0.0,Robust-MTD,1040,15,case57
True,15,0.04,False,20,20,False,0,False,0.5255531385206633,0.3673971303713033,0.4948417944683423,31.771866694907654,58.901139523368336,0.0,Robust-MTD,1041,15,case57
True,15,0.04,False,20,20,False,0,False,0.5122042121601023,0.37516973752221494,0.4948417944683423,36.26487703586463,58.81933811469937,0.0,Robust-MTD,1042,15,case57
True,15,0.04,False,20,20,False,0,False,0.5123909874783849,0.37255304411465173,0.4948417944683423,33.00824579782784,54.69473401317373,0.0,Robust-MTD,1043,15,case57
True,15,0.04,False,20,20,False,42,False,0.4670284421232985,0.21609160522871104,0.4948417944683423,33.012779100681655,42.60922078974546,0.0,Robust-MTD,1044,15,case57
True,15,-0.04,False,20,20,False,0,False,0.5220794752620507,0.3652316354081203,0.4948417944683423,29.959631254314445,39.79269168921748,0.0,Robust-MTD,1045,15,case57
True,15,-0.04,False,20,20,False,0,False,0.5578898418593352,0.3506299832885132,0.4948417944683423,33.96004595269915,53.17181846476161,0.0,Robust-MTD,1046,15,case57
True,15,-0.04,True,7,7,False,0,False,0.5111033366739356,0.3759239414365716,0.4948417944683423,33.39536246203352,57.31290453404655,0.0,Robust-MTD,1047,15,case57
True,15,0.04,False,20,20,False,0,False,0.49806170922833687,0.3807658381300543,0.4948417944683423,34.330745693296194,52.83315863052851,0.0,Robust-MTD,1048,15,case57
True,15,0.04,False,20,20,False,0,False,0.5621500378348799,0.3476645638404603,0.4948417944683423,31.900374899851162,44.00976878532675,0.0,Robust-MTD,1049,15,case57
True,15,0.04,True,18,18,False,0,False,0.6170968412525693,0.1765989600613204,0.4948417944683423,36.026676997425966,66.26267296378502,0.0,Robust-MTD,1050,15,case57
True,15,0.04,False,20,20,False,0,False,0.5008832076384697,0.38020536939495364,0.4948417944683423,36.77808320207987,47.215985113871284,0.0,Robust-MTD,1051,15,case57
True,15,0.04,False,20,20,False,30,False,0.5927533938772382,0.10892372486141066,0.4948417944683423,40.26327499304898,96.57429788785522,0.0,Robust-MTD,1052,15,case57
True,15,0.04,False,20,20,False,0,False,0.5328562996727267,0.363811451948947,0.4948417944683423,42.89165830123238,82.5582080084132,0.0,Robust-MTD,1053,15,case57
True,15,-0.04,False,20,20,False,0,False,0.5089220740076625,0.37706997173173357,0.4948417944683423,38.45654990291223,55.41871224704665,0.0,Robust-MTD,1054,15,case57
True,15,-0.04,False,20,20,False,0,False,0.5262541850998094,0.36650368157019814,0.4948417944683423,36.402779194759205,47.11381041270215,0.0,Robust-MTD,1055,15,case57
True,15,0.04,False,20,20,False,0,False,0.5966285039499428,0.3206418191290348,0.4948417944683423,34.710822996567,47.57974616077263,0.0,Robust-MTD,1056,15,case57
True,15,0.04,False,20,20,False,0,False,0.5496263625275125,0.35621991131049136,0.4948417944683423,42.41057709150482,71.36165861738847,0.0,Robust-MTD,1057,15,case57
True,15,0.04,False,20,20,False,0,False,0.5356951785951789,0.3565187039134553,0.4948417944683423,42.50060644990299,70.67858715890908,0.0,Robust-MTD,1058,15,case57
True,15,-0.04,False,20,20,False,0,False,0.5271496932645205,0.36731691310613057,0.4948417944683423,51.18939365493134,73.49978960992306,0.0,Robust-MTD,1059,15,case57
True,15,-0.04,False,20,20,False,0,False,0.5421962333055568,0.3574115479312058,0.4948417944683423,42.12117709976155,109.16598780604546,0.0,Robust-MTD,1060,15,case57
True,15,-0.04,True,7,7,False,0,False,0.5069244209506907,0.37822929277568607,0.4948417944683423,36.05211690010037,50.290551452781074,0.0,Robust-MTD,1061,15,case57
True,15,0.04,False,20,20,False,0,False,0.5075326057806103,0.3745965413523894,0.4948417944683423,34.11614379438106,50.31921633926687,0.0,Robust-MTD,1062,15,case57
True,15,0.04,False,20,20,False,0,False,0.49951407227495664,0.38062109903767427,0.4948417944683423,32.49290614912752,50.10766874474941,0.0,Robust-MTD,1063,15,case57
True,15,0.04,False,20,20,False,0,False,0.4945516473592073,0.3810680979992627,0.4948417944683423,41.36517505685333,64.46452918753495,0.0,Robust-MTD,1064,15,case57
True,15,-0.04,False,20,20,False,0,False,0.5134508193063997,0.3753624034990901,0.4948417944683423,39.516149993869476,63.66797437949573,0.0,Robust-MTD,1065,15,case57
True,15,0.04,False,20,20,False,0,False,0.5095510650754119,0.37540707225149145,0.4948417944683423,34.808681238791905,49.46335977874697,0.0,Robust-MTD,1066,15,case57
True,15,0.04,False,20,20,False,0,False,0.5433405999656256,0.3585265561651444,0.4948417944683423,31.270847946871072,42.5336082931608,0.0,Robust-MTD,1067,15,case57
True,15,-0.04,False,20,20,False,0,False,0.5294695439354233,0.3677299485496621,0.4948417944683423,37.10801454435568,55.54386075236836,0.0,Robust-MTD,1068,15,case57
True,15,0.04,False,20,20,False,0,False,0.5509417291408368,0.34930238702567024,0.4948417944683423,36.45683760405518,56.62734761135653,0.0,Robust-MTD,1069,15,case57
True,15,0.04,False,20,20,False,0,False,0.506919997254475,0.3758484865215723,0.4948417944683423,35.002687509404495,50.85724194941578,0.0,Robust-MTD,1070,15,case57
True,15,0.04,True,8,8,False,0,False,0.6034594642572539,0.3100472426481788,0.4948417944683423,32.719579062541015,48.5108875494916,0.0,Robust-MTD,1071,15,case57
True,15,-0.04,False,20,20,False,0,False,0.5234272750162109,0.3627003661134509,0.4948417944683423,32.43720004684292,46.68245659267997,0.0,Robust-MTD,1072,15,case57
True,15,-0.04,False,20,20,False,0,False,0.4818878545859032,0.38765895783814636,0.4948417944683423,29.573647893266752,38.33396663249005,0.0,Robust-MTD,1073,15,case57
True,15,0.04,False,20,20,False,0,False,0.5156564405983624,0.37141777362047584,0.4948417944683423,33.67547100351658,49.08468190988061,0.0,Robust-MTD,1074,15,case57
True,15,0.04,False,20,20,False,0,False,0.4983225132635998,0.3798245317270522,0.4948417944683423,35.60673754836898,53.16097741597333,0.0,Robust-MTD,1075,15,case57
True,15,0.04,False,20,20,False,7,False,0.47121648520630943,0.24278739205456468,0.4948417944683423,35.45740625122562,66.33041877648795,0.0,Robust-MTD,1076,15,case57
True,15,-0.04,False,20,20,False,0,False,0.48068445776963975,0.38570644678425803,0.4948417944683423,37.07537285226863,75.10607467847876,0.0,Robust-MTD,1077,15,case57
True,15,0.04,False,20,20,False,0,False,0.5230247235051945,0.31429511917061426,0.4948417944683423,39.276333345333114,72.42128989310005,0.0,Robust-MTD,1078,15,case57
True,15,0.04,False,20,20,False,0,False,0.629377036516392,0.23411787782052185,0.4948417944683423,32.844206198933534,49.55902913352476,0.0,Robust-MTD,1079,15,case57
True,15,-0.04,False,20,20,False,0,False,0.5809029667119626,0.3203337352997328,0.4948417944683423,36.707433400442824,57.46773338760251,0.0,Robust-MTD,1080,15,case57
True,15,0.04,False,20,20,False,0,False,0.5126697155032931,0.373083249556522,0.4948417944683423,39.06465395120904,51.4975541678723,0.0,Robust-MTD,1081,15,case57
True,15,0.04,False,20,20,False,0,False,0.5440320604732668,0.34277756147269695,0.4948417944683423,37.96397295373026,65.10305866249837,0.0,Robust-MTD,1082,15,case57
True,15,-0.04,False,20,20,False,0,False,0.5463656151964017,0.33310785682720473,0.4948417944683423,35.93860609980766,50.487910397350795,0.0,Robust-MTD,1083,15,case57
True,15,-0.04,False,20,20,False,0,False,0.5123754039146357,0.37318015914949837,0.4948417944683423,61.505402106558904,124.03359517047649,0.0,Robust-MTD,1084,15,case57
True,15,-0.04,False,20,20,False,0,False,0.5585080350179191,0.3344860644910834,0.4948417944683423,33.87026244890876,60.68124994926621,0.0,Robust-MTD,1085,15,case57
True,15,0.04,True,0,0,False,0,False,0.5733827583908753,0.340613362486834,0.4948417944683423,34.43068335473072,49.75965833000373,0.0,Robust-MTD,1086,15,case57
True,15,-0.04,False,20,20,False,0,False,0.5594469361216922,0.3440048560563153,0.4948417944683423,31.402135454118255,45.75911074934993,0.0,Robust-MTD,1087,15,case57
True,15,0.04,False,20,20,False,0,False,0.5377621560623552,0.3596246644168053,0.4948417944683423,33.064645910053514,58.37010178074706,0.0,Robust-MTD,1088,15,case57
True,15,0.04,False,20,20,False,0,False,0.49335073649998956,0.3831620909699573,0.4948417944683423,32.81650000135414,48.74527262873016,0.0,Robust-MTD,1089,15,case57
True,15,-0.04,False,20,20,False,0,False,0.5665794716180471,0.3445247029314532,0.4948417944683423,33.44475204066839,55.004692293005064,0.0,Robust-MTD,1090,15,case57
True,15,-0.04,False,20,20,False,0,False,0.5491090908794878,0.35697050251447576,0.4948417944683423,35.210477098007686,47.972480650059914,0.0,Robust-MTD,1091,15,case57
True,15,-0.04,False,20,20,False,0,False,0.5448024461483346,0.35166975533939765,0.4948417944683423,32.9244499997003,44.43507497489918,0.0,Robust-MTD,1092,15,case57
True,15,0.04,False,20,20,False,0,False,0.4967589300005126,0.3827955354377195,0.4948417944683423,33.095658392994665,56.14258815185167,0.0,Robust-MTD,1093,15,case57
True,15,0.04,False,20,20,False,0,False,0.5134284265619883,0.3743437168128312,0.4948417944683423,33.08121674635913,45.751154766185216,0.0,Robust-MTD,1094,15,case57
True,15,-0.04,False,20,20,False,0,False,0.5365767166022698,0.34495289706367344,0.4948417944683423,34.99883540789597,50.24999194720296,0.0,Robust-MTD,1095,15,case57
True,15,-0.04,False,20,20,False,0,False,0.5534731299240427,0.3531188001386827,0.4948417944683423,34.09257275634445,50.97737223841254,0.0,Robust-MTD,1096,15,case57
True,15,-0.04,False,20,20,False,0,False,0.52052709277249,0.3672232080033091,0.4948417944683423,29.926395943039097,38.81923121807634,0.0,Robust-MTD,1097,15,case57
True,15,-0.04,False,20,20,False,0,False,0.5145189256969651,0.3741584969629871,0.4948417944683423,31.495470847585235,44.7116214752896,0.0,Robust-MTD,1098,15,case57
True,15,0.04,False,20,20,False,0,False,0.513993277209556,0.37315124337419253,0.4948417944683423,34.812952048378065,62.271327068447135,0.0,Robust-MTD,1099,15,case57
True,17,0.04,True,2,2,False,18,False,0.22407540909766446,0.006956425367863064,0.4948417944683423,37.037816902738996,77.3521443916252,0.0,Robust-MTD,1100,17,case57
True,17,-0.04,True,2,2,False,18,False,0.23381298341154524,0.006895971773919605,0.4948417944683423,32.80147500045132,51.575459711602896,0.0,Robust-MTD,1101,17,case57
True,17,-0.04,True,1,1,False,18,False,0.26271130404331294,0.006670775389647234,0.4948417944683423,38.03743330645375,68.29320768592882,0.0,Robust-MTD,1102,17,case57
True,17,0.04,True,5,5,False,18,False,0.2505393107936454,0.0067716813057037435,0.4948417944683423,43.55201050057076,93.95702258334498,0.0,Robust-MTD,1103,17,case57
True,17,0.04,True,5,5,False,18,False,0.27761073150252386,0.006520310953849466,0.4948417944683423,32.923648043652065,48.19007914920804,0.0,Robust-MTD,1104,17,case57
True,17,0.04,True,2,2,False,18,False,0.21436931976259405,0.007020422718177181,0.4948417944683423,37.353368796175346,61.3802853797097,0.0,Robust-MTD,1105,17,case57
True,17,-0.04,True,1,1,False,18,False,0.256263492115884,0.00671116670818738,0.4948417944683423,38.4737520624185,71.93508751515766,0.0,Robust-MTD,1106,17,case57
True,17,-0.04,True,1,1,False,18,False,0.2705485758239952,0.006589281310463929,0.4948417944683423,41.124352149199694,77.65978271199856,0.0,Robust-MTD,1107,17,case57
True,17,-0.04,True,1,1,False,18,False,0.22054519168806985,0.006984048614775421,0.4948417944683423,37.66846865473781,53.9746892725816,0.0,Robust-MTD,1108,17,case57
True,17,-0.04,True,1,1,False,18,False,0.308276846370995,0.006149746574819489,0.4948417944683423,47.99678965064231,100.01414826838301,0.0,Robust-MTD,1109,17,case57
True,17,0.04,True,1,1,False,18,False,0.2945910517576474,0.006325404366144681,0.4948417944683423,32.24231465428602,57.175702418317094,0.0,Robust-MTD,1110,17,case57
True,17,0.04,True,10,10,False,18,False,0.22275873033981422,0.006970989377252686,0.4948417944683423,33.697493793442845,59.10123899520841,0.0,Robust-MTD,1111,17,case57
True,17,0.04,True,2,2,False,18,False,0.2186137303388394,0.00699493943526368,0.4948417944683423,35.31002509116661,50.40204997349065,0.0,Robust-MTD,1112,17,case57
True,17,0.04,True,2,2,False,18,False,0.21850189877370238,0.006991908385514179,0.4948417944683423,33.374364546034485,58.142645814223215,0.0,Robust-MTD,1113,17,case57
True,17,-0.04,True,8,8,False,18,False,0.2575958602435268,0.006710410442966665,0.4948417944683423,34.13392070506234,62.02505213732367,0.0,Robust-MTD,1114,17,case57
True,17,0.04,True,1,1,False,18,False,0.2426660368859892,0.006830682996863814,0.4948417944683423,33.707847897312604,45.08614164078608,0.0,Robust-MTD,1115,17,case57
True,17,-0.04,True,4,4,False,18,False,0.20975269576237018,0.007049235184119551,0.4948417944683423,29.63270836044103,43.51827323262115,0.0,Robust-MTD,1116,17,case57
True,17,0.04,True,2,2,False,18,False,0.21492810509237117,0.0070190613005151874,0.4948417944683423,32.75918949802872,42.878685393952765,0.0,Robust-MTD,1117,17,case57
True,17,0.04,True,1,1,False,18,False,0.2304104309729219,0.006917112551878389,0.4948417944683423,32.67758755246177,41.787072923034444,0.0,Robust-MTD,1118,17,case57
True,17,0.04,True,1,1,False,18,False,0.22080922349358634,0.006982430435246579,0.4948417944683423,31.128916642046534,38.98074307362549,0.0,Robust-MTD,1119,17,case57
True,17,0.04,True,2,2,False,18,False,0.2122720866590571,0.0070327728604992696,0.4948417944683423,33.61116471351124,49.788339922088205,0.0,Robust-MTD,1120,17,case57
True,17,0.04,True,1,1,False,18,False,0.2072712794772488,0.007062527068017392,0.4948417944683423,33.28885195660405,48.58572948724032,0.0,Robust-MTD,1121,17,case57
True,17,0.04,True,1,1,False,18,False,0.20900473032769157,0.007053447068235203,0.4948417944683423,36.34747309261002,50.0527672818862,0.0,Robust-MTD,1122,17,case57
True,17,-0.04,True,1,1,False,18,False,0.21327709301259254,0.00702324538916303,0.4948417944683423,35.10801245283801,58.556622941978276,0.0,Robust-MTD,1123,17,case57
True,17,-0.04,True,4,4,False,18,False,0.22908098433073315,0.006923181803033425,0.4948417944683423,34.104210397345014,45.718964896514095,0.0,Robust-MTD,1124,17,case57
True,17,0.04,True,12,12,False,18,False,0.2336856138399167,0.0068943685531495935,0.4948417944683423,33.90686454658862,52.28624372684865,0.0,Robust-MTD,1125,17,case57
True,17,0.04,True,7,7,False,18,False,0.2382362927125485,0.006863019548720163,0.4948417944683423,41.3283313944703,69.68385688378483,0.0,Robust-MTD,1126,17,case57
True,17,0.04,True,2,2,False,18,False,0.2351734226842845,0.006886124766865096,0.4948417944683423,39.94525824673474,67.26392853306608,0.0,Robust-MTD,1127,17,case57
True,17,0.04,True,1,1,False,18,False,0.2233195119402873,0.006965244818724589,0.4948417944683423,34.93531054991763,46.09247562766543,0.0,Robust-MTD,1128,17,case57
True,17,0.04,True,1,1,False,18,False,0.25071430907813524,0.006767197205431677,0.4948417944683423,32.47037085820921,45.111620795796625,0.0,Robust-MTD,1129,17,case57
True,17,-0.04,True,4,4,False,18,False,0.2683623387468394,0.006611896937313246,0.4948417944683423,37.61029158777092,76.08008328825235,0.0,Robust-MTD,1130,17,case57
True,17,-0.04,True,1,1,False,18,False,0.25666079858983665,0.006712938806116174,0.4948417944683423,34.65591245039832,45.32369374064729,0.0,Robust-MTD,1131,17,case57
True,17,-0.04,True,3,3,False,18,False,0.28772680163558945,0.006414108197101444,0.4948417944683423,38.571689595119096,66.70840774022508,0.0,Robust-MTD,1132,17,case57
True,17,0.04,True,4,4,False,18,False,0.24242528940590968,0.006828538453101806,0.4948417944683423,37.9831959027797,50.84996312507429,0.0,Robust-MTD,1133,17,case57
True,17,-0.04,True,1,1,False,18,False,0.2611320856841462,0.006680365119233814,0.4948417944683423,40.69887714867946,65.28458746033724,0.0,Robust-MTD,1134,17,case57
True,17,-0.04,True,1,1,False,18,False,0.24077888391337432,0.006842032880483706,0.4948417944683423,33.24745199934114,60.91524173389191,0.0,Robust-MTD,1135,17,case57
True,17,0.04,True,1,1,False,18,False,0.22970643599793247,0.006916538694662619,0.4948417944683423,34.0145832975395,57.70716693659779,0.0,Robust-MTD,1136,17,case57
True,17,0.04,True,3,3,False,18,False,0.2376942523102362,0.006868472173451526,0.4948417944683423,37.52653745468706,50.8038205036428,0.0,Robust-MTD,1137,17,case57
True,17,0.04,True,3,3,False,18,False,0.2753284818923467,0.006539870938498674,0.4948417944683423,35.039285296807066,51.817926435614964,0.0,Robust-MTD,1138,17,case57
True,17,0.04,True,7,7,False,18,False,0.2179995809093902,0.007001235555031851,0.4948417944683423,35.41771684540436,44.582321183406755,0.0,Robust-MTD,1139,17,case57
True,17,0.04,True,1,1,False,18,False,0.23127064058423102,0.006908022469624899,0.4948417944683423,33.454264648025855,45.68842294393107,0.0,Robust-MTD,1140,17,case57
True,17,-0.04,True,3,3,False,18,False,0.30387936562362283,0.006215220523764559,0.4948417944683423,33.02489564521238,42.60861810762436,0.0,Robust-MTD,1141,17,case57
True,17,-0.04,True,9,9,False,18,False,0.3000002572356468,0.0062696919520078154,0.4948417944683423,39.19011669931933,57.68816936761143,0.0,Robust-MTD,1142,17,case57
True,17,-0.04,True,7,7,False,18,False,0.23575337044894493,0.006876855499268943,0.4948417944683423,34.20568545698188,47.16462978103664,0.0,Robust-MTD,1143,17,case57
True,17,-0.04,True,4,4,False,18,False,0.25883306173215415,0.006697812518312624,0.4948417944683423,32.31732924177777,40.486214277916595,0.0,Robust-MTD,1144,17,case57
True,17,0.04,True,1,1,False,18,False,0.2360001769310933,0.006876879776906346,0.4948417944683423,35.2892104012426,51.6447229543701,0.0,Robust-MTD,1145,17,case57
True,17,0.04,True,2,2,False,18,False,0.24678131412316553,0.006795663917974377,0.4948417944683423,35.065618841326796,50.294843441224664,0.0,Robust-MTD,1146,17,case57
True,17,-0.04,True,2,2,False,18,False,0.2653129309768163,0.006637609518775167,0.4948417944683423,34.67836874478962,45.54598363756668,0.0,Robust-MTD,1147,17,case57
True,17,0.04,True,4,4,False,18,False,0.2682014487097748,0.006613466480146513,0.4948417944683423,34.898918846738525,48.22426523896867,0.0,Robust-MTD,1148,17,case57
True,17,0.04,True,1,1,False,18,False,0.27103414334302883,0.0065886994548962395,0.4948417944683423,32.47293759777676,43.611827364657074,0.0,Robust-MTD,1149,17,case57
True,17,-0.04,True,2,2,False,18,False,0.2901929570635128,0.006387368143164849,0.4948417944683423,34.68320204410702,48.04070445534308,0.0,Robust-MTD,1150,17,case57
True,17,-0.04,True,2,2,False,18,False,0.3059887195421941,0.006178913384773069,0.4948417944683423,39.05102714779787,59.477683634031564,0.0,Robust-MTD,1151,17,case57
True,17,0.04,True,1,1,False,18,False,0.32288363012996585,0.005884353592171025,0.4948417944683423,40.20674380590208,57.262842016643845,0.0,Robust-MTD,1152,17,case57
True,17,-0.04,True,1,1,False,18,False,0.22485637579937853,0.0069534625172499856,0.4948417944683423,36.61402489815373,48.832212775596425,0.0,Robust-MTD,1153,17,case57
True,17,0.04,True,1,1,False,18,False,0.275405798854294,0.006548824724434675,0.4948417944683423,34.92851454357151,46.477662186953246,0.0,Robust-MTD,1154,17,case57
True,17,0.04,True,1,1,False,18,False,0.2831795196728807,0.00646617976072772,0.4948417944683423,36.16913539881352,51.80046527821105,0.0,Robust-MTD,1155,17,case57
True,17,0.04,True,2,2,False,18,False,0.22636638891823446,0.0069418012659968045,0.4948417944683423,34.65052290412132,44.837035401724286,0.0,Robust-MTD,1156,17,case57
True,17,0.04,True,1,1,False,18,False,0.2294618511751912,0.006924946325231338,0.4948417944683423,31.27323950175196,40.50448332563975,0.0,Robust-MTD,1157,17,case57
True,17,-0.04,True,1,1,False,17,True,0.3343532551177538,0.0056035212244659426,0.4948417944683423,38.17188964167144,70.38283751462589,0.0,Robust-MTD,1158,17,case57
True,17,0.04,True,2,2,False,18,False,0.22632135396259304,0.006944171621880419,0.4948417944683423,38.882366646430455,68.57655798667112,0.0,Robust-MTD,1159,17,case57
True,17,0.04,True,2,2,False,18,False,0.3059073488762109,0.006183083430516305,0.4948417944683423,31.060739597887732,44.3434044660535,0.0,Robust-MTD,1160,17,case57
True,17,-0.04,True,1,1,False,18,False,0.24714023377521133,0.006795176596200699,0.4948417944683423,33.940629099379294,46.41097261046526,0.0,Robust-MTD,1161,17,case57
True,17,-0.04,True,1,1,False,18,False,0.2550863364362353,0.006728849389455699,0.4948417944683423,35.270558201591484,45.92199404432904,0.0,Robust-MTD,1162,17,case57
True,17,0.04,True,1,1,False,18,False,0.21134102199991864,0.007038546008943078,0.4948417944683423,33.43182914832141,40.308783392538324,0.0,Robust-MTD,1163,17,case57
True,17,-0.04,True,3,3,False,18,False,0.2795985347665668,0.00650153024005828,0.4948417944683423,33.08048764592968,47.56098749639933,0.0,Robust-MTD,1164,17,case57
True,17,0.04,True,1,1,False,18,False,0.25497306230003136,0.006727541066432311,0.4948417944683423,36.251995840575546,51.1500413354952,0.0,Robust-MTD,1165,17,case57
True,17,-0.04,True,1,1,False,18,False,0.22979363771514813,0.006920991605216987,0.4948417944683423,35.92424800735898,58.54586281056983,0.0,Robust-MTD,1166,17,case57
True,17,0.04,True,1,1,False,18,False,0.2238937170679026,0.006956816515678155,0.4948417944683423,32.65918330580462,46.44391604524573,0.0,Robust-MTD,1167,17,case57
True,17,-0.04,True,3,3,False,18,False,0.25954396047012834,0.006693720302204264,0.4948417944683423,38.1975291587878,65.43040628021117,0.0,Robust-MTD,1168,17,case57
True,17,0.04,True,5,5,False,18,False,0.2922750630504487,0.006354444832106592,0.4948417944683423,36.49003960308619,55.431671199039556,0.0,Robust-MTD,1169,17,case57
True,17,0.04,True,3,3,False,18,False,0.23439558884984824,0.006887532338058538,0.4948417944683423,32.90472294902429,45.67987150512638,0.0,Robust-MTD,1170,17,case57
True,17,-0.04,True,1,1,False,18,False,0.308077231320824,0.006144476756010168,0.4948417944683423,32.696185351233,42.30634998239111,0.0,Robust-MTD,1171,17,case57
True,17,-0.04,True,6,6,False,18,False,0.23620326058065036,0.006870124191688703,0.4948417944683423,36.930325004504994,50.49270206363872,0.0,Robust-MTD,1172,17,case57
True,17,0.04,True,2,2,False,18,False,0.3111290041972312,0.006095571229704547,0.4948417944683423,34.094429295510054,50.62162535323296,0.0,Robust-MTD,1173,17,case57
True,17,0.04,True,2,2,False,18,False,0.21759539123017319,0.006999876823507798,0.4948417944683423,33.907722900039516,50.6124416628154,0.0,Robust-MTD,1174,17,case57
True,17,-0.04,True,6,6,False,18,False,0.25616328861711374,0.00671551624452013,0.4948417944683423,38.04652505205013,51.459994429023936,0.0,Robust-MTD,1175,17,case57
True,17,-0.04,True,2,2,False,18,False,0.23356185253097844,0.006897368242505416,0.4948417944683423,38.85483339254279,55.35127885523253,0.0,Robust-MTD,1176,17,case57
True,17,-0.04,True,1,1,False,18,False,0.2234135190035112,0.006964322720454411,0.4948417944683423,36.70195220038295,61.65923603402918,0.0,Robust-MTD,1177,17,case57
True,17,-0.04,True,1,1,False,18,False,0.23062731480201193,0.006909850260753571,0.4948417944683423,36.07923324161675,57.20272258040495,0.0,Robust-MTD,1178,17,case57
True,17,-0.04,True,2,2,False,17,True,0.3132350858815192,0.006047298156005289,0.4948417944683423,33.552539595984854,55.50198987184558,0.0,Robust-MTD,1179,17,case57
True,17,0.04,True,7,7,False,18,False,0.2856994353211436,0.006435291269212951,0.4948417944683423,37.36258544959128,62.32516393065453,0.0,Robust-MTD,1180,17,case57
True,17,0.04,True,2,2,False,18,False,0.24133462377343645,0.006837486477038451,0.4948417944683423,34.67767080292106,65.71234165749048,0.0,Robust-MTD,1181,17,case57
True,17,-0.04,True,1,1,False,18,False,0.2411501147355291,0.006840906036910597,0.4948417944683423,33.41998129908461,47.868717316305265,0.0,Robust-MTD,1182,17,case57
True,17,0.04,True,1,1,False,18,False,0.24918621184649933,0.006778768711276514,0.4948417944683423,38.47304379742127,66.58107529801782,0.0,Robust-MTD,1183,17,case57
True,17,0.04,True,2,2,False,18,False,0.22452256589026337,0.0069537718999337994,0.4948417944683423,32.40246674395166,47.35780143237207,0.0,Robust-MTD,1184,17,case57
True,17,-0.04,True,2,2,False,18,False,0.2771085329594883,0.006513190110257426,0.4948417944683423,37.938768658204935,72.78593817609364,0.0,Robust-MTD,1185,17,case57
True,17,-0.04,True,1,1,False,18,False,0.24916654867390886,0.006776974560689619,0.4948417944683423,30.844150146003813,41.48107330256609,0.0,Robust-MTD,1186,17,case57
True,17,-0.04,True,1,1,False,18,False,0.2778661697147743,0.00651634842006549,0.4948417944683423,33.39832715282682,44.265258038649336,0.0,Robust-MTD,1187,17,case57
True,17,0.04,True,3,3,False,18,False,0.227220842063292,0.00693821976978871,0.4948417944683423,36.43249805027153,66.59545201109722,0.0,Robust-MTD,1188,17,case57
True,17,-0.04,True,1,1,False,18,False,0.22070915154494372,0.006982339886745525,0.4948417944683423,37.32075215957593,52.53777503676248,0.0,Robust-MTD,1189,17,case57
True,17,0.04,True,1,1,False,18,False,0.2922096605133452,0.0063566569692996054,0.4948417944683423,28.65363759920001,39.481675601564355,0.0,Robust-MTD,1190,17,case57
True,17,-0.04,True,2,2,False,18,False,0.2326549767534166,0.00690458994469753,0.4948417944683423,35.46424570668023,54.90811224153731,0.0,Robust-MTD,1191,17,case57
True,17,0.04,True,1,1,False,18,False,0.268528246033232,0.006612895065064201,0.4948417944683423,33.495072947698645,50.423266377765685,0.0,Robust-MTD,1192,17,case57
True,17,-0.04,True,1,1,False,18,False,0.22230397989329115,0.006973414821619639,0.4948417944683423,32.177208448410966,45.51109168969561,0.0,Robust-MTD,1193,17,case57
True,17,-0.04,True,1,1,False,18,False,0.26570645175484575,0.006642701572246275,0.4948417944683423,32.34724795911461,43.16380176460371,0.0,Robust-MTD,1194,17,case57
True,17,-0.04,True,7,7,False,18,False,0.24495207468979294,0.006813163317641258,0.4948417944683423,35.702714655781165,54.86023511912209,0.0,Robust-MTD,1195,17,case57
True,17,0.04,True,2,2,False,18,False,0.2307304902184564,0.006913973988557569,0.4948417944683423,33.43594375764951,53.10622048855294,0.0,Robust-MTD,1196,17,case57
True,17,-0.04,True,3,3,False,18,False,0.25838704811771135,0.0067053099477593124,0.4948417944683423,37.33282280736603,58.348331265733584,0.0,Robust-MTD,1197,17,case57
True,17,-0.04,True,4,4,False,18,False,0.27161945592882414,0.006582846595618548,0.4948417944683423,36.046062552486546,61.36273065931164,0.0,Robust-MTD,1198,17,case57
True,17,0.04,True,1,1,False,18,False,0.23348505689523694,0.006891804507433794,0.4948417944683423,36.11292079731356,50.521364901214874,0.0,Robust-MTD,1199,17,case57
True,23,-0.04,True,8,8,False,0,False,0.5512819663158707,0.3117354419185627,0.4948417944683423,37.91117299697362,45.75629555911292,0.0,Robust-MTD,1200,23,case57
True,23,0.04,True,9,9,False,0,False,0.525996802479401,0.35760305947939924,0.4948417944683423,38.710581307532266,48.48242287698669,0.0,Robust-MTD,1201,23,case57
True,23,-0.04,False,20,20,False,0,False,0.5560102209643616,0.31307208144171367,0.4948417944683423,36.6069146519294,49.27215421339498,0.0,Robust-MTD,1202,23,case57
True,23,0.04,False,20,20,False,0,False,0.6128901880134999,0.2455471826700691,0.4948417944683423,36.28577920317184,45.51419557246845,0.0,Robust-MTD,1203,23,case57
True,23,0.04,False,20,20,False,7,False,0.48094130475057123,0.2586797684921302,0.4948417944683423,39.35747730429284,60.245883348397925,0.0,Robust-MTD,1204,23,case57
True,23,-0.04,False,20,20,False,0,False,0.5388651959708981,0.3563525704499872,0.4948417944683423,37.97437504690606,48.07446010236163,0.0,Robust-MTD,1205,23,case57
True,23,-0.04,True,3,3,False,0,False,0.511726357494665,0.3755704480403615,0.4948417944683423,38.30438324948773,56.28249617293477,0.0,Robust-MTD,1206,23,case57
True,23,-0.04,False,20,20,False,0,False,0.5430022361174915,0.3602900296309486,0.4948417944683423,38.747791553032584,50.8687753288541,0.0,Robust-MTD,1207,23,case57
True,23,0.04,False,20,20,False,0,False,0.5388850326764829,0.3560280564394515,0.4948417944683423,37.72805215266999,44.85116221185308,0.0,Robust-MTD,1208,23,case57
True,23,-0.04,False,20,20,False,0,False,0.5032821335977061,0.37858766892252615,0.4948417944683423,33.08799574151635,55.204630611115135,0.0,Robust-MTD,1209,23,case57
True,23,-0.04,True,8,8,False,0,False,0.5139879602632965,0.37006692953526377,0.4948417944683423,33.766727001057006,50.319312486681156,0.0,Robust-MTD,1210,23,case57
True,23,0.04,False,20,20,False,0,False,0.5181225788943824,0.37149335296009434,0.4948417944683423,33.08539574500173,50.909384750411846,0.0,Robust-MTD,1211,23,case57
True,23,0.04,False,20,20,False,0,False,0.5098402619041335,0.3765256110337496,0.4948417944683423,34.1943999461364,70.28950656822418,0.0,Robust-MTD,1212,23,case57
True,23,0.04,False,20,20,False,0,False,0.5190240699041669,0.36619931308316744,0.4948417944683423,33.84171249635983,44.697512147831745,0.0,Robust-MTD,1213,23,case57
True,23,0.04,False,20,20,False,0,False,0.518970954399116,0.37058388564165057,0.4948417944683423,34.51303344918415,57.769166998332366,0.0,Robust-MTD,1214,23,case57
True,23,0.04,False,20,20,False,0,False,0.5240579752467475,0.3675554895028086,0.4948417944683423,30.89601875108201,41.99307046656032,0.0,Robust-MTD,1215,23,case57
True,23,0.04,False,20,20,False,0,False,0.571806040792341,0.3326629505746036,0.4948417944683423,35.050120859523304,54.802697588456795,0.0,Robust-MTD,1216,23,case57
True,23,-0.04,False,20,20,False,0,False,0.5365841060332478,0.3616355101944015,0.4948417944683423,31.890118657611307,42.83117916493212,0.0,Robust-MTD,1217,23,case57
True,23,0.04,False,20,20,False,0,False,0.5153706337525724,0.37428970269961426,0.4948417944683423,36.71649809984956,58.10867353866343,0.0,Robust-MTD,1218,23,case57
True,23,0.04,False,20,20,False,0,False,0.515662709096073,0.37285135006884457,0.4948417944683423,32.43584375886712,51.66717501997482,0.0,Robust-MTD,1219,23,case57
True,23,0.04,False,20,20,False,0,False,0.5881257597726508,0.33868521586076766,0.4948417944683423,32.2459397953935,42.67922295257449,0.0,Robust-MTD,1220,23,case57
True,23,0.04,False,20,20,False,0,False,0.589264600661817,0.3161299557396463,0.4948417944683423,29.029812503722496,38.89404555375223,0.0,Robust-MTD,1221,23,case57
True,23,0.04,False,20,20,False,0,False,0.5580817184962223,0.3530502990643388,0.4948417944683423,36.18698750506155,62.579926755279345,0.0,Robust-MTD,1222,23,case57
True,23,-0.04,False,20,20,False,0,False,0.5373606722623704,0.3632782512515355,0.4948417944683423,31.810333247995004,51.722406237968265,0.0,Robust-MTD,1223,23,case57
True,23,0.04,False,20,20,False,0,False,0.5411719337315904,0.3488506029589139,0.4948417944683423,38.67017075244803,69.88112528924832,0.0,Robust-MTD,1224,23,case57
True,23,-0.04,False,20,20,False,0,False,0.526397215491218,0.36493004739997575,0.4948417944683423,41.650587640469894,56.03076489060189,0.0,Robust-MTD,1225,23,case57
True,23,0.04,False,20,20,False,0,False,0.5386996105076094,0.35479990196291783,0.4948417944683423,37.745335305226035,50.43996250897183,0.0,Robust-MTD,1226,23,case57
True,23,-0.04,False,20,20,False,0,False,0.5271851430713379,0.36536660234515256,0.4948417944683423,34.61229394597467,45.37825417646673,0.0,Robust-MTD,1227,23,case57
True,23,0.04,False,20,20,False,0,False,0.5138395566519656,0.374145432322327,0.4948417944683423,37.720789696322754,48.12200063606725,0.0,Robust-MTD,1228,23,case57
True,23,0.04,False,20,20,False,0,False,0.5110298930453119,0.3746381820583202,0.4948417944683423,37.34383530681953,50.72479137452319,0.0,Robust-MTD,1229,23,case57
True,23,-0.04,False,20,20,False,0,False,0.5295364954281533,0.3600713774187835,0.4948417944683423,34.54914579924662,42.19784200831783,0.0,Robust-MTD,1230,23,case57
True,23,-0.04,False,20,20,False,0,False,0.4790698301548498,0.3893211646179637,0.4948417944683423,37.14088120905217,58.59553333430085,0.0,Robust-MTD,1231,23,case57
True,23,-0.04,False,20,20,False,0,False,0.5455648490078152,0.35149217733387,0.4948417944683423,35.413862598943524,45.474558317800984,0.0,Robust-MTD,1232,23,case57
True,23,0.04,False,20,20,False,0,False,0.5071393217958422,0.37812413883833257,0.4948417944683423,55.064974998822436,117.90065412060358,0.0,Robust-MTD,1233,23,case57
True,23,-0.04,False,20,20,False,0,False,0.5168818052272836,0.37012993410457656,0.4948417944683423,31.649235397344455,66.82472709217109,0.0,Robust-MTD,1234,23,case57
True,23,0.04,False,20,20,False,0,False,0.5354244147703264,0.2677148346416394,0.4948417944683423,36.70573944982607,48.27629174687903,0.0,Robust-MTD,1235,23,case57
True,23,-0.04,False,20,20,False,0,False,0.5041924001876594,0.3782314936975358,0.4948417944683423,34.29559380165301,52.985837231972255,0.0,Robust-MTD,1236,23,case57
True,23,0.04,False,20,20,False,0,False,0.5170251230347624,0.3626088567927584,0.4948417944683423,35.89632080111187,59.78286871104502,0.0,Robust-MTD,1237,23,case57
True,23,0.04,False,20,20,False,40,False,0.44077844840352914,0.15484491449940468,0.4948417944683423,33.93826464598533,46.77482921106275,0.0,Robust-MTD,1238,23,case57
True,23,-0.04,True,17,17,False,0,False,0.6179641614714068,0.3024302714887929,0.4948417944683423,31.938885344425216,42.615225311601534,0.0,Robust-MTD,1239,23,case57
True,23,0.04,False,20,20,False,0,False,0.5007515713803596,0.3730606787556468,0.4948417944683423,33.216345848632045,55.87995859677903,0.0,Robust-MTD,1240,23,case57
True,23,0.04,False,20,20,False,0,False,0.6071048500813637,0.20520371159068868,0.4948417944683423,35.480347846169025,59.59993691940327,0.0,Robust-MTD,1241,23,case57
True,23,-0.04,False,20,20,False,0,False,0.5638000366064838,0.3404709570981349,0.4948417944683423,33.632858301280066,47.98059577005916,0.0,Robust-MTD,1242,23,case57
True,23,0.04,False,20,20,False,0,False,0.5037535281053681,0.3768295515668035,0.4948417944683423,35.437504143919796,48.266423188033514,0.0,Robust-MTD,1243,23,case57
True,23,-0.04,False,20,20,False,0,False,0.5197242049893217,0.367630371591485,0.4948417944683423,31.22199380013626,44.652465265244246,0.0,Robust-MTD,1244,23,case57
True,23,-0.04,False,20,20,False,0,False,0.6029168566553275,0.19048253122471545,0.4948417944683423,40.086420957231894,62.55717919848397,0.0,Robust-MTD,1245,23,case57
True,23,0.04,False,20,20,False,0,False,0.4952148915464198,0.3802251364311473,0.4948417944683423,34.81238104577642,47.91344198165462,0.0,Robust-MTD,1246,23,case57
True,23,-0.04,False,20,20,False,0,False,0.5111456539165271,0.3744753691870768,0.4948417944683423,33.597412396920845,48.95276842289605,0.0,Robust-MTD,1247,23,case57
True,23,-0.04,False,20,20,False,0,False,0.5451053838075569,0.2492121716161688,0.4948417944683423,32.91996023908723,59.145185071975,0.0,Robust-MTD,1248,23,case57
True,23,0.04,False,20,20,False,0,False,0.49959757203548444,0.3794934731077812,0.4948417944683423,31.894585402915254,47.223739544278985,0.0,Robust-MTD,1249,23,case57
True,23,0.04,False,20,20,False,0,False,0.4898178735528176,0.38407586074959327,0.4948417944683423,32.58702291059308,43.69085801008624,0.0,Robust-MTD,1250,23,case57
True,23,-0.04,False,20,20,False,0,False,0.5079164567672786,0.376462798647993,0.4948417944683423,38.62917714868672,65.30856426979882,0.0,Robust-MTD,1251,23,case57
True,23,0.04,False,20,20,False,0,False,0.5114783289791519,0.373951291235009,0.4948417944683423,35.72382309939712,49.97313540079631,0.0,Robust-MTD,1252,23,case57
True,23,0.04,False,20,20,False,0,False,0.5144718459697641,0.37421136687860945,0.4948417944683423,34.040029157768004,52.94180627970495,0.0,Robust-MTD,1253,23,case57
True,23,0.04,False,20,20,False,0,False,0.6169503815451148,0.30881830247048114,0.4948417944683423,34.04226880520582,55.66923191945534,0.0,Robust-MTD,1254,23,case57
True,23,-0.04,False,20,20,False,0,False,0.5331208502816397,0.36221368969569856,0.4948417944683423,32.07074370002374,41.093243751674905,0.0,Robust-MTD,1255,23,case57
True,23,0.04,False,20,20,False,0,False,0.49958364838663666,0.3826194842093898,0.4948417944683423,35.52321659808513,53.41647255409044,0.0,Robust-MTD,1256,23,case57
True,23,-0.04,False,20,20,False,25,False,0.4569916897931367,0.07181578735685888,0.4948417944683423,34.3590355507331,56.72275445540436,0.0,Robust-MTD,1257,23,case57
True,23,-0.04,False,20,20,False,0,False,0.5591270236963443,0.34696793313135205,0.4948417944683423,31.26273554807994,41.4940291288076,0.0,Robust-MTD,1258,23,case57
True,23,0.04,False,20,20,False,0,False,0.5511283471087893,0.3542813337563395,0.4948417944683423,37.70168939954601,55.89816278661602,0.0,Robust-MTD,1259,23,case57
True,23,-0.04,True,9,9,False,0,False,0.5139271242907139,0.3750751064797137,0.4948417944683423,37.0303333591437,75.88594973203726,0.0,Robust-MTD,1260,23,case57
True,23,0.04,False,20,20,False,0,False,0.5443820131255671,0.3519925729427671,0.4948417944683423,32.542737436597236,43.47593986312859,0.0,Robust-MTD,1261,23,case57
True,23,-0.04,False,20,20,False,0,False,0.5149061849298808,0.28691390169199543,0.4948417944683423,32.169241609517485,43.23131312557962,0.0,Robust-MTD,1262,23,case57
True,23,-0.04,False,20,20,False,0,False,0.6161055872333235,0.2994418766851683,0.4948417944683423,34.967275042436086,49.98898961057422,0.0,Robust-MTD,1263,23,case57
True,23,-0.04,False,20,20,False,0,False,0.5042103888342889,0.3753088910921829,0.4948417944683423,37.62938738800585,65.9127954975702,0.0,Robust-MTD,1264,23,case57
True,23,-0.04,False,20,20,False,0,False,0.532324322314538,0.3444804560697806,0.4948417944683423,40.66741250571795,64.38736039854122,0.0,Robust-MTD,1265,23,case57
True,23,-0.04,False,20,20,False,0,False,0.49850640911468236,0.38232724306489596,0.4948417944683423,31.67728530825116,43.164424641872785,0.0,Robust-MTD,1266,23,case57
True,23,0.04,False,20,20,False,0,False,0.5243333899106676,0.3550197246622429,0.4948417944683423,34.903787399525754,66.88959941093344,0.0,Robust-MTD,1267,23,case57
True,23,-0.04,False,20,20,False,0,False,0.5440494220430919,0.3321959872338246,0.4948417944683423,32.42521243810188,59.705262747593224,0.0,Robust-MTD,1268,23,case57
True,23,-0.04,False,20,20,False,0,False,0.5463070683872242,0.3593981498334618,0.4948417944683423,31.943674993817694,44.63356662599837,0.0,Robust-MTD,1269,23,case57
True,23,-0.04,False,20,20,False,0,False,0.5164082935668874,0.372721355223831,0.4948417944683423,30.20367494900711,39.152238130918704,0.0,Robust-MTD,1270,23,case57
True,23,-0.04,False,20,20,False,0,False,0.5833647141756821,0.3404931637785757,0.4948417944683423,33.04088330769446,68.64218577102294,0.0,Robust-MTD,1271,23,case57
True,23,-0.04,False,20,20,False,0,False,0.5329858733279002,0.36166364333516077,0.4948417944683423,33.58729385363404,55.0258913950529,0.0,Robust-MTD,1272,23,case57
True,23,0.04,False,20,20,False,0,False,0.5061202609582972,0.37348032630959477,0.4948417944683423,32.693425004254095,44.284710401552736,0.0,Robust-MTD,1273,23,case57
True,23,0.04,False,20,20,False,0,False,0.5920978260851091,0.3304979178371743,0.4948417944683423,31.95699792122468,43.39966069383082,0.0,Robust-MTD,1274,23,case57
True,23,0.04,False,20,20,False,0,False,0.5515113259848329,0.3494106934896623,0.4948417944683423,31.572643647086807,46.387641958426684,0.0,Robust-MTD,1275,23,case57
True,23,0.04,False,20,20,False,0,False,0.5006270026163335,0.3775096554850776,0.4948417944683423,32.52866449474823,41.252038933453164,0.0,Robust-MTD,1276,23,case57
True,23,-0.04,False,20,20,False,0,False,0.5685091509149022,0.33649473311762923,0.4948417944683423,34.25702078966424,53.6910836090101,0.0,Robust-MTD,1277,23,case57
True,23,-0.04,False,20,20,False,56,False,0.5249547117170289,0.1552313500114553,0.4948417944683423,37.63004800421186,61.007488146424315,0.0,Robust-MTD,1278,23,case57
True,23,0.04,False,20,20,False,0,False,0.523426221251645,0.36871676888034055,0.4948417944683423,36.67751865577884,72.7955021255184,0.0,Robust-MTD,1279,23,case57
True,23,0.04,False,20,20,False,0,False,0.5111500038044352,0.334666912466335,0.4948417944683423,31.565304248942994,43.70528747676872,0.0,Robust-MTD,1280,23,case57
True,23,-0.04,True,16,16,False,0,False,0.5244576681906529,0.3681687686151123,0.4948417944683423,33.82883956073783,49.98833363060841,0.0,Robust-MTD,1281,23,case57
True,23,0.04,False,20,20,False,0,False,0.5280826745943238,0.3632601363522177,0.4948417944683423,32.975520845502615,50.837706253514654,0.0,Robust-MTD,1282,23,case57
True,23,-0.04,False,20,20,False,0,False,0.523798064552369,0.36493448067077333,0.4948417944683423,33.797975146444514,46.98460033105223,0.0,Robust-MTD,1283,23,case57
True,23,-0.04,False,20,20,False,0,False,0.5344533266397131,0.3565981459375373,0.4948417944683423,34.33285444625653,48.00621464964937,0.0,Robust-MTD,1284,23,case57
True,23,0.04,False,20,20,False,0,False,0.5236876862574017,0.3045353077323436,0.4948417944683423,35.998927100445144,58.74991187010894,0.0,Robust-MTD,1285,23,case57
True,23,-0.04,False,20,20,False,0,False,0.5207317121085863,0.3728752661450923,0.4948417944683423,35.10740849014837,57.955929453601144,0.0,Robust-MTD,1286,23,case57
True,23,0.04,False,20,20,False,0,False,0.48583510342394426,0.3841547778581539,0.4948417944683423,31.18670630210545,43.51079341722653,0.0,Robust-MTD,1287,23,case57
True,23,0.04,False,20,20,False,0,False,0.561821000982568,0.30302001972078935,0.4948417944683423,34.937279051519,62.89713688893245,0.0,Robust-MTD,1288,23,case57
True,23,0.04,False,20,20,False,0,False,0.515872642869361,0.3636325248832134,0.4948417944683423,33.4025541000301,53.041452038451105,0.0,Robust-MTD,1289,23,case57
True,23,-0.04,False,20,20,False,7,False,0.5477229468656478,0.25956608617271665,0.4948417944683423,35.05396260006819,45.360130973858766,0.0,Robust-MTD,1290,23,case57
True,23,-0.04,False,20,20,False,0,False,0.4995674930988195,0.3802315393020112,0.4948417944683423,33.91794374329038,49.74400834762492,0.0,Robust-MTD,1291,23,case57
True,23,0.04,False,20,20,False,0,False,0.5425085935913126,0.3621646658184665,0.4948417944683423,33.05644569918513,49.64790656231344,0.0,Robust-MTD,1292,23,case57
True,23,-0.04,False,20,20,False,0,False,0.5811251269555989,0.32370125137787237,0.4948417944683423,33.78692715195939,43.68233718560078,0.0,Robust-MTD,1293,23,case57
True,23,0.04,False,20,20,False,0,False,0.5450308414269617,0.35530871681688864,0.4948417944683423,33.86149365105666,52.7828755817609,0.0,Robust-MTD,1294,23,case57
True,23,-0.04,False,20,20,False,0,False,0.5296856357872752,0.36287552015633107,0.4948417944683423,38.444147905102,90.25712470174768,0.0,Robust-MTD,1295,23,case57
True,23,-0.04,False,20,20,False,0,False,0.5530866829065415,0.34551606476797214,0.4948417944683423,32.73256679822225,60.14292352774647,0.0,Robust-MTD,1296,23,case57
True,23,0.04,False,20,20,False,0,False,0.5286019596112039,0.3648793962337335,0.4948417944683423,33.607862499775365,54.67093510960695,0.0,Robust-MTD,1297,23,case57
True,23,0.04,False,20,20,False,0,False,0.5242669282727221,0.3559154940486473,0.4948417944683423,29.37969580234494,38.423544040415436,0.0,Robust-MTD,1298,23,case57
True,23,-0.04,False,20,20,False,0,False,0.5199875540125122,0.3560768369678056,0.4948417944683423,27.85246470302809,41.891987493727356,0.0,Robust-MTD,1299,23,case57
True,25,0.04,True,2,2,False,25,True,0.19286989856686776,0.005231746183537825,0.4948417944683423,32.211814596666954,43.280494053033195,0.0,Robust-MTD,1300,25,case57
True,25,-0.04,True,1,1,False,26,False,0.1984135005578357,0.005209519711745242,0.4948417944683423,32.35888950293884,40.426882696920096,0.0,Robust-MTD,1301,25,case57
True,25,0.04,True,2,2,False,25,True,0.2021441097353739,0.005193235579047295,0.4948417944683423,36.34158329805359,52.29013539501467,0.0,Robust-MTD,1302,25,case57
True,25,0.04,True,1,1,False,25,True,0.19974614725501919,0.005203826808706385,0.4948417944683423,34.16732914338354,45.101806841557845,0.0,Robust-MTD,1303,25,case57
True,25,-0.04,True,1,1,False,26,False,0.23753251350106955,0.004973244905487242,0.4948417944683423,34.88190435455181,46.36035446601455,0.0,Robust-MTD,1304,25,case57
True,25,-0.04,True,1,1,False,25,True,0.19477672666075155,0.005224364053377866,0.4948417944683423,33.60490204358939,46.72796905215365,0.0,Robust-MTD,1305,25,case57
True,25,-0.04,True,1,1,False,25,True,0.22356437197046447,0.005076657082122091,0.4948417944683423,31.603608289151452,41.42948477820029,0.0,Robust-MTD,1306,25,case57
True,25,0.04,True,1,1,False,25,True,0.1998673027682865,0.005203302444352187,0.4948417944683423,30.70898324949667,44.584787831991,0.0,Robust-MTD,1307,25,case57
True,25,0.04,True,1,1,False,26,False,0.21528914224563553,0.00512675690888535,0.4948417944683423,35.33856039575767,65.87572743592318,0.0,Robust-MTD,1308,25,case57
True,25,-0.04,True,2,2,False,26,False,0.20332716098881531,0.005187843615814504,0.4948417944683423,32.53017925599124,59.65335688670166,0.0,Robust-MTD,1309,25,case57
True,25,0.04,True,2,2,False,26,False,0.19772875721760066,0.005212391734958767,0.4948417944683423,36.251885545789264,59.144419096992365,0.0,Robust-MTD,1310,25,case57
True,25,0.04,True,1,1,False,25,True,0.22446595887378992,0.005070754385776199,0.4948417944683423,31.794841605005786,45.194248572806835,0.0,Robust-MTD,1311,25,case57
True,25,0.04,True,1,1,False,25,True,0.21717361684720032,0.005115960484470895,0.4948417944683423,30.376620701281354,48.53911193204113,0.0,Robust-MTD,1312,25,case57
True,25,0.04,True,1,1,False,25,True,0.2647862306456463,0.004624262245593939,0.4948417944683423,38.35634175629821,68.09003159287388,0.0,Robust-MTD,1313,25,case57
True,25,0.04,True,1,1,False,26,False,0.19488132456317853,0.005223951151573777,0.4948417944683423,34.79116869275458,54.58590836205988,0.0,Robust-MTD,1314,25,case57
True,25,0.04,True,1,1,False,26,False,0.1964807263530641,0.005217534155223473,0.4948417944683423,32.84599379694555,50.0560142332688,0.0,Robust-MTD,1315,25,case57
True,25,0.04,True,3,3,False,25,True,0.20044761710909242,0.005200775032277151,0.4948417944683423,33.66611875244416,46.1015768320067,0.0,Robust-MTD,1316,25,case57
True,25,-0.04,True,3,3,False,26,False,0.2044720020228159,0.0051825193868749,0.4948417944683423,38.5522541415412,71.98772703413853,0.0,Robust-MTD,1317,25,case57
True,25,0.04,True,3,3,False,26,False,0.22106300948379248,0.0050925562121601955,0.4948417944683423,31.931206246372316,55.659397962153896,0.0,Robust-MTD,1318,25,case57
True,25,0.04,True,2,2,False,25,True,0.19356393515124026,0.005229091108103029,0.4948417944683423,34.256818747962825,62.80497438274327,0.0,Robust-MTD,1319,25,case57
True,25,0.04,True,2,2,False,25,True,0.22716024587518427,0.005052542932603077,0.4948417944683423,37.40359794755932,51.45130895252807,0.0,Robust-MTD,1320,25,case57
True,25,-0.04,True,1,1,False,26,False,0.22223276272330716,0.005085206814864704,0.4948417944683423,30.798143695574254,44.21608058328275,0.0,Robust-MTD,1321,25,case57
True,25,0.04,True,1,1,False,26,False,0.25936941947246395,0.004725406407490681,0.4948417944683423,31.581233494216576,45.3869819000829,0.0,Robust-MTD,1322,25,case57
True,25,0.04,True,2,2,False,25,True,0.22273498654702212,0.005082005479588785,0.4948417944683423,29.249647847609594,42.102199999499135,0.0,Robust-MTD,1323,25,case57
True,25,-0.04,True,2,2,False,26,False,0.20501621412266197,0.005179951390436414,0.4948417944683423,32.164000152260996,52.22919795196504,0.0,Robust-MTD,1324,25,case57
True,25,0.04,True,2,2,False,26,False,0.1987011170981382,0.005208302628787476,0.4948417944683423,29.911833349615335,41.05249373533298,0.0,Robust-MTD,1325,25,case57
True,25,0.04,True,1,1,False,25,True,0.20385442926243433,0.005185404564936354,0.4948417944683423,36.354852048680186,67.23439134657386,0.0,Robust-MTD,1326,25,case57
True,25,-0.04,True,1,1,False,26,False,0.20190313513032362,0.0051943202747601605,0.4948417944683423,31.509402047959156,49.95556038629729,0.0,Robust-MTD,1327,25,case57
True,25,0.04,True,4,4,False,25,True,0.20275471990902771,0.005190466494236319,0.4948417944683423,32.335574898752384,42.89173718134409,0.0,Robust-MTD,1328,25,case57
True,25,-0.04,True,1,1,False,26,False,0.22057277610881706,0.005095592508893587,0.4948417944683423,29.966843803413212,38.29690210695844,0.0,Robust-MTD,1329,25,case57
True,25,0.04,True,1,1,False,26,False,0.23901221626858596,0.004960537598703009,0.4948417944683423,33.15204379905481,47.42942678276451,0.0,Robust-MTD,1330,25,case57
True,25,-0.04,True,2,2,False,26,False,0.22147823946095277,0.005089964349269432,0.4948417944683423,36.77905840741005,58.25162469118369,0.0,Robust-MTD,1331,25,case57
True,25,-0.04,True,1,1,False,26,False,0.24076755991274,0.004944929598924311,0.4948417944683423,32.850604300620034,48.06965452444274,0.0,Robust-MTD,1332,25,case57
True,25,0.04,True,1,1,False,25,True,0.19920196216319058,0.005206168048265972,0.4948417944683423,34.159324850770645,44.834787520812824,0.0,Robust-MTD,1333,25,case57
True,25,-0.04,True,2,2,False,25,True,0.20720117082993428,0.005169397118873734,0.4948417944683423,33.54886459710542,43.42007978702895,0.0,Robust-MTD,1334,25,case57
True,25,0.04,True,1,1,False,25,True,0.22548578969747726,0.005063963563818507,0.4948417944683423,33.25939174974337,42.96053777216002,0.0,Robust-MTD,1335,25,case57
True,25,-0.04,True,2,2,False,26,False,0.2273106829542293,0.005051499970710997,0.4948417944683423,32.83339379995596,46.89782913192176,0.0,Robust-MTD,1336,25,case57
True,25,0.04,True,2,2,False,26,False,0.20750121232323593,0.005167916903468652,0.4948417944683423,34.62458114954643,54.22884310537484,0.0,Robust-MTD,1337,25,case57
True,25,-0.04,True,1,1,False,26,False,0.20632801480784504,0.005173662052712743,0.4948417944683423,32.13478958932683,46.4199663256295,0.0,Robust-MTD,1338,25,case57
True,25,-0.04,True,1,1,False,25,True,0.20346837741693052,0.00518719255512747,0.4948417944683423,32.07767310668714,40.38188572158106,0.0,Robust-MTD,1339,25,case57
True,25,-0.04,True,2,2,False,26,False,0.21131692479127492,0.005148423446933918,0.4948417944683423,31.41677700914443,40.99833780783229,0.0,Robust-MTD,1340,25,case57
True,25,-0.04,True,1,1,False,25,True,0.1987191463168321,0.005208226124197895,0.4948417944683423,33.89680824766401,44.297214559628635,0.0,Robust-MTD,1341,25,case57
True,25,-0.04,True,1,1,False,26,False,0.20177915656221856,0.0051948765546142,0.4948417944683423,36.03536034061108,52.98340662266128,0.0,Robust-MTD,1342,25,case57
True,25,-0.04,True,1,1,False,26,False,0.22101766464870048,0.0050928381337389025,0.4948417944683423,33.23685014329385,43.663154196110554,0.0,Robust-MTD,1343,25,case57
True,25,-0.04,True,1,1,False,26,False,0.19792592847763768,0.00521156842186605,0.4948417944683423,34.47227720171213,55.765898505342214,0.0,Robust-MTD,1344,25,case57
True,25,-0.04,True,1,1,False,26,False,0.20548999334734305,0.005177696143491851,0.4948417944683423,32.46680825250223,49.52259943529499,0.0,Robust-MTD,1345,25,case57
True,25,-0.04,True,1,1,False,26,False,0.22184928900524362,0.005087632505495471,0.4948417944683423,31.155685349949636,47.264934802660726,0.0,Robust-MTD,1346,25,case57
True,25,0.04,True,2,2,False,25,True,0.1877691021960244,0.005250137730484844,0.4948417944683423,31.82558124535717,54.88759820000269,0.0,Robust-MTD,1347,25,case57
True,25,-0.04,True,1,1,False,25,True,0.1955629126454773,0.005221240271539802,0.4948417944683423,30.97963749896735,45.26019201148303,0.0,Robust-MTD,1348,25,case57
True,25,-0.04,True,2,2,False,25,True,0.19684483235918693,0.005216046154855229,0.4948417944683423,28.88917085074354,41.017341645783745,0.0,Robust-MTD,1349,25,case57
True,25,-0.04,True,2,2,False,25,True,0.21354773633779572,0.005136433651602497,0.4948417944683423,35.32194164872635,46.940035483567044,0.0,Robust-MTD,1350,25,case57
True,25,0.04,True,2,2,False,26,False,0.19152993478639072,0.005236769202907643,0.4948417944683423,33.77243540599011,59.92504375462886,0.0,Robust-MTD,1351,25,case57
True,25,0.04,True,1,1,False,25,True,0.20728104166207842,0.005169003822124321,0.4948417944683423,34.27628334320616,46.91218749794644,0.0,Robust-MTD,1352,25,case57
True,25,0.04,True,1,1,False,25,True,0.20314175559109834,0.0051886959865313454,0.4948417944683423,32.12209375051316,42.15593062981498,0.0,Robust-MTD,1353,25,case57
True,25,0.04,True,1,1,False,25,True,0.21099249939215553,0.005150129998534722,0.4948417944683423,33.642531343502924,44.651704115676694,0.0,Robust-MTD,1354,25,case57
True,25,-0.04,True,1,1,False,26,False,0.21012196786565301,0.005154663463852957,0.4948417944683423,32.88836470746901,50.32575862132944,0.0,Robust-MTD,1355,25,case57
True,25,0.04,True,1,1,False,26,False,0.20137200198734515,0.005196694914476431,0.4948417944683423,36.41559800307732,50.848239904735244,0.0,Robust-MTD,1356,25,case57
True,25,0.04,True,2,2,False,25,True,0.19630946456232942,0.0052182305655756695,0.4948417944683423,37.45860225171782,74.36083300272006,0.0,Robust-MTD,1357,25,case57
True,25,-0.04,True,1,1,False,25,True,0.2073337480876361,0.0051687439950796965,0.4948417944683423,33.323391748126596,45.92772322357633,0.0,Robust-MTD,1358,25,case57
True,25,0.04,True,1,1,False,25,True,0.2248226226750211,0.005068393349566025,0.4948417944683423,34.81132075248752,56.519450002815596,0.0,Robust-MTD,1359,25,case57
True,25,0.04,True,1,1,False,25,True,0.2016157308760059,0.005195607981665272,0.4948417944683423,28.82460215187166,39.59131010051351,0.0,Robust-MTD,1360,25,case57
True,25,0.04,True,2,2,False,25,True,0.24442293218805464,0.0049103705343021,0.4948417944683423,34.85480405506678,69.81115419766866,0.0,Robust-MTD,1361,25,case57
True,25,-0.04,True,1,1,False,26,False,0.20074198652606007,0.005199482965163877,0.4948417944683423,34.2326561891241,65.50448058405891,0.0,Robust-MTD,1362,25,case57
True,25,0.04,True,2,2,False,26,False,0.2396589596491884,0.004954856321434199,0.4948417944683423,33.7902916042367,51.711420898209326,0.0,Robust-MTD,1363,25,case57
True,25,-0.04,True,1,1,False,26,False,0.19344533125126023,0.005229547414241403,0.4948417944683423,33.380841551115736,52.000541388406425,0.0,Robust-MTD,1364,25,case57
True,25,0.04,True,1,1,False,25,True,0.22045951527499608,0.0050962903712972575,0.4948417944683423,34.41116260364652,47.81805385719057,0.0,Robust-MTD,1365,25,case57
True,25,0.04,True,1,1,False,26,False,0.21019796583378114,0.005154270328560825,0.4948417944683423,32.79002504714299,47.21927713253535,0.0,Robust-MTD,1366,25,case57
True,25,0.04,True,1,1,False,26,False,0.19390378305634123,0.005227777716281054,0.4948417944683423,29.57788744242862,37.31474789965433,0.0,Robust-MTD,1367,25,case57
True,25,-0.04,True,1,1,False,25,True,0.2292165439487041,0.00503803696919535,0.4948417944683423,31.38142304960638,45.96022533078214,0.0,Robust-MTD,1368,25,case57
True,25,0.04,True,2,2,False,26,False,0.22684133379255692,0.00505474457913155,0.4948417944683423,29.844693740596995,38.86263985186816,0.0,Robust-MTD,1369,25,case57
True,25,-0.04,True,1,1,False,25,True,0.19246404239800416,0.005233281929413097,0.4948417944683423,31.488606194034222,47.29222501046024,0.0,Robust-MTD,1370,25,case57
True,25,0.04,True,2,2,False,25,True,0.22724936569865462,0.005051925417741417,0.4948417944683423,33.03170425060671,44.64400002034381,0.0,Robust-MTD,1371,25,case57
True,25,-0.04,True,1,1,False,25,True,0.19770750789901673,0.005212480286513355,0.4948417944683423,33.72536254464649,55.65236280672253,0.0,Robust-MTD,1372,25,case57
True,25,-0.04,True,1,1,False,26,False,0.19619754716723004,0.0052186844556908005,0.4948417944683423,37.14667920139618,64.94109790655784,0.0,Robust-MTD,1373,25,case57
True,25,0.04,True,1,1,False,25,True,0.20268222191730267,0.005190796814522606,0.4948417944683423,31.11304374760948,49.665402038954205,0.0,Robust-MTD,1374,25,case57
True,25,0.04,True,1,1,False,25,True,0.21184423521454435,0.005145629751253077,0.4948417944683423,32.7862187376013,41.51377112430056,0.0,Robust-MTD,1375,25,case57
True,25,0.04,True,1,1,False,25,True,0.20684030034505488,0.005171167470442766,0.4948417944683423,42.40697304776404,89.90619797550609,0.0,Robust-MTD,1376,25,case57
True,25,0.04,True,1,1,False,26,False,0.21236696406828648,0.005142835800669849,0.4948417944683423,32.412539748474956,45.75174373167102,0.0,Robust-MTD,1377,25,case57
True,25,0.04,True,1,1,False,26,False,0.21428528144646133,0.0051323697748384646,0.4948417944683423,35.24991245067213,55.09464968345131,0.0,Robust-MTD,1378,25,case57
True,25,-0.04,True,1,1,False,25,True,0.21355374178697165,0.005136400764417776,0.4948417944683423,29.960683404351585,42.97505241120234,0.0,Robust-MTD,1379,25,case57
True,25,0.04,True,1,1,False,25,True,0.20079073801082578,0.00519926832947197,0.4948417944683423,33.548827102640644,53.18469377816655,0.0,Robust-MTD,1380,25,case57
True,25,-0.04,True,1,1,False,25,True,0.20665681816799467,0.005172063439698765,0.4948417944683423,34.38126460532658,48.678287520306185,0.0,Robust-MTD,1381,25,case57
True,25,-0.04,True,2,2,False,26,False,0.2033744330848795,0.005187625851168222,0.4948417944683423,33.72683534107637,55.41441837267485,0.0,Robust-MTD,1382,25,case57
True,25,-0.04,True,1,1,False,25,True,0.19363570698784985,0.005228814462883763,0.4948417944683423,32.22138120327145,47.64672086457722,0.0,Robust-MTD,1383,25,case57
True,25,0.04,True,1,1,False,25,True,0.202741998000606,0.005190524488838801,0.4948417944683423,31.952908297535032,49.71002737584059,0.0,Robust-MTD,1384,25,case57
True,25,-0.04,True,1,1,False,26,False,0.20880771338630907,0.0051613830712704594,0.4948417944683423,29.772829249850474,38.93016665824689,0.0,Robust-MTD,1385,25,case57
True,25,-0.04,True,2,2,False,26,False,0.19609624833120587,0.005219094460529437,0.4948417944683423,31.791814698954113,42.30958956759424,0.0,Robust-MTD,1386,25,case57
True,25,-0.04,True,1,1,False,26,False,0.20885935827668828,0.0051611218186342475,0.4948417944683423,31.31275206105784,44.528829181217596,0.0,Robust-MTD,1387,25,case57
True,25,0.04,True,1,1,False,25,True,0.25363254826953274,0.0048072862118844545,0.4948417944683423,32.41059160500299,46.76095385220833,0.0,Robust-MTD,1388,25,case57
True,25,-0.04,True,2,2,False,26,False,0.23071076208651015,0.005027146405924136,0.4948417944683423,31.313841804512776,40.612264288938604,0.0,Robust-MTD,1389,25,case57
True,25,-0.04,True,2,2,False,26,False,0.22542659740507304,0.005064361072774261,0.4948417944683423,36.60989773925394,53.1048270262545,0.0,Robust-MTD,1390,25,case57
True,25,-0.04,True,3,3,False,26,False,0.20622829532008138,0.00517414511382868,0.4948417944683423,34.1743228957057,45.11543092667125,0.0,Robust-MTD,1391,25,case57
True,25,-0.04,True,2,2,False,26,False,0.19627784276557136,0.0052183589068369035,0.4948417944683423,34.95682073989883,47.25037355674432,0.0,Robust-MTD,1392,25,case57
True,25,-0.04,True,1,1,False,25,True,0.22466264063016853,0.005069454232575326,0.4948417944683423,33.15096255973913,44.783219444798306,0.0,Robust-MTD,1393,25,case57
True,25,-0.04,True,1,1,False,26,False,0.23521878161531576,0.004992348974171966,0.4948417944683423,33.458266546949744,48.38884200726171,0.0,Robust-MTD,1394,25,case57
True,25,0.04,True,1,1,False,25,True,0.22613296508675076,0.005059590004983582,0.4948417944683423,33.15159800113179,52.01897018414457,0.0,Robust-MTD,1395,25,case57
True,25,-0.04,True,1,1,False,25,True,0.2159084685793876,0.005123246483150617,0.4948417944683423,30.706114703207277,38.793952093692496,0.0,Robust-MTD,1396,25,case57
True,25,-0.04,True,1,1,False,26,False,0.19353899094468777,0.005229187164565256,0.4948417944683423,30.231276992708445,54.10770172893536,0.0,Robust-MTD,1397,25,case57
True,25,0.04,True,1,1,False,26,False,0.19460373932463185,0.005225045105533375,0.4948417944683423,34.43979370058514,57.94510623381942,0.0,Robust-MTD,1398,25,case57
True,25,-0.04,True,2,2,False,26,False,0.2506178404863578,0.004844072503792101,0.4948417944683423,34.38993765739724,51.022850620211116,0.0,Robust-MTD,1399,25,case57
True,32,0.04,False,20,20,False,0,False,0.4895734960842866,0.38441841566375595,0.4948417944683423,36.12503340409603,61.961831894586794,0.0,Robust-MTD,1400,32,case57
True,32,-0.04,False,20,20,False,0,False,0.5190565993255838,0.36658973294073083,0.4948417944683423,36.6246208519442,55.38822500093375,0.0,Robust-MTD,1401,32,case57
True,32,0.04,False,20,20,False,0,False,0.5308096977999125,0.3622227510682502,0.4948417944683423,35.64274774689693,53.0527083814377,0.0,Robust-MTD,1402,32,case57
True,32,0.04,False,20,20,False,1,False,0.5053453910519944,0.2910612323236915,0.4948417944683423,33.278108495869674,54.50877260591369,0.0,Robust-MTD,1403,32,case57
True,32,-0.04,False,20,20,False,0,False,0.541895894801563,0.35927731102700855,0.4948417944683423,35.58402919443324,48.49420592363459,0.0,Robust-MTD,1404,32,case57
True,32,0.04,False,20,20,False,0,False,0.47475805329612153,0.39088898232596725,0.4948417944683423,33.58100405021105,59.501093157450676,0.0,Robust-MTD,1405,32,case57
True,32,0.04,False,20,20,False,7,False,0.37971344071018415,0.2304686014994006,0.4948417944683423,34.96894800045993,51.62289587024134,0.0,Robust-MTD,1406,32,case57
True,32,0.04,False,20,20,False,0,False,0.48438531227982407,0.38658940358805377,0.4948417944683423,35.581352101871744,54.08253605710345,0.0,Robust-MTD,1407,32,case57
True,32,0.04,False,20,20,False,0,False,0.5319741234616419,0.3683769448256676,0.4948417944683423,40.97031030396465,67.43607711105143,0.0,Robust-MTD,1408,32,case57
True,32,0.04,False,20,20,False,0,False,0.5413260289564109,0.3530069624952408,0.4948417944683423,38.61383566108998,61.811283323913834,0.0,Robust-MTD,1409,32,case57
True,32,-0.04,False,20,20,False,0,False,0.5020431605005983,0.3792993331692759,0.4948417944683423,30.038743797922507,39.09371670742985,0.0,Robust-MTD,1410,32,case57
True,32,-0.04,False,20,20,False,0,False,0.545714790486064,0.3602720374520415,0.4948417944683423,32.237177042406984,46.16039583634121,0.0,Robust-MTD,1411,32,case57
True,32,0.04,False,20,20,False,0,False,0.5176374387078226,0.3720160051403146,0.4948417944683423,30.36881250445731,39.521728525869555,0.0,Robust-MTD,1412,32,case57
True,32,-0.04,False,20,20,False,0,False,0.5739002049682143,0.33823302162211233,0.4948417944683423,32.95782925270032,45.929771146620624,0.0,Robust-MTD,1413,32,case57
True,32,0.04,False,20,20,False,0,False,0.4779200676268411,0.3885102723082227,0.4948417944683423,37.44361880235374,52.399451815290384,0.0,Robust-MTD,1414,32,case57
True,32,-0.04,True,6,6,False,0,False,0.5107463987076349,0.3602428245802745,0.4948417944683423,34.182827148470096,45.04572974983603,0.0,Robust-MTD,1415,32,case57
True,32,0.04,False,20,20,False,0,False,0.49774121271904737,0.3801489160547931,0.4948417944683423,34.592176947626285,46.6598622064339,0.0,Robust-MTD,1416,32,case57
True,32,-0.04,True,13,13,False,0,False,0.5308880045346611,0.36274995157040923,0.4948417944683423,35.75044379977044,53.593183620250784,0.0,Robust-MTD,1417,32,case57
True,32,-0.04,False,20,20,False,0,False,0.47955728671354503,0.38818402195155316,0.4948417944683423,35.95106864813715,66.50736842129845,0.0,Robust-MTD,1418,32,case57
True,32,-0.04,False,20,20,False,0,False,0.5400673580431747,0.35580683451718775,0.4948417944683423,31.592912497580983,45.20474611781539,0.0,Robust-MTD,1419,32,case57
True,32,-0.04,False,20,20,False,0,False,0.5025862078111132,0.3771615130428922,0.4948417944683423,37.29049995308742,53.9085336495191,0.0,Robust-MTD,1420,32,case57
True,32,0.04,False,20,20,False,0,False,0.4981220165326631,0.38396992867459134,0.4948417944683423,36.66171038639732,60.850741327158175,0.0,Robust-MTD,1421,32,case57
True,32,-0.04,False,20,20,False,0,False,0.4908885862319003,0.3822157236008556,0.4948417944683423,34.59335009974893,60.5993452045368,0.0,Robust-MTD,1422,32,case57
True,32,0.04,False,20,20,False,0,False,0.4926663078566413,0.38331958715634645,0.4948417944683423,35.113174945581704,55.81538095430006,0.0,Robust-MTD,1423,32,case57
True,32,0.04,False,20,20,False,0,False,0.5627791536268728,0.3405999394668757,0.4948417944683423,34.75981459778268,46.83765417430552,0.0,Robust-MTD,1424,32,case57
True,32,0.04,False,20,20,False,0,False,0.5574821456114678,0.3360442699795188,0.4948417944683423,37.24754164577462,81.09791252936702,0.0,Robust-MTD,1425,32,case57
True,32,0.04,False,20,20,False,0,False,0.6038250063640098,0.3232871013596928,0.4948417944683423,32.61789800890256,47.157021187013015,0.0,Robust-MTD,1426,32,case57
True,32,0.04,False,20,20,False,0,False,0.5394952082997436,0.3227139448838221,0.4948417944683423,35.75804363936186,51.29691014008134,0.0,Robust-MTD,1427,32,case57
True,32,-0.04,False,20,20,False,0,False,0.5176956920915405,0.36985884772913924,0.4948417944683423,34.02885845862329,52.47105266607833,0.0,Robust-MTD,1428,32,case57
True,32,0.04,False,20,20,False,0,False,0.5612671541449568,0.33072162491040363,0.4948417944683423,32.31809595308732,50.28414171247278,0.0,Robust-MTD,1429,32,case57
True,32,-0.04,False,20,20,False,0,False,0.5826434715585782,0.32768848294460484,0.4948417944683423,29.895235350704752,38.902848260477185,0.0,Robust-MTD,1430,32,case57
True,32,-0.04,False,20,20,False,0,False,0.5043292964429541,0.3749841418986056,0.4948417944683423,34.89212699641939,56.588131230091705,0.0,Robust-MTD,1431,32,case57
True,32,-0.04,False,20,20,False,0,False,0.5521446126767867,0.33395929866652224,0.4948417944683423,37.2363250964554,48.91096044448204,0.0,Robust-MTD,1432,32,case57
True,32,-0.04,True,15,15,False,0,False,0.5099220738603971,0.3724539048505105,0.4948417944683423,32.518308350699954,43.97626039281026,0.0,Robust-MTD,1433,32,case57
True,32,-0.04,False,20,20,False,0,False,0.5027536295176659,0.38113834738477625,0.4948417944683423,35.33885625365656,49.20709404686932,0.0,Robust-MTD,1434,32,case57
True,32,0.04,True,0,0,False,0,False,0.5239769209831148,0.3678640368487552,0.4948417944683423,33.42663339280989,49.425748558132916,0.0,Robust-MTD,1435,32,case57
True,32,0.04,False,20,20,False,0,False,0.49896977775941204,0.38181173047927325,0.4948417944683423,33.392797943088226,53.261721113813124,0.0,Robust-MTD,1436,32,case57
True,32,0.04,False,20,20,False,0,False,0.4843386274739788,0.3871642072390325,0.4948417944683423,38.668802101165056,78.58974230766763,0.0,Robust-MTD,1437,32,case57
True,32,0.04,False,20,20,False,0,False,0.5523174188692743,0.33809032227324215,0.4948417944683423,35.43762924091425,59.43307564011775,0.0,Robust-MTD,1438,32,case57
True,32,-0.04,False,20,20,False,0,False,0.5032182979578096,0.37497907288527393,0.4948417944683423,40.46005004784092,63.242195826023845,0.0,Robust-MTD,1439,32,case57
True,32,0.04,False,20,20,False,0,False,0.6103219458550012,0.3113804097031909,0.4948417944683423,35.32278330530971,55.356254187063314,0.0,Robust-MTD,1440,32,case57
True,32,-0.04,False,20,20,False,0,False,0.5216337134141077,0.3681712344195687,0.4948417944683423,34.80190634727478,45.5410336580826,0.0,Robust-MTD,1441,32,case57
True,32,0.04,False,20,20,False,1,False,0.4344146116210697,0.2672789478365603,0.4948417944683423,35.02738750248682,45.82956731610466,0.0,Robust-MTD,1442,32,case57
True,32,0.04,False,20,20,False,0,False,0.5689686953307104,0.31346199958291804,0.4948417944683423,32.07762090314645,43.15107467700729,0.0,Robust-MTD,1443,32,case57
True,32,0.04,False,20,20,False,0,False,0.4998813029436124,0.3787911808698895,0.4948417944683423,31.18058944819495,39.22210386081133,0.0,Robust-MTD,1444,32,case57
True,32,-0.04,False,20,20,False,0,False,0.4960403616947623,0.38222223322260324,0.4948417944683423,32.50244584924076,50.811818795045845,0.0,Robust-MTD,1445,32,case57
True,32,0.04,False,20,20,False,0,False,0.49186675445915495,0.3824395661046956,0.4948417944683423,34.52490415656939,48.9122190658236,0.0,Robust-MTD,1446,32,case57
True,32,-0.04,False,20,20,False,0,False,0.5029819427518932,0.38214957419380075,0.4948417944683423,30.382279201876372,39.07129795115907,0.0,Robust-MTD,1447,32,case57
True,32,-0.04,False,20,20,False,0,False,0.5135586295536653,0.3743740098047796,0.4948417944683423,31.43422924040351,49.86761457694229,0.0,Robust-MTD,1448,32,case57
True,32,-0.04,False,20,20,False,0,False,0.5466113597495116,0.34094247743922806,0.4948417944683423,31.838122950284742,47.61194577731659,0.0,Robust-MTD,1449,32,case57
True,32,0.04,False,20,20,False,0,False,0.507681769581925,0.37250135567876314,0.4948417944683423,32.526443849201314,41.87806730624289,0.0,Robust-MTD,1450,32,case57
True,32,-0.04,False,20,20,False,0,False,0.48120655605318446,0.3867827497480228,0.4948417944683423,34.19348340248689,59.72533337189819,0.0,Robust-MTD,1451,32,case57
True,32,0.04,False,20,20,False,0,False,0.515342193963706,0.37290214184513937,0.4948417944683423,36.425833342946135,60.76797531859484,0.0,Robust-MTD,1452,32,case57
True,32,0.04,False,20,20,False,0,False,0.5300061723170766,0.36553403125962375,0.4948417944683423,31.866918710875325,47.40774618403521,0.0,Robust-MTD,1453,32,case57
True,32,-0.04,False,20,20,False,0,False,0.5032403877555607,0.3788699412793636,0.4948417944683423,34.728839551098645,74.39502529450694,0.0,Robust-MTD,1454,32,case57
True,32,0.04,False,20,20,False,0,False,0.4957682194695622,0.3824697527468901,0.4948417944683423,29.8049439501483,48.074162518605604,0.0,Robust-MTD,1455,32,case57
True,32,0.04,False,20,20,False,0,False,0.5502866282607657,0.3423829761854407,0.4948417944683423,31.684516652603634,44.10623807052617,0.0,Robust-MTD,1456,32,case57
True,32,-0.04,False,20,20,False,0,False,0.5215588085123647,0.3305168390442108,0.4948417944683423,31.431314651854336,41.381439592805734,0.0,Robust-MTD,1457,32,case57
True,32,-0.04,False,20,20,False,0,False,0.5422516602970027,0.3637429633967208,0.4948417944683423,28.77877083956264,37.45787527586799,0.0,Robust-MTD,1458,32,case57
True,32,-0.04,False,20,20,False,0,False,0.5232284542480606,0.3717361059934572,0.4948417944683423,35.251441699801944,63.11095659621062,0.0,Robust-MTD,1459,32,case57
True,32,0.04,False,20,20,False,0,False,0.5900028501775751,0.3228798141960575,0.4948417944683423,32.96268750564195,76.37051908532158,0.0,Robust-MTD,1460,32,case57
True,32,0.04,True,9,9,False,0,False,0.5413350161823716,0.3467329791837064,0.4948417944683423,32.662433345103636,45.703549648169435,0.0,Robust-MTD,1461,32,case57
True,32,-0.04,False,20,20,False,0,False,0.5230164118236564,0.35938133560368307,0.4948417944683423,30.875675147399306,47.1630625135731,0.0,Robust-MTD,1462,32,case57
True,32,0.04,False,20,20,False,0,False,0.49709114270649774,0.37991559424676263,0.4948417944683423,39.31246444990393,74.74578511028085,0.0,Robust-MTD,1463,32,case57
True,32,-0.04,False,20,20,False,0,False,0.48130810788859874,0.3862302480086628,0.4948417944683423,37.24638750718441,76.51087083213498,0.0,Robust-MTD,1464,32,case57
True,32,0.04,False,20,20,False,0,False,0.49347237751876166,0.3819465516333882,0.4948417944683423,33.617895844508894,46.266124624526135,0.0,Robust-MTD,1465,32,case57
True,32,-0.04,False,20,20,False,0,False,0.5396772899618578,0.3549044704023868,0.4948417944683423,32.16142300225329,55.96287706575822,0.0,Robust-MTD,1466,32,case57
True,32,-0.04,False,20,20,False,0,False,0.5070702624506055,0.3779629867181369,0.4948417944683423,29.962795856408775,40.1130437559914,0.0,Robust-MTD,1467,32,case57
True,32,-0.04,False,20,20,False,0,False,0.5159153679835459,0.359559368309812,0.4948417944683423,31.175170838832855,52.70506275992376,0.0,Robust-MTD,1468,32,case57
True,32,-0.04,False,20,20,False,0,False,0.5511237808266778,0.34911124176749025,0.4948417944683423,39.26648964988999,76.64515806827696,0.0,Robust-MTD,1469,32,case57
True,32,-0.04,False,20,20,False,0,False,0.5522983392735292,0.3409813706419556,0.4948417944683423,32.32117279549129,55.01071422186215,0.0,Robust-MTD,1470,32,case57
True,32,0.04,False,20,20,False,0,False,0.5037178172002604,0.3788381100870902,0.4948417944683423,34.22191035642754,65.24935211054982,0.0,Robust-MTD,1471,32,case57
True,32,-0.04,False,20,20,False,0,False,0.5399354366465939,0.352480475283961,0.4948417944683423,29.371579198050313,39.35425033560023,0.0,Robust-MTD,1472,32,case57
True,32,-0.04,False,20,20,False,0,False,0.515915323328947,0.3732381414957475,0.4948417944683423,31.175039694062434,47.56788507220336,0.0,Robust-MTD,1473,32,case57
True,32,0.04,False,20,20,False,0,False,0.5701369236107892,0.34572785500413367,0.4948417944683423,34.50756050006021,56.0013777227141,0.0,Robust-MTD,1474,32,case57
True,32,0.04,True,2,2,False,0,False,0.5114181282973289,0.37619549342895997,0.4948417944683423,32.188829191727564,41.312414591084234,0.0,Robust-MTD,1475,32,case57
True,32,0.04,False,20,20,False,0,False,0.5101141670443334,0.37070879268353735,0.4948417944683423,37.15258754964452,76.9144372054143,0.0,Robust-MTD,1476,32,case57
True,32,-0.04,False,20,20,False,0,False,0.5130120068600872,0.3733175577079473,0.4948417944683423,37.57122709648684,69.46786704356782,0.0,Robust-MTD,1477,32,case57
True,32,0.04,False,20,20,False,0,False,0.501396797426007,0.37736011058454894,0.4948417944683423,33.38793960574549,56.64646250370428,0.0,Robust-MTD,1478,32,case57
True,32,0.04,False,20,20,False,0,False,0.5079594697036756,0.3719699171634679,0.4948417944683423,33.5386897000717,52.93183094763663,0.0,Robust-MTD,1479,32,case57
True,32,-0.04,False,20,20,False,0,False,0.5612458504248542,0.34760026956805445,0.4948417944683423,30.312877052347176,42.75130655441903,0.0,Robust-MTD,1480,32,case57
True,32,-0.04,False,20,20,False,0,False,0.5837277144417058,0.32438118223630996,0.4948417944683423,31.073179241502658,49.87808959267569,0.0,Robust-MTD,1481,32,case57
True,32,-0.04,False,20,20,False,0,False,0.5165793447429126,0.3742829088248354,0.4948417944683423,40.11223320267163,73.56283271510621,0.0,Robust-MTD,1482,32,case57
True,32,0.04,False,20,20,False,9,False,0.5019358121642906,0.2305751670956352,0.4948417944683423,31.367645799764436,50.99038543121425,0.0,Robust-MTD,1483,32,case57
True,32,-0.04,False,20,20,False,0,False,0.518224292395821,0.37267054148893114,0.4948417944683423,36.27957285498269,57.86408924032003,0.0,Robust-MTD,1484,32,case57
True,32,-0.04,False,20,20,False,0,False,0.5355406059307508,0.3620655697762549,0.4948417944683423,29.476716712815687,42.1898285363568,0.0,Robust-MTD,1485,32,case57
True,32,-0.04,False,20,20,False,0,False,0.5240367952488061,0.36655623083243943,0.4948417944683423,31.215772789437324,44.4244687590981,0.0,Robust-MTD,1486,32,case57
True,32,-0.04,False,20,20,False,0,False,0.5581204702621235,0.33464639240837973,0.4948417944683423,31.08453340246342,42.136060114717125,0.0,Robust-MTD,1487,32,case57
True,32,-0.04,False,20,20,False,0,False,0.5397275647918326,0.3601844893537792,0.4948417944683423,31.45967704767827,45.3062062355457,0.0,Robust-MTD,1488,32,case57
True,32,0.04,False,20,20,False,0,False,0.49295672369192006,0.38407200314502765,0.4948417944683423,29.70515214256011,43.87395065277815,0.0,Robust-MTD,1489,32,case57
True,32,-0.04,False,20,20,False,0,False,0.5407759246012137,0.36059935883662153,0.4948417944683423,33.60404780250974,55.67195383191575,0.0,Robust-MTD,1490,32,case57
True,32,-0.04,False,20,20,False,0,False,0.582070691586964,0.3011109380286295,0.4948417944683423,30.848152106045745,42.955018469365314,0.0,Robust-MTD,1491,32,case57
True,32,0.04,False,20,20,False,0,False,0.5357912173162523,0.35866808654130033,0.4948417944683423,30.08016644162126,44.88731597084553,0.0,Robust-MTD,1492,32,case57
True,32,0.04,False,20,20,False,0,False,0.5559729711168704,0.3481923417220987,0.4948417944683423,30.573747839662246,48.95573818357662,0.0,Robust-MTD,1493,32,case57
True,32,0.04,False,20,20,False,0,False,0.5042247443664991,0.3483467445135484,0.4948417944683423,32.948012501583435,49.429833053727634,0.0,Robust-MTD,1494,32,case57
True,32,-0.04,False,20,20,False,0,False,0.5410466269245086,0.3450205491612915,0.4948417944683423,30.898668692680076,50.01726459886414,0.0,Robust-MTD,1495,32,case57
True,32,0.04,False,20,20,False,0,False,0.5199898188717326,0.3741430299820538,0.4948417944683423,30.41396645421628,43.64979136153124,0.0,Robust-MTD,1496,32,case57
True,32,-0.04,False,20,20,False,0,False,0.5397046941095716,0.3509511700849063,0.4948417944683423,33.33856880199164,53.09801219846122,0.0,Robust-MTD,1497,32,case57
True,32,-0.04,False,20,20,False,0,False,0.530125630720955,0.36871030073043787,0.4948417944683423,30.119689652929083,43.795141667942524,0.0,Robust-MTD,1498,32,case57
True,32,-0.04,False,20,20,False,0,False,0.626179532773838,0.21009000077518056,0.4948417944683423,32.18065195251256,46.10201487375891,0.0,Robust-MTD,1499,32,case57
True,35,0.04,True,1,1,False,35,True,2.3132019936872734e-08,0.0008683598855103359,0.4948417944683423,40.33108120493125,75.30922737787478,0.0,Robust-MTD,1500,35,case57
True,35,0.04,True,1,1,False,35,True,5.299255343264041e-07,0.000868359891390045,0.4948417944683423,33.9054041513009,52.47308059188072,0.0,Robust-MTD,1501,35,case57
True,35,-0.04,True,1,1,False,35,True,3.87370103731339e-10,0.0008683598852915009,0.4948417944683423,33.09977715543937,51.56085385533516,0.0,Robust-MTD,1502,35,case57
True,35,0.04,True,1,1,False,35,True,2.506525124083373e-08,0.0008683598855299472,0.4948417944683423,40.48805225174874,120.29986037523487,0.0,Robust-MTD,1503,35,case57
True,35,-0.04,True,1,1,False,35,True,8.288030677732057e-10,0.0008683598852950396,0.4948417944683423,39.753766599460505,86.92710772156715,0.0,Robust-MTD,1504,35,case57
True,35,0.04,True,1,1,False,35,True,6.517258315573708e-10,0.0008683598852935783,0.4948417944683423,27.663137434865348,42.39807673729956,0.0,Robust-MTD,1505,35,case57
True,35,0.04,True,1,1,False,35,True,1.6234613637589976e-06,0.0008683599054059363,0.4948417944683423,32.63498740270734,50.93785002536607,0.0,Robust-MTD,1506,35,case57
True,35,0.04,True,1,1,False,35,True,0.0002905954327464377,0.0008683655039763556,0.4948417944683423,33.90347704698797,48.299810083699434,0.0,Robust-MTD,1507,35,case57
True,35,0.04,True,1,1,False,35,True,1.4756398771102718e-08,0.0008683598854265326,0.4948417944683423,27.40303334139753,33.92602083040402,0.0,Robust-MTD,1508,35,case57
True,35,-0.04,True,1,1,False,35,True,9.925722623922982e-06,0.0008683600256828918,0.4948417944683423,32.071070704841986,51.52379932696932,0.0,Robust-MTD,1509,35,case57
True,35,-0.04,True,1,1,False,35,True,2.0545576127474182e-08,0.0008683598854842423,0.4948417944683423,30.828616704093292,43.48259824619163,0.0,Robust-MTD,1510,35,case57
True,35,0.04,True,1,1,False,35,True,3.8671808797199303e-10,0.0008683598852914962,0.4948417944683423,32.53532095113769,42.56830767844804,0.0,Robust-MTD,1511,35,case57
True,35,-0.04,True,1,1,False,35,True,2.2578974315781954e-09,0.0008683598853074473,0.4948417944683423,31.884920847369358,63.98414197610691,0.0,Robust-MTD,1512,35,case57
True,35,0.04,True,1,1,False,35,True,5.69244341051355e-09,0.0008683598853389684,0.4948417944683423,31.63544789713342,49.35850001638757,0.0,Robust-MTD,1513,35,case57
True,35,0.04,True,1,1,False,35,True,6.838550142306182e-08,0.0008683598859853067,0.4948417944683423,31.81706674804445,54.34418161457871,0.0,Robust-MTD,1514,35,case57
True,35,0.04,True,1,1,False,35,True,3.031297284225597e-08,0.0008683598855835932,0.4948417944683423,31.789389654295523,48.42268094071188,0.0,Robust-MTD,1515,35,case57
True,35,0.04,True,1,1,False,35,True,4.168945185648729e-10,0.0008683598852917177,0.4948417944683423,35.572827147552744,64.62101603101473,0.0,Robust-MTD,1516,35,case57
True,35,-0.04,True,1,1,False,35,True,9.262303473768816e-10,0.0008683598852958556,0.4948417944683423,32.71528760087676,45.91855832841247,0.0,Robust-MTD,1517,35,case57
True,35,0.04,True,1,1,False,35,True,1.7404182602933714e-05,0.0008683601428333467,0.4948417944683423,33.96526659489609,60.43258539284581,0.0,Robust-MTD,1518,35,case57
True,35,0.04,True,1,1,False,35,True,1.665678331306057e-05,0.0008683601308852624,0.4948417944683423,32.143981303670444,65.30013682204299,0.0,Robust-MTD,1519,35,case57
True,35,-0.04,True,1,1,False,35,True,1.1107019935080465e-06,0.0008683598987049691,0.4948417944683423,34.294570749625564,77.24804644240066,0.0,Robust-MTD,1520,35,case57
True,35,-0.04,True,1,1,False,35,True,3.1486936381699072e-06,0.0008683599261540639,0.4948417944683423,31.907147853053175,54.21198300318793,0.0,Robust-MTD,1521,35,case57
True,35,0.04,True,1,1,False,35,True,3.8671808797188606e-10,0.0008683598852914962,0.4948417944683423,28.155672957655042,37.992266364744864,0.0,Robust-MTD,1522,35,case57
True,35,-0.04,True,1,1,False,35,True,2.1669429088973605e-07,0.0008683598876499328,0.4948417944683423,31.85203334141988,52.836652391124524,0.0,Robust-MTD,1523,35,case57
True,35,-0.04,True,1,1,False,35,True,6.363310832045118e-09,0.0008683598853452775,0.4948417944683423,28.41438959876541,38.97435353428591,0.0,Robust-MTD,1524,35,case57
True,35,0.04,True,1,1,False,35,True,1.256489353663093e-09,0.0008683598852986659,0.4948417944683423,30.69463535794057,44.8714045342058,0.0,Robust-MTD,1525,35,case57
True,35,-0.04,True,1,1,False,35,True,6.535424329820702e-07,0.0008683598929144524,0.4948417944683423,32.434304198250175,47.98599520872813,0.0,Robust-MTD,1526,35,case57
True,35,0.04,True,1,1,False,35,True,6.390340065630992e-10,0.0008683598852934749,0.4948417944683423,34.27278544404544,50.277871152502485,0.0,Robust-MTD,1527,35,case57
True,35,0.04,True,1,1,False,35,True,4.0129703421068695e-09,0.0008683598853233621,0.4948417944683423,42.45923944981769,82.18693479429935,0.0,Robust-MTD,1528,35,case57
True,35,-0.04,True,1,1,False,35,True,2.207282024501684e-07,0.000868359887696555,0.4948417944683423,36.168043708312325,64.460839581443,0.0,Robust-MTD,1529,35,case57
True,35,0.04,True,1,1,False,35,True,1.0016072446247465e-07,0.0008683598863316078,0.4948417944683423,38.935220905113965,74.1196496965131,0.0,Robust-MTD,1530,35,case57
True,35,0.04,True,1,1,False,35,True,1.4495139397584347e-06,0.000868359903112729,0.4948417944683423,31.836783251492307,44.226257724221796,0.0,Robust-MTD,1531,35,case57
True,35,0.04,True,1,1,False,35,True,1.8272474310557446e-08,0.0008683598854614591,0.4948417944683423,33.473345803213306,46.93692498258315,0.0,Robust-MTD,1532,35,case57
True,35,0.04,True,1,1,False,35,True,3.766033389189699e-09,0.0008683598853210944,0.4948417944683423,31.658837498980574,43.10472526703964,0.0,Robust-MTD,1533,35,case57
True,35,-0.04,True,1,1,False,35,True,4.377161055039613e-10,0.0008683598852918757,0.4948417944683423,33.029891696060076,46.68565026368015,0.0,Robust-MTD,1534,35,case57
True,35,-0.04,True,1,1,False,35,True,2.263236572757131e-09,0.0008683598853074949,0.4948417944683423,31.698358251014724,43.3618538780138,0.0,Robust-MTD,1535,35,case57
True,35,0.04,True,1,1,False,35,True,8.098675563609612e-07,0.0008683598948702394,0.4948417944683423,33.14387069258373,52.28339376044461,0.0,Robust-MTD,1536,35,case57
True,35,-0.04,True,1,1,False,35,True,3.8671808797197436e-10,0.0008683598852914962,0.4948417944683423,36.28226655710023,78.4014062199276,0.0,Robust-MTD,1537,35,case57
True,35,0.04,True,1,1,False,35,True,0.000844868336525708,0.0008683784217281071,0.4948417944683423,32.749512494774535,53.35888780828101,0.0,Robust-MTD,1538,35,case57
True,35,0.04,True,1,1,False,35,True,0.00038180668955879266,0.0008683674974609784,0.4948417944683423,32.97374175454024,43.650145185529276,0.0,Robust-MTD,1539,35,case57
True,35,0.04,True,1,1,False,35,True,0.00021960024561364484,0.000868364004058987,0.4948417944683423,34.217427199473605,58.28954614989926,0.0,Robust-MTD,1540,35,case57
True,35,-0.04,True,1,1,False,35,True,5.771643280756173e-06,0.0008683599635982866,0.4948417944683423,30.539316541398875,50.72924194391817,0.0,Robust-MTD,1541,35,case57
True,35,-0.04,True,1,1,False,35,True,1.2390401415299093e-09,0.0008683598852985159,0.4948417944683423,37.96823745360598,64.78511665191041,0.0,Robust-MTD,1542,35,case57
True,35,-0.04,True,1,1,False,35,True,2.6262191185765034e-08,0.0008683598855421319,0.4948417944683423,35.20165630325209,53.500516698113664,0.0,Robust-MTD,1543,35,case57
True,35,-0.04,True,1,1,False,35,True,3.8671808797207145e-10,0.0008683598852914962,0.4948417944683423,33.14963325683493,49.43978779483587,0.0,Robust-MTD,1544,35,case57
True,35,0.04,True,1,1,False,35,True,1.6151657806606408e-09,0.0008683598853017745,0.4948417944683423,35.09544790140353,51.26812883827371,0.0,Robust-MTD,1545,35,case57
True,35,0.04,True,1,1,False,35,True,7.804049097599023e-10,0.0008683598852946372,0.4948417944683423,30.50196874246467,44.828627104288906,0.0,Robust-MTD,1546,35,case57
True,35,-0.04,True,1,1,False,35,True,1.5121180297430912e-08,0.0008683598854301366,0.4948417944683423,33.250248050899245,52.847481562639594,0.0,Robust-MTD,1547,35,case57
True,35,-0.04,True,1,1,False,35,True,0.0002556257688178611,0.0008683647588708263,0.4948417944683423,36.7650042520836,52.53277700685432,0.0,Robust-MTD,1548,35,case57
True,35,-0.04,True,1,1,False,35,True,0.000630492888226951,0.0008683732227803745,0.4948417944683423,37.06297080498189,48.78609201114159,0.0,Robust-MTD,1549,35,case57
True,35,-0.04,True,1,1,False,35,True,1.0752118657400741e-07,0.000868359886412859,0.4948417944683423,30.16678545391187,40.31330182915556,0.0,Robust-MTD,1550,35,case57
True,35,-0.04,True,1,1,False,35,True,4.4263546444846714e-10,0.0008683598852919132,0.4948417944683423,29.3731667479733,44.83187707082834,0.0,Robust-MTD,1551,35,case57
True,35,-0.04,True,1,1,False,35,True,4.1105368682243576e-10,0.0008683598852916742,0.4948417944683423,32.757043655146845,56.50609340227675,0.0,Robust-MTD,1552,35,case57
True,35,-0.04,True,1,1,False,35,True,5.025619722221319e-10,0.0008683598852923798,0.4948417944683423,28.695060400059447,41.23606458888391,0.0,Robust-MTD,1553,35,case57
True,35,-0.04,True,1,1,False,35,True,2.3747070189484345e-07,0.0008683598878906236,0.4948417944683423,29.092602099990472,43.28584760660306,0.0,Robust-MTD,1554,35,case57
True,35,0.04,True,1,1,False,35,True,5.7485353933603776e-08,0.0008683598858685112,0.4948417944683423,31.098133290652186,45.14330345264171,0.0,Robust-MTD,1555,35,case57
True,35,0.04,True,1,1,False,35,True,0.0004332346730855864,0.0008683686494687212,0.4948417944683423,33.472987555433065,49.32806035794784,0.0,Robust-MTD,1556,35,case57
True,35,0.04,True,1,1,False,35,True,3.151645827589853e-08,0.0008683598855959735,0.4948417944683423,34.12675419822335,63.65314344875514,0.0,Robust-MTD,1557,35,case57
True,35,0.04,True,1,1,False,35,True,3.2057984812730873e-09,0.0008683598853159808,0.4948417944683423,32.110598048893735,42.83977329032497,0.0,Robust-MTD,1558,35,case57
True,35,0.04,True,1,1,False,35,True,2.6691548340831106e-08,0.0008683598855465105,0.4948417944683423,31.568674894515425,43.60445239581169,0.0,Robust-MTD,1559,35,case57
True,35,-0.04,True,1,1,False,35,True,1.7409999621361697e-06,0.0008683599069657591,0.4948417944683423,29.941802145913243,38.722545822383836,0.0,Robust-MTD,1560,35,case57
True,35,-0.04,True,1,1,False,35,True,4.143887554948213e-10,0.0008683598852916991,0.4948417944683423,31.73139170685317,48.32710835325999,0.0,Robust-MTD,1561,35,case57
True,35,0.04,True,1,1,False,35,True,5.688963498540498e-10,0.0008683598852929079,0.4948417944683423,37.06988119229209,63.76291039050558,0.0,Robust-MTD,1562,35,case57
True,35,0.04,True,1,1,False,35,True,8.671755870989481e-06,0.0008683600066600902,0.4948417944683423,36.971108394209296,63.90561841253657,0.0,Robust-MTD,1563,35,case57
True,35,0.04,True,1,1,False,35,True,6.46588157160356e-08,0.0008683598859452429,0.4948417944683423,38.02197714394424,53.578310724697076,0.0,Robust-MTD,1564,35,case57
True,35,0.04,True,1,1,False,35,True,4.06098252251736e-10,0.0008683598852916371,0.4948417944683423,30.494087655097246,42.649944030563354,0.0,Robust-MTD,1565,35,case57
True,35,-0.04,True,1,1,False,35,True,5.111559635096678e-10,0.0008683598852924477,0.4948417944683423,36.05112288787495,54.23579342896121,0.0,Robust-MTD,1566,35,case57
True,35,-0.04,True,1,1,False,35,True,0.00034266802307574755,0.0008683666337898756,0.4948417944683423,33.84611869696528,52.238439916982315,0.0,Robust-MTD,1567,35,case57
True,35,0.04,True,1,1,False,35,True,3.867180879720779e-10,0.0008683598852914962,0.4948417944683423,32.13304996024817,53.983727045124404,0.0,Robust-MTD,1568,35,case57
True,35,0.04,True,1,1,False,35,True,7.922379317602154e-06,0.0008683599953995795,0.4948417944683423,28.497502155369148,39.684250656864606,0.0,Robust-MTD,1569,35,case57
True,35,-0.04,True,1,1,False,35,True,5.039239037171913e-10,0.0008683598852923905,0.4948417944683423,31.779695895966146,45.28485625633041,0.0,Robust-MTD,1570,35,case57
True,35,-0.04,True,1,1,False,35,True,7.858780909277564e-06,0.000868359994447876,0.4948417944683423,33.68755614501424,62.21228782378603,0.0,Robust-MTD,1571,35,case57
True,35,0.04,True,1,1,False,35,True,2.7032705099539665e-07,0.0008683598882739579,0.4948417944683423,27.68150208867155,37.411012887605466,0.0,Robust-MTD,1572,35,case57
True,35,-0.04,True,1,1,False,35,True,6.998756569268625e-10,0.0008683598852939723,0.4948417944683423,36.94574365217704,68.26779170369265,0.0,Robust-MTD,1573,35,case57
True,35,0.04,True,1,1,False,35,True,1.2032795015121924e-06,0.0008683598999009112,0.4948417944683423,30.50192910595797,51.98714761063457,0.0,Robust-MTD,1574,35,case57
True,35,-0.04,True,1,1,False,35,True,3.9180621262548583e-10,0.0008683598852915324,0.4948417944683423,29.87017490377184,41.12071875133552,0.0,Robust-MTD,1575,35,case57
True,35,-0.04,True,1,1,False,35,True,0.0005195951728926454,0.0008683706235220058,0.4948417944683423,37.05576665524859,74.9965541443089,0.0,Robust-MTD,1576,35,case57
True,35,0.04,True,1,1,False,35,True,2.906076014119004e-09,0.0008683598853132647,0.4948417944683423,32.008249903446995,57.737074969918474,0.0,Robust-MTD,1577,35,case57
True,35,0.04,True,1,1,False,35,True,2.328860715876246e-06,0.0008683599148753472,0.4948417944683423,27.74111660255585,39.3340621580137,0.0,Robust-MTD,1578,35,case57
True,35,-0.04,True,1,1,False,35,True,1.351562947723703e-05,0.0008683600812120387,0.4948417944683423,32.30351460224483,66.96016038476955,0.0,Robust-MTD,1579,35,case57
True,35,-0.04,True,1,1,False,35,True,5.773301507323922e-09,0.0008683598853397267,0.4948417944683423,31.022381194634363,41.24803367303685,0.0,Robust-MTD,1580,35,case57
True,35,-0.04,True,1,1,False,35,True,2.8894415669254296e-07,0.000868359888492514,0.4948417944683423,32.81546240032185,45.51836939062924,0.0,Robust-MTD,1581,35,case57
True,35,0.04,True,1,1,False,35,True,3.4377842484583646e-08,0.0008683598856255145,0.4948417944683423,30.086404347093776,41.471960401395336,0.0,Robust-MTD,1582,35,case57
True,35,-0.04,True,1,1,False,35,True,5.896300903180482e-10,0.0008683598852930747,0.4948417944683423,35.70157710055355,47.87883395620162,0.0,Robust-MTD,1583,35,case57
True,35,0.04,True,1,1,False,35,True,1.0197119913055743e-05,0.0008683600298277194,0.4948417944683423,32.383476992254145,41.999071161262705,0.0,Robust-MTD,1584,35,case57
True,35,0.04,True,1,1,False,35,True,3.8737327499344386e-10,0.0008683598852915008,0.4948417944683423,30.490727088181302,40.177214544382885,0.0,Robust-MTD,1585,35,case57
True,35,-0.04,True,1,1,False,35,True,4.6229174022839523e-10,0.0008683598852920649,0.4948417944683423,36.78435620095115,67.19729136093521,0.0,Robust-MTD,1586,35,case57
True,35,0.04,True,1,1,False,35,True,6.93708588632185e-08,0.0008683598859959215,0.4948417944683423,30.113902004086412,50.281604193151004,0.0,Robust-MTD,1587,35,case57
True,35,-0.04,True,1,1,False,35,True,1.317938540900798e-07,0.0008683598866830876,0.4948417944683423,29.355956194922328,39.459930922021165,0.0,Robust-MTD,1588,35,case57
True,35,-0.04,True,1,1,False,35,True,4.237454490400906e-07,0.0008683598900994817,0.4948417944683423,31.816227093804628,43.20241488749163,0.0,Robust-MTD,1589,35,case57
True,35,-0.04,True,1,1,False,35,True,3.8671808797192137e-10,0.0008683598852914962,0.4948417944683423,37.221981200855225,70.87339997233357,0.0,Robust-MTD,1590,35,case57
True,35,0.04,True,1,1,False,35,True,5.121907209969051e-09,0.0008683598853336342,0.4948417944683423,32.04258970799856,45.58728814008648,0.0,Robust-MTD,1591,35,case57
True,35,-0.04,True,1,1,False,35,True,3.916566310456789e-10,0.0008683598852915316,0.4948417944683423,31.06568959192373,46.95772706763821,0.0,Robust-MTD,1592,35,case57
True,35,-0.04,True,1,1,False,35,True,4.121619999256114e-09,0.0008683598853243622,0.4948417944683423,29.00586044997908,45.151606248691685,0.0,Robust-MTD,1593,35,case57
True,35,-0.04,True,1,1,False,35,True,1.5959349128639746e-09,0.0008683598853016067,0.4948417944683423,31.26773335388862,44.857429171679556,0.0,Robust-MTD,1594,35,case57
True,35,-0.04,True,1,1,False,35,True,2.629535230574501e-08,0.0008683598855424699,0.4948417944683423,31.761581150931306,41.422322634025484,0.0,Robust-MTD,1595,35,case57
True,35,-0.04,True,1,1,False,35,True,5.838128615973056e-07,0.0008683598920519102,0.4948417944683423,33.84516039513983,51.72059167816769,0.0,Robust-MTD,1596,35,case57
True,35,0.04,True,1,1,False,35,True,9.31265121677612e-10,0.0008683598852958979,0.4948417944683423,31.481739596347328,44.219869078369825,0.0,Robust-MTD,1597,35,case57
True,35,-0.04,True,1,1,False,35,True,0.00039620084628011145,0.0008683678179989954,0.4948417944683423,32.36128549615387,47.6399951701751,0.0,Robust-MTD,1598,35,case57
True,35,-0.04,True,1,1,False,35,True,9.506972014073965e-08,0.000868359886275617,0.4948417944683423,32.25141050352249,69.37227741582319,0.0,Robust-MTD,1599,35,case57
True,37,0.04,True,1,1,False,44,False,0.0743462361629844,0.003705940392429736,0.4948417944683423,30.089950002729893,47.64319825626445,0.0,Robust-MTD,1600,37,case57
True,37,0.04,True,1,1,False,44,False,0.09154590543200317,0.0036557283868402135,0.4948417944683423,30.71338334993925,44.77989579318092,0.0,Robust-MTD,1601,37,case57
True,37,-0.04,True,1,1,False,44,False,0.08793547259767003,0.0036666700304526768,0.4948417944683423,32.56551880040206,64.48358192865273,0.0,Robust-MTD,1602,37,case57
True,37,0.04,True,1,1,False,44,False,0.1221140875514876,0.0035540743976155294,0.4948417944683423,33.424866493442096,57.75269762380049,0.0,Robust-MTD,1603,37,case57
True,37,0.04,True,1,1,False,44,False,0.044930537837488835,0.00378074405771906,0.4948417944683423,31.287770808557976,73.38744105363732,0.0,Robust-MTD,1604,37,case57
True,37,-0.04,True,1,1,False,44,False,0.1314888427272726,0.0035194338498746904,0.4948417944683423,26.771512601408176,35.03346697834786,0.0,Robust-MTD,1605,37,case57
True,37,0.04,True,1,1,False,44,False,0.16944835286958335,0.0033592395035340916,0.4948417944683423,34.39540415420197,62.60500414064155,0.0,Robust-MTD,1606,37,case57
True,37,0.04,True,1,1,False,44,False,0.134586050940652,0.0035076004265367504,0.4948417944683423,30.7972376991529,52.78577533608769,0.0,Robust-MTD,1607,37,case57
True,37,-0.04,True,1,1,False,44,False,0.07154750515533455,0.0037136575387921493,0.4948417944683423,32.212425002944656,50.80625598784537,0.0,Robust-MTD,1608,37,case57
True,37,0.04,True,1,1,False,44,False,0.07832023748683396,0.003694766094337577,0.4948417944683423,31.99739374977071,53.915760724339634,0.0,Robust-MTD,1609,37,case57
True,37,-0.04,True,1,1,False,44,False,0.17439739015875458,0.003335586880041577,0.4948417944683423,30.136579254758544,43.98659971193411,0.0,Robust-MTD,1610,37,case57
True,37,-0.04,True,1,1,False,44,False,0.22121395701795238,0.003064506594185696,0.4948417944683423,34.07797505497001,66.40542979876047,0.0,Robust-MTD,1611,37,case57
True,37,-0.04,True,1,1,False,44,False,0.11991492351876429,0.0035619524321245915,0.4948417944683423,36.32272304967046,67.65700688411017,0.0,Robust-MTD,1612,37,case57
True,37,0.04,True,1,1,False,44,False,0.17672941610789017,0.0033241815567046223,0.4948417944683423,36.56184165447485,53.27668302052192,0.0,Robust-MTD,1613,37,case57
True,37,-0.04,True,1,1,False,44,False,0.23959160449079858,0.00291984319807673,0.4948417944683423,31.0748417978175,41.82878961146345,0.0,Robust-MTD,1614,37,case57
True,37,0.04,True,1,1,False,44,False,0.06694813279605424,0.0037260668182405986,0.4948417944683423,29.833168745972216,49.77753333223519,0.0,Robust-MTD,1615,37,case57
True,37,-0.04,True,0,0,False,44,False,0.06457967464660405,0.0037323247593401662,0.4948417944683423,27.32993130630348,34.04866700584535,0.0,Robust-MTD,1616,37,case57
True,37,0.04,True,1,1,False,44,False,0.057907997931232545,0.0037494684852550164,0.4948417944683423,27.084952197037637,38.76627499121242,0.0,Robust-MTD,1617,37,case57
True,37,-0.04,True,1,1,False,44,False,0.10158282754030759,0.0036241615779594094,0.4948417944683423,30.447825047303922,41.290281212423004,0.0,Robust-MTD,1618,37,case57
True,37,0.04,True,1,1,False,44,False,0.08594038883247089,0.0036726239220792635,0.4948417944683423,30.59117910452187,55.08718122146092,0.0,Robust-MTD,1619,37,case57
True,37,-0.04,True,1,1,False,44,False,0.09935195607735015,0.0036313258557048697,0.4948417944683423,26.580879098037258,33.093127026222646,0.0,Robust-MTD,1620,37,case57
True,37,0.04,True,1,1,False,44,False,0.2543715230989444,0.002768192611820759,0.4948417944683423,31.684212558320727,44.970188121078536,0.0,Robust-MTD,1621,37,case57
True,37,-0.04,True,0,0,False,44,False,0.05304402768769473,0.0037615141171626703,0.4948417944683423,29.917501859017648,52.66422435233836,0.0,Robust-MTD,1622,37,case57
True,37,0.04,True,1,1,False,44,False,0.09494642790255726,0.003645224328786658,0.4948417944683423,31.782756251050163,49.26527946372517,0.0,Robust-MTD,1623,37,case57
True,37,-0.04,True,1,1,False,44,False,0.1336484545100134,0.0035112036205262476,0.4948417944683423,31.343833403661847,44.870065239956624,0.0,Robust-MTD,1624,37,case57
True,37,0.04,True,1,1,False,44,False,0.09390510670347985,0.0036484615101169617,0.4948417944683423,36.57492300553713,60.404827105230666,0.0,Robust-MTD,1625,37,case57
True,37,0.04,True,1,1,False,44,False,0.2085070168044933,0.0031486191566141727,0.4948417944683423,32.974012644262984,45.60384822252675,0.0,Robust-MTD,1626,37,case57
True,37,0.04,True,1,1,False,44,False,0.16586585260640083,0.0033759133881293294,0.4948417944683423,34.39579999248963,48.0574788118247,0.0,Robust-MTD,1627,37,case57
True,37,-0.04,True,1,1,False,44,False,0.1227867207339784,0.0035516463533301025,0.4948417944683423,33.48235409357585,55.36780835536775,0.0,Robust-MTD,1628,37,case57
True,37,0.04,True,1,1,False,44,False,0.05221705155942419,0.0037635238293006546,0.4948417944683423,33.4415063058259,52.962841716362185,0.0,Robust-MTD,1629,37,case57
True,37,0.04,True,1,1,False,44,False,0.07073645348425159,0.003715870414951704,0.4948417944683423,36.98675834748428,59.68608359689826,0.0,Robust-MTD,1630,37,case57
True,37,-0.04,True,1,1,False,44,False,0.12600332573412332,0.003539913977241885,0.4948417944683423,33.90562935383059,47.81477296783125,0.0,Robust-MTD,1631,37,case57
True,37,0.04,True,1,1,False,44,False,0.24100570569960858,0.002907116488507534,0.4948417944683423,34.74727484281175,62.52985589671882,0.0,Robust-MTD,1632,37,case57
True,37,0.04,True,1,1,False,44,False,0.15122009324871868,0.0034404916042611263,0.4948417944683423,33.683941650087945,48.75001632026399,0.0,Robust-MTD,1633,37,case57
True,37,0.04,True,1,1,False,44,False,0.1346703207226908,0.0035072756791400257,0.4948417944683423,30.780974990921095,50.79009373730514,0.0,Robust-MTD,1634,37,case57
True,37,0.04,True,1,1,False,44,False,0.06903995509265497,0.0037204650408884715,0.4948417944683423,31.893012547516268,46.12038962659427,0.0,Robust-MTD,1635,37,case57
True,37,0.04,True,1,1,False,44,False,0.13627673870550333,0.003501056587126602,0.4948417944683423,33.62774995621294,65.75904519995674,0.0,Robust-MTD,1636,37,case57
True,37,0.04,True,1,1,False,44,False,0.2541771926862254,0.002770536711637988,0.4948417944683423,28.321385354502127,39.30488921178039,0.0,Robust-MTD,1637,37,case57
True,37,0.04,True,1,1,False,44,False,0.10220787827848825,0.0036221388927958485,0.4948417944683423,31.525977145065553,62.40947672922631,0.0,Robust-MTD,1638,37,case57
True,37,-0.04,True,1,1,False,44,False,0.10124530090390653,0.003625251018850086,0.4948417944683423,29.425383350462653,39.21685655368493,0.0,Robust-MTD,1639,37,case57
True,37,0.04,True,1,1,False,44,False,0.22299244826939177,0.0030518633295101836,0.4948417944683423,28.93052929721307,40.32547142705882,0.0,Robust-MTD,1640,37,case57
True,37,0.04,True,1,1,False,44,False,0.15015393894915302,0.0034449821946439486,0.4948417944683423,30.940899907727726,40.54609018494378,0.0,Robust-MTD,1641,37,case57
True,37,-0.04,True,1,1,False,44,False,0.08459537559263934,0.003676600952338366,0.4948417944683423,32.48146035184618,62.19516310084146,0.0,Robust-MTD,1642,37,case57
True,37,-0.04,True,1,1,False,44,False,0.23912988015145348,0.002923937004580848,0.4948417944683423,32.18872720026411,49.78750805021265,0.0,Robust-MTD,1643,37,case57
True,37,0.04,True,1,1,False,44,False,0.08445961837039873,0.0036770007237572587,0.4948417944683423,30.529989648493938,42.3487082734937,0.0,Robust-MTD,1644,37,case57
True,37,0.04,True,1,1,False,44,False,0.12130929263580996,0.0035569681065776466,0.4948417944683423,29.431993601610884,39.09311808820348,0.0,Robust-MTD,1645,37,case57
True,37,-0.04,True,1,1,False,44,False,0.0905536513405992,0.003658757016230481,0.4948417944683423,36.086625256575644,84.61629797238857,0.0,Robust-MTD,1646,37,case57
True,37,-0.04,True,0,0,False,44,False,0.1813098223558164,0.003301269726622711,0.4948417944683423,36.37471470574383,78.97964377480096,0.0,Robust-MTD,1647,37,case57
True,37,-0.04,True,1,1,False,44,False,0.10193545631756003,0.0036230212900452605,0.4948417944683423,35.23657295445446,77.79257502697875,0.0,Robust-MTD,1648,37,case57
True,37,0.04,True,1,1,False,44,False,0.1316843308600254,0.003518692792829385,0.4948417944683423,28.351206198567525,36.58507085056046,0.0,Robust-MTD,1649,37,case57
True,37,-0.04,True,1,1,False,44,False,0.1403890768607425,0.003484885616371096,0.4948417944683423,41.47301270859316,80.90836077753922,0.0,Robust-MTD,1650,37,case57
True,37,-0.04,True,1,1,False,44,False,0.17865065032151997,0.003314655175118964,0.4948417944683423,37.920281404512934,69.53755981230643,0.0,Robust-MTD,1651,37,case57
True,37,-0.04,True,1,1,False,44,False,0.17811545115874688,0.00331732095131446,0.4948417944683423,31.28228959103581,42.16366665204989,0.0,Robust-MTD,1652,37,case57
True,37,0.04,True,1,1,False,44,False,0.1020778435015174,0.0036225602463940882,0.4948417944683423,37.40824789565522,51.39903685776521,0.0,Robust-MTD,1653,37,case57
True,37,0.04,True,1,1,False,44,False,0.14877297479254975,0.0034507586047771745,0.4948417944683423,35.33311674837023,57.52007291885094,0.0,Robust-MTD,1654,37,case57
True,37,-0.04,True,1,1,False,44,False,0.15548285547654253,0.003422261475330224,0.4948417944683423,29.944175004493445,38.17947291536257,0.0,Robust-MTD,1655,37,case57
True,37,-0.04,True,1,1,False,44,False,0.05036717035312602,0.003767978831024991,0.4948417944683423,35.85187704884447,46.26144616049715,0.0,Robust-MTD,1656,37,case57
True,37,-0.04,True,1,1,False,44,False,0.12513982195925302,0.0035430833687414474,0.4948417944683423,33.528756350278854,46.892801814829,0.0,Robust-MTD,1657,37,case57
True,37,0.04,True,1,1,False,44,False,0.05052396398644176,0.0037676034111398977,0.4948417944683423,38.093141847639345,55.90216727287048,0.0,Robust-MTD,1658,37,case57
True,37,-0.04,True,1,1,False,44,False,0.14745514894328404,0.003456229147664155,0.4948417944683423,33.416431248770095,56.99560417269823,0.0,Robust-MTD,1659,37,case57
True,37,0.04,True,1,1,False,44,False,0.09171566228683756,0.0036552086010654887,0.4948417944683423,32.91754590172786,51.69210415042472,0.0,Robust-MTD,1660,37,case57
True,37,-0.04,True,1,1,False,44,False,0.06475953005506806,0.003731852700462945,0.4948417944683423,35.98469370335806,57.57304967846722,0.0,Robust-MTD,1661,37,case57
True,37,0.04,True,1,1,False,44,False,0.10456929585750872,0.003614436060395747,0.4948417944683423,35.21819770394359,54.89104342705105,0.0,Robust-MTD,1662,37,case57
True,37,0.04,True,1,1,False,44,False,0.15391832467137515,0.0034290041765273676,0.4948417944683423,29.1894375521224,40.87158160109539,0.0,Robust-MTD,1663,37,case57
True,37,0.04,True,1,1,False,44,False,0.11271146649460514,0.0035871219602676852,0.4948417944683423,33.31397089641541,45.695854516816325,0.0,Robust-MTD,1664,37,case57
True,37,-0.04,True,1,1,False,44,False,0.12451962137425877,0.003545350737970913,0.4948417944683423,33.78571055363864,54.61771039408633,0.0,Robust-MTD,1665,37,case57
True,37,0.04,True,1,1,False,44,False,0.13087903757006775,0.0035217404908456686,0.4948417944683423,29.805189691251144,44.54843954881653,0.0,Robust-MTD,1666,37,case57
True,37,-0.04,True,1,1,False,44,False,0.11216078056921736,0.003589006794888007,0.4948417944683423,35.69214784365613,57.19035447400529,0.0,Robust-MTD,1667,37,case57
True,37,0.04,True,1,1,False,44,False,0.11232469695010508,0.00358844633345888,0.4948417944683423,29.58441673836205,42.079189591459006,0.0,Robust-MTD,1668,37,case57
True,37,0.04,True,1,1,False,44,False,0.07994467230243986,0.0036901250275054804,0.4948417944683423,31.30896235234104,46.08117433381267,0.0,Robust-MTD,1669,37,case57
True,37,0.04,True,1,1,False,44,False,0.08995261777559178,0.0036605835784376513,0.4948417944683423,31.568962498568,48.36988085589837,0.0,Robust-MTD,1670,37,case57
True,37,0.04,True,1,1,False,44,False,0.11047816290865735,0.0035947318784333017,0.4948417944683423,27.3407604516251,37.4923663737718,0.0,Robust-MTD,1671,37,case57
True,37,-0.04,True,1,1,False,44,False,0.21695934350503768,0.0030938229740923367,0.4948417944683423,31.120695755816996,40.98519344988745,0.0,Robust-MTD,1672,37,case57
True,37,0.04,True,1,1,False,44,False,0.08511894826851164,0.0036750563371136225,0.4948417944683423,29.811725043691695,39.5674556522863,0.0,Robust-MTD,1673,37,case57
True,37,0.04,True,1,1,False,44,False,0.106118961844627,0.003609328177014606,0.4948417944683423,32.220368745038286,62.649434778722934,0.0,Robust-MTD,1674,37,case57
True,37,-0.04,True,1,1,False,44,False,0.11582293994001612,0.003576368190421325,0.4948417944683423,34.58113139786292,54.73878809425516,0.0,Robust-MTD,1675,37,case57
True,37,0.04,True,1,1,False,44,False,0.09449158711578065,0.003646640546485941,0.4948417944683423,37.100545995053835,55.33785622392316,0.0,Robust-MTD,1676,37,case57
True,37,0.04,True,1,1,False,44,False,0.064729459224688,0.0037319316622116635,0.4948417944683423,39.442458254052326,84.08578896778637,0.0,Robust-MTD,1677,37,case57
True,37,-0.04,True,1,1,False,44,False,0.11875858834543916,0.003566057935347803,0.4948417944683423,29.064476987696253,38.391110731754466,0.0,Robust-MTD,1678,37,case57
True,37,0.04,True,1,1,False,44,False,0.19824213580986266,0.0032099788354688877,0.4948417944683423,31.71131874260027,45.71985209186097,0.0,Robust-MTD,1679,37,case57
True,37,-0.04,True,1,1,False,44,False,0.08777618790498325,0.00366714778692121,0.4948417944683423,36.89474370330572,66.5039455256192,0.0,Robust-MTD,1680,37,case57
True,37,0.04,True,1,1,False,44,False,0.06896558320792674,0.003720665406670533,0.4948417944683423,36.83706869487651,59.04073569981849,0.0,Robust-MTD,1681,37,case57
True,37,0.04,True,1,1,False,44,False,0.10023538036759522,0.003628499033866243,0.4948417944683423,33.370064495829865,46.19229551171884,0.0,Robust-MTD,1682,37,case57
True,37,0.04,True,1,1,False,44,False,0.11510891335765709,0.003578851709408428,0.4948417944683423,36.08742495125625,53.75302673201078,0.0,Robust-MTD,1683,37,case57
True,37,0.04,True,1,1,False,44,False,0.06622496959552746,0.0037279870958378397,0.4948417944683423,32.95833960000891,60.407411865890026,0.0,Robust-MTD,1684,37,case57
True,37,0.04,True,1,1,False,44,False,0.14969789371015282,0.003446894765374541,0.4948417944683423,30.762489498010837,44.34136937197764,0.0,Robust-MTD,1685,37,case57
True,37,-0.04,True,1,1,False,44,False,0.05672492405146614,0.003752433681580231,0.4948417944683423,28.269135500886478,40.955139888683334,0.0,Robust-MTD,1686,37,case57
True,37,0.04,True,1,1,False,44,False,0.06306067560188917,0.0037362909153115307,0.4948417944683423,28.783377149375156,35.7061559625436,0.0,Robust-MTD,1687,37,case57
True,37,0.04,True,1,1,False,44,False,0.14224675794687647,0.0034774601683228274,0.4948417944683423,30.195141705917194,39.04827678343282,0.0,Robust-MTD,1688,37,case57
True,37,-0.04,True,1,1,False,44,False,0.18270637063619125,0.003294144342010774,0.4948417944683423,32.39782089658547,51.79305802448654,0.0,Robust-MTD,1689,37,case57
True,37,0.04,True,1,1,False,44,False,0.26633221422576936,0.0025834735756503557,0.4948417944683423,33.06537080788985,48.58021874388218,0.0,Robust-MTD,1690,37,case57
True,37,0.04,True,1,1,False,44,False,0.07026437549695985,0.003717153576929021,0.4948417944683423,31.46344375272747,42.93250420305413,0.0,Robust-MTD,1691,37,case57
True,37,-0.04,True,1,1,False,44,False,0.07083357752281834,0.0037156059774558696,0.4948417944683423,31.78632510825992,47.713864929392,0.0,Robust-MTD,1692,37,case57
True,37,0.04,True,1,1,False,44,False,0.1445202657431501,0.0034682682585240807,0.4948417944683423,33.10926464619115,57.51086251111702,0.0,Robust-MTD,1693,37,case57
True,37,-0.04,True,1,1,False,44,False,0.07145667737729641,0.0037139058782730463,0.4948417944683423,32.26060414745007,45.74245621915907,0.0,Robust-MTD,1694,37,case57
True,37,-0.04,True,1,1,False,44,False,0.22504682167590984,0.0030369516069564083,0.4948417944683423,31.857972958823666,47.50917442725042,0.0,Robust-MTD,1695,37,case57
True,37,-0.04,True,1,1,False,44,False,0.07518338408884394,0.003703607607000049,0.4948417944683423,35.35390634206124,47.09500411408954,0.0,Robust-MTD,1696,37,case57
True,37,-0.04,True,1,1,False,44,False,0.07351808610640281,0.0037082370171598027,0.4948417944683423,36.14886670548003,48.28988160006703,0.0,Robust-MTD,1697,37,case57
True,37,-0.04,True,1,1,False,44,False,0.10747418952325997,0.003604826523874428,0.4948417944683423,36.69408750429284,51.19594370771666,0.0,Robust-MTD,1698,37,case57
True,37,-0.04,True,1,1,False,44,False,0.12443598855875013,0.003545655914052962,0.4948417944683423,35.97951454576105,58.67822048021482,0.0,Robust-MTD,1699,37,case57
True,38,0.04,True,5,5,False,38,True,0.17144160096889555,0.01507532938542261,0.4948417944683423,28.97245420026593,35.58261036232581,0.0,Robust-MTD,1700,38,case57
True,38,-0.04,True,3,3,False,56,False,0.1714416026330875,0.015075329430739597,0.4948417944683423,30.583204198046587,43.982960746507175,0.0,Robust-MTD,1701,38,case57
True,38,0.04,True,7,7,False,38,True,0.17144160140595333,0.015075329386892098,0.4948417944683423,30.6118708482245,44.582839537179105,0.0,Robust-MTD,1702,38,case57
True,38,-0.04,False,20,20,False,38,True,0.1714416009440448,0.015075329385466211,0.4948417944683423,33.553931207279675,49.395343087962836,0.0,Robust-MTD,1703,38,case57
True,38,0.04,False,20,20,False,38,True,0.1714416009440448,0.015075329385466213,0.4948417944683423,35.19511885533575,50.118679780280225,0.0,Robust-MTD,1704,38,case57
True,38,-0.04,False,20,20,False,38,True,0.1714416011282219,0.015075329385067381,0.4948417944683423,33.97705009847414,52.3974211420864,0.0,Robust-MTD,1705,38,case57
True,38,0.04,False,20,20,False,38,True,0.17144160094404476,0.015075329385466213,0.4948417944683423,32.05540635390207,49.63943574693986,0.0,Robust-MTD,1706,38,case57
True,38,0.04,True,5,5,False,38,True,0.1714416009440448,0.015075329385466211,0.4948417944683423,34.58432279294357,53.77022914763076,0.0,Robust-MTD,1707,38,case57
True,38,-0.04,True,15,15,False,56,False,0.17144160094404476,0.015075329385466211,0.4948417944683423,38.022626942256466,53.08847916312523,0.0,Robust-MTD,1708,38,case57
True,38,0.04,True,1,1,False,56,False,0.17144160094404476,0.015075329385466215,0.4948417944683423,33.94996460119728,50.93152230547277,0.0,Robust-MTD,1709,38,case57
True,38,-0.04,False,20,20,False,38,True,0.1714416009440448,0.015075329385466211,0.4948417944683423,35.78476034745108,60.966587456641726,0.0,Robust-MTD,1710,38,case57
True,38,-0.04,True,19,19,False,56,False,0.17144160094404476,0.015075329385466215,0.4948417944683423,35.40206884499639,57.027873551123776,0.0,Robust-MTD,1711,38,case57
True,38,-0.04,False,20,20,False,38,True,0.1714416009440448,0.015075329385466213,0.4948417944683423,33.6978916922817,52.08513927063907,0.0,Robust-MTD,1712,38,case57
True,38,0.04,False,20,20,False,56,False,0.17144160094404476,0.015075329385466215,0.4948417944683423,32.01032709912397,47.57905239821412,0.0,Robust-MTD,1713,38,case57
True,38,0.04,False,20,20,False,38,True,0.1714416009509084,0.015075329385495538,0.4948417944683423,33.85620010958519,51.27708542568145,0.0,Robust-MTD,1714,38,case57
True,38,0.04,False,20,20,False,38,True,0.1714416009440448,0.015075329385466213,0.4948417944683423,29.532193698105402,49.02932022523602,0.0,Robust-MTD,1715,38,case57
True,38,-0.04,False,20,20,False,56,False,0.1714416009594946,0.015075329385440666,0.4948417944683423,36.57023324922193,62.13760685932358,0.0,Robust-MTD,1716,38,case57
True,38,0.04,True,1,1,False,38,True,0.17144160094404476,0.015075329385466213,0.4948417944683423,35.25638124556281,47.00661813258194,0.0,Robust-MTD,1717,38,case57
True,38,0.04,False,20,20,False,56,False,0.17144160094404476,0.015075329385466216,0.4948417944683423,37.516035450971685,55.97081876476295,0.0,Robust-MTD,1718,38,case57
True,38,-0.04,True,16,16,False,56,False,0.17144160094404476,0.015075329385466215,0.4948417944683423,35.759587452048436,56.469112494960434,0.0,Robust-MTD,1719,38,case57
True,38,-0.04,True,4,4,False,38,True,0.1714416009440448,0.015075329385466213,0.4948417944683423,30.55361245351378,41.31768572842703,0.0,Robust-MTD,1720,38,case57
True,38,0.04,False,20,20,False,56,False,0.17144160094404476,0.015075329385466215,0.4948417944683423,35.76467903912999,55.06197529612109,0.0,Robust-MTD,1721,38,case57
True,38,0.04,False,20,20,False,56,False,0.1714416023530817,0.015075329421927632,0.4948417944683423,37.24546253797598,59.70958782709205,0.0,Robust-MTD,1722,38,case57
True,38,-0.04,False,20,20,False,56,False,0.17144160094404476,0.015075329385466215,0.4948417944683423,34.090462399763055,47.49092915735673,0.0,Robust-MTD,1723,38,case57
True,38,0.04,False,20,20,False,38,True,0.1714416009440448,0.015075329385466211,0.4948417944683423,33.589535346254706,44.78975031233861,0.0,Robust-MTD,1724,38,case57
True,38,-0.04,False,20,20,False,38,True,0.17144160172707604,0.015075329392601007,0.4948417944683423,28.240452148020267,34.87084374646657,0.0,Robust-MTD,1725,38,case57
True,38,-0.04,True,17,17,False,38,True,0.1714416009440448,0.015075329385466213,0.4948417944683423,36.81586874881759,75.9975166845834,0.0,Robust-MTD,1726,38,case57
True,38,0.04,False,20,20,False,38,True,0.17144160094404476,0.015075329385466211,0.4948417944683423,30.260685313260183,48.87452323164328,0.0,Robust-MTD,1727,38,case57
True,38,0.04,False,20,20,False,38,True,0.17144160094404476,0.015075329385466215,0.4948417944683423,31.2607020518044,42.29069376597182,0.0,Robust-MTD,1728,38,case57
True,38,-0.04,False,20,20,False,38,True,0.1714416009440448,0.015075329385466213,0.4948417944683423,30.45824370055925,42.49923712923192,0.0,Robust-MTD,1729,38,case57
True,38,0.04,True,16,16,False,56,False,0.1714416009440448,0.015075329385466211,0.4948417944683423,30.98883335769642,48.6173187440727,0.0,Robust-MTD,1730,38,case57
True,38,-0.04,False,20,20,False,38,True,0.1714416009440448,0.015075329385466211,0.4948417944683423,34.84823321341537,51.667079489561736,0.0,Robust-MTD,1731,38,case57
True,38,0.04,True,15,15,False,38,True,0.1714416009440448,0.015075329385466213,0.4948417944683423,33.60378949728329,44.24056249554273,0.0,Robust-MTD,1732,38,case57
True,38,0.04,False,20,20,False,38,True,0.17144160094404476,0.015075329385466215,0.4948417944683423,32.02043524943292,49.48031251260546,0.0,Robust-MTD,1733,38,case57
True,38,0.04,False,20,20,False,38,True,0.17144160094404476,0.015075329385466215,0.4948417944683423,33.68351040116977,44.78630981466267,0.0,Robust-MTD,1734,38,case57
True,38,-0.04,False,20,20,False,38,True,0.1714416009440448,0.015075329385466213,0.4948417944683423,36.728716650395654,57.10437849338633,0.0,Robust-MTD,1735,38,case57
True,38,-0.04,False,20,20,False,56,False,0.17144160094404476,0.015075329385466213,0.4948417944683423,37.94182084384374,54.39213334175294,0.0,Robust-MTD,1736,38,case57
True,38,-0.04,False,20,20,False,38,True,0.17144160094404476,0.015075329385466215,0.4948417944683423,39.32430004642811,59.22011660004509,0.0,Robust-MTD,1737,38,case57
True,38,0.04,False,20,20,False,38,True,0.1714416009440448,0.015075329385466211,0.4948417944683423,35.07951659557875,47.546874670661055,0.0,Robust-MTD,1738,38,case57
True,38,0.04,False,20,20,False,56,False,0.17144160094404476,0.015075329385466211,0.4948417944683423,39.225879253353924,62.522708284086555,0.0,Robust-MTD,1739,38,case57
True,38,-0.04,False,20,20,False,38,True,0.17144160095457212,0.015075329385448021,0.4948417944683423,35.32845634617843,47.281112836208194,0.0,Robust-MTD,1740,38,case57
True,38,0.04,False,20,20,False,56,False,0.17144160094404476,0.015075329385466215,0.4948417944683423,34.372883453033864,46.63703335099854,0.0,Robust-MTD,1741,38,case57
True,38,-0.04,True,14,14,False,56,False,0.17144160094404476,0.015075329385466211,0.4948417944683423,35.75089799705893,49.36686315340922,0.0,Robust-MTD,1742,38,case57
True,38,-0.04,True,17,17,False,38,True,0.1714416009440448,0.015075329385466211,0.4948417944683423,34.27378555352334,50.98166076350026,0.0,Robust-MTD,1743,38,case57
True,38,-0.04,True,2,2,False,38,True,0.17144160094404476,0.015075329385466211,0.4948417944683423,33.675049906014465,48.07540239708033,0.0,Robust-MTD,1744,38,case57
True,38,0.04,True,7,7,False,38,True,0.1714416009440448,0.015075329385466211,0.4948417944683423,33.495570841478184,45.00023398431951,0.0,Robust-MTD,1745,38,case57
True,38,0.04,True,3,3,False,56,False,0.17144160094404476,0.015075329385466213,0.4948417944683423,36.208985396660864,48.61791037837976,0.0,Robust-MTD,1746,38,case57
True,38,0.04,False,20,20,False,56,False,0.17144160094404476,0.015075329385466211,0.4948417944683423,39.15695204923395,61.73306874115953,0.0,Robust-MTD,1747,38,case57
True,38,-0.04,False,20,20,False,38,True,0.1714416009440448,0.015075329385466211,0.4948417944683423,35.736635397188365,45.33950657350943,0.0,Robust-MTD,1748,38,case57
True,38,0.04,False,20,20,False,56,False,0.1714416009440448,0.015075329385466211,0.4948417944683423,32.23386469471734,42.08786108647473,0.0,Robust-MTD,1749,38,case57
True,38,-0.04,True,2,2,False,56,False,0.1714416009440448,0.015075329385466211,0.4948417944683423,32.80863539548591,48.114643726148664,0.0,Robust-MTD,1750,38,case57
True,38,0.04,False,20,20,False,56,False,0.17144160094404476,0.015075329385466215,0.4948417944683423,29.063116753241047,37.90450174710715,0.0,Robust-MTD,1751,38,case57
True,38,-0.04,False,20,20,False,38,True,0.17144160094404476,0.015075329385466211,0.4948417944683423,36.244695805362426,65.90956870059017,0.0,Robust-MTD,1752,38,case57
True,38,-0.04,True,17,17,False,56,False,0.17144160094404476,0.015075329385466215,0.4948417944683423,34.61953739752062,60.23983507184312,0.0,Robust-MTD,1753,38,case57
True,38,0.04,False,20,20,False,56,False,0.1714416009440448,0.015075329385466211,0.4948417944683423,31.55856255616527,52.41869374294766,0.0,Robust-MTD,1754,38,case57
True,38,0.04,True,7,7,False,56,False,0.17144160094404476,0.015075329385466211,0.4948417944683423,32.06063120160252,65.20599311625121,0.0,Robust-MTD,1755,38,case57
True,38,0.04,False,20,20,False,56,False,0.17144160102679662,0.015075329385300327,0.4948417944683423,32.56958330166526,47.47636632528159,0.0,Robust-MTD,1756,38,case57
True,38,-0.04,True,12,12,False,38,True,0.17144160096052155,0.015075329385436442,0.4948417944683423,30.322466744109988,40.53258096973881,0.0,Robust-MTD,1757,38,case57
True,38,0.04,False,20,20,False,56,False,0.1714416009440448,0.015075329385466211,0.4948417944683423,28.916291749919765,38.86365626822227,0.0,Robust-MTD,1758,38,case57
True,38,0.04,True,15,15,False,56,False,0.1714416009440448,0.015075329385466211,0.4948417944683423,31.825937452958897,57.815795493661426,0.0,Robust-MTD,1759,38,case57
True,38,0.04,False,20,20,False,38,True,0.17144160094404476,0.015075329385466211,0.4948417944683423,30.723420897265896,50.2638830075739,0.0,Robust-MTD,1760,38,case57
True,38,0.04,False,20,20,False,38,True,0.17144160094431898,0.015075329385465701,0.4948417944683423,36.97092084621545,77.68038123322187,0.0,Robust-MTD,1761,38,case57
True,38,-0.04,False,20,20,False,56,False,0.1714416009769336,0.015075329385411597,0.4948417944683423,33.7368811480701,72.5326580228284,0.0,Robust-MTD,1762,38,case57
True,38,-0.04,False,20,20,False,56,False,0.1714416009440448,0.015075329385466211,0.4948417944683423,31.95574154960923,41.99533474748025,0.0,Robust-MTD,1763,38,case57
True,38,-0.04,True,9,9,False,38,True,0.17144160094404476,0.015075329385466211,0.4948417944683423,37.02306460472755,50.8794191031484,0.0,Robust-MTD,1764,38,case57
True,38,0.04,False,20,20,False,38,True,0.1714416009440448,0.015075329385466211,0.4948417944683423,32.54403754253872,48.587490190402605,0.0,Robust-MTD,1765,38,case57
True,38,-0.04,True,9,9,False,38,True,0.1714416009440448,0.015075329385466211,0.4948417944683423,33.87117069796659,45.739353803219295,0.0,Robust-MTD,1766,38,case57
True,38,0.04,False,20,20,False,38,True,0.1714416009597678,0.015075329385438797,0.4948417944683423,34.39430619182531,45.86016078828834,0.0,Robust-MTD,1767,38,case57
True,38,-0.04,True,16,16,False,38,True,0.1714416009440448,0.015075329385466213,0.4948417944683423,37.42329580709338,56.254658367834054,0.0,Robust-MTD,1768,38,case57
True,38,0.04,False,20,20,False,38,True,0.1714416009440448,0.015075329385466211,0.4948417944683423,32.94598948850762,44.49139940843453,0.0,Robust-MTD,1769,38,case57
True,38,0.04,False,20,20,False,56,False,0.17144160094404476,0.015075329385466215,0.4948417944683423,33.93363099603448,81.5052704914706,0.0,Robust-MTD,1770,38,case57
True,38,-0.04,False,20,20,False,56,False,0.17144160094404476,0.015075329385466215,0.4948417944683423,38.018231152091175,71.37753961433191,0.0,Robust-MTD,1771,38,case57
True,38,0.04,False,20,20,False,38,True,0.1714416009440448,0.015075329385466213,0.4948417944683423,29.91834369895514,42.21509550407063,0.0,Robust-MTD,1772,38,case57
True,38,-0.04,True,4,4,False,56,False,0.17144160841800962,0.015075329369020693,0.4948417944683423,29.816216748440638,38.22975623188541,0.0,Robust-MTD,1773,38,case57
True,38,0.04,False,20,20,False,56,False,0.1714416009440631,0.015075329385466301,0.4948417944683423,35.08101870829705,50.450425033341176,0.0,Robust-MTD,1774,38,case57
True,38,-0.04,False,20,20,False,38,True,0.17144160094404476,0.015075329385466211,0.4948417944683423,37.635581352515146,51.107935729669414,0.0,Robust-MTD,1775,38,case57
True,38,-0.04,False,20,20,False,56,False,0.17144160095449332,0.015075329385443596,0.4948417944683423,35.366524997516535,49.425000644987456,0.0,Robust-MTD,1776,38,case57
True,38,0.04,True,12,12,False,56,False,0.1714416009440448,0.015075329385466211,0.4948417944683423,39.44684355228674,52.81505385064522,0.0,Robust-MTD,1777,38,case57
True,38,0.04,True,14,14,False,38,True,0.17144160096289274,0.015075329385427796,0.4948417944683423,35.41372935869731,54.45630236645231,0.0,Robust-MTD,1778,38,case57
True,38,0.04,False,20,20,False,56,False,0.17144160599361785,0.015075329374574216,0.4948417944683423,35.72997704613954,48.03632261464376,0.0,Robust-MTD,1779,38,case57
True,38,-0.04,True,17,17,False,38,True,0.1714416009441549,0.015075329385466024,0.4948417944683423,36.119749894714914,64.14900803065396,0.0,Robust-MTD,1780,38,case57
True,38,-0.04,True,10,10,False,38,True,0.17144160094404476,0.015075329385466215,0.4948417944683423,32.50267505645752,46.16286212112756,0.0,Robust-MTD,1781,38,case57
True,38,-0.04,True,6,6,False,38,True,0.17144160094404476,0.015075329385466215,0.4948417944683423,37.629581295186654,71.39252912311349,0.0,Robust-MTD,1782,38,case57
True,38,0.04,True,8,8,False,38,True,0.17144160105213216,0.015075329385430474,0.4948417944683423,43.11792899679858,84.97069516743072,0.0,Robust-MTD,1783,38,case57
True,38,-0.04,False,20,20,False,56,False,0.1714416009440448,0.015075329385466213,0.4948417944683423,36.58844379824586,64.9587523919763,0.0,Robust-MTD,1784,38,case57
True,38,0.04,False,20,20,False,56,False,0.17144160094404476,0.015075329385466211,0.4948417944683423,33.39691254950594,47.369519047788344,0.0,Robust-MTD,1785,38,case57
True,38,-0.04,True,9,9,False,38,True,0.17144160096330843,0.015075329385485062,0.4948417944683423,33.972435400937684,49.37362262862738,0.0,Robust-MTD,1786,38,case57
True,38,0.04,False,20,20,False,38,True,0.1714416009471147,0.015075329385460906,0.4948417944683423,29.873608439811505,48.42799195612316,0.0,Robust-MTD,1787,38,case57
True,38,-0.04,False,20,20,False,56,False,0.17144160094404476,0.015075329385466215,0.4948417944683423,39.483414543792605,59.427183942170835,0.0,Robust-MTD,1788,38,case57
True,38,0.04,False,20,20,False,38,True,0.17144160094404476,0.015075329385466215,0.4948417944683423,35.46710635710042,46.15591251931619,0.0,Robust-MTD,1789,38,case57
True,38,0.04,True,14,14,False,38,True,0.17144160094404476,0.015075329385466211,0.4948417944683423,36.18595219159033,49.5554707973497,0.0,Robust-MTD,1790,38,case57
True,38,-0.04,False,20,20,False,56,False,0.17144160097720731,0.015075329385407633,0.4948417944683423,34.62770209880546,43.76292082597502,0.0,Robust-MTD,1791,38,case57
True,38,-0.04,True,12,12,False,38,True,0.17144160094561567,0.015075329385463491,0.4948417944683423,34.66460614872631,46.78658684133553,0.0,Robust-MTD,1792,38,case57
True,38,0.04,True,9,9,False,38,True,0.1714416009440448,0.015075329385466213,0.4948417944683423,38.45184364763554,54.4382815656718,0.0,Robust-MTD,1793,38,case57
True,38,-0.04,False,20,20,False,38,True,0.1714416009530169,0.015075329385450741,0.4948417944683423,36.01263539167121,56.27796730550473,0.0,Robust-MTD,1794,38,case57
True,38,0.04,False,20,20,False,38,True,0.17144160573085704,0.01507532952845631,0.4948417944683423,37.24681035382673,59.428822898189544,0.0,Robust-MTD,1795,38,case57
True,38,-0.04,False,20,20,False,38,True,0.17144160094404476,0.015075329385466215,0.4948417944683423,36.614385404391214,56.7678792460356,0.0,Robust-MTD,1796,38,case57
True,38,-0.04,True,3,3,False,56,False,0.17144160094404476,0.015075329385466215,0.4948417944683423,35.46759785676841,51.88799645693507,0.0,Robust-MTD,1797,38,case57
True,38,0.04,False,20,20,False,56,False,0.17144160094512712,0.015075329385464369,0.4948417944683423,36.101329140365124,45.209933351725354,0.0,Robust-MTD,1798,38,case57
True,38,-0.04,True,15,15,False,56,False,0.1714416009440448,0.015075329385466213,0.4948417944683423,31.822568652569313,41.322086087893695,0.0,Robust-MTD,1799,38,case57
True,48,0.04,True,1,1,False,48,True,0.24583462398509323,0.004690896777333888,0.4948417944683423,33.978743859915994,74.22693091793919,0.0,Robust-MTD,1800,48,case57
True,48,0.04,True,1,1,False,48,True,0.09644168944668614,0.003136657452418643,0.4948417944683423,30.355608300305903,49.3705285654869,0.0,Robust-MTD,1801,48,case57
True,48,0.04,True,1,1,False,48,True,0.2630512118917427,0.0050290314505381075,0.4948417944683423,32.72990820405539,60.38236667809545,0.0,Robust-MTD,1802,48,case57
True,48,0.04,True,1,1,False,48,True,0.18557146903745084,0.003840339144912299,0.4948417944683423,32.75954579585232,44.64176103647333,0.0,Robust-MTD,1803,48,case57
True,48,0.04,True,1,1,False,49,False,0.21393925305586065,0.006816486041997884,0.4948417944683423,28.95471871306654,40.70409997948446,0.0,Robust-MTD,1804,48,case57
True,48,-0.04,True,1,1,False,48,True,0.19044605743571208,0.0038804495953340254,0.4948417944683423,31.91932525660377,47.18749584571928,0.0,Robust-MTD,1805,48,case57
True,48,0.04,True,1,1,False,50,False,0.2204822320116472,0.007058300960194475,0.4948417944683423,30.282920791069046,43.30553472973407,0.0,Robust-MTD,1806,48,case57
True,48,0.04,True,1,1,False,48,True,0.20217569726177753,0.0039262978311874076,0.4948417944683423,30.25576885265764,43.559679455938756,0.0,Robust-MTD,1807,48,case57
True,48,-0.04,True,1,1,False,50,False,0.18167311575852105,0.007342497416518508,0.4948417944683423,30.30003330495674,39.31887502549217,0.0,Robust-MTD,1808,48,case57
True,48,-0.04,True,1,1,False,50,False,0.18832565668924464,0.0073581677691478865,0.4948417944683423,36.89817295235116,66.81469200411813,0.0,Robust-MTD,1809,48,case57
True,48,0.04,True,1,1,False,49,False,0.19975388017745577,0.006789164624949158,0.4948417944683423,29.41097089496907,41.102176817366875,0.0,Robust-MTD,1810,48,case57
True,48,0.04,True,1,1,False,49,False,0.23730767539030567,0.006420692622213973,0.4948417944683423,31.783710449235517,47.633015227620504,0.0,Robust-MTD,1811,48,case57
True,48,-0.04,True,1,1,False,50,False,0.2141178632145624,0.007133260241436214,0.4948417944683423,27.99608735658694,36.42092530499214,0.0,Robust-MTD,1812,48,case57
True,48,0.04,True,1,1,False,48,True,0.10092303446182659,0.0032180486247664545,0.4948417944683423,34.901966695906594,49.43331695103555,0.0,Robust-MTD,1813,48,case57
True,48,0.04,True,1,1,False,49,False,0.267238855474609,0.005358646197899142,0.4948417944683423,31.51917075156234,44.35803300584667,0.0,Robust-MTD,1814,48,case57
True,48,-0.04,True,1,1,False,50,False,0.20399072087830575,0.007124319642066424,0.4948417944683423,32.20851245278027,46.047597893630154,0.0,Robust-MTD,1815,48,case57
True,48,-0.04,True,1,1,False,49,False,0.18533921598141326,0.007078446009945098,0.4948417944683423,28.393087442964315,37.66210242465605,0.0,Robust-MTD,1816,48,case57
True,48,0.04,True,1,1,False,48,True,0.17101896373126327,0.0037129325548057026,0.4948417944683423,32.15982504771091,51.55295210715849,0.0,Robust-MTD,1817,48,case57
True,48,-0.04,True,1,1,False,49,False,0.2712165843632333,0.005534241397590175,0.4948417944683423,30.40300419961568,53.1912441336317,0.0,Robust-MTD,1818,48,case57
True,48,-0.04,True,1,1,False,48,True,0.20467238678810165,0.00402816067494486,0.4948417944683423,32.06141044211108,44.85918299178594,0.0,Robust-MTD,1819,48,case57
True,48,0.04,True,1,1,False,48,True,0.24765545931779065,0.004676264042654872,0.4948417944683423,36.82270004937891,76.29902564221993,0.0,Robust-MTD,1820,48,case57
True,48,-0.04,True,1,1,False,50,False,0.23368866742200642,0.006909581268561505,0.4948417944683423,36.27499790163711,54.50743507826701,0.0,Robust-MTD,1821,48,case57
True,48,-0.04,True,1,1,False,50,False,0.21084000315466356,0.007187644905711737,0.4948417944683423,35.146872949553654,55.78727530082689,0.0,Robust-MTD,1822,48,case57
True,48,-0.04,True,1,1,False,50,False,0.2530426539248782,0.0066096034643955415,0.4948417944683423,33.17757715994958,55.08307050040458,0.0,Robust-MTD,1823,48,case57
True,48,0.04,True,1,1,False,50,False,0.2203751266171657,0.0071335017041568825,0.4948417944683423,32.58738739823457,43.47008807817475,0.0,Robust-MTD,1824,48,case57
True,48,0.04,True,1,1,False,50,False,0.2629345396339669,0.006329712917889011,0.4948417944683423,29.710099901421927,41.64637918875087,0.0,Robust-MTD,1825,48,case57
True,48,-0.04,True,1,1,False,49,False,0.25233158899913144,0.006313965963316428,0.4948417944683423,30.727639509132132,44.47054380434566,0.0,Robust-MTD,1826,48,case57
True,48,-0.04,True,1,1,False,50,False,0.23698196219643375,0.0067598589306641765,0.4948417944683423,36.893387499731034,69.70563330105509,0.0,Robust-MTD,1827,48,case57
True,48,0.04,True,1,1,False,48,True,0.26844694371510597,0.005260770014709164,0.4948417944683423,28.437631254200824,39.69427712145262,0.0,Robust-MTD,1828,48,case57
True,48,0.04,True,1,1,False,49,False,0.24745739455027133,0.006471658265433951,0.4948417944683423,31.935626993072216,53.53237884119153,0.0,Robust-MTD,1829,48,case57
True,48,-0.04,True,1,1,False,48,True,0.24295400556465277,0.0045312926801205885,0.4948417944683423,29.501120749046095,45.389805955346674,0.0,Robust-MTD,1830,48,case57
True,48,-0.04,True,1,1,False,48,True,0.2670074006388325,0.005253181012236624,0.4948417944683423,33.23306035017595,46.818277382408276,0.0,Robust-MTD,1831,48,case57
True,48,0.04,True,1,1,False,48,True,0.2681735577580351,0.005632558835651378,0.4948417944683423,31.877285399241373,51.989226759178564,0.0,Robust-MTD,1832,48,case57
True,48,-0.04,True,1,1,False,48,True,0.24223011988639104,0.004874895214338343,0.4948417944683423,34.48044995020609,48.24579338601325,0.0,Robust-MTD,1833,48,case57
True,48,-0.04,True,1,1,False,50,False,0.2700320556216664,0.005957363201619962,0.4948417944683423,32.91147294512484,48.508744037826546,0.0,Robust-MTD,1834,48,case57
True,48,0.04,True,1,1,False,49,False,0.26420867774501133,0.005280564117205975,0.4948417944683423,33.80839789460879,44.12888508231845,0.0,Robust-MTD,1835,48,case57
True,48,0.04,True,1,1,False,48,True,0.26169317850639223,0.004964372952310515,0.4948417944683423,34.49603114568163,43.91875594155866,0.0,Robust-MTD,1836,48,case57
True,48,0.04,True,1,1,False,48,True,0.24883615305213774,0.0047030138694807945,0.4948417944683423,34.87572290468961,44.720427095307976,0.0,Robust-MTD,1837,48,case57
True,48,0.04,True,1,1,False,50,False,0.25534525778829376,0.006494961963113602,0.4948417944683423,37.275308204698376,58.77675798838029,0.0,Robust-MTD,1838,48,case57
True,48,0.04,True,1,1,False,50,False,0.23006062548797077,0.006946005951907483,0.4948417944683423,32.66941249312367,47.74366843921599,0.0,Robust-MTD,1839,48,case57
True,48,-0.04,True,1,1,False,48,True,0.2398168969426006,0.004545860055219282,0.4948417944683423,34.28498314751778,49.64636809600054,0.0,Robust-MTD,1840,48,case57
True,48,0.04,True,1,1,False,48,True,0.2365843336022826,0.004629114173211455,0.4948417944683423,33.57591034437064,45.73605597252027,0.0,Robust-MTD,1841,48,case57
True,48,0.04,True,1,1,False,50,False,0.2636658648974682,0.006283806421462955,0.4948417944683423,30.966123001417145,43.8184315833496,0.0,Robust-MTD,1842,48,case57
True,48,-0.04,True,1,1,False,48,True,0.26385216778641196,0.005192057900540081,0.4948417944683423,30.323947849683464,42.301572632277384,0.0,Robust-MTD,1843,48,case57
True,48,0.04,True,1,1,False,50,False,0.2671557661030064,0.0060566452451453826,0.4948417944683423,34.766724999644794,67.90594409394545,0.0,Robust-MTD,1844,48,case57
True,48,0.04,True,1,1,False,49,False,0.2654887431833194,0.005215415791658068,0.4948417944683423,33.1666583486367,56.32719996210654,0.0,Robust-MTD,1845,48,case57
True,48,0.04,True,1,1,False,48,True,0.2098657840752781,0.004122988902260712,0.4948417944683423,34.66684994637035,52.888037846423714,0.0,Robust-MTD,1846,48,case57
True,48,-0.04,True,1,1,False,50,False,0.19541428807965228,0.007283098240173371,0.4948417944683423,34.773150156252086,50.25653751217761,0.0,Robust-MTD,1847,48,case57
True,48,-0.04,True,1,1,False,49,False,0.27106299959861946,0.005513613837793405,0.4948417944683423,33.386256187804975,65.46629339281937,0.0,Robust-MTD,1848,48,case57
True,48,-0.04,True,1,1,False,49,False,0.24701591428010167,0.006434655087955749,0.4948417944683423,29.22886664455291,39.42275833978784,0.0,Robust-MTD,1849,48,case57
True,48,0.04,True,1,1,False,50,False,0.20025176560962096,0.007134869087275344,0.4948417944683423,27.507233337382786,42.798018056782894,0.0,Robust-MTD,1850,48,case57
True,48,0.04,True,1,1,False,49,False,0.2122584199940438,0.006866743486897504,0.4948417944683423,35.23255629406776,75.78112329065337,0.0,Robust-MTD,1851,48,case57
True,48,-0.04,True,1,1,False,49,False,0.2711088486891446,0.005543506882222279,0.4948417944683423,37.10738119552843,66.53293333656622,0.0,Robust-MTD,1852,48,case57
True,48,-0.04,True,1,1,False,49,False,0.2535113797141647,0.006308985497044512,0.4948417944683423,30.456599849276245,43.39773127867375,0.0,Robust-MTD,1853,48,case57
True,48,0.04,True,1,1,False,50,False,0.25522897098134817,0.006530730080477568,0.4948417944683423,35.499389754841104,64.92715243075509,0.0,Robust-MTD,1854,48,case57
True,48,0.04,True,1,1,False,50,False,0.25622020482458163,0.006458601411167228,0.4948417944683423,29.530766693642363,50.99595204519574,0.0,Robust-MTD,1855,48,case57
True,48,-0.04,True,1,1,False,50,False,0.18248159756969035,0.007114651565723887,0.4948417944683423,33.1466666480992,51.70662771270147,0.0,Robust-MTD,1856,48,case57
True,48,0.04,True,1,1,False,50,False,0.27141225082471,0.00576026273007791,0.4948417944683423,33.39739379589446,48.40294021414593,0.0,Robust-MTD,1857,48,case57
True,48,0.04,True,1,1,False,50,False,0.22608990943798804,0.007009753024423881,0.4948417944683423,28.96388529043179,38.319272897206254,0.0,Robust-MTD,1858,48,case57
True,48,0.04,True,1,1,False,49,False,0.23039604878358752,0.006627255294763514,0.4948417944683423,30.598406298668124,44.4580919778673,0.0,Robust-MTD,1859,48,case57
True,48,0.04,True,1,1,False,50,False,0.2667457397652664,0.006120345908537053,0.4948417944683423,38.003858242882416,65.08309962810017,0.0,Robust-MTD,1860,48,case57
True,48,-0.04,True,1,1,False,49,False,0.26829260595025095,0.005999010723428052,0.4948417944683423,35.21319154824596,52.75950561626814,0.0,Robust-MTD,1861,48,case57
True,48,-0.04,True,1,1,False,49,False,0.2651017082427208,0.006001609450045882,0.4948417944683423,33.04631459759548,44.46219796373043,0.0,Robust-MTD,1862,48,case57
True,48,0.04,True,1,1,False,49,False,0.27124968674565386,0.005651966265492088,0.4948417944683423,53.96786454075482,124.2528930946719,0.0,Robust-MTD,1863,48,case57
True,48,0.04,True,1,1,False,48,True,0.26239207797485026,0.004992126765382497,0.4948417944683423,32.12045214895625,44.1454517422244,0.0,Robust-MTD,1864,48,case57
True,48,-0.04,True,1,1,False,48,True,0.26428813994527905,0.005068503225401169,0.4948417944683423,29.663054351112805,36.323328869184486,0.0,Robust-MTD,1865,48,case57
True,48,0.04,True,1,1,False,48,True,0.24492152548999013,0.004715043639566031,0.4948417944683423,29.925768793327734,40.61568123870529,0.0,Robust-MTD,1866,48,case57
True,48,0.04,True,1,1,False,49,False,0.2651509385347681,0.005808435232859883,0.4948417944683423,41.94036044355016,73.53170591231901,0.0,Robust-MTD,1867,48,case57
True,48,0.04,True,1,1,False,49,False,0.23980028285837698,0.006285492035059111,0.4948417944683423,34.41499169857707,52.492194040678456,0.0,Robust-MTD,1868,48,case57
True,48,0.04,True,1,1,False,48,True,0.16273060014252222,0.0035595270541934026,0.4948417944683423,35.73484790395014,61.45582464814653,0.0,Robust-MTD,1869,48,case57
True,48,-0.04,True,1,1,False,49,False,0.2715974884987529,0.005680896264318025,0.4948417944683423,33.16997498914134,47.683618744486026,0.0,Robust-MTD,1870,48,case57
True,48,-0.04,True,1,1,False,48,True,0.2303869655202179,0.0042919553273034075,0.4948417944683423,33.573241846170276,51.24723095505033,0.0,Robust-MTD,1871,48,case57
True,48,0.04,True,1,1,False,48,True,0.20874055956174634,0.004050743749319805,0.4948417944683423,34.08362095069606,52.616210724227145,0.0,Robust-MTD,1872,48,case57
True,48,-0.04,True,1,1,False,50,False,0.2138359697104284,0.006911438380856741,0.4948417944683423,31.323839598917402,39.244243400753476,0.0,Robust-MTD,1873,48,case57
True,48,-0.04,True,1,1,False,48,True,0.2525252106297126,0.004821817257086947,0.4948417944683423,34.337727053207345,52.91952082770877,0.0,Robust-MTD,1874,48,case57
True,48,0.04,True,1,1,False,48,True,0.2344234101464938,0.004336335465947814,0.4948417944683423,30.116964495391585,39.96684372541497,0.0,Robust-MTD,1875,48,case57
True,48,-0.04,True,1,1,False,48,True,0.2452320743216023,0.0046712646073361445,0.4948417944683423,37.101177050499246,68.17658271465919,0.0,Robust-MTD,1876,48,case57
True,48,0.04,True,1,1,False,48,True,0.24268831877355082,0.0046386863961781905,0.4948417944683423,34.669133357238024,75.04071839503014,0.0,Robust-MTD,1877,48,case57
True,48,0.04,True,1,1,False,50,False,0.26874294747176886,0.006023087577738177,0.4948417944683423,29.342435294529423,38.411748546059265,0.0,Robust-MTD,1878,48,case57
True,48,-0.04,True,1,1,False,48,True,0.2563501678023676,0.0048831234818412835,0.4948417944683423,27.663843703339808,40.763788958429366,0.0,Robust-MTD,1879,48,case57
True,48,0.04,True,1,1,False,48,True,0.1910767595916669,0.003880829812822407,0.4948417944683423,28.870922949863598,35.555877117440104,0.0,Robust-MTD,1880,48,case57
True,48,0.04,True,1,1,False,50,False,0.21243303372999378,0.007064449624400458,0.4948417944683423,32.041231147013605,46.964676422067,0.0,Robust-MTD,1881,48,case57
True,48,0.04,True,1,1,False,50,False,0.2369494068262886,0.006911361530504011,0.4948417944683423,28.49000625719782,36.92275447829162,0.0,Robust-MTD,1882,48,case57
True,48,0.04,True,1,1,False,49,False,0.2562208512895917,0.0062621384814490885,0.4948417944683423,31.298072799108922,55.53248958603945,0.0,Robust-MTD,1883,48,case57
True,48,-0.04,True,1,1,False,50,False,0.2439790700706043,0.006710824387053123,0.4948417944683423,29.709729246678762,44.66930000635332,0.0,Robust-MTD,1884,48,case57
True,48,-0.04,True,1,1,False,48,True,0.1938044287286565,0.003895340856658022,0.4948417944683423,34.07993750879541,57.77611424855425,0.0,Robust-MTD,1885,48,case57
True,48,0.04,True,1,1,False,50,False,0.2166823849877221,0.007097259283437913,0.4948417944683423,28.23819804179948,38.43345174391288,0.0,Robust-MTD,1886,48,case57
True,48,-0.04,True,1,1,False,48,True,0.2707819569048183,0.005612087951324816,0.4948417944683423,37.10631459252909,79.15363572246862,0.0,Robust-MTD,1887,48,case57
True,48,0.04,True,1,1,False,49,False,0.20233944150228525,0.006880214495150071,0.4948417944683423,35.812772999634035,48.50413365056738,0.0,Robust-MTD,1888,48,case57
True,48,0.04,True,1,1,False,48,True,0.2686730167276197,0.005307329243147876,0.4948417944683423,30.351637551211752,40.213502102415084,0.0,Robust-MTD,1889,48,case57
True,48,-0.04,True,1,1,False,50,False,0.20042558830607762,0.007019224161983869,0.4948417944683423,32.12795619328972,47.95403923781123,0.0,Robust-MTD,1890,48,case57
True,48,0.04,True,1,1,False,49,False,0.27006655201440527,0.005457663294984634,0.4948417944683423,33.757010451518,44.05968572245913,0.0,Robust-MTD,1891,48,case57
True,48,0.04,True,1,1,False,50,False,0.25674819361244133,0.006414134015702929,0.4948417944683423,31.19620610086713,47.506594358128496,0.0,Robust-MTD,1892,48,case57
True,48,-0.04,True,1,1,False,50,False,0.21747399330460818,0.007067176400507201,0.4948417944683423,33.699168695602566,46.27997495408637,0.0,Robust-MTD,1893,48,case57
True,48,-0.04,True,1,1,False,50,False,0.26821212846201764,0.006084000262991152,0.4948417944683423,34.13968950335402,62.45088749565185,0.0,Robust-MTD,1894,48,case57
True,48,-0.04,True,1,1,False,49,False,0.2417505382970908,0.006541699704919574,0.4948417944683423,36.410168747534044,58.63511870556979,0.0,Robust-MTD,1895,48,case57
True,48,0.04,True,1,1,False,50,False,0.21551820686886475,0.007038167687248698,0.4948417944683423,29.252347798319533,37.193362475954935,0.0,Robust-MTD,1896,48,case57
True,48,0.04,True,1,1,False,48,True,0.010701753391346859,0.0027389505617614186,0.4948417944683423,34.700289598549716,63.90756277251059,0.0,Robust-MTD,1897,48,case57
True,48,0.04,True,1,1,False,49,False,0.25175816278248025,0.0063957558420012234,0.4948417944683423,34.58878535311669,46.25531521742236,0.0,Robust-MTD,1898,48,case57
True,48,0.04,True,1,1,False,48,True,0.20207911790683922,0.003926373659649989,0.4948417944683423,31.76273125282023,44.03109618287999,0.0,Robust-MTD,1899,48,case57
True,49,0.04,True,1,1,False,50,False,0.16699582438855606,0.007767808399925826,0.4948417944683423,32.197287504095584,45.943137502763435,0.0,Robust-MTD,1900,49,case57
True,49,-0.04,True,3,3,False,50,False,0.16012227171059273,0.007818211207329449,0.4948417944683423,34.07436870620586,49.755751789780334,0.0,Robust-MTD,1901,49,case57
True,49,-0.04,True,1,1,False,50,False,0.2146050210894241,0.007218997044005553,0.4948417944683423,35.47597924480215,95.1451506902231,0.0,Robust-MTD,1902,49,case57
True,49,0.04,True,1,1,False,50,False,0.1718878423913413,0.007618110557094616,0.4948417944683423,29.90411044738721,53.8695062394254,0.0,Robust-MTD,1903,49,case57
True,49,-0.04,True,1,1,False,50,False,0.1651776798340368,0.007808074286816537,0.4948417944683423,35.50478109391406,71.69909997610378,0.0,Robust-MTD,1904,49,case57
True,49,-0.04,True,2,2,False,50,False,0.256346198655773,0.00645702195617782,0.4948417944683423,35.15960210352205,65.58990413905121,0.0,Robust-MTD,1905,49,case57
True,49,-0.04,True,1,1,False,50,False,0.17217407839480323,0.0076075079111356655,0.4948417944683423,29.040791798615828,41.06680353579578,0.0,Robust-MTD,1906,49,case57
True,49,-0.04,True,1,1,False,50,False,0.188857111556491,0.007357624252652283,0.4948417944683423,31.23170826002024,44.30579964828213,0.0,Robust-MTD,1907,49,case57
True,49,-0.04,True,1,1,False,50,False,0.1897791519832035,0.0073969577939088675,0.4948417944683423,30.663535397616215,45.990420470479904,0.0,Robust-MTD,1908,49,case57
True,49,-0.04,True,1,1,False,50,False,0.18163763984668163,0.007545971711195902,0.4948417944683423,26.960560455336235,40.24573336355388,0.0,Robust-MTD,1909,49,case57
True,49,0.04,True,1,1,False,50,False,0.183842233664623,0.007610014673765757,0.4948417944683423,37.7684457518626,66.6285708342912,0.0,Robust-MTD,1910,49,case57
True,49,-0.04,True,1,1,False,50,False,0.2102305372297523,0.007391262778351226,0.4948417944683423,35.746477148495615,62.541066054836875,0.0,Robust-MTD,1911,49,case57
True,49,-0.04,True,2,2,False,50,False,0.2127548418055116,0.007190040948140663,0.4948417944683423,33.78869175212458,66.08027260226663,0.0,Robust-MTD,1912,49,case57
True,49,-0.04,True,1,1,False,50,False,0.16431007248160515,0.007745396738750424,0.4948417944683423,36.45880829717498,51.01268158759922,0.0,Robust-MTD,1913,49,case57
True,49,0.04,True,1,1,False,50,False,0.19857344248344994,0.007415355987634121,0.4948417944683423,31.981808342970908,53.409499963163405,0.0,Robust-MTD,1914,49,case57
True,49,-0.04,True,3,3,False,50,False,0.18554390934321527,0.007525378278944141,0.4948417944683423,32.13887504534796,43.51431701215916,0.0,Robust-MTD,1915,49,case57
True,49,0.04,True,1,1,False,50,False,0.20952353700863188,0.007385863025104593,0.4948417944683423,42.48869375442155,77.332256216323,0.0,Robust-MTD,1916,49,case57
True,49,-0.04,True,1,1,False,50,False,0.20274223342000222,0.0072720012157264985,0.4948417944683423,33.861504049855284,56.1497496790253,0.0,Robust-MTD,1917,49,case57
True,49,-0.04,True,1,1,False,50,False,0.18484223350537743,0.007600162181220535,0.4948417944683423,32.26888129138388,41.2443312467076,0.0,Robust-MTD,1918,49,case57
True,49,0.04,True,2,2,False,50,False,0.2158929382230279,0.0070619644709491395,0.4948417944683423,32.23924576013815,47.71310063661077,0.0,Robust-MTD,1919,49,case57
True,49,-0.04,True,1,1,False,50,False,0.20579575139739767,0.007307142288372579,0.4948417944683423,31.862399951205585,50.40195239416789,0.0,Robust-MTD,1920,49,case57
True,49,-0.04,True,1,1,False,50,False,0.18499979124254803,0.007296142739608414,0.4948417944683423,33.24930210656021,57.83184441970662,0.0,Robust-MTD,1921,49,case57
True,49,-0.04,True,1,1,False,50,False,0.25706224563245783,0.006523170740906309,0.4948417944683423,36.275168805150315,64.94024857238402,0.0,Robust-MTD,1922,49,case57
True,49,0.04,True,2,2,False,50,False,0.1806404704092624,0.0076444148760507315,0.4948417944683423,30.971033399691805,40.71368363802321,0.0,Robust-MTD,1923,49,case57
True,49,-0.04,True,1,1,False,50,False,0.17830621325661525,0.0077048395371859205,0.4948417944683423,33.11774994654115,55.03786636108999,0.0,Robust-MTD,1924,49,case57
True,49,0.04,True,1,1,False,50,False,0.18940634749328464,0.0075732535741106916,0.4948417944683423,38.1899498985149,67.7870100917062,0.0,Robust-MTD,1925,49,case57
True,49,0.04,True,2,2,False,50,False,0.1532814663404726,0.007905403871835612,0.4948417944683423,35.92803745123092,64.58163547213191,0.0,Robust-MTD,1926,49,case57
True,49,-0.04,True,1,1,False,50,False,0.1884593991851603,0.0076260661317818276,0.4948417944683423,31.49943955359049,41.131193784531206,0.0,Robust-MTD,1927,49,case57
True,49,0.04,True,1,1,False,50,False,0.19914892904222747,0.007368117914927633,0.4948417944683423,35.038810450350866,48.28152742120437,0.0,Robust-MTD,1928,49,case57
True,49,0.04,True,1,1,False,50,False,0.22028651028577095,0.007147075018273383,0.4948417944683423,32.09717909630854,48.06084165466018,0.0,Robust-MTD,1929,49,case57
True,49,0.04,True,1,1,False,50,False,0.15901775761052314,0.007804012573012471,0.4948417944683423,31.09033345244825,43.60655690834392,0.0,Robust-MTD,1930,49,case57
True,49,0.04,True,1,1,False,50,False,0.16268126250374362,0.007785818882483846,0.4948417944683423,35.978900047484785,71.28469819435851,0.0,Robust-MTD,1931,49,case57
True,49,0.04,True,1,1,False,50,False,0.21158451953698854,0.007242430638527899,0.4948417944683423,30.98771874792874,44.17793547909242,0.0,Robust-MTD,1932,49,case57
True,49,-0.04,True,2,2,False,50,False,0.16608864499828901,0.007704060021917967,0.4948417944683423,37.18076884979382,57.085115162772134,0.0,Robust-MTD,1933,49,case57
True,49,-0.04,True,1,1,False,50,False,0.19826191877770125,0.007254516608011313,0.4948417944683423,33.3145062555559,45.29678365215659,0.0,Robust-MTD,1934,49,case57
True,49,-0.04,True,1,1,False,50,False,0.2484044664318626,0.006666809470911654,0.4948417944683423,37.46618969889823,50.781160092446974,0.0,Robust-MTD,1935,49,case57
True,49,-0.04,True,2,2,False,50,False,0.14360813606690095,0.00802311222121164,0.4948417944683423,31.700275003095157,46.45135002210737,0.0,Robust-MTD,1936,49,case57
True,49,0.04,True,1,1,False,50,False,0.1820039231837733,0.007541477326410777,0.4948417944683423,39.65550220164005,74.81004162691535,0.0,Robust-MTD,1937,49,case57
True,49,0.04,True,1,1,False,50,False,0.17400970032725346,0.007608451157776905,0.4948417944683423,39.74633135367185,78.2236961327726,0.0,Robust-MTD,1938,49,case57
True,49,0.04,True,1,1,False,50,False,0.19764235499189642,0.007543406448741047,0.4948417944683423,36.00593740702607,60.36039966857061,0.0,Robust-MTD,1939,49,case57
True,49,0.04,True,3,3,False,49,True,0.23664863005511436,0.00664819013757199,0.4948417944683423,33.204579149605706,63.44480593106711,0.0,Robust-MTD,1940,49,case57
True,49,-0.04,True,1,1,False,50,False,0.1520814969408908,0.007913937969601948,0.4948417944683423,35.19718749448657,65.90287885337604,0.0,Robust-MTD,1941,49,case57
True,49,-0.04,True,3,3,False,50,False,0.14474926031805455,0.00795907966925931,0.4948417944683423,32.56788319267798,51.24218366399874,0.0,Robust-MTD,1942,49,case57
True,49,-0.04,True,1,1,False,50,False,0.19457407663010912,0.007451819504354128,0.4948417944683423,32.31871454627253,45.56966279342307,0.0,Robust-MTD,1943,49,case57
True,49,0.04,True,1,1,False,50,False,0.17483584232910224,0.007672649394368484,0.4948417944683423,34.036904145614244,47.09301070834045,0.0,Robust-MTD,1944,49,case57
True,49,0.04,True,1,1,False,50,False,0.17671154119709923,0.007686880304314904,0.4948417944683423,30.25256250111852,47.30134725978133,0.0,Robust-MTD,1945,49,case57
True,49,-0.04,True,1,1,False,50,False,0.18145352142338,0.007616893532244177,0.4948417944683423,33.29143760201987,44.79676040355116,0.0,Robust-MTD,1946,49,case57
True,49,0.04,True,1,1,False,50,False,0.16763057503126227,0.007789606001442082,0.4948417944683423,32.56825635617133,44.32028746814468,0.0,Robust-MTD,1947,49,case57
True,49,0.04,True,2,2,False,50,False,0.2036435379638032,0.00739470093796526,0.4948417944683423,31.83468539500609,45.951472991146154,0.0,Robust-MTD,1948,49,case57
True,49,0.04,True,1,1,False,50,False,0.21867907641388729,0.00702718878494641,0.4948417944683423,32.80601460428443,51.61292770353612,0.0,Robust-MTD,1949,49,case57
True,49,-0.04,True,1,1,False,50,False,0.15558453530684005,0.007896836978238468,0.4948417944683423,33.1002208054997,42.38535411714111,0.0,Robust-MTD,1950,49,case57
True,49,0.04,True,3,3,False,50,False,0.24200690292957408,0.0068801052084147,0.4948417944683423,34.013349999440834,49.043260133476,0.0,Robust-MTD,1951,49,case57
True,49,-0.04,True,1,1,False,50,False,0.24332493246530484,0.0067639636527512806,0.4948417944683423,35.909033453208394,45.21474409557413,0.0,Robust-MTD,1952,49,case57
True,49,0.04,True,1,1,False,49,True,0.268264810827646,0.005689935111641581,0.4948417944683423,35.92389158438891,55.826101716957076,0.0,Robust-MTD,1953,49,case57
True,49,0.04,True,3,3,False,48,False,0.2681825650350093,0.005264295788683756,0.4948417944683423,35.429347946774215,44.934617326362066,0.0,Robust-MTD,1954,49,case57
True,49,0.04,True,0,0,False,50,False,0.16358082054421777,0.00774458273963916,0.4948417944683423,34.13431880180724,46.73982352251187,0.0,Robust-MTD,1955,49,case57
True,49,0.04,True,1,1,False,50,False,0.2029353166751622,0.007458520233309084,0.4948417944683423,35.09465424285736,50.62928125262261,0.0,Robust-MTD,1956,49,case57
True,49,-0.04,True,1,1,False,50,False,0.25325780705975254,0.0065241596984912205,0.4948417944683423,34.864162499434315,46.1624496645527,0.0,Robust-MTD,1957,49,case57
True,49,0.04,True,1,1,False,50,False,0.187936500615374,0.007593152616332744,0.4948417944683423,38.78955414693337,49.94825625326488,0.0,Robust-MTD,1958,49,case57
True,49,-0.04,True,1,1,False,50,False,0.14389327580377992,0.007958637123578137,0.4948417944683423,32.87856044189539,48.019606561865665,0.0,Robust-MTD,1959,49,case57
True,49,-0.04,True,1,1,False,50,False,0.17108685968813017,0.007591118839278365,0.4948417944683423,37.948868807870895,69.17138989083469,0.0,Robust-MTD,1960,49,case57
True,49,-0.04,True,3,3,False,50,False,0.22560390701845742,0.007156270655320367,0.4948417944683423,32.04350004089065,37.64800835051574,0.0,Robust-MTD,1961,49,case57
True,49,0.04,True,2,2,False,50,False,0.17245798917173705,0.007729389542658191,0.4948417944683423,33.45561455353163,51.812062787939794,0.0,Robust-MTD,1962,49,case57
True,49,-0.04,True,2,2,False,50,False,0.23868249082886164,0.006937671529793615,0.4948417944683423,33.313581251422875,45.64191810495686,0.0,Robust-MTD,1963,49,case57
True,49,-0.04,True,1,1,False,50,False,0.24536667481768082,0.006810956035660525,0.4948417944683423,34.57990413589869,43.62427915621083,0.0,Robust-MTD,1964,49,case57
True,49,0.04,True,1,1,False,50,False,0.17884847890764471,0.007626637746669272,0.4948417944683423,33.81149585475214,47.2214669600362,0.0,Robust-MTD,1965,49,case57
True,49,0.04,True,1,1,False,50,False,0.1641245875707805,0.007813345199321363,0.4948417944683423,34.695541553082876,44.705457706004395,0.0,Robust-MTD,1966,49,case57
True,49,-0.04,True,1,1,False,50,False,0.15685564248970618,0.007830611553806186,0.4948417944683423,32.74913530331105,46.140537512837916,0.0,Robust-MTD,1967,49,case57
True,49,-0.04,True,1,1,False,50,False,0.18601328007919757,0.007476327791492903,0.4948417944683423,42.19110005360562,91.83300834847614,0.0,Robust-MTD,1968,49,case57
True,49,0.04,True,1,1,False,50,False,0.2012296430569119,0.007363113710107022,0.4948417944683423,34.528210456483066,45.25499163137283,0.0,Robust-MTD,1969,49,case57
True,49,-0.04,True,1,1,False,50,False,0.17020861458711561,0.007722639568677438,0.4948417944683423,37.30786874657497,58.72641877795104,0.0,Robust-MTD,1970,49,case57
True,49,-0.04,True,1,1,False,50,False,0.19018024257879232,0.007385618386335931,0.4948417944683423,32.91492704884149,43.65864999126644,0.0,Robust-MTD,1971,49,case57
True,49,-0.04,True,1,1,False,50,False,0.1657929436585954,0.007712928995016548,0.4948417944683423,33.7678979994962,43.98955482174643,0.0,Robust-MTD,1972,49,case57
True,49,0.04,True,2,2,False,50,False,0.17612003123319095,0.007689550034876342,0.4948417944683423,33.86040620098356,46.87054403184448,0.0,Robust-MTD,1973,49,case57
True,49,0.04,True,2,2,False,50,False,0.156882032970646,0.007850889352177887,0.4948417944683423,31.470212497515604,38.6731624865206,0.0,Robust-MTD,1974,49,case57
True,49,-0.04,True,1,1,False,50,False,0.19281639684364638,0.00751225933687537,0.4948417944683423,34.96702299453318,48.502827127231285,0.0,Robust-MTD,1975,49,case57
True,49,-0.04,True,2,2,False,50,False,0.18775735097385393,0.007544692569014986,0.4948417944683423,37.39582089474425,48.727993710781476,0.0,Robust-MTD,1976,49,case57
True,49,0.04,True,2,2,False,50,False,0.20291170226957606,0.0073140309040374525,0.4948417944683423,35.9636437962763,46.11610179999846,0.0,Robust-MTD,1977,49,case57
True,49,0.04,True,1,1,False,50,False,0.1691841895793073,0.007639608202310667,0.4948417944683423,32.7759812498698,47.889554829453125,0.0,Robust-MTD,1978,49,case57
True,49,0.04,True,1,1,False,50,False,0.1864892680665596,0.007546672497171994,0.4948417944683423,35.87725199467968,52.3077839286998,0.0,Robust-MTD,1979,49,case57
True,49,-0.04,True,1,1,False,50,False,0.17739615956099802,0.007690236510055096,0.4948417944683423,36.57375840120949,68.17495894792957,0.0,Robust-MTD,1980,49,case57
True,49,0.04,True,1,1,False,50,False,0.1465301126291709,0.007902480763946599,0.4948417944683423,32.494093803688884,48.67699166934473,0.0,Robust-MTD,1981,49,case57
True,49,-0.04,True,1,1,False,48,False,0.25505745243335076,0.005288448316010466,0.4948417944683423,32.24312700331211,52.02365146833473,0.0,Robust-MTD,1982,49,case57
True,49,0.04,True,1,1,False,50,False,0.1946774043104682,0.007336861949457078,0.4948417944683423,32.84840820124373,45.30581903818529,0.0,Robust-MTD,1983,49,case57
True,49,-0.04,True,1,1,False,50,False,0.1655752890667135,0.007840776618886486,0.4948417944683423,37.47950634860899,60.081960790557794,0.0,Robust-MTD,1984,49,case57
True,49,0.04,True,1,1,False,50,False,0.15870259370706283,0.007765348516594675,0.4948417944683423,32.41971879906487,52.75725414103363,0.0,Robust-MTD,1985,49,case57
True,49,0.04,True,3,3,False,50,False,0.17462831027949033,0.007400484299353832,0.4948417944683423,33.39342705148738,51.77189313108102,0.0,Robust-MTD,1986,49,case57
True,49,0.04,True,2,2,False,50,False,0.1787187430793091,0.007696039061847214,0.4948417944683423,36.24631675775163,51.15321935736575,0.0,Robust-MTD,1987,49,case57
True,49,0.04,True,1,1,False,50,False,0.1842515619337745,0.007443149580282536,0.4948417944683423,35.66454780229833,51.29885590285995,0.0,Robust-MTD,1988,49,case57
True,49,0.04,True,3,3,False,50,False,0.16594447833532214,0.007768331779456091,0.4948417944683423,34.58895425719675,75.8040288812481,0.0,Robust-MTD,1989,49,case57
True,49,0.04,True,1,1,False,50,False,0.1556616233540211,0.007792243856031156,0.4948417944683423,34.42465218540747,44.25707262707875,0.0,Robust-MTD,1990,49,case57
True,49,-0.04,True,1,1,False,50,False,0.19535510854306212,0.007535131525526763,0.4948417944683423,33.60202085750643,47.61548126698472,0.0,Robust-MTD,1991,49,case57
True,49,0.04,True,1,1,False,50,False,0.15652560542166763,0.007829319998358482,0.4948417944683423,34.36068125010934,55.050207729800604,0.0,Robust-MTD,1992,49,case57
True,49,0.04,True,2,2,False,50,False,0.1819491203511806,0.007620104897470337,0.4948417944683423,31.718539551366124,48.67920625547413,0.0,Robust-MTD,1993,49,case57
True,49,0.04,True,2,2,False,50,False,0.20544520405228442,0.007352817309930172,0.4948417944683423,31.43566453945823,51.994689274579294,0.0,Robust-MTD,1994,49,case57
True,49,-0.04,True,1,1,False,50,False,0.16938340234095728,0.0077806750595508616,0.4948417944683423,33.033283342956565,47.49128097610083,0.0,Robust-MTD,1995,49,case57
True,49,0.04,True,2,2,False,50,False,0.17717615108121107,0.007634780104259054,0.4948417944683423,33.08263959479518,49.780712480424,0.0,Robust-MTD,1996,49,case57
True,49,-0.04,True,1,1,False,50,False,0.22201225154264403,0.007224882595735542,0.4948417944683423,31.85747694515158,47.3726312571671,0.0,Robust-MTD,1997,49,case57
True,49,-0.04,True,1,1,False,49,True,0.23278340707666306,0.00665766381836152,0.4948417944683423,33.62710414803587,48.90396700939164,0.0,Robust-MTD,1998,49,case57
True,49,0.04,True,1,1,False,50,False,0.21471389196098928,0.006991683672407535,0.4948417944683423,25.63635410333518,33.6761482350994,0.0,Robust-MTD,1999,49,case57
