attack_flag,h_true,c_true,detected,tau_detect,tau_detect_censored,false_alarm,h_hat_final,id_correct,final_entropy,final_ampvar,cumulative_act_cost,planner_runtime_ms_mean,planner_runtime_ms_p95,max_hide_error,algorithm,episode_id,case,eta_x
True,26,-0.04,False,20,20,False,0,False,0.7911450250583755,0.4012208983371389,0.5788272130587518,22.887322847964242,32.138985118945136,0.0,HMTD-MDE,0,case57,0.03
True,49,-0.04,False,20,20,False,0,False,0.7850154445239215,0.42460898124447244,0.5788272130587518,25.176941644167528,33.5776586434804,0.0,HMTD-MDE,1,case57,0.03
True,53,-0.04,False,20,20,False,53,True,0.1878906822271125,0.03762052236454587,0.5788272130587518,25.651743751950562,34.570435126079246,0.0,HMTD-MDE,2,case57,0.03
True,37,0.04,False,20,20,False,37,True,0.659964347790119,0.25778919739778056,0.5788272130587518,31.728702192776833,74.78009589540306,0.0,HMTD-MDE,3,case57,0.03
True,46,0.04,True,17,17,False,0,False,0.7996870235427272,0.41609874488276244,0.5788272130587518,27.229875055490993,33.53944314003457,0.0,HMTD-MDE,4,case57,0.03
True,17,0.04,False,20,20,False,0,False,0.8094189839147968,0.4029258472767988,0.5788272130587518,21.93205005605705,29.708454504725523,0.0,HMTD-MDE,5,case57,0.03
True,24,0.04,False,20,20,False,29,False,0.6533067105871397,0.2619764453905778,0.5788272130587518,24.794458301039413,37.637764267856255,0.0,HMTD-MDE,6,case57,0.03
True,3,0.04,False,20,20,False,2,False,0.15713568915736328,0.040377297569138416,0.5788272130587518,25.130077014910057,30.314990985789336,0.0,HMTD-MDE,7,case57,0.03
True,8,-0.04,True,1,1,False,8,True,3.8671819781197724e-10,0.006145422786619424,0.5788272130587518,29.444777098251507,47.98976250167472,0.0,HMTD-MDE,8,case57,0.03
True,22,0.04,False,20,20,False,18,False,0.6989463368298553,0.2961004612896868,0.5788272130587518,31.207995899603702,72.81152021605521,0.0,HMTD-MDE,9,case57,0.03
True,29,-0.04,False,20,20,False,0,False,0.8059259742443177,0.4142616690914623,0.5788272130587518,22.81897295906674,32.162433653138585,0.0,HMTD-MDE,10,case57,0.03
True,28,-0.04,False,20,20,False,0,False,0.8001214371867489,0.4126253623743348,0.5788272130587518,26.234099848079495,37.1726434037555,0.0,HMTD-MDE,11,case57,0.03
True,8,0.04,True,1,1,False,8,True,3.8671819781197475e-10,0.006145422786619424,0.5788272130587518,27.667068655136973,43.411447867401876,0.0,HMTD-MDE,12,case57,0.03
True,28,-0.04,False,20,20,False,0,False,0.7644765521685002,0.4397175186400264,0.5788272130587518,31.299987391685136,51.65081222367008,0.0,HMTD-MDE,13,case57,0.03
True,22,0.04,False,20,20,False,0,False,0.7951641967378761,0.3884660347147244,0.5788272130587518,33.96550405013841,50.291076421854115,0.0,HMTD-MDE,14,case57,0.03
True,26,0.04,False,20,20,False,0,False,0.7954435378172783,0.3701535934240233,0.5788272130587518,20.724329238873906,27.224139237659987,0.0,HMTD-MDE,15,case57,0.03
True,40,-0.04,False,20,20,False,40,True,0.7495697097214014,0.2941403264864363,0.5788272130587518,23.098229101742618,31.18271872808691,0.0,HMTD-MDE,16,case57,0.03
True,1,-0.04,False,20,20,False,0,False,0.8307814684279853,0.38923528670344165,0.5788272130587518,25.80553136067465,39.00390806957148,0.0,HMTD-MDE,17,case57,0.03
True,37,-0.04,False,20,20,False,43,False,0.6689671391298745,0.2828903155327287,0.5788272130587518,28.275468543870375,40.07148063974455,0.0,HMTD-MDE,18,case57,0.03
True,42,-0.04,False,20,20,False,0,False,0.7679368045883224,0.43292525731855147,0.5788272130587518,30.005214616539888,40.8982788794674,0.0,HMTD-MDE,19,case57,0.03
True,32,0.04,False,20,20,False,0,False,0.7693038639191006,0.44226507935712417,0.5788272130587518,22.600516711827368,30.539147905074064,0.0,HMTD-MDE,20,case57,0.03
True,20,0.04,False,20,20,False,20,True,0.6072955715501768,0.22139726078207297,0.5788272130587518,25.523918741964735,35.996997868642225,0.0,HMTD-MDE,21,case57,0.03
True,46,0.04,False,20,20,False,0,False,0.8076840253715645,0.4103023302635497,0.5788272130587518,27.176054098526947,39.41095979535023,0.0,HMTD-MDE,22,case57,0.03
True,42,0.04,False,20,20,False,0,False,0.7650976767767409,0.4478715935297327,0.5788272130587518,31.36706039949786,54.1677722678287,0.0,HMTD-MDE,23,case57,0.03
True,56,-0.04,True,3,3,False,0,False,0.8127495523026984,0.4030316410108329,0.5788272130587518,26.930843698210083,38.82931068656035,0.0,HMTD-MDE,24,case57,0.03
True,53,0.04,False,20,20,False,52,False,0.19149450240429672,0.038460933846320086,0.5788272130587518,32.163370549096726,52.40459931083025,0.0,HMTD-MDE,25,case57,0.03
True,48,0.04,False,20,20,False,48,True,0.18971208273044207,0.03626360401357728,0.5788272130587518,29.8615562467603,47.29651843954345,0.0,HMTD-MDE,26,case57,0.03
True,24,-0.04,False,20,20,False,24,True,0.4728076215409363,0.19051712658252742,0.5788272130587518,28.10514380398672,36.57344583771192,0.0,HMTD-MDE,27,case57,0.03
True,20,0.04,False,20,20,False,19,False,0.21245053148565568,0.06735468116191991,0.5788272130587518,27.531577047193423,38.605787500273436,0.0,HMTD-MDE,28,case57,0.03
True,34,-0.04,True,18,18,False,0,False,0.8097297201253527,0.4097162815264306,0.5788272130587518,29.765741695882753,39.27004617289642,0.0,HMTD-MDE,29,case57,0.03
True,11,-0.04,True,1,1,False,11,True,3.8671819781197894e-10,0.006476937030498863,0.5788272130587518,31.136320647783577,52.957591347512825,0.0,HMTD-MDE,30,case57,0.03
True,38,0.04,False,20,20,False,0,False,0.8101581421609575,0.39995423595736346,0.5788272130587518,29.613881348632276,46.87681700743269,0.0,HMTD-MDE,31,case57,0.03
True,32,0.04,False,20,20,False,0,False,0.7899249419164619,0.41984945607992996,0.5788272130587518,27.86986455321312,38.775589282158776,0.0,HMTD-MDE,32,case57,0.03
True,15,-0.04,False,20,20,False,0,False,0.7732557127342303,0.4412056857407851,0.5788272130587518,29.262268749880604,40.35071394755507,0.0,HMTD-MDE,33,case57,0.03
True,36,0.04,False,20,20,False,35,False,0.16752399231071227,0.011498149089729584,0.5788272130587518,30.965129093965515,65.0613000005251,0.0,HMTD-MDE,34,case57,0.03
True,26,0.04,False,20,20,False,0,False,0.7763393722017209,0.4313988631909291,0.5788272130587518,28.460572959738784,56.56206873536577,0.0,HMTD-MDE,35,case57,0.03
True,28,0.04,False,20,20,False,28,True,0.5281040881406065,0.3590415115093149,0.5788272130587518,31.953825047821738,61.40735411609057,0.0,HMTD-MDE,36,case57,0.03
True,3,0.04,True,14,14,False,3,True,0.14925761928980077,0.035607758098059744,0.5788272130587518,31.01779569988139,48.39783716888635,0.0,HMTD-MDE,37,case57,0.03
True,6,0.04,False,20,20,False,6,True,0.0199604356823282,0.022785566656609194,0.5788272130587518,32.33390209788922,41.27102711936459,0.0,HMTD-MDE,38,case57,0.03
True,51,-0.04,False,20,20,False,0,False,0.8111415335906609,0.38204529898311085,0.5788272130587518,31.72320004669018,43.43960416154006,0.0,HMTD-MDE,39,case57,0.03
True,17,0.04,False,20,20,False,0,False,0.7952372970277128,0.4214689093643298,0.5788272130587518,34.804525051731616,73.40067777549848,0.0,HMTD-MDE,40,case57,0.03
True,49,-0.04,False,20,20,False,50,False,0.29676454466888985,0.10035733910267422,0.5788272130587518,28.437187647796236,36.29664821201006,0.0,HMTD-MDE,41,case57,0.03
True,19,-0.04,False,20,20,False,19,True,0.3540014251856572,0.1315375744718016,0.5788272130587518,30.155125143937767,43.824729160405695,0.0,HMTD-MDE,42,case57,0.03
True,31,0.04,False,20,20,False,0,False,0.7765467054607721,0.4285026510252675,0.5788272130587518,30.727233350626193,41.15287356544287,0.0,HMTD-MDE,43,case57,0.03
True,55,0.04,False,20,20,False,55,True,0.1836122754950889,0.015546959965020864,0.5788272130587518,28.49859999259934,39.94185414048843,0.0,HMTD-MDE,44,case57,0.03
True,2,0.04,False,20,20,False,3,False,0.17062081921624989,0.03768551164134205,0.5788272130587518,31.65555218874942,53.515591082396,0.0,HMTD-MDE,45,case57,0.03
True,34,-0.04,False,20,20,False,0,False,0.7833900838495153,0.4332985630578535,0.5788272130587518,29.11399379663635,40.81403152958956,0.0,HMTD-MDE,46,case57,0.03
True,14,-0.04,False,20,20,False,14,True,0.5233244869824362,0.21616897997123563,0.5788272130587518,27.29570420633536,36.58575592271519,0.0,HMTD-MDE,47,case57,0.03
True,1,0.04,False,20,20,False,0,False,0.7819179425309623,0.4407261652062745,0.5788272130587518,30.36967719963286,44.33518811711111,0.0,HMTD-MDE,48,case57,0.03
True,34,-0.04,False,20,20,False,0,False,0.7911320761824918,0.42153588278776144,0.5788272130587518,31.75815839786082,43.95371490682013,0.0,HMTD-MDE,49,case57,0.03
True,40,-0.04,False,20,20,False,0,False,0.8397931011699872,0.3585476070150832,0.5788272130587518,28.504381197853945,43.444252701010555,0.0,HMTD-MDE,50,case57,0.03
True,27,-0.04,False,20,20,False,0,False,0.8103077773101127,0.4115634863732243,0.5788272130587518,32.29770610341802,49.73640559765046,0.0,HMTD-MDE,51,case57,0.03
True,44,-0.04,False,20,20,False,0,False,0.7897827945288386,0.40985747200571554,0.5788272130587518,28.598318656440824,44.44731250987388,0.0,HMTD-MDE,52,case57,0.03
True,1,0.04,False,20,20,False,0,False,0.7898315688532673,0.40565745174298096,0.5788272130587518,30.592585349222645,48.42936460045168,0.0,HMTD-MDE,53,case57,0.03
True,20,-0.04,False,20,20,False,20,True,0.6426070977614586,0.2405627657914372,0.5788272130587518,33.43513129511848,57.18651311472059,0.0,HMTD-MDE,54,case57,0.03
True,41,-0.04,False,20,20,False,55,False,0.13260855817670558,0.014609280567457528,0.5788272130587518,29.807647853158414,55.188774701673545,0.0,HMTD-MDE,55,case57,0.03
True,25,0.04,False,20,20,False,0,False,0.7872101812014587,0.3812303978510479,0.5788272130587518,30.526060500415042,50.08599827124272,0.0,HMTD-MDE,56,case57,0.03
True,33,0.04,False,20,20,False,0,False,0.8218676674361871,0.3847991985784228,0.5788272130587518,34.4391690014163,54.27683932357469,0.0,HMTD-MDE,57,case57,0.03
True,42,-0.04,False,20,20,False,0,False,0.8083491457958988,0.413963118959468,0.5788272130587518,32.47485630272422,58.31979404320011,0.0,HMTD-MDE,58,case57,0.03
True,21,0.04,False,20,20,False,0,False,0.7814179238623106,0.42951406308167517,0.5788272130587518,29.56844784785062,55.10998923855369,0.0,HMTD-MDE,59,case57,0.03
True,36,-0.04,True,12,12,False,36,True,0.0889900309580351,0.011839175098082152,0.5788272130587518,27.23840620019473,40.35203892854043,0.0,HMTD-MDE,60,case57,0.03
True,46,0.04,False,20,20,False,0,False,0.7914795327957294,0.39033830017156107,0.5788272130587518,29.0770895924652,44.53318720043172,0.0,HMTD-MDE,61,case57,0.03
True,56,0.04,False,20,20,False,0,False,0.7937600991466004,0.42559534614455663,0.5788272130587518,26.38166880060453,38.06116009654943,0.0,HMTD-MDE,62,case57,0.03
True,8,-0.04,True,2,2,False,8,True,3.8671819781197475e-10,0.006145422786619424,0.5788272130587518,31.350912604830228,57.29955626011362,0.0,HMTD-MDE,63,case57,0.03
True,2,0.04,False,20,20,False,2,True,0.15199271604074618,0.040810229493345014,0.5788272130587518,32.2685538965743,59.047400002600625,0.0,HMTD-MDE,64,case57,0.03
True,43,0.04,False,20,20,False,43,True,0.5958898208527512,0.24527247736994465,0.5788272130587518,31.00228740077,44.15357738325839,0.0,HMTD-MDE,65,case57,0.03
True,11,0.04,True,1,1,False,11,True,3.8671819781197517e-10,0.006476937030498863,0.5788272130587518,33.32986260065809,59.367258951533614,0.0,HMTD-MDE,66,case57,0.03
True,7,0.04,False,20,20,False,0,False,0.8166655249946475,0.4085351284815205,0.5788272130587518,30.64926865918096,47.59696277033072,0.0,HMTD-MDE,67,case57,0.03
True,7,-0.04,False,20,20,False,0,False,0.8147213981698566,0.3186496092349851,0.5788272130587518,36.43640430527739,66.07611461367924,0.0,HMTD-MDE,68,case57,0.03
True,51,-0.04,False,20,20,False,0,False,0.8067910558660276,0.42122127074092053,0.5788272130587518,32.86677285213955,43.498747280682444,0.0,HMTD-MDE,69,case57,0.03
True,12,-0.04,True,1,1,False,12,True,3.8671819781197475e-10,0.0022526340933676186,0.5788272130587518,30.207341790082864,52.53979402768891,0.0,HMTD-MDE,70,case57,0.03
True,17,-0.04,False,20,20,False,0,False,0.8101711035985785,0.41285255769830986,0.5788272130587518,31.592770808492787,43.52270834497177,0.0,HMTD-MDE,71,case57,0.03
True,35,0.04,True,16,16,False,35,True,0.16595809613041088,0.011486496361605624,0.5788272130587518,30.31534180045128,41.37848814425524,0.0,HMTD-MDE,72,case57,0.03
True,37,0.04,False,20,20,False,37,True,0.19259649611370838,0.10125063407535699,0.5788272130587518,30.983826995361596,41.10773508436978,0.0,HMTD-MDE,73,case57,0.03
True,11,0.04,True,1,1,False,11,True,3.8671819781197475e-10,0.006476937030498863,0.5788272130587518,31.822237503365617,42.14717117429246,0.0,HMTD-MDE,74,case57,0.03
True,43,-0.04,False,20,20,False,43,True,0.17647943423464255,0.099165311050043,0.5788272130587518,30.59288554941304,46.28255559655374,0.0,HMTD-MDE,75,case57,0.03
True,39,0.04,False,20,20,False,0,False,0.7920562191551143,0.4204913982378463,0.5788272130587518,27.17919174756389,37.852660761564046,0.0,HMTD-MDE,76,case57,0.03
True,41,-0.04,True,8,8,False,55,False,0.17084469333044622,0.013917684688460174,0.5788272130587518,32.81553538690787,48.165075265569634,0.0,HMTD-MDE,77,case57,0.03
True,11,-0.04,True,2,2,False,11,True,3.8671819781197475e-10,0.006476937030498863,0.5788272130587518,32.1563645004062,54.65175626159183,0.0,HMTD-MDE,78,case57,0.03
True,24,0.04,True,19,19,False,0,False,0.7990839640116922,0.4101704851497439,0.5788272130587518,32.545958351693116,53.18094404065055,0.0,HMTD-MDE,79,case57,0.03
True,26,-0.04,False,20,20,False,0,False,0.7949490014107579,0.4058006320056924,0.5788272130587518,28.191039647208527,40.99413507210558,0.0,HMTD-MDE,80,case57,0.03
True,37,0.04,False,20,20,False,0,False,0.7821248765587457,0.426900642922269,0.5788272130587518,29.37644999474287,44.98889134556522,0.0,HMTD-MDE,81,case57,0.03
True,26,-0.04,False,20,20,False,0,False,0.7763023311447863,0.4401222081845459,0.5788272130587518,33.66732920112554,54.85251632344445,0.0,HMTD-MDE,82,case57,0.03
True,20,-0.04,False,20,20,False,20,True,0.2383105820030225,0.07907956905414482,0.5788272130587518,36.21898940473329,65.1186457631411,0.0,HMTD-MDE,83,case57,0.03
True,54,0.04,False,20,20,False,0,False,0.7856082050858431,0.43033993173883334,0.5788272130587518,33.23628339567222,58.13512085005642,0.0,HMTD-MDE,84,case57,0.03
True,31,0.04,False,20,20,False,0,False,0.810967704961225,0.38510918710722675,0.5788272130587518,31.815529000596143,64.1023038275307,0.0,HMTD-MDE,85,case57,0.03
True,28,0.04,False,20,20,False,0,False,0.7863957636882828,0.4192820077913483,0.5788272130587518,32.4916310433764,52.49677228275687,0.0,HMTD-MDE,86,case57,0.03
True,26,-0.04,False,20,20,False,0,False,0.7981281343078522,0.36894576216815844,0.5788272130587518,31.239966847351752,43.44931943051052,0.0,HMTD-MDE,87,case57,0.03
True,17,-0.04,False,20,20,False,38,False,0.6968711504579747,0.2859766172225038,0.5788272130587518,31.393514544470236,42.47809166263324,0.0,HMTD-MDE,88,case57,0.03
True,55,-0.04,True,10,10,False,55,True,0.1707056105768071,0.014395655577003435,0.5788272130587518,29.179860491422005,40.92015146743506,0.0,HMTD-MDE,89,case57,0.03
True,11,0.04,True,1,1,False,11,True,3.8671819781197475e-10,0.006476937030498863,0.5788272130587518,28.23337495501619,39.99018327740487,0.0,HMTD-MDE,90,case57,0.03
True,48,-0.04,False,20,20,False,48,True,0.018210697333178424,0.02631214292823407,0.5788272130587518,30.977541545871645,48.67654940462671,0.0,HMTD-MDE,91,case57,0.03
True,50,-0.04,False,20,20,False,50,True,0.13032380740409302,0.061597356296944225,0.5788272130587518,32.608587603317574,53.62775860703553,0.0,HMTD-MDE,92,case57,0.03
True,53,-0.04,False,20,20,False,53,True,0.18270872082930736,0.036528622366871405,0.5788272130587518,30.222549955942668,52.65340001496952,0.0,HMTD-MDE,93,case57,0.03
True,43,0.04,False,20,20,False,37,False,0.2323143046305681,0.11248911141313406,0.5788272130587518,33.778643648838624,69.05798722291367,0.0,HMTD-MDE,94,case57,0.03
True,40,-0.04,False,20,20,False,40,True,0.20991480185615524,0.09524192998221322,0.5788272130587518,33.133333394653164,55.35137287515682,0.0,HMTD-MDE,95,case57,0.03
True,10,-0.04,False,20,20,False,10,True,3.867181428929176e-10,0.011443192494109071,0.5788272130587518,27.924800003529526,37.062210458680056,0.0,HMTD-MDE,96,case57,0.03
True,14,0.04,False,20,20,False,14,True,0.22441266919632388,0.10512644090824987,0.5788272130587518,28.2743853982538,50.06811846396886,0.0,HMTD-MDE,97,case57,0.03
True,53,-0.04,False,20,20,False,52,False,0.23012190470220512,0.05175563550280282,0.5788272130587518,32.16389984590933,44.707891630241654,0.0,HMTD-MDE,98,case57,0.03
True,49,-0.04,False,20,20,False,49,True,0.6336587168244006,0.22508614621744039,0.5788272130587518,29.762345805647783,46.55072739406026,0.0,HMTD-MDE,99,case57,0.03
True,56,0.04,False,20,20,False,0,False,0.7757011748091013,0.3060479854629263,0.5788272130587518,33.51003534044139,55.733699665870525,0.0,HMTD-MDE,100,case57,0.03
True,17,-0.04,False,20,20,False,20,False,0.7219291159885611,0.29449795345395713,0.5788272130587518,28.133827101555653,44.75547526380979,0.0,HMTD-MDE,101,case57,0.03
True,12,0.04,True,1,1,False,12,True,3.8671819781197475e-10,0.0022526340933676186,0.5788272130587518,29.778608251945116,39.36224761418998,0.0,HMTD-MDE,102,case57,0.03
True,48,-0.04,False,20,20,False,48,True,0.006849010289435852,0.026090672219587534,0.5788272130587518,30.375056253978983,48.788075553602546,0.0,HMTD-MDE,103,case57,0.03
True,31,0.04,False,20,20,False,0,False,0.7668636098146081,0.3110825608140771,0.5788272130587518,30.691614496754482,57.30047682009174,0.0,HMTD-MDE,104,case57,0.03
True,31,0.04,False,20,20,False,0,False,0.7909293230508324,0.4152815181895641,0.5788272130587518,34.83172489795834,53.476560724084294,0.0,HMTD-MDE,105,case57,0.03
True,41,-0.04,False,20,20,False,55,False,0.1690382572739689,0.01406556415773251,0.5788272130587518,31.95718975039199,52.47980240674225,0.0,HMTD-MDE,106,case57,0.03
True,16,-0.04,False,20,20,False,0,False,0.7751563429196185,0.44056888919162085,0.5788272130587518,32.697993848705664,68.63540420017671,0.0,HMTD-MDE,107,case57,0.03
True,20,0.04,False,20,20,False,20,True,0.30655023654785035,0.09947469217370357,0.5788272130587518,29.186708337510936,39.02555146196393,0.0,HMTD-MDE,108,case57,0.03
True,50,0.04,False,20,20,False,48,False,0.25058420242101026,0.054646040786917253,0.5788272130587518,30.747879145201296,48.77771456958726,0.0,HMTD-MDE,109,case57,0.03
True,17,0.04,False,20,20,False,0,False,0.795225007337295,0.4234964394923625,0.5788272130587518,31.103804204030894,49.15034998266493,0.0,HMTD-MDE,110,case57,0.03
True,41,0.04,True,1,1,False,41,True,0.17132534601432003,0.013727146670343356,0.5788272130587518,30.53712499095127,43.06683959148359,0.0,HMTD-MDE,111,case57,0.03
True,15,0.04,False,20,20,False,0,False,0.7937744266022461,0.4268091074878141,0.5788272130587518,28.3371563476976,40.28196072904394,0.0,HMTD-MDE,112,case57,0.03
True,12,-0.04,True,1,1,False,12,True,3.8671819781197475e-10,0.0022526340933676186,0.5788272130587518,34.87889145035297,61.59010798146483,0.0,HMTD-MDE,113,case57,0.03
True,33,-0.04,False,20,20,False,0,False,0.7751296499523367,0.33047276193889646,0.5788272130587518,31.154943650471978,55.645037215435885,0.0,HMTD-MDE,114,case57,0.03
True,8,0.04,True,1,1,False,8,True,3.867181978119748e-10,0.006145422786619424,0.5788272130587518,34.75191665056627,64.09239022177645,0.0,HMTD-MDE,115,case57,0.03
True,16,-0.04,False,20,20,False,0,False,0.7802550988150211,0.4329183616818234,0.5788272130587518,30.46884174400475,40.10527502687183,0.0,HMTD-MDE,116,case57,0.03
True,46,-0.04,False,20,20,False,0,False,0.7860860871163984,0.4072913939953573,0.5788272130587518,39.21343325055204,70.97207702172456,0.0,HMTD-MDE,117,case57,0.03
True,8,-0.04,True,6,6,False,8,True,3.892871019185107e-10,0.006145422786617946,0.5788272130587518,33.75852309691254,56.71636074548589,0.0,HMTD-MDE,118,case57,0.03
True,20,0.04,False,20,20,False,20,True,0.20040228209181918,0.06278188369013239,0.5788272130587518,32.61055830807891,68.64910353615416,0.0,HMTD-MDE,119,case57,0.03
True,52,-0.04,False,20,20,False,53,False,0.27993484574620625,0.0768478195224516,0.5788272130587518,31.5133396507008,48.0290437146323,0.0,HMTD-MDE,120,case57,0.03
True,9,-0.04,False,20,20,False,49,False,0.5004706989562687,0.12125093196876693,0.5788272130587518,28.83864370523952,39.40307882148773,0.0,HMTD-MDE,121,case57,0.03
True,21,0.04,False,20,20,False,0,False,0.7856455347796393,0.43071998010497453,0.5788272130587518,32.43005000113044,46.219335697242066,0.0,HMTD-MDE,122,case57,0.03
True,43,0.04,False,20,20,False,43,True,0.17538380808025705,0.09891933963013111,0.5788272130587518,34.88434574683197,65.19336277560797,0.0,HMTD-MDE,123,case57,0.03
True,18,-0.04,True,9,9,False,0,False,0.8285360632443617,0.37859948694646706,0.5788272130587518,46.615531254792586,159.67305209778715,0.0,HMTD-MDE,124,case57,0.03
True,38,-0.04,False,20,20,False,38,True,0.6922803445505428,0.33872130982312226,0.5788272130587518,31.22227085113991,50.788168425788186,0.0,HMTD-MDE,125,case57,0.03
True,47,-0.04,False,20,20,False,0,False,0.8078158195545414,0.3835864297498238,0.5788272130587518,33.88086449995171,58.56456700421404,0.0,HMTD-MDE,126,case57,0.03
True,51,-0.04,False,20,20,False,0,False,0.782504072694383,0.3293668673935876,0.5788272130587518,38.215806148946285,81.3276190630859,0.0,HMTD-MDE,127,case57,0.03
True,23,0.04,True,0,0,False,0,False,0.7802957466141552,0.43265388915759845,0.5788272130587518,30.194710395880975,40.70045558037236,0.0,HMTD-MDE,128,case57,0.03
True,40,0.04,True,15,15,False,40,True,0.5849349901249098,0.19992131131045704,0.5788272130587518,38.490129148704,90.05600863602015,0.0,HMTD-MDE,129,case57,0.03
True,20,-0.04,False,20,20,False,19,False,0.35732502974571173,0.12815608956527744,0.5788272130587518,30.09058534516953,48.49537527188659,0.0,HMTD-MDE,130,case57,0.03
True,51,-0.04,False,20,20,False,0,False,0.7461039860801003,0.3413953005271381,0.5788272130587518,28.670281294034794,39.26896668563133,0.0,HMTD-MDE,131,case57,0.03
True,26,0.04,False,20,20,False,0,False,0.7918276685457921,0.42163639441558376,0.5788272130587518,31.070326999179088,50.90518326323945,0.0,HMTD-MDE,132,case57,0.03
True,43,-0.04,True,7,7,False,43,True,0.5154583461355018,0.20527759696608056,0.5788272130587518,29.426002045511268,44.80529576248956,0.0,HMTD-MDE,133,case57,0.03
True,54,-0.04,False,20,20,False,0,False,0.7715317049618525,0.4399349659902537,0.5788272130587518,29.110929049784318,41.4037329988787,0.0,HMTD-MDE,134,case57,0.03
True,32,0.04,False,20,20,False,0,False,0.7871375273600248,0.43683084426544505,0.5788272130587518,33.53734990814701,62.092651761486216,0.0,HMTD-MDE,135,case57,0.03
True,47,0.04,False,20,20,False,40,False,0.7769950897447782,0.3033987593254839,0.5788272130587518,30.66915415110998,47.4119107646402,0.0,HMTD-MDE,136,case57,0.03
True,51,0.04,True,2,2,False,0,False,0.7945044974101629,0.42102537982170185,0.5788272130587518,33.59431024873629,49.76162256789396,0.0,HMTD-MDE,137,case57,0.03
True,53,0.04,False,20,20,False,53,True,0.2898479692208327,0.09256610861037375,0.5788272130587518,33.47614575759508,52.833050358458436,0.0,HMTD-MDE,138,case57,0.03
True,54,0.04,False,20,20,False,45,False,0.7399661494168754,0.37423266125037413,0.5788272130587518,33.53366660303436,54.539455630583696,0.0,HMTD-MDE,139,case57,0.03
True,20,0.04,False,20,20,False,19,False,0.18980092455184222,0.059389655981464735,0.5788272130587518,33.56822689820547,55.312670531566255,0.0,HMTD-MDE,140,case57,0.03
True,52,0.04,False,20,20,False,53,False,0.22884603681378085,0.05130012506157884,0.5788272130587518,31.764516653493043,47.01803128700704,0.0,HMTD-MDE,141,case57,0.03
True,10,0.04,False,20,20,False,10,True,5.900646719881275e-10,0.011443192505144873,0.5788272130587518,32.468979197437875,53.531920799287036,0.0,HMTD-MDE,142,case57,0.03
True,12,-0.04,True,1,1,False,12,True,3.8671819781197475e-10,0.0022526340933676186,0.5788272130587518,33.49676050420385,55.50531486223918,0.0,HMTD-MDE,143,case57,0.03
True,10,0.04,True,9,9,False,10,True,3.867181978119985e-10,0.01144319249410907,0.5788272130587518,30.035668905475177,52.46259587001987,0.0,HMTD-MDE,144,case57,0.03
True,11,-0.04,True,1,1,False,11,True,3.867181703522202e-10,0.006476937030498863,0.5788272130587518,28.646564594237134,44.66989852371626,0.0,HMTD-MDE,145,case57,0.03
True,25,-0.04,False,20,20,False,0,False,0.8221039774816118,0.3518334327279175,0.5788272130587518,34.20531654555816,56.67694999137894,0.0,HMTD-MDE,146,case57,0.03
True,36,0.04,False,20,20,False,36,True,0.13032150302377216,0.011764413804021085,0.5788272130587518,28.61993960395921,39.28060556063432,0.0,HMTD-MDE,147,case57,0.03
True,44,-0.04,False,20,20,False,0,False,0.7955857185001471,0.4213831889597808,0.5788272130587518,33.689135406166315,52.90432057227012,0.0,HMTD-MDE,148,case57,0.03
True,24,0.04,False,20,20,False,0,False,0.7695057448510466,0.33063903838764325,0.5788272130587518,30.314681207528338,44.00546599063092,0.0,HMTD-MDE,149,case57,0.03
True,3,0.04,False,20,20,False,3,True,0.17062530384162009,0.03772851491709666,0.5788272130587518,32.34381054935511,57.820049993461005,0.0,HMTD-MDE,150,case57,0.03
True,42,0.04,False,20,20,False,0,False,0.7840417152592273,0.4305956831499972,0.5788272130587518,32.48244585120119,53.36665798677132,0.0,HMTD-MDE,151,case57,0.03
True,23,0.04,False,20,20,False,0,False,0.8122853148638349,0.3928078346988585,0.5788272130587518,28.113610559375957,40.741310748853735,0.0,HMTD-MDE,152,case57,0.03
True,45,0.04,False,20,20,False,0,False,0.7995652827961378,0.4032442714028527,0.5788272130587518,30.953283249982633,48.05136494105683,0.0,HMTD-MDE,153,case57,0.03
True,24,-0.04,False,20,20,False,29,False,0.6914021111145592,0.2782459597210081,0.5788272130587518,29.292995689320378,35.77726009243634,0.0,HMTD-MDE,154,case57,0.03
True,22,-0.04,False,20,20,False,45,False,0.7530306761846743,0.36605863009474504,0.5788272130587518,31.511414502165284,54.071518755517914,0.0,HMTD-MDE,155,case57,0.03
True,23,0.04,False,20,20,False,0,False,0.7763876353234839,0.4366570344104661,0.5788272130587518,29.990725152310915,47.99981315445621,0.0,HMTD-MDE,156,case57,0.03
True,54,0.04,False,20,20,False,0,False,0.8031589531750812,0.41952077378267566,0.5788272130587518,28.610356256831437,40.02352257084569,0.0,HMTD-MDE,157,case57,0.03
True,33,-0.04,False,20,20,False,0,False,0.7941486669053992,0.3939096146306711,0.5788272130587518,37.60992500174325,67.51246848725715,0.0,HMTD-MDE,158,case57,0.03
True,39,-0.04,False,20,20,False,0,False,0.7695919004368273,0.4447467777546382,0.5788272130587518,36.38157719979063,60.29468509950675,0.0,HMTD-MDE,159,case57,0.03
True,13,0.04,True,1,1,False,13,True,3.8671819781197475e-10,0.005327704340686255,0.5788272130587518,32.873220852343366,53.06717145722361,0.0,HMTD-MDE,160,case57,0.03
True,38,0.04,False,20,20,False,56,False,0.5189582225824046,0.24351960455499963,0.5788272130587518,32.60482500481885,70.62026280327701,0.0,HMTD-MDE,161,case57,0.03
True,35,0.04,True,4,4,False,35,True,0.1281929211543264,0.011355221707340867,0.5788272130587518,28.90601246326696,37.75232742191292,0.0,HMTD-MDE,162,case57,0.03
True,26,-0.04,False,20,20,False,0,False,0.7801085537765744,0.4300339365469693,0.5788272130587518,30.340822867583483,54.42085866234266,0.0,HMTD-MDE,163,case57,0.03
True,1,0.04,False,20,20,False,0,False,0.8015934690290679,0.4114735397393069,0.5788272130587518,27.985210553742945,42.46455593674909,0.0,HMTD-MDE,164,case57,0.03
True,49,-0.04,False,20,20,False,0,False,0.7946140291122323,0.31236743522904586,0.5788272130587518,31.617552100215107,49.189502722583725,0.0,HMTD-MDE,165,case57,0.03
True,40,0.04,False,20,20,False,40,True,0.7873940268595186,0.27639534267455845,0.5788272130587518,30.999206341220997,53.52520862652456,0.0,HMTD-MDE,166,case57,0.03
True,40,0.04,False,20,20,False,0,False,0.8146934959343414,0.3267428689229672,0.5788272130587518,33.434793798369355,52.21636463247707,0.0,HMTD-MDE,167,case57,0.03
True,28,0.04,False,20,20,False,6,False,0.7333015073553422,0.292691274914052,0.5788272130587518,30.63139995210804,58.16875626333058,0.0,HMTD-MDE,168,case57,0.03
True,38,0.04,False,20,20,False,0,False,0.7907634523131302,0.42933051056937066,0.5788272130587518,29.26327080349438,50.72547884483356,0.0,HMTD-MDE,169,case57,0.03
True,27,0.04,False,20,20,False,0,False,0.7685295987449392,0.442252640102868,0.5788272130587518,34.018018798087724,55.36820350680501,0.0,HMTD-MDE,170,case57,0.03
True,30,-0.04,False,20,20,False,29,False,0.44203569633660245,0.1822983841338362,0.5788272130587518,34.02338965097442,59.926128818187884,0.0,HMTD-MDE,171,case57,0.03
True,31,-0.04,False,20,20,False,0,False,0.8071152199532721,0.36275805806013806,0.5788272130587518,31.017431247164495,48.191158339614056,0.0,HMTD-MDE,172,case57,0.03
True,27,0.04,False,20,20,False,0,False,0.8190757683502801,0.3494543074264048,0.5788272130587518,35.654795763548464,52.98848124220971,0.0,HMTD-MDE,173,case57,0.03
True,51,0.04,False,20,20,False,0,False,0.8219409755733695,0.3362874810589406,0.5788272130587518,32.70584805577528,41.72574763069861,0.0,HMTD-MDE,174,case57,0.03
True,28,0.04,False,20,20,False,0,False,0.7767993288309467,0.3374848936852452,0.5788272130587518,35.58153324411251,54.977649720967776,0.0,HMTD-MDE,175,case57,0.03
True,33,-0.04,False,20,20,False,28,False,0.6909146369167986,0.36422261303662296,0.5788272130587518,32.38492689852137,47.40487050439705,0.0,HMTD-MDE,176,case57,0.03
True,20,-0.04,False,20,20,False,19,False,0.6561335034616343,0.2779801440674866,0.5788272130587518,29.00996870303061,47.42923126905226,0.0,HMTD-MDE,177,case57,0.03
True,5,0.04,False,20,20,False,5,True,0.0018604345893850683,0.019649330311312208,0.5788272130587518,34.88546854641754,77.43747225031257,0.0,HMTD-MDE,178,case57,0.03
True,38,0.04,False,20,20,False,0,False,0.7776821886598245,0.43389560770169155,0.5788272130587518,31.89202084904537,50.531860446790255,0.0,HMTD-MDE,179,case57,0.03
True,52,-0.04,False,20,20,False,52,True,0.20090989210390742,0.0409616951835388,0.5788272130587518,31.56453555566259,53.490954489097945,0.0,HMTD-MDE,180,case57,0.03
True,48,0.04,False,20,20,False,48,True,0.013813387190186438,0.026279097973233915,0.5788272130587518,29.522274900227785,42.084950304706595,0.0,HMTD-MDE,181,case57,0.03
True,32,-0.04,False,20,20,False,0,False,0.7909603437986329,0.4262520600265881,0.5788272130587518,25.771658346639015,32.55364342185204,0.0,HMTD-MDE,182,case57,0.03
True,48,0.04,False,20,20,False,48,True,0.1686210348863243,0.034817979901933596,0.5788272130587518,30.911901951185428,50.954927070415586,0.0,HMTD-MDE,183,case57,0.03
True,48,0.04,False,20,20,False,50,False,0.13220098292965385,0.044953891199515365,0.5788272130587518,24.337618850404397,34.1881797707174,0.0,HMTD-MDE,184,case57,0.03
True,5,0.04,True,12,12,False,5,True,0.13744057597402912,0.02042458508945428,0.5788272130587518,35.195189592195675,53.045599994948134,0.0,HMTD-MDE,185,case57,0.03
True,41,0.04,False,20,20,False,41,True,0.17123374432912714,0.013731784162753289,0.5788272130587518,29.54105404787697,36.80869519885164,0.0,HMTD-MDE,186,case57,0.03
True,29,-0.04,False,20,20,False,0,False,0.7807001123068573,0.3498506222968999,0.5788272130587518,23.299172904808074,30.492702435003597,0.0,HMTD-MDE,187,case57,0.03
True,10,-0.04,True,11,11,False,10,True,3.86718033054177e-10,0.011443192494109076,0.5788272130587518,28.134314451017417,45.23786247591488,0.0,HMTD-MDE,188,case57,0.03
True,13,0.04,True,1,1,False,13,True,3.8671819781197475e-10,0.005327704340686255,0.5788272130587518,19.025012548081577,22.784300666535273,0.0,HMTD-MDE,189,case57,0.03
True,7,-0.04,False,20,20,False,0,False,0.7927962896131819,0.407295978085604,0.5788272130587518,29.39998350047972,51.161573536228396,0.0,HMTD-MDE,190,case57,0.03
True,34,-0.04,False,20,20,False,0,False,0.7449483566519697,0.314485415020109,0.5788272130587518,28.319035403546877,39.10146247362718,0.0,HMTD-MDE,191,case57,0.03
True,23,-0.04,False,20,20,False,0,False,0.8070727412060482,0.4085880126298529,0.5788272130587518,19.563214702066034,23.327591706765816,0.0,HMTD-MDE,192,case57,0.03
True,22,-0.04,False,20,20,False,0,False,0.7904543474187121,0.4280985545111853,0.5788272130587518,32.15793959971052,47.876068454934284,0.0,HMTD-MDE,193,case57,0.03
True,53,-0.04,False,20,20,False,53,True,0.2176912096257428,0.04657929671213346,0.5788272130587518,19.448766653658822,22.82394581416156,0.0,HMTD-MDE,194,case57,0.03
True,40,0.04,False,20,20,False,40,True,0.23053272946582148,0.08126437229652761,0.5788272130587518,29.47882699663751,48.79337497695816,0.0,HMTD-MDE,195,case57,0.03
True,4,-0.04,False,20,20,False,0,False,0.8089902557074842,0.39321545611883946,0.5788272130587518,18.502295849611983,22.306112485239282,0.0,HMTD-MDE,196,case57,0.03
True,23,0.04,False,20,20,False,0,False,0.7840568474585442,0.4331465366146389,0.5788272130587518,13.852339491131715,16.879663162399083,0.0,HMTD-MDE,197,case57,0.03
True,17,0.04,False,20,20,False,0,False,0.819587909117853,0.3954957998595632,0.5788272130587518,20.240670896600932,24.479660746874288,0.0,HMTD-MDE,198,case57,0.03
True,28,0.04,False,20,20,False,0,False,0.7936040086117816,0.42234066494587197,0.5788272130587518,15.929516847245397,17.782544053625315,0.0,HMTD-MDE,199,case57,0.03
True,26,-0.04,True,5,5,False,26,True,0.1726351519611921,0.04445873345076671,0.5675405796370233,363.07548735057935,422.7763913891989,0.0,MS-HIDE,0,case57,0.03
True,49,-0.04,False,20,20,False,49,True,0.00026827681329355866,0.019113138760349157,0.43431781061927677,277.39403329615016,327.8780514345272,0.0,MS-HIDE,1,case57,0.03
True,53,-0.04,False,20,20,False,53,True,0.1714416175142933,0.01838217605788075,0.4119686433927644,369.98124164820183,422.18600213236766,0.0,MS-HIDE,2,case57,0.03
True,37,0.04,False,20,20,False,37,True,0.17145737196504957,0.018352377196508885,0.5386754504455546,287.93694584746845,350.8055208454607,0.0,MS-HIDE,3,case57,0.03
True,46,0.04,True,17,17,False,0,False,0.7433236105916786,0.31212139787186743,0.5534660309286371,273.74282914970536,342.958698226721,0.0,MS-HIDE,4,case57,0.03
True,17,0.04,False,20,20,False,17,True,0.1745927143075393,0.06700720846766958,0.4737653204193274,375.96809588721953,455.6988350814221,0.0,MS-HIDE,5,case57,0.03
True,24,0.04,False,20,20,False,24,True,0.17582367669573462,0.03570387988661463,0.5111207416043135,275.78740001190454,338.6081726377597,0.0,MS-HIDE,6,case57,0.03
True,3,0.04,False,20,20,False,3,True,4.193528169355234e-10,0.013748839555114275,0.49518932811301636,372.644214698812,454.71839231613677,0.0,MS-HIDE,7,case57,0.03
True,8,-0.04,True,2,2,False,8,True,3.8671819781207536e-10,0.00542325475194328,0.4567428764763513,276.5849187562708,322.9559330124175,0.0,MS-HIDE,8,case57,0.03
True,22,0.04,False,20,20,False,0,False,0.7159466464324843,0.3243869812547565,0.517417245976499,279.50569795502815,377.1725201921072,0.0,MS-HIDE,9,case57,0.03
True,29,-0.04,True,16,16,False,29,True,0.17147395608024502,0.023439866077849852,0.5678126711950163,373.95070814236533,442.69406425883193,0.0,MS-HIDE,10,case57,0.03
True,28,-0.04,True,15,15,False,28,True,5.411585611540017e-07,0.010793941484695573,0.5712364545584282,278.93706670438405,349.94677737995517,0.0,MS-HIDE,11,case57,0.03
True,8,0.04,True,6,6,False,8,True,3.8671819781197475e-10,0.005395367171908446,0.47554154897584294,356.8719917559065,418.63722051493943,0.0,MS-HIDE,12,case57,0.03
True,28,-0.04,False,20,20,False,28,True,4.006112625376846e-10,0.010774771320597006,0.5677315571856134,268.8381833024323,337.8818499884801,0.0,MS-HIDE,13,case57,0.03
True,22,0.04,False,20,20,False,0,False,0.7106270913350351,0.33725955279416386,0.5250491492598102,273.4936937544262,352.6818746351637,0.0,MS-HIDE,14,case57,0.03
True,26,0.04,False,20,20,False,26,True,0.2099137569779321,0.051164886177072606,0.5138910565209689,372.15856249968056,448.3515583706334,0.0,MS-HIDE,15,case57,0.03
True,40,-0.04,False,20,20,False,0,False,0.7580153572154178,0.23487378996520894,0.4630389872400388,282.04293960297946,338.50244411441963,0.0,MS-HIDE,16,case57,0.03
True,1,-0.04,False,20,20,False,0,False,0.7851100708405732,0.24418962464991023,0.545803924941347,360.7278834504541,425.25668570306266,0.0,MS-HIDE,17,case57,0.03
True,37,-0.04,False,20,20,False,43,False,0.1715933733313502,0.018518666086986192,0.5149246776374957,269.30105825304054,331.87723809387535,0.0,MS-HIDE,18,case57,0.03
True,42,-0.04,False,20,20,False,42,True,0.005034144076937286,0.03779944133007319,0.5328292505238021,267.06794810306747,368.83967564499477,0.0,MS-HIDE,19,case57,0.03
True,32,0.04,False,20,20,False,0,False,0.753585819121307,0.2866437144388201,0.4920876822663522,374.1641021479154,458.2689020200646,0.0,MS-HIDE,20,case57,0.03
True,20,0.04,True,9,9,False,19,False,0.1714416009548473,0.020674961762134497,0.4369409201151879,281.2640896416269,323.7300181324827,0.0,MS-HIDE,21,case57,0.03
True,46,0.04,False,20,20,False,0,False,0.7190017323734229,0.31814052942171683,0.5260320983260454,367.81591881008353,432.45472503185863,0.0,MS-HIDE,22,case57,0.03
True,42,0.04,False,20,20,False,42,True,0.007488468676591524,0.040464892584832,0.5097241341523375,281.5756207477534,342.13031692488585,0.0,MS-HIDE,23,case57,0.03
True,56,-0.04,True,3,3,False,0,False,0.7332866797904325,0.31385674733002655,0.5411741431049282,281.0733292484656,345.7330839621136,0.0,MS-HIDE,24,case57,0.03
True,53,0.04,False,20,20,False,52,False,0.17144160367706363,0.018360102472841984,0.4515332227902914,280.27343335270416,384.43922298320103,0.0,MS-HIDE,25,case57,0.03
True,48,0.04,False,20,20,False,48,True,7.943957676246876e-09,0.014544501032520514,0.4937176012762766,268.1109750003088,322.7512103912886,0.0,MS-HIDE,26,case57,0.03
True,24,-0.04,False,20,20,False,24,True,0.17154013767614043,0.023772507441422078,0.5911963575878373,287.6169105467852,372.2908353927778,0.0,MS-HIDE,27,case57,0.03
True,20,0.04,False,20,20,False,19,False,0.1714416012150795,0.02077833796451534,0.4731637319510619,264.4497897068504,316.92094792961143,0.0,MS-HIDE,28,case57,0.03
True,34,-0.04,True,18,18,False,34,True,7.888041268066419e-06,0.02360565178074066,0.45627380225964975,268.581283261301,321.32232289295644,0.0,MS-HIDE,29,case57,0.03
True,11,-0.04,True,3,3,False,11,True,3.8671819781197486e-10,0.005764338715223965,0.48822550988005015,282.91301876015496,345.91037075442733,0.0,MS-HIDE,30,case57,0.03
True,38,0.04,False,20,20,False,0,False,0.7289459582113851,0.3179817228402451,0.5192811133556317,266.1665123945568,327.3991020716494,0.0,MS-HIDE,31,case57,0.03
True,32,0.04,False,20,20,False,0,False,0.7531099478312011,0.3038221571546465,0.4966862192687872,277.0730793912662,332.1224735496799,0.0,MS-HIDE,32,case57,0.03
True,15,-0.04,False,20,20,False,0,False,0.7067251338319966,0.3285550198970103,0.5247715272716873,267.045427049743,313.2845586107578,0.0,MS-HIDE,33,case57,0.03
True,36,0.04,False,20,20,False,36,True,0.0002970828314079932,0.010593025877071586,0.473088134069015,259.83632699935697,324.2945139412768,0.0,MS-HIDE,34,case57,0.03
True,26,0.04,False,20,20,False,26,True,0.17240279307133374,0.04248107736331761,0.5280309789635105,276.64326889207587,329.07337143260526,0.0,MS-HIDE,35,case57,0.03
True,28,0.04,False,20,20,False,28,True,0.000127182504458688,0.011023939496609427,0.5193475230287783,269.3935021496145,329.7368041938171,0.0,MS-HIDE,36,case57,0.03
True,3,0.04,True,14,14,False,3,True,1.458885545319253e-07,0.013811406181271529,0.47446206713961286,266.63169380044565,339.85891462361906,0.0,MS-HIDE,37,case57,0.03
True,6,0.04,False,20,20,False,6,True,0.011657998501678736,0.019088791520634637,0.5500149089121865,252.03383335028772,324.27936487074476,0.0,MS-HIDE,38,case57,0.03
True,51,-0.04,False,20,20,False,51,True,0.5524978614535948,0.2274118279749715,0.4992350471016317,256.3289249490481,313.7064187583747,0.0,MS-HIDE,39,case57,0.03
True,17,0.04,False,20,20,False,0,False,0.7395853772463249,0.3124220182754278,0.5309835582656466,264.9915478978073,348.7209514452843,0.0,MS-HIDE,40,case57,0.03
True,49,-0.04,True,12,12,False,49,True,2.621311881235757e-05,0.01968375273567351,0.43836181154342846,267.3569833044894,336.54614313563803,0.0,MS-HIDE,41,case57,0.03
True,19,-0.04,False,20,20,False,19,True,0.1714416009440448,0.020713475017941158,0.4645878041827238,264.7958334418945,342.2217309125699,0.0,MS-HIDE,42,case57,0.03
True,31,0.04,False,20,20,False,31,True,0.166794173379487,0.03686740322557434,0.4951907458547,272.1204603469232,337.8021181706572,0.0,MS-HIDE,43,case57,0.03
True,55,0.04,False,20,20,False,55,True,0.0018803182161650017,0.012444442491516326,0.5125390580053671,265.85617709497456,319.93515838694293,0.0,MS-HIDE,44,case57,0.03
True,2,0.04,False,20,20,False,2,True,3.940830923105493e-06,0.019013058923244886,0.5005232068941988,267.7952771540731,324.17344132845756,0.0,MS-HIDE,45,case57,0.03
True,34,-0.04,True,18,18,False,34,True,7.289402795493861e-06,0.028043278926930402,0.49011433884648825,272.30689999996684,348.8320541277062,0.0,MS-HIDE,46,case57,0.03
True,14,-0.04,True,18,18,False,14,True,6.408007175427772e-06,0.016558528957909095,0.5439054574572799,269.0361790446332,330.0658121763263,0.0,MS-HIDE,47,case57,0.03
True,1,0.04,False,20,20,False,0,False,0.7205796686354766,0.3277119993120322,0.5202486402030786,266.66618124581873,330.95477085735183,0.0,MS-HIDE,48,case57,0.03
True,34,-0.04,False,20,20,False,34,True,2.3010934270218313e-06,0.023398823970959402,0.4422470587793814,270.7575146079762,314.89028815994976,0.0,MS-HIDE,49,case57,0.03
True,40,-0.04,False,20,20,False,40,True,0.10959171349912147,0.10611781462877595,0.5222905541018137,257.7753479999956,313.6458547669463,0.0,MS-HIDE,50,case57,0.03
True,27,-0.04,True,12,12,False,27,True,6.125914550993155e-07,0.01354221792124668,0.5471934812143677,266.17068745254073,332.8273955063196,0.0,MS-HIDE,51,case57,0.03
True,44,-0.04,False,20,20,False,44,True,0.3403831714734292,0.05214355116664799,0.5404929274847403,258.21302495896816,325.706287228968,0.0,MS-HIDE,52,case57,0.03
True,1,0.04,False,20,20,False,0,False,0.7316315980225405,0.31997936202041577,0.508412428347079,268.06909380538855,333.58335625380283,0.0,MS-HIDE,53,case57,0.03
True,20,-0.04,False,20,20,False,20,True,0.17144160573470077,0.020668933786107284,0.4317947781649538,263.3647227921756,311.1300145974383,0.0,MS-HIDE,54,case57,0.03
True,41,-0.04,False,20,20,False,41,True,0.021260480371733965,0.01442360130194614,0.5071613205077294,260.5065417010337,326.56188363034744,0.0,MS-HIDE,55,case57,0.03
True,25,0.04,False,20,20,False,0,False,0.7217521041597365,0.33455540439018794,0.48292345941216175,264.5556582516292,349.29600629548077,0.0,MS-HIDE,56,case57,0.03
True,33,0.04,False,20,20,False,0,False,0.7597034306951191,0.25398672761636576,0.5855436100402167,280.9623186039971,328.7342645897297,0.0,MS-HIDE,57,case57,0.03
True,42,-0.04,False,20,20,False,42,True,7.825167177223451e-05,0.03267219366816497,0.5263421199341215,254.87626250251193,285.46416216413496,0.0,MS-HIDE,58,case57,0.03
True,21,0.04,False,20,20,False,0,False,0.738458157438972,0.31706100531308706,0.5186379909363834,257.9211667034542,316.49797737482004,0.0,MS-HIDE,59,case57,0.03
True,36,-0.04,False,20,20,False,36,True,7.120193403036473e-06,0.010614244275749935,0.46042127644029945,268.06868128769565,324.4968226092169,0.0,MS-HIDE,60,case57,0.03
True,46,0.04,False,20,20,False,0,False,0.754971858657906,0.311074004895888,0.49453493313173214,263.3666957990499,335.87885031884076,0.0,MS-HIDE,61,case57,0.03
True,56,0.04,False,20,20,False,0,False,0.7234776166123132,0.28579718610165494,0.5387191956326397,272.5855291442713,337.0235413633054,0.0,MS-HIDE,62,case57,0.03
True,8,-0.04,True,2,2,False,8,True,3.8671819781197584e-10,0.005388827313394974,0.4799385770910737,268.2794352964265,322.6442452141782,0.0,MS-HIDE,63,case57,0.03
True,2,0.04,False,20,20,False,2,True,1.854022226933417e-05,0.018958042278849164,0.5090884508986748,266.4432437479263,378.1635253224522,0.0,MS-HIDE,64,case57,0.03
True,43,0.04,False,20,20,False,43,True,0.1715481120444533,0.018432593500470933,0.540474045539003,262.766412406927,306.9831017550314,0.0,MS-HIDE,65,case57,0.03
True,11,0.04,True,2,2,False,11,True,3.8671819781197475e-10,0.005782954047482278,0.49916397872840806,268.4486145997653,321.5887419763021,0.0,MS-HIDE,66,case57,0.03
True,7,0.04,False,20,20,False,0,False,0.739560077273988,0.30869659098968716,0.5011070470045946,257.5463250570465,315.6399500439875,0.0,MS-HIDE,67,case57,0.03
True,7,-0.04,False,20,20,False,0,False,0.7459754388567601,0.2951637171220868,0.5362027392391897,255.256981292041,313.0562853941228,0.0,MS-HIDE,68,case57,0.03
True,51,-0.04,False,20,20,False,51,True,0.05964259435008277,0.07700663919229443,0.5205837085860494,260.5656458559679,320.7299809495453,0.0,MS-HIDE,69,case57,0.03
True,12,-0.04,True,1,1,False,12,True,3.8671819781197475e-10,0.002252634089405243,0.5698312499221074,266.89124169643037,364.9886708939448,0.0,MS-HIDE,70,case57,0.03
True,17,-0.04,False,20,20,False,18,False,0.6850139502971548,0.19912247578861098,0.45718472297904306,261.47071669984143,318.68110178620555,0.0,MS-HIDE,71,case57,0.03
True,35,0.04,True,7,7,False,35,True,3.86718087972542e-10,0.008291154231455544,0.45047586202183765,264.85560829169117,347.34650452446664,0.0,MS-HIDE,72,case57,0.03
True,37,0.04,False,20,20,False,37,True,0.17144975856177389,0.018177351020657477,0.5064518323210064,258.40042704949155,311.3674749794882,0.0,MS-HIDE,73,case57,0.03
True,11,0.04,True,1,1,False,11,True,3.8671819781197475e-10,0.005764221260153862,0.47258790584225324,260.4860583465779,313.99927525781095,0.0,MS-HIDE,74,case57,0.03
True,43,-0.04,False,20,20,False,37,False,0.17199357803721327,0.0206230121891698,0.5297434424394462,259.0024273027666,330.2592100459151,0.0,MS-HIDE,75,case57,0.03
True,39,0.04,False,20,20,False,0,False,0.6813752207519174,0.24874265298955112,0.5189434765787095,268.365570702008,329.9659937591059,0.0,MS-HIDE,76,case57,0.03
True,41,-0.04,True,8,8,False,41,True,0.00036995704374612957,0.009420308181511542,0.4975250965195993,259.0931957412977,317.43907738127746,0.0,MS-HIDE,77,case57,0.03
True,11,-0.04,True,4,4,False,11,True,3.8671819781197475e-10,0.00576435770518457,0.48024006642779177,279.8562688025413,355.8888687461149,0.0,MS-HIDE,78,case57,0.03
True,24,0.04,True,19,19,False,29,False,0.1714816178076154,0.024579240775750407,0.5334300851236526,253.76154985569883,318.9740666479338,0.0,MS-HIDE,79,case57,0.03
True,26,-0.04,False,20,20,False,26,True,0.17165304820715135,0.043210770735099546,0.5026950298613753,264.82615214481484,316.2958128290484,0.0,MS-HIDE,80,case57,0.03
True,37,0.04,False,20,20,False,43,False,0.17174779397066567,0.018694733075693554,0.5074945655769909,265.50376880913973,313.59350239508785,0.0,MS-HIDE,81,case57,0.03
True,26,-0.04,False,20,20,False,25,False,0.17144943456980066,0.04142551380912488,0.48652741384891457,268.7164814589778,309.6504875225947,0.0,MS-HIDE,82,case57,0.03
True,20,-0.04,False,20,20,False,20,True,0.1714416011109906,0.021126027904497163,0.4453497203890339,276.00578939018305,355.1728097110754,0.0,MS-HIDE,83,case57,0.03
True,54,0.04,False,20,20,False,54,True,0.6781293586178361,0.2203723807003704,0.5269563843308835,261.67997279553674,333.1398228969192,0.0,MS-HIDE,84,case57,0.03
True,31,0.04,False,20,20,False,31,True,0.1667218634586771,0.05381732628053253,0.5224694410699338,265.7928165921476,310.99311283032876,0.0,MS-HIDE,85,case57,0.03
True,28,0.04,False,20,20,False,28,True,2.629454485577198e-06,0.010784593714101126,0.5263372518827176,274.8834834463196,324.0344083198579,0.0,MS-HIDE,86,case57,0.03
True,26,-0.04,False,20,20,False,0,False,0.7383694311384277,0.313436248489102,0.5008790384670657,256.66670204373077,323.09970477072056,0.0,MS-HIDE,87,case57,0.03
True,17,-0.04,False,20,20,False,18,False,0.15290976902463616,0.07801974472513838,0.4986022465754691,268.08215199853294,334.27810838329606,0.0,MS-HIDE,88,case57,0.03
True,55,-0.04,False,20,20,False,55,True,0.00043175131221224653,0.011951813120476669,0.5350500834376055,267.5628540891921,304.9872827075888,0.0,MS-HIDE,89,case57,0.03
True,11,0.04,True,1,1,False,11,True,3.8671819781197475e-10,0.0057832311099037135,0.4886970760019408,263.2289542001672,314.7599868447287,0.0,MS-HIDE,90,case57,0.03
True,48,-0.04,False,20,20,False,48,True,1.231023006810228e-06,0.01452346597531467,0.494011016460873,260.6907646462787,306.86548778321594,0.0,MS-HIDE,91,case57,0.03
True,50,-0.04,False,20,20,False,50,True,0.00015069760588969032,0.019060328361903845,0.4950186813889302,261.0933624499012,317.21072291256866,0.0,MS-HIDE,92,case57,0.03
True,53,-0.04,False,20,20,False,52,False,0.17144160786968585,0.018267641901740888,0.40267028382082126,265.1920102041913,326.45528330758685,0.0,MS-HIDE,93,case57,0.03
True,43,0.04,False,20,20,False,43,True,0.2364303777670988,0.03866122489938349,0.5146142642333609,253.58655824966263,301.51517323683953,0.0,MS-HIDE,94,case57,0.03
True,40,-0.04,False,20,20,False,0,False,0.7071341676935272,0.3257687935921991,0.49247988619921274,259.1668103967095,327.0657086512074,0.0,MS-HIDE,95,case57,0.03
True,10,-0.04,False,20,20,False,10,True,3.867181703520538e-10,0.010131935060490264,0.47079012583454993,271.0172770981444,323.515098541975,0.0,MS-HIDE,96,case57,0.03
True,14,0.04,True,16,16,False,14,True,4.211030580061461e-05,0.0164313049115415,0.5325782904657297,254.670481395442,300.22205687710084,0.0,MS-HIDE,97,case57,0.03
True,53,-0.04,False,20,20,False,52,False,0.17144553762920825,0.018463988346252944,0.4288600617652514,279.34911880875006,358.13241669384297,0.0,MS-HIDE,98,case57,0.03
True,49,-0.04,False,20,20,False,49,True,0.00041595541534057955,0.019130938158891858,0.4425909461219492,257.4501458904706,310.5443639185978,0.0,MS-HIDE,99,case57,0.03
True,56,0.04,False,20,20,False,0,False,0.7510274989948919,0.31701289345761896,0.502315906085334,255.21938125020827,324.54376248351764,0.0,MS-HIDE,100,case57,0.03
True,17,-0.04,False,20,20,False,17,True,0.16451127011051397,0.08279621753371297,0.503602319210056,259.53882499597967,312.09771493158775,0.0,MS-HIDE,101,case57,0.03
True,12,0.04,True,1,1,False,12,True,3.8671819781197475e-10,0.0022526583631221346,0.5684949571910446,270.4951874969993,334.20206696901005,0.0,MS-HIDE,102,case57,0.03
True,48,-0.04,True,14,14,False,48,True,0.0001374238043618944,0.014385544836425242,0.5179429970604217,266.7438020464033,353.99382016621536,0.0,MS-HIDE,103,case57,0.03
True,31,0.04,False,20,20,False,31,True,0.1386622576224301,0.03630785640409075,0.47758301570304895,260.10774384776596,304.97254855581565,0.0,MS-HIDE,104,case57,0.03
True,31,0.04,True,19,19,False,31,True,0.04081942834410402,0.0289547080855316,0.4647640312683969,265.44419784040656,321.4929805806605,0.0,MS-HIDE,105,case57,0.03
True,41,-0.04,False,20,20,False,41,True,5.911939491003498e-05,0.009415438797768714,0.547580577878924,267.5136521429522,321.6165121673839,0.0,MS-HIDE,106,case57,0.03
True,16,-0.04,False,20,20,False,0,False,0.7501126189954006,0.29619442632898857,0.5443120702536065,273.5354916541837,346.5631898579886,0.0,MS-HIDE,107,case57,0.03
True,20,0.04,False,20,20,False,20,True,0.17144166014038376,0.022981000991346773,0.47002735181444494,261.50002299109474,321.0337735450594,0.0,MS-HIDE,108,case57,0.03
True,50,0.04,True,17,17,False,50,True,0.00010995374271221009,0.019651996123687156,0.46804630680871395,274.11947095242795,338.0003767873859,0.0,MS-HIDE,109,case57,0.03
True,17,0.04,False,20,20,False,0,False,0.7482233486254168,0.3131072054411387,0.5138734150049185,266.58506665262394,329.2881437955657,0.0,MS-HIDE,110,case57,0.03
True,41,0.04,True,1,1,False,41,True,6.375264743982573e-05,0.009421157490443146,0.49654734571141795,264.1254583490081,298.35628927103255,0.0,MS-HIDE,111,case57,0.03
True,15,0.04,False,20,20,False,0,False,0.7352717351884741,0.31672448484843874,0.525180578491129,273.4846645005746,316.6824059124338,0.0,MS-HIDE,112,case57,0.03
True,12,-0.04,True,1,1,False,12,True,3.8671819781197475e-10,0.0023221199874133088,0.574979345962787,274.3428730551386,332.04393155465374,0.0,MS-HIDE,113,case57,0.03
True,33,-0.04,False,20,20,False,0,False,0.746746061724907,0.3140550812646349,0.5317131749760076,272.2368021582952,331.4600479003275,0.0,MS-HIDE,114,case57,0.03
True,8,0.04,True,1,1,False,8,True,3.867181978119759e-10,0.005399179389661448,0.4721462304648027,257.68251245026477,313.28581637062604,0.0,MS-HIDE,115,case57,0.03
True,16,-0.04,False,20,20,False,0,False,0.7350135515809473,0.309382180409705,0.5102418627380019,261.6713791008806,321.22441425162833,0.0,MS-HIDE,116,case57,0.03
True,46,-0.04,False,20,20,False,0,False,0.7268393814378007,0.3269808495876488,0.5050563209293552,262.3529916978441,337.92066041205544,0.0,MS-HIDE,117,case57,0.03
True,8,-0.04,True,4,4,False,8,True,3.867181978120704e-10,0.005519060067400174,0.49425835592718537,275.90866240207106,379.91905866074376,0.0,MS-HIDE,118,case57,0.03
True,20,0.04,False,20,20,False,20,True,0.1714416009440448,0.020954033237638205,0.5287037246583588,275.0508207012899,359.40952083910815,0.0,MS-HIDE,119,case57,0.03
True,52,-0.04,False,20,20,False,53,False,0.17144690763661682,0.018395036969767638,0.4005353085715223,274.18818338774145,346.37932290206663,0.0,MS-HIDE,120,case57,0.03
True,9,-0.04,False,20,20,False,9,True,0.4068566692315143,0.12621012974708185,0.5317414044244602,269.1729543003021,319.8773711483227,0.0,MS-HIDE,121,case57,0.03
True,21,0.04,False,20,20,False,0,False,0.7539546338227904,0.28841351513477254,0.5277975656661587,259.8496540944325,314.2942708655028,0.0,MS-HIDE,122,case57,0.03
True,43,0.04,False,20,20,False,37,False,0.17233189769207294,0.018029481038730834,0.5225254955244509,269.47369584813714,323.0277351220139,0.0,MS-HIDE,123,case57,0.03
True,18,-0.04,True,9,9,False,0,False,0.7246849114250129,0.2833750279382864,0.5330100228599502,263.31958325754385,314.1765961685451,0.0,MS-HIDE,124,case57,0.03
True,38,-0.04,False,20,20,False,0,False,0.7312766275872917,0.2806795058359425,0.5163845370368418,276.616337345331,338.89697498234455,0.0,MS-HIDE,125,case57,0.03
True,47,-0.04,False,20,20,False,0,False,0.7244301527019037,0.3109473300504492,0.5276802861478913,281.1224582459545,388.0309190310072,0.0,MS-HIDE,126,case57,0.03
True,51,-0.04,False,20,20,False,51,True,0.6573374487682196,0.24270326692786745,0.5220575608890929,264.97399384970777,328.8424818951171,0.0,MS-HIDE,127,case57,0.03
True,23,0.04,True,0,0,False,0,False,0.7351913356949265,0.27841739968362367,0.5120227901230409,275.0303645967506,340.79477680206764,0.0,MS-HIDE,128,case57,0.03
True,40,0.04,True,15,15,False,40,True,0.35711510047314265,0.13471241816248208,0.5387101631004285,274.0172062505735,349.1330274322536,0.0,MS-HIDE,129,case57,0.03
True,20,-0.04,False,20,20,False,19,False,0.1714416009440448,0.02094061743453632,0.44504890380669004,268.92125839949585,340.0507770769764,0.0,MS-HIDE,130,case57,0.03
True,51,-0.04,False,20,20,False,51,True,0.22900930104235284,0.11049145906940144,0.5258614538726114,275.10807500220835,351.44488541991456,0.0,MS-HIDE,131,case57,0.03
True,26,0.04,False,20,20,False,25,False,0.17152957204023797,0.04363417221002841,0.5096732596390714,287.13196064636577,368.9317955286242,0.0,MS-HIDE,132,case57,0.03
True,43,-0.04,True,7,7,False,43,True,0.17146969178959484,0.01845383471648973,0.5294964693054608,272.0766395534156,383.4722360508749,0.0,MS-HIDE,133,case57,0.03
True,54,-0.04,False,20,20,False,54,True,0.6292215756402053,0.1619439329799333,0.49717144765097304,261.397391645005,311.6294830542756,0.0,MS-HIDE,134,case57,0.03
True,32,0.04,False,20,20,False,0,False,0.77250874211775,0.2420212408207601,0.4920167164993988,269.4662750029238,341.04612714436377,0.0,MS-HIDE,135,case57,0.03
True,47,0.04,False,20,20,False,0,False,0.7246545347436205,0.31499675175745473,0.5705060865754762,268.77963130245917,353.47767950152047,0.0,MS-HIDE,136,case57,0.03
True,51,0.04,True,2,2,False,51,True,0.32804446345507643,0.14414461499707898,0.5067661248956775,279.1668206540635,363.7460080295569,0.0,MS-HIDE,137,case57,0.03
True,53,0.04,False,20,20,False,52,False,0.17144160188170776,0.018466787771605736,0.4204949697382141,263.0107833596412,318.9729204983451,0.0,MS-HIDE,138,case57,0.03
True,54,0.04,False,20,20,False,54,True,0.00027996829320896645,0.021449223049916467,0.6113118805514216,259.86527505447157,332.1272160217632,0.0,MS-HIDE,139,case57,0.03
True,20,0.04,False,20,20,False,19,False,0.17144160154780305,0.020840291222375663,0.45376442408255324,264.2420791031327,336.7258798156399,0.0,MS-HIDE,140,case57,0.03
True,52,0.04,False,20,20,False,53,False,0.17144234869587655,0.018350284662486782,0.4152593958223731,268.67963130935095,319.80683958972804,0.0,MS-HIDE,141,case57,0.03
True,10,0.04,True,13,13,False,10,True,3.86718033056796e-10,0.010018219318245397,0.4596593006332635,270.59961899067275,335.65951900673105,0.0,MS-HIDE,142,case57,0.03
True,12,-0.04,True,2,2,False,12,True,3.8671819781197475e-10,0.0022526341319755016,0.5563633725432175,273.4607604535995,341.0745506029343,0.0,MS-HIDE,143,case57,0.03
True,10,0.04,True,9,9,False,10,True,3.867181978119948e-10,0.010164124728712778,0.46006852271517334,278.59584595717024,353.97171393269673,0.0,MS-HIDE,144,case57,0.03
True,11,-0.04,True,3,3,False,11,True,3.867181703519716e-10,0.0057643620299379405,0.4859896758636545,264.3915314023616,329.8131878342247,0.0,MS-HIDE,145,case57,0.03
True,25,-0.04,False,20,20,False,25,True,0.22054921380208667,0.0524548122282307,0.5311896947471136,254.82896485191304,314.83915240096394,0.0,MS-HIDE,146,case57,0.03
True,36,0.04,False,20,20,False,36,True,7.487559544152019e-08,0.010591355703212542,0.45948878289498424,263.52853345451877,330.3687714244006,0.0,MS-HIDE,147,case57,0.03
True,44,-0.04,False,20,20,False,0,False,0.761482437743827,0.28434625450060824,0.46783348381097595,266.746793751372,339.5917663932778,0.0,MS-HIDE,148,case57,0.03
True,24,0.04,True,7,7,False,29,False,0.17225912496734777,0.024303028984020467,0.5744250148445645,271.909079150646,346.28510244074283,0.0,MS-HIDE,149,case57,0.03
True,3,0.04,False,20,20,False,3,True,1.612086808103304e-07,0.01577012807271016,0.5147735850573274,277.0207812485751,339.9019485426834,0.0,MS-HIDE,150,case57,0.03
True,42,0.04,False,20,20,False,42,True,0.011196440630921178,0.03767884552195367,0.4990083226939334,260.5316228029551,347.4688374786638,0.0,MS-HIDE,151,case57,0.03
True,23,0.04,False,20,20,False,0,False,0.6975431308989835,0.33926308495238044,0.5137683260738375,255.64701270486694,317.00657151523046,0.0,MS-HIDE,152,case57,0.03
True,45,0.04,False,20,20,False,45,True,0.33101752278502,0.09893646450662424,0.5531234661181277,274.92923959507607,341.2538610136835,0.0,MS-HIDE,153,case57,0.03
True,24,-0.04,False,20,20,False,29,False,0.17144543323225778,0.024606813679441203,0.5555448248477394,262.8709938057,312.3662333237008,0.0,MS-HIDE,154,case57,0.03
True,22,-0.04,False,20,20,False,0,False,0.724198760910345,0.31256553007475796,0.5435501694385998,264.36723549559247,321.885746443877,0.0,MS-HIDE,155,case57,0.03
True,23,0.04,False,20,20,False,0,False,0.7585701957961627,0.30333709133966336,0.5252565898599725,264.83814794337377,318.45330029609613,0.0,MS-HIDE,156,case57,0.03
True,54,0.04,False,20,20,False,54,True,0.001269023572883142,0.03096825451966215,0.536921162135172,261.73757304786704,314.9132080667187,0.0,MS-HIDE,157,case57,0.03
True,33,-0.04,False,20,20,False,0,False,0.7572155514483179,0.29189215365240906,0.5244388317742968,262.5027186470106,333.50756390718743,0.0,MS-HIDE,158,case57,0.03
True,39,-0.04,False,20,20,False,27,False,0.7075256783995209,0.19971273682528468,0.5103672032959967,273.84393959655426,358.7558603816433,0.0,MS-HIDE,159,case57,0.03
True,13,0.04,True,2,2,False,13,True,3.8671819781197475e-10,0.005413675027845764,0.5389037419831018,269.9985750543419,315.3738378459821,0.0,MS-HIDE,160,case57,0.03
True,38,0.04,False,20,20,False,0,False,0.7436946017221174,0.3190468705085272,0.5085296214193925,269.2085813090671,332.4831666919636,0.0,MS-HIDE,161,case57,0.03
True,35,0.04,True,6,6,False,35,True,3.885099548985341e-10,0.008289590663617903,0.44577257295140943,255.99294384883254,318.70593990315683,0.0,MS-HIDE,162,case57,0.03
True,26,-0.04,False,20,20,False,26,True,0.17297900821345918,0.045003756702188175,0.5346487822098223,271.88602924579754,329.58596730313735,0.0,MS-HIDE,163,case57,0.03
True,1,0.04,False,20,20,False,0,False,0.7349274315144961,0.3173090097171696,0.5436869584901459,287.98470219480805,355.6605610327097,0.0,MS-HIDE,164,case57,0.03
True,49,-0.04,False,20,20,False,49,True,0.0005889813897303036,0.01992282377657912,0.511680383392208,265.4963436478283,331.8712250154931,0.0,MS-HIDE,165,case57,0.03
True,40,0.04,False,20,20,False,40,True,0.23052305790801944,0.09636403130892357,0.5170891710428197,275.62430620309897,352.0102274051169,0.0,MS-HIDE,166,case57,0.03
True,40,0.04,False,20,20,False,55,False,0.26735782449916123,0.045830678495800664,0.4643610837006588,263.24538960761856,318.2235874905018,0.0,MS-HIDE,167,case57,0.03
True,28,0.04,False,20,20,False,28,True,4.664447667764827e-06,0.010884153709411705,0.5751463342704333,268.57077085296623,325.7066933932947,0.0,MS-HIDE,168,case57,0.03
True,38,0.04,False,20,20,False,0,False,0.723742662888352,0.3149594911158483,0.5247633827178783,269.52781254949514,326.172450024751,0.0,MS-HIDE,169,case57,0.03
True,27,0.04,False,20,20,False,27,True,4.974419973707061e-07,0.013957631466610611,0.5722858968194843,254.8381333384896,307.4515877990052,0.0,MS-HIDE,170,case57,0.03
True,30,-0.04,False,20,20,False,30,True,0.04608447211971568,0.04129919414832055,0.49561773963555733,280.93373125302605,347.0379940699786,0.0,MS-HIDE,171,case57,0.03
True,31,-0.04,False,20,20,False,31,True,0.1050561523260439,0.04496108789358422,0.4588697207867514,264.9884583981475,304.2255607579136,0.0,MS-HIDE,172,case57,0.03
True,27,0.04,False,20,20,False,27,True,3.063317440378257e-07,0.013583624370603637,0.5439496363333444,272.4908145959489,339.0465541742742,0.0,MS-HIDE,173,case57,0.03
True,51,0.04,False,20,20,False,24,False,0.6811367580814491,0.18002895845128028,0.5416572753781576,259.18705420335755,326.719058319577,0.0,MS-HIDE,174,case57,0.03
True,28,0.04,False,20,20,False,28,True,0.00038966669924720104,0.01082992682164479,0.5736904598305381,270.9257750044344,340.4525708552683,0.0,MS-HIDE,175,case57,0.03
True,33,-0.04,False,20,20,False,0,False,0.7352554364639811,0.30876526039167757,0.5016371280668007,275.8999770943774,349.063197959913,0.0,MS-HIDE,176,case57,0.03
True,20,-0.04,False,20,20,False,19,False,0.1714416165239153,0.021303532265351515,0.4707775108164626,265.38563565700315,335.6424194178544,0.0,MS-HIDE,177,case57,0.03
True,5,0.04,False,20,20,False,6,False,0.1418767906250685,0.04073548453080762,0.5588502886783302,277.57863959413953,321.8436083465349,0.0,MS-HIDE,178,case57,0.03
True,38,0.04,False,20,20,False,0,False,0.7030341411143095,0.29252401876453205,0.5049129764711205,237.7708706917474,379.2389160662424,0.0,MS-HIDE,179,case57,0.03
True,52,-0.04,False,20,20,False,53,False,0.1714416592092556,0.018621307713134003,0.43038578160378593,273.0690895434236,334.76662881148513,0.0,MS-HIDE,180,case57,0.03
True,48,0.04,False,20,20,False,48,True,1.1853810367266177e-05,0.014478081465989215,0.4611734602306614,260.88348774646875,327.1424544713227,0.0,MS-HIDE,181,case57,0.03
True,32,-0.04,False,20,20,False,0,False,0.7311742802597021,0.31588750033249074,0.5223812465375874,267.5700104038697,337.1108951891074,0.0,MS-HIDE,182,case57,0.03
True,48,0.04,True,19,19,False,48,True,0.0004336577631686757,0.017542337533942833,0.5045669554966699,266.0948084027041,329.2941899097059,0.0,MS-HIDE,183,case57,0.03
True,48,0.04,False,20,20,False,48,True,2.5415660686461794e-05,0.014723180902974767,0.48401848802412617,170.37808765016962,252.91699165245518,0.0,MS-HIDE,184,case57,0.03
True,5,0.04,False,20,20,False,5,True,0.0013070962102635299,0.025792316037363802,0.5254393286038405,287.5876666541444,349.5484326966107,0.0,MS-HIDE,185,case57,0.03
True,41,0.04,False,20,20,False,41,True,0.0010257378581215654,0.009418363969479097,0.5111782362594076,243.4526396478759,332.3185235320125,0.0,MS-HIDE,186,case57,0.03
True,29,-0.04,False,20,20,False,24,False,0.1714446448024916,0.02298956963786281,0.5874405276197815,279.15663750609383,359.6716077445308,0.0,MS-HIDE,187,case57,0.03
True,10,-0.04,True,11,11,False,10,True,3.8671814289243856e-10,0.010061321824507967,0.4594662342372381,210.42238119407557,268.02238269592635,0.0,MS-HIDE,188,case57,0.03
True,13,0.04,True,5,5,False,13,True,3.8671819781197646e-10,0.005523320779887008,0.5404751086965629,128.66960830288008,174.1175684059272,0.0,MS-HIDE,189,case57,0.03
True,7,-0.04,False,20,20,False,2,False,0.6842678577810661,0.24858811293025407,0.49312336749163216,259.5188999985112,329.65784161351627,0.0,MS-HIDE,190,case57,0.03
True,34,-0.04,False,20,20,False,34,True,1.4653315316598462e-06,0.024184268933314372,0.4530835451989425,178.09422501013614,241.06474547879773,0.0,MS-HIDE,191,case57,0.03
True,23,-0.04,False,20,20,False,0,False,0.7487226248864256,0.2818657234337731,0.5215274406043962,263.9772728085518,341.8707146309317,0.0,MS-HIDE,192,case57,0.03
True,22,-0.04,False,20,20,False,0,False,0.7646458854399452,0.2534442330992304,0.5375772986219614,187.88745630008634,256.9146895722952,0.0,MS-HIDE,193,case57,0.03
True,53,-0.04,False,20,20,False,53,True,0.1714517783782532,0.018467536790882626,0.43037388431702817,105.61891680117697,135.93323540408164,0.0,MS-HIDE,194,case57,0.03
True,40,0.04,False,20,20,False,0,False,0.7677421328197527,0.26911489527855104,0.49431215610045837,224.6759126574034,275.58365690056235,0.0,MS-HIDE,195,case57,0.03
True,4,-0.04,False,20,20,False,0,False,0.6732458930146347,0.265402652455325,0.5606402483730782,129.81819564884063,171.37582949362698,0.0,MS-HIDE,196,case57,0.03
True,23,0.04,False,20,20,False,45,False,0.6505101817393744,0.236304691324509,0.5320788456414731,229.745370807359,286.1890523985494,0.0,MS-HIDE,197,case57,0.03
True,17,0.04,False,20,20,False,0,False,0.7420338714435312,0.24994252325084754,0.5063292901267187,134.27975425147451,172.36246695974845,0.0,MS-HIDE,198,case57,0.03
True,28,0.04,False,20,20,False,28,True,1.59600235742519e-06,0.010779782481735247,0.5498617695812549,78.15387094742619,85.84595897991676,0.0,MS-HIDE,199,case57,0.03
True,26,-0.04,False,20,20,False,26,True,0.3879304597968049,0.1263282336900448,0.6732133497886365,2.013291750336066,2.2832330636447296,0.0,RHMTD,0,case57,0.03
True,49,-0.04,False,20,20,False,49,True,0.024186977719776095,0.033632748135637,0.6767513051542527,3.500989603344351,6.013571450603196,0.0,RHMTD,1,case57,0.03
True,53,-0.04,False,20,20,False,54,False,0.3141310849008768,0.036488290607064384,0.6828057601608375,3.5422542976448312,6.834462823462673,0.0,RHMTD,2,case57,0.03
True,37,0.04,False,20,20,False,43,False,0.1714416794812084,0.026505027035574752,0.6806010897509738,3.963056346401572,8.659339314908722,0.0,RHMTD,3,case57,0.03
True,46,0.04,True,17,17,False,0,False,0.746371171259465,0.3372548067290443,0.6795764045124099,2.8803812514524907,3.1345455237897117,0.0,RHMTD,4,case57,0.03
True,17,0.04,False,20,20,False,0,False,0.7498767506652926,0.34129774386484024,0.6825001022691689,1.9900062558008358,2.2250476089539006,0.0,RHMTD,5,case57,0.03
True,24,0.04,False,20,20,False,24,True,0.1722753105224679,0.05248201560844839,0.6740479693356307,3.296483267331496,5.812204116955402,0.0,RHMTD,6,case57,0.03
True,3,0.04,False,20,20,False,3,True,0.006646377022734677,0.049738050300530766,0.6763073411313452,3.5758854501182213,5.810372266569178,0.0,RHMTD,7,case57,0.03
True,8,-0.04,True,2,2,False,8,True,3.867181703520656e-10,0.007106796809256725,0.6849526344706519,4.83981879951898,10.566358396317813,0.0,RHMTD,8,case57,0.03
True,22,0.04,False,20,20,False,19,False,0.4438094453439608,0.09770263637847752,0.6863940821997552,4.555583355249837,10.731660714372993,0.0,RHMTD,9,case57,0.03
True,29,-0.04,False,20,20,False,24,False,0.6416652759183583,0.18275237143093442,0.6714600728284286,2.0074710540939122,2.4598151998361573,0.0,RHMTD,10,case57,0.03
True,28,-0.04,True,15,15,False,28,True,1.6954774802690166e-06,0.015999817397661684,0.680614690517158,4.296099944622256,9.32920202612878,0.0,RHMTD,11,case57,0.03
True,8,0.04,True,7,7,False,8,True,3.867181978119799e-10,0.00816766177172527,0.6820561382462612,3.868733099079691,7.202295807655902,0.0,RHMTD,12,case57,0.03
True,28,-0.04,False,20,20,False,28,True,4.4481809926963327e-08,0.015926588662613757,0.6820561382462612,5.028835296980105,11.469701447640546,0.0,RHMTD,13,case57,0.03
True,22,0.04,False,20,20,False,0,False,0.718930571952444,0.3049489617728688,0.6827479640607881,4.033933294704184,6.732399697648367,0.0,RHMTD,14,case57,0.03
True,26,0.04,False,20,20,False,0,False,0.7471921520986399,0.3109564729245919,0.6827479640607881,2.024602101300843,2.4763479101238772,0.0,RHMTD,15,case57,0.03
True,40,-0.04,False,20,20,False,40,True,0.7005328788296665,0.22610190916355932,0.676307341131345,3.392524895025417,5.402151704765862,0.0,RHMTD,16,case57,0.03
True,1,-0.04,False,20,20,False,42,False,0.7115689986363881,0.20906390537783254,0.676307341131345,4.182418799609877,10.175002412870526,0.0,RHMTD,17,case57,0.03
True,37,-0.04,False,20,20,False,43,False,0.17144160097146913,0.028376231810568926,0.6870859080142819,3.841137498966418,7.771301775937903,0.0,RHMTD,18,case57,0.03
True,42,-0.04,False,20,20,False,42,True,1.2665824656895673e-06,0.04194728666688314,0.6777215873280799,4.52805224340409,11.647458994411863,0.0,RHMTD,19,case57,0.03
True,32,0.04,False,20,20,False,0,False,0.7019080424028415,0.32247598460941673,0.6784678162073436,2.0572790555888787,2.440617277170532,0.0,RHMTD,20,case57,0.03
True,20,0.04,True,9,9,False,19,False,0.1714416009440448,0.02199043934286835,0.6805874889847895,3.446249949047342,6.747897309833208,0.0,RHMTD,21,case57,0.03
True,46,0.04,False,20,20,False,0,False,0.7198111995645564,0.3039174980741721,0.6834839852091802,3.690756211290136,7.268310460494832,0.0,RHMTD,22,case57,0.03
True,42,0.04,False,20,20,False,42,True,0.006677859656069374,0.04454667360164521,0.676999166945872,4.41281259409152,8.943660432123579,0.0,RHMTD,23,case57,0.03
True,56,-0.04,True,3,3,False,0,False,0.7254916395923358,0.28281349188465743,0.6788845786978829,4.891854291781783,10.813820865587346,0.0,RHMTD,24,case57,0.03
True,53,0.04,False,20,20,False,53,True,0.18281335166222829,0.03494765719531791,0.6788981794640672,4.075456349528395,11.43294197972864,0.0,RHMTD,25,case57,0.03
True,48,0.04,False,20,20,False,48,True,0.5862045368914744,0.23017466312811952,0.6776773919942147,4.277960359468125,8.04263157770038,0.0,RHMTD,26,case57,0.03
True,24,-0.04,False,20,20,False,24,True,0.1782236359613857,0.07072184464683796,0.6834975859753644,4.463837450020947,9.295820561237635,0.0,RHMTD,27,case57,0.03
True,20,0.04,False,20,20,False,19,False,0.1714416009440448,0.02325439696802657,0.6747397951501576,3.431637497851625,6.032587206573227,0.0,RHMTD,28,case57,0.03
True,34,-0.04,True,18,18,False,24,False,0.29068827208772385,0.065977136595502,0.6798956631702626,3.307343801134266,5.6297756760614,0.0,RHMTD,29,case57,0.03
True,11,-0.04,False,20,20,False,11,True,4.0124950312215314e-10,0.010955671914717916,0.6870723072480978,4.558164649643004,9.917269094148654,0.0,RHMTD,30,case57,0.03
True,38,0.04,False,20,20,False,0,False,0.7263799106354198,0.3038001290557267,0.6791766358233673,4.2533083440503106,7.477683285833344,0.0,RHMTD,31,case57,0.03
True,32,0.04,False,20,20,False,0,False,0.7253214864910398,0.3073188690855981,0.6798956631702626,3.7032230611657724,8.882920790347272,0.0,RHMTD,32,case57,0.03
True,15,-0.04,False,20,20,False,0,False,0.6887200764159183,0.32932961911630826,0.6799092639364468,5.982224957551807,24.858301438507624,0.0,RHMTD,33,case57,0.03
True,36,0.04,True,12,12,False,36,True,0.02227194426915018,0.020716015673873104,0.6777351880942641,5.51393770147115,10.998166669742233,0.0,RHMTD,34,case57,0.03
True,26,0.04,False,20,20,False,0,False,0.7287043629608482,0.32029207026829776,0.6783281171890752,4.279933153884485,11.976306556607598,0.0,RHMTD,35,case57,0.03
True,28,0.04,False,20,20,False,28,True,1.3803134954333783e-07,0.01740198372115733,0.6841758110237072,3.244781246758066,5.195255554281176,0.0,RHMTD,36,case57,0.03
True,3,0.04,True,14,14,False,3,True,0.0008089453697087146,0.05943098007389635,0.6834839852091803,6.911697902251035,15.535278886090998,0.0,RHMTD,37,case57,0.03
True,6,0.04,False,20,20,False,6,True,0.009731862924475353,0.04993164616723068,0.6841894117898912,5.4419104068074375,11.686583390110174,0.0,RHMTD,38,case57,0.03
True,51,-0.04,False,20,20,False,0,False,0.7630026760654156,0.2689290282629504,0.6799092639364469,5.758604049333371,12.779783961013898,0.0,RHMTD,39,case57,0.03
True,17,0.04,False,20,20,False,0,False,0.7526632953487381,0.2777848099782718,0.6763345426637135,4.388118797214702,9.596062821219679,0.0,RHMTD,40,case57,0.03
True,49,-0.04,False,20,20,False,49,True,0.12023247486306611,0.04242744167107467,0.6751259630730159,3.8521229493198916,8.46669318561908,0.0,RHMTD,41,case57,0.03
True,19,-0.04,False,20,20,False,19,True,0.1714416009440448,0.022663233578975372,0.6805874889847895,3.694491650094278,7.321477710502222,0.0,RHMTD,42,case57,0.03
True,31,0.04,False,20,20,False,31,True,0.17587294160838116,0.04376186886302748,0.6806588858510232,5.002645798958838,9.263085413840612,0.0,RHMTD,43,case57,0.03
True,55,0.04,True,16,16,False,55,True,0.01662642818447507,0.018747042480399576,0.6820561382462612,3.941795861464925,7.5411309546325365,0.0,RHMTD,44,case57,0.03
True,2,0.04,False,20,20,False,2,True,1.854873556066033e-07,0.03816451040379621,0.6777351880942641,3.7859186995774508,6.956537839141676,0.0,RHMTD,45,case57,0.03
True,34,-0.04,False,20,20,False,0,False,0.7453765543688554,0.27290771891876675,0.6834975859753644,4.202439499204047,12.947345850989228,0.0,RHMTD,46,case57,0.03
True,14,-0.04,False,20,20,False,14,True,1.0969858708788421e-07,0.03798915696974002,0.6841894117898912,4.438893849146552,7.115688160411089,0.0,RHMTD,47,case57,0.03
True,1,0.04,False,20,20,False,0,False,0.7278509652402195,0.3756399117260134,0.6834975859753644,3.973279189085588,8.872071158839393,0.0,RHMTD,48,case57,0.03
True,34,-0.04,False,20,20,False,0,False,0.7466520478202687,0.2956385733287741,0.6799092639364468,3.848306494182907,7.783654480590485,0.0,RHMTD,49,case57,0.03
True,40,-0.04,False,20,20,False,0,False,0.8151969441928913,0.25449069277297376,0.6885409565095695,4.3540437472984195,9.603289564256558,0.0,RHMTD,50,case57,0.03
True,27,-0.04,False,20,20,False,27,True,0.0016848219515201615,0.02251807199149144,0.681320117097869,7.971718657063319,41.91090000094847,0.0,RHMTD,51,case57,0.03
True,44,-0.04,False,20,20,False,0,False,0.6975102846475632,0.2838290819598003,0.6813371108993659,4.500712500885129,10.978105894173499,0.0,RHMTD,52,case57,0.03
True,1,0.04,False,20,20,False,0,False,0.6987576329603803,0.23479352806378062,0.682042537480077,3.5879250935977325,8.057770811137745,0.0,RHMTD,53,case57,0.03
True,20,-0.04,False,20,20,False,20,True,0.17144160203927333,0.023028439712260023,0.680645285084839,3.967541703605093,9.196537500247361,0.0,RHMTD,54,case57,0.03
True,41,-0.04,True,2,2,False,55,False,0.02230492846396093,0.014996560103182007,0.6820867328139422,4.194185501546599,10.380611073924229,0.0,RHMTD,55,case57,0.03
True,25,0.04,False,20,20,False,26,False,0.18993590525083656,0.1077300973497676,0.6820289367138928,3.4450311941327527,6.876778844161891,0.0,RHMTD,56,case57,0.03
True,33,0.04,False,20,20,False,0,False,0.7418635737672213,0.21903015340521143,0.6817810749222736,4.97261269192677,10.265667323255915,0.0,RHMTD,57,case57,0.03
True,42,-0.04,False,20,20,False,42,True,0.009568279098000404,0.04325657699429525,0.6842472078899409,4.663243755931035,8.887870554463014,0.0,RHMTD,58,case57,0.03
True,21,0.04,False,20,20,False,0,False,0.7417937307852867,0.3034198325259242,0.6849526344706518,5.006343900458887,11.315444053616384,0.0,RHMTD,59,case57,0.03
True,36,-0.04,False,20,20,False,36,True,0.1707170633982191,0.016122733930907684,0.685658061051363,3.927966798073612,6.216541971662085,0.0,RHMTD,60,case57,0.03
True,46,0.04,False,20,20,False,0,False,0.7591257288329213,0.31988661537302165,0.6841894117898912,3.4869229013565928,4.868389919283804,0.0,RHMTD,61,case57,0.03
True,56,0.04,False,20,20,False,0,False,0.6778455486362465,0.21474242691077033,0.680614690517158,3.744337390526198,4.4454503309680256,0.0,RHMTD,62,case57,0.03
True,8,-0.04,True,2,2,False,8,True,3.867181978119748e-10,0.00800060132302621,0.6799092639364468,3.5925791977206245,5.415553532657221,0.0,RHMTD,63,case57,0.03
True,2,0.04,False,20,20,False,2,True,0.00012563910175977496,0.03521050599655133,0.6842030125560755,3.9654603548115124,7.296516036149121,0.0,RHMTD,64,case57,0.03
True,43,0.04,False,20,20,False,43,True,0.17144160135082578,0.027590126401052326,0.6792038373557358,3.1704729568446055,4.027881906949917,0.0,RHMTD,65,case57,0.03
True,11,0.04,True,1,1,False,11,True,3.867181154333461e-10,0.010938455636261085,0.6806588858510231,4.208506250870414,8.584107970818879,0.0,RHMTD,66,case57,0.03
True,7,0.04,False,20,20,False,0,False,0.7606544458272243,0.34074411417458456,0.6813065163316849,3.53269585466478,5.1448229874949964,0.0,RHMTD,67,case57,0.03
True,7,-0.04,False,20,20,False,7,True,0.3924988831465779,0.23931658254259697,0.6758755849875921,4.316979250870645,7.989008078584448,0.0,RHMTD,68,case57,0.03
True,51,-0.04,False,20,20,False,0,False,0.7362880870398284,0.30413125789039785,0.676795500488118,6.360729251173325,17.124118740321148,0.0,RHMTD,69,case57,0.03
True,12,-0.04,True,1,1,False,12,True,3.8671819781197475e-10,0.0038415861389770765,0.6796036060447783,4.016679144115187,10.005543468287215,0.0,RHMTD,70,case57,0.03
True,17,-0.04,False,20,20,False,3,False,0.5434649875449986,0.14724487725170107,0.6769855661796879,4.204906348604709,9.479177053435707,0.0,RHMTD,71,case57,0.03
True,35,0.04,False,20,20,False,35,True,0.010211127153843941,0.028961615947908255,0.6835111867415486,4.976714501390234,9.770168780232785,0.0,RHMTD,72,case57,0.03
True,37,0.04,False,20,20,False,37,True,0.1714416009440448,0.02785051997214168,0.6820561382462612,3.438412447576411,6.7939725617179665,0.0,RHMTD,73,case57,0.03
True,11,0.04,True,1,1,False,11,True,3.8671819781200944e-10,0.01052718941703077,0.6870723072480978,5.492208251962438,16.668855922762308,0.0,RHMTD,74,case57,0.03
True,43,-0.04,False,20,20,False,37,False,0.17144160161099375,0.02586642997453745,0.6813371108993659,4.785604195785709,9.162489572190696,0.0,RHMTD,75,case57,0.03
True,39,0.04,False,20,20,False,0,False,0.72184505605577,0.23393812508082845,0.681337110899366,3.5702144989045337,4.822539250017152,0.0,RHMTD,76,case57,0.03
True,41,-0.04,False,20,20,False,41,True,0.008162156839483884,0.012992010525482383,0.683470384442996,4.188216652255505,11.446935747517275,0.0,RHMTD,77,case57,0.03
True,11,-0.04,True,4,4,False,11,True,3.8671819781221283e-10,0.009878199416260173,0.6770705638121056,3.5107042000163347,5.616868141805755,0.0,RHMTD,78,case57,0.03
True,24,0.04,True,19,19,False,24,True,0.175594165372488,0.04089797604532142,0.6769991669458719,3.8654000527458265,7.759841904044152,0.0,RHMTD,79,case57,0.03
True,26,-0.04,False,20,20,False,25,False,0.17676273074190035,0.06858091595475128,0.6762937403651609,4.671618549036793,9.713864250807099,0.0,RHMTD,80,case57,0.03
True,37,0.04,False,20,20,False,43,False,0.17144177258614565,0.02715552506411498,0.6820289367138928,3.553710295818746,3.886424980009915,0.0,RHMTD,81,case57,0.03
True,26,-0.04,False,20,20,False,0,False,0.7371408653259288,0.2918592562968264,0.6834839852091802,3.627660349593498,8.311745192622768,0.0,RHMTD,82,case57,0.03
True,20,-0.04,False,20,20,False,20,True,0.1714416009440448,0.023571019287159517,0.6842336071237566,5.581581298611127,5.954854187439233,0.0,RHMTD,83,case57,0.03
True,54,0.04,False,20,20,False,54,True,0.018747049982695243,0.02173263355598427,0.6849390337044676,3.8010665506590158,9.006898273946721,0.0,RHMTD,84,case57,0.03
True,31,0.04,False,20,20,False,30,False,0.26176183165273476,0.061228350419380476,0.685688655619044,4.256164596881717,8.369927073363218,0.0,RHMTD,85,case57,0.03
True,28,0.04,False,20,20,False,28,True,8.899935316506309e-06,0.014522011827238796,0.6754316209646845,4.465306305792183,9.346464584814388,0.0,RHMTD,86,case57,0.03
True,26,-0.04,False,20,20,False,25,False,0.17156124630022815,0.08510678064478319,0.6791188397233179,3.6342208477435634,6.089608982438224,0.0,RHMTD,87,case57,0.03
True,17,-0.04,False,20,20,False,0,False,0.7359973492031383,0.29528150490811395,0.6842030125560755,4.28103334561456,9.029230911983179,0.0,RHMTD,88,case57,0.03
True,55,-0.04,True,10,10,False,55,True,0.004606977004793037,0.016501129477554288,0.6841894117898912,3.751749952789396,6.923637472209523,0.0,RHMTD,89,case57,0.03
True,11,0.04,False,20,20,False,11,True,3.8671819781197646e-10,0.009424642635679173,0.6820561382462611,3.5282207478303462,5.220493406523024,0.0,RHMTD,90,case57,0.03
True,48,-0.04,False,20,20,False,48,True,4.4905719983149486e-05,0.056659960023262214,0.6769855661796877,3.106654100702144,4.0850378019968066,0.0,RHMTD,91,case57,0.03
True,50,-0.04,False,20,20,False,50,True,0.14162278406549916,0.02858055329538624,0.682778558628469,5.63193736015819,13.085509781376485,0.0,RHMTD,92,case57,0.03
True,53,-0.04,False,20,20,False,51,False,0.35227838647819326,0.06150236192591691,0.6849390337044675,3.1460603437153623,4.791143140755594,0.0,RHMTD,93,case57,0.03
True,43,0.04,False,20,20,False,43,True,0.17144160149195917,0.027153442207376588,0.6770569630459214,3.4479793393984437,4.750466393306856,0.0,RHMTD,94,case57,0.03
True,40,-0.04,False,20,20,False,40,True,0.17740041925370642,0.12224059724954733,0.6791460412556863,3.972247938509099,7.927428802940999,0.0,RHMTD,95,case57,0.03
True,10,-0.04,False,20,20,False,10,True,3.9506570006119155e-10,0.01685039311439306,0.6870859080142819,4.153683199547231,7.727391313528654,0.0,RHMTD,96,case57,0.03
True,14,0.04,False,20,20,False,14,True,2.590711438443397e-05,0.029517080337363725,0.6767207105865718,4.0543374518165365,7.911354134557772,0.0,RHMTD,97,case57,0.03
True,53,-0.04,False,20,20,False,53,True,0.28618636091573274,0.047770604442490906,0.6842336071237565,5.383650099975057,14.073771168477853,0.0,RHMTD,98,case57,0.03
True,49,-0.04,False,20,20,False,49,True,0.14160422742344314,0.03853195301269793,0.6791324404895022,3.7681853922549635,6.812965183053172,0.0,RHMTD,99,case57,0.03
True,56,0.04,False,20,20,False,38,False,0.46272775045276204,0.22834979140078218,0.6841758110237072,3.921350149903446,7.926314527867363,0.0,RHMTD,100,case57,0.03
True,17,-0.04,False,20,20,False,0,False,0.7487979003269395,0.3271104347244966,0.6849254329382833,4.1613063076511025,9.959562533185819,0.0,RHMTD,101,case57,0.03
True,12,0.04,True,1,1,False,12,True,3.8671819781197475e-10,0.003841117002147666,0.6813507116655502,3.6424520978471264,6.381664561922666,0.0,RHMTD,102,case57,0.03
True,48,-0.04,False,20,20,False,48,True,0.005774917816407517,0.055876117378268406,0.6799092639364469,4.0430687833577394,9.153181579313243,0.0,RHMTD,103,case57,0.03
True,31,0.04,False,20,20,False,30,False,0.35202939404647227,0.07295904446352557,0.6813507116655501,4.072222794638947,7.322157721500844,0.0,RHMTD,104,case57,0.03
True,31,0.04,False,20,20,False,30,False,0.1636242366817758,0.045217141449335536,0.6811668173134163,4.192737495759502,9.866079126368277,0.0,RHMTD,105,case57,0.03
True,41,-0.04,True,15,15,False,41,True,0.0013825449131353923,0.009433746047014335,0.6856444602851788,3.7722771550761536,7.233860090491363,0.0,RHMTD,106,case57,0.03
True,16,-0.04,False,20,20,False,0,False,0.7054813494496107,0.33612983262667895,0.680614690517158,4.112999903736636,9.842778870370239,0.0,RHMTD,107,case57,0.03
True,20,0.04,False,20,20,False,20,True,0.1714416009440448,0.023798669609212765,0.6803396271931703,3.9154001569841057,7.529842344229117,0.0,RHMTD,108,case57,0.03
True,50,0.04,False,20,20,False,50,True,0.004002082404300126,0.0278064632137552,0.6774295302025956,3.9965748961549257,6.021853818674583,0.0,RHMTD,109,case57,0.03
True,17,0.04,False,20,20,False,0,False,0.7254993493193191,0.31615838550928405,0.6835111867415485,8.48789150477387,44.51727297564504,0.0,RHMTD,110,case57,0.03
True,41,0.04,False,20,20,False,41,True,0.0009418300367095809,0.013802082194112884,0.6748522926360576,4.7254124481696635,10.167579117114657,0.0,RHMTD,111,case57,0.03
True,15,0.04,False,20,20,False,0,False,0.7452711816530015,0.30500872304946813,0.6834975859753644,4.381085399654694,10.239916347200051,0.0,RHMTD,112,case57,0.03
True,12,-0.04,True,1,1,False,12,True,3.8671819781197475e-10,0.0037453704577949157,0.6769855661796876,4.407541747787036,9.800016632652842,0.0,RHMTD,113,case57,0.03
True,33,-0.04,False,20,20,False,0,False,0.7317440404074752,0.29623388067093026,0.6734414394746354,4.825108248041943,10.684411835973153,0.0,RHMTD,114,case57,0.03
True,8,0.04,True,5,5,False,8,True,3.867181428923722e-10,0.008284588253644308,0.6856444602851788,3.537552055786364,4.854943763348281,0.0,RHMTD,115,case57,0.03
True,16,-0.04,False,20,20,False,0,False,0.7127408443700605,0.3284010323684415,0.6820697390124454,3.620293809217401,7.122212511603721,0.0,RHMTD,116,case57,0.03
True,46,-0.04,False,20,20,False,0,False,0.7450906530418356,0.2815383389299144,0.6813507116655501,3.536229149904102,6.8113729241304135,0.0,RHMTD,117,case57,0.03
True,8,-0.04,True,13,13,False,8,True,3.867181978119751e-10,0.007601198583063119,0.6812929155655006,4.006993901566602,7.278522913111375,0.0,RHMTD,118,case57,0.03
True,20,0.04,False,20,20,False,19,False,0.1714416009440448,0.022445364163615728,0.6798820624040783,5.636529147159308,10.527079791063468,0.0,RHMTD,119,case57,0.03
True,52,-0.04,False,20,20,False,53,False,0.2595901155419933,0.052124630954917164,0.6849390337044675,5.312368905288167,8.896037872182218,0.0,RHMTD,120,case57,0.03
True,9,-0.04,False,20,20,False,40,False,0.7545906854658927,0.21914699873747848,0.6878355299288583,3.764095896622166,8.282166061690077,0.0,RHMTD,121,case57,0.03
True,21,0.04,False,20,20,False,0,False,0.7143782383665614,0.3398551444783316,0.6849390337044676,3.369599996949546,5.228476802585647,0.0,RHMTD,122,case57,0.03
True,43,0.04,False,20,20,False,37,False,0.1714416057403602,0.025345957895900686,0.676999166945872,3.0408460035687312,4.195641379919835,0.0,RHMTD,123,case57,0.03
True,18,-0.04,True,9,9,False,31,False,0.6156244950849897,0.1807668310004306,0.6759880824734922,3.7847124942345545,8.614593409583906,0.0,RHMTD,124,case57,0.03
True,38,-0.04,False,20,20,False,0,False,0.7243077438387538,0.3558501288938606,0.6781485575494908,4.116477051866241,8.710358326788992,0.0,RHMTD,125,case57,0.03
True,47,-0.04,False,20,20,False,0,False,0.7424164147781266,0.28490103963967717,0.6863940821997551,3.3990397991146892,6.134869117522612,0.0,RHMTD,126,case57,0.03
True,51,-0.04,False,20,20,False,0,False,0.7492280576163356,0.3427157246938165,0.6798786693687658,4.6690980467246845,15.280785723007286,0.0,RHMTD,127,case57,0.03
True,23,0.04,True,0,0,False,0,False,0.7285935407114674,0.29872298821125715,0.6885409565095695,5.821016800473444,14.289527398068474,0.0,RHMTD,128,case57,0.03
True,40,0.04,True,15,15,False,40,True,0.289734679193557,0.06907709893308385,0.6754999231167192,4.397927047102712,9.718799695838243,0.0,RHMTD,129,case57,0.03
True,20,-0.04,False,20,20,False,20,True,0.171441600946703,0.0234222688233819,0.6791766358233674,5.175512400455773,10.737788915866995,0.0,RHMTD,130,case57,0.03
True,51,-0.04,False,20,20,False,26,False,0.6573094871492138,0.18708618114420247,0.6834975859753644,4.818591597722843,7.885616665589641,0.0,RHMTD,131,case57,0.03
True,26,0.04,False,20,20,False,25,False,0.17593860491856006,0.06574526472441283,0.6686275440435232,3.609956195577979,5.990422962349844,0.0,RHMTD,132,case57,0.03
True,43,-0.04,True,7,7,False,37,False,0.17144160121554475,0.02868635328251453,0.6863804814335708,3.771989548113197,7.909781247144565,0.0,RHMTD,133,case57,0.03
True,54,-0.04,False,20,20,False,53,False,0.27313372875244646,0.03334690542054029,0.6820289367138929,4.281791747780517,8.006736045354048,0.0,RHMTD,134,case57,0.03
True,32,0.04,False,20,20,False,0,False,0.7415295152518637,0.30525853008535625,0.6834975859753644,3.587129252264276,7.378648532903754,0.0,RHMTD,135,case57,0.03
True,47,0.04,False,20,20,False,0,False,0.7375269666895131,0.26884644692682297,0.6813507116655501,5.404231298598461,10.801860474748542,0.0,RHMTD,136,case57,0.03
True,51,0.04,True,2,2,False,0,False,0.7481920775133322,0.28894483562098633,0.6805874889847896,5.885802098782733,10.461179484264019,0.0,RHMTD,137,case57,0.03
True,53,0.04,False,20,20,False,54,False,0.29936282103576944,0.033878129596964,0.6842030125560755,5.45691869338043,14.013695827452478,0.0,RHMTD,138,case57,0.03
True,54,0.04,False,20,20,False,54,True,0.02259105319220378,0.024152785206147238,0.6799092639364468,4.16837079974357,8.175233358633712,0.0,RHMTD,139,case57,0.03
True,20,0.04,False,20,20,False,19,False,0.17144160626689772,0.022765201784035245,0.6747944965360083,4.065691604046151,6.30868893058506,0.0,RHMTD,140,case57,0.03
True,52,0.04,False,20,20,False,53,False,0.24541949268835772,0.038808324925343,0.672071388611766,4.186339446459897,10.687281232094394,0.0,RHMTD,141,case57,0.03
True,10,0.04,False,20,20,False,10,True,3.0735834465692456e-09,0.016378200463601885,0.687085908014282,3.6738125985721126,9.165829117409888,0.0,RHMTD,142,case57,0.03
True,12,-0.04,True,1,1,False,12,True,3.8671819781197475e-10,0.0038049772515263984,0.6834975859753645,4.843687545508146,9.949402706115508,0.0,RHMTD,143,case57,0.03
True,10,0.04,True,13,13,False,10,True,3.8671819781209475e-10,0.016250127261816422,0.6798378670702132,4.978041793219745,11.302906903438275,0.0,RHMTD,144,case57,0.03
True,11,-0.04,False,20,20,False,11,True,7.00247919406557e-10,0.01046470278595267,0.6766935090542033,4.596572951413691,11.40232771576848,0.0,RHMTD,145,case57,0.03
True,25,-0.04,False,20,20,False,51,False,0.7432092918907083,0.2018380085877169,0.6863804814335709,3.869089504587464,5.670277061290116,0.0,RHMTD,146,case57,0.03
True,36,0.04,False,20,20,False,36,True,0.05228555374601926,0.01987149239634838,0.680614690517158,5.971406199387275,24.968489544698976,0.0,RHMTD,147,case57,0.03
True,44,-0.04,False,20,20,False,0,False,0.741631301945976,0.32233998401379255,0.6820289367138926,4.387083259643987,8.903512792312542,0.0,RHMTD,148,case57,0.03
True,24,0.04,False,20,20,False,0,False,0.7196691569530734,0.33453583688359934,0.6849390337044675,3.590862450073473,5.732267265557313,0.0,RHMTD,149,case57,0.03
True,3,0.04,False,20,20,False,3,True,0.710426331018465,0.23292794177514775,0.6849526344706518,3.8012374483514577,8.762928823125549,0.0,RHMTD,150,case57,0.03
True,42,0.04,False,20,20,False,42,True,1.605167577132305e-08,0.03832190293476555,0.6796478013786434,4.373000099440105,9.478944365400823,0.0,RHMTD,151,case57,0.03
True,23,0.04,False,20,20,False,0,False,0.7461143872208899,0.30211489565489835,0.6784406146749751,3.502858293359168,6.516608971287497,0.0,RHMTD,152,case57,0.03
True,45,0.04,False,20,20,False,45,True,0.0387503969613247,0.03344001709202762,0.6813507116655501,4.340231337118894,9.117475606035446,0.0,RHMTD,153,case57,0.03
True,24,-0.04,False,20,20,False,29,False,0.17664453662208865,0.054134467430789285,0.6798956631702626,3.349479296593927,4.85716490657069,0.0,RHMTD,154,case57,0.03
True,22,-0.04,False,20,20,False,0,False,0.7779109528642159,0.30469516420110876,0.6885273557433852,3.8576977443881333,9.187916689552367,0.0,RHMTD,155,case57,0.03
True,23,0.04,False,20,20,False,0,False,0.7589166605516086,0.29358821830773874,0.6791596420218706,3.916745953029021,10.340731250471435,0.0,RHMTD,156,case57,0.03
True,54,0.04,False,20,20,False,52,False,0.2528273775683385,0.03670647245452431,0.6842166133222597,5.050679107080214,14.498958020703869,0.0,RHMTD,157,case57,0.03
True,33,-0.04,False,20,20,False,0,False,0.7439710759498003,0.3163721246440073,0.6885273557433852,4.727387442835607,11.135688182548623,0.0,RHMTD,158,case57,0.03
True,39,-0.04,False,20,20,False,0,False,0.7311069174212801,0.2419363139825896,0.6755883137844497,3.609883235185407,6.634048241539861,0.0,RHMTD,159,case57,0.03
True,13,0.04,True,2,2,False,13,True,3.8671819781197475e-10,0.006919538761559709,0.6748658934022419,3.8116646406706423,8.242973557207733,0.0,RHMTD,160,case57,0.03
True,38,0.04,False,20,20,False,39,False,0.29327349851509515,0.12859866605966025,0.6796478013786434,5.499193808645941,16.414811089634913,0.0,RHMTD,161,case57,0.03
True,35,0.04,False,20,20,False,35,True,0.17026212288743264,0.01485536833996721,0.682042537480077,3.489841753616929,6.94440660008695,0.0,RHMTD,162,case57,0.03
True,26,-0.04,False,20,20,False,26,True,0.17314002072856044,0.07356300923078171,0.6784270139087909,4.65164985798765,8.671039261389527,0.0,RHMTD,163,case57,0.03
True,1,0.04,False,20,20,False,0,False,0.7502018281361545,0.32807700343924373,0.6834975859753643,3.773933253251016,7.734848253312523,0.0,RHMTD,164,case57,0.03
True,49,-0.04,False,20,20,False,49,True,0.07648918117759233,0.03390114550578974,0.6731051870152858,5.961068902979605,10.11252772295849,0.0,RHMTD,165,case57,0.03
True,40,0.04,False,20,20,False,40,True,0.7404291223191148,0.21592224268481308,0.6834839852091802,6.068329303525388,13.84428958990614,0.0,RHMTD,166,case57,0.03
True,40,0.04,False,20,20,False,40,True,0.5377137701597465,0.19959049656433353,0.6817946756884579,6.333293856005184,23.389718472026296,0.0,RHMTD,167,case57,0.03
True,28,0.04,True,6,6,False,28,True,9.396399298843409e-08,0.014371523551888853,0.6789117802302513,4.030781346955337,10.322112863650549,0.0,RHMTD,168,case57,0.03
True,38,0.04,False,20,20,False,39,False,0.5484529386183548,0.19719367946654304,0.6820153359477086,3.8256083469605073,6.895929493475706,0.0,RHMTD,169,case57,0.03
True,27,0.04,False,20,20,False,27,True,0.0020341096906356204,0.023243923232929054,0.6760016832396764,4.296379195875488,11.364708014298236,0.0,RHMTD,170,case57,0.03
True,30,-0.04,False,20,20,False,0,False,0.7591385715264961,0.28852465375477354,0.6759880824734922,4.620729258749634,11.378172924742103,0.0,RHMTD,171,case57,0.03
True,31,-0.04,False,20,20,False,30,False,0.16797530362006466,0.044228665047678306,0.6821003335801263,5.233064747881144,15.087345795473087,0.0,RHMTD,172,case57,0.03
True,27,0.04,False,20,20,False,27,True,0.00030377605664721054,0.023050009523837598,0.6753234581913338,4.503247994580306,9.751168792718092,0.0,RHMTD,173,case57,0.03
True,51,0.04,False,20,20,False,51,True,0.7216015380231551,0.1841353453757038,0.6775784952744988,5.708647900610231,13.93443716224284,0.0,RHMTD,174,case57,0.03
True,28,0.04,False,20,20,False,28,True,0.0001675924243380417,0.017073670009064703,0.6820561382462611,4.022862698184326,10.071810087538326,0.0,RHMTD,175,case57,0.03
True,33,-0.04,False,20,20,False,0,False,0.7406725535171923,0.3035297501694985,0.6841758110237071,4.379949948634021,10.399043731740678,0.0,RHMTD,176,case57,0.03
True,20,-0.04,False,20,20,False,20,True,0.17144160094662875,0.023281507246110215,0.6835111867415486,4.762762400787324,5.6461431202478956,0.0,RHMTD,177,case57,0.03
True,5,0.04,False,20,20,False,5,True,0.024639075800711317,0.03962387642545132,0.6769991669458719,4.909029245027341,12.814232657547109,0.0,RHMTD,178,case57,0.03
True,38,0.04,False,20,20,False,0,False,0.7603527618715481,0.3308990184953655,0.6812929155655006,4.45796660205815,11.339957694872284,0.0,RHMTD,179,case57,0.03
True,52,-0.04,False,20,20,False,52,True,0.3368843058299395,0.05502764774671787,0.6870723072480978,3.7617771071381867,6.970196531619878,0.0,RHMTD,180,case57,0.03
True,48,0.04,False,20,20,False,48,True,0.0002840019627460206,0.04672690572324124,0.6885273557433852,3.1231479020789266,3.431633612490262,0.0,RHMTD,181,case57,0.03
True,32,-0.04,False,20,20,False,0,False,0.7136789488159127,0.28622068308004966,0.682778558628469,3.263743798015639,4.042343434412035,0.0,RHMTD,182,case57,0.03
True,48,0.04,False,20,20,False,48,True,0.0616025577988411,0.06670475300340975,0.6784406146749752,3.8600187515839934,4.3843773659318845,0.0,RHMTD,183,case57,0.03
True,48,0.04,False,20,20,False,48,True,0.667947334913101,0.22741949431098085,0.6849390337044675,3.1464313447941095,4.320812496007422,0.0,RHMTD,184,case57,0.03
True,5,0.04,False,20,20,False,5,True,0.00022290804130102024,0.03495026869709976,0.6762937403651609,3.9135396102210507,9.198492340510713,0.0,RHMTD,185,case57,0.03
True,41,0.04,True,6,6,False,41,True,0.0057625345111179975,0.01887544815682456,0.679132440489502,4.237456253031269,9.300827072001995,0.0,RHMTD,186,case57,0.03
True,29,-0.04,False,20,20,False,24,False,0.35595969665207955,0.057586593831830624,0.6799092639364469,3.7772354495245963,9.63368509837892,0.0,RHMTD,187,case57,0.03
True,10,-0.04,True,11,11,False,10,True,5.381588019542457e-10,0.0164813218680226,0.6820425374800769,3.7107354000909254,6.846035766648129,0.0,RHMTD,188,case57,0.03
True,13,0.04,True,4,4,False,13,True,3.8671819781197553e-10,0.0070544247604383365,0.6813643124317342,2.7871541475178674,3.074172226479277,0.0,RHMTD,189,case57,0.03
True,7,-0.04,False,20,20,False,0,False,0.7310805960804024,0.29939302704056414,0.6806010897509738,4.869622897240333,11.834603524766864,0.0,RHMTD,190,case57,0.03
True,34,-0.04,False,20,20,False,34,True,0.49203324472214544,0.1600256228629442,0.6767513051542529,3.2243188557913527,5.198522628052162,0.0,RHMTD,191,case57,0.03
True,23,-0.04,False,20,20,False,0,False,0.7605609186123751,0.34248403415601697,0.681017852241513,2.7188270585611463,3.0692312662722547,0.0,RHMTD,192,case57,0.03
True,22,-0.04,False,20,20,False,0,False,0.7517235923032729,0.22978538230100343,0.679590005278594,4.284883296350017,8.963210420915866,0.0,RHMTD,193,case57,0.03
True,53,-0.04,False,20,20,False,52,False,0.28196209973786623,0.058367236137584405,0.6784542154411595,2.8158479050034657,3.218793368432671,0.0,RHMTD,194,case57,0.03
True,40,0.04,False,20,20,False,40,True,0.012788847061628854,0.09510761612595944,0.6820561382462612,4.376895897439681,8.935596505762078,0.0,RHMTD,195,case57,0.03
True,4,-0.04,False,20,20,False,0,False,0.7445579825890164,0.29994140201583985,0.6827921593946533,2.861231254064478,3.1198666256386787,0.0,RHMTD,196,case57,0.03
True,23,0.04,False,20,20,False,0,False,0.7086672779624033,0.3271660732554983,0.6784406146749752,2.6501999993342906,2.9597065440611914,0.0,RHMTD,197,case57,0.03
True,17,0.04,False,20,20,False,0,False,0.7416823334881654,0.3044367730377335,0.6805874889847896,3.0406812526052818,3.4172830404713768,0.0,RHMTD,198,case57,0.03
True,28,0.04,False,20,20,False,28,True,2.1370842431729536e-05,0.015872357946062003,0.6827343632946038,2.7561333554331213,3.011983400210738,0.0,RHMTD,199,case57,0.03
True,26,-0.04,True,5,5,False,0,False,0.8133084942736618,0.358134284542197,0.40839481450129256,25.597395861404948,32.021462495322346,0.0,Robust-MTD,0,case57,0.03
True,49,-0.04,False,20,20,False,48,False,0.21584813872540534,0.08009803333845955,0.40839481450129256,32.22223329357803,53.96327322523577,0.0,Robust-MTD,1,case57,0.03
True,53,-0.04,False,20,20,False,52,False,0.20225553518446213,0.06145236527117713,0.40839481450129256,22.934762499062344,31.823296140646587,0.0,Robust-MTD,2,case57,0.03
True,37,0.04,False,20,20,False,0,False,0.7973855879813382,0.3600885712606433,0.40839481450129256,23.818781290901825,30.828282664879225,0.0,Robust-MTD,3,case57,0.03
True,46,0.04,True,17,17,False,0,False,0.7906285524603134,0.384943612578192,0.40839481450129256,30.816743793548085,42.0040455501294,0.0,Robust-MTD,4,case57,0.03
True,17,0.04,False,20,20,False,0,False,0.7907366027117786,0.31570985367058835,0.40839481450129256,24.42067295196466,31.84353688848205,0.0,Robust-MTD,5,case57,0.03
True,24,0.04,False,20,20,False,24,True,0.4780655664949683,0.14243475139143147,0.40839481450129256,29.612364660715684,41.97295068879612,0.0,Robust-MTD,6,case57,0.03
True,3,0.04,False,20,20,False,0,False,0.7969068576787812,0.3817217745155764,0.40839481450129256,20.53132500150241,29.439853556687016,0.0,Robust-MTD,7,case57,0.03
True,8,-0.04,True,2,2,False,8,True,6.745306696581486e-09,0.01032914086270877,0.40839481450129256,27.37768770311959,36.601017037173754,0.0,Robust-MTD,8,case57,0.03
True,22,0.04,False,20,20,False,17,False,0.6837966911165719,0.2362262718755304,0.40839481450129256,27.271291651413776,36.126664924086086,0.0,Robust-MTD,9,case57,0.03
True,29,-0.04,True,16,16,False,29,True,0.3551741448570136,0.09553511598840418,0.40839481450129256,24.85451870597899,31.637985419365577,0.0,Robust-MTD,10,case57,0.03
True,28,-0.04,False,20,20,False,28,True,0.3520942012134468,0.12081568477190896,0.40839481450129256,32.177187348133884,48.003966076066746,0.0,Robust-MTD,11,case57,0.03
True,8,0.04,True,9,9,False,8,True,4.607197567448092e-10,0.010329140869418328,0.40839481450129256,21.723562409169972,32.22418191144244,0.0,Robust-MTD,12,case57,0.03
True,28,-0.04,False,20,20,False,28,True,0.28270141389755943,0.07896266703988114,0.40839481450129256,27.351683314191177,41.28152226912791,0.0,Robust-MTD,13,case57,0.03
True,22,0.04,False,20,20,False,0,False,0.7976531992831636,0.38746990557930067,0.40839481450129256,25.261462450725958,35.87253928708379,0.0,Robust-MTD,14,case57,0.03
True,26,0.04,False,20,20,False,0,False,0.7875960937413339,0.3226763102737158,0.40839481450129256,26.694268846767955,35.09876456519125,0.0,Robust-MTD,15,case57,0.03
True,40,-0.04,False,20,20,False,0,False,0.7919742689705288,0.384577761244057,0.40839481450129256,29.277676896890625,42.08643893362024,0.0,Robust-MTD,16,case57,0.03
True,1,-0.04,False,20,20,False,0,False,0.838075354702744,0.33668995248422023,0.40839481450129256,21.563308345503174,29.55101842235308,0.0,Robust-MTD,17,case57,0.03
True,37,-0.04,False,20,20,False,0,False,0.7934092158925762,0.39176221857430127,0.40839481450129256,24.480439655599184,30.099952712771486,0.0,Robust-MTD,18,case57,0.03
True,42,-0.04,False,20,20,False,42,True,0.5310042704124601,0.27870653041606575,0.40839481450129256,28.788133306079544,40.75134235026781,0.0,Robust-MTD,19,case57,0.03
True,32,0.04,False,20,20,False,0,False,0.7713681447807917,0.39609856010987826,0.40839481450129256,23.57537295902148,30.701577739091594,0.0,Robust-MTD,20,case57,0.03
True,20,0.04,False,20,20,False,20,True,0.28621160255956435,0.04511972529650373,0.40839481450129256,28.598737594438717,36.50300655281171,0.0,Robust-MTD,21,case57,0.03
True,46,0.04,False,20,20,False,0,False,0.8047725571560058,0.3828200893635228,0.40839481450129256,22.26464575214777,30.00087228138,0.0,Robust-MTD,22,case57,0.03
True,42,0.04,False,20,20,False,0,False,0.7491821503387698,0.3744202413309759,0.40839481450129256,28.476208355277777,39.614077040459996,0.0,Robust-MTD,23,case57,0.03
True,56,-0.04,True,3,3,False,0,False,0.8334703828893795,0.34926792684054503,0.40839481450129256,29.694762540748343,43.81729199958501,0.0,Robust-MTD,24,case57,0.03
True,53,0.04,False,20,20,False,53,True,0.20339879472089484,0.06222711985103407,0.40839481450129256,31.294406202505343,56.31756518851034,0.0,Robust-MTD,25,case57,0.03
True,48,0.04,False,20,20,False,49,False,0.24266372837551511,0.08464514330954001,0.40839481450129256,32.15694995014928,43.70024822128474,0.0,Robust-MTD,26,case57,0.03
True,24,-0.04,False,20,20,False,0,False,0.718723738140929,0.2606616373366384,0.40839481450129256,34.650079303537495,53.797905950341374,0.0,Robust-MTD,27,case57,0.03
True,20,0.04,False,20,20,False,19,False,0.21563435436026077,0.02940649988715899,0.40839481450129256,29.859099950408563,46.690196156851016,0.0,Robust-MTD,28,case57,0.03
True,34,-0.04,True,18,18,False,0,False,0.8125677099340646,0.3803031061577159,0.40839481450129256,27.47520195262041,41.21011219685898,0.0,Robust-MTD,29,case57,0.03
True,11,-0.04,True,1,1,False,11,True,3.867181703519494e-10,0.010965787832656563,0.40839481450129256,29.587412552791648,40.35717561200729,0.0,Robust-MTD,30,case57,0.03
True,38,0.04,False,20,20,False,0,False,0.8168925782033769,0.3682177477473151,0.40839481450129256,31.855954159982506,41.25419819902164,0.0,Robust-MTD,31,case57,0.03
True,32,0.04,False,20,20,False,0,False,0.7871921920592151,0.3972581418316645,0.40839481450129256,34.552797899232246,62.578181538265234,0.0,Robust-MTD,32,case57,0.03
True,15,-0.04,False,20,20,False,0,False,0.7687939178069878,0.4117748092884569,0.40839481450129256,28.256427150336094,35.526450036559254,0.0,Robust-MTD,33,case57,0.03
True,36,0.04,False,20,20,False,36,True,0.11921852896696762,0.010703504485393858,0.40839481450129256,26.211795798735693,33.512433312716894,0.0,Robust-MTD,34,case57,0.03
True,26,0.04,False,20,20,False,0,False,0.7872413664756418,0.38618450908029706,0.40839481450129256,33.089343743631616,50.009193737059846,0.0,Robust-MTD,35,case57,0.03
True,28,0.04,False,20,20,False,0,False,0.7955424357810712,0.33519356246703247,0.40839481450129256,33.447722997516394,47.86809438373895,0.0,Robust-MTD,36,case57,0.03
True,3,0.04,True,14,14,False,0,False,0.7737208013815803,0.330231117672679,0.40839481450129256,32.13874170323834,46.99845242139418,0.0,Robust-MTD,37,case57,0.03
True,6,0.04,False,20,20,False,0,False,0.8089617167582424,0.3550411617422999,0.40839481450129256,28.57226879859809,37.79040596855339,0.0,Robust-MTD,38,case57,0.03
True,51,-0.04,False,20,20,False,0,False,0.8099400227546801,0.38154266814392424,0.40839481450129256,32.08285625150893,44.4437791244127,0.0,Robust-MTD,39,case57,0.03
True,17,0.04,False,20,20,False,0,False,0.8127269968968375,0.3424862375350298,0.40839481450129256,29.287976954947226,40.448404825292535,0.0,Robust-MTD,40,case57,0.03
True,49,-0.04,False,20,20,False,0,False,0.8076828304739472,0.3650734065450896,0.40839481450129256,29.685549956047907,39.95279406371993,0.0,Robust-MTD,41,case57,0.03
True,19,-0.04,False,20,20,False,19,True,0.2704783495614609,0.040602207762963624,0.40839481450129256,35.04305219685193,53.74259015370626,0.0,Robust-MTD,42,case57,0.03
True,31,0.04,False,20,20,False,0,False,0.801067898677734,0.38308438556763136,0.40839481450129256,29.944149902439676,54.31837081850972,0.0,Robust-MTD,43,case57,0.03
True,55,0.04,False,20,20,False,55,True,2.0499279364893335e-05,0.017279077915870845,0.40839481450129256,31.17521235253662,51.09181424195413,0.0,Robust-MTD,44,case57,0.03
True,2,0.04,False,20,20,False,2,True,0.2365754778996268,0.04663503201091674,0.40839481450129256,29.22305425745435,37.31029017071706,0.0,Robust-MTD,45,case57,0.03
True,34,-0.04,False,20,20,False,0,False,0.7883998072547165,0.3870349873177435,0.40839481450129256,29.269550094613805,40.58915419736878,0.0,Robust-MTD,46,case57,0.03
True,14,-0.04,False,20,20,False,14,True,0.0103753189682849,0.0277788132456457,0.40839481450129256,29.90127089433372,48.092508388799615,0.0,Robust-MTD,47,case57,0.03
True,1,0.04,False,20,20,False,0,False,0.7894499523562063,0.3890194605334487,0.40839481450129256,33.206377300666645,58.73067325155717,0.0,Robust-MTD,48,case57,0.03
True,34,-0.04,False,20,20,False,0,False,0.8048697560254837,0.37265332890012076,0.40839481450129256,28.378343698568642,38.59403748065233,0.0,Robust-MTD,49,case57,0.03
True,40,-0.04,False,20,20,False,55,False,0.744103700677194,0.2278923033412381,0.40839481450129256,30.675366646028124,47.54898749233691,0.0,Robust-MTD,50,case57,0.03
True,27,-0.04,False,20,20,False,28,False,0.3506162597157347,0.10696908317106062,0.40839481450129256,29.55499359231908,55.87644308398012,0.0,Robust-MTD,51,case57,0.03
True,44,-0.04,False,20,20,False,0,False,0.786494806840572,0.39045774330520366,0.40839481450129256,31.272483253269456,54.25848337181379,0.0,Robust-MTD,52,case57,0.03
True,1,0.04,False,20,20,False,0,False,0.7852904296165324,0.3852557930249273,0.40839481450129256,32.68079589761328,47.722262461320504,0.0,Robust-MTD,53,case57,0.03
True,20,-0.04,False,20,20,False,20,True,0.27959925714083217,0.043013214205615734,0.40839481450129256,29.582306049996987,39.96130386949517,0.0,Robust-MTD,54,case57,0.03
True,41,-0.04,False,20,20,False,41,True,0.00022123070328569918,0.0136526382706515,0.40839481450129256,36.21408129401971,61.94814372865949,0.0,Robust-MTD,55,case57,0.03
True,25,0.04,False,20,20,False,0,False,0.7645050450822833,0.3239206694597339,0.40839481450129256,35.827160452026874,53.262341939262114,0.0,Robust-MTD,56,case57,0.03
True,33,0.04,False,20,20,False,0,False,0.756443407978341,0.28045958655258385,0.40839481450129256,32.2073459479725,63.674887843080796,0.0,Robust-MTD,57,case57,0.03
True,42,-0.04,False,20,20,False,0,False,0.8059351682853466,0.3819013686705601,0.40839481450129256,28.846108241123147,47.532621180289425,0.0,Robust-MTD,58,case57,0.03
True,21,0.04,False,20,20,False,0,False,0.7764714525311701,0.39359915806474816,0.40839481450129256,32.77200205193367,55.79488326620776,0.0,Robust-MTD,59,case57,0.03
True,36,-0.04,True,12,12,False,35,False,0.17078556108081264,0.010830287491814678,0.40839481450129256,28.507887545856647,42.2782934299903,0.0,Robust-MTD,60,case57,0.03
True,46,0.04,False,20,20,False,0,False,0.8030422052745333,0.37057312087520905,0.40839481450129256,33.28150195302442,58.483511864324136,0.0,Robust-MTD,61,case57,0.03
True,56,0.04,False,20,20,False,0,False,0.7907252987071471,0.38129607882093297,0.40839481450129256,32.56072495132685,50.85208989912645,0.0,Robust-MTD,62,case57,0.03
True,8,-0.04,True,6,6,False,8,True,3.867181978121727e-10,0.010329140869484004,0.40839481450129256,31.817637599306185,39.90861247293652,0.0,Robust-MTD,63,case57,0.03
True,2,0.04,False,20,20,False,2,True,0.10137902782453935,0.038416513378827725,0.40839481450129256,28.20647715125233,41.275805997429416,0.0,Robust-MTD,64,case57,0.03
True,43,0.04,False,20,20,False,0,False,0.7847691441141411,0.39390387470854177,0.40839481450129256,34.56427920318674,55.29796876944602,0.0,Robust-MTD,65,case57,0.03
True,11,0.04,True,12,12,False,11,True,3.867181978119758e-10,0.010965787832656563,0.40839481450129256,32.44751045713201,56.96766219625716,0.0,Robust-MTD,66,case57,0.03
True,7,0.04,False,20,20,False,0,False,0.8168361087813443,0.3653329143848047,0.40839481450129256,34.36166875180788,49.499447588459596,0.0,Robust-MTD,67,case57,0.03
True,7,-0.04,False,20,20,False,0,False,0.8079940008089689,0.2764432144765888,0.40839481450129256,37.40067704638932,67.75578958331609,0.0,Robust-MTD,68,case57,0.03
True,51,-0.04,False,20,20,False,0,False,0.815813997987374,0.3692854876955304,0.40839481450129256,36.33106659981422,59.808602061821155,0.0,Robust-MTD,69,case57,0.03
True,12,-0.04,True,1,1,False,12,True,3.8671819781197734e-10,0.004652564612990236,0.40839481450129256,29.863856255542487,44.89135273324792,0.0,Robust-MTD,70,case57,0.03
True,17,-0.04,False,20,20,False,17,True,0.5579242096208656,0.15464337353337154,0.40839481450129256,30.968895900878124,51.62374163337518,0.0,Robust-MTD,71,case57,0.03
True,35,0.04,False,20,20,False,35,True,0.14694899604206843,0.010896478349117635,0.40839481450129256,31.564008348505013,57.77484171558172,0.0,Robust-MTD,72,case57,0.03
True,37,0.04,False,20,20,False,0,False,0.753073940413157,0.37269996444642184,0.40839481450129256,32.07549375365488,44.94522677559871,0.0,Robust-MTD,73,case57,0.03
True,11,0.04,False,20,20,False,11,True,3.867181978119834e-10,0.010965787832656563,0.40839481450129256,35.93844581046142,74.09513549064286,0.0,Robust-MTD,74,case57,0.03
True,43,-0.04,False,20,20,False,43,True,0.699153446437519,0.3987245672705707,0.40839481450129256,31.809468747815117,43.24194850341885,0.0,Robust-MTD,75,case57,0.03
True,39,0.04,False,20,20,False,39,True,0.1548947845391526,0.04693332929624812,0.40839481450129256,35.627493701758794,62.565492297289886,0.0,Robust-MTD,76,case57,0.03
True,41,-0.04,False,20,20,False,41,True,0.0016884244931406858,0.013729978566744952,0.40839481450129256,29.769135446986184,44.20420174428728,0.0,Robust-MTD,77,case57,0.03
True,11,-0.04,True,15,15,False,11,True,3.867181978119751e-10,0.010965787832656563,0.40839481450129256,31.081079089199193,55.543736836989424,0.0,Robust-MTD,78,case57,0.03
True,24,0.04,True,19,19,False,24,True,0.35734070103366766,0.09649256337351003,0.40839481450129256,31.27310214622412,43.042179805343046,0.0,Robust-MTD,79,case57,0.03
True,26,-0.04,False,20,20,False,0,False,0.8153022269092964,0.3526506073893442,0.40839481450129256,29.508924955734983,46.899501755251556,0.0,Robust-MTD,80,case57,0.03
True,37,0.04,False,20,20,False,0,False,0.7763277230920661,0.387955638420047,0.40839481450129256,31.302274900372144,45.448422885965584,0.0,Robust-MTD,81,case57,0.03
True,26,-0.04,False,20,20,False,0,False,0.7764946699216726,0.3978914898739177,0.40839481450129256,34.56330830522347,59.367008658591686,0.0,Robust-MTD,82,case57,0.03
True,20,-0.04,False,20,20,False,20,True,0.23344482756685478,0.032387420676026596,0.40839481450129256,31.88577908440493,47.99667879997288,0.0,Robust-MTD,83,case57,0.03
True,54,0.04,False,20,20,False,0,False,0.782217213094984,0.3904268708572911,0.40839481450129256,35.10971060895827,56.42539028194736,0.0,Robust-MTD,84,case57,0.03
True,31,0.04,False,20,20,False,31,True,0.6927595738697985,0.24853047128702307,0.40839481450129256,30.567370945937,57.56857116939501,0.0,Robust-MTD,85,case57,0.03
True,28,0.04,False,20,20,False,28,True,0.5325084482367706,0.1600062494176286,0.40839481450129256,29.194054307299666,42.14889025606681,0.0,Robust-MTD,86,case57,0.03
True,26,-0.04,False,20,20,False,0,False,0.7938911443597375,0.2771940165934539,0.40839481450129256,31.40720615629107,56.480043753981604,0.0,Robust-MTD,87,case57,0.03
True,17,-0.04,False,20,20,False,0,False,0.7885958325679869,0.3554070020065417,0.40839481450129256,32.38877925032284,44.187644429621294,0.0,Robust-MTD,88,case57,0.03
True,55,-0.04,True,10,10,False,55,True,9.010069202015375e-05,0.017278954722508722,0.40839481450129256,29.052864643745124,40.79820204642601,0.0,Robust-MTD,89,case57,0.03
True,11,0.04,True,9,9,False,11,True,3.8671819781197765e-10,0.010965787832656563,0.40839481450129256,29.533435311168432,42.96811039384921,0.0,Robust-MTD,90,case57,0.03
True,48,-0.04,False,20,20,False,9,False,0.6456460619896396,0.19735610886188953,0.40839481450129256,35.10076240054332,53.49948151560966,0.0,Robust-MTD,91,case57,0.03
True,50,-0.04,False,20,20,False,0,False,0.7946622912130956,0.38537572921032176,0.40839481450129256,29.159391549183056,42.66139613464475,0.0,Robust-MTD,92,case57,0.03
True,53,-0.04,False,20,20,False,53,True,0.18593733931956602,0.05550741926889004,0.40839481450129256,31.608204156509597,46.5786826942349,0.0,Robust-MTD,93,case57,0.03
True,43,0.04,False,20,20,False,0,False,0.7831118102724745,0.39980365951954877,0.40839481450129256,36.11497485253494,62.043623186764336,0.0,Robust-MTD,94,case57,0.03
True,40,-0.04,False,20,20,False,0,False,0.742625513777158,0.369945928750559,0.40839481450129256,37.113468736060895,68.89307768724395,0.0,Robust-MTD,95,case57,0.03
True,10,-0.04,False,20,20,False,10,True,3.8671817035212727e-10,0.018317824305699518,0.40839481450129256,31.33602715097368,46.119961034855805,0.0,Robust-MTD,96,case57,0.03
True,14,0.04,True,16,16,False,14,True,0.01492206892098773,0.02870574198667392,0.40839481450129256,33.093835395993665,45.6378776987549,0.0,Robust-MTD,97,case57,0.03
True,53,-0.04,False,20,20,False,53,True,0.3961396735017786,0.12171732263661844,0.40839481450129256,29.69498955353629,42.793870533932946,0.0,Robust-MTD,98,case57,0.03
True,49,-0.04,False,20,20,False,0,False,0.7590997685021689,0.3390177960490995,0.40839481450129256,33.4790188469924,48.34474409290126,0.0,Robust-MTD,99,case57,0.03
True,56,0.04,False,20,20,False,0,False,0.8163614001066133,0.35021744112038655,0.40839481450129256,35.671022947644815,61.30642296338921,0.0,Robust-MTD,100,case57,0.03
True,17,-0.04,False,20,20,False,20,False,0.33480840544762697,0.06588170291829895,0.40839481450129256,31.691743701230735,50.999908358789995,0.0,Robust-MTD,101,case57,0.03
True,12,0.04,True,1,1,False,12,True,3.8671819781197475e-10,0.004652564612990236,0.40839481450129256,33.70347284944728,56.280506224720746,0.0,Robust-MTD,102,case57,0.03
True,48,-0.04,False,20,20,False,0,False,0.7820811265861816,0.35959275784999034,0.40839481450129256,32.33682924765162,48.15227531071287,0.0,Robust-MTD,103,case57,0.03
True,31,0.04,False,20,20,False,31,True,0.4895313609214117,0.1512985819439293,0.40839481450129256,31.198127049719915,38.378333352739006,0.0,Robust-MTD,104,case57,0.03
True,31,0.04,False,20,20,False,0,False,0.7693729772492548,0.39470214417403593,0.40839481450129256,29.968166709295474,40.69489339599386,0.0,Robust-MTD,105,case57,0.03
True,41,-0.04,False,20,20,False,41,True,0.003150561047023466,0.013820297648211374,0.40839481450129256,36.237162456382066,67.60833092266694,0.0,Robust-MTD,106,case57,0.03
True,16,-0.04,False,20,20,False,0,False,0.7834540309911902,0.39357955949208917,0.40839481450129256,37.1283458545804,61.177751817740514,0.0,Robust-MTD,107,case57,0.03
True,20,0.04,False,20,20,False,20,True,0.19503744198253659,0.026622374377322684,0.40839481450129256,32.4859833548544,47.63925200968518,0.0,Robust-MTD,108,case57,0.03
True,50,0.04,False,20,20,False,0,False,0.7920933975497851,0.3797915165589526,0.40839481450129256,34.905899956356734,64.23908959841357,0.0,Robust-MTD,109,case57,0.03
True,17,0.04,False,20,20,False,17,True,0.5460137907197656,0.16828246888777873,0.40839481450129256,32.27062511141412,60.850218462292105,0.0,Robust-MTD,110,case57,0.03
True,41,0.04,False,20,20,False,41,True,1.2745190234217978e-05,0.013644184628371586,0.40839481450129256,31.060362502466887,46.438695859978914,0.0,Robust-MTD,111,case57,0.03
True,15,0.04,False,20,20,False,0,False,0.8020465313689682,0.38071385161598126,0.40839481450129256,34.12982079316862,57.162637176224976,0.0,Robust-MTD,112,case57,0.03
True,12,-0.04,True,1,1,False,12,True,3.8671819781201803e-10,0.004652564612990236,0.40839481450129256,28.69013545277994,43.903025024337694,0.0,Robust-MTD,113,case57,0.03
True,33,-0.04,False,20,20,False,0,False,0.793333267119624,0.3182557976327702,0.40839481450129256,32.578297998406924,46.55790626129602,0.0,Robust-MTD,114,case57,0.03
True,8,0.04,True,19,19,False,8,True,3.8671817035195615e-10,0.010329140869484004,0.40839481450129256,32.153141556773335,46.19125894969329,0.0,Robust-MTD,115,case57,0.03
True,16,-0.04,False,20,20,False,0,False,0.795909310456797,0.3731791103478825,0.40839481450129256,37.4049250560347,64.75004548556174,0.0,Robust-MTD,116,case57,0.03
True,46,-0.04,False,20,20,False,0,False,0.7807826253544767,0.36001529896193707,0.40839481450129256,31.549535552039742,42.90636668738447,0.0,Robust-MTD,117,case57,0.03
True,8,-0.04,True,8,8,False,8,True,3.8671819781214153e-10,0.010329140869484004,0.40839481450129256,26.087629341054708,33.95256905350835,0.0,Robust-MTD,118,case57,0.03
True,20,0.04,False,20,20,False,20,True,0.20531934291614223,0.027925797240796815,0.40839481450129256,31.619304203195497,56.082477394375026,0.0,Robust-MTD,119,case57,0.03
True,52,-0.04,False,20,20,False,0,False,0.7624866848140314,0.335972905584649,0.40839481450129256,34.70994599047117,57.378306603641256,0.0,Robust-MTD,120,case57,0.03
True,9,-0.04,False,20,20,False,9,True,0.25548339407034093,0.1280135556092131,0.40839481450129256,31.668781308690086,42.48906038701534,0.0,Robust-MTD,121,case57,0.03
True,21,0.04,False,20,20,False,0,False,0.7954960126464932,0.37622890323934677,0.40839481450129256,31.354266701964658,47.94234824948945,0.0,Robust-MTD,122,case57,0.03
True,43,0.04,False,20,20,False,43,True,0.6955542971458998,0.39583355769194495,0.40839481450129256,35.91907930094749,61.7312232614495,0.0,Robust-MTD,123,case57,0.03
True,18,-0.04,True,9,9,False,0,False,0.8402155244178505,0.3361774058797419,0.40839481450129256,39.17480614618398,66.27255213097672,0.0,Robust-MTD,124,case57,0.03
True,38,-0.04,False,20,20,False,0,False,0.7794171551624645,0.38419193634331883,0.40839481450129256,30.85845820605755,42.97062948462554,0.0,Robust-MTD,125,case57,0.03
True,47,-0.04,False,20,20,False,0,False,0.7963048000867289,0.39071544666715463,0.40839481450129256,34.7310709010344,71.06898363272195,0.0,Robust-MTD,126,case57,0.03
True,51,-0.04,False,20,20,False,0,False,0.7901757986857069,0.30449379722435865,0.40839481450129256,33.565533347427845,56.20744163170458,0.0,Robust-MTD,127,case57,0.03
True,23,0.04,True,0,0,False,0,False,0.7843820496984291,0.3905206524464548,0.40839481450129256,34.038606254034676,60.42497502057814,0.0,Robust-MTD,128,case57,0.03
True,40,0.04,True,15,15,False,48,False,0.6923032686179276,0.2650908855746671,0.40839481450129256,33.583554049255326,52.40847017557829,0.0,Robust-MTD,129,case57,0.03
True,20,-0.04,False,20,20,False,19,False,0.24051511859544064,0.033648734389711915,0.40839481450129256,31.100989700644277,47.47345149226022,0.0,Robust-MTD,130,case57,0.03
True,51,-0.04,False,20,20,False,0,False,0.7675634962440193,0.28375025200455195,0.40839481450129256,36.65975619805977,96.63349335605744,0.0,Robust-MTD,131,case57,0.03
True,26,0.04,False,20,20,False,0,False,0.8037871759716074,0.37065109818666847,0.40839481450129256,31.272689547040503,40.67995031364265,0.0,Robust-MTD,132,case57,0.03
True,43,-0.04,True,7,7,False,0,False,0.7951053440048068,0.3899329611441331,0.40839481450129256,44.08825839927886,84.69381698814693,0.0,Robust-MTD,133,case57,0.03
True,54,-0.04,False,20,20,False,0,False,0.7706123753046082,0.40661921454640904,0.40839481450129256,36.54836265195627,75.08484021236654,0.0,Robust-MTD,134,case57,0.03
True,32,0.04,False,20,20,False,0,False,0.7948549954313812,0.39283057378088065,0.40839481450129256,33.74556050694082,58.51934826932848,0.0,Robust-MTD,135,case57,0.03
True,47,0.04,False,20,20,False,55,False,0.758640706432884,0.25515781919849534,0.40839481450129256,33.74971449666191,55.518884747289135,0.0,Robust-MTD,136,case57,0.03
True,51,0.04,True,2,2,False,0,False,0.7879588554694086,0.3885042898603771,0.40839481450129256,31.61331250448711,45.23079135105946,0.0,Robust-MTD,137,case57,0.03
True,53,0.04,False,20,20,False,0,False,0.7804965509535914,0.3374825121989301,0.40839481450129256,32.55528738955036,64.87192144850269,0.0,Robust-MTD,138,case57,0.03
True,54,0.04,False,20,20,False,0,False,0.7733842425677173,0.3866349841035541,0.40839481450129256,31.000216750544496,49.66077855788171,0.0,Robust-MTD,139,case57,0.03
True,20,0.04,False,20,20,False,19,False,0.1974697836356687,0.02692141296200105,0.40839481450129256,37.497631198493764,49.15107434790122,0.0,Robust-MTD,140,case57,0.03
True,52,0.04,False,20,20,False,52,True,0.31238648150818465,0.10762407404240315,0.40839481450129256,29.36786884383764,40.74101726000663,0.0,Robust-MTD,141,case57,0.03
True,10,0.04,True,18,18,False,10,True,3.8671819781200376e-10,0.018317824305699518,0.40839481450129256,34.694764655432664,62.40556669945364,0.0,Robust-MTD,142,case57,0.03
True,12,-0.04,True,2,2,False,12,True,3.8671819781197615e-10,0.004652564612990236,0.40839481450129256,34.451654242002405,52.154519091709574,0.0,Robust-MTD,143,case57,0.03
True,10,0.04,True,13,13,False,10,True,3.8671803306213076e-10,0.018317824305699528,0.40839481450129256,30.23617070284672,47.188226494472474,0.0,Robust-MTD,144,case57,0.03
True,11,-0.04,True,19,19,False,11,True,3.8671819781197553e-10,0.010965787832656563,0.40839481450129256,33.14569174835924,53.56540833599866,0.0,Robust-MTD,145,case57,0.03
True,25,-0.04,False,20,20,False,0,False,0.8040337993359272,0.27255505112409334,0.40839481450129256,30.97150625253562,55.509852393879555,0.0,Robust-MTD,146,case57,0.03
True,36,0.04,False,20,20,False,36,True,0.16997248418352395,0.010797313773640611,0.40839481450129256,38.15107300179079,87.26846424688122,0.0,Robust-MTD,147,case57,0.03
True,44,-0.04,False,20,20,False,0,False,0.7944032009212413,0.3820777632487665,0.40839481450129256,32.273091754177585,52.173778833821416,0.0,Robust-MTD,148,case57,0.03
True,24,0.04,False,20,20,False,31,False,0.4256023061411193,0.12986398369043306,0.40839481450129256,31.51775420410559,55.19067888671999,0.0,Robust-MTD,149,case57,0.03
True,3,0.04,False,20,20,False,0,False,0.8111937040992319,0.3578130016215923,0.40839481450129256,35.80799380433746,53.50343367899769,0.0,Robust-MTD,150,case57,0.03
True,42,0.04,False,20,20,False,0,False,0.7363968212533962,0.3544047001174164,0.40839481450129256,36.15023945749272,55.34041847859045,0.0,Robust-MTD,151,case57,0.03
True,23,0.04,False,20,20,False,0,False,0.8144938373265351,0.30593080293207287,0.40839481450129256,32.79535834444687,43.98869017604739,0.0,Robust-MTD,152,case57,0.03
True,45,0.04,False,20,20,False,0,False,0.7915148730127939,0.3949392427373306,0.40839481450129256,31.437568803085014,63.05236731423065,0.0,Robust-MTD,153,case57,0.03
True,24,-0.04,False,20,20,False,31,False,0.49632712177842203,0.15594426514458531,0.40839481450129256,30.3409415850183,54.20200481603389,0.0,Robust-MTD,154,case57,0.03
True,22,-0.04,False,20,20,False,0,False,0.8198130287119084,0.36508180865569645,0.40839481450129256,36.59897290344816,71.0154997301288,0.0,Robust-MTD,155,case57,0.03
True,23,0.04,False,20,20,False,0,False,0.7752625365539936,0.39402122251825805,0.40839481450129256,32.10229160322342,45.96411076781806,0.0,Robust-MTD,156,case57,0.03
True,54,0.04,False,20,20,False,0,False,0.8108399847873337,0.3797336182262273,0.40839481450129256,32.44703325617593,48.24204789183568,0.0,Robust-MTD,157,case57,0.03
True,33,-0.04,False,20,20,False,0,False,0.8130167300226457,0.3521947164770517,0.40839481450129256,28.67618720047176,48.79416811163538,0.0,Robust-MTD,158,case57,0.03
True,39,-0.04,False,20,20,False,39,True,0.015065462310296814,0.04619807630251512,0.40839481450129256,31.739829044090584,51.72173056052999,0.0,Robust-MTD,159,case57,0.03
True,13,0.04,False,20,20,False,13,True,3.8671814289240743e-10,0.019226232205363358,0.40839481450129256,31.57466885750182,54.464412832749076,0.0,Robust-MTD,160,case57,0.03
True,38,0.04,False,20,20,False,0,False,0.7976951006835916,0.3609957464764091,0.40839481450129256,32.85895219887607,52.667308956733926,0.0,Robust-MTD,161,case57,0.03
True,35,0.04,True,2,2,False,35,True,0.16666959374210413,0.010852610251031259,0.40839481450129256,31.26590419560671,46.79687774041668,0.0,Robust-MTD,162,case57,0.03
True,26,-0.04,False,20,20,False,0,False,0.8105760884959251,0.35590451353606256,0.40839481450129256,32.2385729465168,49.1190874716267,0.0,Robust-MTD,163,case57,0.03
True,1,0.04,False,20,20,False,0,False,0.8090015132175098,0.36571088157197973,0.40839481450129256,30.35913335334044,39.532848238013685,0.0,Robust-MTD,164,case57,0.03
True,49,-0.04,False,20,20,False,48,False,0.27693120511353214,0.09522916375247586,0.40839481450129256,34.72344360197894,72.92323303117882,0.0,Robust-MTD,165,case57,0.03
True,40,0.04,False,20,20,False,0,False,0.8382516234409076,0.3004103951187671,0.40839481450129256,32.53366675344296,59.97641668072902,0.0,Robust-MTD,166,case57,0.03
True,40,0.04,False,20,20,False,0,False,0.7923003799335211,0.2786584540167334,0.40839481450129256,30.214849987532943,48.79290412354749,0.0,Robust-MTD,167,case57,0.03
True,28,0.04,False,20,20,False,28,True,0.3293174129712952,0.10110730383524032,0.40839481450129256,28.612185455858707,45.302234799601145,0.0,Robust-MTD,168,case57,0.03
True,38,0.04,False,20,20,False,0,False,0.7788799422327748,0.3923355169337504,0.40839481450129256,38.21906870580278,65.69786103791557,0.0,Robust-MTD,169,case57,0.03
True,27,0.04,False,20,20,False,27,True,0.20014844495424988,0.04659482550634424,0.40839481450129256,29.63640430534724,49.82210279558785,0.0,Robust-MTD,170,case57,0.03
True,30,-0.04,False,20,20,False,31,False,0.4390464462764886,0.1325158069432391,0.40839481450129256,29.89050004980527,42.81553509354127,0.0,Robust-MTD,171,case57,0.03
True,31,-0.04,False,20,20,False,0,False,0.7925702483969881,0.3400061331527827,0.40839481450129256,30.434585196780972,43.94008471572306,0.0,Robust-MTD,172,case57,0.03
True,27,0.04,False,20,20,False,28,False,0.25704328107371816,0.06661161637947327,0.40839481450129256,31.676729087485,53.895678813569255,0.0,Robust-MTD,173,case57,0.03
True,51,0.04,False,20,20,False,0,False,0.795030752563428,0.34194979206501985,0.40839481450129256,30.95723975857254,52.41951221833006,0.0,Robust-MTD,174,case57,0.03
True,28,0.04,False,20,20,False,28,True,0.2815072680113215,0.07515534879248767,0.40839481450129256,30.970470799366012,45.507154159713565,0.0,Robust-MTD,175,case57,0.03
True,33,-0.04,False,20,20,False,25,False,0.6515235039496785,0.22927728180842605,0.40839481450129256,30.565756250871345,45.71395031234715,0.0,Robust-MTD,176,case57,0.03
True,20,-0.04,False,20,20,False,20,True,0.30279406080519683,0.05117835874623762,0.40839481450129256,30.740095797227696,53.82772259472405,0.0,Robust-MTD,177,case57,0.03
True,5,0.04,False,20,20,False,5,True,0.729490532438494,0.20198849515378708,0.40839481450129256,32.74887080187909,50.648850252036944,0.0,Robust-MTD,178,case57,0.03
True,38,0.04,False,20,20,False,0,False,0.7641504285814693,0.402900085569191,0.40839481450129256,30.253275009454228,38.97050002124162,0.0,Robust-MTD,179,case57,0.03
True,52,-0.04,False,20,20,False,53,False,0.21457835597031574,0.06712123100292208,0.40839481450129256,30.200120894005522,46.52725239575377,0.0,Robust-MTD,180,case57,0.03
True,48,0.04,False,20,20,False,48,True,0.29651817297647803,0.10256358870639982,0.40839481450129256,31.598791599390093,42.154170878347955,0.0,Robust-MTD,181,case57,0.03
True,32,-0.04,False,20,20,False,0,False,0.7969091469385996,0.38025903294787267,0.40839481450129256,39.85498134570662,82.23280411039013,0.0,Robust-MTD,182,case57,0.03
True,48,0.04,False,20,20,False,49,False,0.30031619312370395,0.08098081018869882,0.40839481450129256,31.109602205106057,40.7152496802155,0.0,Robust-MTD,183,case57,0.03
True,48,0.04,False,20,20,False,0,False,0.7669074373247307,0.3195071813613747,0.40839481450129256,26.452749947202392,36.73517886491027,0.0,Robust-MTD,184,case57,0.03
True,5,0.04,False,20,20,False,0,False,0.7521608082498299,0.2947538843257509,0.40839481450129256,38.072524810559116,76.38665267731994,0.0,Robust-MTD,185,case57,0.03
True,41,0.04,False,20,20,False,41,True,3.6846200570172124e-05,0.01364504366705121,0.40839481450129256,29.681006306782365,41.562652398715734,0.0,Robust-MTD,186,case57,0.03
True,29,-0.04,False,20,20,False,24,False,0.34795540588815055,0.09175919797748047,0.40839481450129256,35.04654999705963,61.61886872432661,0.0,Robust-MTD,187,case57,0.03
True,10,-0.04,True,11,11,False,10,True,3.8671819781201813e-10,0.018317824305699518,0.40839481450129256,35.26956039131619,48.64539577101828,0.0,Robust-MTD,188,case57,0.03
True,13,0.04,False,20,20,False,13,True,3.867180605146049e-10,0.01922623220536336,0.40839481450129256,20.506154251052067,24.53827709541656,0.0,Robust-MTD,189,case57,0.03
True,7,-0.04,False,20,20,False,0,False,0.8010377440228306,0.3669516364572042,0.40839481450129256,31.53328535554465,60.843845794443055,0.0,Robust-MTD,190,case57,0.03
True,34,-0.04,False,20,20,False,0,False,0.7799407387208698,0.3828244439253856,0.40839481450129256,26.50600430497434,45.51806663512254,0.0,Robust-MTD,191,case57,0.03
True,23,-0.04,False,20,20,False,0,False,0.8021689724031388,0.36945648922427016,0.40839481450129256,31.065335345920175,52.75378097139765,0.0,Robust-MTD,192,case57,0.03
True,22,-0.04,False,20,20,False,0,False,0.7867918447647045,0.3934520796929969,0.40839481450129256,29.623702142271213,53.869773563928916,0.0,Robust-MTD,193,case57,0.03
True,53,-0.04,False,20,20,False,53,True,0.271724480232264,0.09023024512175659,0.40839481450129256,18.051670846762136,22.176720571587794,0.0,Robust-MTD,194,case57,0.03
True,40,0.04,False,20,20,False,0,False,0.7862188810733736,0.3962383461847172,0.40839481450129256,30.195435497444123,56.85800595674664,0.0,Robust-MTD,195,case57,0.03
True,4,-0.04,False,20,20,False,0,False,0.8122563133296858,0.3640754141168525,0.40839481450129256,18.95667085191235,22.24019136338029,0.0,Robust-MTD,196,case57,0.03
True,23,0.04,False,20,20,False,0,False,0.7942255410444915,0.38209928966411894,0.40839481450129256,29.105058207642287,40.18718898587395,0.0,Robust-MTD,197,case57,0.03
True,17,0.04,False,20,20,False,19,False,0.4436232738946816,0.09161480899312902,0.40839481450129256,19.590491798589937,23.774797894293446,0.0,Robust-MTD,198,case57,0.03
True,28,0.04,False,20,20,False,28,True,0.2641423979390368,0.06914092594774568,0.40839481450129256,12.883995901211165,16.209854546468705,0.0,Robust-MTD,199,case57,0.03
True,26,-0.04,False,20,20,False,0,False,0.7298476220990593,0.33416753408690636,0.5911941078929329,21.096174951526336,28.314477080130022,0.0,HMTD-MDE,0,case57,0.06
True,49,-0.04,False,20,20,False,49,True,0.37238369562826756,0.06697206420155052,0.5911941078929329,25.838395801838487,33.88848777685781,0.0,HMTD-MDE,1,case57,0.06
True,53,-0.04,True,11,11,False,52,False,0.1816319001715054,0.0165884135104966,0.5911941078929329,27.101874945219606,45.91933336341755,0.0,HMTD-MDE,2,case57,0.06
True,37,0.04,False,20,20,False,37,True,0.17605160371342451,0.039951535087907976,0.5911941078929329,29.67148109455593,55.783295183209724,0.0,HMTD-MDE,3,case57,0.06
True,46,0.04,True,17,17,False,0,False,0.7294649501922683,0.3740416343317556,0.5911941078929329,25.79206040536519,36.90403750515543,0.0,HMTD-MDE,4,case57,0.06
True,17,0.04,False,20,20,False,0,False,0.7634004330761853,0.35542983092286046,0.5911941078929329,21.249395798076876,27.9034433857305,0.0,HMTD-MDE,5,case57,0.06
True,24,0.04,False,20,20,False,24,True,0.4017699005550625,0.06580563741069956,0.5911941078929329,34.90829374350142,57.05940657062463,0.0,HMTD-MDE,6,case57,0.06
True,3,0.04,False,20,20,False,3,True,0.1466764108609921,0.016312829864694036,0.5911941078929329,27.980900151305832,39.15827433520464,0.0,HMTD-MDE,7,case57,0.06
True,8,-0.04,True,1,1,False,8,True,3.8671819781197475e-10,0.002385219105027113,0.5911941078929329,32.726097901468165,83.18063127226196,0.0,HMTD-MDE,8,case57,0.06
True,22,0.04,False,20,20,False,18,False,0.6533410220935094,0.24431657254761874,0.5911941078929329,28.716899998835288,53.02301605697722,0.0,HMTD-MDE,9,case57,0.06
True,29,-0.04,False,20,20,False,31,False,0.4797955375019107,0.09973271100223333,0.5911941078929329,20.251906153862365,27.990163906360976,0.0,HMTD-MDE,10,case57,0.06
True,28,-0.04,False,20,20,False,28,True,0.588359611202049,0.21941881004071215,0.5911941078929329,26.67568329779897,38.887902026181116,0.0,HMTD-MDE,11,case57,0.06
True,8,0.04,True,1,1,False,8,True,3.8671819781197475e-10,0.002385219105027113,0.5911941078929329,25.196827002218924,32.37259963643738,0.0,HMTD-MDE,12,case57,0.06
True,28,-0.04,False,20,20,False,0,False,0.7148272154896903,0.3679214587317244,0.5911941078929329,25.95367290196009,33.68237259564922,0.0,HMTD-MDE,13,case57,0.06
True,22,0.04,False,20,20,False,0,False,0.7438173726581636,0.3450451701646948,0.5911941078929329,28.731041596620344,49.08630210265983,0.0,HMTD-MDE,14,case57,0.06
True,26,0.04,False,20,20,False,0,False,0.7343361560790047,0.358098385672535,0.5911941078929329,20.76701250334736,29.047396450187083,0.0,HMTD-MDE,15,case57,0.06
True,40,-0.04,False,20,20,False,40,True,0.13823218866601278,0.037916946578322105,0.5911941078929329,24.799760396126658,31.390781255322512,0.0,HMTD-MDE,16,case57,0.06
True,1,-0.04,False,20,20,False,0,False,0.7786938754632482,0.3472680865639318,0.5911941078929329,24.988135395688005,34.69018335454166,0.0,HMTD-MDE,17,case57,0.06
True,37,-0.04,False,20,20,False,43,False,0.1765505637895485,0.04011137521692039,0.5911941078929329,30.93708755914122,38.8898875418818,0.0,HMTD-MDE,18,case57,0.06
True,42,-0.04,False,20,20,False,42,True,0.2780378447868983,0.2170751095172667,0.5911941078929329,32.15853534638882,56.138385686790585,0.0,HMTD-MDE,19,case57,0.06
True,32,0.04,False,20,20,False,0,False,0.6926016013618784,0.4010179298718909,0.5911941078929329,21.63373756047804,28.925345840980302,0.0,HMTD-MDE,20,case57,0.06
True,20,0.04,False,20,20,False,19,False,0.2615947050887183,0.04000356491851073,0.5911941078929329,26.452279195655137,43.3092628081795,0.0,HMTD-MDE,21,case57,0.06
True,46,0.04,False,20,20,False,0,False,0.73202359426227,0.3765783783352338,0.5911941078929329,26.072001954889856,38.0290788714774,0.0,HMTD-MDE,22,case57,0.06
True,42,0.04,False,20,20,False,42,True,0.6379227656384118,0.3449118001097871,0.5911941078929329,27.751510351663455,41.082966671092436,0.0,HMTD-MDE,23,case57,0.06
True,56,-0.04,True,3,3,False,0,False,0.729932209896164,0.27837704886573134,0.5911941078929329,30.086962445056997,40.56454162928276,0.0,HMTD-MDE,24,case57,0.06
True,53,0.04,True,15,15,False,52,False,0.1902816134232052,0.01721840076365446,0.5911941078929329,29.63587294507306,47.22650594776496,0.0,HMTD-MDE,25,case57,0.06
True,48,0.04,True,6,6,False,48,True,0.0012552403806756517,0.012109513565032037,0.5911941078929329,27.848743650247343,50.46442051825579,0.0,HMTD-MDE,26,case57,0.06
True,24,-0.04,False,20,20,False,29,False,0.39820908766435315,0.06464837892125584,0.5911941078929329,28.53028324607294,41.163730912376195,0.0,HMTD-MDE,27,case57,0.06
True,20,0.04,False,20,20,False,20,True,0.21916856606114185,0.02947851620446102,0.5911941078929329,30.294320892426185,46.43872882297729,0.0,HMTD-MDE,28,case57,0.06
True,34,-0.04,True,18,18,False,0,False,0.732591428007513,0.22568415087548377,0.5911941078929329,32.28574390523136,53.97405035037083,0.0,HMTD-MDE,29,case57,0.06
True,11,-0.04,True,1,1,False,11,True,3.8671819781197475e-10,0.0025218188028860787,0.5911941078929329,25.244518896215595,34.48633332445752,0.0,HMTD-MDE,30,case57,0.06
True,38,0.04,False,20,20,False,0,False,0.7488012864950172,0.31347366459400555,0.5911941078929329,32.01090214133728,50.45978577400093,0.0,HMTD-MDE,31,case57,0.06
True,32,0.04,False,20,20,False,0,False,0.7241711241458209,0.37776468539687597,0.5911941078929329,31.253575050504878,53.66012117883656,0.0,HMTD-MDE,32,case57,0.06
True,15,-0.04,False,20,20,False,0,False,0.7017675452828831,0.4061343529751718,0.5911941078929329,29.11940830235835,42.61166313081051,0.0,HMTD-MDE,33,case57,0.06
True,36,0.04,True,1,1,False,36,True,0.1294069964357669,0.005089748648096682,0.5911941078929329,33.159912342671305,59.8308035056107,0.0,HMTD-MDE,34,case57,0.06
True,26,0.04,False,20,20,False,0,False,0.706172954112444,0.38789118787569093,0.5911941078929329,27.74097064975649,35.8653785515344,0.0,HMTD-MDE,35,case57,0.06
True,28,0.04,False,20,20,False,27,False,0.17222788567958516,0.13536848359869677,0.5911941078929329,27.986941605922766,43.551319401012734,0.0,HMTD-MDE,36,case57,0.06
True,3,0.04,True,14,14,False,3,True,0.019956354722846178,0.014887423981021839,0.5911941078929329,28.571656241547316,39.81240412977059,0.0,HMTD-MDE,37,case57,0.06
True,6,0.04,False,20,20,False,6,True,5.939765304790417e-06,0.010592046732291579,0.5911941078929329,35.01429169846233,61.95631635491737,0.0,HMTD-MDE,38,case57,0.06
True,51,-0.04,False,20,20,False,0,False,0.7501645174989926,0.29430799404538766,0.5911941078929329,32.2998894873308,46.08881636231672,0.0,HMTD-MDE,39,case57,0.06
True,17,0.04,False,20,20,False,0,False,0.7351266663329772,0.377731791095878,0.5911941078929329,31.500475155189633,57.87259204662405,0.0,HMTD-MDE,40,case57,0.06
True,49,-0.04,True,12,12,False,49,True,0.19171806486540005,0.04124417679886399,0.5911941078929329,31.254431346314963,58.16920865036084,0.0,HMTD-MDE,41,case57,0.06
True,19,-0.04,False,20,20,False,20,False,0.25370894844833486,0.03744604572432891,0.5911941078929329,33.33224585221615,59.435635432600996,0.0,HMTD-MDE,42,case57,0.06
True,31,0.04,False,20,20,False,0,False,0.7488142956597262,0.31712198326404173,0.5911941078929329,29.026787501061335,41.33482953475323,0.0,HMTD-MDE,43,case57,0.06
True,55,0.04,True,4,4,False,55,True,0.1895176572259462,0.008036194603256448,0.5911941078929329,38.3965959015768,68.43389758723792,0.0,HMTD-MDE,44,case57,0.06
True,2,0.04,False,20,20,False,2,True,0.1323016209169773,0.01897346152007447,0.5911941078929329,26.659445761470124,44.49322322034277,0.0,HMTD-MDE,45,case57,0.06
True,34,-0.04,False,20,20,False,31,False,0.6794223682874855,0.20753062304199021,0.5911941078929329,28.360056196106598,39.6160667180084,0.0,HMTD-MDE,46,case57,0.06
True,14,-0.04,False,20,20,False,14,True,6.539105735838441e-07,0.030170618736003366,0.5911941078929329,30.0335687934421,44.078176756738706,0.0,HMTD-MDE,47,case57,0.06
True,1,0.04,False,20,20,False,0,False,0.7118131459395232,0.4120849280377816,0.5911941078929329,33.88814790814649,82.25568161869889,0.0,HMTD-MDE,48,case57,0.06
True,34,-0.04,False,20,20,False,31,False,0.6215501051670941,0.16926082318584684,0.5911941078929329,28.488841652870178,41.44174435932657,0.0,HMTD-MDE,49,case57,0.06
True,40,-0.04,False,20,20,False,40,True,0.21066694522727095,0.03412422504875192,0.5911941078929329,26.732018654001877,40.10164404462557,0.0,HMTD-MDE,50,case57,0.06
True,27,-0.04,False,20,20,False,0,False,0.74344711949465,0.35228580153742306,0.5911941078929329,28.559579091961496,38.215414536534816,0.0,HMTD-MDE,51,case57,0.06
True,44,-0.04,False,20,20,False,0,False,0.7175109696478325,0.3855402696335538,0.5911941078929329,34.30854600737803,58.659666636958754,0.0,HMTD-MDE,52,case57,0.06
True,1,0.04,False,20,20,False,0,False,0.7282927013751089,0.3670128178930209,0.5911941078929329,28.870691696647555,42.41240242845379,0.0,HMTD-MDE,53,case57,0.06
True,20,-0.04,False,20,20,False,19,False,0.2569848536956748,0.038257911308185025,0.5911941078929329,33.779968798626214,64.92374614754229,0.0,HMTD-MDE,54,case57,0.06
True,41,-0.04,True,1,1,False,55,False,0.07450848938031919,0.006683620680337665,0.5911941078929329,30.276900087483227,46.127442008582875,0.0,HMTD-MDE,55,case57,0.06
True,25,0.04,False,20,20,False,0,False,0.7294557779700257,0.3196797370695297,0.5911941078929329,35.920602091937326,67.26995423377957,0.0,HMTD-MDE,56,case57,0.06
True,33,0.04,False,20,20,False,0,False,0.7583788374838013,0.3534533204966833,0.5911941078929329,28.932681254809722,43.1310958461836,0.0,HMTD-MDE,57,case57,0.06
True,42,-0.04,False,20,20,False,0,False,0.7400502516264982,0.37432027233254495,0.5911941078929329,34.38573739549611,73.63928183913235,0.0,HMTD-MDE,58,case57,0.06
True,21,0.04,False,20,20,False,0,False,0.7142868029531628,0.38505929820067875,0.5911941078929329,29.876943852286786,39.642060716869324,0.0,HMTD-MDE,59,case57,0.06
True,36,-0.04,True,1,1,False,36,True,0.003584213343501196,0.005164515178794031,0.5911941078929329,30.413600060273893,48.89172144467012,0.0,HMTD-MDE,60,case57,0.06
True,46,0.04,False,20,20,False,0,False,0.7300012532737441,0.35929420249299154,0.5911941078929329,27.143066786811687,34.64748536935076,0.0,HMTD-MDE,61,case57,0.06
True,56,0.04,False,20,20,False,56,True,0.3721131708725638,0.12082668327627721,0.5911941078929329,31.293697902583517,52.885857716319165,0.0,HMTD-MDE,62,case57,0.06
True,8,-0.04,True,1,1,False,8,True,3.8671819781197475e-10,0.002385219105027113,0.5911941078929329,30.1928229018813,56.645866655162536,0.0,HMTD-MDE,63,case57,0.06
True,2,0.04,False,20,20,False,2,True,0.04480649271932845,0.019955633322328012,0.5911941078929329,30.572287447284907,50.57863750553226,0.0,HMTD-MDE,64,case57,0.06
True,43,0.04,False,20,20,False,43,True,0.17540483086272265,0.03975302358098673,0.5911941078929329,27.882908354513347,42.48268155497499,0.0,HMTD-MDE,65,case57,0.06
True,11,0.04,True,1,1,False,11,True,3.8671819781197475e-10,0.0025218188028860787,0.5911941078929329,31.013314498704858,40.71764825494029,0.0,HMTD-MDE,66,case57,0.06
True,7,0.04,False,20,20,False,0,False,0.7502048912462729,0.33825940597847104,0.5911941078929329,31.38942505174782,40.69440209714232,0.0,HMTD-MDE,67,case57,0.06
True,7,-0.04,False,20,20,False,0,False,0.7883030349634476,0.27866313687546923,0.5911941078929329,36.55765834846534,51.87095598084852,0.0,HMTD-MDE,68,case57,0.06
True,51,-0.04,False,20,20,False,0,False,0.7427918056585694,0.3744130163154159,0.5911941078929329,34.09408339357469,43.81475446280093,0.0,HMTD-MDE,69,case57,0.06
True,12,-0.04,True,1,1,False,12,True,3.8671819781197475e-10,0.0007230973181554859,0.5911941078929329,31.050772994058207,49.87386900465936,0.0,HMTD-MDE,70,case57,0.06
True,17,-0.04,False,20,20,False,0,False,0.7484210330875031,0.32638232791673855,0.5911941078929329,32.99451855709776,49.263070794404506,0.0,HMTD-MDE,71,case57,0.06
True,35,0.04,True,1,1,False,35,True,0.04410275233612694,0.0048326442301266015,0.5911941078929329,32.294912458746694,60.543393486295834,0.0,HMTD-MDE,72,case57,0.06
True,37,0.04,False,20,20,False,37,True,0.17165402087420098,0.03877116378480532,0.5911941078929329,32.89869785658084,59.397817039280206,0.0,HMTD-MDE,73,case57,0.06
True,11,0.04,True,1,1,False,11,True,3.8671819781197475e-10,0.0025218188028860787,0.5911941078929329,31.653360350173894,54.82384169299621,0.0,HMTD-MDE,74,case57,0.06
True,43,-0.04,False,20,20,False,43,True,0.17155330859407394,0.038752984404779534,0.5911941078929329,38.60583545465488,62.1046232583468,0.0,HMTD-MDE,75,case57,0.06
True,39,0.04,False,20,20,False,0,False,0.7196339052788444,0.38261625615391404,0.5911941078929329,29.49099570105318,38.65685203345493,0.0,HMTD-MDE,76,case57,0.06
True,41,-0.04,True,1,1,False,55,False,0.16769719395364324,0.006220219692659158,0.5911941078929329,33.74595190107357,65.15860349172726,0.0,HMTD-MDE,77,case57,0.06
True,11,-0.04,True,1,1,False,11,True,3.8671819781197475e-10,0.0025218188028860787,0.5911941078929329,29.470591639983468,38.17574963031803,0.0,HMTD-MDE,78,case57,0.06
True,24,0.04,True,19,19,False,31,False,0.4600098193838679,0.09100104880713883,0.5911941078929329,26.00086455058772,33.16834970319178,0.0,HMTD-MDE,79,case57,0.06
True,26,-0.04,False,20,20,False,0,False,0.7277141835826614,0.37088916596670635,0.5911941078929329,28.212658443953842,38.85696911602282,0.0,HMTD-MDE,80,case57,0.06
True,37,0.04,False,20,20,False,43,False,0.22808376464420738,0.06338916189159821,0.5911941078929329,32.95645405014511,51.590184771339416,0.0,HMTD-MDE,81,case57,0.06
True,26,-0.04,False,20,20,False,0,False,0.7069605584026817,0.4021683404695514,0.5911941078929329,32.05502500059083,49.821537220850594,0.0,HMTD-MDE,82,case57,0.06
True,20,-0.04,False,20,20,False,20,True,0.23159613119548195,0.03179489957052013,0.5911941078929329,37.81808340281714,70.57689586072229,0.0,HMTD-MDE,83,case57,0.06
True,54,0.04,False,20,20,False,0,False,0.7091994760728884,0.3970146210129968,0.5911941078929329,30.05280409415718,46.91491067642346,0.0,HMTD-MDE,84,case57,0.06
True,31,0.04,False,20,20,False,31,True,0.5315531166416166,0.12240369588713479,0.5911941078929329,29.86698320019059,49.57512882538141,0.0,HMTD-MDE,85,case57,0.06
True,28,0.04,False,20,20,False,28,True,0.2914647471717071,0.15009790403508536,0.5911941078929329,29.736831242917106,42.812297970522195,0.0,HMTD-MDE,86,case57,0.06
True,26,-0.04,False,20,20,False,0,False,0.7472767160748197,0.33997560454432507,0.5911941078929329,29.147870841552503,37.39364548528102,0.0,HMTD-MDE,87,case57,0.06
True,17,-0.04,False,20,20,False,38,False,0.6588966024799121,0.23209359834271034,0.5911941078929329,29.18258968857117,40.41197915794328,0.0,HMTD-MDE,88,case57,0.06
True,55,-0.04,True,8,8,False,55,True,0.1502477341758405,0.006463150178339445,0.5911941078929329,34.0444085013587,59.61777083866767,0.0,HMTD-MDE,89,case57,0.06
True,11,0.04,True,1,1,False,11,True,3.8671819781197475e-10,0.0025218188028860787,0.5911941078929329,30.224435357376933,53.863172605633736,0.0,HMTD-MDE,90,case57,0.06
True,48,-0.04,True,19,19,False,48,True,1.8713881733164093e-06,0.012103683187507864,0.5911941078929329,29.76257499831263,36.3341577234678,0.0,HMTD-MDE,91,case57,0.06
True,50,-0.04,False,20,20,False,50,True,0.14999801447068084,0.029605238446802584,0.5911941078929329,31.264583207666874,51.41971631965134,0.0,HMTD-MDE,92,case57,0.06
True,53,-0.04,False,20,20,False,53,True,0.19207412141608432,0.017365193109742008,0.5911941078929329,29.533870797604322,40.344969101715854,0.0,HMTD-MDE,93,case57,0.06
True,43,0.04,False,20,20,False,37,False,0.17173422691988421,0.03878650639160583,0.5911941078929329,32.376702190958895,60.868106212001294,0.0,HMTD-MDE,94,case57,0.06
True,40,-0.04,False,20,20,False,40,True,0.07973967633304857,0.041309677633140855,0.5911941078929329,27.452256140531972,38.29274341696873,0.0,HMTD-MDE,95,case57,0.06
True,10,-0.04,True,1,1,False,10,True,3.8671819781197475e-10,0.004877195025147566,0.5911941078929329,37.083687545964494,55.46640802058393,0.0,HMTD-MDE,96,case57,0.06
True,14,0.04,True,16,16,False,14,True,1.4881374945664397e-07,0.030170614039948442,0.5911941078929329,36.54064588772599,53.79313988087233,0.0,HMTD-MDE,97,case57,0.06
True,53,-0.04,False,20,20,False,53,True,0.209041603027336,0.019028110281453972,0.5911941078929329,31.657375060603954,44.5951485511614,0.0,HMTD-MDE,98,case57,0.06
True,49,-0.04,False,20,20,False,49,True,0.1947320705540812,0.044270004853213876,0.5911941078929329,36.00817490951158,58.21518128796017,0.0,HMTD-MDE,99,case57,0.06
True,56,0.04,False,20,20,False,38,False,0.1820187083732108,0.06580966719987626,0.5911941078929329,30.397054145578295,42.51938954403158,0.0,HMTD-MDE,100,case57,0.06
True,17,-0.04,False,20,20,False,20,False,0.43403525998082826,0.10955945277290334,0.5911941078929329,29.369804193265736,45.377056210418246,0.0,HMTD-MDE,101,case57,0.06
True,12,0.04,True,1,1,False,12,True,3.8671819781197475e-10,0.0007230973181554859,0.5911941078929329,32.65452914638445,43.28638544830028,0.0,HMTD-MDE,102,case57,0.06
True,48,-0.04,False,20,20,False,48,True,4.520917444556061e-07,0.012103679714049072,0.5911941078929329,34.83366059954278,62.3481069400441,0.0,HMTD-MDE,103,case57,0.06
True,31,0.04,False,20,20,False,31,True,0.4368137615513587,0.08154050537683649,0.5911941078929329,34.57832924905233,73.80132919061,0.0,HMTD-MDE,104,case57,0.06
True,31,0.04,False,20,20,False,0,False,0.691711651740464,0.39623782379627415,0.5911941078929329,33.78058130329009,69.65767563378905,0.0,HMTD-MDE,105,case57,0.06
True,41,-0.04,True,1,1,False,55,False,0.16496428328796026,0.006269157449581099,0.5911941078929329,34.70251664402895,45.79010596789887,0.0,HMTD-MDE,106,case57,0.06
True,16,-0.04,False,20,20,False,0,False,0.6996007405225642,0.4007171180400454,0.5911941078929329,39.73998119763564,60.572630964452465,0.0,HMTD-MDE,107,case57,0.06
True,20,0.04,False,20,20,False,19,False,0.19403386106839715,0.026037266934749476,0.5911941078929329,36.328095899079926,53.97552918293516,0.0,HMTD-MDE,108,case57,0.06
True,50,0.04,True,14,14,False,50,True,0.23866938968482085,0.02672004548057823,0.5911941078929329,31.895406250259843,57.37352741707583,0.0,HMTD-MDE,109,case57,0.06
True,17,0.04,False,20,20,False,0,False,0.7309846570715993,0.3474384953254474,0.5911941078929329,38.388066602055915,75.91458921087907,0.0,HMTD-MDE,110,case57,0.06
True,41,0.04,True,1,1,False,41,True,0.16426169388203732,0.005923342837185007,0.5911941078929329,34.14962289389223,60.64496313629209,0.0,HMTD-MDE,111,case57,0.06
True,15,0.04,False,20,20,False,0,False,0.7267690640634074,0.3810653499260356,0.5911941078929329,33.401401952141896,50.68875771539752,0.0,HMTD-MDE,112,case57,0.06
True,12,-0.04,True,1,1,False,12,True,3.8671819781197475e-10,0.0007230973181554859,0.5911941078929329,38.095664538559504,55.184785669553094,0.0,HMTD-MDE,113,case57,0.06
True,33,-0.04,False,20,20,False,0,False,0.7373248239860817,0.285810432747942,0.5911941078929329,36.34320205601398,63.60814999206924,0.0,HMTD-MDE,114,case57,0.06
True,8,0.04,True,1,1,False,8,True,3.8671819781197475e-10,0.002385219105027113,0.5911941078929329,37.63528330309782,73.30290653335398,0.0,HMTD-MDE,115,case57,0.06
True,16,-0.04,False,20,20,False,0,False,0.7148702211218243,0.3733303687335374,0.5911941078929329,35.446443798718974,50.264979430357954,0.0,HMTD-MDE,116,case57,0.06
True,46,-0.04,False,20,20,False,0,False,0.7111636051724581,0.38006119374408986,0.5911941078929329,35.01003751298413,56.00536432757509,0.0,HMTD-MDE,117,case57,0.06
True,8,-0.04,True,1,1,False,8,True,3.8671819781197475e-10,0.002385219105027113,0.5911941078929329,35.725322854705155,53.848336846567705,0.0,HMTD-MDE,118,case57,0.06
True,20,0.04,False,20,20,False,19,False,0.21059845998875948,0.02813749230811953,0.5911941078929329,35.662643806426786,45.38485482044052,0.0,HMTD-MDE,119,case57,0.06
True,52,-0.04,False,20,20,False,52,True,0.22315376913241294,0.02083236205917703,0.5911941078929329,53.401918747113086,153.42422294197607,0.0,HMTD-MDE,120,case57,0.06
True,9,-0.04,False,20,20,False,9,True,2.0829899087806807e-06,0.022479155736209712,0.5911941078929329,39.10251879715361,66.77589190367145,0.0,HMTD-MDE,121,case57,0.06
True,21,0.04,False,20,20,False,0,False,0.7017878261702996,0.3984729546091772,0.5911941078929329,33.784900046885014,43.40648718352896,0.0,HMTD-MDE,122,case57,0.06
True,43,0.04,False,20,20,False,43,True,0.17150222733125864,0.038744429410532036,0.5911941078929329,30.821262451354414,43.035233358386904,0.0,HMTD-MDE,123,case57,0.06
True,18,-0.04,True,9,9,False,0,False,0.759412678834022,0.27365328551583507,0.5911941078929329,35.03332514374051,66.13090480386745,0.0,HMTD-MDE,124,case57,0.06
True,38,-0.04,False,20,20,False,38,True,0.17532299172179097,0.06521234087292765,0.5911941078929329,37.1264709479874,44.8437648563413,0.0,HMTD-MDE,125,case57,0.06
True,47,-0.04,False,20,20,False,0,False,0.7512989892632688,0.3199329440965363,0.5911941078929329,37.0579417940462,65.62051695655104,0.0,HMTD-MDE,126,case57,0.06
True,51,-0.04,False,20,20,False,51,True,0.7551293940170434,0.25089357469906887,0.5911941078929329,39.8158417083323,66.22123960696626,0.0,HMTD-MDE,127,case57,0.06
True,23,0.04,True,0,0,False,0,False,0.7172627850976848,0.3778388262114516,0.5911941078929329,40.684258146211505,67.93130800360815,0.0,HMTD-MDE,128,case57,0.06
True,40,0.04,True,15,15,False,40,True,0.07741125603006112,0.041420783923030634,0.5911941078929329,38.61616459907964,81.67384615517221,0.0,HMTD-MDE,129,case57,0.06
True,20,-0.04,False,20,20,False,20,True,0.23146946831332,0.03171684520305846,0.5911941078929329,33.65203534485772,56.67801524105017,0.0,HMTD-MDE,130,case57,0.06
True,51,-0.04,False,20,20,False,51,True,0.30009592240712013,0.09102426898779604,0.5911941078929329,41.12371655064635,79.01152075210122,0.0,HMTD-MDE,131,case57,0.06
True,26,0.04,False,20,20,False,0,False,0.7207187696299895,0.38709512828977555,0.5911941078929329,36.11213540425524,70.23878990730738,0.0,HMTD-MDE,132,case57,0.06
True,43,-0.04,True,7,7,False,43,True,0.17465006480122378,0.03952838707658315,0.5911941078929329,41.96991024946328,97.72323780634908,0.0,HMTD-MDE,133,case57,0.06
True,54,-0.04,False,20,20,False,0,False,0.6965495546823525,0.39839632673080205,0.5911941078929329,34.52935408859048,64.42022498813459,0.0,HMTD-MDE,134,case57,0.06
True,32,0.04,False,20,20,False,0,False,0.7227733240472481,0.3962361484777753,0.5911941078929329,29.534435202367604,44.043051428161604,0.0,HMTD-MDE,135,case57,0.06
True,47,0.04,False,20,20,False,0,False,0.7399581083124173,0.2867345700744296,0.5911941078929329,35.84127914509736,67.39086286688689,0.0,HMTD-MDE,136,case57,0.06
True,51,0.04,True,2,2,False,51,True,0.5053381228757526,0.20203389776076586,0.5911941078929329,30.415218605776317,46.38922858575825,0.0,HMTD-MDE,137,case57,0.06
True,53,0.04,False,20,20,False,53,True,0.2561545351936257,0.02765347353086617,0.5911941078929329,34.73754796141293,51.17302292201205,0.0,HMTD-MDE,138,case57,0.06
True,54,0.04,False,20,20,False,45,False,0.6192764888674336,0.28515398021551663,0.5911941078929329,32.730912350234576,43.60784791933841,0.0,HMTD-MDE,139,case57,0.06
True,20,0.04,False,20,20,False,20,True,0.2040366752943733,0.027232271698227173,0.5911941078929329,37.23610615124926,59.2891934356885,0.0,HMTD-MDE,140,case57,0.06
True,52,0.04,False,20,20,False,52,True,0.22314814638291883,0.020831553624171335,0.5911941078929329,38.49807079532184,70.94878747011535,0.0,HMTD-MDE,141,case57,0.06
True,10,0.04,True,1,1,False,10,True,3.8671819781197475e-10,0.004877195025147566,0.5911941078929329,41.200750003918074,72.31614795746285,0.0,HMTD-MDE,142,case57,0.06
True,12,-0.04,True,1,1,False,12,True,3.8671819781197475e-10,0.0007230973181554859,0.5911941078929329,33.67037079005968,45.203062472865,0.0,HMTD-MDE,143,case57,0.06
True,10,0.04,True,1,1,False,10,True,3.8671819781197475e-10,0.004877195025147566,0.5911941078929329,37.6297436945606,55.130226709297865,0.0,HMTD-MDE,144,case57,0.06
True,11,-0.04,True,1,1,False,11,True,3.8671819781197475e-10,0.0025218188028860787,0.5911941078929329,33.1835937598953,47.248862823471434,0.0,HMTD-MDE,145,case57,0.06
True,25,-0.04,False,20,20,False,0,False,0.7536032768972731,0.33104407931873436,0.5911941078929329,36.17756454332266,53.28450801025612,0.0,HMTD-MDE,146,case57,0.06
True,36,0.04,True,1,1,False,36,True,0.01409314757888215,0.005161663626101546,0.5911941078929329,32.81120215833653,47.99511699238793,0.0,HMTD-MDE,147,case57,0.06
True,44,-0.04,False,20,20,False,0,False,0.7382114540694351,0.3726470293547718,0.5911941078929329,36.84234790271148,58.811329418676934,0.0,HMTD-MDE,148,case57,0.06
True,24,0.04,False,20,20,False,34,False,0.41130585645306134,0.07073398183553384,0.5911941078929329,35.55038130143657,75.48730351845734,0.0,HMTD-MDE,149,case57,0.06
True,3,0.04,False,20,20,False,3,True,0.06236438531167713,0.015177193742012682,0.5911941078929329,36.85964790638536,46.55915442563128,0.0,HMTD-MDE,150,case57,0.06
True,42,0.04,False,20,20,False,42,True,0.6158604888431877,0.2978752751804198,0.5911941078929329,32.80464599956758,44.01184404850938,0.0,HMTD-MDE,151,case57,0.06
True,23,0.04,False,20,20,False,0,False,0.7416918551500539,0.3213361681287099,0.5911941078929329,39.483735407702625,53.33847916626838,0.0,HMTD-MDE,152,case57,0.06
True,45,0.04,False,20,20,False,0,False,0.745857556739987,0.36252893895629723,0.5911941078929329,35.87701884098351,62.42170690675268,0.0,HMTD-MDE,153,case57,0.06
True,24,-0.04,False,20,20,False,30,False,0.406493925853673,0.06853499398572543,0.5911941078929329,37.35723969293758,66.33438505814411,0.0,HMTD-MDE,154,case57,0.06
True,22,-0.04,False,20,20,False,45,False,0.6653862770092024,0.25610764535574826,0.5911941078929329,35.83988544996828,55.98417255096138,0.0,HMTD-MDE,155,case57,0.06
True,23,0.04,False,20,20,False,0,False,0.695458975770429,0.40519759142849227,0.5911941078929329,49.8733291082317,121.73969107388986,0.0,HMTD-MDE,156,case57,0.06
True,54,0.04,False,20,20,False,0,False,0.7536507893179653,0.3606982696031499,0.5911941078929329,39.41621459380258,76.45950593578164,0.0,HMTD-MDE,157,case57,0.06
True,33,-0.04,False,20,20,False,0,False,0.7372667987570362,0.35814464068591745,0.5911941078929329,41.18325205054134,80.04202259180607,0.0,HMTD-MDE,158,case57,0.06
True,39,-0.04,False,20,20,False,0,False,0.6940332660400118,0.3998679291586658,0.5911941078929329,30.181710643228143,39.81414856680205,0.0,HMTD-MDE,159,case57,0.06
True,13,0.04,True,1,1,False,13,True,3.8671819781197475e-10,0.0020311668176797703,0.5911941078929329,36.5978687943425,65.38076730503238,0.0,HMTD-MDE,160,case57,0.06
True,38,0.04,False,20,20,False,56,False,0.1738436860127999,0.06516576018614997,0.5911941078929329,33.964171053958125,51.095017298939645,0.0,HMTD-MDE,161,case57,0.06
True,35,0.04,True,1,1,False,35,True,0.010903835309043446,0.004820191550452172,0.5911941078929329,32.44207709503826,75.15802146808713,0.0,HMTD-MDE,162,case57,0.06
True,26,-0.04,False,20,20,False,0,False,0.7085776341843294,0.3903346924536427,0.5911941078929329,32.501752048847266,46.539151726756245,0.0,HMTD-MDE,163,case57,0.06
True,1,0.04,False,20,20,False,0,False,0.722300039970059,0.38812384829049784,0.5911941078929329,40.32319789985195,68.06168294860983,0.0,HMTD-MDE,164,case57,0.06
True,49,-0.04,False,20,20,False,48,False,0.2916690808139604,0.028139916012806986,0.5911941078929329,34.25222295045387,62.225570809096105,0.0,HMTD-MDE,165,case57,0.06
True,40,0.04,False,20,20,False,40,True,0.0880894475592292,0.04095740624961438,0.5911941078929329,36.245439350022934,73.3535598003073,0.0,HMTD-MDE,166,case57,0.06
True,40,0.04,False,20,20,False,40,True,0.11181872789987908,0.03972890678390827,0.5911941078929329,41.23429779428989,98.6137184547261,0.0,HMTD-MDE,167,case57,0.06
True,28,0.04,False,20,20,False,6,False,0.4665321662813388,0.08360440199836822,0.5911941078929329,30.28720630973112,49.40735772543122,0.0,HMTD-MDE,168,case57,0.06
True,38,0.04,False,20,20,False,38,True,0.3190031906143848,0.11494726826734686,0.5911941078929329,31.161562449415214,58.56868720729835,0.0,HMTD-MDE,169,case57,0.06
True,27,0.04,False,20,20,False,0,False,0.7051284420157727,0.34726857833170977,0.5911941078929329,36.16067920520436,53.68668336886914,0.0,HMTD-MDE,170,case57,0.06
True,30,-0.04,False,20,20,False,29,False,0.3997045577912918,0.06537264956385926,0.5911941078929329,33.58439789444674,48.973787514842115,0.0,HMTD-MDE,171,case57,0.06
True,31,-0.04,False,20,20,False,0,False,0.7690699638610873,0.3276876066701497,0.5911941078929329,34.93261031107977,55.815558333415545,0.0,HMTD-MDE,172,case57,0.06
True,27,0.04,False,20,20,False,0,False,0.7779289712087553,0.27952517560224,0.5911941078929329,33.97193755081389,45.001748553477235,0.0,HMTD-MDE,173,case57,0.06
True,51,0.04,False,20,20,False,51,True,0.3898842133409865,0.11152721944731528,0.5911941078929329,39.389422902604565,79.78528270032257,0.0,HMTD-MDE,174,case57,0.06
True,28,0.04,False,20,20,False,28,True,0.6973277668055089,0.22285642911250342,0.5911941078929329,35.80111465707887,58.72440454550088,0.0,HMTD-MDE,175,case57,0.06
True,33,-0.04,False,20,20,False,28,False,0.6377300157988395,0.2594607154481391,0.5911941078929329,35.15936249750666,53.201593746780425,0.0,HMTD-MDE,176,case57,0.06
True,20,-0.04,False,20,20,False,19,False,0.2711488800861587,0.04418821171558754,0.5911941078929329,37.12065630534198,57.17134347069079,0.0,HMTD-MDE,177,case57,0.06
True,5,0.04,True,4,4,False,5,True,6.485669699349189e-09,0.009026588051024938,0.5911941078929329,37.10877924459055,85.79258188256064,0.0,HMTD-MDE,178,case57,0.06
True,38,0.04,False,20,20,False,38,True,0.30877973216595783,0.10238934107163511,0.5911941078929329,33.57799789519049,68.05067021632568,0.0,HMTD-MDE,179,case57,0.06
True,52,-0.04,True,9,9,False,53,False,0.20559618264429003,0.018649116279799947,0.5911941078929329,35.50753344607074,52.6523336389801,0.0,HMTD-MDE,180,case57,0.06
True,48,0.04,False,20,20,False,48,True,7.340006135608982e-07,0.012103680489346293,0.5911941078929329,42.62635000341106,71.15244581073061,0.0,HMTD-MDE,181,case57,0.06
True,32,-0.04,False,20,20,False,0,False,0.7230313481194596,0.38304677062443854,0.5911941078929329,32.093814451945946,49.75251276337076,0.0,HMTD-MDE,182,case57,0.06
True,48,0.04,False,20,20,False,48,True,0.0005589418426375627,0.012106104846943178,0.5911941078929329,41.66842520062346,69.65546702267602,0.0,HMTD-MDE,183,case57,0.06
True,48,0.04,False,20,20,False,48,True,0.1472507857251499,0.014114263877789805,0.5911941078929329,33.60537085100077,48.88379614858423,0.0,HMTD-MDE,184,case57,0.06
True,5,0.04,True,1,1,False,5,True,0.00033580497325838386,0.00902680286891271,0.5911941078929329,30.936304153874516,43.222491681808606,0.0,HMTD-MDE,185,case57,0.06
True,41,0.04,True,2,2,False,41,True,0.17071119368822174,0.006039803969817358,0.5911941078929329,44.26833534962498,81.97199197311423,0.0,HMTD-MDE,186,case57,0.06
True,29,-0.04,False,20,20,False,31,False,0.5758713770414677,0.12179759023005293,0.5911941078929329,29.06767294043675,36.668675002874814,0.0,HMTD-MDE,187,case57,0.06
True,10,-0.04,True,2,2,False,10,True,3.8671819781197475e-10,0.004877195025147566,0.5911941078929329,36.93347080552485,69.97584552736953,0.0,HMTD-MDE,188,case57,0.06
True,13,0.04,True,1,1,False,13,True,3.8671819781197475e-10,0.0020311668176797703,0.5911941078929329,20.750150005915202,24.85663061961532,0.0,HMTD-MDE,189,case57,0.06
True,7,-0.04,False,20,20,False,0,False,0.72584758626233,0.36939165503772486,0.5911941078929329,34.49459575640503,62.01943570922595,0.0,HMTD-MDE,190,case57,0.06
True,34,-0.04,False,20,20,False,34,True,0.42036303057917235,0.07472155549738214,0.5911941078929329,32.73918539925944,42.589916320866905,0.0,HMTD-MDE,191,case57,0.06
True,23,-0.04,False,20,20,False,0,False,0.7353017810341549,0.37959372868796404,0.5911941078929329,20.35193750343751,24.07164789910894,0.0,HMTD-MDE,192,case57,0.06
True,22,-0.04,False,20,20,False,0,False,0.7219989244942944,0.39071945614958686,0.5911941078929329,33.51137290301267,50.20616806577892,0.0,HMTD-MDE,193,case57,0.06
True,53,-0.04,False,20,20,False,53,True,0.21054983914824316,0.019201089575798323,0.5911941078929329,20.290185511112213,24.057177134091035,0.0,HMTD-MDE,194,case57,0.06
True,40,0.04,False,20,20,False,40,True,0.10675309974798693,0.039819108879201634,0.5911941078929329,33.63316024770029,63.54491634119769,0.0,HMTD-MDE,195,case57,0.06
True,4,-0.04,False,20,20,False,0,False,0.752748553558218,0.34836069528913705,0.5911941078929329,22.157783297006972,27.054076426429678,0.0,HMTD-MDE,196,case57,0.06
True,23,0.04,False,20,20,False,0,False,0.7202374547307988,0.378990382769154,0.5911941078929329,16.134648004663177,18.435543481609784,0.0,HMTD-MDE,197,case57,0.06
True,17,0.04,False,20,20,False,0,False,0.7321612309125556,0.26363223587942974,0.5911941078929329,24.82713741774205,30.013058366603218,0.0,HMTD-MDE,198,case57,0.06
True,28,0.04,False,20,20,False,0,False,0.7637083473090193,0.3462143812349795,0.5911941078929329,17.002893800963648,19.656121433945376,0.0,HMTD-MDE,199,case57,0.06
True,26,-0.04,True,5,5,False,26,True,0.17144160094404481,0.018223981362957914,0.4822339565603654,375.6382355000824,443.0404500104501,0.0,MS-HIDE,0,case57,0.06
True,49,-0.04,True,11,11,False,49,True,3.428465517646854e-08,0.008517542219006807,0.4034133835432371,274.8419187963009,346.4274110388942,0.0,MS-HIDE,1,case57,0.06
True,53,-0.04,True,4,4,False,53,True,0.17144160094404476,0.00816187608000726,0.3803245392446116,363.64205840800423,420.59059164312316,0.0,MS-HIDE,2,case57,0.06
True,37,0.04,True,3,3,False,37,True,0.17144160098821024,0.008223026907362464,0.5208855017334311,278.4384625439998,334.6656149078627,0.0,MS-HIDE,3,case57,0.06
True,46,0.04,True,17,17,False,0,False,0.6418622800352551,0.27297063883671474,0.5170041172664258,269.2436227021972,334.66867671813816,0.0,MS-HIDE,4,case57,0.06
True,17,0.04,False,20,20,False,17,True,0.0703498452597342,0.03403756145884317,0.5058383668566941,378.4855250502005,454.2004124930842,0.0,MS-HIDE,5,case57,0.06
True,24,0.04,True,4,4,False,24,True,0.1714416151992193,0.010392990279814954,0.6185080402170463,278.4535498532932,358.0788847670192,0.0,MS-HIDE,6,case57,0.06
True,3,0.04,True,4,4,False,3,True,3.867181703519864e-10,0.006006259730229692,0.49216822922895254,365.0598833570257,453.2587556605006,0.0,MS-HIDE,7,case57,0.06
True,8,-0.04,True,1,1,False,8,True,3.8671819781197475e-10,0.0020470391724277805,0.49313513665995523,278.2820541935507,357.3569604632212,0.0,MS-HIDE,8,case57,0.06
True,22,0.04,False,20,20,False,0,False,0.6406732015485184,0.27092557470333734,0.49957389693610793,270.158364562667,322.1139604895143,0.0,MS-HIDE,9,case57,0.06
True,29,-0.04,True,4,4,False,29,True,0.17152843137847418,0.01036089050627891,0.6314823877238607,362.14272305951454,431.19562053762036,0.0,MS-HIDE,10,case57,0.06
True,28,-0.04,True,3,3,False,28,True,3.8671811543199276e-10,0.0045993959246993414,0.5750457214157259,282.83289569662884,352.13268063089345,0.0,MS-HIDE,11,case57,0.06
True,8,0.04,True,3,3,False,8,True,3.8671819781197475e-10,0.0020371665251822505,0.48976726452720754,369.9381437007105,451.58864580153136,0.0,MS-HIDE,12,case57,0.06
True,28,-0.04,True,2,2,False,28,True,5.144187132828455e-10,0.0045966941973189695,0.5746739855788523,274.42652284516953,327.5149368302664,0.0,MS-HIDE,13,case57,0.06
True,22,0.04,False,20,20,False,0,False,0.6324789233843628,0.3207821168708301,0.5080185345059323,260.87628965906333,308.47368156246375,0.0,MS-HIDE,14,case57,0.06
True,26,0.04,False,20,20,False,25,False,0.17144160094404481,0.018328593194878687,0.4931893805091282,361.31942295178305,419.73423097515604,0.0,MS-HIDE,15,case57,0.06
True,40,-0.04,False,20,20,False,40,True,0.0011472808723870396,0.03272269070676025,0.5132754818399702,277.87321875221096,320.6784000154585,0.0,MS-HIDE,16,case57,0.06
True,1,-0.04,False,20,20,False,0,False,0.6681915975584538,0.2770143153086798,0.4870186249891723,351.206599897705,418.5596979106788,0.0,MS-HIDE,17,case57,0.06
True,37,-0.04,True,5,5,False,43,False,0.17144163202835233,0.008124399360251153,0.5243953579537289,257.55434385791887,318.33111522428226,0.0,MS-HIDE,18,case57,0.06
True,42,-0.04,True,19,19,False,42,True,3.939590877068523e-10,0.010675034216321365,0.5521906262416671,264.4938393961638,335.58610591862816,0.0,MS-HIDE,19,case57,0.06
True,32,0.04,False,20,20,False,0,False,0.6363897305237408,0.2854442420697927,0.5112113630490642,373.7203019554727,500.8092431671699,0.0,MS-HIDE,20,case57,0.06
True,20,0.04,False,20,20,False,20,True,0.1714416009440448,0.009462448050832963,0.47023884138294697,267.55528115609195,316.29497473768424,0.0,MS-HIDE,21,case57,0.06
True,46,0.04,False,20,20,False,0,False,0.6207930347553865,0.3099802241018438,0.5578108868501362,353.615787558374,412.63022915518496,0.0,MS-HIDE,22,case57,0.06
True,42,0.04,True,18,18,False,42,True,3.8671808797192975e-10,0.010612823661784367,0.5402434975503785,261.28120015200693,323.1088506639935,0.0,MS-HIDE,23,case57,0.06
True,56,-0.04,True,3,3,False,56,True,0.17144160320624485,0.02214776442013063,0.5510943804415396,254.2970354523277,326.76609645423014,0.0,MS-HIDE,24,case57,0.06
True,53,0.04,True,6,6,False,53,True,0.17144160094810643,0.008197040381744054,0.42160082379984953,272.62691250653006,342.9700853914255,0.0,MS-HIDE,25,case57,0.06
True,48,0.04,True,5,5,False,48,True,3.8955526575125944e-10,0.006212449425298063,0.5032701148756311,260.21730190259404,317.76534163800534,0.0,MS-HIDE,26,case57,0.06
True,24,-0.04,True,14,14,False,24,True,0.17147325710163366,0.010291105921132707,0.618425637640114,269.5464458578499,332.3208291141782,0.0,MS-HIDE,27,case57,0.06
True,20,0.04,True,8,8,False,19,False,0.1714416009440448,0.00944408767675878,0.463549912252863,269.8411331977695,316.5700583544094,0.0,MS-HIDE,28,case57,0.06
True,34,-0.04,True,11,11,False,34,True,3.867180879722578e-10,0.010418291450180828,0.4533021118488113,265.31267715618014,313.335762481438,0.0,MS-HIDE,29,case57,0.06
True,11,-0.04,True,2,2,False,11,True,3.8671819781197475e-10,0.002194881099881731,0.5105625838680984,280.22122500115074,350.6443673162721,0.0,MS-HIDE,30,case57,0.06
True,38,0.04,False,20,20,False,0,False,0.6700671792246159,0.27196177612390954,0.49120102867900683,261.39413960045204,307.17639372742275,0.0,MS-HIDE,31,case57,0.06
True,32,0.04,False,20,20,False,0,False,0.66371737427237,0.26238971017690893,0.5150504109891947,269.8104187991703,325.51452984334907,0.0,MS-HIDE,32,case57,0.06
True,15,-0.04,False,20,20,False,0,False,0.6265344152897697,0.27203350218768585,0.48471675006238196,267.75920419895556,337.66415420977864,0.0,MS-HIDE,33,case57,0.06
True,36,0.04,True,3,3,False,36,True,3.898673565154749e-10,0.004510043033631441,0.43116990634081664,261.47311034146696,314.4772499654209,0.0,MS-HIDE,34,case57,0.06
True,26,0.04,False,20,20,False,25,False,0.1714416009440448,0.018106346089371065,0.4900320918993002,268.9507208560826,362.93771459022537,0.0,MS-HIDE,35,case57,0.06
True,28,0.04,True,2,2,False,28,True,3.8671814289194163e-10,0.004625524920774313,0.5714045875900284,261.52652080054395,323.9642723026918,0.0,MS-HIDE,36,case57,0.06
True,3,0.04,True,6,6,False,3,True,3.996667263069576e-10,0.006109200755170784,0.48938590859926673,267.1141707483912,347.1245854278095,0.0,MS-HIDE,37,case57,0.06
True,6,0.04,True,5,5,False,6,True,0.0003610069330781835,0.00531776754438662,0.5492271863028348,258.88574379496276,332.7800663537346,0.0,MS-HIDE,38,case57,0.06
True,51,-0.04,False,20,20,False,51,True,6.873854222786778e-06,0.018536217636653574,0.5259589274915785,264.99827910156455,320.0920187140582,0.0,MS-HIDE,39,case57,0.06
True,17,0.04,False,20,20,False,17,True,0.02364158898711577,0.03425607155433865,0.4729838118863457,267.6982374425279,322.87976279039873,0.0,MS-HIDE,40,case57,0.06
True,49,-0.04,True,15,15,False,49,True,7.627650578542096e-05,0.008684412551989797,0.41449541748509744,263.7415499862982,324.05169133562595,0.0,MS-HIDE,41,case57,0.06
True,19,-0.04,True,8,8,False,19,True,0.1714416009440448,0.009434230755164611,0.4981246707338865,264.09948550572153,333.92441846372094,0.0,MS-HIDE,42,case57,0.06
True,31,0.04,False,20,20,False,31,True,0.003187838770404183,0.009910306768878094,0.44023622539836155,255.5527436983539,315.6429169495823,0.0,MS-HIDE,43,case57,0.06
True,55,0.04,True,3,3,False,55,True,9.184488755256262e-06,0.005057825498857244,0.44172161169412955,271.942456139368,355.1771100756014,0.0,MS-HIDE,44,case57,0.06
True,2,0.04,False,20,20,False,2,True,4.089869526484266e-10,0.00856672267568558,0.5340701095815593,263.7159706966486,334.0314288419904,0.0,MS-HIDE,45,case57,0.06
True,34,-0.04,True,4,4,False,34,True,2.1556177190087632e-09,0.010410208375604623,0.41034616908414384,267.0854792901082,332.12088751606643,0.0,MS-HIDE,46,case57,0.06
True,14,-0.04,True,4,4,False,14,True,3.8671819781222937e-10,0.0073387633422811,0.55672314523111,264.77077919989824,317.49365447903983,0.0,MS-HIDE,47,case57,0.06
True,1,0.04,False,20,20,False,1,True,0.36927560738967974,0.22301563984123846,0.5439949236342341,283.0110459413845,370.8207881456474,0.0,MS-HIDE,48,case57,0.06
True,34,-0.04,True,3,3,False,34,True,3.935457889885179e-10,0.010438241478019545,0.42770522072366035,265.2433811483206,325.2890308940551,0.0,MS-HIDE,49,case57,0.06
True,40,-0.04,False,20,20,False,40,True,0.0526620451672707,0.037602392165457174,0.5217730462145225,260.7403019967023,320.7047559379135,0.0,MS-HIDE,50,case57,0.06
True,27,-0.04,True,2,2,False,27,True,3.8671814289197595e-10,0.0059614071221205924,0.5254220579381239,266.498885396868,329.42873894935485,0.0,MS-HIDE,51,case57,0.06
True,44,-0.04,False,20,20,False,44,True,0.10058335813122216,0.04065180154355656,0.5366075596697945,256.88617299310863,306.1150916328188,0.0,MS-HIDE,52,case57,0.06
True,1,0.04,False,20,20,False,0,False,0.6328926727443842,0.2961197902943469,0.5690128864375472,267.84024170192424,316.4704853814328,0.0,MS-HIDE,53,case57,0.06
True,20,-0.04,True,13,13,False,20,True,0.1714416009440448,0.009462024182934153,0.4461303700959559,266.1779291869607,319.6227173029911,0.0,MS-HIDE,54,case57,0.06
True,41,-0.04,True,1,1,False,41,True,8.316243358169917e-07,0.0039650884276562345,0.5185498028193191,260.60079385642894,323.5539482935565,0.0,MS-HIDE,55,case57,0.06
True,25,0.04,False,20,20,False,26,False,0.17144227041522825,0.018565326382348136,0.5163257840501342,266.4512352930615,339.4314597855555,0.0,MS-HIDE,56,case57,0.06
True,33,0.04,False,20,20,False,0,False,0.6207460631291027,0.31073351519585,0.5777780175642371,265.4280103975907,306.18735683965497,0.0,MS-HIDE,57,case57,0.06
True,42,-0.04,True,8,8,False,42,True,3.867180879719361e-10,0.010511181752892023,0.5741494457117655,263.7997936515603,332.9648080951302,0.0,MS-HIDE,58,case57,0.06
True,21,0.04,False,20,20,False,0,False,0.6168757808432803,0.32645826127517896,0.47100642659101466,285.4934499016963,360.1275309018092,0.0,MS-HIDE,59,case57,0.06
True,36,-0.04,True,3,3,False,36,True,1.688675462217442e-08,0.004524294224552096,0.4404016593886817,260.4422146047,318.0176896072226,0.0,MS-HIDE,60,case57,0.06
True,46,0.04,False,20,20,False,0,False,0.6278562020981479,0.31252259368461743,0.5450176346349161,271.6681209509261,332.2979482618394,0.0,MS-HIDE,61,case57,0.06
True,56,0.04,False,20,20,False,56,True,0.40857183612727893,0.0739495560107443,0.5560988453598561,268.85483759397175,331.17858367040753,0.0,MS-HIDE,62,case57,0.06
True,8,-0.04,True,1,1,False,8,True,3.8671819781197475e-10,0.002036415096051367,0.5041193359974807,259.133354149526,303.3346961630741,0.0,MS-HIDE,63,case57,0.06
True,2,0.04,True,4,4,False,2,True,3.867181703521368e-10,0.008394074694782724,0.5134132547483377,282.6882374618435,349.27356879634317,0.0,MS-HIDE,64,case57,0.06
True,43,0.04,True,6,6,False,37,False,0.17144209115159584,0.008093059043288501,0.5365950324230904,278.0773478472838,367.4012958421372,0.0,MS-HIDE,65,case57,0.06
True,11,0.04,True,1,1,False,11,True,3.8671819781197475e-10,0.0021948329372381294,0.5159672655884249,249.84943949093577,297.3686475976138,0.0,MS-HIDE,66,case57,0.06
True,7,0.04,False,20,20,False,7,True,0.006124920148565474,0.08410165399196379,0.4843253033652025,256.4045520470245,326.4602749957703,0.0,MS-HIDE,67,case57,0.06
True,7,-0.04,False,20,20,False,7,True,0.11832699062807144,0.10933469626745632,0.5412727563664429,247.45717090263497,298.98945210443344,0.0,MS-HIDE,68,case57,0.06
True,51,-0.04,False,20,20,False,51,True,8.269849894568497e-05,0.023054178715144216,0.5579027446241256,255.73756674421023,310.2365776489023,0.0,MS-HIDE,69,case57,0.06
True,12,-0.04,True,1,1,False,12,True,3.8671819781197475e-10,0.0008776231430464103,0.4140903197214397,273.8053709093947,343.7352961685974,0.0,MS-HIDE,70,case57,0.06
True,17,-0.04,False,20,20,False,17,True,0.011865222394942532,0.020762303773849324,0.4717549454300133,266.4336417656159,312.1410774241668,0.0,MS-HIDE,71,case57,0.06
True,35,0.04,True,2,2,False,35,True,3.8671808797186166e-10,0.003430002886753671,0.4484398105389896,257.9563249484636,312.6855538110249,0.0,MS-HIDE,72,case57,0.06
True,37,0.04,False,20,20,False,37,True,0.1714537265934045,0.008099585952130211,0.5138479226385948,264.0370167471701,317.1965458546766,0.0,MS-HIDE,73,case57,0.06
True,11,0.04,True,1,1,False,11,True,3.8671819781197475e-10,0.0021948328875831488,0.4927238965579809,271.97944984654896,333.13432226423174,0.0,MS-HIDE,74,case57,0.06
True,43,-0.04,True,3,3,False,43,True,0.1714567471618984,0.00811816057769599,0.521653315722045,259.8104313481599,319.07625176827423,0.0,MS-HIDE,75,case57,0.06
True,39,0.04,False,20,20,False,39,True,8.856875221751404e-09,0.01656980475502584,0.5096920697105636,258.23897500522435,330.09705204749486,0.0,MS-HIDE,76,case57,0.06
True,41,-0.04,True,1,1,False,41,True,3.624258338853506e-07,0.003968923056666399,0.5525722519370859,253.64174365531656,306.1197868693853,0.0,MS-HIDE,77,case57,0.06
True,11,-0.04,True,2,2,False,11,True,3.8671819781197475e-10,0.002194708925171224,0.48731224041454635,257.07274595915806,303.19377295381855,0.0,MS-HIDE,78,case57,0.06
True,24,0.04,True,7,7,False,29,False,0.1714461019810042,0.010373916086031797,0.6026153046151604,262.61652715329546,315.00624408363365,0.0,MS-HIDE,79,case57,0.06
True,26,-0.04,False,20,20,False,25,False,0.17144160188309637,0.018208424499131595,0.4546143499428671,270.58696046005934,334.6573208633345,0.0,MS-HIDE,80,case57,0.06
True,37,0.04,True,6,6,False,43,False,0.1714416013657276,0.00817873067673709,0.5182003536143692,268.96920625003986,317.9919457936194,0.0,MS-HIDE,81,case57,0.06
True,26,-0.04,False,20,20,False,26,True,0.1714416009440448,0.018268678495019012,0.4584820984269767,279.16145840426907,365.13700773066375,0.0,MS-HIDE,82,case57,0.06
True,20,-0.04,True,3,3,False,20,True,0.1714416009440448,0.009472284504398725,0.43699095694934703,269.7649999638088,312.23922885546926,0.0,MS-HIDE,83,case57,0.06
True,54,0.04,True,6,6,False,54,True,3.594941018548557e-05,0.009457194387545546,0.629064976589441,262.0403126027668,298.203239616123,0.0,MS-HIDE,84,case57,0.06
True,31,0.04,True,4,4,False,31,True,0.019280762582559993,0.013689760533730024,0.4968068754687497,264.5110312500037,312.40838750964036,0.0,MS-HIDE,85,case57,0.06
True,28,0.04,True,3,3,False,28,True,3.8671814289221124e-10,0.004633518121610318,0.5754565331094466,260.459556299611,312.18047921138356,0.0,MS-HIDE,86,case57,0.06
True,26,-0.04,False,20,20,False,26,True,0.17144160492995966,0.01835775992316794,0.4690985305582874,248.30350399715826,315.48308270284906,0.0,MS-HIDE,87,case57,0.06
True,17,-0.04,False,20,20,False,17,True,0.001680574687331866,0.011933356473910016,0.4646944360663376,255.5737062531989,315.1644604455214,0.0,MS-HIDE,88,case57,0.06
True,55,-0.04,True,1,1,False,55,True,2.1364055408294015e-05,0.005088296889130211,0.4916782181994446,308.3892227499746,371.04483683942817,0.0,MS-HIDE,89,case57,0.06
True,11,0.04,True,1,1,False,11,True,3.8671819781197475e-10,0.002194742707630784,0.5080653121404904,268.1029916537227,326.53469999204395,0.0,MS-HIDE,90,case57,0.06
True,48,-0.04,True,3,3,False,48,True,4.2111901202086595e-10,0.006230965155855328,0.4873977544427457,260.02137523901183,297.4700232298346,0.0,MS-HIDE,91,case57,0.06
True,50,-0.04,True,15,15,False,50,True,1.4475814164467981e-09,0.008302128043136167,0.44238977266081275,263.77274365513586,313.5941184737021,0.0,MS-HIDE,92,case57,0.06
True,53,-0.04,True,9,9,False,53,True,0.1714416009440448,0.008196173069418309,0.3911032857847717,257.63402919692453,313.7570559018059,0.0,MS-HIDE,93,case57,0.06
True,43,0.04,True,6,6,False,37,False,0.17146482657149997,0.008115429989203296,0.5141195450256115,324.25455619813874,414.20160416746523,0.0,MS-HIDE,94,case57,0.06
True,40,-0.04,False,20,20,False,0,False,0.596713162341906,0.233990879163388,0.5178782420412726,260.0558687990997,312.3585048073437,0.0,MS-HIDE,95,case57,0.06
True,10,-0.04,True,2,2,False,10,True,3.8671819781197475e-10,0.004171884816388154,0.4863679935084012,291.91940410237294,391.68420775095,0.0,MS-HIDE,96,case57,0.06
True,14,0.04,True,5,5,False,14,True,3.86718197812221e-10,0.007349960199058568,0.5595900445041838,279.048277050606,364.7086169657996,0.0,MS-HIDE,97,case57,0.06
True,53,-0.04,True,5,5,False,52,False,0.1714416009440448,0.008174255903678375,0.4138407349178236,294.91500820731744,399.62578331760596,0.0,MS-HIDE,98,case57,0.06
True,49,-0.04,True,9,9,False,49,True,1.4003639979857686e-06,0.008509171191963798,0.4297106211688836,296.3445874484023,375.6351794931107,0.0,MS-HIDE,99,case57,0.06
True,56,0.04,False,20,20,False,0,False,0.6373363381308085,0.23014080107862622,0.518315896437368,270.7951333402889,345.95474545494653,0.0,MS-HIDE,100,case57,0.06
True,17,-0.04,True,15,15,False,17,True,0.1492187345104166,0.0311965155158138,0.42561551566847866,323.06858125375584,438.8011589675443,0.0,MS-HIDE,101,case57,0.06
True,12,0.04,True,1,1,False,12,True,3.8671819781197475e-10,0.0008776231422083358,0.41461411871392595,273.7715708441101,332.87635420565493,0.0,MS-HIDE,102,case57,0.06
True,48,-0.04,True,13,13,False,48,True,3.9880624815134075e-10,0.006201696564124407,0.5212489199635668,315.35836470429786,397.4473830574425,0.0,MS-HIDE,103,case57,0.06
True,31,0.04,False,20,20,False,31,True,0.02936901307547746,0.019019840491027402,0.5065980428811524,316.9196103932336,397.6946232258343,0.0,MS-HIDE,104,case57,0.06
True,31,0.04,True,5,5,False,31,True,0.0034580117559002864,0.011192914251881885,0.463925795379613,290.2348312432878,400.79972292587627,0.0,MS-HIDE,105,case57,0.06
True,41,-0.04,True,1,1,False,41,True,4.042266517540542e-10,0.0039598011808829195,0.506333062893091,309.3998062919127,404.1535128111719,0.0,MS-HIDE,106,case57,0.06
True,16,-0.04,False,20,20,False,0,False,0.6081682235938192,0.32821397313956774,0.5173374302052338,263.071066752309,312.4209750094451,0.0,MS-HIDE,107,case57,0.06
True,20,0.04,True,10,10,False,20,True,0.17144160096955957,0.009471518848989778,0.45453406208791036,302.32399584783707,347.7119356830372,0.0,MS-HIDE,108,case57,0.06
True,50,0.04,True,14,14,False,50,True,8.630250449449618e-10,0.00825058052844666,0.4487056758369403,316.94174790463876,371.300374675775,0.0,MS-HIDE,109,case57,0.06
True,17,0.04,False,20,20,False,17,True,0.06300278612786085,0.024222666780976735,0.4872298414540955,326.16420009580906,453.1455068616197,0.0,MS-HIDE,110,case57,0.06
True,41,0.04,True,2,2,False,41,True,4.080119395125732e-09,0.003960823923226969,0.5114425766734748,304.0533541498007,378.0866163870087,0.0,MS-HIDE,111,case57,0.06
True,15,0.04,False,20,20,False,0,False,0.6038605799993605,0.3195613643442281,0.52233601553667,312.92175215203315,408.1632568675559,0.0,MS-HIDE,112,case57,0.06
True,12,-0.04,True,1,1,False,12,True,3.8671819781197475e-10,0.0008776231430565772,0.41212512517947575,315.652327099815,393.38710033043753,0.0,MS-HIDE,113,case57,0.06
True,33,-0.04,False,20,20,False,0,False,0.6570388198240269,0.3093357512595596,0.5082848875632004,305.11813350603916,371.59593153919565,0.0,MS-HIDE,114,case57,0.06
True,8,0.04,True,1,1,False,8,True,3.8671819781197475e-10,0.002036400704664386,0.4839034754319703,329.498902198975,410.67433578136854,0.0,MS-HIDE,115,case57,0.06
True,16,-0.04,False,20,20,False,0,False,0.6490263757825843,0.29421087975728966,0.47801352319841034,304.75926660583355,387.9099291661987,0.0,MS-HIDE,116,case57,0.06
True,46,-0.04,False,20,20,False,0,False,0.6056403256171612,0.289258038737348,0.5036496432180322,315.3335353010334,450.5799038452096,0.0,MS-HIDE,117,case57,0.06
True,8,-0.04,True,1,1,False,8,True,3.8671819781197475e-10,0.002106326175411986,0.5097686906752277,305.13711675594095,365.7459604815813,0.0,MS-HIDE,118,case57,0.06
True,20,0.04,True,8,8,False,20,True,0.1714416009440448,0.009429712002867076,0.45727121398893295,297.32884800178,373.6433794780169,0.0,MS-HIDE,119,case57,0.06
True,52,-0.04,True,4,4,False,52,True,0.17144160095249983,0.00827517556669078,0.40579079996213646,298.4856894501718,359.4743079971522,0.0,MS-HIDE,120,case57,0.06
True,9,-0.04,False,20,20,False,9,True,3.867180879730851e-10,0.019999364809408098,0.45596238289182134,302.8678770933766,371.0980708594434,0.0,MS-HIDE,121,case57,0.06
True,21,0.04,False,20,20,False,0,False,0.6090603973358772,0.3188668439733702,0.5482674706961237,298.05307084461674,363.60600796469953,0.0,MS-HIDE,122,case57,0.06
True,43,0.04,True,1,1,False,43,True,0.17144160349007315,0.008090950315078126,0.5232485707188956,312.1299998485483,359.3999625270954,0.0,MS-HIDE,123,case57,0.06
True,18,-0.04,True,9,9,False,18,True,0.14310979587036643,0.042292630767552936,0.48740319272095217,303.084260399919,389.2816770938225,0.0,MS-HIDE,124,case57,0.06
True,38,-0.04,False,20,20,False,38,True,0.17144187428842714,0.024367221222813464,0.4860692764366927,311.5627832507016,369.2387103801593,0.0,MS-HIDE,125,case57,0.06
True,47,-0.04,False,20,20,False,0,False,0.6733594765241234,0.2733965852435224,0.5323090615647439,300.6852332589915,350.7298541866476,0.0,MS-HIDE,126,case57,0.06
True,51,-0.04,False,20,20,False,51,True,1.3227066862430091e-05,0.018484879889322292,0.5146983669738402,296.66366234596353,351.88897078332957,0.0,MS-HIDE,127,case57,0.06
True,23,0.04,True,0,0,False,0,False,0.6437970169648174,0.3091166545254591,0.4863982123446119,301.18362909706775,363.8813478784869,0.0,MS-HIDE,128,case57,0.06
True,40,0.04,True,15,15,False,40,True,0.033747494553470446,0.03889397034939069,0.534859571110883,295.2127373951953,348.2969538628822,0.0,MS-HIDE,129,case57,0.06
True,20,-0.04,False,20,20,False,19,False,0.1714416009440448,0.009415745452638387,0.4459508148797634,320.2091041021049,396.8892034987221,0.0,MS-HIDE,130,case57,0.06
True,51,-0.04,False,20,20,False,51,True,9.501191850117828e-06,0.018412793302637814,0.5225526479946947,305.7714354508789,366.1247669777367,0.0,MS-HIDE,131,case57,0.06
True,26,0.04,True,15,15,False,25,False,0.17144160107026885,0.018467162282026432,0.4895649841153519,314.70969170040917,368.1193354539574,0.0,MS-HIDE,132,case57,0.06
True,43,-0.04,True,1,1,False,37,False,0.1716300072821594,0.008169462620965608,0.5101704797161887,312.6692146557616,374.0128729055869,0.0,MS-HIDE,133,case57,0.06
True,54,-0.04,True,18,18,False,54,True,1.533002995252946e-06,0.009901316116267116,0.5223943851074191,295.94743119960185,362.5721624819562,0.0,MS-HIDE,134,case57,0.06
True,32,0.04,False,20,20,False,0,False,0.7047605554441617,0.26692763718394225,0.5295951066548101,305.05661875067744,357.72740029788116,0.0,MS-HIDE,135,case57,0.06
True,47,0.04,False,20,20,False,0,False,0.6533002253667762,0.28598548343654506,0.5228908843370621,302.7434708055807,376.70550654002005,0.0,MS-HIDE,136,case57,0.06
True,51,0.04,True,2,2,False,51,True,5.948652881150211e-06,0.01926724909491967,0.5206976235807728,298.27460210071877,364.8713631439023,0.0,MS-HIDE,137,case57,0.06
True,53,0.04,True,9,9,False,53,True,0.17144160094404476,0.008191015053486413,0.39187900662127695,303.03062909515575,376.86645352514466,0.0,MS-HIDE,138,case57,0.06
True,54,0.04,True,17,17,False,54,True,8.001426204106275e-09,0.009483613180176046,0.6621293738210291,303.7152041360969,352.6466139272088,0.0,MS-HIDE,139,case57,0.06
True,20,0.04,True,6,6,False,19,False,0.1714416009440448,0.009432930267633881,0.46178515831257577,308.21481880848296,375.0604420172749,0.0,MS-HIDE,140,case57,0.06
True,52,0.04,True,5,5,False,52,True,0.1714416009440448,0.008250129306731047,0.3927737426033666,308.8791793008568,415.0963027437683,0.0,MS-HIDE,141,case57,0.06
True,10,0.04,True,1,1,False,10,True,3.8671819781197475e-10,0.00417052617722797,0.4778550364037857,312.3227103467798,367.3960538202664,0.0,MS-HIDE,142,case57,0.06
True,12,-0.04,True,1,1,False,12,True,3.8671819781197475e-10,0.0008776231449067913,0.40603717403721973,322.58246674900874,439.19882885238627,0.0,MS-HIDE,143,case57,0.06
True,10,0.04,True,2,2,False,10,True,3.8671819781197475e-10,0.00417556442566827,0.4900520004417212,302.61620419914834,346.8664899119176,0.0,MS-HIDE,144,case57,0.06
True,11,-0.04,True,1,1,False,11,True,3.8671819781197475e-10,0.002194713160628429,0.4815084615720916,307.3093375482131,384.8129079909995,0.0,MS-HIDE,145,case57,0.06
True,25,-0.04,True,9,9,False,25,True,0.1714416009623624,0.018278972341771355,0.4842343850021813,313.7510668049799,392.33102567959577,0.0,MS-HIDE,146,case57,0.06
True,36,0.04,True,4,4,False,36,True,3.8671808797206804e-10,0.004552997777335931,0.4528756833617939,307.37561244459357,371.0845291177975,0.0,MS-HIDE,147,case57,0.06
True,44,-0.04,False,20,20,False,44,True,0.0008248734567399195,0.020699371017236654,0.5370452646604518,315.8094375015935,379.6234603913035,0.0,MS-HIDE,148,case57,0.06
True,24,0.04,True,15,15,False,24,True,0.1714416579663831,0.010444923116936768,0.6031326963593008,308.6480979429325,418.2974680879852,0.0,MS-HIDE,149,case57,0.06
True,3,0.04,True,4,4,False,3,True,3.86718197812028e-10,0.006006478919180953,0.4766410483668257,314.2739958042512,386.17626490595285,0.0,MS-HIDE,150,case57,0.06
True,42,0.04,False,20,20,False,42,True,3.8671808797187226e-10,0.010470693057968786,0.5545996324855282,317.1637478459161,415.68420628318563,0.0,MS-HIDE,151,case57,0.06
True,23,0.04,False,20,20,False,0,False,0.6574920902268659,0.3033012886174799,0.4975353518651776,306.92913949897047,385.46135563228745,0.0,MS-HIDE,152,case57,0.06
True,45,0.04,True,18,18,False,45,True,3.867180879718629e-10,0.011573231918879306,0.5310490337212075,311.8343479989562,389.27342287788633,0.0,MS-HIDE,153,case57,0.06
True,24,-0.04,True,15,15,False,24,True,0.17144166474348083,0.010303551574671903,0.6227946029547585,313.02535419526976,409.06342046218924,0.0,MS-HIDE,154,case57,0.06
True,22,-0.04,False,20,20,False,45,False,0.6123162540730636,0.21153381582281927,0.48864702972211455,300.31594379397575,378.2687541388441,0.0,MS-HIDE,155,case57,0.06
True,23,0.04,False,20,20,False,0,False,0.6195090649316913,0.30398932672093854,0.5087277386015416,284.0121021028608,346.62396903149784,0.0,MS-HIDE,156,case57,0.06
True,54,0.04,True,8,8,False,54,True,2.4887368127633196e-09,0.00950966467616764,0.6375029442366346,308.466929194401,370.5709913658211,0.0,MS-HIDE,157,case57,0.06
True,33,-0.04,False,20,20,False,0,False,0.7160656144693986,0.20416492734728373,0.5618827251076501,316.24756660312414,376.73221729637595,0.0,MS-HIDE,158,case57,0.06
True,39,-0.04,False,20,20,False,39,True,4.29336858183486e-10,0.016569146537198407,0.4834445275386622,309.51340004976373,395.12971315707546,0.0,MS-HIDE,159,case57,0.06
True,13,0.04,True,1,1,False,13,True,3.8671819781197475e-10,0.0020311827592248794,0.5627631886404166,324.85142280056607,411.75507917068904,0.0,MS-HIDE,160,case57,0.06
True,38,0.04,False,20,20,False,38,True,0.5451730207756237,0.17327173418093625,0.5124059308742636,306.0764666966861,377.5233639316866,0.0,MS-HIDE,161,case57,0.06
True,35,0.04,True,1,1,False,35,True,3.8671808797186145e-10,0.0034269510785119232,0.41990943647446055,293.3623602933949,339.20368954422884,0.0,MS-HIDE,162,case57,0.06
True,26,-0.04,False,20,20,False,26,True,0.1714416009440448,0.018313403140533875,0.455735158674943,318.75480414310005,371.6206298006,0.0,MS-HIDE,163,case57,0.06
True,1,0.04,False,20,20,False,0,False,0.6345819381857116,0.308029760614856,0.557561362517086,311.6321417444851,400.1693642319879,0.0,MS-HIDE,164,case57,0.06
True,49,-0.04,True,6,6,False,49,True,2.9283631767477817e-05,0.008508842216155187,0.42780929182182154,304.78350833582226,386.60823565442115,0.0,MS-HIDE,165,case57,0.06
True,40,0.04,False,20,20,False,40,True,0.22500973294349474,0.049788166695039736,0.49788254440450375,306.5331290999893,388.24688399035955,0.0,MS-HIDE,166,case57,0.06
True,40,0.04,False,20,20,False,40,True,0.02516642398180691,0.043647466683929534,0.5263378072155983,299.26109169900883,362.83317673660355,0.0,MS-HIDE,167,case57,0.06
True,28,0.04,True,3,3,False,28,True,3.8671814289200966e-10,0.004597315335315553,0.5632729333656654,307.3095374595141,370.06073782686144,0.0,MS-HIDE,168,case57,0.06
True,38,0.04,False,20,20,False,56,False,0.1714850096293383,0.02301030983415446,0.5523127561059458,292.8369187982753,356.5594482904999,0.0,MS-HIDE,169,case57,0.06
True,27,0.04,True,3,3,False,27,True,4.716424450941729e-10,0.005952425537331375,0.5382029701375481,314.1466916567879,388.3115000324324,0.0,MS-HIDE,170,case57,0.06
True,30,-0.04,True,15,15,False,31,False,0.007598827207740167,0.015482297797144577,0.47908264635374015,298.66489790729247,393.93295382906217,0.0,MS-HIDE,171,case57,0.06
True,31,-0.04,False,20,20,False,30,False,0.13472412988293292,0.02101105665330046,0.5038284729384283,325.2994520502398,409.80885621684143,0.0,MS-HIDE,172,case57,0.06
True,27,0.04,True,5,5,False,27,True,4.0737411701950433e-10,0.0060029846237158405,0.5555887560071667,317.749627205194,415.5995246954262,0.0,MS-HIDE,173,case57,0.06
True,51,0.04,False,20,20,False,51,True,6.0254749707576445e-05,0.018896263750359507,0.5112235245475507,330.5960042052902,427.49470003182074,0.0,MS-HIDE,174,case57,0.06
True,28,0.04,True,3,3,False,28,True,3.867181428919295e-10,0.004626260557647072,0.5877973003364204,311.54046044975985,396.0966518119676,0.0,MS-HIDE,175,case57,0.06
True,33,-0.04,False,20,20,False,0,False,0.6638715899718821,0.2721699771632903,0.49174245828334123,303.3374687016476,353.06403682043316,0.0,MS-HIDE,176,case57,0.06
True,20,-0.04,False,20,20,False,19,False,0.1714416009440448,0.009457585090757035,0.47583849257389915,326.0605083516566,390.3894249990117,0.0,MS-HIDE,177,case57,0.06
True,5,0.04,True,3,3,False,5,True,4.667497538427188e-06,0.005936679812095322,0.5453992714490126,312.5530646444531,403.3915169915418,0.0,MS-HIDE,178,case57,0.06
True,38,0.04,False,20,20,False,38,True,0.17144160094678582,0.02196383214675738,0.5571943793527381,294.90791464340873,418.87296872155287,0.0,MS-HIDE,179,case57,0.06
True,52,-0.04,True,9,9,False,53,False,0.1714416009440448,0.008319721574196134,0.4015295608842987,308.88977494614664,362.16172529384494,0.0,MS-HIDE,180,case57,0.06
True,48,0.04,True,6,6,False,48,True,3.8758428989890705e-10,0.00624178971954066,0.49044223216342503,312.550633403589,464.29857531038584,0.0,MS-HIDE,181,case57,0.06
True,32,-0.04,False,20,20,False,0,False,0.6344446509856774,0.29905792781988616,0.5641993466641627,310.22717505984474,365.7500732660992,0.0,MS-HIDE,182,case57,0.06
True,48,0.04,True,6,6,False,48,True,4.216221490272725e-10,0.006228427621771197,0.5332447702372884,304.5084020937793,420.81489612464793,0.0,MS-HIDE,183,case57,0.06
True,48,0.04,True,2,2,False,48,True,2.2897158509474334e-08,0.006394983027860329,0.5104902780678652,195.24275000148918,267.3650708340574,0.0,MS-HIDE,184,case57,0.06
True,5,0.04,True,5,5,False,5,True,5.062810498709185e-06,0.005936688811026921,0.5230698658198676,305.4707374452846,386.5508440998383,0.0,MS-HIDE,185,case57,0.06
True,41,0.04,True,3,3,False,41,True,1.6297002651694293e-06,0.003960490107459988,0.5051969189321223,302.3003876005532,429.2103521118407,0.0,MS-HIDE,186,case57,0.06
True,29,-0.04,False,20,20,False,29,True,0.17144160147421375,0.010417097276277156,0.6206995992919602,305.77622715500183,384.8107735771919,0.0,MS-HIDE,187,case57,0.06
True,10,-0.04,True,2,2,False,10,True,3.8671819781197475e-10,0.004181101003034677,0.4654383708628169,277.07974579534493,387.34515624528285,0.0,MS-HIDE,188,case57,0.06
True,13,0.04,True,2,2,False,13,True,3.8671819781197475e-10,0.0020312863288626656,0.5542652048119299,154.3528791924473,216.42156668531246,0.0,MS-HIDE,189,case57,0.06
True,7,-0.04,False,20,20,False,7,True,0.36347498644040016,0.16515077658908203,0.5240389965358695,295.70993554370943,369.2170327034546,0.0,MS-HIDE,190,case57,0.06
True,34,-0.04,True,16,16,False,34,True,3.867180879719305e-10,0.010418717679688735,0.4451337760663704,218.6207103979541,308.6370267672465,0.0,MS-HIDE,191,case57,0.06
True,23,-0.04,False,20,20,False,0,False,0.6745896308786575,0.27620920203268584,0.5644357370075984,296.3429604860721,367.1875374740921,0.0,MS-HIDE,192,case57,0.06
True,22,-0.04,False,20,20,False,0,False,0.6563252541877628,0.29713758478125263,0.5123851706723854,222.0579396438552,319.5930920104729,0.0,MS-HIDE,193,case57,0.06
True,53,-0.04,True,3,3,False,52,False,0.17144160094742647,0.008281824473770384,0.3765025523344649,102.77062909444794,147.09016901615544,0.0,MS-HIDE,194,case57,0.06
True,40,0.04,True,9,9,False,40,True,0.05692315862784403,0.03965970310973261,0.5022546472250674,292.5985874608159,393.78397743566893,0.0,MS-HIDE,195,case57,0.06
True,4,-0.04,False,20,20,False,0,False,0.6755311937069401,0.27423989862472486,0.4857107367294118,156.52662705397233,200.91299164050724,0.0,MS-HIDE,196,case57,0.06
True,23,0.04,False,20,20,False,0,False,0.6180319747122497,0.35230277821885686,0.5336743280019866,305.4475562967127,402.6640190160834,0.0,MS-HIDE,197,case57,0.06
True,17,0.04,False,20,20,False,18,False,0.0678767687605225,0.040460623429097585,0.5085886553051063,165.07137494627386,212.77653776633088,0.0,MS-HIDE,198,case57,0.06
True,28,0.04,True,2,2,False,28,True,3.867181428923679e-10,0.004604275458317446,0.579437525060498,78.7600708543323,87.40359196963254,0.0,MS-HIDE,199,case57,0.06
True,26,-0.04,False,20,20,False,26,True,0.171445367353476,0.04110809114945841,0.6767730121375334,1.9903457607142625,2.3101500002667312,0.0,RHMTD,0,case57,0.06
True,49,-0.04,True,11,11,False,49,True,5.431516116489086e-05,0.015455381037723384,0.6777437756246166,3.440077241975814,5.932574663893321,0.0,RHMTD,1,case57,0.06
True,53,-0.04,False,20,20,False,52,False,0.21798082314653075,0.016552502624164446,0.6877167950003789,5.526368858409114,11.129835777683198,0.0,RHMTD,2,case57,0.06
True,37,0.04,True,5,5,False,37,True,0.1714416009440448,0.012222903694847437,0.6839700192677283,4.503070758073591,10.193470231024548,0.0,RHMTD,3,case57,0.06
True,46,0.04,True,17,17,False,0,False,0.6487626554680831,0.31839486253665217,0.6835249324110361,3.39018770318944,4.118033967097296,0.0,RHMTD,4,case57,0.06
True,17,0.04,False,20,20,False,0,False,0.6581230341859046,0.3165867204298972,0.6870958398777872,2.116858205408789,2.4026610451983292,0.0,RHMTD,5,case57,0.06
True,24,0.04,True,11,11,False,24,True,0.17144160104163964,0.02710480595684834,0.6779226442223234,2.9026916454313323,3.432861040346325,0.0,RHMTD,6,case57,0.06
True,3,0.04,False,20,20,False,3,True,3.8671803305502993e-10,0.020677416024803573,0.6781294315884762,3.685193747514859,6.769741320749751,0.0,RHMTD,7,case57,0.06
True,8,-0.04,True,1,1,False,8,True,3.8671819781197475e-10,0.0027267724646139425,0.6896935765497806,3.9274520473554735,7.216766325291247,0.0,RHMTD,8,case57,0.06
True,22,0.04,False,20,20,False,20,False,0.566552485480047,0.13035672813587762,0.6896935765497806,3.466266646864824,7.093633702606896,0.0,RHMTD,9,case57,0.06
True,29,-0.04,True,16,16,False,24,False,0.1714416358813337,0.024358632170334776,0.6763532705417805,1.9815811974694952,2.2788167058024555,0.0,RHMTD,10,case57,0.06
True,28,-0.04,True,9,9,False,28,True,3.867180879753437e-10,0.011746831881917552,0.6782773810859296,4.996518749976531,10.239312506746518,0.0,RHMTD,11,case57,0.06
True,8,0.04,True,1,1,False,8,True,3.8671819781197475e-10,0.0033970632054423247,0.6859777199173837,3.3210125955520198,6.13874232512899,0.0,RHMTD,12,case57,0.06
True,28,-0.04,True,4,4,False,28,True,4.2704784891778386e-10,0.006059970791940128,0.6840597762366815,3.987654150114395,8.318481239257382,0.0,RHMTD,13,case57,0.06
True,22,0.04,False,20,20,False,0,False,0.6584483677557093,0.24907817982046665,0.6860674768863366,3.3322563947876915,5.232385694398548,0.0,RHMTD,14,case57,0.06
True,26,0.04,False,20,20,False,25,False,0.1714417134068718,0.03942360598101499,0.680106213137878,1.9826626521535218,2.2585982485907152,0.0,RHMTD,15,case57,0.06
True,40,-0.04,False,20,20,False,40,True,0.06614655275078474,0.036721618916354865,0.6822000250844795,4.513418601709418,8.838164276676254,0.0,RHMTD,16,case57,0.06
True,1,-0.04,False,20,20,False,0,False,0.6575022321200922,0.2662045759583837,0.6704018193287756,4.8565145989414304,6.05247916828378,0.0,RHMTD,17,case57,0.06
True,37,-0.04,False,20,20,False,43,False,0.1714416009440448,0.013348200632780706,0.6914326516327758,4.571272854809649,11.93559968378395,0.0,RHMTD,18,case57,0.06
True,42,-0.04,True,5,5,False,42,True,2.054869688420065e-09,0.018903476196237202,0.6834946063349154,4.720585397444665,11.632485734298827,0.0,RHMTD,19,case57,0.06
True,32,0.04,False,20,20,False,0,False,0.5958697561141878,0.304738397715213,0.6804609500014842,2.04220405430533,2.2695191408274695,0.0,RHMTD,20,case57,0.06
True,20,0.04,True,7,7,False,19,False,0.1714416009440448,0.00988517014830814,0.6861535881832831,3.266387357143685,5.38383958337363,0.0,RHMTD,21,case57,0.06
True,46,0.04,False,20,20,False,0,False,0.6577855276072795,0.27874141852915235,0.6894558700833742,3.3509791479445994,6.028377416078003,0.0,RHMTD,22,case57,0.06
True,42,0.04,False,20,20,False,42,True,4.760353410903892e-10,0.01994084052293598,0.6800164561689249,3.8378520461264998,6.689138180809097,0.0,RHMTD,23,case57,0.06
True,56,-0.04,True,3,3,False,56,True,0.1934648537868084,0.07183042704525969,0.6833181450448832,3.9351686456939206,9.479772252961995,0.0,RHMTD,24,case57,0.06
True,53,0.04,False,20,20,False,52,False,0.27172924811215265,0.02408504581749113,0.6876858759001253,4.341899906285107,10.045610074303122,0.0,RHMTD,25,case57,0.06
True,48,0.04,False,20,20,False,48,True,3.1691227266063774e-08,0.022606300818856836,0.6787188745866815,3.6416520917555317,5.708783344016416,0.0,RHMTD,26,case57,0.06
True,24,-0.04,False,20,20,False,24,True,0.1714422370171471,0.02951567991374047,0.6879235823665317,5.091129103675485,9.123232704587304,0.0,RHMTD,27,case57,0.06
True,20,0.04,True,8,8,False,20,True,0.1714416009440448,0.010656319184249452,0.680106213137878,6.2224832974607125,9.633314533857657,0.0,RHMTD,28,case57,0.06
True,34,-0.04,True,18,18,False,34,True,0.2659139054663827,0.03473790861562119,0.68594680081713,4.707731353119016,14.135872962651785,0.0,RHMTD,29,case57,0.06
True,11,-0.04,True,1,1,False,11,True,3.8671819781197475e-10,0.004792844138576069,0.6916085198986752,3.481673006899655,6.474485114449638,0.0,RHMTD,30,case57,0.06
True,38,0.04,False,20,20,False,0,False,0.6400968907820189,0.27812533663282335,0.6778608060218162,3.8978894968749955,6.418504143948675,0.0,RHMTD,31,case57,0.06
True,32,0.04,False,20,20,False,0,False,0.6176724362369758,0.2991410718061525,0.6857400134509771,3.4879167447797954,6.968351421528497,0.0,RHMTD,32,case57,0.06
True,15,-0.04,False,20,20,False,0,False,0.5629282984261734,0.3171122230323923,0.6839700192677283,4.515083500882611,8.79287949355785,0.0,RHMTD,33,case57,0.06
True,36,0.04,True,8,8,False,36,True,1.8710562732617027e-06,0.00901101676914257,0.6837323128013219,3.90949375287164,8.142785492236726,0.0,RHMTD,34,case57,0.06
True,26,0.04,False,20,20,False,25,False,0.3077030734003718,0.06151651120768069,0.6855920639535237,2.914943697396666,3.3317395893391235,0.0,RHMTD,35,case57,0.06
True,28,0.04,True,1,1,False,28,True,3.867181154318984e-10,0.006596215842209254,0.6878926632662782,5.279450101079419,15.648495848290624,0.0,RHMTD,36,case57,0.06
True,3,0.04,True,14,14,False,3,True,4.365757947062164e-10,0.025021873931794298,0.6874481694337188,4.031737451441586,8.306966631789695,0.0,RHMTD,37,case57,0.06
True,6,0.04,False,20,20,False,6,True,1.1320746684896713e-07,0.021711429775322946,0.6879235823665318,4.689800046617165,9.730764856794849,0.0,RHMTD,38,case57,0.06
True,51,-0.04,False,20,20,False,51,True,0.19949804268136084,0.036597423711207805,0.6857400134509771,4.94027306267526,9.465877435286536,0.0,RHMTD,39,case57,0.06
True,17,0.04,False,20,20,False,0,False,0.6637508614714109,0.23430139271419137,0.6822618632849865,4.015787653042935,7.438787876162683,0.0,RHMTD,40,case57,0.06
True,49,-0.04,False,20,20,False,49,True,1.040170067079592e-06,0.014560338970387566,0.6773605269684313,3.3180208527483046,5.426032995455899,0.0,RHMTD,41,case57,0.06
True,19,-0.04,True,1,1,False,20,False,0.1714416009440448,0.010424451604681528,0.6843835940000341,2.920395744149573,3.3011899009579797,0.0,RHMTD,42,case57,0.06
True,31,0.04,False,20,20,False,31,True,0.15607822028838214,0.019633161100057556,0.6874790885339724,3.9932602958288044,8.13095035555307,0.0,RHMTD,43,case57,0.06
True,55,0.04,True,3,3,False,55,True,3.0970540506238177e-09,0.0060653989927596285,0.6894558700833741,4.2599207983585075,9.76648747746367,0.0,RHMTD,44,case57,0.06
True,2,0.04,False,20,20,False,2,True,3.867181428925137e-10,0.01862537215336918,0.681962318618073,4.002773002139293,7.822196171036924,0.0,RHMTD,45,case57,0.06
True,34,-0.04,False,20,20,False,34,True,0.0687290420904558,0.0325033864205255,0.6840597762366816,3.8403749495046213,8.204761057277214,0.0,RHMTD,46,case57,0.06
True,14,-0.04,True,15,15,False,14,True,3.867180605163686e-10,0.02124080087433907,0.6879235823665317,4.326958142337389,9.816372551722452,0.0,RHMTD,47,case57,0.06
True,1,0.04,False,20,20,False,16,False,0.5123868384212941,0.3101611965793419,0.6896935765497806,4.735529047320597,9.305116953328254,0.0,RHMTD,48,case57,0.06
True,34,-0.04,False,20,20,False,34,True,0.18957004806946257,0.03991329004590836,0.6859777199173838,6.272870799875818,12.64003271644473,0.0,RHMTD,49,case57,0.06
True,40,-0.04,False,20,20,False,40,True,0.05011944507428221,0.034014630281404064,0.688597208494376,3.5334041487658396,5.68437260517385,0.0,RHMTD,50,case57,0.06
True,27,-0.04,True,12,12,False,27,True,3.8671811543293906e-10,0.010188283748906816,0.6861845072835365,3.1108623486943543,3.735060416511263,0.0,RHMTD,51,case57,0.06
True,44,-0.04,False,20,20,False,0,False,0.641546552711068,0.2552265625456094,0.6872413820675659,3.089806201751344,4.371469063335099,0.0,RHMTD,52,case57,0.06
True,1,0.04,False,20,20,False,0,False,0.6664075319098202,0.23395730838927886,0.6859158817168766,3.4530728473328054,5.08706453838386,0.0,RHMTD,53,case57,0.06
True,20,-0.04,True,10,10,False,19,False,0.1714416009440448,0.010482698505893975,0.6857090943507236,3.546256251865998,5.981977673945952,0.0,RHMTD,54,case57,0.06
True,41,-0.04,True,1,1,False,41,True,0.00228226330656096,0.004792383815072353,0.6872413820675659,4.7971710038837045,9.286019089631745,0.0,RHMTD,55,case57,0.06
True,25,0.04,False,20,20,False,26,False,0.17144160102856004,0.05570945522295667,0.6876549567998718,5.848774904734455,12.06206664210187,0.0,RHMTD,56,case57,0.06
True,33,0.04,False,20,20,False,35,False,0.4194480138595881,0.08522469282419011,0.687331139036519,5.100562408915721,14.83222643728368,0.0,RHMTD,57,case57,0.06
True,42,-0.04,False,20,20,False,42,True,4.2187265853646864e-10,0.021091613409112666,0.6852646005181642,4.426931298803538,10.82857257861179,0.0,RHMTD,58,case57,0.06
True,21,0.04,False,20,20,False,0,False,0.6438817078352798,0.28525616023285066,0.6896935765497805,4.169195899157785,7.773581240326167,0.0,RHMTD,59,case57,0.06
True,36,-0.04,True,17,17,False,36,True,0.0033650130039554315,0.005746831684690643,0.6916703580991823,4.090285502024926,7.870394390192815,0.0,RHMTD,60,case57,0.06
True,46,0.04,False,20,20,False,0,False,0.6604314619784182,0.2629609330292546,0.6861845072835366,4.189116635825485,10.050420762854634,0.0,RHMTD,61,case57,0.06
True,56,0.04,False,20,20,False,0,False,0.6579717073394181,0.2760866036606056,0.6844454322005412,3.4392519999528304,4.16646100929939,0.0,RHMTD,62,case57,0.06
True,8,-0.04,True,1,1,False,8,True,3.8671819781197475e-10,0.0033337623073503545,0.6840009383679818,3.8471458945423365,8.851770832552578,0.0,RHMTD,63,case57,0.06
True,2,0.04,False,20,20,False,2,True,4.5349242212738687e-10,0.01726964917346281,0.6838529888705285,4.202466594870202,12.40689581318293,0.0,RHMTD,64,case57,0.06
True,43,0.04,True,6,6,False,37,False,0.17144160094467067,0.013140402611467816,0.6809277887631756,4.069791699294001,7.2645690961508125,0.0,RHMTD,65,case57,0.06
True,11,0.04,True,1,1,False,11,True,3.8671819781197475e-10,0.004814292500243147,0.6857400134509772,4.5626749051734805,5.855246158898829,0.0,RHMTD,66,case57,0.06
True,7,0.04,False,20,20,False,7,True,0.5110218111141274,0.19871946826418546,0.6864222137499428,3.113862295867875,4.8178618802921855,0.0,RHMTD,67,case57,0.06
True,7,-0.04,False,20,20,False,7,True,0.0013241706266436974,0.075843987186608,0.6812243330982817,4.585252105607651,11.81935627537314,0.0,RHMTD,68,case57,0.06
True,51,-0.04,False,20,20,False,51,True,0.5233223522724112,0.12773903109501344,0.6826668638461708,4.121835398836993,8.257018734002488,0.0,RHMTD,69,case57,0.06
True,12,-0.04,True,1,1,False,12,True,3.8671819781197475e-10,0.0013783142527341989,0.683586770611543,4.27221464633476,9.504355635726826,0.0,RHMTD,70,case57,0.06
True,17,-0.04,False,20,20,False,18,False,0.10560598068050975,0.08701936845682692,0.6799855370686714,3.864435449941084,8.492584762279877,0.0,RHMTD,71,case57,0.06
True,35,0.04,True,2,2,False,35,True,4.260114872872775e-08,0.013962672275786908,0.6859777199173835,3.4808833937859163,5.705348248011438,0.0,RHMTD,72,case57,0.06
True,37,0.04,False,20,20,False,43,False,0.1714416009440448,0.013192622253689865,0.68594680081713,4.8276957066264,12.821047636680312,0.0,RHMTD,73,case57,0.06
True,11,0.04,True,1,1,False,11,True,3.8671819781197475e-10,0.004346405313659403,0.687331139036519,4.363824852043763,11.813468084437773,0.0,RHMTD,74,case57,0.06
True,43,-0.04,False,20,20,False,37,False,0.1714416009521712,0.011716567390617905,0.6857090943507237,5.993281304836273,8.335973252542354,0.0,RHMTD,75,case57,0.06
True,39,0.04,False,20,20,False,39,True,0.00036652634085372957,0.0352654855815151,0.6859158817168765,3.70223744539544,6.749081544694492,0.0,RHMTD,76,case57,0.06
True,41,-0.04,True,2,2,False,41,True,2.558085294040455e-08,0.007281757180803141,0.6817246121516666,4.343689698725939,9.148545228526928,0.0,RHMTD,77,case57,0.06
True,11,-0.04,True,1,1,False,11,True,3.8671819781197475e-10,0.004344608797558883,0.6820241568185801,3.301937598735094,4.796799385803752,0.0,RHMTD,78,case57,0.06
True,24,0.04,True,4,4,False,24,True,0.17144235334686223,0.017543496154003756,0.6806677373676372,4.479918847209774,10.183177414000967,0.0,RHMTD,79,case57,0.06
True,26,-0.04,False,20,20,False,26,True,0.17144160341889073,0.027880058283456327,0.6819932377183267,3.6913666961481795,7.210102071985602,0.0,RHMTD,80,case57,0.06
True,37,0.04,False,20,20,False,37,True,0.1714416009440448,0.012846081162875517,0.6857090943507235,3.8154355075675994,9.667816938599572,0.0,RHMTD,81,case57,0.06
True,26,-0.04,False,20,20,False,25,False,0.17168841077683789,0.03914616576681697,0.6859158817168766,3.9351020008325572,8.349475308205001,0.0,RHMTD,82,case57,0.06
True,20,-0.04,True,12,12,False,19,False,0.1714416009440448,0.01089105828836832,0.6874790885339723,3.5675916413310915,6.625199393602089,0.0,RHMTD,83,case57,0.06
True,54,0.04,True,2,2,False,54,True,3.6305384888389223e-06,0.009647322856763826,0.689662657449527,5.259816549369134,11.534338936326103,0.0,RHMTD,84,case57,0.06
True,31,0.04,False,20,20,False,30,False,0.16889023139369005,0.020162599253798673,0.6892181636169676,3.502587496768683,6.514099315973001,0.0,RHMTD,85,case57,0.06
True,28,0.04,True,1,1,False,28,True,3.8671814289193196e-10,0.006164714872418994,0.6818452882208732,3.8409290369600058,7.250593093340286,0.0,RHMTD,86,case57,0.06
True,26,-0.04,False,20,20,False,26,True,0.1714416063133333,0.030427405497798876,0.6799855370686713,4.022975158295594,8.56578720267862,0.0,RHMTD,87,case57,0.06
True,17,-0.04,False,20,20,False,0,False,0.6753376481492014,0.27040050075306754,0.6899003639159335,4.790229143691249,10.488724979222752,0.0,RHMTD,88,case57,0.06
True,55,-0.04,True,2,2,False,55,True,1.9420006124822587e-09,0.008747307179662094,0.6877167950003789,4.35965619108174,8.291530935093775,0.0,RHMTD,89,case57,0.06
True,11,0.04,True,1,1,False,11,True,3.8671819781197475e-10,0.0036919849914032444,0.6879235823665318,3.2612374459858984,5.063258041627707,0.0,RHMTD,90,case57,0.06
True,48,-0.04,False,20,20,False,48,True,3.8671808797186176e-10,0.022936978753841663,0.6799855370686714,3.692045743810013,7.273392268689349,0.0,RHMTD,91,case57,0.06
True,50,-0.04,False,20,20,False,50,True,0.038735820203049325,0.0126043783043955,0.6876549567998718,4.70925829722546,9.650927683105694,0.0,RHMTD,92,case57,0.06
True,53,-0.04,False,20,20,False,52,False,0.27163945987244403,0.023812323892849284,0.6894249509831205,4.15591879573185,8.899475599173462,0.0,RHMTD,93,case57,0.06
True,43,0.04,True,6,6,False,43,True,0.1714416009440448,0.01281120845290441,0.6819932377183265,3.584156252327375,8.203997256350705,0.0,RHMTD,94,case57,0.06
True,40,-0.04,False,20,20,False,40,True,0.0008330605821400269,0.038559489365951896,0.6830804385784767,5.254910452640615,17.520777723984793,0.0,RHMTD,95,case57,0.06
True,10,-0.04,True,7,7,False,10,True,3.8671819781197806e-10,0.007566876286221072,0.6914326516327758,4.353420800180174,9.938205959042536,0.0,RHMTD,96,case57,0.06
True,14,0.04,True,18,18,False,14,True,7.330671293810383e-10,0.014396557101985879,0.6801086204455526,5.171262487419881,13.62011219316628,0.0,RHMTD,97,case57,0.06
True,53,-0.04,True,5,5,False,53,True,0.2535409932556123,0.02019129814903336,0.6892181636169676,4.648372903466225,11.034604179440068,0.0,RHMTD,98,case57,0.06
True,49,-0.04,False,20,20,False,49,True,0.12902345300375873,0.017921720548019156,0.6822000250844796,5.082029293407686,12.899452066631056,0.0,RHMTD,99,case57,0.06
True,56,0.04,False,20,20,False,0,False,0.6537187004525203,0.2073101366789031,0.6896317383492735,3.873352296068333,6.934017332969236,0.0,RHMTD,100,case57,0.06
True,17,-0.04,False,20,20,False,0,False,0.6464268933332261,0.2853847371604529,0.6894249509831206,3.636893746443093,6.610002074739899,0.0,RHMTD,101,case57,0.06
True,12,0.04,True,1,1,False,12,True,3.8671819781197475e-10,0.001378313854251128,0.6820829946872797,4.381558299064636,11.474162805825472,0.0,RHMTD,102,case57,0.06
True,48,-0.04,False,20,20,False,48,True,5.629634600673186e-10,0.026459601866622683,0.6842077257341347,5.529941647546366,15.523781848605724,0.0,RHMTD,103,case57,0.06
True,31,0.04,False,20,20,False,31,True,0.17060205411710544,0.020163516452032973,0.6859468008171301,4.381835347157903,9.901310381246732,0.0,RHMTD,104,case57,0.06
True,31,0.04,True,19,19,False,30,False,0.171165434920994,0.020221344331237654,0.6860056386858296,5.923493791487999,18.631893442943706,0.0,RHMTD,105,case57,0.06
True,41,-0.04,True,1,1,False,41,True,3.8671808797195043e-10,0.003974450726715291,0.6916394389989287,5.053916745237075,13.267335406271743,0.0,RHMTD,106,case57,0.06
True,16,-0.04,False,20,20,False,0,False,0.6061028875444373,0.31289708634213254,0.6861845072835365,4.684081158484332,10.23476078116801,0.0,RHMTD,107,case57,0.06
True,20,0.04,True,10,10,False,20,True,0.1714416009440448,0.010693617224862352,0.6866204269449743,5.940427142195404,16.79863572353498,0.0,RHMTD,108,case57,0.06
True,50,0.04,True,14,14,False,50,True,1.648675516804734e-08,0.012544040306523525,0.6815481508616343,5.075981150730513,10.206491383723916,0.0,RHMTD,109,case57,0.06
True,17,0.04,False,20,20,False,0,False,0.6291694854907134,0.2813069613957541,0.6879545014667853,4.125735300476663,9.017129789572211,0.0,RHMTD,110,case57,0.06
True,41,0.04,True,1,1,False,41,True,4.701882165513037e-10,0.007382606042792932,0.6767141742688337,5.466593857272528,11.285841077915414,0.0,RHMTD,111,case57,0.06
True,15,0.04,False,20,20,False,0,False,0.6610149593648834,0.27757708735448483,0.6877167950003789,4.629897844279185,11.189725028816616,0.0,RHMTD,112,case57,0.06
True,12,-0.04,True,1,1,False,12,True,3.8671819781197475e-10,0.0013794050420553434,0.6802232435350779,4.991681303363293,10.902212219662035,0.0,RHMTD,113,case57,0.06
True,33,-0.04,False,20,20,False,0,False,0.6497138497003171,0.2841954818091107,0.6780087555192696,5.323849950218573,13.18641035759356,0.0,RHMTD,114,case57,0.06
True,8,0.04,True,1,1,False,8,True,3.8671819781197475e-10,0.0034140227882858754,0.6899003639159333,5.227141655632295,8.789381926180805,0.0,RHMTD,115,case57,0.06
True,16,-0.04,False,20,20,False,0,False,0.6024247128890058,0.3115182591192223,0.6879545014667853,6.232987347175367,14.392418417264725,0.0,RHMTD,116,case57,0.06
True,46,-0.04,False,20,20,False,0,False,0.6510080208835369,0.2672566111393739,0.6859468008171301,4.566635307855904,11.228539241710678,0.0,RHMTD,117,case57,0.06
True,8,-0.04,True,1,1,False,8,True,3.8671819781197475e-10,0.0030420253353279723,0.6822897820534327,4.680200005532242,10.722306647221558,0.0,RHMTD,118,case57,0.06
True,20,0.04,True,5,5,False,20,True,0.1714416009440448,0.010624114247827316,0.683525525435169,4.9779895023675635,11.730862830881962,0.0,RHMTD,119,case57,0.06
True,52,-0.04,False,20,20,False,51,False,0.2558839282701198,0.0325198359327792,0.6914017325325222,4.137474950402975,9.241716720862314,0.0,RHMTD,120,case57,0.06
True,9,-0.04,False,20,20,False,9,True,0.08544261422407361,0.03800955709463031,0.6931717267157711,3.6999834002926946,6.927929841913284,0.0,RHMTD,121,case57,0.06
True,21,0.04,False,20,20,False,0,False,0.6239095911869628,0.2964731516355177,0.6892181636169676,5.40555834886618,12.403111881576482,0.0,RHMTD,122,case57,0.06
True,43,0.04,True,1,1,False,37,False,0.17144160194251765,0.011828869121831766,0.6806677373676373,5.879808348254301,15.178660416859215,0.0,RHMTD,123,case57,0.06
True,18,-0.04,True,9,9,False,31,False,0.5696465273171684,0.16517425295087718,0.6777152638320376,5.034473043633625,9.809404198313132,0.0,RHMTD,124,case57,0.06
True,38,-0.04,False,20,20,False,56,False,0.35083469796061456,0.12059657542137094,0.6853258456945384,4.074204104836099,9.035072918049991,0.0,RHMTD,125,case57,0.06
True,47,-0.04,False,20,20,False,0,False,0.6472070632188941,0.22107067224768512,0.6911949451663694,4.429400051594712,11.433733042213136,0.0,RHMTD,126,case57,0.06
True,51,-0.04,False,20,20,False,51,True,0.4451485009560792,0.0561470113800938,0.6808193325370973,5.818327053566463,12.743464609957307,0.0,RHMTD,127,case57,0.06
True,23,0.04,True,0,0,False,0,False,0.668319004379797,0.2460660178661745,0.6934094331821775,5.438760359538719,11.043939262162906,0.0,RHMTD,128,case57,0.06
True,40,0.04,True,15,15,False,40,True,0.018164182008042373,0.045676459697033885,0.6773963745677997,3.7198396399617195,7.618190179346129,0.0,RHMTD,129,case57,0.06
True,20,-0.04,False,20,20,False,20,True,0.17144160094465694,0.011737170895135705,0.6815178247855137,4.722160496748984,13.27623956894968,0.0,RHMTD,130,case57,0.06
True,51,-0.04,False,20,20,False,51,True,0.2172520501510571,0.03757780420679981,0.6879235823665317,4.014327202457935,8.4083649009699,0.0,RHMTD,131,case57,0.06
True,26,0.04,False,20,20,False,26,True,0.17144160198667213,0.024464261848947257,0.6703423884359433,3.510235244175419,7.791776751400904,0.0,RHMTD,132,case57,0.06
True,43,-0.04,True,7,7,False,43,True,0.1714416009440448,0.013348225148728986,0.6914017325325224,4.01258550118655,8.302752397139557,0.0,RHMTD,133,case57,0.06
True,54,-0.04,True,6,6,False,54,True,1.7312398872572892e-06,0.010612868164834397,0.6859158817168766,4.257754149148241,9.741241735173391,0.0,RHMTD,134,case57,0.06
True,32,0.04,False,20,20,False,0,False,0.6374148795319624,0.2918791079149935,0.6894558700833742,4.519250048906542,12.373668749933133,0.0,RHMTD,135,case57,0.06
True,47,0.04,False,20,20,False,0,False,0.6425819999361789,0.26463776965425645,0.6857090943507237,4.0341874497244135,8.02100560104009,0.0,RHMTD,136,case57,0.06
True,51,0.04,True,2,2,False,51,True,0.2109148982925383,0.03779220500192767,0.6839391001674748,3.3964853500947356,4.831506274058487,0.0,RHMTD,137,case57,0.06
True,53,0.04,False,20,20,False,53,True,0.17832669004372087,0.015408300085474141,0.6840597762366815,4.433214498567395,10.345828859135509,0.0,RHMTD,138,case57,0.06
True,54,0.04,False,20,20,False,54,True,2.846366179982852e-07,0.010474449623797677,0.6842077257341349,5.93918549711816,12.239183607744053,0.0,RHMTD,139,case57,0.06
True,20,0.04,True,5,5,False,20,True,0.1714416009440448,0.010811913537524627,0.6805507069704373,4.542210552608594,10.605341344489718,0.0,RHMTD,140,case57,0.06
True,52,0.04,False,20,20,False,53,False,0.20371984336130503,0.01465329662144648,0.6778328872533702,5.054058402311057,10.505493407254109,0.0,RHMTD,141,case57,0.06
True,10,0.04,True,13,13,False,10,True,3.8671819781199295e-10,0.007250973704834287,0.6855920639535237,4.397252097260207,13.474147571832875,0.0,RHMTD,142,case57,0.06
True,12,-0.04,True,1,1,False,12,True,3.8671819781197475e-10,0.0013769205638839834,0.6896626574495269,4.716733351233415,10.847195878159258,0.0,RHMTD,143,case57,0.06
True,10,0.04,True,2,2,False,10,True,3.8671819781197475e-10,0.0072418200637542115,0.6859158817168765,4.836885441909544,13.589556259103125,0.0,RHMTD,144,case57,0.06
True,11,-0.04,True,1,1,False,11,True,3.867181978119748e-10,0.004601552026780125,0.6796332075127397,4.4838645553682,9.615194061188959,0.0,RHMTD,145,case57,0.06
True,25,-0.04,False,20,20,False,26,False,0.17170013858702673,0.05321862742473623,0.6855611448532704,5.312910542124882,13.746889872709296,0.0,RHMTD,146,case57,0.06
True,36,0.04,True,5,5,False,36,True,6.179265439700169e-06,0.008907782487207363,0.6844454322005412,6.210339648532681,14.085174689535057,0.0,RHMTD,147,case57,0.06
True,44,-0.04,False,20,20,False,44,True,0.10499937892137104,0.06031076596103386,0.678188269457176,4.973104107193649,11.422047563246453,0.0,RHMTD,148,case57,0.06
True,24,0.04,False,20,20,False,24,True,0.26717856169988835,0.04843182743714156,0.689662657449527,4.727579205064103,10.801266340422446,0.0,RHMTD,149,case57,0.06
True,3,0.04,False,20,20,False,3,True,0.024020097795830853,0.027944970979500987,0.6914326516327758,5.102918797638267,10.665985688683579,0.0,RHMTD,150,case57,0.06
True,42,0.04,False,20,20,False,42,True,3.8671808797256926e-10,0.017130515330174723,0.6848813518619791,5.009879302815534,11.252173534012401,0.0,RHMTD,151,case57,0.06
True,23,0.04,False,20,20,False,0,False,0.6120574931766758,0.30159503544134836,0.6782464619856762,4.556431257515214,11.240969397476876,0.0,RHMTD,152,case57,0.06
True,45,0.04,True,7,7,False,45,True,8.928276653736916e-09,0.014895052443646063,0.6857090943507237,3.6044854001374915,8.145516979857348,0.0,RHMTD,153,case57,0.06
True,24,-0.04,False,20,20,False,24,True,0.1714441824239334,0.025540707299681886,0.6839391001674748,3.6508374992990866,6.228761860984378,0.0,RHMTD,154,case57,0.06
True,22,-0.04,False,20,20,False,0,False,0.6853317414386707,0.29178460997671696,0.6895147079520737,5.44981459970586,13.186499397852462,0.0,RHMTD,155,case57,0.06
True,23,0.04,False,20,20,False,0,False,0.6585305764674916,0.2766547894232153,0.6824686506511394,4.082277146517299,6.928327379864647,0.0,RHMTD,156,case57,0.06
True,54,0.04,True,3,3,False,53,False,0.19532851362641857,0.015935725338409375,0.6860674768863366,3.795876947697252,7.872804149519656,0.0,RHMTD,157,case57,0.06
True,33,-0.04,False,20,20,False,0,False,0.6790575010478943,0.2893236063967732,0.6912847021353224,3.7664436997147277,6.912571491557174,0.0,RHMTD,158,case57,0.06
True,39,-0.04,False,20,20,False,39,True,0.000888434299593257,0.035330127539014454,0.6801923244348242,3.883227097685449,7.653837488032878,0.0,RHMTD,159,case57,0.06
True,13,0.04,True,2,2,False,13,True,3.8671819781197475e-10,0.002555051672039251,0.6784841684520825,4.234987357631326,8.599495855742136,0.0,RHMTD,160,case57,0.06
True,38,0.04,False,20,20,False,39,False,0.1332923504737947,0.043335222731891956,0.6874790885339723,4.7190459503326565,10.989666616660545,0.0,RHMTD,161,case57,0.06
True,35,0.04,True,1,1,False,35,True,0.00399797063651833,0.005666706516590871,0.686153588183283,5.418995750369504,14.640570504707298,0.0,RHMTD,162,case57,0.06
True,26,-0.04,False,20,20,False,26,True,0.17144160094809527,0.02598792918915913,0.6775636686625776,4.029141596402042,10.00987531442661,0.0,RHMTD,163,case57,0.06
True,1,0.04,False,20,20,False,0,False,0.6379326925049407,0.3006311972923462,0.687716795000379,4.714470804901794,10.753122274763884,0.0,RHMTD,164,case57,0.06
True,49,-0.04,True,19,19,False,49,True,0.0011641745468268913,0.014479215140695938,0.6752654766574976,4.209204195649363,8.323090197518468,0.0,RHMTD,165,case57,0.06
True,40,0.04,False,20,20,False,40,True,0.004323576897771441,0.04106629854535581,0.6876858759001253,4.091176998917945,7.08238296210766,0.0,RHMTD,166,case57,0.06
True,40,0.04,False,20,20,False,40,True,0.0012755413033561133,0.037516325107133944,0.6829943272815303,5.472571004065685,9.835696505615513,0.0,RHMTD,167,case57,0.06
True,28,0.04,True,2,2,False,28,True,3.8671814289194566e-10,0.006194269046462831,0.6776291525350912,4.3234624521574005,8.365278810379095,0.0,RHMTD,168,case57,0.06
True,38,0.04,False,20,20,False,56,False,0.2807188839228017,0.07411955974620979,0.6856781752504701,5.478604196105152,11.078746148268712,0.0,RHMTD,169,case57,0.06
True,27,0.04,True,10,10,False,27,True,5.216198271460662e-10,0.010275929195299308,0.6796022884124862,6.274239448248409,14.702191366814095,0.0,RHMTD,170,case57,0.06
True,30,-0.04,False,20,20,False,30,True,0.16681626400028177,0.020397463338823633,0.6801650510065775,4.831008243490942,14.599186831037516,0.0,RHMTD,171,case57,0.06
True,31,-0.04,False,20,20,False,30,False,0.16531872929069671,0.01976196067752882,0.6874790885339724,5.003068799851462,10.781834728550168,0.0,RHMTD,172,case57,0.06
True,27,0.04,True,5,5,False,27,True,3.8671814289196013e-10,0.010815310078668396,0.6796641266129932,5.314777142484672,11.628425371600317,0.0,RHMTD,173,case57,0.06
True,51,0.04,False,20,20,False,51,True,0.1562354403317107,0.04216661201737282,0.6822897820534326,4.6716229495359585,10.626985481940213,0.0,RHMTD,174,case57,0.06
True,28,0.04,True,4,4,False,28,True,3.880257964923432e-10,0.008831139123853275,0.684090695336935,4.649433342274278,8.904977698693985,0.0,RHMTD,175,case57,0.06
True,33,-0.04,False,20,20,False,0,False,0.6613696700340485,0.2913877613308452,0.6878926632662783,4.438795856549405,8.929256536066534,0.0,RHMTD,176,case57,0.06
True,20,-0.04,True,4,4,False,19,False,0.1714416009440448,0.010790745783895269,0.6879545014667853,3.845268741133623,8.534681895980613,0.0,RHMTD,177,case57,0.06
True,5,0.04,False,20,20,False,5,True,3.867181428923385e-10,0.017815400438572018,0.683939100167475,3.794297849526629,7.758502403157766,0.0,RHMTD,178,case57,0.06
True,38,0.04,False,20,20,False,0,False,0.6516329096415595,0.31985980873566067,0.6841768066338813,3.867687509045936,8.539454845595179,0.0,RHMTD,179,case57,0.06
True,52,-0.04,False,20,20,False,53,False,0.2692938550535338,0.02443308192892388,0.6914017325325224,4.24865624809172,8.14399136870634,0.0,RHMTD,180,case57,0.06
True,48,0.04,False,20,20,False,48,True,3.867180879743437e-10,0.02161795975256168,0.693378514081924,4.378179096966051,9.831491598743014,0.0,RHMTD,181,case57,0.06
True,32,-0.04,False,20,20,False,0,False,0.6400273721357395,0.28265986319705794,0.6837911506700215,4.301733404281549,7.363966701086612,0.0,RHMTD,182,case57,0.06
True,48,0.04,False,20,20,False,48,True,4.214897484827662e-10,0.02579881585804549,0.6802820814037774,5.988027053535916,14.949854181031702,0.0,RHMTD,183,case57,0.06
True,48,0.04,False,20,20,False,48,True,6.359734201192329e-09,0.0275853147336721,0.6876858759001253,3.219487506430596,6.025631297961809,0.0,RHMTD,184,case57,0.06
True,5,0.04,True,12,12,False,5,True,4.1341501608954067e-10,0.015248355237240163,0.6800164561689249,4.80107479961589,9.70644971530419,0.0,RHMTD,185,case57,0.06
True,41,0.04,True,1,1,False,41,True,4.0340788508158435e-10,0.010351606321306498,0.6822000250844796,4.890206165146083,12.787237510201523,0.0,RHMTD,186,case57,0.06
True,29,-0.04,False,20,20,False,24,False,0.17296716057917652,0.025298377324274875,0.6842077257341348,3.2559853978455067,3.636866091983397,0.0,RHMTD,187,case57,0.06
True,10,-0.04,True,3,3,False,10,True,3.867181978120016e-10,0.007388896787009859,0.6839700192677284,3.3374707476468757,5.314341641496869,0.0,RHMTD,188,case57,0.06
True,13,0.04,True,2,2,False,13,True,3.8671819781197475e-10,0.0025673462196100483,0.6821139137875334,2.9601563583128154,3.4372541820630436,0.0,RHMTD,189,case57,0.06
True,7,-0.04,False,20,20,False,7,True,0.18070251291406683,0.08619916817163291,0.6820829946872797,4.4440833473345265,11.1566898674937,0.0,RHMTD,190,case57,0.06
True,34,-0.04,False,20,20,False,34,True,8.075694489128509e-05,0.026504808097696446,0.6813722825957349,4.692768905078992,11.89934580179397,0.0,RHMTD,191,case57,0.06
True,23,-0.04,False,20,20,False,0,False,0.672859710073491,0.30012880339222947,0.6850572201278784,2.8423936484614387,3.2542892353376374,0.0,RHMTD,192,case57,0.06
True,22,-0.04,False,20,20,False,0,False,0.691464782181548,0.23536194003937796,0.6831422767789836,8.630806146538816,23.58413331385238,0.0,RHMTD,193,case57,0.06
True,53,-0.04,False,20,20,False,51,False,0.2715498774734962,0.02518741110047674,0.6819932377183267,2.8864354477263987,3.313991651521065,0.0,RHMTD,194,case57,0.06
True,40,0.04,False,20,20,False,40,True,7.45914164347707e-05,0.03644934939286374,0.6861845072835364,4.866256203968078,11.792581251938827,0.0,RHMTD,195,case57,0.06
True,4,-0.04,False,20,20,False,0,False,0.6369731010287005,0.2885774603782932,0.6855611448532702,3.4400855511194095,4.827744449721653,0.0,RHMTD,196,case57,0.06
True,23,0.04,False,20,20,False,0,False,0.5982709696893059,0.31287725390256055,0.6822000250844795,2.662187599344179,2.951667018351145,0.0,RHMTD,197,case57,0.06
True,17,0.04,False,20,20,False,0,False,0.6692138750862803,0.25062767691234294,0.6876549567998718,3.6347332934383303,6.638913930510172,0.0,RHMTD,198,case57,0.06
True,28,0.04,True,2,2,False,28,True,3.867181154319552e-10,0.007067445983519008,0.6842665636028343,2.7385167515603825,3.108800048357807,0.0,RHMTD,199,case57,0.06
True,26,-0.04,True,5,5,False,25,False,0.193159886230412,0.028935200689797397,0.4474810965770277,27.380868696491234,48.0087354546413,0.0,Robust-MTD,0,case57,0.06
True,49,-0.04,False,20,20,False,49,True,0.0047946706852990215,0.014887182110070644,0.4474810965770277,34.45773324929178,57.835464298841586,0.0,Robust-MTD,1,case57,0.06
True,53,-0.04,False,20,20,False,52,False,0.27157196221038243,0.01466699811394186,0.4474810965770277,19.753987446893007,32.974860729882494,0.0,Robust-MTD,2,case57,0.06
True,37,0.04,False,20,20,False,43,False,0.17144162918398834,0.017730892710576835,0.4474810965770277,26.280808495357633,38.00706670735964,0.0,Robust-MTD,3,case57,0.06
True,46,0.04,True,17,17,False,0,False,0.6941623475100902,0.35475667131177224,0.4474810965770277,29.882499953964725,47.033600285067266,0.0,Robust-MTD,4,case57,0.06
True,17,0.04,False,20,20,False,18,False,0.3413862390467701,0.026798478413458292,0.4474810965770277,25.778839548001997,36.7656104179332,0.0,Robust-MTD,5,case57,0.06
True,24,0.04,False,20,20,False,29,False,0.362035163886456,0.016244109635660163,0.4474810965770277,35.063233351684175,62.498062202939764,0.0,Robust-MTD,6,case57,0.06
True,3,0.04,False,20,20,False,3,True,8.351444378200954e-09,0.014446142054471154,0.4474810965770277,19.659056400996633,29.927720851264894,0.0,Robust-MTD,7,case57,0.06
True,8,-0.04,True,1,1,False,8,True,3.867181978119756e-10,0.004712512248875582,0.4474810965770277,26.461460499558598,38.49735629919452,0.0,Robust-MTD,8,case57,0.06
True,22,0.04,False,20,20,False,0,False,0.7016220390994873,0.20466678810244632,0.4474810965770277,28.194658301072195,50.59703747392633,0.0,Robust-MTD,9,case57,0.06
True,29,-0.04,False,20,20,False,24,False,0.4002034584349188,0.022366919700116956,0.4474810965770277,25.96187909366563,41.01482288970146,0.0,Robust-MTD,10,case57,0.06
True,28,-0.04,False,20,20,False,0,False,0.6650077878832474,0.3723375824091911,0.4474810965770277,26.55614589166362,35.421410368871875,0.0,Robust-MTD,11,case57,0.06
True,8,0.04,True,1,1,False,8,True,3.8671819781197475e-10,0.004712512248875582,0.4474810965770277,19.528041596640833,29.741612772340886,0.0,Robust-MTD,12,case57,0.06
True,28,-0.04,False,20,20,False,0,False,0.6712738806382454,0.37178002529400356,0.4474810965770277,26.24107090232428,38.12670448969585,0.0,Robust-MTD,13,case57,0.06
True,22,0.04,False,20,20,False,0,False,0.7120539605783425,0.3197943574878833,0.4474810965770277,27.31225844763685,39.53358990547713,0.0,Robust-MTD,14,case57,0.06
True,26,0.04,False,20,20,False,25,False,0.22727730192307843,0.03658519382602337,0.4474810965770277,24.847389495698735,29.738645246834494,0.0,Robust-MTD,15,case57,0.06
True,40,-0.04,False,20,20,False,0,False,0.6883729628336129,0.35931337676710917,0.4474810965770277,29.12857295013964,47.58732775226236,0.0,Robust-MTD,16,case57,0.06
True,1,-0.04,False,20,20,False,1,True,0.6616086663793187,0.2798438490934545,0.4474810965770277,20.41638750815764,30.274922872195024,0.0,Robust-MTD,17,case57,0.06
True,37,-0.04,False,20,20,False,43,False,0.1714416258900877,0.017730892442945137,0.4474810965770277,26.653327158419415,36.53217745013535,0.0,Robust-MTD,18,case57,0.06
True,42,-0.04,False,20,20,False,0,False,0.6977753089652591,0.34342259441166734,0.4474810965770277,27.65251444943715,37.51823574420997,0.0,Robust-MTD,19,case57,0.06
True,32,0.04,False,20,20,False,0,False,0.6639204353844204,0.3734453491915299,0.4474810965770277,25.66276879515499,31.061623155255806,0.0,Robust-MTD,20,case57,0.06
True,20,0.04,True,9,9,False,18,False,0.34280333455966033,0.026265275537114302,0.4474810965770277,28.520216801553033,41.10940352838952,0.0,Robust-MTD,21,case57,0.06
True,46,0.04,False,20,20,False,0,False,0.6860376463228011,0.35923980233884856,0.4474810965770277,19.685958299669437,27.854911907343194,0.0,Robust-MTD,22,case57,0.06
True,42,0.04,False,20,20,False,0,False,0.6545270675085278,0.37974747468765435,0.4474810965770277,28.06010634812992,41.32260892947671,0.0,Robust-MTD,23,case57,0.06
True,56,-0.04,True,3,3,False,38,False,0.33483938439660565,0.13050292266322985,0.4474810965770277,30.567556354799308,43.470944403088666,0.0,Robust-MTD,24,case57,0.06
True,53,0.04,False,20,20,False,54,False,0.2673048378914776,0.015740501018964348,0.4474810965770277,29.169225101941265,49.95038898196072,0.0,Robust-MTD,25,case57,0.06
True,48,0.04,False,20,20,False,48,True,0.005724564518640385,0.01726890771704885,0.4474810965770277,32.91119589994196,46.34561315469911,0.0,Robust-MTD,26,case57,0.06
True,24,-0.04,True,16,16,False,29,False,0.3670531209186028,0.016639857099479315,0.4474810965770277,28.159575001336634,42.00098713627085,0.0,Robust-MTD,27,case57,0.06
True,20,0.04,False,20,20,False,18,False,0.34072223759226455,0.026938445688102778,0.4474810965770277,28.87327500502579,47.49232291360387,0.0,Robust-MTD,28,case57,0.06
True,34,-0.04,True,18,18,False,33,False,0.5919206097510249,0.12077851328619392,0.4474810965770277,29.352079195086844,42.930370490648784,0.0,Robust-MTD,29,case57,0.06
True,11,-0.04,True,1,1,False,11,True,3.86718197811975e-10,0.005758773224680457,0.4474810965770277,32.873233302962035,53.94271490222309,0.0,Robust-MTD,30,case57,0.06
True,38,0.04,False,20,20,False,38,True,0.2673631642517956,0.11741404331185559,0.4474810965770277,33.862462459364906,46.615582989761634,0.0,Robust-MTD,31,case57,0.06
True,32,0.04,False,20,20,False,0,False,0.6995357574237671,0.3497766141596986,0.4474810965770277,30.415170802734792,60.52469585847575,0.0,Robust-MTD,32,case57,0.06
True,15,-0.04,False,20,20,False,0,False,0.6654391826655499,0.36790198214599207,0.4474810965770277,29.880681293434463,44.09981636854355,0.0,Robust-MTD,33,case57,0.06
True,36,0.04,True,1,1,False,36,True,0.04985028443171076,0.00457211250143356,0.4474810965770277,28.919012553524226,42.21345415280666,0.0,Robust-MTD,34,case57,0.06
True,26,0.04,False,20,20,False,26,True,0.20648486427502785,0.031408302302428644,0.4474810965770277,33.31181660469156,42.3637455154676,0.0,Robust-MTD,35,case57,0.06
True,28,0.04,False,20,20,False,0,False,0.6908104624703091,0.36007592122671794,0.4474810965770277,35.50408334995154,57.20877290295903,0.0,Robust-MTD,36,case57,0.06
True,3,0.04,True,14,14,False,3,True,5.390989760800303e-08,0.014446142093335189,0.4474810965770277,28.29586040461436,44.62073125760073,0.0,Robust-MTD,37,case57,0.06
True,6,0.04,True,3,3,False,6,True,0.07202219437892461,0.014236726835438331,0.4474810965770277,33.34260194969829,61.63857533829287,0.0,Robust-MTD,38,case57,0.06
True,51,-0.04,False,20,20,False,0,False,0.7073161536129857,0.1943480821976108,0.4474810965770277,29.122349910903722,42.2014624811709,0.0,Robust-MTD,39,case57,0.06
True,17,0.04,False,20,20,False,18,False,0.34087789636943716,0.026907284852643886,0.4474810965770277,33.67002715531271,61.03176071483178,0.0,Robust-MTD,40,case57,0.06
True,49,-0.04,True,12,12,False,49,True,0.010245349484722235,0.0147331551687842,0.4474810965770277,27.60518545692321,39.01769441727083,0.0,Robust-MTD,41,case57,0.06
True,19,-0.04,False,20,20,False,18,False,0.3419696948076754,0.026648128568034377,0.4474810965770277,38.2653998589376,73.40768747963011,0.0,Robust-MTD,42,case57,0.06
True,31,0.04,False,20,20,False,29,False,0.36687296729547225,0.017022622224891804,0.4474810965770277,27.146362594794482,39.3677881511394,0.0,Robust-MTD,43,case57,0.06
True,55,0.04,False,20,20,False,55,True,0.14152024455442241,0.03352957517702457,0.4474810965770277,30.498491699108854,42.71976391028151,0.0,Robust-MTD,44,case57,0.06
True,2,0.04,False,20,20,False,2,True,0.0030995008783640606,0.02840844272231832,0.4474810965770277,30.51326040585991,47.918159770779326,0.0,Robust-MTD,45,case57,0.06
True,34,-0.04,False,20,20,False,33,False,0.5209136186300256,0.10619526247447786,0.4474810965770277,30.085339696961455,44.43913125433029,0.0,Robust-MTD,46,case57,0.06
True,14,-0.04,False,20,20,False,14,True,1.9037849373144503e-08,0.01845376802032584,0.4474810965770277,32.63359999691602,59.33628571510781,0.0,Robust-MTD,47,case57,0.06
True,1,0.04,False,20,20,False,0,False,0.6698772314576658,0.3705638810968457,0.4474810965770277,29.786408209474757,52.76389194477815,0.0,Robust-MTD,48,case57,0.06
True,34,-0.04,False,20,20,False,33,False,0.4788445298406232,0.0810055650585851,0.4474810965770277,27.947774989297614,38.48658749484458,0.0,Robust-MTD,49,case57,0.06
True,40,-0.04,False,20,20,False,0,False,0.7465163805398184,0.31305774346127596,0.4474810965770277,31.99436040013097,50.30529407958968,0.0,Robust-MTD,50,case57,0.06
True,27,-0.04,False,20,20,False,27,True,0.4378061268553662,0.15060710868998922,0.4474810965770277,31.8895457952749,45.640424964949496,0.0,Robust-MTD,51,case57,0.06
True,44,-0.04,False,20,20,False,37,False,0.4130141988930532,0.14202979116710449,0.4474810965770277,31.679151998832825,46.50170420063662,0.0,Robust-MTD,52,case57,0.06
True,1,0.04,False,20,20,False,0,False,0.6945802866249323,0.35503762385005627,0.4474810965770277,28.968654200434685,36.846875626361005,0.0,Robust-MTD,53,case57,0.06
True,20,-0.04,False,20,20,False,17,False,0.34285063716846975,0.026119086776640852,0.4474810965770277,31.186314445221797,55.655858249519966,0.0,Robust-MTD,54,case57,0.06
True,41,-0.04,False,20,20,False,55,False,0.04588163257315911,0.03244197267310687,0.4474810965770277,36.01996879733633,49.42809133790435,0.0,Robust-MTD,55,case57,0.06
True,25,0.04,False,20,20,False,26,False,0.2235105705040061,0.03537300105251219,0.4474810965770277,31.670275109354407,38.64057951723228,0.0,Robust-MTD,56,case57,0.06
True,33,0.04,False,20,20,False,34,False,0.4169919074444633,0.0563657328301881,0.4474810965770277,33.542149944696575,49.290235398802956,0.0,Robust-MTD,57,case57,0.06
True,42,-0.04,False,20,20,False,0,False,0.7147747936240152,0.3476588055374696,0.4474810965770277,33.189181206398644,65.2887752861716,0.0,Robust-MTD,58,case57,0.06
True,21,0.04,False,20,20,False,0,False,0.6705559348043254,0.36727794376010536,0.4474810965770277,30.065162500250153,52.713747302186675,0.0,Robust-MTD,59,case57,0.06
True,36,-0.04,True,1,1,False,36,True,0.00036229980580665633,0.004556627808600839,0.4474810965770277,28.080006304662675,37.660758310812525,0.0,Robust-MTD,60,case57,0.06
True,46,0.04,False,20,20,False,0,False,0.7004060709821172,0.34809446881632083,0.4474810965770277,31.121579301543534,56.273929189774215,0.0,Robust-MTD,61,case57,0.06
True,56,0.04,False,20,20,False,0,False,0.622701459684169,0.2588007545895012,0.4474810965770277,34.303189648198895,50.2011395990849,0.0,Robust-MTD,62,case57,0.06
True,8,-0.04,True,1,1,False,8,True,3.8671819781197475e-10,0.004712512248875582,0.4474810965770277,31.30706030060537,51.903758617118015,0.0,Robust-MTD,63,case57,0.06
True,2,0.04,False,20,20,False,2,True,0.006579521361786683,0.02904038940080981,0.4474810965770277,32.762554148212075,43.71309824637137,0.0,Robust-MTD,64,case57,0.06
True,43,0.04,False,20,20,False,37,False,0.17144165933509634,0.01773089522856864,0.4474810965770277,34.9546147917863,60.089346140739536,0.0,Robust-MTD,65,case57,0.06
True,11,0.04,True,1,1,False,11,True,3.8671819781197475e-10,0.005758773224680457,0.4474810965770277,29.174554150085896,37.59302922117058,0.0,Robust-MTD,66,case57,0.06
True,7,0.04,False,20,20,False,0,False,0.7119299335354596,0.346530163539392,0.4474810965770277,36.552520748227835,55.66375442431309,0.0,Robust-MTD,67,case57,0.06
True,7,-0.04,False,20,20,False,0,False,0.748909485610175,0.2662497333155648,0.4474810965770277,35.787404247093946,79.92422771931162,0.0,Robust-MTD,68,case57,0.06
True,51,-0.04,False,20,20,False,51,True,0.3827440719944512,0.06745023553503161,0.4474810965770277,38.53960620763246,66.29613090481145,0.0,Robust-MTD,69,case57,0.06
True,12,-0.04,True,1,1,False,12,True,3.8671819781197475e-10,0.0023170134965164947,0.4474810965770277,28.744737457600422,39.82406875584275,0.0,Robust-MTD,70,case57,0.06
True,17,-0.04,False,20,20,False,18,False,0.3425224889718375,0.026446757088732734,0.4474810965770277,33.527185348793864,75.40413925307803,0.0,Robust-MTD,71,case57,0.06
True,35,0.04,True,1,1,False,35,True,0.01272658734008216,0.0048581494219311315,0.4474810965770277,27.790447950246744,39.10449965042064,0.0,Robust-MTD,72,case57,0.06
True,37,0.04,False,20,20,False,37,True,0.17144842669471366,0.01773164849253873,0.4474810965770277,30.728041601832956,40.92138893320225,0.0,Robust-MTD,73,case57,0.06
True,11,0.04,True,1,1,False,11,True,3.8671819781197475e-10,0.005758773224680457,0.4474810965770277,35.56746660906356,61.24379165121357,0.0,Robust-MTD,74,case57,0.06
True,43,-0.04,False,20,20,False,37,False,0.17145492476670804,0.01773245462920636,0.4474810965770277,28.978431143332273,39.37538777827286,0.0,Robust-MTD,75,case57,0.06
True,39,0.04,False,20,20,False,0,False,0.7240976351374505,0.3207805746237651,0.4474810965770277,31.166016648057848,46.552125373273164,0.0,Robust-MTD,76,case57,0.06
True,41,-0.04,False,20,20,False,41,True,0.15222007903664667,0.032611150103565203,0.4474810965770277,32.92682499741204,58.698866993654526,0.0,Robust-MTD,77,case57,0.06
True,11,-0.04,True,2,2,False,11,True,3.8671819781197475e-10,0.005758773224680457,0.4474810965770277,29.52277710137423,38.59364970412571,0.0,Robust-MTD,78,case57,0.06
True,24,0.04,True,13,13,False,29,False,0.3895339392339734,0.01922168389355608,0.4474810965770277,28.293952252715826,41.85611311986577,0.0,Robust-MTD,79,case57,0.06
True,26,-0.04,False,20,20,False,26,True,0.21693878087480337,0.03378723475487988,0.4474810965770277,30.07160213892348,46.306821130565375,0.0,Robust-MTD,80,case57,0.06
True,37,0.04,False,20,20,False,37,True,0.17144160118807206,0.01773089054252929,0.4474810965770277,29.92738959437702,51.484151423210285,0.0,Robust-MTD,81,case57,0.06
True,26,-0.04,False,20,20,False,25,False,0.24033440260357283,0.040943027832390545,0.4474810965770277,27.890568802831694,37.98622499743942,0.0,Robust-MTD,82,case57,0.06
True,20,-0.04,False,20,20,False,18,False,0.34105302977614566,0.026872183600980856,0.4474810965770277,34.75486885581631,52.20805830031168,0.0,Robust-MTD,83,case57,0.06
True,54,0.04,False,20,20,False,54,True,0.27873413400273345,0.019254551510740063,0.4474810965770277,35.78440425917506,57.74657089496036,0.0,Robust-MTD,84,case57,0.06
True,31,0.04,False,20,20,False,24,False,0.35744678413609493,0.016274436930352566,0.4474810965770277,28.405087496503256,35.87754582113121,0.0,Robust-MTD,85,case57,0.06
True,28,0.04,False,20,20,False,0,False,0.6866867842730303,0.34845066582892387,0.4474810965770277,32.543245755368844,44.4298684800743,0.0,Robust-MTD,86,case57,0.06
True,26,-0.04,False,20,20,False,26,True,0.18782705059081234,0.028108336734768372,0.4474810965770277,32.19690625555813,41.535008314531304,0.0,Robust-MTD,87,case57,0.06
True,17,-0.04,False,20,20,False,17,True,0.3428758256034194,0.02610027367910373,0.4474810965770277,30.834699945989996,45.840514582232586,0.0,Robust-MTD,88,case57,0.06
True,55,-0.04,False,20,20,False,55,True,0.11223636109301582,0.0326034622919563,0.4474810965770277,29.88893548899796,47.53060239891056,0.0,Robust-MTD,89,case57,0.06
True,11,0.04,True,1,1,False,11,True,3.8671819781197475e-10,0.005758773224680457,0.4474810965770277,35.46993330237456,66.44314761215355,0.0,Robust-MTD,90,case57,0.06
True,48,-0.04,False,20,20,False,48,True,0.09539468152160704,0.017152395782611622,0.4474810965770277,28.635452149319462,37.6969336764887,0.0,Robust-MTD,91,case57,0.06
True,50,-0.04,False,20,20,False,0,False,0.6690162836735871,0.36620266643489807,0.4474810965770277,28.022366849472746,37.85409822594376,0.0,Robust-MTD,92,case57,0.06
True,53,-0.04,False,20,20,False,54,False,0.25793634249881225,0.016459733557952796,0.4474810965770277,32.11026459757704,43.95825208339375,0.0,Robust-MTD,93,case57,0.06
True,43,0.04,False,20,20,False,43,True,0.17144169750626018,0.017730898532127278,0.4474810965770277,31.480070803081613,44.04118333768565,0.0,Robust-MTD,94,case57,0.06
True,40,-0.04,False,20,20,False,0,False,0.6489549348760049,0.38086931122886974,0.4474810965770277,35.56999175052624,55.62317086441909,0.0,Robust-MTD,95,case57,0.06
True,10,-0.04,False,20,20,False,10,True,3.86718197812303e-10,0.010275826326398606,0.4474810965770277,36.150037407060154,75.87835834128784,0.0,Robust-MTD,96,case57,0.06
True,14,0.04,True,16,16,False,14,True,1.8545661012486493e-09,0.01845376809244884,0.4474810965770277,35.833785450086,58.968675340293004,0.0,Robust-MTD,97,case57,0.06
True,53,-0.04,True,5,5,False,52,False,0.27155860698606055,0.014665780564813389,0.4474810965770277,33.77683325088583,50.842795497737825,0.0,Robust-MTD,98,case57,0.06
True,49,-0.04,False,20,20,False,49,True,0.010739401854525757,0.014759534136495096,0.4474810965770277,47.5702917057788,92.74510240938982,0.0,Robust-MTD,99,case57,0.06
True,56,0.04,False,20,20,False,0,False,0.7463898851436956,0.30936473051748026,0.4474810965770277,29.434935495373793,47.77717081014999,0.0,Robust-MTD,100,case57,0.06
True,17,-0.04,True,15,15,False,20,False,0.33791464143706296,0.024997191080764695,0.4474810965770277,30.790702207013965,41.767896444071084,0.0,Robust-MTD,101,case57,0.06
True,12,0.04,True,1,1,False,12,True,3.8671819781197475e-10,0.0023170134965164947,0.4474810965770277,32.39216048968956,49.528440274298205,0.0,Robust-MTD,102,case57,0.06
True,48,-0.04,False,20,20,False,48,True,0.15413540543862622,0.01653201389227667,0.4474810965770277,36.29462085082196,53.761854156618945,0.0,Robust-MTD,103,case57,0.06
True,31,0.04,False,20,20,False,29,False,0.35209883130619496,0.015721805980543166,0.4474810965770277,36.17122914874926,77.1674211253412,0.0,Robust-MTD,104,case57,0.06
True,31,0.04,False,20,20,False,24,False,0.37738777451014294,0.01769149173622291,0.4474810965770277,28.10470219992567,40.01701397355646,0.0,Robust-MTD,105,case57,0.06
True,41,-0.04,False,20,20,False,41,True,0.15973108753057938,0.03140632505462599,0.4474810965770277,39.368687447858974,50.35555657523221,0.0,Robust-MTD,106,case57,0.06
True,16,-0.04,False,20,20,False,0,False,0.6780167985352572,0.3654098112739667,0.4474810965770277,29.606370796682313,40.668777099926956,0.0,Robust-MTD,107,case57,0.06
True,20,0.04,False,20,20,False,20,True,0.3253157243282333,0.0240873076651321,0.4474810965770277,40.715937604545616,61.31329797208312,0.0,Robust-MTD,108,case57,0.06
True,50,0.04,False,20,20,False,50,True,0.49580835214930474,0.13323160184320115,0.4474810965770277,33.02093525417149,51.49166075862017,0.0,Robust-MTD,109,case57,0.06
True,17,0.04,True,7,7,False,18,False,0.3425116084689903,0.026454515549242594,0.4474810965770277,37.770662450930104,60.10071835480635,0.0,Robust-MTD,110,case57,0.06
True,41,0.04,False,20,20,False,41,True,0.022242926108116814,0.029989227199571797,0.4474810965770277,37.596322799799964,70.83377466187814,0.0,Robust-MTD,111,case57,0.06
True,15,0.04,False,20,20,False,0,False,0.7013702528513106,0.35316622498381955,0.4474810965770277,49.94527704548091,86.41073092003361,0.0,Robust-MTD,112,case57,0.06
True,12,-0.04,True,1,1,False,12,True,3.8671819781197475e-10,0.0023170134965164947,0.4474810965770277,32.42302719154395,42.260349704884035,0.0,Robust-MTD,113,case57,0.06
True,33,-0.04,False,20,20,False,0,False,0.7307712053709117,0.26838003199549976,0.4474810965770277,42.79792705201544,102.11211313435344,0.0,Robust-MTD,114,case57,0.06
True,8,0.04,True,1,1,False,8,True,3.8671819781197475e-10,0.004712512248875582,0.4474810965770277,35.943027047323994,48.97645352466498,0.0,Robust-MTD,115,case57,0.06
True,16,-0.04,False,20,20,False,0,False,0.6848548255204431,0.3623247244950192,0.4474810965770277,34.027222750592045,41.98064162046649,0.0,Robust-MTD,116,case57,0.06
True,46,-0.04,False,20,20,False,0,False,0.6921450959463098,0.34430721365184597,0.4474810965770277,42.669197951909155,60.19169231294657,0.0,Robust-MTD,117,case57,0.06
True,8,-0.04,True,1,1,False,8,True,3.8671819781197667e-10,0.004712512248875582,0.4474810965770277,36.88227089587599,53.772600289084956,0.0,Robust-MTD,118,case57,0.06
True,20,0.04,False,20,20,False,18,False,0.34093851861172797,0.026896889155603357,0.4474810965770277,36.74804785405286,50.77010597742629,0.0,Robust-MTD,119,case57,0.06
True,52,-0.04,True,4,4,False,53,False,0.270960090083727,0.014477620342430617,0.4474810965770277,37.8325208555907,59.4682107854169,0.0,Robust-MTD,120,case57,0.06
True,9,-0.04,False,20,20,False,9,True,0.3338389243864634,0.07579351362693784,0.4474810965770277,37.81548750412185,66.07744733046275,0.0,Robust-MTD,121,case57,0.06
True,21,0.04,False,20,20,False,0,False,0.6774515395662286,0.3675978804812652,0.4474810965770277,39.774991452577524,88.70339519635309,0.0,Robust-MTD,122,case57,0.06
True,43,0.04,False,20,20,False,37,False,0.17144604326968235,0.017731367331701775,0.4474810965770277,34.44818530406337,48.27461249369663,0.0,Robust-MTD,123,case57,0.06
True,18,-0.04,True,9,9,False,18,True,0.341676954575944,0.02674285813109819,0.4474810965770277,34.97076469939202,50.672636023955434,0.0,Robust-MTD,124,case57,0.06
True,38,-0.04,False,20,20,False,0,False,0.6793033644815876,0.360342508632613,0.4474810965770277,39.226504357066005,63.39765241136779,0.0,Robust-MTD,125,case57,0.06
True,47,-0.04,False,20,20,False,0,False,0.7172864810115319,0.2786780816640624,0.4474810965770277,33.83386250643525,42.628545832121745,0.0,Robust-MTD,126,case57,0.06
True,51,-0.04,False,20,20,False,33,False,0.6902206411872732,0.1909280268342055,0.4474810965770277,41.19840415078215,68.75115864095281,0.0,Robust-MTD,127,case57,0.06
True,23,0.04,True,0,0,False,0,False,0.6914118212817569,0.35044692960115675,0.4474810965770277,38.54299160302617,47.2433785762405,0.0,Robust-MTD,128,case57,0.06
True,40,0.04,True,15,15,False,50,False,0.6577669408545711,0.2617872522826087,0.4474810965770277,37.90745409205556,70.6404666445451,0.0,Robust-MTD,129,case57,0.06
True,20,-0.04,False,20,20,False,20,True,0.3419854495334412,0.02564243213983178,0.4474810965770277,42.45048754673917,72.37389794900086,0.0,Robust-MTD,130,case57,0.06
True,51,-0.04,False,20,20,False,0,False,0.671326529440826,0.30311331374865136,0.4474810965770277,37.67029370064847,66.91398988186849,0.0,Robust-MTD,131,case57,0.06
True,26,0.04,True,15,15,False,25,False,0.19798691648026473,0.02976279893661259,0.4474810965770277,30.264258504030295,46.18361667671708,0.0,Robust-MTD,132,case57,0.06
True,43,-0.04,True,7,7,False,37,False,0.17144176271426007,0.01773090435891208,0.4474810965770277,32.747666697832756,48.56918891891839,0.0,Robust-MTD,133,case57,0.06
True,54,-0.04,False,20,20,False,54,True,0.2592348095331834,0.01853660168928671,0.4474810965770277,51.794283246272244,115.92810273577926,0.0,Robust-MTD,134,case57,0.06
True,32,0.04,False,20,20,False,0,False,0.6919247719855645,0.3592783351412091,0.4474810965770277,39.60096244991291,60.44620655302424,0.0,Robust-MTD,135,case57,0.06
True,47,0.04,False,20,20,False,0,False,0.7212051423513676,0.29058369167680115,0.4474810965770277,36.66958551038988,58.85659107298127,0.0,Robust-MTD,136,case57,0.06
True,51,0.04,True,2,2,False,0,False,0.7152282464403384,0.34060106966063175,0.4474810965770277,34.821074950741604,45.22253482427914,0.0,Robust-MTD,137,case57,0.06
True,53,0.04,True,10,10,False,54,False,0.2606212757816732,0.016267983456180232,0.4474810965770277,32.637635452556424,51.76003364904319,0.0,Robust-MTD,138,case57,0.06
True,54,0.04,False,20,20,False,54,True,0.26686880314450734,0.018991511542050463,0.4474810965770277,47.56330835807603,129.74951422365848,0.0,Robust-MTD,139,case57,0.06
True,20,0.04,False,20,20,False,18,False,0.33945617793373556,0.02715387225108444,0.4474810965770277,34.05263339809608,50.19206458237022,0.0,Robust-MTD,140,case57,0.06
True,52,0.04,True,17,17,False,54,False,0.2626202434295264,0.016132296567314332,0.4474810965770277,36.82470005878713,66.98876672599,0.0,Robust-MTD,141,case57,0.06
True,10,0.04,False,20,20,False,10,True,3.9408880231199107e-10,0.010275826326393645,0.4474810965770277,40.24172915960662,77.69781043170953,0.0,Robust-MTD,142,case57,0.06
True,12,-0.04,True,1,1,False,12,True,3.8671819781197475e-10,0.0023170134965164947,0.4474810965770277,35.913581200293265,61.153833626303836,0.0,Robust-MTD,143,case57,0.06
True,10,0.04,True,9,9,False,10,True,3.867181978119902e-10,0.010275826326398606,0.4474810965770277,32.41532495012507,44.99623365700247,0.0,Robust-MTD,144,case57,0.06
True,11,-0.04,True,1,1,False,11,True,3.8671819781200097e-10,0.005758773224680457,0.4474810965770277,28.094897797564045,39.98359137331136,0.0,Robust-MTD,145,case57,0.06
True,25,-0.04,True,9,9,False,25,True,0.19689616715117655,0.029569618935578353,0.4474810965770277,38.48010205256287,85.04692473215985,0.0,Robust-MTD,146,case57,0.06
True,36,0.04,True,1,1,False,36,True,0.0007951388277707044,0.004556691929050637,0.4474810965770277,34.99350415368099,60.00839340267703,0.0,Robust-MTD,147,case57,0.06
True,44,-0.04,False,20,20,False,0,False,0.7102615779566415,0.3417019948374651,0.4474810965770277,35.83876674820203,72.76137946755627,0.0,Robust-MTD,148,case57,0.06
True,24,0.04,True,7,7,False,24,True,0.38464030796253396,0.018922607088473074,0.4474810965770277,38.53794369206298,99.64389791712165,0.0,Robust-MTD,149,case57,0.06
True,3,0.04,True,1,1,False,3,True,4.752316289904059e-07,0.014446142501100224,0.4474810965770277,38.17890634818468,52.565019065514214,0.0,Robust-MTD,150,case57,0.06
True,42,0.04,False,20,20,False,0,False,0.7033965456204251,0.333399643094197,0.4474810965770277,37.71330624585971,51.66789789218456,0.0,Robust-MTD,151,case57,0.06
True,23,0.04,False,20,20,False,0,False,0.725375644569441,0.2923377446624714,0.4474810965770277,32.429445852176286,49.77743894269224,0.0,Robust-MTD,152,case57,0.06
True,45,0.04,False,20,20,False,45,True,3.86718060513472e-10,0.029237492991888332,0.4474810965770277,34.21353124722373,50.94346076075454,0.0,Robust-MTD,153,case57,0.06
True,24,-0.04,False,20,20,False,29,False,0.38322085990536,0.01865731694093116,0.4474810965770277,35.04556443949696,47.678508292301586,0.0,Robust-MTD,154,case57,0.06
True,22,-0.04,False,20,20,False,0,False,0.7177730806526533,0.25043316110607394,0.4474810965770277,34.78759795834776,50.07037021277941,0.0,Robust-MTD,155,case57,0.06
True,23,0.04,False,20,20,False,0,False,0.6652943945170582,0.3737144928651426,0.4474810965770277,37.08535629266407,51.6929454955971,0.0,Robust-MTD,156,case57,0.06
True,54,0.04,False,20,20,False,54,True,0.3069308817542781,0.02219795463961373,0.4474810965770277,37.086079153232276,79.72174409369472,0.0,Robust-MTD,157,case57,0.06
True,33,-0.04,False,20,20,False,33,True,0.6363567675359825,0.13563961852759293,0.4474810965770277,35.28434990439564,57.75203681841958,0.0,Robust-MTD,158,case57,0.06
True,39,-0.04,False,20,20,False,0,False,0.6575087681672143,0.37446125628405585,0.4474810965770277,38.63278314820491,60.17985352955296,0.0,Robust-MTD,159,case57,0.06
True,13,0.04,True,10,10,False,13,True,3.8671819781201244e-10,0.015226712574011751,0.4474810965770277,35.96693325380329,71.53777534840629,0.0,Robust-MTD,160,case57,0.06
True,38,0.04,False,20,20,False,0,False,0.6994166630783372,0.3539164890960694,0.4474810965770277,32.642018754268065,42.77821071736981,0.0,Robust-MTD,161,case57,0.06
True,35,0.04,True,1,1,False,35,True,0.001040568659800611,0.004860746285504824,0.4474810965770277,29.415947894449346,36.49440624285489,0.0,Robust-MTD,162,case57,0.06
True,26,-0.04,False,20,20,False,26,True,0.19179825633136585,0.02871527929009038,0.4474810965770277,35.66503545152955,65.93546938383953,0.0,Robust-MTD,163,case57,0.06
True,1,0.04,False,20,20,False,0,False,0.6932865889096342,0.3578452233569184,0.4474810965770277,33.68018539913464,70.67188365035692,0.0,Robust-MTD,164,case57,0.06
True,49,-0.04,True,6,6,False,49,True,0.0010647049944765591,0.014733443822354855,0.4474810965770277,31.85688134108204,51.480187475681326,0.0,Robust-MTD,165,case57,0.06
True,40,0.04,False,20,20,False,0,False,0.7520750747593172,0.3089060477279084,0.4474810965770277,39.426499855471775,65.1300892175641,0.0,Robust-MTD,166,case57,0.06
True,40,0.04,False,20,20,False,0,False,0.7394985591190388,0.3056092045300746,0.4474810965770277,37.25054149981588,78.53783894388472,0.0,Robust-MTD,167,case57,0.06
True,28,0.04,False,20,20,False,0,False,0.6684001957525005,0.3379658602651945,0.4474810965770277,33.92536879691761,51.51239935075865,0.0,Robust-MTD,168,case57,0.06
True,38,0.04,False,20,20,False,0,False,0.6519558200402761,0.2935344266296782,0.4474810965770277,45.95600419561379,86.06713750050405,0.0,Robust-MTD,169,case57,0.06
True,27,0.04,False,20,20,False,0,False,0.6843331227821433,0.36414267938911205,0.4474810965770277,31.606462554191236,48.94610658811872,0.0,Robust-MTD,170,case57,0.06
True,30,-0.04,False,20,20,False,29,False,0.3596806965694864,0.016165070953146274,0.4474810965770277,36.60083554859739,69.37776529230179,0.0,Robust-MTD,171,case57,0.06
True,31,-0.04,False,20,20,False,29,False,0.3707234026717145,0.017305343709787917,0.4474810965770277,43.57900004833937,69.56660480063881,0.0,Robust-MTD,172,case57,0.06
True,27,0.04,False,20,20,False,0,False,0.7339656409885497,0.26559873909118625,0.4474810965770277,37.43015824875329,66.66587018989961,0.0,Robust-MTD,173,case57,0.06
True,51,0.04,False,20,20,False,0,False,0.7410243822445005,0.32175490075380464,0.4474810965770277,33.163483353564516,54.54170414304827,0.0,Robust-MTD,174,case57,0.06
True,28,0.04,False,20,20,False,0,False,0.7351283248107691,0.3240093089514062,0.4474810965770277,33.385472898953594,52.745422901352875,0.0,Robust-MTD,175,case57,0.06
True,33,-0.04,False,20,20,False,27,False,0.5595631548059541,0.10506485292030933,0.4474810965770277,35.72018744889647,63.348764562397285,0.0,Robust-MTD,176,case57,0.06
True,20,-0.04,False,20,20,False,18,False,0.3423944704700333,0.026499786008866565,0.4474810965770277,34.58059799741022,70.15970240172467,0.0,Robust-MTD,177,case57,0.06
True,5,0.04,False,20,20,False,6,False,0.1703872126294445,0.01365536858315304,0.4474810965770277,33.17501654964872,58.15542705822737,0.0,Robust-MTD,178,case57,0.06
True,38,0.04,False,20,20,False,0,False,0.6418831001296623,0.28508047217760224,0.4474810965770277,36.57616650161799,55.672134747146636,0.0,Robust-MTD,179,case57,0.06
True,52,-0.04,False,20,20,False,54,False,0.26264633581795127,0.016135302739318732,0.4474810965770277,37.59679994836915,64.76687640824821,0.0,Robust-MTD,180,case57,0.06
True,48,0.04,False,20,20,False,48,True,0.12788709019486144,0.017173829770684688,0.4474810965770277,32.36808764340822,50.499073264654726,0.0,Robust-MTD,181,case57,0.06
True,32,-0.04,False,20,20,False,0,False,0.6885942545389004,0.362114649820531,0.4474810965770277,35.80818119517062,51.452564870123766,0.0,Robust-MTD,182,case57,0.06
True,48,0.04,False,20,20,False,48,True,0.009016452687466512,0.017276215820206185,0.4474810965770277,35.418099898379296,46.15312464593445,0.0,Robust-MTD,183,case57,0.06
True,48,0.04,False,20,20,False,48,True,0.00020249377337970987,0.017262254700956492,0.4474810965770277,27.43816461006645,39.750458984053694,0.0,Robust-MTD,184,case57,0.06
True,5,0.04,True,12,12,False,5,True,0.0009118675435992513,0.012794913541146133,0.4474810965770277,40.126527156098746,60.06993991613857,0.0,Robust-MTD,185,case57,0.06
True,41,0.04,False,20,20,False,41,True,0.045110532142906196,0.030105082342136016,0.4474810965770277,39.04652299534064,69.31984761613421,0.0,Robust-MTD,186,case57,0.06
True,29,-0.04,False,20,20,False,29,True,0.40294346371973594,0.023195986863176643,0.4474810965770277,34.93263965356164,46.44622286432425,0.0,Robust-MTD,187,case57,0.06
True,10,-0.04,True,11,11,False,10,True,3.8671814289275707e-10,0.010275826326398606,0.4474810965770277,36.475266693742014,58.758139552082866,0.0,Robust-MTD,188,case57,0.06
True,13,0.04,False,20,20,False,13,True,3.8671817035258905e-10,0.015226712574011751,0.4474810965770277,22.089977102587,26.993681243038736,0.0,Robust-MTD,189,case57,0.06
True,7,-0.04,False,20,20,False,0,False,0.6697840753838324,0.2942718663983554,0.4474810965770277,32.02316474344116,48.696225619642085,0.0,Robust-MTD,190,case57,0.06
True,34,-0.04,False,20,20,False,34,True,0.4211665131178696,0.05269029565096245,0.4474810965770277,33.89391670061741,45.60208125913052,0.0,Robust-MTD,191,case57,0.06
True,23,-0.04,False,20,20,False,0,False,0.6959192789831853,0.34676849065951354,0.4474810965770277,40.35284996207338,82.17676846543328,0.0,Robust-MTD,192,case57,0.06
True,22,-0.04,False,20,20,False,0,False,0.6929880985013482,0.3542427545076047,0.4474810965770277,30.638685502344742,39.054937835317105,0.0,Robust-MTD,193,case57,0.06
True,53,-0.04,True,3,3,False,54,False,0.2681587490304081,0.015643568507480728,0.4474810965770277,20.448883395874873,24.2674815497594,0.0,Robust-MTD,194,case57,0.06
True,40,0.04,False,20,20,False,0,False,0.6913335482573902,0.3568465170069357,0.4474810965770277,36.33566675125621,60.45889197266661,0.0,Robust-MTD,195,case57,0.06
True,4,-0.04,False,20,20,False,0,False,0.7091990381771763,0.33425644591005627,0.4474810965770277,20.35725424939301,25.5239961668849,0.0,Robust-MTD,196,case57,0.06
True,23,0.04,False,20,20,False,0,False,0.6997654285372298,0.3528191944631329,0.4474810965770277,31.633702002000067,47.86438307492063,0.0,Robust-MTD,197,case57,0.06
True,17,0.04,False,20,20,False,19,False,0.3354201571440129,0.02475406047343577,0.4474810965770277,22.221141753834672,28.915462491568178,0.0,Robust-MTD,198,case57,0.06
True,28,0.04,False,20,20,False,0,False,0.7117432915815428,0.3397210196556633,0.4474810965770277,13.248487500823103,17.744365174439736,0.0,Robust-MTD,199,case57,0.06
True,26,-0.04,False,20,20,False,0,False,0.6928319945291418,0.32208153432466397,0.6032802329788665,22.739573058788665,30.586915247840807,0.0,HMTD-MDE,0,case57,0.09
True,49,-0.04,False,20,20,False,49,True,0.24895344388172183,0.023746827186238238,0.6032802329788665,26.820876999408938,40.43552886578255,0.0,HMTD-MDE,1,case57,0.09
True,53,-0.04,True,4,4,False,53,True,0.18256113543971852,0.010506678394464564,0.6032802329788665,28.017818654188886,38.07871633616742,0.0,HMTD-MDE,2,case57,0.09
True,37,0.04,False,20,20,False,37,True,0.17273001245281863,0.024515531034796215,0.6032802329788665,31.79397494532168,39.91629580268636,0.0,HMTD-MDE,3,case57,0.09
True,46,0.04,True,17,17,False,0,False,0.6807710349762048,0.36130556186382157,0.6032802329788665,32.469539548037574,43.42421425681096,0.0,HMTD-MDE,4,case57,0.09
True,17,0.04,False,20,20,False,0,False,0.7336178152250332,0.3061734427344869,0.6032802329788665,23.233587443246506,30.979353815200742,0.0,HMTD-MDE,5,case57,0.09
True,24,0.04,False,20,20,False,24,True,0.3975121899212445,0.038278347248637754,0.6032802329788665,29.697939593461342,42.39815626060592,0.0,HMTD-MDE,6,case57,0.09
True,3,0.04,False,20,20,False,3,True,0.009755584765811865,0.009369676546697018,0.6032802329788665,28.28082300547976,34.35772497614382,0.0,HMTD-MDE,7,case57,0.09
True,8,-0.04,True,1,1,False,8,True,3.8671819781197475e-10,0.001257331281801884,0.6032802329788665,28.958454151870683,39.906779417651705,0.0,HMTD-MDE,8,case57,0.09
True,22,0.04,False,20,20,False,17,False,0.6254045191384525,0.21877813111985528,0.6032802329788665,30.759945898898877,54.47032290685457,0.0,HMTD-MDE,9,case57,0.09
True,29,-0.04,False,20,20,False,31,False,0.41706871492264924,0.04519347129237765,0.6032802329788665,23.870597951463424,31.756910079275258,0.0,HMTD-MDE,10,case57,0.09
True,28,-0.04,False,20,20,False,28,True,0.17696624284683282,0.07060872773741494,0.6032802329788665,25.360866557457484,34.58574164251332,0.0,HMTD-MDE,11,case57,0.09
True,8,0.04,True,1,1,False,8,True,3.8671819781197475e-10,0.001257331281801884,0.6032802329788665,30.04109574831091,43.366927444003544,0.0,HMTD-MDE,12,case57,0.09
True,28,-0.04,False,20,20,False,28,True,0.3711819456996151,0.12329828645410007,0.6032802329788665,30.165979205048643,49.071505953907035,0.0,HMTD-MDE,13,case57,0.09
True,22,0.04,False,20,20,False,0,False,0.7046843461625842,0.3397874711894181,0.6032802329788665,31.358068858389743,67.45175213727634,0.0,HMTD-MDE,14,case57,0.09
True,26,0.04,False,20,20,False,0,False,0.6842027058244273,0.3591985778055511,0.6032802329788665,22.66492294438649,31.339888970251195,0.0,HMTD-MDE,15,case57,0.09
True,40,-0.04,False,20,20,False,40,True,0.05872333775648012,0.026237045935092268,0.6032802329788665,26.217779304715805,32.12631004571449,0.0,HMTD-MDE,16,case57,0.09
True,1,-0.04,False,20,20,False,0,False,0.7393315712647587,0.33178726319937896,0.6032802329788665,26.900991695583798,37.532025342807174,0.0,HMTD-MDE,17,case57,0.09
True,37,-0.04,False,20,20,False,43,False,0.17286332442813215,0.024534900631514627,0.6032802329788665,37.526350098778494,78.96623573324177,0.0,HMTD-MDE,18,case57,0.09
True,42,-0.04,False,20,20,False,42,True,0.011121105320056128,0.09845996720761117,0.6032802329788665,33.060350056621246,48.72428164235319,0.0,HMTD-MDE,19,case57,0.09
True,32,0.04,False,20,20,False,0,False,0.6437912740622335,0.3842961491623304,0.6032802329788665,23.043108443380333,31.354170825215988,0.0,HMTD-MDE,20,case57,0.09
True,20,0.04,False,20,20,False,19,False,0.25453880593644196,0.02279131758995501,0.6032802329788665,30.54314780747518,60.97006283234805,0.0,HMTD-MDE,21,case57,0.09
True,46,0.04,False,20,20,False,0,False,0.6753389364689617,0.36619278387402154,0.6032802329788665,28.98654379241634,40.850724632036886,0.0,HMTD-MDE,22,case57,0.09
True,42,0.04,False,20,20,False,42,True,0.16500245979981978,0.13155385374775905,0.6032802329788665,29.580500058364123,45.937889601918876,0.0,HMTD-MDE,23,case57,0.09
True,56,-0.04,True,3,3,False,38,False,0.18370869659179237,0.04070978306489998,0.6032802329788665,30.879656146862544,48.021190988947644,0.0,HMTD-MDE,24,case57,0.09
True,53,0.04,True,3,3,False,52,False,0.19608409171296554,0.011110144490618513,0.6032802329788665,27.2693084058119,36.646339553408325,0.0,HMTD-MDE,25,case57,0.09
True,48,0.04,True,6,6,False,48,True,1.293980938223591e-08,0.007577764450116234,0.6032802329788665,36.28763540182263,73.24132116627881,0.0,HMTD-MDE,26,case57,0.09
True,24,-0.04,False,20,20,False,24,True,0.3980499122507242,0.03849219550278417,0.6032802329788665,35.0576292083133,82.23815901728817,0.0,HMTD-MDE,27,case57,0.09
True,20,0.04,False,20,20,False,20,True,0.23201201787723982,0.019579842530100963,0.6032802329788665,34.25057709973771,64.59914763399865,0.0,HMTD-MDE,28,case57,0.09
True,34,-0.04,True,18,18,False,31,False,0.44062028260536745,0.05883043087171658,0.6032802329788665,38.89813539281022,90.55453929468058,0.0,HMTD-MDE,29,case57,0.09
True,11,-0.04,True,1,1,False,11,True,3.8671819781197475e-10,0.0013289668156236344,0.6032802329788665,32.323943797382526,61.11106905445924,0.0,HMTD-MDE,30,case57,0.09
True,38,0.04,False,20,20,False,56,False,0.19302852219168198,0.04186376746133646,0.6032802329788665,33.12701248796657,57.68876395304687,0.0,HMTD-MDE,31,case57,0.09
True,32,0.04,False,20,20,False,0,False,0.6811464692714938,0.36071056998387785,0.6032802329788665,32.38754805061035,68.13012528291439,0.0,HMTD-MDE,32,case57,0.09
True,15,-0.04,False,20,20,False,0,False,0.6576622826690081,0.3987203453882445,0.6032802329788665,28.890808299183846,49.77114552166313,0.0,HMTD-MDE,33,case57,0.09
True,36,0.04,True,1,1,False,36,True,0.009991093361764718,0.0029971396509823676,0.6032802329788665,32.13349375582766,60.73826459760314,0.0,HMTD-MDE,34,case57,0.09
True,26,0.04,False,20,20,False,0,False,0.658217378482837,0.37291221953087195,0.6032802329788665,29.33778764854651,60.64949164865539,0.0,HMTD-MDE,35,case57,0.09
True,28,0.04,False,20,20,False,27,False,0.1666261788119976,0.07688742037068914,0.6032802329788665,33.037862498895265,48.639121145242875,0.0,HMTD-MDE,36,case57,0.09
True,3,0.04,True,8,8,False,3,True,0.00015026583945872748,0.00934654982682123,0.6032802329788665,29.938329244032502,51.063908357173204,0.0,HMTD-MDE,37,case57,0.09
True,6,0.04,True,2,2,False,6,True,3.8809142464794546e-10,0.006594107334588376,0.6032802329788665,37.25958749419078,54.44345448631794,0.0,HMTD-MDE,38,case57,0.09
True,51,-0.04,False,20,20,False,51,True,0.2886775233364776,0.10257366856602987,0.6032802329788665,35.24800209852401,56.28383816801943,0.0,HMTD-MDE,39,case57,0.09
True,17,0.04,False,20,20,False,0,False,0.7058806492821794,0.34437513019003396,0.6032802329788665,38.45350205374416,77.0591500448063,0.0,HMTD-MDE,40,case57,0.09
True,49,-0.04,True,12,12,False,49,True,0.16278702528989394,0.027453498385398,0.6032802329788665,35.240808193339035,60.27731731010136,0.0,HMTD-MDE,41,case57,0.09
True,19,-0.04,False,20,20,False,19,True,0.256158287682729,0.023163487914793748,0.6032802329788665,38.546339751337655,69.01562736020423,0.0,HMTD-MDE,42,case57,0.09
True,31,0.04,False,20,20,False,31,True,0.5030114110517018,0.09252130627137238,0.6032802329788665,34.38545835088007,43.728195811854675,0.0,HMTD-MDE,43,case57,0.09
True,55,0.04,True,1,1,False,55,True,0.17101124645943708,0.005273831180795621,0.6032802329788665,34.31718339852523,52.65721039904748,0.0,HMTD-MDE,44,case57,0.09
True,2,0.04,True,7,7,False,2,True,0.02106813990394658,0.01285036612212285,0.6032802329788665,33.397510249051265,57.07794133049904,0.0,HMTD-MDE,45,case57,0.09
True,34,-0.04,False,20,20,False,31,False,0.4376212861737817,0.05788215829206479,0.6032802329788665,35.984387501957826,86.02278959006075,0.0,HMTD-MDE,46,case57,0.09
True,14,-0.04,False,20,20,False,14,True,3.867180879736817e-10,0.01915942094689449,0.6032802329788665,33.2739124976797,68.05026215733962,0.0,HMTD-MDE,47,case57,0.09
True,1,0.04,False,20,20,False,0,False,0.6629244007585846,0.39898048879914083,0.6032802329788665,33.67127705132589,56.07259759271984,0.0,HMTD-MDE,48,case57,0.09
True,34,-0.04,False,20,20,False,31,False,0.43268066266379596,0.053442952289301966,0.6032802329788665,28.511924989288673,38.12323719903363,0.0,HMTD-MDE,49,case57,0.09
True,40,-0.04,False,20,20,False,40,True,0.0886036100189997,0.025355705241209003,0.6032802329788665,32.92425429681316,64.78729827795178,0.0,HMTD-MDE,50,case57,0.09
True,27,-0.04,False,20,20,False,0,False,0.70287918072593,0.2975204933434006,0.6032802329788665,40.26787509792484,83.75312495336404,0.0,HMTD-MDE,51,case57,0.09
True,44,-0.04,False,20,20,False,0,False,0.6616771211870913,0.375911285136805,0.6032802329788665,40.05836664873641,86.30398365203291,0.0,HMTD-MDE,52,case57,0.09
True,1,0.04,False,20,20,False,0,False,0.6837480365210958,0.3469546465804515,0.6032802329788665,37.258606098475866,66.19224962196313,0.0,HMTD-MDE,53,case57,0.09
True,20,-0.04,False,20,20,False,20,True,0.2495421246772203,0.02191290946649867,0.6032802329788665,31.72518745413981,48.53133363067173,0.0,HMTD-MDE,54,case57,0.09
True,41,-0.04,True,1,1,False,55,False,0.03931446322235849,0.004029322552287705,0.6032802329788665,35.1859603979392,45.757985726231716,0.0,HMTD-MDE,55,case57,0.09
True,25,0.04,False,20,20,False,0,False,0.6922418168377513,0.31965106179983843,0.6032802329788665,32.649241702165455,47.62369100935759,0.0,HMTD-MDE,56,case57,0.09
True,33,0.04,False,20,20,False,0,False,0.7019613255893906,0.35065234667203904,0.6032802329788665,43.169349897652864,83.96347049565522,0.0,HMTD-MDE,57,case57,0.09
True,42,-0.04,False,20,20,False,0,False,0.699588263771391,0.34149793178777255,0.6032802329788665,41.95710830099415,90.9337857156061,0.0,HMTD-MDE,58,case57,0.09
True,21,0.04,False,20,20,False,0,False,0.6662240390759774,0.37090394906226953,0.6032802329788665,36.289216749719344,55.75020891265013,0.0,HMTD-MDE,59,case57,0.09
True,36,-0.04,True,1,1,False,36,True,1.3063273471469936e-05,0.002998616672629614,0.6032802329788665,32.454739543027245,54.18492913595402,0.0,HMTD-MDE,60,case57,0.09
True,46,0.04,False,20,20,False,0,False,0.6848592927612523,0.3540401723247422,0.6032802329788665,37.18239155423362,55.93228334619202,0.0,HMTD-MDE,61,case57,0.09
True,56,0.04,False,20,20,False,38,False,0.17202663958382583,0.03837856118968027,0.6032802329788665,53.55733970354777,108.60246520314843,0.0,HMTD-MDE,62,case57,0.09
True,8,-0.04,True,1,1,False,8,True,3.8671819781197475e-10,0.001257331281801884,0.6032802329788665,34.78304794989526,45.76302736531944,0.0,HMTD-MDE,63,case57,0.09
True,2,0.04,False,20,20,False,2,True,0.002340532963505078,0.012905744990208657,0.6032802329788665,38.457798096351326,64.27313750609756,0.0,HMTD-MDE,64,case57,0.09
True,43,0.04,False,20,20,False,43,True,0.17260368043125884,0.024497496117533477,0.6032802329788665,37.49779151112307,90.61645414622035,0.0,HMTD-MDE,65,case57,0.09
True,11,0.04,True,1,1,False,11,True,3.8671819781197475e-10,0.0013289668156236344,0.6032802329788665,28.88370429573115,41.32824827102015,0.0,HMTD-MDE,66,case57,0.09
True,7,0.04,False,20,20,False,7,True,0.23803841831041164,0.11350393200046824,0.6032802329788665,32.53957100678235,63.56081673584414,0.0,HMTD-MDE,67,case57,0.09
True,7,-0.04,False,20,20,False,7,True,0.5252351023272638,0.16003830579891387,0.6032802329788665,37.51144380075857,51.920279138721526,0.0,HMTD-MDE,68,case57,0.09
True,51,-0.04,False,20,20,False,0,False,0.6991496100169192,0.27875513498140536,0.6032802329788665,36.29381459322758,46.20821668358985,0.0,HMTD-MDE,69,case57,0.09
True,12,-0.04,True,1,1,False,12,True,3.8671819781197475e-10,0.0003390986796594795,0.6032802329788665,36.7342436540639,57.506766720325686,0.0,HMTD-MDE,70,case57,0.09
True,17,-0.04,False,20,20,False,17,True,0.6110845246504877,0.20102012300558028,0.6032802329788665,34.222718855016865,46.4859482308384,0.0,HMTD-MDE,71,case57,0.09
True,35,0.04,True,1,1,False,35,True,0.0006889322664379924,0.00277927941271664,0.6032802329788665,35.40482914831955,48.15738124307245,0.0,HMTD-MDE,72,case57,0.09
True,37,0.04,False,20,20,False,37,True,0.17155506756512673,0.0243648552686506,0.6032802329788665,34.710423048818484,47.52270034805406,0.0,HMTD-MDE,73,case57,0.09
True,11,0.04,True,1,1,False,11,True,3.8671819781197475e-10,0.0013289668156236344,0.6032802329788665,38.35769790166523,51.818639252451256,0.0,HMTD-MDE,74,case57,0.09
True,43,-0.04,False,20,20,False,43,True,0.17151057954548604,0.02436044686563539,0.6032802329788665,40.078849997371435,58.30707504064777,0.0,HMTD-MDE,75,case57,0.09
True,39,0.04,False,20,20,False,0,False,0.6749381287649829,0.3684323333437851,0.6032802329788665,33.18586459499784,48.478832675027675,0.0,HMTD-MDE,76,case57,0.09
True,41,-0.04,True,1,1,False,55,False,0.1674836362543847,0.003685201674756572,0.6032802329788665,36.40850220108405,67.3475374904229,0.0,HMTD-MDE,77,case57,0.09
True,11,-0.04,True,1,1,False,11,True,3.8671819781197475e-10,0.0013289668156236344,0.6032802329788665,34.44484589272179,48.7669416150311,0.0,HMTD-MDE,78,case57,0.09
True,24,0.04,True,19,19,False,34,False,0.4145295405909524,0.04359247456177697,0.6032802329788665,36.21150425169617,68.88321048463696,0.0,HMTD-MDE,79,case57,0.09
True,26,-0.04,False,20,20,False,0,False,0.6817833244972706,0.3590114296913026,0.6032802329788665,32.71598544961307,71.23484788171484,0.0,HMTD-MDE,80,case57,0.09
True,37,0.04,False,20,20,False,37,True,0.18470185637763026,0.026979379782539246,0.6032802329788665,34.903146000579,49.245985425659455,0.0,HMTD-MDE,81,case57,0.09
True,26,-0.04,False,20,20,False,0,False,0.6642700722311127,0.3894457597111521,0.6032802329788665,34.25544585334137,52.574404122424326,0.0,HMTD-MDE,82,case57,0.09
True,20,-0.04,False,20,20,False,20,True,0.24042236423062896,0.020616745912723774,0.6032802329788665,31.53790835349355,41.66687471733894,0.0,HMTD-MDE,83,case57,0.09
True,54,0.04,False,20,20,False,0,False,0.6601772726778212,0.3837043458248949,0.6032802329788665,36.515245848568156,54.962683256599156,0.0,HMTD-MDE,84,case57,0.09
True,31,0.04,False,20,20,False,31,True,0.43298329261262786,0.05517247354406217,0.6032802329788665,41.26461475971155,67.87076871551109,0.0,HMTD-MDE,85,case57,0.09
True,28,0.04,False,20,20,False,28,True,0.16741654987290813,0.06921300517310683,0.6032802329788665,34.242843807442114,46.977165198768496,0.0,HMTD-MDE,86,case57,0.09
True,26,-0.04,False,20,20,False,0,False,0.7087967824380291,0.33304922547001703,0.6032802329788665,45.18945645831991,89.23597118409819,0.0,HMTD-MDE,87,case57,0.09
True,17,-0.04,False,20,20,False,0,False,0.6642216925144389,0.23980358608377084,0.6032802329788665,34.45077269570902,55.515356594696655,0.0,HMTD-MDE,88,case57,0.09
True,55,-0.04,True,1,1,False,55,True,0.11808725318191442,0.003905401719043733,0.6032802329788665,35.59763974917587,53.83888359938283,0.0,HMTD-MDE,89,case57,0.09
True,11,0.04,True,1,1,False,11,True,3.8671819781197475e-10,0.0013289668156236344,0.6032802329788665,35.32982489268761,50.78268749930431,0.0,HMTD-MDE,90,case57,0.09
True,48,-0.04,True,6,6,False,48,True,3.867180605118527e-10,0.007577764434107506,0.6032802329788665,39.55198539770208,62.9624149092706,0.0,HMTD-MDE,91,case57,0.09
True,50,-0.04,True,17,17,False,50,True,0.16751740813324872,0.021246950774711126,0.6032802329788665,40.26958545437083,94.97224309598097,0.0,HMTD-MDE,92,case57,0.09
True,53,-0.04,True,3,3,False,53,True,0.20566411104386306,0.011645261639636126,0.6032802329788665,34.418862650636584,52.18086523236707,0.0,HMTD-MDE,93,case57,0.09
True,43,0.04,False,20,20,False,37,False,0.17149567979776364,0.024359033527186477,0.6032802329788665,31.29144175327383,41.67351041687654,0.0,HMTD-MDE,94,case57,0.09
True,40,-0.04,False,20,20,False,40,True,0.0332939599977982,0.026888431316228673,0.6032802329788665,34.18513119977433,49.59808961139061,0.0,HMTD-MDE,95,case57,0.09
True,10,-0.04,True,1,1,False,10,True,3.8671819781197475e-10,0.0027806852061034774,0.6032802329788665,37.76309999811929,61.56115446938203,0.0,HMTD-MDE,96,case57,0.09
True,14,0.04,True,15,15,False,14,True,3.8671817035218047e-10,0.019159420946894483,0.6032802329788665,33.168977085733786,63.92076486663427,0.0,HMTD-MDE,97,case57,0.09
True,53,-0.04,True,5,5,False,52,False,0.20542026837589306,0.011630498432565261,0.6032802329788665,37.40879780089017,72.52385385218076,0.0,HMTD-MDE,98,case57,0.09
True,49,-0.04,False,20,20,False,49,True,0.16207000979572297,0.02833324913802294,0.6032802329788665,35.794270754558966,60.16046938020738,0.0,HMTD-MDE,99,case57,0.09
True,56,0.04,False,20,20,False,38,False,0.17144318310798004,0.038302144482135356,0.6032802329788665,36.777443753089756,51.0434020543471,0.0,HMTD-MDE,100,case57,0.09
True,17,-0.04,False,20,20,False,18,False,0.3501493961748926,0.05568341975936016,0.6032802329788665,35.07119799614884,46.40787084645126,0.0,HMTD-MDE,101,case57,0.09
True,12,0.04,True,1,1,False,12,True,3.8671819781197475e-10,0.0003390986796594795,0.6032802329788665,35.41551040252671,43.782721180468805,0.0,HMTD-MDE,102,case57,0.09
True,48,-0.04,True,2,2,False,48,True,3.867180879723945e-10,0.007577764434107504,0.6032802329788665,32.63500199536793,40.77298927877565,0.0,HMTD-MDE,103,case57,0.09
True,31,0.04,False,20,20,False,31,True,0.4217059942831436,0.04720781776565816,0.6032802329788665,43.44254975148942,80.06264828727583,0.0,HMTD-MDE,104,case57,0.09
True,31,0.04,False,20,20,False,0,False,0.6633310748477261,0.37198119075699576,0.6032802329788665,33.73692500463221,51.48097737692298,0.0,HMTD-MDE,105,case57,0.09
True,41,-0.04,True,1,1,False,55,False,0.16509272379601772,0.003708168810505414,0.6032802329788665,37.22642904904205,57.71369163412604,0.0,HMTD-MDE,106,case57,0.09
True,16,-0.04,False,20,20,False,0,False,0.6490214734530881,0.3868177131771539,0.6032802329788665,36.63847075076774,51.51454549340997,0.0,HMTD-MDE,107,case57,0.09
True,20,0.04,True,13,13,False,20,True,0.18771004330798458,0.016069954825728112,0.6032802329788665,36.78290209209081,49.97202767699491,0.0,HMTD-MDE,108,case57,0.09
True,50,0.04,True,14,14,False,50,True,0.14998224140676553,0.01808692568819511,0.6032802329788665,37.93980226619169,54.32321493572092,0.0,HMTD-MDE,109,case57,0.09
True,17,0.04,False,20,20,False,17,True,0.6039230056318752,0.2187668935556567,0.6032802329788665,31.728533247951418,47.88731041189749,0.0,HMTD-MDE,110,case57,0.09
True,41,0.04,True,1,1,False,41,True,0.14687745786138232,0.0034011513336561694,0.6032802329788665,38.04202695610002,80.50458273792174,0.0,HMTD-MDE,111,case57,0.09
True,15,0.04,False,20,20,False,0,False,0.683020120041008,0.3612612052878683,0.6032802329788665,35.594335553469136,55.588711061864174,0.0,HMTD-MDE,112,case57,0.09
True,12,-0.04,True,1,1,False,12,True,3.8671819781197475e-10,0.0003390986796594795,0.6032802329788665,39.93094789911993,64.80020000599328,0.0,HMTD-MDE,113,case57,0.09
True,33,-0.04,False,20,20,False,0,False,0.7138053150990797,0.2688100975052921,0.6032802329788665,32.16735620517284,44.42441728606357,0.0,HMTD-MDE,114,case57,0.09
True,8,0.04,True,1,1,False,8,True,3.8671819781197475e-10,0.001257331281801884,0.6032802329788665,29.96052695380058,41.26800031226594,0.0,HMTD-MDE,115,case57,0.09
True,16,-0.04,False,20,20,False,0,False,0.6727163899832851,0.3569686763982499,0.6032802329788665,38.55866454541683,62.703460399643554,0.0,HMTD-MDE,116,case57,0.09
True,46,-0.04,False,20,20,False,0,False,0.6621933516048362,0.3702835369280739,0.6032802329788665,36.78692914836574,73.3843273977982,0.0,HMTD-MDE,117,case57,0.09
True,8,-0.04,True,1,1,False,8,True,3.8671819781197475e-10,0.001257331281801884,0.6032802329788665,42.97582080180291,110.25233749533074,0.0,HMTD-MDE,118,case57,0.09
True,20,0.04,False,20,20,False,20,True,0.22421173185276644,0.01875268615250902,0.6032802329788665,33.72083330177702,48.44082468771378,0.0,HMTD-MDE,119,case57,0.09
True,52,-0.04,True,17,17,False,53,False,0.22370176890837729,0.01292479678285688,0.6032802329788665,34.40191449772101,61.17570383939893,0.0,HMTD-MDE,120,case57,0.09
True,9,-0.04,True,9,9,False,9,True,3.867181978122298e-10,0.014419621988672656,0.6032802329788665,32.04069570929278,46.70181808178314,0.0,HMTD-MDE,121,case57,0.09
True,21,0.04,False,20,20,False,0,False,0.6511297495373545,0.3829146481769399,0.6032802329788665,31.413924941443835,42.81951634329745,0.0,HMTD-MDE,122,case57,0.09
True,43,0.04,False,20,20,False,43,True,0.1714665296699849,0.02435640089312427,0.6032802329788665,39.82897094683722,61.853954513208066,0.0,HMTD-MDE,123,case57,0.09
True,18,-0.04,True,9,9,False,18,True,0.3659205907210876,0.08480995821538426,0.6032802329788665,36.98681664536707,49.72848125034943,0.0,HMTD-MDE,124,case57,0.09
True,38,-0.04,False,20,20,False,38,True,0.17144321775545493,0.03830218170998518,0.6032802329788665,38.23845010192599,72.30202085629571,0.0,HMTD-MDE,125,case57,0.09
True,47,-0.04,False,20,20,False,0,False,0.7022091148657627,0.28431275439687675,0.6032802329788665,38.11392294592224,54.74663749628236,0.0,HMTD-MDE,126,case57,0.09
True,51,-0.04,False,20,20,False,51,True,0.3036299585752921,0.08531682688595726,0.6032802329788665,42.37791879859287,75.59093366726303,0.0,HMTD-MDE,127,case57,0.09
True,23,0.04,True,0,0,False,0,False,0.6801338923250376,0.35634249232036685,0.6032802329788665,36.136864600121044,60.66625978564844,0.0,HMTD-MDE,128,case57,0.09
True,40,0.04,True,15,15,False,40,True,0.03441461321293233,0.026861848947177518,0.6032802329788665,35.996547900140285,46.63787144818344,0.0,HMTD-MDE,129,case57,0.09
True,20,-0.04,False,20,20,False,20,True,0.21720240855202436,0.0180931878451492,0.6032802329788665,39.22696455556434,61.94495212694165,0.0,HMTD-MDE,130,case57,0.09
True,51,-0.04,False,20,20,False,51,True,0.19878228563666311,0.05483693551517601,0.6032802329788665,38.57690629956778,52.922792319441264,0.0,HMTD-MDE,131,case57,0.09
True,26,0.04,False,20,20,False,0,False,0.6714370554408448,0.3723614973979431,0.6032802329788665,33.443410505424254,47.36109377408866,0.0,HMTD-MDE,132,case57,0.09
True,43,-0.04,True,7,7,False,43,True,0.17256040836114714,0.024491394173570748,0.6032802329788665,35.502427007304505,62.56912563985679,0.0,HMTD-MDE,133,case57,0.09
True,54,-0.04,False,20,20,False,0,False,0.6514760497670927,0.382541865452137,0.6032802329788665,34.406289499020204,47.468341625062756,0.0,HMTD-MDE,134,case57,0.09
True,32,0.04,False,20,20,False,0,False,0.6787081196469911,0.3823295708267581,0.6032802329788665,34.41122285439633,44.53756835719105,0.0,HMTD-MDE,135,case57,0.09
True,47,0.04,False,20,20,False,0,False,0.7120264419736361,0.2918508299280827,0.6032802329788665,34.95503125304822,47.56586426519789,0.0,HMTD-MDE,136,case57,0.09
True,51,0.04,True,2,2,False,51,True,0.22777775202183415,0.08143731369779403,0.6032802329788665,36.203118701814674,45.14175685471855,0.0,HMTD-MDE,137,case57,0.09
True,53,0.04,True,18,18,False,52,False,0.2616105792688579,0.017840116645435097,0.6032802329788665,34.46655414591078,63.01633747061719,0.0,HMTD-MDE,138,case57,0.09
True,54,0.04,False,20,20,False,45,False,0.5736866042169427,0.25533334949152325,0.6032802329788665,34.53761249256786,55.90514584619089,0.0,HMTD-MDE,139,case57,0.09
True,20,0.04,False,20,20,False,19,False,0.21995990290313244,0.01834759731175518,0.6032802329788665,30.645537399686873,42.32590688334312,0.0,HMTD-MDE,140,case57,0.09
True,52,0.04,True,9,9,False,52,True,0.23494925904456435,0.013953076359575888,0.6032802329788665,29.975585293141194,47.61468893557323,0.0,HMTD-MDE,141,case57,0.09
True,10,0.04,True,1,1,False,10,True,3.8671819781197475e-10,0.0027806852061034774,0.6032802329788665,33.61861654557288,47.714545839698985,0.0,HMTD-MDE,142,case57,0.09
True,12,-0.04,True,1,1,False,12,True,3.8671819781197475e-10,0.0003390986796594795,0.6032802329788665,37.610593854333274,70.5731122317957,0.0,HMTD-MDE,143,case57,0.09
True,10,0.04,True,1,1,False,10,True,3.8671819781197475e-10,0.0027806852061034774,0.6032802329788665,33.377710497006774,46.33558745263145,0.0,HMTD-MDE,144,case57,0.09
True,11,-0.04,True,1,1,False,11,True,3.8671819781197475e-10,0.0013289668156236344,0.6032802329788665,30.055689593427815,52.51294230110943,0.0,HMTD-MDE,145,case57,0.09
True,25,-0.04,False,20,20,False,0,False,0.6999112673136283,0.32059709951663407,0.6032802329788665,34.46667913522106,58.15357679093726,0.0,HMTD-MDE,146,case57,0.09
True,36,0.04,True,1,1,False,36,True,0.00012937894294616167,0.0029986070523120643,0.6032802329788665,32.170466749812476,49.2587833607104,0.0,HMTD-MDE,147,case57,0.09
True,44,-0.04,False,20,20,False,0,False,0.7032979959980219,0.3455535989604056,0.6032802329788665,38.41398119693622,75.34525624651002,0.0,HMTD-MDE,148,case57,0.09
True,24,0.04,False,20,20,False,34,False,0.4052156145187128,0.040577401509703695,0.6032802329788665,36.421618750318885,91.5767190628685,0.0,HMTD-MDE,149,case57,0.09
True,3,0.04,True,9,9,False,3,True,0.0013437499941073583,0.009348671833229254,0.6032802329788665,36.5510957519291,46.54761872079689,0.0,HMTD-MDE,150,case57,0.09
True,42,0.04,False,20,20,False,42,True,0.10884650917327168,0.11270526015703525,0.6032802329788665,36.88756249612197,48.49859789246694,0.0,HMTD-MDE,151,case57,0.09
True,23,0.04,False,20,20,False,0,False,0.7049037716703961,0.29997028364207357,0.6032802329788665,37.8989811957581,48.11896663159132,0.0,HMTD-MDE,152,case57,0.09
True,45,0.04,False,20,20,False,0,False,0.7051392654442988,0.31036366255538667,0.6032802329788665,39.121347857872024,64.98246664705222,0.0,HMTD-MDE,153,case57,0.09
True,24,-0.04,False,20,20,False,34,False,0.4032758191120989,0.04010000241474493,0.6032802329788665,32.339827143005095,45.708195818588145,0.0,HMTD-MDE,154,case57,0.09
True,22,-0.04,False,20,20,False,45,False,0.6495393980867142,0.23545954235217215,0.6032802329788665,36.24720829830039,45.95521221053788,0.0,HMTD-MDE,155,case57,0.09
True,23,0.04,False,20,20,False,0,False,0.6453961510621249,0.39177275830108793,0.6032802329788665,36.246277048485354,60.86501311510803,0.0,HMTD-MDE,156,case57,0.09
True,54,0.04,False,20,20,False,0,False,0.718351248169268,0.30744183540488856,0.6032802329788665,32.27078345080372,41.37984969129321,0.0,HMTD-MDE,157,case57,0.09
True,33,-0.04,False,20,20,False,0,False,0.6964507014620915,0.3531266458935645,0.6032802329788665,37.29878334852401,47.2709961613873,0.0,HMTD-MDE,158,case57,0.09
True,39,-0.04,False,20,20,False,0,False,0.6470769024733914,0.38230050828571305,0.6032802329788665,42.52315414487384,78.66111816838385,0.0,HMTD-MDE,159,case57,0.09
True,13,0.04,True,1,1,False,13,True,3.8671819781197475e-10,0.0010607070562711509,0.6032802329788665,32.67207074677572,44.38308509706986,0.0,HMTD-MDE,160,case57,0.09
True,38,0.04,False,20,20,False,56,False,0.1714868154720449,0.03830808048436075,0.6032802329788665,36.51161884481553,61.58117500308438,0.0,HMTD-MDE,161,case57,0.09
True,35,0.04,True,1,1,False,35,True,5.868567397619988e-05,0.0027792165908671856,0.6032802329788665,38.70315844833385,78.8702753459802,0.0,HMTD-MDE,162,case57,0.09
True,26,-0.04,False,20,20,False,0,False,0.6635065528178798,0.38206052441144345,0.6032802329788665,31.2295457435539,64.4297791615827,0.0,HMTD-MDE,163,case57,0.09
True,1,0.04,False,20,20,False,0,False,0.667987955803362,0.38121846016439065,0.6032802329788665,33.960641495650634,59.914165976806544,0.0,HMTD-MDE,164,case57,0.09
True,49,-0.04,False,20,20,False,50,False,0.2667630758362377,0.015982329667404968,0.6032802329788665,38.504818637738936,70.94285591156223,0.0,HMTD-MDE,165,case57,0.09
True,40,0.04,False,20,20,False,40,True,0.03356125733958566,0.026885129690291134,0.6032802329788665,37.48458334594034,85.27916489692872,0.0,HMTD-MDE,166,case57,0.09
True,40,0.04,False,20,20,False,40,True,0.047753793747078624,0.026524552569446323,0.6032802329788665,33.58394785027485,83.74272017099429,0.0,HMTD-MDE,167,case57,0.09
True,28,0.04,False,20,20,False,28,True,0.26801285960422827,0.04764502860896198,0.6032802329788665,31.728477153228596,48.074089633882984,0.0,HMTD-MDE,168,case57,0.09
True,38,0.04,False,20,20,False,38,True,0.1742023466591916,0.03891767943479113,0.6032802329788665,31.941735299187716,54.000368071137935,0.0,HMTD-MDE,169,case57,0.09
True,27,0.04,False,20,20,False,27,True,0.41268330381894336,0.14392289376950818,0.6032802329788665,34.92351046006661,66.92313059174921,0.0,HMTD-MDE,170,case57,0.09
True,30,-0.04,False,20,20,False,30,True,0.40068835186885265,0.03928765472870682,0.6032802329788665,36.45036875095684,66.52415861608463,0.0,HMTD-MDE,171,case57,0.09
True,31,-0.04,False,20,20,False,0,False,0.7616168880890878,0.23845491920868447,0.6032802329788665,32.710689603118226,57.448633355670616,0.0,HMTD-MDE,172,case57,0.09
True,27,0.04,False,20,20,False,0,False,0.7485564544899012,0.21892892560401794,0.6032802329788665,38.61654379579704,63.49479648924901,0.0,HMTD-MDE,173,case57,0.09
True,51,0.04,False,20,20,False,51,True,0.2566337183958239,0.05725282301160664,0.6032802329788665,37.175714544719085,50.00440559233539,0.0,HMTD-MDE,174,case57,0.09
True,28,0.04,False,20,20,False,28,True,0.19073150624398422,0.0656947268625971,0.6032802329788665,33.29186454357114,43.01311636518221,0.0,HMTD-MDE,175,case57,0.09
True,33,-0.04,False,20,20,False,0,False,0.6572182692354077,0.2618938076582328,0.6032802329788665,33.07069585134741,45.48862912633923,0.0,HMTD-MDE,176,case57,0.09
True,20,-0.04,True,4,4,False,20,True,0.2667316510343603,0.025674550166800317,0.6032802329788665,32.4691022047773,53.17304615746253,0.0,HMTD-MDE,177,case57,0.09
True,5,0.04,True,3,3,False,5,True,3.8671817035197543e-10,0.0055554132186864625,0.6032802329788665,39.8566689575091,68.26947295048743,0.0,HMTD-MDE,178,case57,0.09
True,38,0.04,False,20,20,False,38,True,0.17177107229114533,0.03835075488653086,0.6032802329788665,36.938191595254466,54.111489281058354,0.0,HMTD-MDE,179,case57,0.09
True,52,-0.04,True,9,9,False,52,True,0.21882361647537135,0.012539323825834107,0.6032802329788665,36.26074589265045,73.62918306025678,0.0,HMTD-MDE,180,case57,0.09
True,48,0.04,True,9,9,False,48,True,3.8671808797215665e-10,0.007577764434107504,0.6032802329788665,30.796504046884365,60.2992832864402,0.0,HMTD-MDE,181,case57,0.09
True,32,-0.04,False,20,20,False,0,False,0.6762752424687114,0.36834469892452415,0.6032802329788665,31.642491501406766,46.230235765688136,0.0,HMTD-MDE,182,case57,0.09
True,48,0.04,True,4,4,False,48,True,3.2433103786455853e-09,0.007577764437254784,0.6032802329788665,37.13569805258885,81.63027921691537,0.0,HMTD-MDE,183,case57,0.09
True,48,0.04,True,1,1,False,48,True,5.9591297519453036e-05,0.007577898858423502,0.6032802329788665,33.181206352310255,49.02139646874276,0.0,HMTD-MDE,184,case57,0.09
True,5,0.04,True,1,1,False,5,True,8.899880687506724e-10,0.005555413218774058,0.6032802329788665,36.79558550356887,45.884564577136196,0.0,HMTD-MDE,185,case57,0.09
True,41,0.04,True,1,1,False,41,True,0.16703803467588713,0.0035163035600711302,0.6032802329788665,34.54856681055389,46.53512294753455,0.0,HMTD-MDE,186,case57,0.09
True,29,-0.04,False,20,20,False,31,False,0.4205869021017002,0.04699006810968876,0.6032802329788665,29.488245651009493,37.904399665421806,0.0,HMTD-MDE,187,case57,0.09
True,10,-0.04,True,1,1,False,10,True,3.8671819781197475e-10,0.0027806852061034774,0.6032802329788665,30.71099805238191,49.13916704244912,0.0,HMTD-MDE,188,case57,0.09
True,13,0.04,True,1,1,False,13,True,3.8671819781197475e-10,0.0010607070562711509,0.6032802329788665,20.181829307693988,23.102912824833766,0.0,HMTD-MDE,189,case57,0.09
True,7,-0.04,False,20,20,False,7,True,0.6151791555067797,0.26739896115836626,0.6032802329788665,33.52304789295886,46.898930898169056,0.0,HMTD-MDE,190,case57,0.09
True,34,-0.04,False,20,20,False,34,True,0.41303798326564656,0.043016570036060665,0.6032802329788665,31.134776907856576,37.91340802272316,0.0,HMTD-MDE,191,case57,0.09
True,23,-0.04,False,20,20,False,0,False,0.6879748306648584,0.36518603993277227,0.6032802329788665,20.31798120297026,24.575969093712047,0.0,HMTD-MDE,192,case57,0.09
True,22,-0.04,False,20,20,False,0,False,0.6760672389276393,0.3774742257795546,0.6032802329788665,29.96068538923282,50.66915624192917,0.0,HMTD-MDE,193,case57,0.09
True,53,-0.04,True,4,4,False,52,False,0.22005591688677797,0.012633670130518058,0.6032802329788665,17.121016557211988,19.486943786614574,0.0,HMTD-MDE,194,case57,0.09
True,40,0.04,True,9,9,False,40,True,0.04017063690146848,0.026714435968340184,0.6032802329788665,31.49722079688218,62.205741650541334,0.0,HMTD-MDE,195,case57,0.09
True,4,-0.04,False,20,20,False,0,False,0.708510193130002,0.32991882720627946,0.6032802329788665,20.920871003181674,25.231835446902554,0.0,HMTD-MDE,196,case57,0.09
True,23,0.04,False,20,20,False,0,False,0.6787336324851155,0.3605238323689734,0.6032802329788665,15.41874994582031,17.678360085119497,0.0,HMTD-MDE,197,case57,0.09
True,17,0.04,False,20,20,False,20,False,0.4783589636741871,0.08946033925957336,0.6032802329788665,21.290177150513045,26.57610211754218,0.0,HMTD-MDE,198,case57,0.09
True,28,0.04,False,20,20,False,27,False,0.5482817058027118,0.15738361053218256,0.6032802329788665,16.555239708395675,19.279971183277667,0.0,HMTD-MDE,199,case57,0.09
True,26,-0.04,True,5,5,False,25,False,0.17144160094404481,0.01148404810760334,0.5305668367352657,433.3708895952441,495.47386219783374,0.0,MS-HIDE,0,case57,0.09
True,49,-0.04,True,3,3,False,49,True,3.8671808797207197e-10,0.005124786990893504,0.40956169947442955,316.22669589996804,384.69153537007514,0.0,MS-HIDE,1,case57,0.09
True,53,-0.04,True,3,3,False,52,False,0.17144160095149344,0.004946647359231502,0.4074337063595271,401.15201680455357,470.9289663616814,0.0,MS-HIDE,2,case57,0.09
True,37,0.04,True,3,3,False,43,False,0.1714416009440448,0.004988007101373161,0.5323449965885088,317.79938545660116,376.00750832643826,0.0,MS-HIDE,3,case57,0.09
True,46,0.04,True,17,17,False,0,False,0.5510320628343055,0.3286280569809844,0.5323004345084562,295.9417230100371,371.25452713517006,0.0,MS-HIDE,4,case57,0.09
True,17,0.04,False,20,20,False,17,True,0.010909812771585254,0.008222895521388447,0.49135479621924616,423.43641664192546,475.5094673018917,0.0,MS-HIDE,5,case57,0.09
True,24,0.04,True,9,9,False,24,True,0.1714416009485332,0.006285945310110292,0.6114278273004279,318.7231332442025,366.2445580033818,0.0,MS-HIDE,6,case57,0.09
True,3,0.04,True,2,2,False,3,True,3.8671819781197486e-10,0.003515744543647862,0.4766806186760061,426.35922919726,509.0468124864869,0.0,MS-HIDE,7,case57,0.09
True,8,-0.04,True,1,1,False,8,True,3.8671819781197475e-10,0.0011967073399847923,0.4035423326694382,325.35467284033075,381.664114567684,0.0,MS-HIDE,8,case57,0.09
True,22,0.04,False,20,20,False,0,False,0.5901809877387795,0.30867100289454075,0.5462707557714515,313.15605420677457,377.01193992397754,0.0,MS-HIDE,9,case57,0.09
True,29,-0.04,True,3,3,False,29,True,0.17144279488517974,0.006285856574705157,0.6383618100350296,433.0434541509021,495.6956034584451,0.0,MS-HIDE,10,case57,0.09
True,28,-0.04,True,1,1,False,28,True,3.867181428919192e-10,0.0026426351350187153,0.5727129174971475,316.4099520043237,367.8886848298134,0.0,MS-HIDE,11,case57,0.09
True,8,0.04,True,1,1,False,8,True,3.8671819781197475e-10,0.00119668619295824,0.40222196879025407,427.71334589924663,480.2423627756085,0.0,MS-HIDE,12,case57,0.09
True,28,-0.04,True,2,2,False,28,True,3.98747215538825e-10,0.0026378125829889533,0.5555188620431033,310.1023520954186,383.78558565163985,0.0,MS-HIDE,13,case57,0.09
True,22,0.04,False,20,20,False,0,False,0.5561787535430881,0.2248893194090722,0.5169434873800294,298.7052852869965,371.0129848128418,0.0,MS-HIDE,14,case57,0.09
True,26,0.04,False,20,20,False,25,False,0.1714416009440448,0.01157979371448976,0.48639370525815695,433.5271270421799,490.3246999660057,0.0,MS-HIDE,15,case57,0.09
True,40,-0.04,False,20,20,False,40,True,5.553900258695728e-05,0.01990738066376519,0.5055315827218505,326.2284459982766,413.39439103030605,0.0,MS-HIDE,16,case57,0.09
True,1,-0.04,False,20,20,False,1,True,0.19250791072142723,0.1480105927939686,0.5210372040419357,401.728826991166,474.92974789056586,0.0,MS-HIDE,17,case57,0.09
True,37,-0.04,True,3,3,False,37,True,0.17144160103956116,0.005008255128439755,0.5148130720510674,314.8045812937198,377.761310475762,0.0,MS-HIDE,18,case57,0.09
True,42,-0.04,True,4,4,False,42,True,3.8671808797186145e-10,0.006397666451375085,0.553394104931609,313.2201396889286,383.2591711223359,0.0,MS-HIDE,19,case57,0.09
True,32,0.04,False,20,20,False,0,False,0.5431500724237364,0.33735846365133265,0.5064724701692325,430.71438535116613,489.28218955989144,0.0,MS-HIDE,20,case57,0.09
True,20,0.04,True,1,1,False,20,True,0.1714416009440448,0.005772535680125646,0.48987186630619495,321.55891659494955,378.4138440998504,0.0,MS-HIDE,21,case57,0.09
True,46,0.04,False,20,20,False,0,False,0.5537663951620355,0.33516082767182837,0.467389477509348,417.076787550468,460.00162231503185,0.0,MS-HIDE,22,case57,0.09
True,42,0.04,True,8,8,False,42,True,3.8671808797186145e-10,0.006465852297954517,0.5364735373759582,328.7915707594948,408.4566538716899,0.0,MS-HIDE,23,case57,0.09
True,56,-0.04,True,3,3,False,38,False,0.1714416009440448,0.013797006840006454,0.5496683060266427,309.4665646000067,375.761404473451,0.0,MS-HIDE,24,case57,0.09
True,53,0.04,True,4,4,False,52,False,0.17144160094404476,0.00491565280515328,0.4085538689320477,336.2056835583644,440.7380276941695,0.0,MS-HIDE,25,case57,0.09
True,48,0.04,True,3,3,False,48,True,4.090176371842587e-10,0.0036177664082123564,0.5109574478880979,303.97227084613405,367.50636872893665,0.0,MS-HIDE,26,case57,0.09
True,24,-0.04,True,5,5,False,29,False,0.17144161054116958,0.006502965056123221,0.6166607985462228,311.94849999737926,374.4809586351039,0.0,MS-HIDE,27,case57,0.09
True,20,0.04,True,4,4,False,20,True,0.1714416009440448,0.005766008417292739,0.4957200824597681,322.52664795087185,384.823114585015,0.0,MS-HIDE,28,case57,0.09
True,34,-0.04,True,3,3,False,34,True,3.867180879722593e-10,0.006343648700356824,0.47876731267250966,294.13912070158403,377.011766351643,0.0,MS-HIDE,29,case57,0.09
True,11,-0.04,True,1,1,False,11,True,3.8671819781197475e-10,0.001136037873805789,0.46448418925823304,309.78064575756434,399.4194725994021,0.0,MS-HIDE,30,case57,0.09
True,38,0.04,False,20,20,False,56,False,0.1714416009440448,0.01386245640211164,0.5499507446109541,320.8021291473415,435.12898361368576,0.0,MS-HIDE,31,case57,0.09
True,32,0.04,False,20,20,False,0,False,0.5869947405020962,0.33516341898986085,0.5437484309489228,305.9760832460597,363.0594235495664,0.0,MS-HIDE,32,case57,0.09
True,15,-0.04,False,20,20,False,0,False,0.5770817161638239,0.3175665001829076,0.5067795824124783,319.4053041515872,384.0230979025364,0.0,MS-HIDE,33,case57,0.09
True,36,0.04,True,1,1,False,36,True,3.8671808797211566e-10,0.002578524208738848,0.41699581806342223,306.61732895241585,364.4196416396881,0.0,MS-HIDE,34,case57,0.09
True,26,0.04,False,20,20,False,25,False,0.17144160094404481,0.011550969733141897,0.49094389909037767,335.58425005176105,405.8262076898245,0.0,MS-HIDE,35,case57,0.09
True,28,0.04,True,2,2,False,28,True,3.8671814289191836e-10,0.0026677132184783374,0.5612375935438391,302.6741563488031,421.3148354087025,0.0,MS-HIDE,36,case57,0.09
True,3,0.04,True,3,3,False,3,True,3.8671819781197656e-10,0.0035157445434546267,0.4950973737706944,301.46910640469287,367.2100628406043,0.0,MS-HIDE,37,case57,0.09
True,6,0.04,True,3,3,False,6,True,9.639238362752601e-07,0.00305756689637973,0.5396681345092776,309.0970958524849,386.5742961730576,0.0,MS-HIDE,38,case57,0.09
True,51,-0.04,False,20,20,False,51,True,1.3908706665264916e-08,0.011623953913834154,0.5215758772447419,290.75423134781886,373.46822080435237,0.0,MS-HIDE,39,case57,0.09
True,17,0.04,True,9,9,False,17,True,0.002635540689815601,0.008846564452263743,0.49134742650068847,321.69477494317107,385.93495347886346,0.0,MS-HIDE,40,case57,0.09
True,49,-0.04,True,2,2,False,49,True,3.94283249859437e-10,0.005285688008851059,0.4222123345804798,309.4554480572697,374.9364478513599,0.0,MS-HIDE,41,case57,0.09
True,19,-0.04,True,4,4,False,19,True,0.1714416009440448,0.0057555233116955975,0.4831961696695859,298.3669060980901,380.6256041454617,0.0,MS-HIDE,42,case57,0.09
True,31,0.04,True,6,6,False,31,True,0.003167227879729813,0.006122768345914049,0.4088737245074743,292.42596460680943,376.37111463409383,0.0,MS-HIDE,43,case57,0.09
True,55,0.04,True,1,1,False,55,True,9.139936026134806e-06,0.0029365113421254193,0.4725115361250441,289.9721541092731,374.32041393767577,0.0,MS-HIDE,44,case57,0.09
True,2,0.04,True,4,4,False,2,True,3.867181978120854e-10,0.005039952985340873,0.5196520454139552,305.9539000503719,385.3015690227039,0.0,MS-HIDE,45,case57,0.09
True,34,-0.04,True,4,4,False,34,True,3.9626558153439385e-10,0.006342191923627995,0.4762679495275809,306.1287563468795,376.61892019677913,0.0,MS-HIDE,46,case57,0.09
True,14,-0.04,True,3,3,False,14,True,3.8671819781198054e-10,0.004369997016440697,0.5736303419902792,305.5248292570468,384.90782948501874,0.0,MS-HIDE,47,case57,0.09
True,1,0.04,False,20,20,False,0,False,0.6064608719460379,0.3030065207857333,0.5437043761291206,299.7946477960795,372.6252499880502,0.0,MS-HIDE,48,case57,0.09
True,34,-0.04,True,7,7,False,34,True,3.8787108000289077e-10,0.006345106016883578,0.46069913032488025,312.58583534508944,388.82067915401433,0.0,MS-HIDE,49,case57,0.09
True,40,-0.04,False,20,20,False,40,True,0.014655016701016172,0.02383522373390766,0.5234680033431092,308.0799395480426,397.57681007322395,0.0,MS-HIDE,50,case57,0.09
True,27,-0.04,True,1,1,False,27,True,3.8671811543193083e-10,0.0036735036041543687,0.5274772950427454,311.28322299628053,388.80049641302327,0.0,MS-HIDE,51,case57,0.09
True,44,-0.04,True,9,9,False,44,True,0.001199227289755568,0.010292921632389505,0.525409388259248,306.673897858127,399.0129377867561,0.0,MS-HIDE,52,case57,0.09
True,1,0.04,False,20,20,False,0,False,0.5773456798371643,0.32717218368631396,0.513744225757751,304.59912290389184,379.48448538954835,0.0,MS-HIDE,53,case57,0.09
True,20,-0.04,True,3,3,False,19,False,0.1714416009440448,0.005796026619129432,0.47964082801289243,318.2449375948636,382.8703485487495,0.0,MS-HIDE,54,case57,0.09
True,41,-0.04,True,1,1,False,41,True,3.88847789659945e-10,0.002248020443718345,0.5639664333090023,305.6774645578116,361.2048145296285,0.0,MS-HIDE,55,case57,0.09
True,25,0.04,False,20,20,False,25,True,0.17144160095020675,0.011303227844096958,0.4701366396333194,307.0235938997939,363.7047173251631,0.0,MS-HIDE,56,case57,0.09
True,33,0.04,False,20,20,False,0,False,0.6020945340031271,0.26931252791354743,0.5055109019688393,319.43971239670645,376.57823960180406,0.0,MS-HIDE,57,case57,0.09
True,42,-0.04,True,2,2,False,42,True,3.867180879718616e-10,0.006441160584904116,0.5556182306808698,318.3132042438956,426.8477770849131,0.0,MS-HIDE,58,case57,0.09
True,21,0.04,False,20,20,False,0,False,0.5535237391077337,0.33906854863723085,0.5060314850307118,298.8887083425652,341.2057350651594,0.0,MS-HIDE,59,case57,0.09
True,36,-0.04,True,1,1,False,36,True,3.867180879720407e-10,0.0025910625301645463,0.4181719169437523,317.3933790996671,382.9315455368488,0.0,MS-HIDE,60,case57,0.09
True,46,0.04,False,20,20,False,0,False,0.583810700747015,0.3268290956121113,0.4938558104664641,305.892827003845,374.30168958962895,0.0,MS-HIDE,61,case57,0.09
True,56,0.04,False,20,20,False,38,False,0.1714416009457801,0.013802990754115512,0.5721218247297285,305.63821264659055,371.733218737063,0.0,MS-HIDE,62,case57,0.09
True,8,-0.04,True,1,1,False,8,True,3.8671819781197475e-10,0.0011967066576374368,0.39579356504361596,302.8600104385987,381.20754793344537,0.0,MS-HIDE,63,case57,0.09
True,2,0.04,True,1,1,False,2,True,3.8671817035203975e-10,0.005033620787443454,0.5045167801961609,304.4687812536722,369.7439776966349,0.0,MS-HIDE,64,case57,0.09
True,43,0.04,True,4,4,False,37,False,0.17144160096081476,0.0048751653783260865,0.5094649107276051,308.8418958010152,348.1135267211357,0.0,MS-HIDE,65,case57,0.09
True,11,0.04,True,1,1,False,11,True,3.8671819781197475e-10,0.0013220777906556153,0.47193265327285155,303.7917354493402,354.6366056136321,0.0,MS-HIDE,66,case57,0.09
True,7,0.04,False,20,20,False,7,True,2.5790825466951836e-08,0.03751810258163338,0.5274425487718183,294.8547375504859,366.21592298615724,0.0,MS-HIDE,67,case57,0.09
True,7,-0.04,False,20,20,False,0,False,0.5363903809082945,0.23149122702920266,0.5455144376960741,304.5232104981551,377.19620595744345,0.0,MS-HIDE,68,case57,0.09
True,51,-0.04,False,20,20,False,51,True,1.1326836201181801e-08,0.011581441268294706,0.4954730204804362,309.99378330016043,368.41650971327914,0.0,MS-HIDE,69,case57,0.09
True,12,-0.04,True,1,1,False,12,True,3.8671819781197475e-10,0.00044372709413560127,0.3912688245009176,281.62847709609196,349.41508094489114,0.0,MS-HIDE,70,case57,0.09
True,17,-0.04,True,5,5,False,17,True,0.003972102468959752,0.007357127745823926,0.4907670696288931,290.47113735286985,354.41003124578856,0.0,MS-HIDE,71,case57,0.09
True,35,0.04,True,2,2,False,35,True,3.8671808797186145e-10,0.0019155096602334835,0.44543800365408526,310.80923749832436,372.1828378038481,0.0,MS-HIDE,72,case57,0.09
True,37,0.04,True,1,1,False,37,True,0.17144160096069455,0.004918305482659057,0.5163121531325726,310.1907082425896,390.2251145336777,0.0,MS-HIDE,73,case57,0.09
True,11,0.04,True,1,1,False,11,True,3.8671819781197475e-10,0.0011364995080229816,0.45544121938311083,307.6671331975376,367.09919403365353,0.0,MS-HIDE,74,case57,0.09
True,43,-0.04,True,1,1,False,37,False,0.1714416009440448,0.005011137426192242,0.5176681359202145,286.6912687954027,351.2547889491543,0.0,MS-HIDE,75,case57,0.09
True,39,0.04,False,20,20,False,39,True,3.8671808797194624e-10,0.010187066084925898,0.5142585258852623,299.56247490190435,331.20738125871867,0.0,MS-HIDE,76,case57,0.09
True,41,-0.04,True,1,1,False,41,True,3.86933281973955e-10,0.0022503727085593306,0.5356778743502069,318.5070020525018,413.0887601146242,0.0,MS-HIDE,77,case57,0.09
True,11,-0.04,True,1,1,False,11,True,3.8671819781197475e-10,0.0011359073260670894,0.45696795482803626,303.2707124017179,355.65386009402573,0.0,MS-HIDE,78,case57,0.09
True,24,0.04,True,2,2,False,24,True,0.17144378434653357,0.006298182811329943,0.6468552521413742,326.3383229408646,393.93153541604994,0.0,MS-HIDE,79,case57,0.09
True,26,-0.04,False,20,20,False,25,False,0.17144160097631456,0.011557479912164421,0.5087446801548193,312.11864380456973,368.5502684442327,0.0,MS-HIDE,80,case57,0.09
True,37,0.04,True,2,2,False,37,True,0.1714416009440448,0.0048763298245702216,0.525412975607276,303.8980229932349,349.4575506541878,0.0,MS-HIDE,81,case57,0.09
True,26,-0.04,True,6,6,False,25,False,0.17144160094404481,0.011515482979129958,0.4592573441649539,301.903823055909,349.08857328118756,0.0,MS-HIDE,82,case57,0.09
True,20,-0.04,True,4,4,False,20,True,0.1714416009440448,0.005771542057872505,0.48769517020479614,294.5749542035628,344.9802958610235,0.0,MS-HIDE,83,case57,0.09
True,54,0.04,True,2,2,False,54,True,4.127700139506131e-10,0.005770066914204653,0.6596966460454975,310.7617313042283,414.0664431004552,0.0,MS-HIDE,84,case57,0.09
True,31,0.04,True,4,4,False,31,True,0.008508425158351197,0.007557163685881264,0.4369892036354277,320.26241649582516,405.24921010073746,0.0,MS-HIDE,85,case57,0.09
True,28,0.04,True,2,2,False,28,True,3.867181428919181e-10,0.002642534635332635,0.5633076047969786,314.5918916037772,383.01964761340065,0.0,MS-HIDE,86,case57,0.09
True,26,-0.04,True,8,8,False,26,True,0.1714416009440448,0.011481280459181153,0.4936753733840644,307.67524789844174,361.3507582776947,0.0,MS-HIDE,87,case57,0.09
True,17,-0.04,True,17,17,False,17,True,0.002587770281224011,0.007439354496219201,0.44770659074151964,306.67771439475473,387.5772853993112,0.0,MS-HIDE,88,case57,0.09
True,55,-0.04,True,1,1,False,55,True,5.5083817306171154e-05,0.0029454098524241217,0.45622684993856133,298.72452090203296,362.37958989804616,0.0,MS-HIDE,89,case57,0.09
True,11,0.04,True,1,1,False,11,True,3.8671819781197475e-10,0.0011359069432040016,0.4679712859657252,295.541135352687,353.97441606037324,0.0,MS-HIDE,90,case57,0.09
True,48,-0.04,True,3,3,False,48,True,0.0002615350901391257,0.003618180413626341,0.5249801828021747,309.8398458037991,396.6949395486154,0.0,MS-HIDE,91,case57,0.09
True,50,-0.04,True,3,3,False,50,True,3.8671808797208614e-10,0.0049270805112787254,0.44116509927174863,310.49993119668216,388.3172750007362,0.0,MS-HIDE,92,case57,0.09
True,53,-0.04,True,2,2,False,53,True,0.1714416009440448,0.004914416536929778,0.4161210098389447,303.15274170134217,395.90639614907565,0.0,MS-HIDE,93,case57,0.09
True,43,0.04,True,1,1,False,43,True,0.17144160106921344,0.004909523137371257,0.528320692195854,305.8384353556903,370.7260857656365,0.0,MS-HIDE,94,case57,0.09
True,40,-0.04,False,20,20,False,40,True,3.015427188833787e-05,0.019712644200701967,0.50243306505183,313.824539448251,402.0655898872065,0.0,MS-HIDE,95,case57,0.09
True,10,-0.04,True,1,1,False,10,True,3.8671819781197475e-10,0.0024032608137987002,0.48780645992851435,298.2896083005471,345.4953957931139,0.0,MS-HIDE,96,case57,0.09
True,14,0.04,True,3,3,False,14,True,3.8671819781204284e-10,0.004370276617426953,0.5585825887521746,325.07795629499014,418.9615333074471,0.0,MS-HIDE,97,case57,0.09
True,53,-0.04,True,3,3,False,52,False,0.17144160095928218,0.004969399591347897,0.42516555387731625,300.2812811988406,349.76470652909484,0.0,MS-HIDE,98,case57,0.09
True,49,-0.04,True,3,3,False,49,True,2.1408720422349123e-08,0.005285687989964136,0.40337333927659846,318.45111239817925,375.46902980830066,0.0,MS-HIDE,99,case57,0.09
True,56,0.04,False,20,20,False,38,False,0.17144160096862607,0.013815730478829388,0.5404640666305359,309.96816254919395,380.479541659588,0.0,MS-HIDE,100,case57,0.09
True,17,-0.04,True,4,4,False,17,True,0.004076189540483266,0.007388521301392819,0.4727454599175932,295.7828750513727,358.93952683545655,0.0,MS-HIDE,101,case57,0.09
True,12,0.04,True,1,1,False,12,True,3.8671819781197475e-10,0.00044372709348354555,0.3999621622928882,299.6073562942911,364.1092562233098,0.0,MS-HIDE,102,case57,0.09
True,48,-0.04,True,2,2,False,48,True,9.183353781135713e-05,0.00361799711648416,0.5306461869131829,295.350579143269,347.6174693845678,0.0,MS-HIDE,103,case57,0.09
True,31,0.04,True,11,11,False,31,True,0.006321946770868756,0.006091792878420524,0.4138627006740307,313.98372710100375,395.85470000456553,0.0,MS-HIDE,104,case57,0.09
True,31,0.04,True,5,5,False,31,True,0.009537351010861842,0.021271939387816984,0.5105869490850988,308.30126039800234,394.3557264487026,0.0,MS-HIDE,105,case57,0.09
True,41,-0.04,True,1,1,False,41,True,3.8671808797187324e-10,0.002237162428802093,0.5294546133171701,303.8459812523797,380.2927211567294,0.0,MS-HIDE,106,case57,0.09
True,16,-0.04,False,20,20,False,0,False,0.5794092272218087,0.32579287405975244,0.4977768150981844,291.7298770567868,349.9239663302433,0.0,MS-HIDE,107,case57,0.09
True,20,0.04,True,1,1,False,20,True,0.1714416009440448,0.005758906913207631,0.49521389523276066,310.6959145516157,392.56281044217764,0.0,MS-HIDE,108,case57,0.09
True,50,0.04,True,3,3,False,50,True,3.9295552589585855e-10,0.004917678795847342,0.45192403717837804,321.5718145453138,420.1649413764244,0.0,MS-HIDE,109,case57,0.09
True,17,0.04,True,7,7,False,17,True,0.001168723881623694,0.0122676028736897,0.4883030263953876,310.0125124969054,382.7963145915419,0.0,MS-HIDE,110,case57,0.09
True,41,0.04,True,3,3,False,41,True,4.116427829084456e-10,0.0022496636960810464,0.5261265303533572,307.5861791498028,379.841324975132,0.0,MS-HIDE,111,case57,0.09
True,15,0.04,False,20,20,False,0,False,0.5434302141883933,0.32571671082998405,0.5469684781281877,304.06056469655596,389.4776288769208,0.0,MS-HIDE,112,case57,0.09
True,12,-0.04,True,1,1,False,12,True,3.8671819781197475e-10,0.0004437270944358155,0.399899627030988,297.05020409892313,360.31123957945965,0.0,MS-HIDE,113,case57,0.09
True,33,-0.04,False,20,20,False,33,True,0.0224133770822628,0.05224587247105235,0.4957417583030271,302.1062186511699,375.49123300123034,0.0,MS-HIDE,114,case57,0.09
True,8,0.04,True,1,1,False,8,True,3.8671819781197475e-10,0.001057946977774258,0.3987310967232157,316.59693339606747,381.6124812496128,0.0,MS-HIDE,115,case57,0.09
True,16,-0.04,False,20,20,False,0,False,0.6025802019750996,0.2933562679590128,0.5471897935946355,302.966170955915,341.4016107621137,0.0,MS-HIDE,116,case57,0.09
True,46,-0.04,False,20,20,False,0,False,0.591818344967932,0.3054673203526131,0.5284739154866264,326.67034156329464,406.61853718047496,0.0,MS-HIDE,117,case57,0.09
True,8,-0.04,True,1,1,False,8,True,3.8671819781197475e-10,0.0011967073449712278,0.406787917031137,306.450185450376,367.22847292257944,0.0,MS-HIDE,118,case57,0.09
True,20,0.04,True,2,2,False,19,False,0.1714416009440448,0.005752861603456556,0.5403999379812875,300.26891245506704,344.0826378093334,0.0,MS-HIDE,119,case57,0.09
True,52,-0.04,True,3,3,False,52,True,0.17144160094714722,0.004957898547532905,0.4358060807177706,306.21194806008134,367.5454059324693,0.0,MS-HIDE,120,case57,0.09
True,9,-0.04,False,20,20,False,9,True,3.867181978120227e-10,0.012670322002211956,0.4349685616486375,306.51072724722326,405.8916160283843,0.0,MS-HIDE,121,case57,0.09
True,21,0.04,False,20,20,False,0,False,0.5474825506843853,0.3293872074908905,0.4965525002823721,315.9466501499992,392.05444762192207,0.0,MS-HIDE,122,case57,0.09
True,43,0.04,True,1,1,False,37,False,0.17144160094404476,0.0048781164183128636,0.5269833502957949,288.87468550237827,326.2416875339113,0.0,MS-HIDE,123,case57,0.09
True,18,-0.04,True,9,9,False,18,True,0.08144812399604948,0.019720607259779144,0.4980096143667503,297.97361045202706,348.91125834546983,0.0,MS-HIDE,124,case57,0.09
True,38,-0.04,True,18,18,False,38,True,0.1714416009440448,0.013790608129707463,0.5550681974403618,299.9508687586058,391.09604168043006,0.0,MS-HIDE,125,case57,0.09
True,47,-0.04,False,20,20,False,0,False,0.5566427006999447,0.26750022069020585,0.5332849444258024,305.7361313025467,351.745451768511,0.0,MS-HIDE,126,case57,0.09
True,51,-0.04,False,20,20,False,51,True,2.2494953207520913e-05,0.011556587112686516,0.5239232464569381,298.5621685977094,370.6563464831561,0.0,MS-HIDE,127,case57,0.09
True,23,0.04,True,0,0,False,0,False,0.5776043829526706,0.2954352034730815,0.5191678637604926,313.04069179750513,382.3539145756513,0.0,MS-HIDE,128,case57,0.09
True,40,0.04,True,15,15,False,40,True,0.0007180157176625086,0.019938381339632615,0.5281056453319419,317.09008765465114,383.554162766086,0.0,MS-HIDE,129,case57,0.09
True,20,-0.04,True,1,1,False,20,True,0.1714416009440448,0.005803275048701585,0.48942293212947807,299.1316896426724,366.9798440329032,0.0,MS-HIDE,130,case57,0.09
True,51,-0.04,False,20,20,False,51,True,4.505665219695278e-06,0.01156326510652975,0.5237950517937663,291.6473707417026,350.2983187296196,0.0,MS-HIDE,131,case57,0.09
True,26,0.04,True,15,15,False,26,True,0.17144160100631373,0.011363031844216677,0.49734573671817167,298.90884174674284,355.98140242218506,0.0,MS-HIDE,132,case57,0.09
True,43,-0.04,True,3,3,False,37,False,0.17144160096823965,0.004908514924209259,0.5065849046132299,298.6577268515248,347.96791840344673,0.0,MS-HIDE,133,case57,0.09
True,54,-0.04,True,5,5,False,54,True,3.9752011801231813e-10,0.005788964900219239,0.6404594870174106,306.9616771565052,372.5117027235683,0.0,MS-HIDE,134,case57,0.09
True,32,0.04,False,20,20,False,0,False,0.5471422271135769,0.32078104363880117,0.524023841459814,306.77629794518,380.6331336207223,0.0,MS-HIDE,135,case57,0.09
True,47,0.04,False,20,20,False,0,False,0.5138888900645612,0.328629816305001,0.541548350150365,292.92681665101554,341.2952955346555,0.0,MS-HIDE,136,case57,0.09
True,51,0.04,True,2,2,False,51,True,3.280119351091461e-07,0.011558895196249207,0.5354600383044872,297.5804542482365,351.9391648704186,0.0,MS-HIDE,137,case57,0.09
True,53,0.04,True,4,4,False,52,False,0.1714416009440448,0.004917029822350613,0.42979186128591923,310.31244995247107,368.45845145580824,0.0,MS-HIDE,138,case57,0.09
True,54,0.04,True,3,3,False,54,True,7.001322598654099e-05,0.006003871827565187,0.6416586622750218,318.2919479906559,408.84701728937216,0.0,MS-HIDE,139,case57,0.09
True,20,0.04,True,3,3,False,20,True,0.1714416009440448,0.005742806559980325,0.5265762157717818,299.68649374786764,351.9503773888573,0.0,MS-HIDE,140,case57,0.09
True,52,0.04,True,3,3,False,53,False,0.17144160094404476,0.005020679796072285,0.4097596182335869,303.0027998465812,382.3543473205064,0.0,MS-HIDE,141,case57,0.09
True,10,0.04,True,1,1,False,10,True,3.8671819781197475e-10,0.0023400029156207362,0.4835743108658583,310.38678110344335,370.38345593900885,0.0,MS-HIDE,142,case57,0.09
True,12,-0.04,True,1,1,False,12,True,3.8671819781197475e-10,0.00044372709496067516,0.39309007230848814,319.0468166547362,423.32533126173075,0.0,MS-HIDE,143,case57,0.09
True,10,0.04,True,1,1,False,10,True,3.8671819781197475e-10,0.002348420827636747,0.484871495595794,314.1653917613439,375.56388576340396,0.0,MS-HIDE,144,case57,0.09
True,11,-0.04,True,1,1,False,11,True,3.8671819781197475e-10,0.0011359069295523623,0.45910564793922115,306.52606879593804,366.8667556310538,0.0,MS-HIDE,145,case57,0.09
True,25,-0.04,True,9,9,False,26,False,0.1714416009440448,0.011463798312471163,0.5105781376736404,307.1457187004853,360.18307085323613,0.0,MS-HIDE,146,case57,0.09
True,36,0.04,True,2,2,False,36,True,3.8671811543224784e-10,0.0025797029915231315,0.4376912199210662,302.3196501482744,355.6397194071906,0.0,MS-HIDE,147,case57,0.09
True,44,-0.04,False,20,20,False,44,True,0.00015267935983140948,0.01028846758377535,0.5250964812795363,315.9602103958605,398.11435061565135,0.0,MS-HIDE,148,case57,0.09
True,24,0.04,True,5,5,False,29,False,0.1714416009537522,0.006511995720385852,0.6068270691507547,304.1909333085641,363.28412705042865,0.0,MS-HIDE,149,case57,0.09
True,3,0.04,True,1,1,False,3,True,3.867181978119769e-10,0.0035157583198091374,0.4833496936970761,299.02097914891783,350.6710163637763,0.0,MS-HIDE,150,case57,0.09
True,42,0.04,True,6,6,False,42,True,3.8671808797186145e-10,0.0063722935836939155,0.5431992376223406,318.2579750631703,454.1951645544032,0.0,MS-HIDE,151,case57,0.09
True,23,0.04,False,20,20,False,0,False,0.6525750003512225,0.27538371930012606,0.5087191956651013,296.13938760303427,374.989661044674,0.0,MS-HIDE,152,case57,0.09
True,45,0.04,True,10,10,False,45,True,3.867180879718638e-10,0.007328474254256302,0.4822450480554427,302.6927292055916,350.82609199744184,0.0,MS-HIDE,153,case57,0.09
True,24,-0.04,True,9,9,False,24,True,0.17144160126007416,0.006286550763218237,0.6382729190863619,296.06080194644164,363.9336910448037,0.0,MS-HIDE,154,case57,0.09
True,22,-0.04,False,20,20,False,0,False,0.5913709367277571,0.31264337295969724,0.5289307776266763,299.3180458492134,351.43844135454856,0.0,MS-HIDE,155,case57,0.09
True,23,0.04,False,20,20,False,0,False,0.5680896744493199,0.31466559065461486,0.4912825638922199,298.5778126574587,360.8887319016503,0.0,MS-HIDE,156,case57,0.09
True,54,0.04,True,7,7,False,54,True,4.343431862406478e-10,0.005782575857323708,0.6261401412892742,299.650585357449,352.6069628074766,0.0,MS-HIDE,157,case57,0.09
True,33,-0.04,False,20,20,False,0,False,0.5733020219226302,0.3177177853715435,0.5401934321498832,299.8135062545771,359.99965805385733,0.0,MS-HIDE,158,case57,0.09
True,39,-0.04,False,20,20,False,39,True,3.8671808797212884e-10,0.010160291840274055,0.5084082293056948,310.42873964761384,382.102016688441,0.0,MS-HIDE,159,case57,0.09
True,13,0.04,True,2,2,False,13,True,3.8671819781197486e-10,0.0011771972435251615,0.3486867146331801,310.6641979975393,359.8621646146057,0.0,MS-HIDE,160,case57,0.09
True,38,0.04,False,20,20,False,38,True,0.17144160113285212,0.014118889388243096,0.5321219926618297,309.6939771028701,389.4665499916301,0.0,MS-HIDE,161,case57,0.09
True,35,0.04,True,1,1,False,35,True,3.8671808797186145e-10,0.0019152635018630346,0.4272202088513697,304.62807919539046,351.44256012281403,0.0,MS-HIDE,162,case57,0.09
True,26,-0.04,False,20,20,False,25,False,0.1714416009440448,0.011401836034088527,0.4590380743169636,305.95924589724746,369.59749106026726,0.0,MS-HIDE,163,case57,0.09
True,1,0.04,False,20,20,False,0,False,0.5667414066273221,0.3192159833356645,0.5563285544525446,297.6303771516541,361.12071521929465,0.0,MS-HIDE,164,case57,0.09
True,49,-0.04,True,4,4,False,49,True,2.1301907111796128e-08,0.005122660304179352,0.44055750399848237,302.79162924853154,368.87047049822297,0.0,MS-HIDE,165,case57,0.09
True,40,0.04,True,9,9,False,40,True,0.00024237435100285518,0.021448774434708245,0.5084534899319165,305.80774169648066,389.91102533764206,0.0,MS-HIDE,166,case57,0.09
True,40,0.04,False,20,20,False,40,True,0.0013828057079389813,0.02103068420805893,0.5470942045980822,306.0010124987457,379.5393152016914,0.0,MS-HIDE,167,case57,0.09
True,28,0.04,True,2,2,False,28,True,3.8671814289192017e-10,0.0026379299374859103,0.5763592373297025,310.3853561071446,360.49414764856925,0.0,MS-HIDE,168,case57,0.09
True,38,0.04,False,20,20,False,38,True,0.1714416009470355,0.013791643004286591,0.562890249016574,317.3159208003199,408.9992312161485,0.0,MS-HIDE,169,case57,0.09
True,27,0.04,True,2,2,False,27,True,3.867181428919181e-10,0.0034770990868139974,0.5537705310941242,308.1187373580178,366.84137020783965,0.0,MS-HIDE,170,case57,0.09
True,30,-0.04,True,7,7,False,30,True,0.004144306929331852,0.006301243645654957,0.4739731636969239,317.1860687463777,378.32256661495194,0.0,MS-HIDE,171,case57,0.09
True,31,-0.04,True,4,4,False,31,True,0.0033784724877976733,0.0063454034374829564,0.4439626128975487,291.1697666510008,340.26989726989996,0.0,MS-HIDE,172,case57,0.09
True,27,0.04,True,2,2,False,27,True,3.867181428919681e-10,0.0034693573142279056,0.5501579091553499,290.3072603949113,357.6470815227367,0.0,MS-HIDE,173,case57,0.09
True,51,0.04,True,7,7,False,51,True,1.4932637519721874e-07,0.011557838668924715,0.5195682339514985,306.90147089771926,378.8999315613182,0.0,MS-HIDE,174,case57,0.09
True,28,0.04,True,1,1,False,28,True,3.8671814289191816e-10,0.0026685734716711544,0.58356451928686,313.10274795396253,361.976150024566,0.0,MS-HIDE,175,case57,0.09
True,33,-0.04,False,20,20,False,33,True,0.41339392941449343,0.15533609619851246,0.4955896090173456,309.970583190443,378.3341020724038,0.0,MS-HIDE,176,case57,0.09
True,20,-0.04,True,3,3,False,19,False,0.1714416009440448,0.005779958853202013,0.4787701807858534,310.87482925504446,385.519700270379,0.0,MS-HIDE,177,case57,0.09
True,5,0.04,True,2,2,False,5,True,2.1795907867321534e-06,0.0034516667525594626,0.5469264356764781,296.4938417513622,369.43327711487655,0.0,MS-HIDE,178,case57,0.09
True,38,0.04,False,20,20,False,56,False,0.1714416009440448,0.013782275039468475,0.5600411817513457,273.2905998971546,347.9029110545526,0.0,MS-HIDE,179,case57,0.09
True,52,-0.04,True,4,4,False,52,True,0.17144160094441951,0.004952867849460873,0.4129479202662557,301.4847020502202,366.29906904126983,0.0,MS-HIDE,180,case57,0.09
True,48,0.04,True,3,3,False,48,True,6.993923299132097e-08,0.0036177661891098386,0.5177694972707422,306.86478335701395,389.0880204824498,0.0,MS-HIDE,181,case57,0.09
True,32,-0.04,False,20,20,False,0,False,0.562968927672844,0.31476534588863075,0.5146204104705446,300.6022022513207,380.3194232226815,0.0,MS-HIDE,182,case57,0.09
True,48,0.04,True,3,3,False,48,True,3.9204280052111126e-10,0.0036198815089057397,0.5165678354942339,294.5063624996692,360.5323518277146,0.0,MS-HIDE,183,case57,0.09
True,48,0.04,True,4,4,False,48,True,3.8671808797186166e-10,0.0038051852604509035,0.5131541333598377,213.84679600596428,286.9154413318029,0.0,MS-HIDE,184,case57,0.09
True,5,0.04,True,1,1,False,5,True,9.747813191113632e-09,0.0034516669779563027,0.5426192456060942,297.43805420584977,381.86335383797996,0.0,MS-HIDE,185,case57,0.09
True,41,0.04,True,2,2,False,41,True,4.0710496510122443e-10,0.0022426757612917176,0.4876238631817195,277.65087284496985,337.75823780742945,0.0,MS-HIDE,186,case57,0.09
True,29,-0.04,True,5,5,False,24,False,0.1714416012150961,0.00654467032402192,0.6296467071259952,314.16566864645574,401.1911482491996,0.0,MS-HIDE,187,case57,0.09
True,10,-0.04,True,1,1,False,10,True,3.8671819781197475e-10,0.002340938315379372,0.4923615521749933,254.7888313507428,308.9076791831758,0.0,MS-HIDE,188,case57,0.09
True,13,0.04,True,2,2,False,13,True,3.8671819781197475e-10,0.0011824276084028383,0.34882962560475955,139.5940603892086,208.76271485467444,0.0,MS-HIDE,189,case57,0.09
True,7,-0.04,False,20,20,False,7,True,0.42311234846488677,0.17376499452178296,0.5198286303239967,310.43585214647464,402.03773093235213,0.0,MS-HIDE,190,case57,0.09
True,34,-0.04,True,6,6,False,34,True,3.8671808797186916e-10,0.006424866648552023,0.47674659514421747,220.0024247984402,293.4707889711717,0.0,MS-HIDE,191,case57,0.09
True,23,-0.04,False,20,20,False,0,False,0.602214328534866,0.29826447130145906,0.5342445462967056,307.43067724397406,378.5496704658726,0.0,MS-HIDE,192,case57,0.09
True,22,-0.04,False,20,20,False,0,False,0.554574571656252,0.3250664561092307,0.5415398145312826,194.645899956231,291.942876734538,0.0,MS-HIDE,193,case57,0.09
True,53,-0.04,True,2,2,False,52,False,0.1714416009440448,0.005028316694434213,0.4070322772146563,99.27579795185011,140.31541522417683,0.0,MS-HIDE,194,case57,0.09
True,40,0.04,False,20,20,False,40,True,0.00025935264769864707,0.020312225817757698,0.5210458375802148,260.0790686905384,320.4310958710266,0.0,MS-HIDE,195,case57,0.09
True,4,-0.04,False,20,20,False,0,False,0.5160023016065345,0.33744366567999606,0.5324152705351191,141.92962290544529,207.03294578415807,0.0,MS-HIDE,196,case57,0.09
True,23,0.04,False,20,20,False,0,False,0.5784107211906652,0.3201390329988916,0.49595473838790943,267.25487090589013,327.7109267190099,0.0,MS-HIDE,197,case57,0.09
True,17,0.04,False,20,20,False,17,True,0.022470719980255693,0.018403681273827216,0.4936320168357394,148.3886937436182,217.8313457785407,0.0,MS-HIDE,198,case57,0.09
True,28,0.04,True,1,1,False,28,True,3.867181428919181e-10,0.0026684510369089495,0.5822777522136874,76.51718135748524,85.95748538209591,0.0,MS-HIDE,199,case57,0.09
True,26,-0.04,True,8,8,False,25,False,0.17144160140019987,0.02986393588480759,0.6805621373803518,2.0101311412872747,2.3223833937663585,0.0,RHMTD,0,case57,0.09
True,49,-0.04,True,3,3,False,49,True,2.402955156486211e-08,0.009436287021234351,0.6839252696558954,3.7064312520669773,8.684612152865157,0.0,RHMTD,1,case57,0.09
True,53,-0.04,False,20,20,False,53,True,0.1797625428853211,0.01003674801406014,0.6921063538253954,3.1324687064625323,3.893727072863841,0.0,RHMTD,2,case57,0.09
True,37,0.04,True,5,5,False,43,False,0.1714416009440448,0.007486487399425873,0.6882063860241789,4.235735299880616,8.344339940231295,0.0,RHMTD,3,case57,0.09
True,46,0.04,True,17,17,False,0,False,0.5804918025385303,0.2936842606267057,0.6807096356472152,5.315818800590932,12.934320807107726,0.0,RHMTD,4,case57,0.09
True,17,0.04,False,20,20,False,18,False,0.5142367762654866,0.21204731837478158,0.6861115946660321,2.052162494510412,2.513581229140982,0.0,RHMTD,5,case57,0.09
True,24,0.04,True,2,2,False,24,True,0.1714416009815387,0.021432853782922114,0.6815829952003357,3.5569915489759296,5.873031576629728,0.0,RHMTD,6,case57,0.09
True,3,0.04,False,20,20,False,3,True,3.867181703525113e-10,0.013081838415666864,0.6798675661237817,3.1573855580063537,5.436274991370738,0.0,RHMTD,7,case57,0.09
True,8,-0.04,True,1,1,False,8,True,3.8671819781197475e-10,0.0014424132149597848,0.6959506194985554,6.47301884891931,11.97685384540821,0.0,RHMTD,8,case57,0.09
True,22,0.04,False,20,20,False,0,False,0.6536558568724213,0.26272681255599434,0.6893732976626792,4.508448002161458,9.669360108091496,0.0,RHMTD,9,case57,0.09
True,29,-0.04,True,5,5,False,29,True,0.17144160095040317,0.018772508179611822,0.6814074376376066,1.9612395466538146,2.3387381457723677,0.0,RHMTD,10,case57,0.09
True,28,-0.04,True,1,1,False,28,True,3.8671811543296454e-10,0.008633203684070168,0.6827601443028692,3.9368915429804474,6.127861858112741,0.0,RHMTD,11,case57,0.09
True,8,0.04,True,1,1,False,8,True,3.8671819781197475e-10,0.001889886522534973,0.6882620881522356,3.945518852560781,8.01706876663957,0.0,RHMTD,12,case57,0.09
True,28,-0.04,True,1,1,False,28,True,3.867181428921686e-10,0.003596637938797309,0.6855829478321017,4.005716645042412,7.146645820466804,0.0,RHMTD,13,case57,0.09
True,22,0.04,False,20,20,False,0,False,0.6246394817858031,0.25006604026658724,0.6904466268768982,4.8291437909938395,12.57283154409379,0.0,RHMTD,14,case57,0.09
True,26,0.04,False,20,20,False,26,True,0.17144160108106388,0.026801893190998422,0.6837675339249983,2.1246604475891218,2.598014596151189,0.0,RHMTD,15,case57,0.09
True,40,-0.04,False,20,20,False,40,True,0.002778531116904432,0.023521315232597487,0.6863352699890193,4.438570694765076,10.254287155112253,0.0,RHMTD,16,case57,0.09
True,1,-0.04,False,20,20,False,1,True,0.41180072728681894,0.17775667617856916,0.6766058631271349,4.063918651081622,7.528385453042576,0.0,RHMTD,17,case57,0.09
True,37,-0.04,True,4,4,False,43,False,0.1714416009440448,0.008364182975079102,0.6941352055914524,5.049643747042865,11.450358654838055,0.0,RHMTD,18,case57,0.09
True,42,-0.04,True,5,5,False,42,True,4.0032951806415897e-10,0.01192899162032906,0.6889024017290962,4.8100480024004355,12.31090627552476,0.0,RHMTD,19,case57,0.09
True,32,0.04,False,20,20,False,0,False,0.5218952181618891,0.31573485284845365,0.6831292691204288,1.9976646057330072,2.376431235461496,0.0,RHMTD,20,case57,0.09
True,20,0.04,True,2,2,False,19,False,0.1714416009440448,0.0059800232777547065,0.689752659944272,4.31912284984719,8.636883684084763,0.0,RHMTD,21,case57,0.09
True,46,0.04,False,20,20,False,0,False,0.585090930922524,0.28964120789191133,0.6961640573575092,3.6368458531796932,7.489914222969676,0.0,RHMTD,22,case57,0.09
True,42,0.04,True,18,18,False,42,True,3.919805083438159e-10,0.01301281609125562,0.6848446981969827,4.309793747961521,9.250735378009267,0.0,RHMTD,23,case57,0.09
True,56,-0.04,True,3,3,False,38,False,0.17159590524607382,0.04619880042470894,0.6892618934065661,4.429522796999663,9.365253822761588,0.0,RHMTD,24,case57,0.09
True,53,0.04,True,6,6,False,52,False,0.1714416009440448,0.00919622366980554,0.6898001733805861,3.994839653023519,7.434945885324854,0.0,RHMTD,25,case57,0.09
True,48,0.04,False,20,20,False,48,True,3.9526599316605287e-10,0.013536275415263128,0.6816272779028285,4.061287597869523,9.035467312787661,0.0,RHMTD,26,case57,0.09
True,24,-0.04,True,6,6,False,24,True,0.17144160275697776,0.017703974745114488,0.6904486756491894,4.94871690752916,10.767971156747091,0.0,RHMTD,27,case57,0.09
True,20,0.04,True,1,1,False,20,True,0.1714416009440448,0.00656849425454275,0.684944683027532,4.361891551525332,10.96132673264947,0.0,RHMTD,28,case57,0.09
True,34,-0.04,True,5,5,False,34,True,8.280279103525532e-10,0.02602077514476987,0.6851581208864856,3.3619124442338943,4.8762871912913415,0.0,RHMTD,29,case57,0.09
True,11,-0.04,True,1,1,False,11,True,3.8671819781197475e-10,0.0027649767309597764,0.6958949173704989,3.7623313517542556,7.664932985790075,0.0,RHMTD,30,case57,0.09
True,38,0.04,False,20,20,False,56,False,0.30353647194623185,0.07657574216650506,0.6856406987324494,5.058993597049266,8.865566059830607,0.0,RHMTD,31,case57,0.09
True,32,0.04,False,20,20,False,0,False,0.5658330302363797,0.29460107273177677,0.6819521200178952,3.9146436494775116,7.293295164708984,0.0,RHMTD,32,case57,0.09
True,15,-0.04,False,20,20,False,0,False,0.4976609342029305,0.3228604509226738,0.6863909721170758,4.352073147310875,10.625552383135075,0.0,RHMTD,33,case57,0.09
True,36,0.04,True,1,1,False,36,True,3.867180879718638e-10,0.005064937737192664,0.6886889638701427,5.162775103235617,9.332446433836617,0.0,RHMTD,34,case57,0.09
True,26,0.04,False,20,20,False,25,False,0.17156593930760702,0.022236823668521734,0.6929023543608622,3.742137402878143,6.674941963865423,0.0,RHMTD,35,case57,0.09
True,28,0.04,True,1,1,False,28,True,3.8671814289191816e-10,0.003750912684781486,0.6905486604797386,3.347921054228209,6.084479490527885,0.0,RHMTD,36,case57,0.09
True,3,0.04,True,14,14,False,3,True,3.8671819781227523e-10,0.01660944135591719,0.6922640895562926,3.156410393421538,4.380332972505131,0.0,RHMTD,37,case57,0.09
True,6,0.04,True,3,3,False,6,True,2.619630418704978e-09,0.013747219214699848,0.6906600647358517,4.387008500634693,10.886991006555036,0.0,RHMTD,38,case57,0.09
True,51,-0.04,False,20,20,False,51,True,0.17296998030757563,0.023544769893068678,0.6857963856910552,5.343533187988214,10.926252361969098,0.0,RHMTD,39,case57,0.09
True,17,0.04,False,20,20,False,17,True,0.16685240013460498,0.06909224086929315,0.6862332363861787,4.7503270441666245,12.367765983799474,0.0,RHMTD,40,case57,0.09
True,49,-0.04,True,14,14,False,49,True,3.867180605118992e-10,0.00906010057228836,0.6777170726375785,3.1033937470056117,4.344977418077178,0.0,RHMTD,41,case57,0.09
True,19,-0.04,True,1,1,False,20,False,0.1714416009440448,0.006409814489144446,0.6901795356621793,3.4512479993281886,4.320375341922051,0.0,RHMTD,42,case57,0.09
True,31,0.04,False,20,20,False,31,True,0.1310868612700433,0.012438389135445557,0.692319791684349,4.435672893305309,8.288629434537144,0.0,RHMTD,43,case57,0.09
True,55,0.04,True,1,1,False,55,True,3.8671808797189325e-10,0.0034674102209122895,0.6923197916843491,4.909899944323115,11.552176807890648,0.0,RHMTD,44,case57,0.09
True,2,0.04,True,5,5,False,2,True,3.8671817035197104e-10,0.011789410216526642,0.6886889638701426,4.015445848926902,9.08247672778089,0.0,RHMTD,45,case57,0.09
True,34,-0.04,True,18,18,False,34,True,0.00018555939285183636,0.01725055841945258,0.6870292369216453,3.5938541434006765,6.909633663599379,0.0,RHMTD,46,case57,0.09
True,14,-0.04,True,4,4,False,14,True,3.8671814289294515e-10,0.017138542034695475,0.6902909399182924,5.8624208526453,9.628302400233258,0.0,RHMTD,47,case57,0.09
True,1,0.04,False,20,20,False,16,False,0.40227327313792005,0.21881427214799198,0.6959506194985555,4.497802053811029,10.493120810133407,0.0,RHMTD,48,case57,0.09
True,34,-0.04,False,20,20,False,34,True,7.167982476101167e-08,0.022611509705916855,0.6870292369216453,3.701702199759893,7.370431581512094,0.0,RHMTD,49,case57,0.09
True,40,-0.04,False,20,20,False,40,True,4.828366123443703e-06,0.02213130341411399,0.6916155872876895,4.66634159674868,9.986333281267443,0.0,RHMTD,50,case57,0.09
True,27,-0.04,True,3,3,False,27,True,3.8671814289194457e-10,0.005772704292977409,0.6867600969346352,3.0976750480476767,4.001789880567231,0.0,RHMTD,51,case57,0.09
True,44,-0.04,False,20,20,False,44,True,0.008632598462704592,0.037369412661290076,0.6925332295433027,3.965402048197575,8.575003818259576,0.0,RHMTD,52,case57,0.09
True,1,0.04,False,20,20,False,0,False,0.5864128437819107,0.2790532047433944,0.6902352377902359,3.3987165079452097,6.341113976668567,0.0,RHMTD,53,case57,0.09
True,20,-0.04,True,3,3,False,20,True,0.1714416009440448,0.006418332314968603,0.6923197916843491,3.0337894975673407,3.7025898636784405,0.0,RHMTD,54,case57,0.09
True,41,-0.04,True,1,1,False,41,True,4.250018906436769e-10,0.00257452490542097,0.6925332295433027,6.162131347809918,21.70897916657851,0.0,RHMTD,55,case57,0.09
True,25,0.04,False,20,20,False,25,True,0.17144160100681383,0.04263041586512445,0.6943486434504059,4.640664605540223,10.62309379631188,0.0,RHMTD,56,case57,0.09
True,33,0.04,False,20,20,False,35,False,0.3629647889062279,0.0670005427016611,0.6929023543608621,3.9592582907062024,7.549358269898225,0.0,RHMTD,57,case57,0.09
True,42,-0.04,True,7,7,False,42,True,3.8951880245212636e-10,0.014185520613486671,0.6907178156361994,5.361935289693065,10.72490770602599,0.0,RHMTD,58,case57,0.09
True,21,0.04,False,20,20,False,0,False,0.584281211435098,0.284776261333674,0.6959506194985556,3.138622856931761,4.474893459700981,0.0,RHMTD,59,case57,0.09
True,36,-0.04,True,3,3,False,36,True,1.9919702071068996e-06,0.0031215231586846793,0.6957371816396019,3.2353583577787504,4.728611052269118,0.0,RHMTD,60,case57,0.09
True,46,0.04,False,20,20,False,0,False,0.607252207798959,0.2725800347442669,0.6847286435358629,4.77360219520051,9.41115267632995,0.0,RHMTD,61,case57,0.09
True,56,0.04,False,20,20,False,38,False,0.3607775650804652,0.06658199169040752,0.6859640963991686,4.4781771110137925,8.697803819086403,0.0,RHMTD,62,case57,0.09
True,8,-0.04,True,1,1,False,8,True,3.8671819781197475e-10,0.0018688170965234095,0.6882620881522356,4.818675052956678,11.712777111097244,0.0,RHMTD,63,case57,0.09
True,2,0.04,False,20,20,False,2,True,3.9314749001089704e-10,0.010968003681844257,0.6910869404537588,5.233193704043515,10.078178840922195,0.0,RHMTD,64,case57,0.09
True,43,0.04,True,6,6,False,37,False,0.17144160094404476,0.00831957978769863,0.687242674780599,7.912968751043081,12.089995498536208,0.0,RHMTD,65,case57,0.09
True,11,0.04,True,1,1,False,11,True,3.8671819781197475e-10,0.002764303203499421,0.6872426747805989,4.841679200762883,12.575360378832556,0.0,RHMTD,66,case57,0.09
True,7,0.04,False,20,20,False,7,True,0.04097400355995675,0.04028779720353915,0.6903909247488416,5.970118747791275,13.040561819798329,0.0,RHMTD,67,case57,0.09
True,7,-0.04,False,20,20,False,7,True,2.376375533805877e-06,0.042886096182620397,0.6850921812943955,5.2812168025411665,12.471519430982882,0.0,RHMTD,68,case57,0.09
True,51,-0.04,False,20,20,False,51,True,0.02874697701935422,0.020856459422524256,0.687984759473483,4.388570849550888,9.28625864326023,0.0,RHMTD,69,case57,0.09
True,12,-0.04,True,1,1,False,12,True,3.8671819781197475e-10,0.0006911150248794344,0.6861115946660321,6.552006150013767,21.488882703124546,0.0,RHMTD,70,case57,0.09
True,17,-0.04,False,20,20,False,18,False,0.12391707405133517,0.04768398289974361,0.6814715909442226,3.8309479015879333,9.546783313271593,0.0,RHMTD,71,case57,0.09
True,35,0.04,True,2,2,False,35,True,3.9185903266760614e-10,0.008762037111122351,0.6868157990626917,3.7865396501729265,7.171799693605863,0.0,RHMTD,72,case57,0.09
True,37,0.04,True,1,1,False,43,False,0.1714416009440448,0.008339243316058856,0.6887889487006921,4.879504206473939,11.968123572296467,0.0,RHMTD,73,case57,0.09
True,11,0.04,True,1,1,False,11,True,3.8671819781197475e-10,0.002583995123088122,0.6896406513642152,3.595733395195566,4.812918446259578,0.0,RHMTD,74,case57,0.09
True,43,-0.04,True,1,1,False,43,True,0.1714416009440448,0.007413725450157501,0.6907178156361994,5.374777299584821,15.220652116113342,0.0,RHMTD,75,case57,0.09
True,39,0.04,False,20,20,False,39,True,2.1013676445258836e-09,0.022247296187089205,0.6882063860241789,4.796737583819777,9.932644007494675,0.0,RHMTD,76,case57,0.09
True,41,-0.04,True,1,1,False,41,True,3.867180879719487e-10,0.005236943453309979,0.683556144838336,5.757210295996629,13.85175025789068,0.0,RHMTD,77,case57,0.09
True,11,-0.04,True,1,1,False,11,True,3.8671819781197475e-10,0.0025845849683743954,0.6864466742451323,4.895845800638199,10.89363926148508,0.0,RHMTD,78,case57,0.09
True,24,0.04,True,4,4,False,24,True,0.1714416009440448,0.010284586255774483,0.6831292691204288,4.001268694992177,10.482534751645291,0.0,RHMTD,79,case57,0.09
True,26,-0.04,False,20,20,False,26,True,0.17144160094404481,0.016262128582182754,0.6863909721170758,3.4948417043779045,4.584597211214715,0.0,RHMTD,80,case57,0.09
True,37,0.04,True,6,6,False,37,True,0.1714416009440448,0.008146635620229218,0.6889024017290962,4.750912499730475,11.303287497139536,0.0,RHMTD,81,case57,0.09
True,26,-0.04,False,20,20,False,25,False,0.17144160094404481,0.024544764608913427,0.6901795356621792,3.9573354471940547,9.608899982413279,0.0,RHMTD,82,case57,0.09
True,20,-0.04,True,2,2,False,19,False,0.1714416009440448,0.0066731495570631835,0.689058088687702,4.256216704379767,9.952120875823313,0.0,RHMTD,83,case57,0.09
True,54,0.04,True,1,1,False,54,True,3.9631388475816205e-10,0.005859289899438315,0.6906043626077952,3.9574958587763835,9.057414525887,0.0,RHMTD,84,case57,0.09
True,31,0.04,True,4,4,False,31,True,0.1391365883216102,0.012287322298779664,0.6925332295433027,6.3288583944085985,14.946797897573582,0.0,RHMTD,85,case57,0.09
True,28,0.04,True,1,1,False,28,True,3.867181428919181e-10,0.00363586931472757,0.6837118317969418,5.152131398790516,11.079317342955619,0.0,RHMTD,86,case57,0.09
True,26,-0.04,False,20,20,False,26,True,0.17144160102838182,0.018750811680005922,0.6847889960689261,5.375112447654828,12.162424702546565,0.0,RHMTD,87,case57,0.09
True,17,-0.04,False,20,20,False,0,False,0.6380306488482339,0.17111377100615352,0.6938660656044422,4.072533248108812,7.336993090575561,0.0,RHMTD,88,case57,0.09
True,55,-0.04,True,2,2,False,55,True,3.867180879719085e-10,0.0032793174248253597,0.689058088687702,3.8624667475232854,8.15417468547821,0.0,RHMTD,89,case57,0.09
True,11,0.04,True,1,1,False,11,True,3.8671819781197475e-10,0.0015253826534955396,0.6893732976626791,5.693762539885938,12.521366032888182,0.0,RHMTD,90,case57,0.09
True,48,-0.04,True,19,19,False,48,True,3.8671808797186145e-10,0.014148374950402947,0.6847889960689263,3.9907124970341106,8.99624791345559,0.0,RHMTD,91,case57,0.09
True,50,-0.04,True,1,1,False,50,True,0.00011483556064969522,0.009394769815415255,0.6901795356621792,5.35309809492901,12.613190244883299,0.0,RHMTD,92,case57,0.09
True,53,-0.04,False,20,20,False,52,False,0.17828459820308454,0.009089615017430665,0.6929023543608622,5.147731138276868,11.3271142647136,0.0,RHMTD,93,case57,0.09
True,43,0.04,True,1,1,False,43,True,0.17144160094404476,0.008134906839492419,0.686660112104086,5.772762504057027,11.872714897617703,0.0,RHMTD,94,case57,0.09
True,40,-0.04,False,20,20,False,40,True,7.59633739872e-07,0.025466387940597784,0.6859002055793696,4.860160400858149,11.52913991245442,0.0,RHMTD,95,case57,0.09
True,10,-0.04,True,1,1,False,10,True,3.8671819781197475e-10,0.004154364682916153,0.6941352055914524,5.350729150814004,10.584236049908215,0.0,RHMTD,96,case57,0.09
True,14,0.04,True,5,5,False,14,True,5.314865498987537e-10,0.009360739836697324,0.6790056259962253,5.008641586755402,10.85684817517177,0.0,RHMTD,97,case57,0.09
True,53,-0.04,True,2,2,False,53,True,0.1715774926345558,0.013067550960228151,0.6892715265466557,5.935276951640844,12.136831859243118,0.0,RHMTD,98,case57,0.09
True,49,-0.04,True,1,1,False,49,True,2.4185443819664093e-06,0.01042169118304082,0.6866044099760292,4.727791802724823,9.85516729706433,0.0,RHMTD,99,case57,0.09
True,56,0.04,False,20,20,False,38,False,0.18319758019264498,0.050057226577040724,0.6919949495692824,5.200666596647352,10.643331232131459,0.0,RHMTD,100,case57,0.09
True,17,-0.04,False,20,20,False,18,False,0.5006477910091196,0.1748046182536395,0.6943486434504059,5.282133346190676,11.085337496479045,0.0,RHMTD,101,case57,0.09
True,12,0.04,True,1,1,False,12,True,3.8671819781197475e-10,0.0006911150236664214,0.6857406835629987,4.321781202452257,9.572920805658214,0.0,RHMTD,102,case57,0.09
True,48,-0.04,False,20,20,False,48,True,5.648368205165416e-10,0.01823569692550132,0.6847312451685783,4.310320850345306,12.292258004890755,0.0,RHMTD,103,case57,0.09
True,31,0.04,True,19,19,False,30,False,0.1699539387604182,0.012267801616971863,0.6836118469663924,5.08153123955708,11.87178300460801,0.0,RHMTD,104,case57,0.09
True,31,0.04,True,19,19,False,31,True,0.13105709936425708,0.01274917275741323,0.6906043626077952,5.4844625847181305,12.548802097444424,0.0,RHMTD,105,case57,0.09
True,41,-0.04,True,1,1,False,41,True,3.867180605118434e-10,0.0022564862370392357,0.6924197765148985,5.062633298803121,12.328145201900044,0.0,RHMTD,106,case57,0.09
True,16,-0.04,False,20,20,False,0,False,0.5328335020596565,0.3124636798968116,0.6865466590756816,4.681685345713049,10.718136804644022,0.0,RHMTD,107,case57,0.09
True,20,0.04,True,2,2,False,19,False,0.1714416009440448,0.006478245375026454,0.6916155872876895,5.801060548401438,12.020173508790325,0.0,RHMTD,108,case57,0.09
True,50,0.04,True,7,7,False,50,True,4.288223279942365e-10,0.011878797815296693,0.682155924736759,5.250535358209163,12.73021191591397,0.0,RHMTD,109,case57,0.09
True,17,0.04,False,20,20,False,0,False,0.5781151074407445,0.211840621660992,0.6902909399182923,3.872066590702161,7.867247605463491,0.0,RHMTD,110,case57,0.09
True,41,0.04,True,1,1,False,41,True,3.867180605120203e-10,0.0052504272885647435,0.6824910043158592,4.021247808123007,7.170993767795154,0.0,RHMTD,111,case57,0.09
True,15,0.04,False,20,20,False,0,False,0.5947253378847427,0.2855866328487643,0.6921063538253954,5.713616800494492,13.386740206624385,0.0,RHMTD,112,case57,0.09
True,12,-0.04,True,1,1,False,12,True,3.8671819781197475e-10,0.0007167016264263266,0.6824910043158592,9.342941700015217,43.83780804055277,0.0,RHMTD,113,case57,0.09
True,33,-0.04,False,20,20,False,0,False,0.5798145724292988,0.28144240385075714,0.6785347300626423,5.938616645289585,11.367616348434257,0.0,RHMTD,114,case57,0.09
True,8,0.04,True,1,1,False,8,True,3.8671819781197475e-10,0.0018449752777217599,0.6938660656044422,4.421445904881693,9.960914938710632,0.0,RHMTD,115,case57,0.09
True,16,-0.04,False,20,20,False,0,False,0.5463381334214378,0.30643649152662383,0.691892915966442,4.193266652873717,10.023618739796804,0.0,RHMTD,116,case57,0.09
True,46,-0.04,False,20,20,False,0,False,0.5906641752024009,0.2752200725293231,0.6900217999312822,4.622535407543182,9.587147989077494,0.0,RHMTD,117,case57,0.09
True,8,-0.04,True,1,1,False,8,True,3.8671819781197475e-10,0.001669926417339572,0.6870292369216453,4.83349364658352,8.603520170436244,0.0,RHMTD,118,case57,0.09
True,20,0.04,True,2,2,False,20,True,0.1714416009440448,0.00649783252199894,0.6889024017290962,3.689812496304512,9.113689561490903,0.0,RHMTD,119,case57,0.09
True,52,-0.04,True,4,4,False,53,False,0.1714416009440448,0.009951361764284308,0.6880847443040324,5.4162166867172346,12.097954194177875,0.0,RHMTD,120,case57,0.09
True,9,-0.04,False,20,20,False,9,True,3.100059048442392e-06,0.024290499282884764,0.6979794712646124,5.036349952570163,15.289195458171891,0.0,RHMTD,121,case57,0.09
True,21,0.04,False,20,20,False,0,False,0.5610967467950608,0.29801601742128125,0.6943486434504059,5.7696916977874935,12.906818094779744,0.0,RHMTD,122,case57,0.09
True,43,0.04,True,1,1,False,43,True,0.1714416009440448,0.008104162799453135,0.6831292691204287,5.313616796047427,13.315344092552559,0.0,RHMTD,123,case57,0.09
True,18,-0.04,True,9,9,False,18,True,0.5646617974101289,0.16430104657077338,0.6759573608585319,4.968633453245275,13.243021184462123,0.0,RHMTD,124,case57,0.09
True,38,-0.04,False,20,20,False,38,True,0.17144179960404918,0.03850943489102199,0.6885755108417384,4.883912455989048,11.27950063382741,0.0,RHMTD,125,case57,0.09
True,47,-0.04,False,20,20,False,0,False,0.6117733992079066,0.2313833468039335,0.6961640573575091,5.609093751991168,12.347360103740366,0.0,RHMTD,126,case57,0.09
True,51,-0.04,False,20,20,False,51,True,0.255001565588477,0.02249621028619939,0.6851003699861379,5.0852583546657115,11.450629541650416,0.0,RHMTD,127,case57,0.09
True,23,0.04,True,0,0,False,0,False,0.6394241692661153,0.23792634991702574,0.6977660334056588,5.854708296828903,9.667252394137932,0.0,RHMTD,128,case57,0.09
True,40,0.04,True,15,15,False,40,True,0.0005023124631220657,0.0287983524913017,0.6821198307260086,5.12479379249271,10.903033308568412,0.0,RHMTD,129,case57,0.09
True,20,-0.04,True,1,1,False,19,False,0.17144160094518376,0.00739709347095549,0.6850024339278795,4.843210391118191,13.015464559430256,0.0,RHMTD,130,case57,0.09
True,51,-0.04,False,20,20,False,51,True,0.17295347509540754,0.025375879442998735,0.6959506194985556,4.385706203174777,11.225366700091401,0.0,RHMTD,131,case57,0.09
True,26,0.04,False,20,20,False,26,True,0.17144160094668456,0.014241342078530403,0.6699702375304863,5.076589452801272,12.322018726263195,0.0,RHMTD,132,case57,0.09
True,43,-0.04,True,1,1,False,37,False,0.1714416009440448,0.008372391497367102,0.694348643450406,4.548912501195446,12.448619393398987,0.0,RHMTD,133,case57,0.09
True,54,-0.04,True,3,3,False,54,True,3.867180879721808e-10,0.007023248804651484,0.6902352377902358,6.395860348129645,12.662052013911328,0.0,RHMTD,134,case57,0.09
True,32,0.04,False,20,20,False,0,False,0.5720573185678627,0.2946299732017485,0.6908735025948054,4.576283204369247,10.506269120378422,0.0,RHMTD,135,case57,0.09
True,47,0.04,False,20,20,False,0,False,0.5988679353930937,0.21988637834201485,0.6856406987324493,4.5783417066559196,11.313781919307075,0.0,RHMTD,136,case57,0.09
True,51,0.04,True,2,2,False,51,True,0.0605498662096634,0.026838958384482164,0.6851581208864856,5.057614698307589,11.528656535665506,0.0,RHMTD,137,case57,0.09
True,53,0.04,True,1,1,False,53,True,0.171442902163359,0.009686301761727661,0.6876117995981584,4.020241697435267,8.506603501155041,0.0,RHMTD,138,case57,0.09
True,54,0.04,True,1,1,False,54,True,3.945958484556205e-10,0.010695593574730338,0.6857963856910552,3.9389124023728073,9.27837707276922,0.0,RHMTD,139,case57,0.09
True,20,0.04,True,2,2,False,20,True,0.1714416009440448,0.006638292497882744,0.6865466590756816,4.539633347303607,11.798997581354344,0.0,RHMTD,140,case57,0.09
True,52,0.04,True,5,5,False,53,False,0.18076232300172904,0.008656073277543076,0.6830292842898794,4.3862750579137355,11.981322927749718,0.0,RHMTD,141,case57,0.09
True,10,0.04,True,1,1,False,10,True,3.8671819781197475e-10,0.004419103146058229,0.6929023543608621,5.43266890454106,12.821652067941613,0.0,RHMTD,142,case57,0.09
True,12,-0.04,True,1,1,False,12,True,3.8671819781197475e-10,0.0006910279499991712,0.6938660656044421,3.7852457957342267,7.852447932236828,0.0,RHMTD,143,case57,0.09
True,10,0.04,True,1,1,False,10,True,3.8671819781197475e-10,0.00441237362518708,0.6838713538133129,3.8287209026748314,7.767611058079639,0.0,RHMTD,144,case57,0.09
True,11,-0.04,True,1,1,False,11,True,3.8671819781197475e-10,0.002693744935427596,0.6834444780954058,3.805539495078847,8.631091957795434,0.0,RHMTD,145,case57,0.09
True,25,-0.04,False,20,20,False,26,False,0.17144160131981512,0.03535674157855327,0.6908178004667489,7.054583355784416,14.343462773831595,0.0,RHMTD,146,case57,0.09
True,36,0.04,True,1,1,False,36,True,3.8671808797196775e-10,0.004494474767020536,0.681525244299988,4.365647991653532,9.046649382798936,0.0,RHMTD,147,case57,0.09
True,44,-0.04,False,20,20,False,44,True,1.5778368547006302e-05,0.01980949770428078,0.6839809717839519,4.832104098750278,12.074222235241908,0.0,RHMTD,148,case57,0.09
True,24,0.04,False,20,20,False,29,False,0.17144160179581086,0.019322224665856022,0.6855272457040451,3.9763520006090403,6.087797606596727,0.0,RHMTD,149,case57,0.09
True,3,0.04,False,20,20,False,3,True,1.11511602851916e-05,0.01819034602728217,0.6959506194985555,5.779783247271553,13.555244062445128,0.0,RHMTD,150,case57,0.09
True,42,0.04,True,3,3,False,42,True,3.8671806051184874e-10,0.010842045110712793,0.6895867355216327,6.332187444786541,19.6056978777051,0.0,RHMTD,151,case57,0.09
True,23,0.04,False,20,20,False,0,False,0.5849443990531092,0.28547755083904314,0.6850581360559362,5.4323124553775415,10.28615832619836,0.0,RHMTD,152,case57,0.09
True,45,0.04,True,7,7,False,45,True,3.867180605118429e-10,0.009047465002112391,0.6890580886877021,4.0077354409731925,7.5137670035474065,0.0,RHMTD,153,case57,0.09
True,24,-0.04,True,9,9,False,24,True,0.17144160101301315,0.017127166794462415,0.6881506838961224,7.02020415046718,14.765183391864449,0.0,RHMTD,154,case57,0.09
True,22,-0.04,False,20,20,False,0,False,0.6330216943786064,0.28704116557124865,0.6944486282809552,5.135100008919835,10.142452115542255,0.0,RHMTD,155,case57,0.09
True,23,0.04,False,20,20,False,0,False,0.5532746899336368,0.30335637911666474,0.6814695421719316,4.905718853115104,11.43652147438843,0.0,RHMTD,156,case57,0.09
True,54,0.04,True,1,1,False,54,True,3.8671806051232163e-10,0.006056575135564561,0.6888446508287485,4.7943416982889175,11.401643144199626,0.0,RHMTD,157,case57,0.09
True,33,-0.04,False,20,20,False,0,False,0.6183736372562536,0.2966697801323518,0.6965331821750687,4.224947851616889,9.824944386491552,0.0,RHMTD,158,case57,0.09
True,39,-0.04,False,20,20,False,39,True,3.9965745020926657e-10,0.02012185082749107,0.6886332617420862,4.938595701241866,10.169366654008627,0.0,RHMTD,159,case57,0.09
True,13,0.04,True,2,2,False,13,True,3.8671819781197475e-10,0.0012979179961838032,0.6828158464309259,3.650418802862987,9.363918469171042,0.0,RHMTD,160,case57,0.09
True,38,0.04,False,20,20,False,56,False,0.20352347332489434,0.048484893459925314,0.6874535110068368,4.943381197517738,9.526466342504152,0.0,RHMTD,161,case57,0.09
True,35,0.04,True,1,1,False,35,True,4.724722498682096e-10,0.003143271125734245,0.6814112384111592,6.643918654299341,15.469962489442002,0.0,RHMTD,162,case57,0.09
True,26,-0.04,False,20,20,False,25,False,0.1714416009440448,0.015268010606589999,0.6775613856789725,4.91803549521137,11.386002073413692,0.0,RHMTD,163,case57,0.09
True,1,0.04,False,20,20,False,1,True,0.362852029935557,0.2203253945358652,0.6921063538253955,4.279066695016809,9.005458652973177,0.0,RHMTD,164,case57,0.09
True,49,-0.04,True,18,18,False,49,True,8.655522846055504e-10,0.00882005725231968,0.6738745932498925,3.878652091952972,7.514803827507423,0.0,RHMTD,165,case57,0.09
True,40,0.04,False,20,20,False,40,True,7.609664676308566e-06,0.026032250554320485,0.6925332295433025,4.075579158961773,6.988376725348645,0.0,RHMTD,166,case57,0.09
True,40,0.04,False,20,20,False,40,True,3.5974614720071395e-06,0.024084516374080253,0.6894272135052616,4.054016649024561,6.28797085664702,0.0,RHMTD,167,case57,0.09
True,28,0.04,True,1,1,False,28,True,3.8671814289191836e-10,0.003638651319697679,0.6826364538104316,7.110835297498852,13.560776697704597,0.0,RHMTD,168,case57,0.09
True,38,0.04,False,20,20,False,38,True,0.17168776385360673,0.04982857410817566,0.6902352377902358,5.416408300516196,12.432706539402718,0.0,RHMTD,169,case57,0.09
True,27,0.04,True,2,2,False,27,True,4.159348376434315e-10,0.006161718034235147,0.678894221740112,5.227760496200062,12.790020872489553,0.0,RHMTD,170,case57,0.09
True,30,-0.04,False,20,20,False,30,True,0.10591969905077649,0.01287844649484175,0.6834426918099318,4.063856098218821,9.099646168760955,0.0,RHMTD,171,case57,0.09
True,31,-0.04,False,20,20,False,30,False,0.15635205892384815,0.013263454792839862,0.6890580886877021,3.8424685975769535,7.735189542290756,0.0,RHMTD,172,case57,0.09
True,27,0.04,True,1,1,False,27,True,3.8671814289192296e-10,0.006849995904340697,0.6771902120891219,4.909004253568128,12.562403824995275,0.0,RHMTD,173,case57,0.09
True,51,0.04,False,20,20,False,51,True,0.05456810668213742,0.02692096441144726,0.688788948700692,5.4332145606167614,11.63343509833794,0.0,RHMTD,174,case57,0.09
True,28,0.04,True,1,1,False,28,True,3.8671811543192943e-10,0.006087443416148188,0.6868157990626917,4.543443594593555,10.793646148522392,0.0,RHMTD,175,case57,0.09
True,33,-0.04,False,20,20,False,33,True,0.624000800808042,0.1515095991340209,0.6818964178898386,3.776650206418708,9.426331944996493,0.0,RHMTD,176,case57,0.09
True,20,-0.04,True,4,4,False,19,False,0.1714416009440448,0.006733460451569446,0.6857963856910552,4.041112505365163,8.94560212036595,0.0,RHMTD,177,case57,0.09
True,5,0.04,True,3,3,False,5,True,3.867181978119756e-10,0.01137002015300354,0.6904486756491894,4.375276996870525,11.432452095323244,0.0,RHMTD,178,case57,0.09
True,38,0.04,False,20,20,False,38,True,0.1766908936494534,0.0425010637455388,0.6904486756491893,3.7029520433861762,6.799652084009725,0.0,RHMTD,179,case57,0.09
True,52,-0.04,False,20,20,False,52,True,0.1887412545304981,0.01170813431805151,0.6947177682679654,3.2156000524992123,4.938262540963479,0.0,RHMTD,180,case57,0.09
True,48,0.04,False,20,20,False,48,True,3.8671808797197457e-10,0.013466890494785947,0.6961640573575091,6.529570950078778,10.0912753347075,0.0,RHMTD,181,case57,0.09
True,32,-0.04,False,20,20,False,0,False,0.5799413027489992,0.2873255705329661,0.6887332465726355,3.776210400974378,5.801856561447496,0.0,RHMTD,182,case57,0.09
True,48,0.04,False,20,20,False,48,True,3.8671806051411945e-10,0.01618719713514663,0.6848889808994754,4.608506249496713,10.54407947813161,0.0,RHMTD,183,case57,0.09
True,48,0.04,False,20,20,False,48,True,3.8671806051185205e-10,0.014441399308711791,0.6908178004667488,3.935599894612096,7.6621659885859135,0.0,RHMTD,184,case57,0.09
True,5,0.04,True,12,12,False,5,True,3.922744338180986e-10,0.009278197825330622,0.6847889960689262,5.1651230023708194,9.962306218221785,0.0,RHMTD,185,case57,0.09
True,41,0.04,True,1,1,False,41,True,3.8671808797197043e-10,0.007297627351390428,0.6863352699890193,4.320668906439096,8.591470847022723,0.0,RHMTD,186,case57,0.09
True,29,-0.04,True,11,11,False,24,False,0.17145145064480682,0.01704916175467785,0.6882620881522356,3.66101260879077,6.735194395878353,0.0,RHMTD,187,case57,0.09
True,10,-0.04,True,1,1,False,10,True,3.8671819781197475e-10,0.0044962252489837715,0.6867600969346351,3.597199995419942,7.174069320899437,0.0,RHMTD,188,case57,0.09
True,13,0.04,True,1,1,False,13,True,3.8671819781197475e-10,0.001297018975720285,0.6888446508287486,2.9406395478872582,3.6205708369379868,0.0,RHMTD,189,case57,0.09
True,7,-0.04,False,20,20,False,7,True,0.014941566489323977,0.04335824687600316,0.6867600969346352,4.561739548807964,11.208575585624203,0.0,RHMTD,190,case57,0.09
True,34,-0.04,False,20,20,False,34,True,4.0053515857166106e-10,0.016892945572715003,0.6838713538133129,4.334910499164835,9.892608664813453,0.0,RHMTD,191,case57,0.09
True,23,-0.04,False,20,20,False,0,False,0.6386035622884696,0.2654909436392462,0.6898001733805863,2.871814594254829,3.301510430173949,0.0,RHMTD,192,case57,0.09
True,22,-0.04,False,20,20,False,0,False,0.6267166257539459,0.2569162578188204,0.6857424698484726,4.125891742296517,7.9924368124920875,0.0,RHMTD,193,case57,0.09
True,53,-0.04,True,3,3,False,52,False,0.27161298261230427,0.014305463105787317,0.6866601121040858,2.7801563061075285,3.0598065350204706,0.0,RHMTD,194,case57,0.09
True,40,0.04,False,20,20,False,40,True,8.397345941165271e-08,0.022314825865783403,0.688631212969795,4.291612553060986,12.215410755015913,0.0,RHMTD,195,case57,0.09
True,4,-0.04,False,20,20,False,0,False,0.5541366211274071,0.30258166244503176,0.6896406513642153,3.0213248974177986,3.896863976842724,0.0,RHMTD,196,case57,0.09
True,23,0.04,False,20,20,False,0,False,0.5571214013023907,0.2879314782326426,0.6866044099760293,2.7608500415226445,3.08800651691854,0.0,RHMTD,197,case57,0.09
True,17,0.04,False,20,20,False,18,False,0.2537700176772292,0.0870431919583883,0.6878252374571121,2.9872312006773427,3.3952538622543216,0.0,RHMTD,198,case57,0.09
True,28,0.04,True,2,2,False,28,True,3.867181428919191e-10,0.004112685639795299,0.6832292539509782,2.7147937973495573,3.0196708481526002,0.0,RHMTD,199,case57,0.09
True,26,-0.04,True,5,5,False,26,True,0.26116489181516095,0.012232679255043543,0.5058084655923208,27.187537544523366,41.0139646031894,0.0,Robust-MTD,0,case57,0.09
True,49,-0.04,False,20,20,False,49,True,0.2707385332151576,0.015154260396995732,0.5058084655923208,32.844220800325274,50.64239548810293,0.0,Robust-MTD,1,case57,0.09
True,53,-0.04,True,2,2,False,52,False,0.25832148372906233,0.009422260673842482,0.5058084655923208,22.09502086043358,30.657781250192784,0.0,Robust-MTD,2,case57,0.09
True,37,0.04,True,2,2,False,44,False,0.26674378651570746,0.00725653669844602,0.5058084655923208,32.964116692892276,52.80825595837088,0.0,Robust-MTD,3,case57,0.09
True,46,0.04,True,17,17,False,0,False,0.6455864993464924,0.34221703154335104,0.5058084655923208,30.144039649167098,61.40140452189371,0.0,Robust-MTD,4,case57,0.09
True,17,0.04,False,20,20,False,18,False,0.296996848691693,0.01604938625296251,0.5058084655923208,25.77379990252666,40.73026874975767,0.0,Robust-MTD,5,case57,0.09
True,24,0.04,False,20,20,False,24,True,0.2908999819978448,0.031695016772762936,0.5058084655923208,29.45576875063125,45.13775797386189,0.0,Robust-MTD,6,case57,0.09
True,3,0.04,False,20,20,False,3,True,0.06277585126466627,0.020685888465654716,0.5058084655923208,23.68463754246477,32.660572591703385,0.0,Robust-MTD,7,case57,0.09
True,8,-0.04,True,2,2,False,8,True,3.867181428928325e-10,0.012647546432413006,0.5058084655923208,29.349777149036527,45.791571179870516,0.0,Robust-MTD,8,case57,0.09
True,22,0.04,False,20,20,False,0,False,0.7005959398576873,0.2614038646913978,0.5058084655923208,30.75199570157565,40.14136809855701,0.0,Robust-MTD,9,case57,0.09
True,29,-0.04,True,16,16,False,24,False,0.30156119553693417,0.03361946749277703,0.5058084655923208,26.820289652096108,41.952185463742374,0.0,Robust-MTD,10,case57,0.09
True,28,-0.04,True,1,1,False,28,True,1.8419487685049914e-08,0.009222946075984926,0.5058084655923208,37.778541605803184,65.29709195310718,0.0,Robust-MTD,11,case57,0.09
True,8,0.04,False,20,20,False,8,True,3.867181978120066e-10,0.012647546432413002,0.5058084655923208,23.69597509969026,31.534253881545737,0.0,Robust-MTD,12,case57,0.09
True,28,-0.04,True,5,5,False,28,True,5.079698279036245e-09,0.009222946066752332,0.5058084655923208,25.648022850509733,36.13425414368976,0.0,Robust-MTD,13,case57,0.09
True,22,0.04,False,20,20,False,0,False,0.6762932735398408,0.3094227580921128,0.5058084655923208,29.83447704464197,38.642820462700946,0.0,Robust-MTD,14,case57,0.09
True,26,0.04,False,20,20,False,25,False,0.2500261812673084,0.012595369175995824,0.5058084655923208,24.759935459587723,31.83126666408498,0.0,Robust-MTD,15,case57,0.09
True,40,-0.04,False,20,20,False,40,True,0.5889760553862445,0.2775517148317511,0.5058084655923208,31.145987496711314,52.345065269037164,0.0,Robust-MTD,16,case57,0.09
True,1,-0.04,False,20,20,False,0,False,0.6615929999702118,0.27559850681898723,0.5058084655923208,21.616483357502148,28.79563509777654,0.0,Robust-MTD,17,case57,0.09
True,37,-0.04,True,1,1,False,44,False,0.252302485937343,0.007780248662340532,0.5058084655923208,29.34110000205692,35.906945200986236,0.0,Robust-MTD,18,case57,0.09
True,42,-0.04,True,19,19,False,42,True,0.0036705495247148236,0.030446681738195567,0.5058084655923208,28.601091608288698,42.576809000456706,0.0,Robust-MTD,19,case57,0.09
True,32,0.04,False,20,20,False,0,False,0.6100300843566103,0.3563741778793852,0.5058084655923208,26.165604146081023,39.47615270153621,0.0,Robust-MTD,20,case57,0.09
True,20,0.04,True,7,7,False,17,False,0.3415369070106105,0.013636373154023645,0.5058084655923208,32.535829342668876,45.139058656059255,0.0,Robust-MTD,21,case57,0.09
True,46,0.04,False,20,20,False,0,False,0.622856865737375,0.35194620266537846,0.5058084655923208,21.958045853534713,29.797368132858537,0.0,Robust-MTD,22,case57,0.09
True,42,0.04,False,20,20,False,42,True,0.0001280545389685487,0.030266717998187472,0.5058084655923208,27.985433346475475,39.61454373493326,0.0,Robust-MTD,23,case57,0.09
True,56,-0.04,True,3,3,False,56,True,0.18078458788770427,0.038173937707114004,0.5058084655923208,26.415864503360353,35.09817052108702,0.0,Robust-MTD,24,case57,0.09
True,53,0.04,True,3,3,False,52,False,0.2745317025454996,0.011368958756105706,0.5058084655923208,36.599516749265604,72.37834789266346,0.0,Robust-MTD,25,case57,0.09
True,48,0.04,True,6,6,False,49,False,0.2571425851677634,0.015473955949294248,0.5058084655923208,35.80642910092138,63.80232086812615,0.0,Robust-MTD,26,case57,0.09
True,24,-0.04,False,20,20,False,24,True,0.3306541261135694,0.038874171613188624,0.5058084655923208,37.94901859364472,74.4601975864498,0.0,Robust-MTD,27,case57,0.09
True,20,0.04,True,8,8,False,17,False,0.33287591899012925,0.014492981127671419,0.5058084655923208,38.80178339895792,83.38302143092737,0.0,Robust-MTD,28,case57,0.09
True,34,-0.04,True,18,18,False,34,True,0.4747387182767113,0.12057199994706874,0.5058084655923208,31.286075100069866,65.1605669700075,0.0,Robust-MTD,29,case57,0.09
True,11,-0.04,True,1,1,False,11,True,3.8671819781197486e-10,0.012634162378354184,0.5058084655923208,29.04118119913619,36.7423315619817,0.0,Robust-MTD,30,case57,0.09
True,38,0.04,False,20,20,False,38,True,0.19340583774683262,0.03967604651913665,0.5058084655923208,34.12932095234282,61.29572232021022,0.0,Robust-MTD,31,case57,0.09
True,32,0.04,False,20,20,False,0,False,0.6265435228314279,0.34703884808785973,0.5058084655923208,32.60592090082355,71.3632663304452,0.0,Robust-MTD,32,case57,0.09
True,15,-0.04,False,20,20,False,0,False,0.5984973366918201,0.37651780418394454,0.5058084655923208,36.43750829505734,70.0432353827637,0.0,Robust-MTD,33,case57,0.09
True,36,0.04,True,1,1,False,36,True,0.0025849180575598252,0.0031939316624901575,0.5058084655923208,38.5232751024887,67.2224444046151,0.0,Robust-MTD,34,case57,0.09
True,26,0.04,False,20,20,False,26,True,0.24388409156388474,0.012747249755843276,0.5058084655923208,35.69154165161308,61.613802419742605,0.0,Robust-MTD,35,case57,0.09
True,28,0.04,True,2,2,False,28,True,6.88957628071089e-10,0.009222946063946101,0.5058084655923208,36.27971454989165,57.80495588551276,0.0,Robust-MTD,36,case57,0.09
True,3,0.04,True,14,14,False,3,True,0.12669716294107103,0.01980672397594133,0.5058084655923208,35.412239556899294,61.70214375306387,0.0,Robust-MTD,37,case57,0.09
True,6,0.04,False,20,20,False,6,True,0.005747702906128553,0.027470694624440437,0.5058084655923208,33.95070835831575,58.87108398601413,0.0,Robust-MTD,38,case57,0.09
True,51,-0.04,False,20,20,False,54,False,0.2640314379585125,0.02934603713549286,0.5058084655923208,34.55767075356562,77.30983752117028,0.0,Robust-MTD,39,case57,0.09
True,17,0.04,True,1,1,False,18,False,0.30391532105317864,0.01583995359951683,0.5058084655923208,35.48335419909563,53.84475419705269,0.0,Robust-MTD,40,case57,0.09
True,49,-0.04,False,20,20,False,50,False,0.24572821757875288,0.017191075687319868,0.5058084655923208,33.97694370360114,69.32426457642579,0.0,Robust-MTD,41,case57,0.09
True,19,-0.04,True,1,1,False,17,False,0.3298382382477855,0.01470450306755882,0.5058084655923208,42.13850421074312,84.69624584249686,0.0,Robust-MTD,42,case57,0.09
True,31,0.04,False,20,20,False,0,False,0.6300805425525101,0.3412780217576147,0.5058084655923208,31.386166650918312,49.08055031264668,0.0,Robust-MTD,43,case57,0.09
True,55,0.04,True,16,16,False,55,True,0.0001301884136052925,0.010622737153353306,0.5058084655923208,37.75129793793894,68.43527045566589,0.0,Robust-MTD,44,case57,0.09
True,2,0.04,False,20,20,False,2,True,0.045959238347869476,0.015079257397783184,0.5058084655923208,29.53928339993581,43.71329229907134,0.0,Robust-MTD,45,case57,0.09
True,34,-0.04,False,20,20,False,34,True,0.48854513506427216,0.1307692755344773,0.5058084655923208,35.08716245414689,51.50047714414545,0.0,Robust-MTD,46,case57,0.09
True,14,-0.04,True,1,1,False,14,True,3.9079692698444345e-10,0.009451689023724823,0.5058084655923208,40.001358548761345,65.6551124964608,0.0,Robust-MTD,47,case57,0.09
True,1,0.04,False,20,20,False,0,False,0.6282474850171208,0.3645001518490747,0.5058084655923208,41.911085447645746,72.21706876880494,0.0,Robust-MTD,48,case57,0.09
True,34,-0.04,False,20,20,False,34,True,0.5226539708715824,0.13607117311529754,0.5058084655923208,40.23160425131209,59.68723398109434,0.0,Robust-MTD,49,case57,0.09
True,40,-0.04,False,20,20,False,0,False,0.6878885267354625,0.2939015856679186,0.5058084655923208,34.22665000252891,49.04031939513516,0.0,Robust-MTD,50,case57,0.09
True,27,-0.04,True,3,3,False,26,False,0.2577586553711802,0.01236077990251162,0.5058084655923208,36.45766459812876,62.11139410443139,0.0,Robust-MTD,51,case57,0.09
True,44,-0.04,True,16,16,False,44,True,0.19159899313130957,0.008872220577474891,0.5058084655923208,32.11336659442168,52.80612501956057,0.0,Robust-MTD,52,case57,0.09
True,1,0.04,False,20,20,False,0,False,0.6075977674512004,0.3614278227068882,0.5058084655923208,33.97596659488045,51.85792321572081,0.0,Robust-MTD,53,case57,0.09
True,20,-0.04,True,4,4,False,17,False,0.33784866741663605,0.01410048441250774,0.5058084655923208,33.86913559806999,51.92985798639712,0.0,Robust-MTD,54,case57,0.09
True,41,-0.04,False,20,20,False,41,True,0.004444467838222286,0.04129861696351793,0.5058084655923208,34.900058509083465,45.29586913122331,0.0,Robust-MTD,55,case57,0.09
True,25,0.04,False,20,20,False,25,True,0.2717080153140906,0.011513883622114272,0.5058084655923208,34.94072505272925,47.827131644589834,0.0,Robust-MTD,56,case57,0.09
True,33,0.04,False,20,20,False,33,True,0.40557838960308096,0.07407907676788587,0.5058084655923208,33.98187504790258,57.48841488093606,0.0,Robust-MTD,57,case57,0.09
True,42,-0.04,False,20,20,False,42,True,1.0549534587752223e-06,0.030263634361411728,0.5058084655923208,40.02696664829273,88.6201708111912,0.0,Robust-MTD,58,case57,0.09
True,21,0.04,False,20,20,False,0,False,0.6353155611051398,0.34132475147410357,0.5058084655923208,35.72808135941159,61.23223607428374,0.0,Robust-MTD,59,case57,0.09
True,36,-0.04,True,1,1,False,36,True,0.07728872220603712,0.003180690614343138,0.5058084655923208,42.9691624478437,106.86557778390126,0.0,Robust-MTD,60,case57,0.09
True,46,0.04,False,20,20,False,0,False,0.6337401984536061,0.33734778285918793,0.5058084655923208,35.413952099042945,64.51771635038313,0.0,Robust-MTD,61,case57,0.09
True,56,0.04,False,20,20,False,38,False,0.172122018796413,0.03779066687130264,0.5058084655923208,33.987735499977134,75.69258749717847,0.0,Robust-MTD,62,case57,0.09
True,8,-0.04,True,6,6,False,8,True,3.867181428927351e-10,0.012647546432413006,0.5058084655923208,35.292181398835965,51.08343813044485,0.0,Robust-MTD,63,case57,0.09
True,2,0.04,False,20,20,False,2,True,0.053318786701874905,0.015143680975697293,0.5058084655923208,37.44580614438746,54.526374320266804,0.0,Robust-MTD,64,case57,0.09
True,43,0.04,True,1,1,False,44,False,0.23166117159406535,0.008246070069948203,0.5058084655923208,32.04633335699327,56.86624932568521,0.0,Robust-MTD,65,case57,0.09
True,11,0.04,True,12,12,False,11,True,3.867181978119822e-10,0.012634162378354184,0.5058084655923208,43.18159995309543,90.8635371743003,0.0,Robust-MTD,66,case57,0.09
True,7,0.04,False,20,20,False,0,False,0.6513562341260838,0.33984587593121945,0.5058084655923208,38.55436874437146,61.45489820046351,0.0,Robust-MTD,67,case57,0.09
True,7,-0.04,False,20,20,False,0,False,0.7024810544822211,0.26833266486259466,0.5058084655923208,40.197664659353904,57.909540276159575,0.0,Robust-MTD,68,case57,0.09
True,51,-0.04,False,20,20,False,54,False,0.32915223800715143,0.023777527857252692,0.5058084655923208,35.70716250105761,50.33039790287148,0.0,Robust-MTD,69,case57,0.09
True,12,-0.04,True,1,1,False,12,True,3.8671819781197475e-10,0.0016973508406848148,0.5058084655923208,40.09101665287744,56.516064910101704,0.0,Robust-MTD,70,case57,0.09
True,17,-0.04,False,20,20,False,18,False,0.3047405371393925,0.01580574917778831,0.5058084655923208,35.57795605738647,51.13826424640139,0.0,Robust-MTD,71,case57,0.09
True,35,0.04,True,1,1,False,35,True,0.010234204400154026,0.003052692248724345,0.5058084655923208,33.26346874819137,52.0661791524617,0.0,Robust-MTD,72,case57,0.09
True,37,0.04,True,1,1,False,44,False,0.19860097475715546,0.008778037010770286,0.5058084655923208,39.21137290017214,48.45572949561756,0.0,Robust-MTD,73,case57,0.09
True,11,0.04,False,20,20,False,11,True,3.8671817035198655e-10,0.012634162378354186,0.5058084655923208,36.49892305256799,47.59779439482372,0.0,Robust-MTD,74,case57,0.09
True,43,-0.04,True,1,1,False,44,False,0.23770581995380793,0.008125796853373005,0.5058084655923208,35.87228350224905,47.77467050298584,0.0,Robust-MTD,75,case57,0.09
True,39,0.04,True,1,1,False,39,True,4.323016442053905e-07,0.010160007298129159,0.5058084655923208,33.45066875044722,58.25791223614942,0.0,Robust-MTD,76,case57,0.09
True,41,-0.04,False,20,20,False,41,True,8.281242937992054e-05,0.04102313780760393,0.5058084655923208,38.41658120509237,71.51238812948579,0.0,Robust-MTD,77,case57,0.09
True,11,-0.04,True,15,15,False,11,True,3.8671819781197837e-10,0.012634162378354184,0.5058084655923208,39.87363126652781,66.43701014108957,0.0,Robust-MTD,78,case57,0.09
True,24,0.04,True,13,13,False,24,True,0.28707742216619875,0.031240596453736384,0.5058084655923208,37.167733258684166,57.62790452572518,0.0,Robust-MTD,79,case57,0.09
True,26,-0.04,False,20,20,False,26,True,0.24731581167500868,0.0127824747660533,0.5058084655923208,39.10356660198886,84.43073687085418,0.0,Robust-MTD,80,case57,0.09
True,37,0.04,True,1,1,False,44,False,0.2373904497793209,0.008132329970774725,0.5058084655923208,35.310727058094926,44.378764284192584,0.0,Robust-MTD,81,case57,0.09
True,26,-0.04,True,6,6,False,26,True,0.24655980535760352,0.012737052452941178,0.5058084655923208,38.65312085545156,76.7406014725566,0.0,Robust-MTD,82,case57,0.09
True,20,-0.04,True,3,3,False,17,False,0.33406572714156146,0.014417722244642241,0.5058084655923208,36.826595952152275,49.89627708564513,0.0,Robust-MTD,83,case57,0.09
True,54,0.04,False,20,20,False,54,True,0.2466538747434986,0.03217413490701973,0.5058084655923208,39.16973135492299,60.52821905759629,0.0,Robust-MTD,84,case57,0.09
True,31,0.04,False,20,20,False,0,False,0.665310056054189,0.25154860697564735,0.5058084655923208,29.143687401665375,49.06903990486172,0.0,Robust-MTD,85,case57,0.09
True,28,0.04,True,6,6,False,28,True,6.286427346690511e-09,0.009222946067376794,0.5058084655923208,34.60994590714108,70.10198990465143,0.0,Robust-MTD,86,case57,0.09
True,26,-0.04,True,11,11,False,25,False,0.26089514050124873,0.012243445049549042,0.5058084655923208,32.32811245834455,41.03911492275076,0.0,Robust-MTD,87,case57,0.09
True,17,-0.04,False,20,20,False,17,True,0.3426106960253034,0.013412443900949846,0.5058084655923208,37.906039544031955,46.64691426442005,0.0,Robust-MTD,88,case57,0.09
True,55,-0.04,True,10,10,False,55,True,0.00016501377325741826,0.010622730508739478,0.5058084655923208,40.541941751143895,53.37142505159137,0.0,Robust-MTD,89,case57,0.09
True,11,0.04,False,20,20,False,11,True,3.8671819781199244e-10,0.012634162378354184,0.5058084655923208,34.11045415268745,46.554291716893204,0.0,Robust-MTD,90,case57,0.09
True,48,-0.04,True,3,3,False,49,False,0.26912387341693694,0.014185890098318683,0.5058084655923208,33.51373340410646,50.36744405515493,0.0,Robust-MTD,91,case57,0.09
True,50,-0.04,False,20,20,False,50,True,0.2008716573742598,0.018914516221850662,0.5058084655923208,38.7087811017409,58.88920867873822,0.0,Robust-MTD,92,case57,0.09
True,53,-0.04,True,3,3,False,51,False,0.26996695975997387,0.01284985422236503,0.5058084655923208,41.48278329812456,71.73930451390333,0.0,Robust-MTD,93,case57,0.09
True,43,0.04,True,3,3,False,44,False,0.27163282362021046,0.006803809462522945,0.5058084655923208,35.17756251094397,58.32570000493434,0.0,Robust-MTD,94,case57,0.09
True,40,-0.04,False,20,20,False,41,False,0.5133828143696565,0.21056054595033413,0.5058084655923208,39.96691459615249,76.02079822390806,0.0,Robust-MTD,95,case57,0.09
True,10,-0.04,False,20,20,False,10,True,3.867181978120375e-10,0.01693685002588072,0.5058084655923208,34.60830824333243,50.49371042405259,0.0,Robust-MTD,96,case57,0.09
True,14,0.04,True,16,16,False,14,True,4.452283522979342e-10,0.00945168902370308,0.5058084655923208,36.85538344725501,57.11414792749565,0.0,Robust-MTD,97,case57,0.09
True,53,-0.04,True,1,1,False,52,False,0.2718561632565167,0.010424978632199848,0.5058084655923208,30.60125410265755,41.77071873273238,0.0,Robust-MTD,98,case57,0.09
True,49,-0.04,False,20,20,False,50,False,0.25902708111005684,0.016530195200540682,0.5058084655923208,41.12254369829316,103.16640210221523,0.0,Robust-MTD,99,case57,0.09
True,56,0.04,False,20,20,False,38,False,0.17145876034919438,0.03778880704821051,0.5058084655923208,34.599239655653946,50.09499586012681,0.0,Robust-MTD,100,case57,0.09
True,17,-0.04,True,15,15,False,17,True,0.3414858619501007,0.01365647067294323,0.5058084655923208,34.07015439879615,56.889165216125555,0.0,Robust-MTD,101,case57,0.09
True,12,0.04,True,1,1,False,12,True,3.8671819781197475e-10,0.0016973508406848148,0.5058084655923208,41.252614598488435,61.485941978753594,0.0,Robust-MTD,102,case57,0.09
True,48,-0.04,True,13,13,False,48,True,0.27145786759633794,0.01454270252174062,0.5058084655923208,38.18850640091114,50.33125449845102,0.0,Robust-MTD,103,case57,0.09
True,31,0.04,False,20,20,False,31,True,0.551358392522703,0.1568151126500973,0.5058084655923208,33.58490435639396,44.95896427833941,0.0,Robust-MTD,104,case57,0.09
True,31,0.04,False,20,20,False,0,False,0.6010793261492371,0.36245618067555196,0.5058084655923208,33.020841696998104,46.20856455585456,0.0,Robust-MTD,105,case57,0.09
True,41,-0.04,False,20,20,False,41,True,0.0006638270804386069,0.041076157677589334,0.5058084655923208,39.57961455453187,66.59079372475391,0.0,Robust-MTD,106,case57,0.09
True,16,-0.04,False,20,20,False,0,False,0.5939418732105892,0.37602207034085444,0.5058084655923208,33.12593335576821,44.243514924892224,0.0,Robust-MTD,107,case57,0.09
True,20,0.04,True,10,10,False,20,True,0.33778611101787737,0.012296358001583518,0.5058084655923208,36.58765610307455,48.006577120395384,0.0,Robust-MTD,108,case57,0.09
True,50,0.04,True,17,17,False,50,True,0.26657143875647904,0.01598027764380098,0.5058084655923208,40.70736469584517,54.893848256324425,0.0,Robust-MTD,109,case57,0.09
True,17,0.04,True,7,7,False,18,False,0.313305667909994,0.015507023407473482,0.5058084655923208,36.97191460232716,60.41300206852612,0.0,Robust-MTD,110,case57,0.09
True,41,0.04,False,20,20,False,41,True,0.24894419858769595,0.08896807837038986,0.5058084655923208,43.30726454791147,83.364353820798,0.0,Robust-MTD,111,case57,0.09
True,15,0.04,False,20,20,False,0,False,0.629218777209938,0.34601546639354536,0.5058084655923208,38.26763755932916,74.84316907939503,0.0,Robust-MTD,112,case57,0.09
True,12,-0.04,True,1,1,False,12,True,3.8671819781197475e-10,0.0016973508406848148,0.5058084655923208,36.639514652779326,67.16505624353887,0.0,Robust-MTD,113,case57,0.09
True,33,-0.04,False,20,20,False,31,False,0.5299362856282247,0.15241299328108204,0.5058084655923208,35.29587705852464,44.417766752303585,0.0,Robust-MTD,114,case57,0.09
True,8,0.04,False,20,20,False,8,True,3.867181703519506e-10,0.012647546432413002,0.5058084655923208,36.71486465900671,60.85111459542533,0.0,Robust-MTD,115,case57,0.09
True,16,-0.04,False,20,20,False,0,False,0.6117219637597817,0.3606342291177802,0.5058084655923208,34.30105635197833,53.624645867967054,0.0,Robust-MTD,116,case57,0.09
True,46,-0.04,False,20,20,False,0,False,0.631762102225085,0.3283011933997352,0.5058084655923208,36.599777001538314,78.84102768148296,0.0,Robust-MTD,117,case57,0.09
True,8,-0.04,True,19,19,False,8,True,3.8671819781197486e-10,0.012647546432413002,0.5058084655923208,37.69476035668049,61.130544025218114,0.0,Robust-MTD,118,case57,0.09
True,20,0.04,True,5,5,False,17,False,0.33730063795403686,0.01414391797280904,0.5058084655923208,30.79114794381894,41.646408350789,0.0,Robust-MTD,119,case57,0.09
True,52,-0.04,True,1,1,False,51,False,0.27530372369120315,0.012979167097080808,0.5058084655923208,35.156395807280205,50.521941040642574,0.0,Robust-MTD,120,case57,0.09
True,9,-0.04,False,20,20,False,9,True,0.3552772560267763,0.16609550824076924,0.5058084655923208,35.82100835337769,63.84796047641431,0.0,Robust-MTD,121,case57,0.09
True,21,0.04,False,20,20,False,0,False,0.6201571373153278,0.35325592795881,0.5058084655923208,39.18102500902023,69.63502858125139,0.0,Robust-MTD,122,case57,0.09
True,43,0.04,True,1,1,False,44,False,0.2625692780446975,0.0074467000817532835,0.5058084655923208,38.29942699230742,68.42117467022037,0.0,Robust-MTD,123,case57,0.09
True,18,-0.04,True,9,9,False,18,True,0.3179731627170089,0.015321614045290631,0.5058084655923208,37.763362456462346,64.51724166690839,0.0,Robust-MTD,124,case57,0.09
True,38,-0.04,False,20,20,False,38,True,0.1714490970419003,0.03778887289686923,0.5058084655923208,33.34889784746338,57.945097860647365,0.0,Robust-MTD,125,case57,0.09
True,47,-0.04,False,20,20,False,0,False,0.6912020341042991,0.2495042234543131,0.5058084655923208,35.936827000114135,56.06982226017864,0.0,Robust-MTD,126,case57,0.09
True,51,-0.04,False,20,20,False,51,True,0.30102448332411874,0.026269037697908212,0.5058084655923208,30.160068851546384,47.26024138799403,0.0,Robust-MTD,127,case57,0.09
True,23,0.04,True,0,0,False,0,False,0.6742098660392695,0.3188672410994845,0.5058084655923208,31.53245829453226,40.82209346524906,0.0,Robust-MTD,128,case57,0.09
True,40,0.04,True,15,15,False,40,True,0.5957628729543125,0.2696603466610715,0.5058084655923208,34.95892289211042,50.09606422681828,0.0,Robust-MTD,129,case57,0.09
True,20,-0.04,True,1,1,False,19,False,0.3288792028728955,0.011603866391121393,0.5058084655923208,38.88429789512884,64.06997049052734,0.0,Robust-MTD,130,case57,0.09
True,51,-0.04,False,20,20,False,51,True,0.25388159646793157,0.02928920547166284,0.5058084655923208,38.513710495317355,54.049898262019276,0.0,Robust-MTD,131,case57,0.09
True,26,0.04,True,15,15,False,25,False,0.2592175835444411,0.012308330679773948,0.5058084655923208,38.159614699543454,68.13261279603468,0.0,Robust-MTD,132,case57,0.09
True,43,-0.04,True,1,1,False,44,False,0.21132208646478798,0.00859288960328887,0.5058084655923208,37.230804198770784,54.29043957847172,0.0,Robust-MTD,133,case57,0.09
True,54,-0.04,False,20,20,False,54,True,0.21870227213715873,0.03394246670351665,0.5058084655923208,36.09961455222219,53.582276782253764,0.0,Robust-MTD,134,case57,0.09
True,32,0.04,False,20,20,False,0,False,0.6117353247002122,0.36824643764662135,0.5058084655923208,40.4264478594996,73.40222116326913,0.0,Robust-MTD,135,case57,0.09
True,47,0.04,False,20,20,False,0,False,0.6679823173792917,0.26021245603067655,0.5058084655923208,40.774481307016686,55.47361075296072,0.0,Robust-MTD,136,case57,0.09
True,51,0.04,True,2,2,False,54,False,0.24226571901712154,0.03086450745032624,0.5058084655923208,37.01259985100478,66.10559377295434,0.0,Robust-MTD,137,case57,0.09
True,53,0.04,True,9,9,False,51,False,0.2401890301174336,0.016007324691940595,0.5058084655923208,32.50916264951229,44.60409580497071,0.0,Robust-MTD,138,case57,0.09
True,54,0.04,False,20,20,False,54,True,0.22761821149194103,0.03335504944952406,0.5058084655923208,34.962039650417864,49.358127050800256,0.0,Robust-MTD,139,case57,0.09
True,20,0.04,True,2,2,False,17,False,0.3366386807291801,0.0141982965008982,0.5058084655923208,34.656474995426834,51.173245831159875,0.0,Robust-MTD,140,case57,0.09
True,52,0.04,True,9,9,False,51,False,0.2587275511719651,0.014380829148198349,0.5058084655923208,31.790314649697393,45.558389608049765,0.0,Robust-MTD,141,case57,0.09
True,10,0.04,True,18,18,False,10,True,3.867181703521631e-10,0.016936850025880724,0.5058084655923208,43.73183319985401,88.63334345514886,0.0,Robust-MTD,142,case57,0.09
True,12,-0.04,True,1,1,False,12,True,3.8671819781197475e-10,0.0016973508406848148,0.5058084655923208,42.13159160281066,85.00173096836082,0.0,Robust-MTD,143,case57,0.09
True,10,0.04,True,13,13,False,10,True,3.867180330564754e-10,0.01693685002588073,0.5058084655923208,33.64346049493179,49.294943772838465,0.0,Robust-MTD,144,case57,0.09
True,11,-0.04,True,19,19,False,11,True,3.8671819781197475e-10,0.012634162378354184,0.5058084655923208,38.1228061451111,78.16966607351789,0.0,Robust-MTD,145,case57,0.09
True,25,-0.04,True,8,8,False,28,False,0.09607014538148607,0.009465761940071513,0.5058084655923208,32.48430624953471,50.07446072413586,0.0,Robust-MTD,146,case57,0.09
True,36,0.04,True,1,1,False,36,True,0.0358917504148804,0.0031894240293741066,0.5058084655923208,39.11014169862028,61.730704130604884,0.0,Robust-MTD,147,case57,0.09
True,44,-0.04,False,20,20,False,44,True,0.15228520080769675,0.009325843798747164,0.5058084655923208,35.61459579796065,70.02155031368602,0.0,Robust-MTD,148,case57,0.09
True,24,0.04,False,20,20,False,24,True,0.3284241572641341,0.03887783332023475,0.5058084655923208,38.07683105696924,61.230187228648056,0.0,Robust-MTD,149,case57,0.09
True,3,0.04,False,20,20,False,3,True,0.11097972461359683,0.02008065187145967,0.5058084655923208,38.43160205578897,68.86012708710041,0.0,Robust-MTD,150,case57,0.09
True,42,0.04,False,20,20,False,42,True,0.00022977793027895247,0.03027154561715487,0.5058084655923208,36.77515419840347,52.29641913610979,0.0,Robust-MTD,151,case57,0.09
True,23,0.04,False,20,20,False,0,False,0.7197775913498397,0.2807376149659553,0.5058084655923208,32.748987557715736,50.0100461562397,0.0,Robust-MTD,152,case57,0.09
True,45,0.04,False,20,20,False,45,True,2.3988047489031532e-08,0.021547585097656783,0.5058084655923208,38.48054579284508,46.618868442601524,0.0,Robust-MTD,153,case57,0.09
True,24,-0.04,False,20,20,False,29,False,0.3396168653552041,0.04169729641339476,0.5058084655923208,37.3468957550358,49.16222501778975,0.0,Robust-MTD,154,case57,0.09
True,22,-0.04,False,20,20,False,0,False,0.6832684182245077,0.26002653196203074,0.5058084655923208,36.46492089610547,81.01820415467955,0.0,Robust-MTD,155,case57,0.09
True,23,0.04,False,20,20,False,0,False,0.6016651976925533,0.36140256640516294,0.5058084655923208,40.21224585012533,100.56590143940413,0.0,Robust-MTD,156,case57,0.09
True,54,0.04,False,20,20,False,54,True,0.35060400072771436,0.04074244004165363,0.5058084655923208,38.29307919659186,48.514401755528525,0.0,Robust-MTD,157,case57,0.09
True,33,-0.04,False,20,20,False,34,False,0.4436706973499271,0.10189791460128671,0.5058084655923208,38.92490434809588,60.25084403227085,0.0,Robust-MTD,158,case57,0.09
True,39,-0.04,False,20,20,False,39,True,0.0009693164946013728,0.010160215566065896,0.5058084655923208,37.67270426033065,48.19418300467078,0.0,Robust-MTD,159,case57,0.09
True,13,0.04,True,1,1,False,13,True,3.8671819781197475e-10,0.002030201786557768,0.5058084655923208,34.317062454647385,53.01469853147865,0.0,Robust-MTD,160,case57,0.09
True,38,0.04,False,20,20,False,38,True,0.1780472843135277,0.03767492476925813,0.5058084655923208,33.68976249767002,67.42464611597826,0.0,Robust-MTD,161,case57,0.09
True,35,0.04,True,1,1,False,35,True,0.05702471214720267,0.0030604365876053374,0.5058084655923208,31.919708289206024,39.60090381733608,0.0,Robust-MTD,162,case57,0.09
True,26,-0.04,True,1,1,False,26,True,0.2529795371549643,0.012513793200851706,0.5058084655923208,35.806393760140054,61.794954456854654,0.0,Robust-MTD,163,case57,0.09
True,1,0.04,False,20,20,False,0,False,0.6427757353418972,0.3441434380545375,0.5058084655923208,35.09288530331105,57.59882529673632,0.0,Robust-MTD,164,case57,0.09
True,49,-0.04,True,19,19,False,48,False,0.25861442729539214,0.012929007375033746,0.5058084655923208,43.58475621265825,91.10764523211401,0.0,Robust-MTD,165,case57,0.09
True,40,0.04,False,20,20,False,0,False,0.725995213664367,0.26789280808417526,0.5058084655923208,37.24413955642376,62.580818485002965,0.0,Robust-MTD,166,case57,0.09
True,40,0.04,False,20,20,False,0,False,0.6819748523928275,0.30908590770046984,0.5058084655923208,38.721575000090525,75.98600479832389,0.0,Robust-MTD,167,case57,0.09
True,28,0.04,True,6,6,False,28,True,2.6821140967342582e-05,0.00922297334603419,0.5058084655923208,32.472727095591836,48.81924104702194,0.0,Robust-MTD,168,case57,0.09
True,38,0.04,False,20,20,False,38,True,0.27429587846479864,0.03173086800216507,0.5058084655923208,37.08528750576079,81.41933339065872,0.0,Robust-MTD,169,case57,0.09
True,27,0.04,True,3,3,False,27,True,0.27170558270126416,0.011274675777040713,0.5058084655923208,44.93869798898231,87.26344130409416,0.0,Robust-MTD,170,case57,0.09
True,30,-0.04,False,20,20,False,0,False,0.6539748431265721,0.33269882785273236,0.5058084655923208,41.75987490743864,80.28816489968453,0.0,Robust-MTD,171,case57,0.09
True,31,-0.04,False,20,20,False,0,False,0.681079209455608,0.29744593654274826,0.5058084655923208,35.86790215631481,58.76286187267397,0.0,Robust-MTD,172,case57,0.09
True,27,0.04,True,5,5,False,25,False,0.2479892646596417,0.012648103817500186,0.5058084655923208,42.879147952771746,73.46518542326523,0.0,Robust-MTD,173,case57,0.09
True,51,0.04,False,20,20,False,51,True,0.28782060583733987,0.026554700128062422,0.5058084655923208,38.817306302371435,55.83986249694135,0.0,Robust-MTD,174,case57,0.09
True,28,0.04,True,16,16,False,28,True,2.166388153027077e-06,0.009222947581445205,0.5058084655923208,37.08265208406374,72.79890899662863,0.0,Robust-MTD,175,case57,0.09
True,33,-0.04,False,20,20,False,33,True,0.42964432175236883,0.09688639961478374,0.5058084655923208,31.025852044695057,51.33556216896978,0.0,Robust-MTD,176,case57,0.09
True,20,-0.04,True,4,4,False,17,False,0.3258101882995328,0.0149293800334497,0.5058084655923208,34.2767270602053,66.494631243404,0.0,Robust-MTD,177,case57,0.09
True,5,0.04,False,20,20,False,5,True,8.729964049447985e-05,0.02155867747573378,0.5058084655923208,41.223708348115906,70.22309581516312,0.0,Robust-MTD,178,case57,0.09
True,38,0.04,False,20,20,False,38,True,0.1728445330360534,0.03777405052894896,0.5058084655923208,40.10655636084266,89.51232291292399,0.0,Robust-MTD,179,case57,0.09
True,52,-0.04,True,2,2,False,51,False,0.26708847542121356,0.013427659013536552,0.5058084655923208,37.892385441227816,57.05420413869433,0.0,Robust-MTD,180,case57,0.09
True,48,0.04,True,10,10,False,48,True,0.24772613162951082,0.012289780047712324,0.5058084655923208,39.16365214972757,59.29691190249288,0.0,Robust-MTD,181,case57,0.09
True,32,-0.04,False,20,20,False,0,False,0.6381432099627563,0.3474262711277647,0.5058084655923208,34.018077148357406,52.23573333350943,0.0,Robust-MTD,182,case57,0.09
True,48,0.04,True,6,6,False,49,False,0.26473818520802544,0.0140768049599267,0.5058084655923208,33.088356352527626,71.35936008708089,0.0,Robust-MTD,183,case57,0.09
True,48,0.04,True,2,2,False,49,False,0.2192113860658744,0.01724463096256416,0.5058084655923208,31.392106306157075,52.434479453950196,0.0,Robust-MTD,184,case57,0.09
True,5,0.04,True,12,12,False,5,True,0.04812902078951707,0.021846239374765947,0.5058084655923208,36.27377089578658,53.35486698022579,0.0,Robust-MTD,185,case57,0.09
True,41,0.04,False,20,20,False,41,True,0.024467020887233897,0.043927627675407914,0.5058084655923208,39.111310604494065,72.21963571792003,0.0,Robust-MTD,186,case57,0.09
True,29,-0.04,False,20,20,False,29,True,0.29840394674574894,0.03311165080833739,0.5058084655923208,37.096466653747484,62.745814895606614,0.0,Robust-MTD,187,case57,0.09
True,10,-0.04,True,11,11,False,10,True,3.8671819781198825e-10,0.01693685002588072,0.5058084655923208,38.69014999945648,60.440383967943525,0.0,Robust-MTD,188,case57,0.09
True,13,0.04,True,1,1,False,13,True,3.8671819781197475e-10,0.002030201786557768,0.5058084655923208,22.551285452209413,26.842914597364143,0.0,Robust-MTD,189,case57,0.09
True,7,-0.04,False,20,20,False,0,False,0.6473902947670259,0.3217983012088389,0.5058084655923208,38.61965199466795,76.81227881985257,0.0,Robust-MTD,190,case57,0.09
True,34,-0.04,False,20,20,False,0,False,0.6688687847226378,0.3095000696132613,0.5058084655923208,32.25408534926828,49.64439549366945,0.0,Robust-MTD,191,case57,0.09
True,23,-0.04,False,20,20,False,0,False,0.6460252989838561,0.3345067085806131,0.5058084655923208,41.80699990247376,84.77717322239187,0.0,Robust-MTD,192,case57,0.09
True,22,-0.04,False,20,20,False,0,False,0.6169874954752071,0.35483633008146975,0.5058084655923208,34.62970000109635,56.12272711587142,0.0,Robust-MTD,193,case57,0.09
True,53,-0.04,True,2,2,False,51,False,0.2698505232702439,0.013263597356761574,0.5058084655923208,17.866206241887994,20.802941353758797,0.0,Robust-MTD,194,case57,0.09
True,40,0.04,False,20,20,False,41,False,0.40473156689254364,0.13860355209977637,0.5058084655923208,35.889301940915175,78.82817472273018,0.0,Robust-MTD,195,case57,0.09
True,4,-0.04,False,20,20,False,0,False,0.6605361774491773,0.32888297154074936,0.5058084655923208,21.20932290854398,26.405918155796826,0.0,Robust-MTD,196,case57,0.09
True,23,0.04,False,20,20,False,0,False,0.6246535068154586,0.34937074350561503,0.5058084655923208,33.23186040506698,62.97122768883128,0.0,Robust-MTD,197,case57,0.09
True,17,0.04,True,19,19,False,19,False,0.3295056241604959,0.011635735850058029,0.5058084655923208,21.301516742096283,26.06034406926483,0.0,Robust-MTD,198,case57,0.09
True,28,0.04,True,11,11,False,28,True,3.82357197515399e-09,0.009222946065780308,0.5058084655923208,12.572375102899969,15.49982113065198,0.0,Robust-MTD,199,case57,0.09
True,26,-0.04,False,20,20,False,0,False,0.6623915791971278,0.322993944206584,0.6150741710035447,21.859370853053406,31.88260178139899,0.0,HMTD-MDE,0,case57,0.12
True,49,-0.04,False,20,20,False,49,True,0.209232197405001,0.019503644704271586,0.6150741710035447,28.0187042983016,53.99415141146167,0.0,HMTD-MDE,1,case57,0.12
True,53,-0.04,True,2,2,False,53,True,0.1860856492038531,0.007593659732397571,0.6150741710035447,27.370751946000382,48.37460865091999,0.0,HMTD-MDE,2,case57,0.12
True,37,0.04,False,20,20,False,37,True,0.17217757440884673,0.017787526398391776,0.6150741710035447,30.162120994646102,52.23712885926943,0.0,HMTD-MDE,3,case57,0.12
True,46,0.04,True,17,17,False,0,False,0.6434389407250591,0.3578912710151989,0.6150741710035447,32.058133246027865,52.11223480291666,0.0,HMTD-MDE,4,case57,0.12
True,17,0.04,False,20,20,False,17,True,0.6416342846945333,0.2082845911840107,0.6150741710035447,22.818622854538262,30.43256901728455,0.0,HMTD-MDE,5,case57,0.12
True,24,0.04,False,20,20,False,24,True,0.39651326807976006,0.027287257910984634,0.6150741710035447,35.936639504507184,95.44154555187562,0.0,HMTD-MDE,6,case57,0.12
True,3,0.04,True,4,4,False,3,True,3.0506362953520465e-05,0.0066474069434522024,0.6150741710035447,28.169824901851825,50.247016342473216,0.0,HMTD-MDE,7,case57,0.12
True,8,-0.04,True,1,1,False,8,True,3.8671819781197475e-10,0.0007620484350659868,0.6150741710035447,31.057037410209887,52.9621649242472,0.0,HMTD-MDE,8,case57,0.12
True,22,0.04,False,20,20,False,17,False,0.614580003639724,0.21171259381587157,0.6150741710035447,32.212743698619306,49.280038962024285,0.0,HMTD-MDE,9,case57,0.12
True,29,-0.04,False,20,20,False,31,False,0.4115944291986385,0.030767951311354444,0.6150741710035447,22.805879203951918,30.431645832140934,0.0,HMTD-MDE,10,case57,0.12
True,28,-0.04,False,20,20,False,28,True,0.15918191416115285,0.045793576080796414,0.6150741710035447,23.827535400050692,31.1328479583608,0.0,HMTD-MDE,11,case57,0.12
True,8,0.04,True,1,1,False,8,True,3.8671819781197475e-10,0.0007620484350659868,0.6150741710035447,29.205504196579568,48.864077724283575,0.0,HMTD-MDE,12,case57,0.12
True,28,-0.04,False,20,20,False,28,True,0.16898165937846643,0.0475368912205975,0.6150741710035447,30.626752047101036,41.10416279290803,0.0,HMTD-MDE,13,case57,0.12
True,22,0.04,False,20,20,False,0,False,0.6713707728698465,0.34072695769106576,0.6150741710035447,34.19673738826532,60.75325825368055,0.0,HMTD-MDE,14,case57,0.12
True,26,0.04,False,20,20,False,0,False,0.6451026797246497,0.3550716133336253,0.6150741710035447,22.614079047343694,30.76746042061132,0.0,HMTD-MDE,15,case57,0.12
True,40,-0.04,False,20,20,False,40,True,0.02166275573204051,0.019719154929834767,0.6150741710035447,27.268110602744855,41.60086524498186,0.0,HMTD-MDE,16,case57,0.12
True,1,-0.04,False,20,20,False,0,False,0.7066364459608167,0.3255714904718413,0.6150741710035447,24.43990205647424,33.27550001849886,0.0,HMTD-MDE,17,case57,0.12
True,37,-0.04,False,20,20,False,43,False,0.17225190247777367,0.017793903050594487,0.6150741710035447,33.27503964246716,46.40542258857752,0.0,HMTD-MDE,18,case57,0.12
True,42,-0.04,False,20,20,False,42,True,0.00013614906042607155,0.06464614480477653,0.6150741710035447,33.228652051184326,54.41295029886533,0.0,HMTD-MDE,19,case57,0.12
True,32,0.04,False,20,20,False,0,False,0.6084660559211508,0.3765918222191315,0.6150741710035447,23.61753119912464,33.623739855829626,0.0,HMTD-MDE,20,case57,0.12
True,20,0.04,True,7,7,False,19,False,0.25287502085847,0.015960080827010326,0.6150741710035447,32.512522948672995,66.20567111822311,0.0,HMTD-MDE,21,case57,0.12
True,46,0.04,False,20,20,False,0,False,0.6322058309020364,0.3632100081474787,0.6150741710035447,23.739220842253417,30.495995495584793,0.0,HMTD-MDE,22,case57,0.12
True,42,0.04,False,20,20,False,42,True,0.006732949673074835,0.06552688731482963,0.6150741710035447,35.680087402579375,66.53545419685544,0.0,HMTD-MDE,23,case57,0.12
True,56,-0.04,True,3,3,False,56,True,0.17150344246242047,0.027377247602579986,0.6150741710035447,30.074448004597798,52.402616647304974,0.0,HMTD-MDE,24,case57,0.12
True,53,0.04,True,3,3,False,52,False,0.20539380688455555,0.008288453710424363,0.6150741710035447,28.422976995352656,39.986945840064436,0.0,HMTD-MDE,25,case57,0.12
True,48,0.04,True,4,4,False,48,True,4.1439331404404803e-10,0.005346945621122951,0.6150741710035447,35.09388534876052,61.73378567909822,0.0,HMTD-MDE,26,case57,0.12
True,24,-0.04,False,20,20,False,24,True,0.3984021579645423,0.027628990188120393,0.6150741710035447,35.54371669597458,94.70825449679978,0.0,HMTD-MDE,27,case57,0.12
True,20,0.04,True,8,8,False,20,True,0.24491034366514003,0.015097108070566254,0.6150741710035447,36.92037079890724,63.807572584482884,0.0,HMTD-MDE,28,case57,0.12
True,34,-0.04,True,18,18,False,31,False,0.4316789236206513,0.03784617155672153,0.6150741710035447,33.74633956118487,54.61184197629339,0.0,HMTD-MDE,29,case57,0.12
True,11,-0.04,True,1,1,False,11,True,3.8671819781197475e-10,0.0008030322573090371,0.6150741710035447,39.95571044215467,94.44247770879885,0.0,HMTD-MDE,30,case57,0.12
True,38,0.04,False,20,20,False,38,True,0.17145243026184734,0.027372189088824633,0.6150741710035447,29.785877055837773,39.35944554687014,0.0,HMTD-MDE,31,case57,0.12
True,32,0.04,False,20,20,False,0,False,0.6491317453313005,0.3531177780672328,0.6150741710035447,34.835558297345415,52.48675382754305,0.0,HMTD-MDE,32,case57,0.12
True,15,-0.04,False,20,20,False,0,False,0.6267680533062462,0.39596265662328056,0.6150741710035447,34.36678544967435,62.097888957941926,0.0,HMTD-MDE,33,case57,0.12
True,36,0.04,True,1,1,False,36,True,6.014407069736345e-05,0.0019716753234516665,0.6150741710035447,37.59935189445969,78.27451074263081,0.0,HMTD-MDE,34,case57,0.12
True,26,0.04,False,20,20,False,0,False,0.6216356312622103,0.3675756706199996,0.6150741710035447,30.95231460465584,51.21533955971247,0.0,HMTD-MDE,35,case57,0.12
True,28,0.04,False,20,20,False,27,False,0.1668858119769755,0.0520358441996681,0.6150741710035447,37.11179804522544,84.20978188223675,0.0,HMTD-MDE,36,case57,0.12
True,3,0.04,True,2,2,False,3,True,8.454391193998288e-08,0.0066473807832608195,0.6150741710035447,34.79725830547977,84.25880592840261,0.0,HMTD-MDE,37,case57,0.12
True,6,0.04,True,1,1,False,6,True,3.867181978119751e-10,0.004630243586268907,0.6150741710035447,38.64079800841864,51.21308124216739,0.0,HMTD-MDE,38,case57,0.12
True,51,-0.04,False,20,20,False,51,True,0.23056366422356162,0.06403026183989588,0.6150741710035447,36.00661463860888,46.606189882732,0.0,HMTD-MDE,39,case57,0.12
True,17,0.04,False,20,20,False,0,False,0.6626281647341541,0.26989205625647916,0.6150741710035447,34.552447899477556,48.65022882877385,0.0,HMTD-MDE,40,case57,0.12
True,49,-0.04,True,12,12,False,49,True,0.14169880223705075,0.021381639495104084,0.6150741710035447,34.601256204769015,63.507979418500355,0.0,HMTD-MDE,41,case57,0.12
True,19,-0.04,True,13,13,False,20,False,0.26195935529541425,0.017331286513412068,0.6150741710035447,35.11648754647467,73.88262532185763,0.0,HMTD-MDE,42,case57,0.12
True,31,0.04,False,20,20,False,31,True,0.439063324421644,0.05075161128031756,0.6150741710035447,31.015531154116616,38.13258089649027,0.0,HMTD-MDE,43,case57,0.12
True,55,0.04,True,1,1,False,55,True,0.11593893271288754,0.003128238460127621,0.6150741710035447,32.63855209515896,45.43414307117929,0.0,HMTD-MDE,44,case57,0.12
True,2,0.04,True,5,5,False,2,True,0.0005788701161646634,0.009308948966210052,0.6150741710035447,38.04300240590237,53.67397534428167,0.0,HMTD-MDE,45,case57,0.12
True,34,-0.04,False,20,20,False,31,False,0.4309488942440629,0.03766702726310136,0.6150741710035447,30.859068749123253,47.13617088855244,0.0,HMTD-MDE,46,case57,0.12
True,14,-0.04,False,20,20,False,14,True,3.8671819781207407e-10,0.013870175815548629,0.6150741710035447,30.716866595321335,50.539670523721746,0.0,HMTD-MDE,47,case57,0.12
True,1,0.04,False,20,20,False,0,False,0.6215479606078943,0.3796887606742393,0.6150741710035447,36.095629254123196,57.665466325124726,0.0,HMTD-MDE,48,case57,0.12
True,34,-0.04,False,20,20,False,31,False,0.42732385346996665,0.03526416325345855,0.6150741710035447,30.627827043645084,45.04717676609289,0.0,HMTD-MDE,49,case57,0.12
True,40,-0.04,False,20,20,False,40,True,0.029350145698037716,0.019604387941744447,0.6150741710035447,35.6702875404153,57.45153066236528,0.0,HMTD-MDE,50,case57,0.12
True,27,-0.04,False,20,20,False,0,False,0.668606201226166,0.2341656028809811,0.6150741710035447,31.659760343609378,62.75664790882729,0.0,HMTD-MDE,51,case57,0.12
True,44,-0.04,False,20,20,False,0,False,0.6209009160809926,0.37268276382455967,0.6150741710035447,27.974875093786977,37.71372295741458,0.0,HMTD-MDE,52,case57,0.12
True,1,0.04,False,20,20,False,0,False,0.650549763600971,0.33787022530509764,0.6150741710035447,31.34433534869459,42.58801425457934,0.0,HMTD-MDE,53,case57,0.12
True,20,-0.04,True,10,10,False,19,False,0.2513530695622975,0.015776764870493475,0.6150741710035447,37.06339585769456,79.47078717697877,0.0,HMTD-MDE,54,case57,0.12
True,41,-0.04,True,1,1,False,55,False,0.02218619422065863,0.0027265559556023306,0.6150741710035447,29.394852145924233,51.646106838597916,0.0,HMTD-MDE,55,case57,0.12
True,25,0.04,False,20,20,False,0,False,0.6633576177398252,0.3128297447233481,0.6150741710035447,38.06577910436317,72.76364582066891,0.0,HMTD-MDE,56,case57,0.12
True,33,0.04,False,20,20,False,0,False,0.6563797941165163,0.35382414672752416,0.6150741710035447,40.94543534447439,77.06664374854884,0.0,HMTD-MDE,57,case57,0.12
True,42,-0.04,False,20,20,False,42,True,0.5503956837743033,0.2320480811227227,0.6150741710035447,36.1601789976703,62.98172084789258,0.0,HMTD-MDE,58,case57,0.12
True,21,0.04,False,20,20,False,0,False,0.6278390400722896,0.3668190948423962,0.6150741710035447,31.237064505694434,51.80971600057092,0.0,HMTD-MDE,59,case57,0.12
True,36,-0.04,True,1,1,False,36,True,5.690107996330463e-09,0.0019716784963812553,0.6150741710035447,35.41597925359383,73.2071041915333,0.0,HMTD-MDE,60,case57,0.12
True,46,0.04,False,20,20,False,0,False,0.6482370372190055,0.3542221975221519,0.6150741710035447,39.045133406762034,67.5635017250898,0.0,HMTD-MDE,61,case57,0.12
True,56,0.04,False,20,20,False,38,False,0.17144274263397113,0.027371448544646564,0.6150741710035447,36.311329051386565,60.43191248609221,0.0,HMTD-MDE,62,case57,0.12
True,8,-0.04,True,1,1,False,8,True,3.8671819781197475e-10,0.0007620484350659868,0.6150741710035447,33.031504150130786,53.921229764819145,0.0,HMTD-MDE,63,case57,0.12
True,2,0.04,True,2,2,False,2,True,2.589699214428964e-05,0.009309598022707958,0.6150741710035447,39.886189653771,57.7559181430843,0.0,HMTD-MDE,64,case57,0.12
True,43,0.04,False,20,20,False,43,True,0.17214264351805722,0.01778456401846311,0.6150741710035447,40.6224750506226,101.49976213288028,0.0,HMTD-MDE,65,case57,0.12
True,11,0.04,True,1,1,False,11,True,3.8671819781197475e-10,0.0008030322573090371,0.6150741710035447,34.15100205456838,64.06862258736513,0.0,HMTD-MDE,66,case57,0.12
True,7,0.04,False,20,20,False,7,True,0.0036015623477384006,0.04545973053214403,0.6150741710035447,37.47801254794467,95.13123749929947,0.0,HMTD-MDE,67,case57,0.12
True,7,-0.04,False,20,20,False,7,True,0.017988724848689235,0.04677643251762918,0.6150741710035447,36.462454160209745,47.25219407991972,0.0,HMTD-MDE,68,case57,0.12
True,51,-0.04,False,20,20,False,51,True,0.3315026604547258,0.07890231056172363,0.6150741710035447,35.46359799802303,47.284150283667266,0.0,HMTD-MDE,69,case57,0.12
True,12,-0.04,True,1,1,False,12,True,3.8671819781197475e-10,0.00019130722995586359,0.6150741710035447,35.65861460228916,56.849059025989874,0.0,HMTD-MDE,70,case57,0.12
True,17,-0.04,False,20,20,False,17,True,0.3596840351578231,0.08825554073619446,0.6150741710035447,36.74742079747375,62.86626523069572,0.0,HMTD-MDE,71,case57,0.12
True,35,0.04,True,1,1,False,35,True,8.406016697997039e-07,0.0018178431960249805,0.6150741710035447,27.94307699368801,46.96370479068719,0.0,HMTD-MDE,72,case57,0.12
True,37,0.04,False,20,20,False,37,True,0.1715585953419663,0.01773948267756656,0.6150741710035447,34.10959580214694,42.39066810696386,0.0,HMTD-MDE,73,case57,0.12
True,11,0.04,True,1,1,False,11,True,3.8671819781197475e-10,0.0008030322573090371,0.6150741710035447,36.40831460361369,50.94410148740283,0.0,HMTD-MDE,74,case57,0.12
True,43,-0.04,False,20,20,False,43,True,0.1715202819588944,0.017736999333740927,0.6150741710035447,36.91067070176359,68.02680659748152,0.0,HMTD-MDE,75,case57,0.12
True,39,0.04,False,20,20,False,0,False,0.6457592724893687,0.3583002908125479,0.6150741710035447,31.641714496072378,66.88754401111512,0.0,HMTD-MDE,76,case57,0.12
True,41,-0.04,True,1,1,False,55,False,0.1703907120337195,0.002439082619061017,0.6150741710035447,34.136864604079165,53.43134587747045,0.0,HMTD-MDE,77,case57,0.12
True,11,-0.04,True,1,1,False,11,True,3.8671819781197475e-10,0.0008030322573090371,0.6150741710035447,36.585120850941166,75.19326429464856,0.0,HMTD-MDE,78,case57,0.12
True,24,0.04,True,13,13,False,34,False,0.40955429510123437,0.02973000240459358,0.6150741710035447,37.46586029883474,69.00288129108962,0.0,HMTD-MDE,79,case57,0.12
True,26,-0.04,False,20,20,False,0,False,0.6469859589288144,0.354491226040541,0.6150741710035447,39.14853114983998,73.67633302637843,0.0,HMTD-MDE,80,case57,0.12
True,37,0.04,False,20,20,False,37,True,0.17791738029791143,0.018433745225774126,0.6150741710035447,35.96253950090613,67.56186909042302,0.0,HMTD-MDE,81,case57,0.12
True,26,-0.04,False,20,20,False,0,False,0.6351895676797394,0.3815516914031848,0.6150741710035447,36.364206101279706,63.9860020397464,0.0,HMTD-MDE,82,case57,0.12
True,20,-0.04,True,19,19,False,20,True,0.2497142420916367,0.01561388483411088,0.6150741710035447,37.36479374929331,50.42410386085979,0.0,HMTD-MDE,83,case57,0.12
True,54,0.04,False,20,20,False,0,False,0.6315738088480256,0.3713220171042327,0.6150741710035447,34.45274395053275,70.86615353182425,0.0,HMTD-MDE,84,case57,0.12
True,31,0.04,False,20,20,False,31,True,0.43173705721853517,0.03894953521258919,0.6150741710035447,31.55822499247733,51.367412172839984,0.0,HMTD-MDE,85,case57,0.12
True,28,0.04,False,20,20,False,28,True,0.15740051778792483,0.045528303713430446,0.6150741710035447,36.88885830924846,63.40154615172651,0.0,HMTD-MDE,86,case57,0.12
True,26,-0.04,False,20,20,False,0,False,0.6767617800743051,0.33128250847496465,0.6150741710035447,36.42050411144737,63.762385738664314,0.0,HMTD-MDE,87,case57,0.12
True,17,-0.04,False,20,20,False,0,False,0.6724801387661821,0.24633473290042185,0.6150741710035447,37.14455430745147,72.96552558545955,0.0,HMTD-MDE,88,case57,0.12
True,55,-0.04,True,1,1,False,55,True,0.08071886722869782,0.002672684679623493,0.6150741710035447,35.92988935415633,59.94339165044949,0.0,HMTD-MDE,89,case57,0.12
True,11,0.04,True,1,1,False,11,True,3.8671819781197475e-10,0.0008030322573090371,0.6150741710035447,36.85805844434071,45.717677139327876,0.0,HMTD-MDE,90,case57,0.12
True,48,-0.04,True,1,1,False,48,True,3.8671808797186145e-10,0.005346945621069973,0.6150741710035447,36.018320749280974,49.50330796127674,0.0,HMTD-MDE,91,case57,0.12
True,50,-0.04,True,15,15,False,49,False,0.17108921128311397,0.017479947349698394,0.6150741710035447,39.09427089965902,86.11473122728059,0.0,HMTD-MDE,92,case57,0.12
True,53,-0.04,True,3,3,False,52,False,0.22168381658454078,0.00908949110302649,0.6150741710035447,41.524543744162656,70.68209167046008,0.0,HMTD-MDE,93,case57,0.12
True,43,0.04,False,20,20,False,43,True,0.17146505813957652,0.017733683819616354,0.6150741710035447,44.22081039811019,93.18192085484046,0.0,HMTD-MDE,94,case57,0.12
True,40,-0.04,False,20,20,False,40,True,0.013113828670158256,0.019843175938061706,0.6150741710035447,35.63909589720424,57.3661555594299,0.0,HMTD-MDE,95,case57,0.12
True,10,-0.04,True,1,1,False,10,True,3.8671819781197475e-10,0.0017934628809031744,0.6150741710035447,34.34503955650143,49.23613780119923,0.0,HMTD-MDE,96,case57,0.12
True,14,0.04,True,15,15,False,14,True,3.867181978120117e-10,0.013870175815548629,0.6150741710035447,34.83900610881392,45.976156552205794,0.0,HMTD-MDE,97,case57,0.12
True,53,-0.04,True,5,5,False,53,True,0.20600742361682195,0.008314802562505143,0.6150741710035447,36.87871874135453,58.8192812690977,0.0,HMTD-MDE,98,case57,0.12
True,49,-0.04,False,20,20,False,49,True,0.1477325334203705,0.021057616210808643,0.6150741710035447,33.4774415998254,48.4892666747328,0.0,HMTD-MDE,99,case57,0.12
True,56,0.04,False,20,20,False,38,False,0.17144160313506512,0.02737137480618671,0.6150741710035447,34.453933345503174,45.251417250256054,0.0,HMTD-MDE,100,case57,0.12
True,17,-0.04,False,20,20,False,18,False,0.3409958929447042,0.04008833612903825,0.6150741710035447,37.77691460272763,58.60833124024794,0.0,HMTD-MDE,101,case57,0.12
True,12,0.04,True,1,1,False,12,True,3.8671819781197475e-10,0.00019130722995586359,0.6150741710035447,39.22961889766157,72.00860836019275,0.0,HMTD-MDE,102,case57,0.12
True,48,-0.04,True,1,1,False,48,True,3.867180879720077e-10,0.005346945621069973,0.6150741710035447,33.40007929073181,57.7807475870941,0.0,HMTD-MDE,103,case57,0.12
True,31,0.04,False,20,20,False,31,True,0.42308374931910425,0.034038228087795455,0.6150741710035447,33.13757090072613,51.354983629426,0.0,HMTD-MDE,104,case57,0.12
True,31,0.04,False,20,20,False,0,False,0.6676022641837797,0.21358215260227725,0.6150741710035447,36.46799786074553,76.36750657693483,0.0,HMTD-MDE,105,case57,0.12
True,41,-0.04,True,1,1,False,55,False,0.16901963339352172,0.0024548187372663063,0.6150741710035447,35.84822924458422,66.66552078677341,0.0,HMTD-MDE,106,case57,0.12
True,16,-0.04,False,20,20,False,0,False,0.6123293406121916,0.38015559803105003,0.6150741710035447,36.312191604520194,61.91380654927343,0.0,HMTD-MDE,107,case57,0.12
True,20,0.04,True,10,10,False,19,False,0.1912242584271557,0.01169166107342979,0.6150741710035447,40.57143114623614,73.65031874505809,0.0,HMTD-MDE,108,case57,0.12
True,50,0.04,True,1,1,False,50,True,0.15283637432932917,0.013527749981563744,0.6150741710035447,36.32145419542212,58.550214217393695,0.0,HMTD-MDE,109,case57,0.12
True,17,0.04,False,20,20,False,17,True,0.3647056885175646,0.09254741071516193,0.6150741710035447,38.0006479419535,60.53850236930886,0.0,HMTD-MDE,110,case57,0.12
True,41,0.04,True,1,1,False,41,True,0.11520768020457192,0.002195335584021863,0.6150741710035447,31.58781874808483,40.90399374545088,0.0,HMTD-MDE,111,case57,0.12
True,15,0.04,False,20,20,False,0,False,0.6519978258254583,0.3513926894853082,0.6150741710035447,36.06614180316683,66.79182297375519,0.0,HMTD-MDE,112,case57,0.12
True,12,-0.04,True,1,1,False,12,True,3.8671819781197475e-10,0.00019130722995586359,0.6150741710035447,30.090237502008677,59.01151701400522,0.0,HMTD-MDE,113,case57,0.12
True,33,-0.04,False,20,20,False,0,False,0.7025356408158786,0.2521589809981357,0.6150741710035447,35.09717720153276,74.91789163323122,0.0,HMTD-MDE,114,case57,0.12
True,8,0.04,True,1,1,False,8,True,3.8671819781197475e-10,0.0007620484350659868,0.6150741710035447,45.091499999398366,81.04489614488564,0.0,HMTD-MDE,115,case57,0.12
True,16,-0.04,False,20,20,False,0,False,0.6406971784063435,0.35218032668681554,0.6150741710035447,35.1306894532172,50.282021131715744,0.0,HMTD-MDE,116,case57,0.12
True,46,-0.04,False,20,20,False,0,False,0.6250979216283057,0.36667247390151675,0.6150741710035447,35.95069154689554,45.93298062100076,0.0,HMTD-MDE,117,case57,0.12
True,8,-0.04,True,1,1,False,8,True,3.8671819781197475e-10,0.0007620484350659868,0.6150741710035447,37.600239453604445,55.538808004348546,0.0,HMTD-MDE,118,case57,0.12
True,20,0.04,True,5,5,False,19,False,0.23710586673043474,0.014368885126909193,0.6150741710035447,35.249427004600875,48.58044860011432,0.0,HMTD-MDE,119,case57,0.12
True,52,-0.04,True,1,1,False,53,False,0.23549555180658927,0.009971833282823852,0.6150741710035447,37.697839754400775,52.51541455509141,0.0,HMTD-MDE,120,case57,0.12
True,9,-0.04,True,9,9,False,9,True,3.8671819781198375e-10,0.010449761625693596,0.6150741710035447,37.32079364999663,61.81225865439047,0.0,HMTD-MDE,121,case57,0.12
True,21,0.04,False,20,20,False,0,False,0.6158668546242329,0.3740591968036115,0.6150741710035447,35.815852039377205,49.0692142106127,0.0,HMTD-MDE,122,case57,0.12
True,43,0.04,False,20,20,False,43,True,0.17146188537102236,0.01773350830001646,0.6150741710035447,34.28313129988965,47.502491701743565,0.0,HMTD-MDE,123,case57,0.12
True,18,-0.04,True,9,9,False,18,True,0.31194274632204694,0.05335837226143294,0.6150741710035447,36.19710625789594,53.151792346034206,0.0,HMTD-MDE,124,case57,0.12
True,38,-0.04,False,20,20,False,38,True,0.17144160162080183,0.0273713747827602,0.6150741710035447,36.70961449970491,45.80746423162055,0.0,HMTD-MDE,125,case57,0.12
True,47,-0.04,False,20,20,False,0,False,0.6650145166466354,0.26467427236554586,0.6150741710035447,34.393493697280064,46.48494131688494,0.0,HMTD-MDE,126,case57,0.12
True,51,-0.04,False,20,20,False,51,True,0.2661415052004939,0.05369053328618337,0.6150741710035447,37.454560346668586,58.65019794437103,0.0,HMTD-MDE,127,case57,0.12
True,23,0.04,True,0,0,False,0,False,0.6517595229663878,0.34833213042323485,0.6150741710035447,39.6342790016206,60.58377439621837,0.0,HMTD-MDE,128,case57,0.12
True,40,0.04,True,15,15,False,40,True,0.015486000526923407,0.019811032793828478,0.6150741710035447,34.58302911021747,48.250398188247345,0.0,HMTD-MDE,129,case57,0.12
True,20,-0.04,False,20,20,False,20,True,0.20999118022949662,0.012537361975551326,0.6150741710035447,36.52709170419257,61.315478861797644,0.0,HMTD-MDE,130,case57,0.12
True,51,-0.04,False,20,20,False,51,True,0.16396206534578145,0.04178200357470548,0.6150741710035447,40.166845853673294,87.39581193076448,0.0,HMTD-MDE,131,case57,0.12
True,26,0.04,False,20,20,False,0,False,0.6345762620366336,0.36534311765377236,0.6150741710035447,36.394618803751655,51.78847705828957,0.0,HMTD-MDE,132,case57,0.12
True,43,-0.04,True,7,7,False,43,True,0.17222937417084058,0.01779196008833204,0.6150741710035447,32.99524155445397,56.05338748428039,0.0,HMTD-MDE,133,case57,0.12
True,54,-0.04,False,20,20,False,0,False,0.622112781736775,0.3726773671640594,0.6150741710035447,35.08745424624067,60.59915270016064,0.0,HMTD-MDE,134,case57,0.12
True,32,0.04,False,20,20,False,0,False,0.6461366456809974,0.37300001485962897,0.6150741710035447,33.45313330355566,57.25703336356675,0.0,HMTD-MDE,135,case57,0.12
True,47,0.04,False,20,20,False,0,False,0.6861257865263987,0.2993101976370399,0.6150741710035447,31.773666659137238,40.97086285182747,0.0,HMTD-MDE,136,case57,0.12
True,51,0.04,True,2,2,False,51,True,0.19288407463470747,0.056334904779724596,0.6150741710035447,37.92207924707327,81.5274208522169,0.0,HMTD-MDE,137,case57,0.12
True,53,0.04,True,9,9,False,52,False,0.2697898024438687,0.014573750157085374,0.6150741710035447,36.59310829534661,54.25718747137581,0.0,HMTD-MDE,138,case57,0.12
True,54,0.04,False,20,20,False,45,False,0.5493631041912497,0.24022718859203668,0.6150741710035447,35.74991044588387,58.099562465213246,0.0,HMTD-MDE,139,case57,0.12
True,20,0.04,False,20,20,False,20,True,0.2346651405274005,0.014165368495647458,0.6150741710035447,32.539764590910636,58.98876844730694,0.0,HMTD-MDE,140,case57,0.12
True,52,0.04,True,9,9,False,53,False,0.2504828632532795,0.011265128542684206,0.6150741710035447,33.55058740125969,64.93858927569818,0.0,HMTD-MDE,141,case57,0.12
True,10,0.04,True,1,1,False,10,True,3.8671819781197475e-10,0.0017934628809031744,0.6150741710035447,30.801718740258366,54.06387226539664,0.0,HMTD-MDE,142,case57,0.12
True,12,-0.04,True,1,1,False,12,True,3.8671819781197475e-10,0.00019130722995586359,0.6150741710035447,44.624291599029675,83.6971999582602,0.0,HMTD-MDE,143,case57,0.12
True,10,0.04,True,1,1,False,10,True,3.8671819781197475e-10,0.0017934628809031744,0.6150741710035447,38.56650639208965,70.32948153209873,0.0,HMTD-MDE,144,case57,0.12
True,11,-0.04,True,1,1,False,11,True,3.8671819781197475e-10,0.0008030322573090371,0.6150741710035447,34.22278744110372,47.06915357965045,0.0,HMTD-MDE,145,case57,0.12
True,25,-0.04,False,20,20,False,0,False,0.6611998267206941,0.3151812838949096,0.6150741710035447,37.68930204969365,57.810615998460015,0.0,HMTD-MDE,146,case57,0.12
True,36,0.04,True,1,1,False,36,True,1.2650009611587316e-07,0.0019716784922703783,0.6150741710035447,35.19732705026399,56.268153883866034,0.0,HMTD-MDE,147,case57,0.12
True,44,-0.04,False,20,20,False,0,False,0.6619483385509835,0.30605412585741176,0.6150741710035447,31.991416652454063,48.79790419945494,0.0,HMTD-MDE,148,case57,0.12
True,24,0.04,True,7,7,False,34,False,0.4037462099642452,0.028782447525606034,0.6150741710035447,40.50546874932479,83.18738099769695,0.0,HMTD-MDE,149,case57,0.12
True,3,0.04,True,1,1,False,3,True,1.9509415894675196e-06,0.006647382090484371,0.6150741710035447,37.04764584254008,64.89875032857526,0.0,HMTD-MDE,150,case57,0.12
True,42,0.04,False,20,20,False,42,True,0.00340804547144775,0.06493115300265502,0.6150741710035447,35.81986259378027,60.11109819228296,0.0,HMTD-MDE,151,case57,0.12
True,23,0.04,False,20,20,False,0,False,0.6788052692278613,0.2959891824011389,0.6150741710035447,37.62582080089487,48.462510760873556,0.0,HMTD-MDE,152,case57,0.12
True,45,0.04,False,20,20,False,45,True,0.1451789656345766,0.06931532837029308,0.6150741710035447,34.82072714541573,67.00546038337052,0.0,HMTD-MDE,153,case57,0.12
True,24,-0.04,False,20,20,False,34,False,0.4025214720238838,0.028613765834558713,0.6150741710035447,29.78316035878379,47.96504999394529,0.0,HMTD-MDE,154,case57,0.12
True,22,-0.04,False,20,20,False,45,False,0.6425765144126026,0.23564559793706547,0.6150741710035447,41.11226879176684,74.7689527081093,0.0,HMTD-MDE,155,case57,0.12
True,23,0.04,False,20,20,False,0,False,0.6107201974628061,0.38287481336501117,0.6150741710035447,35.30415839632042,48.56051700771786,0.0,HMTD-MDE,156,case57,0.12
True,54,0.04,False,20,20,False,54,True,0.6364617952866592,0.2260387376608979,0.6150741710035447,39.02955419616774,81.22028546349613,0.0,HMTD-MDE,157,case57,0.12
True,33,-0.04,False,20,20,False,0,False,0.670220601495702,0.3481081491716551,0.6150741710035447,37.7826353040291,87.82095002825373,0.0,HMTD-MDE,158,case57,0.12
True,39,-0.04,False,20,20,False,0,False,0.6136173643781705,0.37426295189943004,0.6150741710035447,37.01461658929475,73.14308780187277,0.0,HMTD-MDE,159,case57,0.12
True,13,0.04,True,1,1,False,13,True,3.8671819781197475e-10,0.0006413264728923245,0.6150741710035447,29.910383504466154,45.71562918717973,0.0,HMTD-MDE,160,case57,0.12
True,38,0.04,False,20,20,False,56,False,0.17144186158297556,0.027371390901822723,0.6150741710035447,35.31986449670512,54.13069549831562,0.0,HMTD-MDE,161,case57,0.12
True,35,0.04,True,1,1,False,35,True,2.625643241721862e-08,0.0018178431649407331,0.6150741710035447,33.90626869513653,75.71445684006905,0.0,HMTD-MDE,162,case57,0.12
True,26,-0.04,False,20,20,False,0,False,0.6305131789219472,0.37909033137628945,0.6150741710035447,40.1841832062928,103.15201428602451,0.0,HMTD-MDE,163,case57,0.12
True,1,0.04,False,20,20,False,0,False,0.6323168162778727,0.3772970148152373,0.6150741710035447,30.507697898428887,43.54392466484575,0.0,HMTD-MDE,164,case57,0.12
True,49,-0.04,False,20,20,False,50,False,0.24813060569942744,0.013810170718122693,0.6150741710035447,33.678822944057174,49.35403332056013,0.0,HMTD-MDE,165,case57,0.12
True,40,0.04,True,5,5,False,40,True,0.011333332671298347,0.019867188193271768,0.6150741710035447,34.93889995734207,58.53647293697578,0.0,HMTD-MDE,166,case57,0.12
True,40,0.04,False,20,20,False,40,True,0.016525223245768814,0.019793026576871237,0.6150741710035447,37.96719369420316,65.4277809109772,0.0,HMTD-MDE,167,case57,0.12
True,28,0.04,False,20,20,False,28,True,0.08564782736175329,0.03923644772225031,0.6150741710035447,39.06485205225181,76.3661556353327,0.0,HMTD-MDE,168,case57,0.12
True,38,0.04,False,20,20,False,38,True,0.17147439198031467,0.027374310570350502,0.6150741710035447,42.47463334759232,86.78576817619614,0.0,HMTD-MDE,169,case57,0.12
True,27,0.04,False,20,20,False,27,True,0.18104008798137172,0.05530848460741144,0.6150741710035447,37.44788124167826,59.86621695337819,0.0,HMTD-MDE,170,case57,0.12
True,30,-0.04,False,20,20,False,34,False,0.40150475935903346,0.02833441555732845,0.6150741710035447,36.692972749006,65.67097882798407,0.0,HMTD-MDE,171,case57,0.12
True,31,-0.04,False,20,20,False,33,False,0.4649471470076442,0.06322896253654667,0.6150741710035447,30.376495854579844,43.0918687285157,0.0,HMTD-MDE,172,case57,0.12
True,27,0.04,False,20,20,False,27,True,0.6253797745751872,0.12466809756021202,0.6150741710035447,37.090308393817395,44.886044386657886,0.0,HMTD-MDE,173,case57,0.12
True,51,0.04,False,20,20,False,51,True,0.2235798300663077,0.04186131434166762,0.6150741710035447,37.58334575104527,48.05458367045504,0.0,HMTD-MDE,174,case57,0.12
True,28,0.04,False,20,20,False,28,True,0.09022504774480736,0.040199815148514104,0.6150741710035447,40.03365414682776,54.23919760505675,0.0,HMTD-MDE,175,case57,0.12
True,33,-0.04,False,20,20,False,0,False,0.6649752649892643,0.285865607366074,0.6150741710035447,37.70600210118573,46.88226844882595,0.0,HMTD-MDE,176,case57,0.12
True,20,-0.04,True,4,4,False,19,False,0.26900245101039294,0.01884470126238615,0.6150741710035447,36.26550205226522,55.12576006585732,0.0,HMTD-MDE,177,case57,0.12
True,5,0.04,True,1,1,False,5,True,3.8671819781198117e-10,0.003859109781290195,0.6150741710035447,30.76386260217987,48.23577052156907,0.0,HMTD-MDE,178,case57,0.12
True,38,0.04,False,20,20,False,56,False,0.1714423262172562,0.02737142274616818,0.6150741710035447,29.924502104404382,39.27608721423894,0.0,HMTD-MDE,179,case57,0.12
True,52,-0.04,True,2,2,False,53,False,0.23500177037638367,0.00993616357411656,0.6150741710035447,34.19304363778792,63.94691251043698,0.0,HMTD-MDE,180,case57,0.12
True,48,0.04,True,3,3,False,48,True,3.86718060511904e-10,0.005346945621069973,0.6150741710035447,28.49012494843919,36.94981038279368,0.0,HMTD-MDE,181,case57,0.12
True,32,-0.04,False,20,20,False,0,False,0.6414158001308526,0.3622395453697275,0.6150741710035447,33.79669379792176,52.648056574980735,0.0,HMTD-MDE,182,case57,0.12
True,48,0.04,True,1,1,False,48,True,3.8671808797224294e-10,0.005346945621069973,0.6150741710035447,41.76107080420479,80.71177293895745,0.0,HMTD-MDE,183,case57,0.12
True,48,0.04,True,1,1,False,48,True,4.0203377601633213e-10,0.005346945621075951,0.6150741710035447,30.59315210848581,40.95259792229627,0.0,HMTD-MDE,184,case57,0.12
True,5,0.04,True,1,1,False,5,True,4.775586423410915e-10,0.00385910978130122,0.6150741710035447,38.86552716430742,55.32051310874524,0.0,HMTD-MDE,185,case57,0.12
True,41,0.04,True,1,1,False,41,True,0.15273848149749697,0.0022821688642425063,0.6150741710035447,33.82808335009031,46.727926764288014,0.0,HMTD-MDE,186,case57,0.12
True,29,-0.04,False,20,20,False,31,False,0.413944292098538,0.03145375942336824,0.6150741710035447,29.358652295195498,35.693694357178174,0.0,HMTD-MDE,187,case57,0.12
True,10,-0.04,True,1,1,False,10,True,3.8671819781197475e-10,0.0017934628809031744,0.6150741710035447,34.5764812460402,56.46907082700636,0.0,HMTD-MDE,188,case57,0.12
True,13,0.04,True,1,1,False,13,True,3.8671819781197475e-10,0.0006413264728923245,0.6150741710035447,21.840070851612836,25.290077415411364,0.0,HMTD-MDE,189,case57,0.12
True,7,-0.04,False,20,20,False,7,True,0.05666825276701359,0.05495790887806276,0.6150741710035447,29.862733391928487,55.55001873290167,0.0,HMTD-MDE,190,case57,0.12
True,34,-0.04,False,20,20,False,31,False,0.41260481913063624,0.030585344186356514,0.6150741710035447,26.833970862207934,37.075255945092074,0.0,HMTD-MDE,191,case57,0.12
True,23,-0.04,False,20,20,False,0,False,0.6543304339518351,0.3549560973610182,0.6150741710035447,18.804193643154576,22.822287186863832,0.0,HMTD-MDE,192,case57,0.12
True,22,-0.04,False,20,20,False,0,False,0.6419001520678522,0.3699553510377346,0.6150741710035447,33.17298754118383,53.7071583152283,0.0,HMTD-MDE,193,case57,0.12
True,53,-0.04,True,2,2,False,53,True,0.23467171966675063,0.009912516798600597,0.6150741710035447,19.778949950705282,25.249385129427537,0.0,HMTD-MDE,194,case57,0.12
True,40,0.04,True,9,9,False,40,True,0.012907030156309509,0.0198432276607858,0.6150741710035447,40.789379249326885,94.73336246446706,0.0,HMTD-MDE,195,case57,0.12
True,4,-0.04,False,20,20,False,0,False,0.6699027820825756,0.3187123257397151,0.6150741710035447,19.749281101394445,23.518928841804154,0.0,HMTD-MDE,196,case57,0.12
True,23,0.04,False,20,20,False,0,False,0.6480970741773068,0.352818400706626,0.6150741710035447,13.712429051520303,14.928703528130427,0.0,HMTD-MDE,197,case57,0.12
True,17,0.04,False,20,20,False,20,False,0.3381327556432285,0.030870071457026714,0.6150741710035447,21.635204303311184,24.7018649301026,0.0,HMTD-MDE,198,case57,0.12
True,28,0.04,False,20,20,False,28,True,0.1820426126622574,0.050089263193771216,0.6150741710035447,14.092191762756556,15.119527417118661,0.0,HMTD-MDE,199,case57,0.12
True,26,-0.04,True,5,5,False,26,True,0.17144160094404481,0.008220676368135026,0.5130064572183494,429.3208250484895,488.6713392945255,0.0,MS-HIDE,0,case57,0.12
True,49,-0.04,True,2,2,False,49,True,5.131110592502775e-10,0.0034746763573596127,0.422830035825253,319.19165819417685,398.52651011315174,0.0,MS-HIDE,1,case57,0.12
True,53,-0.04,True,2,2,False,53,True,0.1714416009440448,0.003365262111859853,0.4208687420907816,423.59218115452677,492.20177952665966,0.0,MS-HIDE,2,case57,0.12
True,37,0.04,True,2,2,False,43,False,0.1714416009440448,0.003409597070375245,0.5337977599290662,325.7597000017995,398.4655753301922,0.0,MS-HIDE,3,case57,0.12
True,46,0.04,True,17,17,False,0,False,0.5225617083305526,0.2865455988237489,0.5392650269205861,302.57085425255354,360.80950242467225,0.0,MS-HIDE,4,case57,0.12
True,17,0.04,True,3,3,False,17,True,0.013508678231391638,0.005138863881468908,0.4882947114771906,428.57417080085725,478.54075061332105,0.0,MS-HIDE,5,case57,0.12
True,24,0.04,True,3,3,False,29,False,0.1714416009860452,0.004322912904850567,0.632107747756195,311.1252875911305,378.3409190597013,0.0,MS-HIDE,6,case57,0.12
True,3,0.04,True,2,2,False,3,True,3.8671819781197475e-10,0.002324649702785527,0.4735439566143592,424.72032505611423,503.4030836599427,0.0,MS-HIDE,7,case57,0.12
True,8,-0.04,True,1,1,False,8,True,3.8671819781197475e-10,0.0007538289125927715,0.3778500412632019,325.8569813420763,383.914222966996,0.0,MS-HIDE,8,case57,0.12
True,22,0.04,False,20,20,False,0,False,0.5564037312061947,0.30505640042092574,0.5279818529619099,312.9464352998184,393.2436565199169,0.0,MS-HIDE,9,case57,0.12
True,29,-0.04,True,1,1,False,24,False,0.17145316006956865,0.0043229247797639,0.6543251521602733,437.8892853972502,588.9488976274166,0.0,MS-HIDE,10,case57,0.12
True,28,-0.04,True,1,1,False,28,True,3.867181428919181e-10,0.0017201951842638096,0.581201573143405,320.36745219957083,403.17633818194736,0.0,MS-HIDE,11,case57,0.12
True,8,0.04,True,1,1,False,8,True,3.8671819781197475e-10,0.0007538289131878381,0.377350592533838,412.13271049782634,470.58090861537613,0.0,MS-HIDE,12,case57,0.12
True,28,-0.04,True,1,1,False,28,True,3.8671811543194985e-10,0.0017174572425766848,0.5604701689293028,305.57202910713386,363.2131604157621,0.0,MS-HIDE,13,case57,0.12
True,22,0.04,False,20,20,False,0,False,0.5851961585043925,0.2912085281081801,0.5196148003913647,305.1683707977645,382.51444309426006,0.0,MS-HIDE,14,case57,0.12
True,26,0.04,True,8,8,False,25,False,0.17144160094404481,0.008235488655112215,0.4951292778336576,425.7090603496181,480.2501329890235,0.0,MS-HIDE,15,case57,0.12
True,40,-0.04,False,20,20,False,40,True,1.2368385759267643e-05,0.014088083327988672,0.49426135399329924,320.8329416869674,405.3292889147997,0.0,MS-HIDE,16,case57,0.12
True,1,-0.04,False,20,20,False,1,True,0.0670230754253165,0.07209316660433623,0.5044247280163294,404.09602080180775,461.05364819814105,0.0,MS-HIDE,17,case57,0.12
True,37,-0.04,True,2,2,False,37,True,0.17144160095427646,0.0034356480758191525,0.5149364247465567,304.0879063511966,392.61699375929317,0.0,MS-HIDE,18,case57,0.12
True,42,-0.04,True,4,4,False,42,True,3.8671808797186145e-10,0.004380399283092216,0.5564044138261913,301.40575625700876,368.81556635780726,0.0,MS-HIDE,19,case57,0.12
True,32,0.04,False,20,20,False,0,False,0.5014686876857128,0.33428110633487,0.5241022720731826,416.8013124522986,472.24308752047506,0.0,MS-HIDE,20,case57,0.12
True,20,0.04,True,1,1,False,20,True,0.1714416009440448,0.00395378224197021,0.49741516407088876,330.96698959416244,400.9442149515963,0.0,MS-HIDE,21,case57,0.12
True,46,0.04,False,20,20,False,0,False,0.5354853630390121,0.3153855808802776,0.5222854712034231,425.9790979558602,493.42015652218976,0.0,MS-HIDE,22,case57,0.12
True,42,0.04,True,4,4,False,42,True,3.8671808797186145e-10,0.004380338281104474,0.5431331785775142,327.03101465885993,378.01147261925513,0.0,MS-HIDE,23,case57,0.12
True,56,-0.04,True,3,3,False,38,False,0.17144160094404476,0.009799609482351793,0.5573799293180807,318.0341396044241,388.9717999962159,0.0,MS-HIDE,24,case57,0.12
True,53,0.04,True,2,2,False,52,False,0.17144160094849237,0.0033235347382951142,0.40424791511222824,314.75915419869125,383.9412079745671,0.0,MS-HIDE,25,case57,0.12
True,48,0.04,True,2,2,False,48,True,1.3886887550617164e-05,0.002381024481644264,0.5276296767737779,321.35088134673424,419.1621964855586,0.0,MS-HIDE,26,case57,0.12
True,24,-0.04,True,6,6,False,29,False,0.17144160097522798,0.004327304590057724,0.6284762523823707,327.4474292382365,401.4304544543848,0.0,MS-HIDE,27,case57,0.12
True,20,0.04,True,1,1,False,19,False,0.1714416009440448,0.003969200727324795,0.5278999792432888,310.5231750989333,401.9808318989817,0.0,MS-HIDE,28,case57,0.12
True,34,-0.04,True,4,4,False,34,True,3.8671808797186275e-10,0.004380865484119718,0.5004692618868849,298.28724794788286,355.13861078652553,0.0,MS-HIDE,29,case57,0.12
True,11,-0.04,True,1,1,False,11,True,3.8671819781197475e-10,0.0008514909815482703,0.37827411870379407,316.5643958549481,373.36366844538134,0.0,MS-HIDE,30,case57,0.12
True,38,0.04,True,4,4,False,56,False,0.1714416009440448,0.00980040633957969,0.5603253649267788,314.4020478997845,428.7758374994155,0.0,MS-HIDE,31,case57,0.12
True,32,0.04,False,20,20,False,0,False,0.5276429280692272,0.31729061166115113,0.5405172713314231,313.2890791603131,378.5681045264937,0.0,MS-HIDE,32,case57,0.12
True,15,-0.04,False,20,20,False,0,False,0.514172069802391,0.3201661509358835,0.572366389091135,317.5578478927491,397.2875586652663,0.0,MS-HIDE,33,case57,0.12
True,36,0.04,True,1,1,False,36,True,3.867180879718616e-10,0.0016849382848425861,0.4296441119328033,307.3679978493601,377.416785096284,0.0,MS-HIDE,34,case57,0.12
True,26,0.04,True,6,6,False,26,True,0.1714416009440448,0.008198612091366674,0.5138255671904338,318.42118325293995,378.43262499663984,0.0,MS-HIDE,35,case57,0.12
True,28,0.04,True,2,2,False,28,True,3.867181428919181e-10,0.0017476616672995795,0.551640324740162,306.1757479037624,391.1336000397569,0.0,MS-HIDE,36,case57,0.12
True,3,0.04,True,3,3,False,3,True,3.8671819781197475e-10,0.0023246497023323176,0.4963404521712197,292.2245041001588,392.03845980518963,0.0,MS-HIDE,37,case57,0.12
True,6,0.04,True,2,2,False,6,True,4.648208868186205e-10,0.001986718793421296,0.5470814659984312,304.18714380066376,388.8848648639396,0.0,MS-HIDE,38,case57,0.12
True,51,-0.04,True,10,10,False,51,True,1.2240262225669127e-09,0.008247219759159758,0.5093509479668432,330.7516542059602,442.6227127900347,0.0,MS-HIDE,39,case57,0.12
True,17,0.04,True,5,5,False,17,True,0.004249088349010956,0.005170109171282174,0.5024160781820207,316.40456244931556,408.49579137575347,0.0,MS-HIDE,40,case57,0.12
True,49,-0.04,True,3,3,False,49,True,3.9517825533346034e-10,0.0036552699120948784,0.4126761440732669,302.59950420004316,381.7087295115926,0.0,MS-HIDE,41,case57,0.12
True,19,-0.04,True,3,3,False,19,True,0.1714416009440448,0.0039587443277955174,0.4726901565383438,309.86865625018254,374.3887854274363,0.0,MS-HIDE,42,case57,0.12
True,31,0.04,True,2,2,False,31,True,0.012755301489634064,0.004076543437747545,0.38223884624492954,304.2433416499989,364.6158000337891,0.0,MS-HIDE,43,case57,0.12
True,55,0.04,True,1,1,False,55,True,1.1117616741851012e-06,0.001970156437168777,0.4482128456119848,308.3173895109212,381.26409582037013,0.0,MS-HIDE,44,case57,0.12
True,2,0.04,True,3,3,False,2,True,3.867181978120227e-10,0.0033999449093491192,0.5088306883058853,321.1584249860607,396.97031013492966,0.0,MS-HIDE,45,case57,0.12
True,34,-0.04,True,4,4,False,34,True,7.253037717226262e-10,0.004378014532609039,0.49854740780764883,301.27165835292544,384.260893726605,0.0,MS-HIDE,46,case57,0.12
True,14,-0.04,True,1,1,False,14,True,3.867181978120425e-10,0.00289333250834966,0.5824779154475328,307.3482084495481,415.2757652045694,0.0,MS-HIDE,47,case57,0.12
True,1,0.04,False,20,20,False,1,True,0.07303730092644097,0.09568390316916572,0.5370802651025315,307.00252715614624,378.66507982253097,0.0,MS-HIDE,48,case57,0.12
True,34,-0.04,True,2,2,False,34,True,3.8671808797186145e-10,0.004430445678626501,0.4854456369063953,303.54579806153197,367.528033661074,0.0,MS-HIDE,49,case57,0.12
True,40,-0.04,False,20,20,False,40,True,2.498863353635906e-05,0.013980194801300118,0.4816871164349881,303.9904062956339,378.6456472473219,0.0,MS-HIDE,50,case57,0.12
True,27,-0.04,True,1,1,False,27,True,3.8671814289191836e-10,0.0023390890361168087,0.53862579933754,318.96321868989617,429.7006850771141,0.0,MS-HIDE,51,case57,0.12
True,44,-0.04,True,9,9,False,44,True,1.6341595340625167e-07,0.007302409705206565,0.5161901184619683,292.2265999513911,374.5998934522504,0.0,MS-HIDE,52,case57,0.12
True,1,0.04,False,20,20,False,1,True,0.043513994649364056,0.08010089576476714,0.5270194194651865,326.5719103452284,407.8153909620597,0.0,MS-HIDE,53,case57,0.12
True,20,-0.04,True,3,3,False,20,True,0.1714416009440448,0.003959962940976326,0.46847073231706937,308.72621039743535,373.0400601081783,0.0,MS-HIDE,54,case57,0.12
True,41,-0.04,True,1,1,False,41,True,3.6019933503776474e-08,0.0014514971853227406,0.4666847099885408,290.6137811951339,358.4095017402433,0.0,MS-HIDE,55,case57,0.12
True,25,0.04,True,13,13,False,26,False,0.1714416009494826,0.008043471584072155,0.5012620087312941,311.29977495002095,368.1034228677163,0.0,MS-HIDE,56,case57,0.12
True,33,0.04,False,20,20,False,33,True,0.00016232330689993239,0.02927388832377635,0.4990160961793369,313.749516705866,385.61437229218427,0.0,MS-HIDE,57,case57,0.12
True,42,-0.04,True,2,2,False,42,True,3.8671808797186145e-10,0.004435695427048605,0.5591075493802559,301.81008974905126,363.12719173729425,0.0,MS-HIDE,58,case57,0.12
True,21,0.04,False,20,20,False,0,False,0.5090899587770426,0.34754147135589575,0.5283103327705778,290.50397709652316,353.29578724340536,0.0,MS-HIDE,59,case57,0.12
True,36,-0.04,True,1,1,False,36,True,3.8671808797192944e-10,0.0016834989449040756,0.4227216321082606,317.19562280050013,384.491153532872,0.0,MS-HIDE,60,case57,0.12
True,46,0.04,False,20,20,False,0,False,0.5188098871122402,0.2886968283848715,0.5507950906233433,310.8594709134195,380.6248152221088,0.0,MS-HIDE,61,case57,0.12
True,56,0.04,False,20,20,False,38,False,0.17144160094404476,0.009799530413035003,0.5634829188443612,326.73856254841667,419.56857531622524,0.0,MS-HIDE,62,case57,0.12
True,8,-0.04,True,2,2,False,8,True,3.8671819781197475e-10,0.0007538289118608711,0.37666357858681954,308.0254228436388,382.27626937732566,0.0,MS-HIDE,63,case57,0.12
True,2,0.04,True,1,1,False,2,True,3.8671819781201234e-10,0.0033999449094926247,0.5095905871327333,312.61560635175556,394.4200068945065,0.0,MS-HIDE,64,case57,0.12
True,43,0.04,True,1,1,False,37,False,0.1714416009515561,0.0033253810995996368,0.5111804131362326,315.40395214688033,374.88729764008895,0.0,MS-HIDE,65,case57,0.12
True,11,0.04,True,1,1,False,11,True,3.8671819781197475e-10,0.0008514909815583616,0.37951935172300655,311.8162771483185,402.568331832299,0.0,MS-HIDE,66,case57,0.12
True,7,0.04,False,20,20,False,7,True,4.0715093899273554e-10,0.025995731402348513,0.5232076813933876,307.6524666394107,396.62407255673315,0.0,MS-HIDE,67,case57,0.12
True,7,-0.04,False,20,20,False,7,True,0.003632902279514724,0.038384653905803694,0.5341833791859601,292.8620915976353,374.581599998055,0.0,MS-HIDE,68,case57,0.12
True,51,-0.04,True,5,5,False,51,True,4.3852484171870394e-10,0.008190437094838295,0.5030375161040097,307.85702289431356,361.2606767739635,0.0,MS-HIDE,69,case57,0.12
True,12,-0.04,True,1,1,False,12,True,3.8671819781197475e-10,0.0007245078281897862,0.291426302506605,300.8330771466717,361.9037035648944,0.0,MS-HIDE,70,case57,0.12
True,17,-0.04,True,3,3,False,17,True,0.006039073418555283,0.005177737716117682,0.46112279760764086,299.02361254789867,368.1954708241392,0.0,MS-HIDE,71,case57,0.12
True,35,0.04,True,1,1,False,35,True,3.8671808797186145e-10,0.0012185762026967028,0.4093121863122723,294.4011081912322,382.6061836502049,0.0,MS-HIDE,72,case57,0.12
True,37,0.04,True,4,4,False,37,True,0.1714416009440448,0.0033736054361435284,0.5251358620604171,302.5336104386952,428.5069840028882,0.0,MS-HIDE,73,case57,0.12
True,11,0.04,True,1,1,False,11,True,3.8671819781197475e-10,0.0008514909813494656,0.3855637305487851,299.77976655354723,358.9242399059003,0.0,MS-HIDE,74,case57,0.12
True,43,-0.04,True,2,2,False,43,True,0.1714416009440448,0.0034373462578030324,0.507894556698385,309.0904769516783,408.65418268658686,0.0,MS-HIDE,75,case57,0.12
True,39,0.04,True,6,6,False,39,True,3.867180879719009e-10,0.007167230384121324,0.5158951379384589,307.83263745252043,397.4505315476563,0.0,MS-HIDE,76,case57,0.12
True,41,-0.04,True,1,1,False,41,True,2.079009247883721e-09,0.0014450036527771286,0.45672544470647325,319.71274784882553,391.31725269253366,0.0,MS-HIDE,77,case57,0.12
True,11,-0.04,True,1,1,False,11,True,3.8671819781197475e-10,0.0008514909820149138,0.38472274874241646,310.5610125057865,386.2933544354746,0.0,MS-HIDE,78,case57,0.12
True,24,0.04,True,1,1,False,29,False,0.1714416009468699,0.0043275476230064495,0.635692065693595,303.9405020099366,383.15292914630845,0.0,MS-HIDE,79,case57,0.12
True,26,-0.04,True,8,8,False,26,True,0.1714416009440448,0.008115582180905653,0.5361271769251792,301.438768702792,362.86625629581977,0.0,MS-HIDE,80,case57,0.12
True,37,0.04,True,1,1,False,43,False,0.17144160094429578,0.0033178647371087753,0.5241510584204676,297.28380404994823,357.9354347777553,0.0,MS-HIDE,81,case57,0.12
True,26,-0.04,True,1,1,False,26,True,0.17144160094404481,0.008244186424383113,0.5290108201884518,320.9578062494984,399.2904896178516,0.0,MS-HIDE,82,case57,0.12
True,20,-0.04,True,1,1,False,20,True,0.1714416009440448,0.003990568560625842,0.4890330583925923,308.83555194886867,378.35264967870904,0.0,MS-HIDE,83,case57,0.12
True,54,0.04,True,3,3,False,54,True,4.2081659571531403e-10,0.003967405809765245,0.6532810760901767,302.3964750493178,367.1747711021453,0.0,MS-HIDE,84,case57,0.12
True,31,0.04,True,2,2,False,31,True,0.01502119281730257,0.004121549825263293,0.40093638160401557,302.60194999864325,352.34942917886656,0.0,MS-HIDE,85,case57,0.12
True,28,0.04,True,1,1,False,28,True,3.867181428919181e-10,0.0017201951820801794,0.5452638685838668,298.4556291921763,350.941085733939,0.0,MS-HIDE,86,case57,0.12
True,26,-0.04,True,11,11,False,26,True,0.1714416009440448,0.008152375554085564,0.5107739829616689,313.90555420075543,361.16798479342833,0.0,MS-HIDE,87,case57,0.12
True,17,-0.04,True,2,2,False,17,True,0.0036984000143249767,0.00512945705497623,0.4658353403978658,306.8020729988348,369.9695107410662,0.0,MS-HIDE,88,case57,0.12
True,55,-0.04,True,1,1,False,55,True,3.8154876695755793e-07,0.001982555127489661,0.4702820092840193,306.4974581473507,365.4232797824079,0.0,MS-HIDE,89,case57,0.12
True,11,0.04,True,1,1,False,11,True,3.8671819781197475e-10,0.000851490981793771,0.37153549895342575,301.2985959008802,354.0756497241091,0.0,MS-HIDE,90,case57,0.12
True,48,-0.04,True,3,3,False,48,True,7.715876194652268e-05,0.002381082584208006,0.5244415690032965,297.0100269449176,361.7900899000233,0.0,MS-HIDE,91,case57,0.12
True,50,-0.04,True,3,3,False,50,True,3.867180605120143e-10,0.003298919807807076,0.4349927673419036,306.0948625992751,365.3157999564428,0.0,MS-HIDE,92,case57,0.12
True,53,-0.04,True,2,2,False,53,True,0.17144160094404476,0.003323623015680561,0.38839997559306033,294.47919371305034,357.26919373264536,0.0,MS-HIDE,93,case57,0.12
True,43,0.04,True,4,4,False,37,False,0.1714416009580029,0.0033545978645761034,0.5250291080871008,309.6894060407067,373.529532950488,0.0,MS-HIDE,94,case57,0.12
True,40,-0.04,False,20,20,False,40,True,8.829709972264194e-06,0.014055172416420712,0.5019864368633004,300.81525005807634,357.7855006442406,0.0,MS-HIDE,95,case57,0.12
True,10,-0.04,True,1,1,False,10,True,3.8671819781197475e-10,0.00153391665962377,0.4914631860721277,297.1360499068396,386.04147675505374,0.0,MS-HIDE,96,case57,0.12
True,14,0.04,True,2,2,False,14,True,3.8671819781197775e-10,0.0029076600013465495,0.5845513056425696,296.06888959533535,358.35377500334295,0.0,MS-HIDE,97,case57,0.12
True,53,-0.04,True,2,2,False,53,True,0.1714416009440448,0.003320387811103491,0.44975750062111663,297.7142292482313,365.5408139427891,0.0,MS-HIDE,98,case57,0.12
True,49,-0.04,True,3,3,False,49,True,6.721981556916421e-10,0.003655362593903609,0.42409369026201166,304.9974146997556,353.75829524709843,0.0,MS-HIDE,99,case57,0.12
True,56,0.04,True,6,6,False,38,False,0.17144160094404476,0.00979959576935618,0.5579165716884492,307.4971874972107,382.06873954914045,0.0,MS-HIDE,100,case57,0.12
True,17,-0.04,True,4,4,False,17,True,0.0006729675859404848,0.005165782560674124,0.47856019283122847,297.0971852511866,363.7809166131774,0.0,MS-HIDE,101,case57,0.12
True,12,0.04,True,1,1,False,12,True,3.8671819781197475e-10,0.0007245078271906836,0.30130304427657634,302.9193708964158,353.68469106906565,0.0,MS-HIDE,102,case57,0.12
True,48,-0.04,True,3,3,False,48,True,4.101944093843306e-10,0.0023810047229037333,0.5387080263759908,309.6498790488113,408.8175431505079,0.0,MS-HIDE,103,case57,0.12
True,31,0.04,True,8,8,False,31,True,0.00827103230754288,0.004216559052549014,0.4343717932900654,293.6494562920416,349.3073231802555,0.0,MS-HIDE,104,case57,0.12
True,31,0.04,True,2,2,False,31,True,0.03971004111881893,0.004100395950202508,0.47420614736350825,309.64027305308264,385.1710975664901,0.0,MS-HIDE,105,case57,0.12
True,41,-0.04,True,1,1,False,41,True,3.903996705030974e-10,0.0014456700475550706,0.4552935507371307,302.1661104459781,370.91156253009103,0.0,MS-HIDE,106,case57,0.12
True,16,-0.04,False,20,20,False,0,False,0.5404934977028609,0.30673204842998325,0.5769605774038478,295.2802773041185,352.7847128920257,0.0,MS-HIDE,107,case57,0.12
True,20,0.04,True,1,1,False,19,False,0.1714416009440448,0.003958435655366808,0.4909384387126439,311.30001034762245,377.7257586305496,0.0,MS-HIDE,108,case57,0.12
True,50,0.04,True,2,2,False,50,True,3.881805591516034e-10,0.0032989198081241787,0.4358332544673598,300.37392494559754,365.2423163614003,0.0,MS-HIDE,109,case57,0.12
True,17,0.04,True,5,5,False,17,True,0.0056159435552868954,0.00511927996446304,0.49322931755685,305.849547937396,369.03650595922966,0.0,MS-HIDE,110,case57,0.12
True,41,0.04,True,1,1,False,41,True,5.13187750761785e-07,0.0014449590740865117,0.4313798500454318,307.521012504003,385.3379062609747,0.0,MS-HIDE,111,case57,0.12
True,15,0.04,False,20,20,False,0,False,0.5075615783775262,0.3281183449807903,0.5388242516977051,298.5268167045433,366.2131839606445,0.0,MS-HIDE,112,case57,0.12
True,12,-0.04,True,1,1,False,12,True,3.8671819781197475e-10,0.0007245078274656697,0.30046206247020774,307.72751869808417,369.25515144248493,0.0,MS-HIDE,113,case57,0.12
True,33,-0.04,False,20,20,False,33,True,0.0053317068287664846,0.033596309884293865,0.48699929379157375,304.4675146986265,358.49375592079014,0.0,MS-HIDE,114,case57,0.12
True,8,0.04,True,1,1,False,8,True,3.8671819781197475e-10,0.0007538289127896136,0.375708937254019,304.0814020903781,360.38520034635445,0.0,MS-HIDE,115,case57,0.12
True,16,-0.04,False,20,20,False,16,True,0.07165604325097165,0.20479815203006194,0.5312580254519836,297.33846896269824,367.4163791438332,0.0,MS-HIDE,116,case57,0.12
True,46,-0.04,False,20,20,False,0,False,0.5645729801775476,0.2981578459445212,0.50006747355918,318.04746055277064,413.44313334848266,0.0,MS-HIDE,117,case57,0.12
True,8,-0.04,True,1,1,False,8,True,3.8671819781197475e-10,0.0007538289121455629,0.37322466436282065,309.63516255724244,390.36579374514986,0.0,MS-HIDE,118,case57,0.12
True,20,0.04,True,1,1,False,20,True,0.1714416009440448,0.003953747449582323,0.5371146256455249,294.3613145966083,362.875238104607,0.0,MS-HIDE,119,case57,0.12
True,52,-0.04,True,2,2,False,52,True,0.17144160094427008,0.003372754607355506,0.42369554664920184,318.50601870100945,392.9419812222477,0.0,MS-HIDE,120,case57,0.12
True,9,-0.04,True,6,6,False,9,True,3.867181978119754e-10,0.009053781970228896,0.4594018075186998,308.1956624548184,370.242679186049,0.0,MS-HIDE,121,case57,0.12
True,21,0.04,False,20,20,False,0,False,0.4861303514188047,0.33369185049255484,0.5313280132462016,295.1602666522376,358.098227402661,0.0,MS-HIDE,122,case57,0.12
True,43,0.04,True,1,1,False,43,True,0.17144160094544153,0.003318147470555312,0.5243721750275531,310.89128135645296,369.3962332967203,0.0,MS-HIDE,123,case57,0.12
True,18,-0.04,True,9,9,False,18,True,0.00022704978614601575,0.008355508614830195,0.516325426493731,314.7513167525176,381.48444174439646,0.0,MS-HIDE,124,case57,0.12
True,38,-0.04,True,18,18,False,56,False,0.1714416009440448,0.009799605598557252,0.5726936128731064,300.18408124742564,365.73407291725744,0.0,MS-HIDE,125,case57,0.12
True,47,-0.04,False,20,20,False,0,False,0.5825133656949814,0.23869924720788446,0.5471045380999251,310.5792625050526,371.72717086214107,0.0,MS-HIDE,126,case57,0.12
True,51,-0.04,True,4,4,False,51,True,3.105441340309189e-06,0.008190494636175851,0.5072898147918167,298.5138208488934,368.8976670062402,0.0,MS-HIDE,127,case57,0.12
True,23,0.04,True,0,0,False,0,False,0.5036449304572657,0.3238209341798583,0.5437421961637654,288.9310249913251,347.226571108331,0.0,MS-HIDE,128,case57,0.12
True,40,0.04,True,15,15,False,40,True,6.501969318982106e-05,0.013896466392366292,0.4669273435524802,293.8589540019166,349.9589098151774,0.0,MS-HIDE,129,case57,0.12
True,20,-0.04,True,1,1,False,19,False,0.1714416009440448,0.00399331081645642,0.5243070165030064,304.3764147470938,353.03034856624436,0.0,MS-HIDE,130,case57,0.12
True,51,-0.04,True,7,7,False,51,True,3.4810635665910455e-09,0.008190390827958194,0.4949861845965405,311.1433833051706,382.4840848217719,0.0,MS-HIDE,131,case57,0.12
True,26,0.04,True,2,2,False,25,False,0.1714416009600031,0.008060932245904071,0.48925122567880985,310.8008040464483,382.37918088852894,0.0,MS-HIDE,132,case57,0.12
True,43,-0.04,True,1,1,False,37,False,0.1714416009440448,0.0033736839899977935,0.5301449867364382,298.42176460369956,346.21588363952475,0.0,MS-HIDE,133,case57,0.12
True,54,-0.04,True,3,3,False,54,True,4.913909502369301e-10,0.003981534764490719,0.6660058494198495,310.3759873454692,366.11387499433476,0.0,MS-HIDE,134,case57,0.12
True,32,0.04,False,20,20,False,0,False,0.5441960594526363,0.30228733734112195,0.5110518872218826,292.7409021445783,397.0591663673986,0.0,MS-HIDE,135,case57,0.12
True,47,0.04,False,20,20,False,0,False,0.5094909383280051,0.3133454630909491,0.5569155101122901,302.81828520819545,389.3365207943134,0.0,MS-HIDE,136,case57,0.12
True,51,0.04,True,2,2,False,51,True,0.00016197454755274133,0.008190385262027653,0.492801730681351,300.22116850013845,354.2500895622652,0.0,MS-HIDE,137,case57,0.12
True,53,0.04,True,1,1,False,53,True,0.17144160094404476,0.0033273901827553776,0.4426614506124237,302.4931126041338,379.8410336894449,0.0,MS-HIDE,138,case57,0.12
True,54,0.04,True,3,3,False,54,True,6.708727067598037e-10,0.003967230769223623,0.661154685006681,315.19725215330254,388.8072747417027,0.0,MS-HIDE,139,case57,0.12
True,20,0.04,True,2,2,False,19,False,0.1714416009440448,0.003946815622128931,0.5216914322931244,314.7081436414737,401.11760772997513,0.0,MS-HIDE,140,case57,0.12
True,52,0.04,True,3,3,False,52,True,0.17144160094865016,0.0033119966715558823,0.42236300253906495,315.3306645457633,395.55185626668396,0.0,MS-HIDE,141,case57,0.12
True,10,0.04,True,1,1,False,10,True,3.8671819781197475e-10,0.0014890841780655782,0.4788581236552867,305.152149850619,370.61331698496366,0.0,MS-HIDE,142,case57,0.12
True,12,-0.04,True,1,1,False,12,True,3.8671819781197475e-10,0.0007245078274656697,0.30046206247020774,304.36898125335574,396.21028156834655,0.0,MS-HIDE,143,case57,0.12
True,10,0.04,True,1,1,False,10,True,3.8671819781197475e-10,0.0014921011026265882,0.4929119889914089,313.5556394990999,383.65249103226233,0.0,MS-HIDE,144,case57,0.12
True,11,-0.04,True,1,1,False,11,True,3.8671819781197475e-10,0.0008514909819983816,0.38722837444174074,301.49366864352487,361.4091312512756,0.0,MS-HIDE,145,case57,0.12
True,25,-0.04,True,3,3,False,26,False,0.1714416009440448,0.008233596127508087,0.5095771132463198,316.7038543964736,401.70717708824674,0.0,MS-HIDE,146,case57,0.12
True,36,0.04,True,1,1,False,36,True,3.898206456835153e-10,0.00167272989760346,0.43236583524591365,309.3273521430092,391.19191487552604,0.0,MS-HIDE,147,case57,0.12
True,44,-0.04,True,3,3,False,44,True,3.558134790306204e-06,0.007307560361873121,0.5169724306002061,317.3075957922265,383.7883223110112,0.0,MS-HIDE,148,case57,0.12
True,24,0.04,True,2,2,False,24,True,0.1714416009440448,0.004553228154714868,0.6226216821334857,300.8851666469127,382.2612583346199,0.0,MS-HIDE,149,case57,0.12
True,3,0.04,True,2,2,False,3,True,3.8671819781197475e-10,0.00232465046778494,0.4735439566143592,304.5204041933175,366.3982479047263,0.0,MS-HIDE,150,case57,0.12
True,42,0.04,True,3,3,False,42,True,3.8671808797186145e-10,0.004380317047380861,0.5614165302465285,308.30064789915923,399.08543095516507,0.0,MS-HIDE,151,case57,0.12
True,23,0.04,False,20,20,False,0,False,0.5602157447153676,0.22505844181323517,0.543889905289422,296.67993955663405,357.5223753839964,0.0,MS-HIDE,152,case57,0.12
True,45,0.04,True,5,5,False,45,True,3.8671808797186145e-10,0.005165734162781646,0.5097845670605231,295.4767124465434,358.2469170185505,0.0,MS-HIDE,153,case57,0.12
True,24,-0.04,True,1,1,False,24,True,0.1714416009639102,0.004500412045095694,0.637310390837387,296.7439834494144,352.5684478896438,0.0,MS-HIDE,154,case57,0.12
True,22,-0.04,False,20,20,False,0,False,0.5052048182135052,0.34025503081868913,0.5232324502893612,311.35329794487916,373.9885023649549,0.0,MS-HIDE,155,case57,0.12
True,23,0.04,False,20,20,False,0,False,0.4805886900388963,0.33191039184354104,0.5588751344953318,279.75161445792764,344.9609514587792,0.0,MS-HIDE,156,case57,0.12
True,54,0.04,True,1,1,False,54,True,8.295837963446527e-06,0.004027188729603313,0.664141427430304,316.3590395473875,379.3247871217318,0.0,MS-HIDE,157,case57,0.12
True,33,-0.04,False,20,20,False,33,True,0.000278163154418173,0.03133078746073795,0.47378268310052724,303.15001660201233,406.3240767864045,0.0,MS-HIDE,158,case57,0.12
True,39,-0.04,True,8,8,False,39,True,2.630064983976511e-09,0.007163772201716874,0.5126964844267075,308.10811239643954,378.07988958084024,0.0,MS-HIDE,159,case57,0.12
True,13,0.04,True,1,1,False,13,True,3.8671819781197475e-10,0.000806758677426514,0.28995979894335744,309.7013166436227,376.620527706109,0.0,MS-HIDE,160,case57,0.12
True,38,0.04,True,10,10,False,56,False,0.17144160094404476,0.009814695345942401,0.5048668462996988,305.5767916084733,385.0672389206011,0.0,MS-HIDE,161,case57,0.12
True,35,0.04,True,1,1,False,35,True,3.8671808797186145e-10,0.0012185762032817856,0.41533621276296107,321.20940850290935,365.2107354893815,0.0,MS-HIDE,162,case57,0.12
True,26,-0.04,True,6,6,False,25,False,0.17144160094404481,0.008282436143595584,0.47793215330068267,312.6310124993324,375.55399586563004,0.0,MS-HIDE,163,case57,0.12
True,1,0.04,False,20,20,False,0,False,0.5502795209264657,0.27927751459899236,0.5738784036095547,310.25350824638736,360.68638713913975,0.0,MS-HIDE,164,case57,0.12
True,49,-0.04,True,1,1,False,49,True,4.441789214008005e-07,0.003474592526020007,0.41985965944715187,289.63928745652083,344.82278127688915,0.0,MS-HIDE,165,case57,0.12
True,40,0.04,True,9,9,False,40,True,6.34438447903705e-07,0.014031394041532254,0.48360674198338394,313.80327695515007,393.19996669655666,0.0,MS-HIDE,166,case57,0.12
True,40,0.04,False,20,20,False,40,True,3.1167070200585852e-06,0.013898229361313446,0.47229586517115857,300.1237330958247,368.5145851341076,0.0,MS-HIDE,167,case57,0.12
True,28,0.04,True,1,1,False,28,True,3.867181428919181e-10,0.0017174791636369502,0.5369449698699174,309.7862854541745,395.1322589040501,0.0,MS-HIDE,168,case57,0.12
True,38,0.04,False,20,20,False,38,True,0.1714416009440448,0.009799450652364693,0.5549527405470068,313.05540840839967,363.69743960385676,0.0,MS-HIDE,169,case57,0.12
True,27,0.04,True,2,2,False,27,True,3.867181428919259e-10,0.0022977238569769705,0.5397977414369073,299.45722699922044,371.8197684473125,0.0,MS-HIDE,170,case57,0.12
True,30,-0.04,True,4,4,False,30,True,0.023637751353091388,0.004332068016876302,0.47954702981381125,308.47427905828226,379.1036854177946,0.0,MS-HIDE,171,case57,0.12
True,31,-0.04,True,5,5,False,31,True,0.02299595663740506,0.004112437924513086,0.4184269099050717,304.01016880059615,353.0063628044445,0.0,MS-HIDE,172,case57,0.12
True,27,0.04,True,1,1,False,27,True,3.8671814289193997e-10,0.0022978001981146285,0.5573530990274598,295.6899728946155,380.7201812538552,0.0,MS-HIDE,173,case57,0.12
True,51,0.04,True,7,7,False,51,True,6.507472982620988e-09,0.00819076690166207,0.47235160219443506,300.220947994967,384.0262874553446,0.0,MS-HIDE,174,case57,0.12
True,28,0.04,True,1,1,False,28,True,3.867181428919181e-10,0.0017476614979146023,0.5802548306380341,320.46111454837956,407.036618742859,0.0,MS-HIDE,175,case57,0.12
True,33,-0.04,False,20,20,False,33,True,0.13567991970925694,0.061684626290499124,0.4875532317850444,324.1164854494855,409.87374413234653,0.0,MS-HIDE,176,case57,0.12
True,20,-0.04,True,1,1,False,19,False,0.1714416009440448,0.003976095140836191,0.5429055396729414,312.5030291033909,424.67890381522017,0.0,MS-HIDE,177,case57,0.12
True,5,0.04,True,2,2,False,5,True,4.028057211316041e-09,0.002265350487185635,0.5496772198175697,305.7891165954061,388.91780797275715,0.0,MS-HIDE,178,case57,0.12
True,38,0.04,True,9,9,False,38,True,0.17144160094404476,0.00979944957250645,0.5540292143770508,262.3873541626381,339.18859520053957,0.0,MS-HIDE,179,case57,0.12
True,52,-0.04,True,3,3,False,53,False,0.17144160094440758,0.0033721101736872024,0.4393030362867424,311.90492505265865,382.8095229109749,0.0,MS-HIDE,180,case57,0.12
True,48,0.04,True,3,3,False,48,True,3.921628451453853e-10,0.0023810047226784817,0.5377752882702175,312.9316771402955,373.6062732845312,0.0,MS-HIDE,181,case57,0.12
True,32,-0.04,False,20,20,False,0,False,0.5045411675536277,0.3246652258067136,0.5265690820661673,301.09834585455246,369.40227257728117,0.0,MS-HIDE,182,case57,0.12
True,48,0.04,True,2,2,False,48,True,4.211960790277821e-10,0.002381004722703576,0.5275675777671455,302.5742915982846,356.4362124860054,0.0,MS-HIDE,183,case57,0.12
True,48,0.04,True,2,2,False,48,True,7.374082202804796e-10,0.0023810047229842353,0.5214296900547231,207.64977715152781,291.19417289912235,0.0,MS-HIDE,184,case57,0.12
True,5,0.04,True,3,3,False,5,True,3.8671819781204145e-10,0.0022653504873248486,0.5421177957403566,300.3595709480578,360.09362913900986,0.0,MS-HIDE,185,case57,0.12
True,41,0.04,True,2,2,False,41,True,3.8928373256297745e-10,0.0014450030095723382,0.44360522231304766,307.873291746364,402.5070579897147,0.0,MS-HIDE,186,case57,0.12
True,29,-0.04,True,3,3,False,24,False,0.17144160111971768,0.0045493190892382926,0.6396490769515012,294.242622947786,372.7997785579646,0.0,MS-HIDE,187,case57,0.12
True,10,-0.04,True,1,1,False,10,True,3.8671819781197475e-10,0.001489066358606507,0.4987814368469714,261.9761458510766,348.2953145634383,0.0,MS-HIDE,188,case57,0.12
True,13,0.04,True,1,1,False,13,True,3.867181978119854e-10,0.0008067586771714257,0.296004177769136,155.4788728535641,206.6012148745358,0.0,MS-HIDE,189,case57,0.12
True,7,-0.04,False,20,20,False,7,True,1.3033338608500358e-06,0.02569407941471891,0.5232354133322193,305.1082375081023,372.3345416918164,0.0,MS-HIDE,190,case57,0.12
True,34,-0.04,True,3,3,False,34,True,3.867180879718617e-10,0.004470818502965146,0.47406864964860174,198.8306001498131,272.10981488460675,0.0,MS-HIDE,191,case57,0.12
True,23,-0.04,False,20,20,False,0,False,0.5228844538628098,0.31234949535702233,0.5058935880142147,306.4828707865672,364.73520836443646,0.0,MS-HIDE,192,case57,0.12
True,22,-0.04,False,20,20,False,0,False,0.5301099804461686,0.3131799766796641,0.5101162195396888,198.9810166094685,267.78225206944626,0.0,MS-HIDE,193,case57,0.12
True,53,-0.04,True,1,1,False,52,False,0.1714416009440448,0.003447556244811186,0.40718691128495016,99.36687100853305,138.25518610246945,0.0,MS-HIDE,194,case57,0.12
True,40,0.04,True,9,9,False,40,True,1.4775784554492097e-05,0.014027777389977344,0.5093340205926786,249.71797289326787,323.11310032673646,0.0,MS-HIDE,195,case57,0.12
True,4,-0.04,False,20,20,False,0,False,0.5249900389278469,0.32896866117591217,0.5364902289817198,143.15363755158614,212.98047741292976,0.0,MS-HIDE,196,case57,0.12
True,23,0.04,False,20,20,False,0,False,0.4918349887922045,0.3298688552212321,0.5569106670592932,268.33819589810446,366.33318894018885,0.0,MS-HIDE,197,case57,0.12
True,17,0.04,True,10,10,False,17,True,0.009481761315792007,0.005127180523710544,0.48542258479604694,155.39973750710487,208.534368762048,0.0,MS-HIDE,198,case57,0.12
True,28,0.04,True,1,1,False,28,True,3.867181428919181e-10,0.0017507340292604397,0.57933723610279,78.2583001506282,86.88914440572262,0.0,MS-HIDE,199,case57,0.12
True,26,-0.04,True,8,8,False,25,False,0.17144160143235462,0.0225904012402133,0.6792138742926919,2.0160811545792967,2.3977785313036293,0.0,RHMTD,0,case57,0.12
True,49,-0.04,True,1,1,False,49,True,3.8671808797221693e-10,0.006526345766703786,0.6866181755500255,4.307977101416327,9.589449968189005,0.0,RHMTD,1,case57,0.12
True,53,-0.04,True,3,3,False,53,True,0.17959381789772416,0.006989864239940923,0.6972560626695584,3.136374961468391,4.500745778204874,0.0,RHMTD,2,case57,0.12
True,37,0.04,True,5,5,False,37,True,0.1714416009440448,0.005150388391928226,0.6949470818032858,4.329097957815975,10.258141989470461,0.0,RHMTD,3,case57,0.12
True,46,0.04,True,17,17,False,0,False,0.5361341195456069,0.29827681214598245,0.6888920449707976,4.232068749843165,8.247647911775866,0.0,RHMTD,4,case57,0.12
True,17,0.04,False,20,20,False,17,True,0.16952908300497502,0.07637526565630066,0.6910930889888155,2.1470230480190367,2.5742023863131185,0.0,RHMTD,5,case57,0.12
True,24,0.04,True,2,2,False,29,False,0.1714416009807296,0.018529731192211716,0.6866493413712187,4.037087500910275,7.563351769931616,0.0,RHMTD,6,case57,0.12
True,3,0.04,True,11,11,False,3,True,3.867181978120825e-10,0.009519111159772456,0.6853040225706806,4.097393801202998,7.125675570569012,0.0,RHMTD,7,case57,0.12
True,8,-0.04,True,1,1,False,8,True,3.8671819781197475e-10,0.0008792727851682769,0.698276369589197,3.5507771477568895,7.144219073234128,0.0,RHMTD,8,case57,0.12
True,22,0.04,False,20,20,False,0,False,0.6184169100095501,0.2666798121998393,0.6927577328817712,6.571833245106973,9.189295480609914,0.0,RHMTD,9,case57,0.12
True,29,-0.04,True,5,5,False,29,True,0.17144160094545607,0.015269364888047908,0.6827374962241445,2.0487666537519544,2.5333826662972574,0.0,RHMTD,10,case57,0.12
True,28,-0.04,True,1,1,False,28,True,3.86718142892264e-10,0.006739069192757728,0.6876441692581463,4.647495748940855,5.26122256997044,0.0,RHMTD,11,case57,0.12
True,8,0.04,True,1,1,False,8,True,3.8671819781197475e-10,0.0011968356888422706,0.6906484451631579,4.224114550743252,11.126810740097428,0.0,RHMTD,12,case57,0.12
True,28,-0.04,True,1,1,False,28,True,3.8671814289192105e-10,0.002410047840604479,0.6876384824696642,6.298845796845853,11.642743783886564,0.0,RHMTD,13,case57,0.12
True,22,0.04,False,20,20,False,0,False,0.5628977674169646,0.2595998776958924,0.6896536172762304,3.670508399954997,6.985963071929292,0.0,RHMTD,14,case57,0.12
True,26,0.04,False,20,20,False,25,False,0.17144160094404481,0.01162252267400865,0.6896281382435194,2.0021124597406015,2.41537079855334,0.0,RHMTD,15,case57,0.12
True,40,-0.04,False,20,20,False,40,True,2.4044100956918002e-05,0.01669688727942573,0.6901456074719311,3.8184562494279817,7.012496446259321,0.0,RHMTD,16,case57,0.12
True,1,-0.04,False,20,20,False,1,True,0.08998732801829273,0.08307039881022281,0.6829950417044078,3.24944565363694,4.557280914741571,0.0,RHMTD,17,case57,0.12
True,37,-0.04,True,4,4,False,37,True,0.1714416009440448,0.00591424692109426,0.6912927821364749,5.708885405329056,13.122527411906049,0.0,RHMTD,18,case57,0.12
True,42,-0.04,True,3,3,False,42,True,3.867180879720242e-10,0.008516872632717932,0.6939267748836472,5.0071624864358455,10.412047954741869,0.0,RHMTD,19,case57,0.12
True,32,0.04,False,20,20,False,0,False,0.4754289573991559,0.32192320002702424,0.6883139852641743,2.065689646406099,2.4810465110931545,0.0,RHMTD,20,case57,0.12
True,20,0.04,True,1,1,False,19,False,0.1714416009440448,0.004961216869011595,0.6943027448299688,3.8419478572905064,7.757837517419832,0.0,RHMTD,21,case57,0.12
True,46,0.04,False,20,20,False,0,False,0.518417411443744,0.29967658996530655,0.698920706562514,11.821054155007005,14.101060086977792,0.0,RHMTD,22,case57,0.12
True,42,0.04,True,3,3,False,42,True,3.8671806051320594e-10,0.010082556032007271,0.6839898695913355,4.002356104319915,8.528535102959722,0.0,RHMTD,23,case57,0.12
True,56,-0.04,True,3,3,False,38,False,0.17148725988976965,0.0323549131852785,0.6926659765823664,4.172033362556249,8.183250631554985,0.0,RHMTD,24,case57,0.12
True,53,0.04,True,6,6,False,52,False,0.1714416009440448,0.006563995354425794,0.6917374259621325,3.9114375424105674,9.530741948401557,0.0,RHMTD,25,case57,0.12
True,48,0.04,True,16,16,False,48,True,3.8671808797301035e-10,0.00940778837026488,0.6871356447784372,6.997170898830518,13.22708925290503,0.0,RHMTD,26,case57,0.12
True,24,-0.04,True,4,4,False,24,True,0.17144160147078985,0.009798911577903646,0.6888665659380866,3.839789505582303,6.9756913289893445,0.0,RHMTD,27,case57,0.12
True,20,0.04,True,1,1,False,20,True,0.1714416009440448,0.004627467841123779,0.690622966130447,3.654200001619756,6.796581609523856,0.0,RHMTD,28,case57,0.12
True,34,-0.04,True,3,3,False,34,True,4.2867917443387615e-10,0.02092979608756445,0.690622966130447,3.4472541010472924,6.417762217461132,0.0,RHMTD,29,case57,0.12
True,11,-0.04,True,1,1,False,11,True,3.8671819781197475e-10,0.0018014916907414908,0.6955251415099092,4.603552145999856,10.668021152378062,0.0,RHMTD,30,case57,0.12
True,38,0.04,False,20,20,False,56,False,0.17157111803340513,0.03398549185328279,0.6896026592108083,3.067068656673655,4.004705642000773,0.0,RHMTD,31,case57,0.12
True,32,0.04,False,20,20,False,0,False,0.5147608209737439,0.30675961057258594,0.6873191573772467,7.4173895991407335,15.10011042701084,0.0,RHMTD,32,case57,0.12
True,15,-0.04,False,20,20,False,0,False,0.46027072773979244,0.3278917089592322,0.6875778919914526,3.7191812560195103,6.08295623096638,0.0,RHMTD,33,case57,0.12
True,36,0.04,True,1,1,False,36,True,3.8671808797186145e-10,0.003248192569090508,0.6939267748836472,3.598514443729073,6.020835129311314,0.0,RHMTD,34,case57,0.12
True,26,0.04,False,20,20,False,26,True,0.17144160094404481,0.013098636248186604,0.69260693511582,3.4338042401941493,4.1291104134870755,0.0,RHMTD,35,case57,0.12
True,28,0.04,True,1,1,False,28,True,3.8671814289192384e-10,0.005317788532866364,0.6931244043442318,5.626387411030009,18.943203549133628,0.0,RHMTD,36,case57,0.12
True,3,0.04,True,6,6,False,3,True,3.867181978121188e-10,0.012332546244013903,0.6955914187766028,2.9781415476463735,3.483339271042497,0.0,RHMTD,37,case57,0.12
True,6,0.04,True,3,3,False,6,True,3.8671819781197724e-10,0.010554022630254949,0.6902979542495474,4.221314599271864,9.510970843257384,0.0,RHMTD,38,case57,0.12
True,51,-0.04,False,20,20,False,51,True,0.0922818096132313,0.019146051829843497,0.6919371191097919,5.372110300231725,10.831649642204866,0.0,RHMTD,39,case57,0.12
True,17,0.04,False,20,20,False,17,True,0.05720800885293812,0.04418106008880529,0.6919937639636962,4.841656005010009,12.548116361722352,0.0,RHMTD,40,case57,0.12
True,49,-0.04,True,12,12,False,49,True,3.8671808797188896e-10,0.006354062971033732,0.6831146736491659,5.70466865610797,12.820768455276275,0.0,RHMTD,41,case57,0.12
True,19,-0.04,True,1,1,False,20,False,0.1714416009440448,0.004435755005641125,0.6924545883382037,4.30809184035752,9.997985101654194,0.0,RHMTD,42,case57,0.12
True,31,0.04,True,2,2,False,31,True,0.09763854644745122,0.00884488384884397,0.6966117256962414,5.089710242464207,11.54257113812492,0.0,RHMTD,43,case57,0.12
True,55,0.04,True,1,1,False,55,True,3.867180879718625e-10,0.0022370599300575718,0.691292782136475,5.1276102545671165,11.524378458852881,0.0,RHMTD,44,case57,0.12
True,2,0.04,True,5,5,False,2,True,3.867181978119761e-10,0.008329426578114077,0.6912673031037639,5.6640915892785415,12.209768791217364,0.0,RHMTD,45,case57,0.12
True,34,-0.04,True,11,11,False,34,True,3.603251358572984e-08,0.01264572672449788,0.6922876100234026,6.023458301206119,10.990614595357352,0.0,RHMTD,46,case57,0.12
True,14,-0.04,True,4,4,False,14,True,3.8671819781197475e-10,0.0038463626101766886,0.6916432730500855,3.6225709365680814,8.41387320542708,0.0,RHMTD,47,case57,0.12
True,1,0.04,False,20,20,False,1,True,0.17605203502236053,0.12431574597625203,0.6946220699223863,4.467745646252297,11.757778466562746,0.0,RHMTD,48,case57,0.12
True,34,-0.04,True,1,1,False,34,True,3.8671811543224784e-10,0.010837286300596684,0.6912673031037639,4.135883451090194,7.65827115683351,0.0,RHMTD,49,case57,0.12
True,40,-0.04,False,20,20,False,40,True,1.272828709782612e-08,0.015994239063657267,0.6880831262953218,2.934018857195042,3.3563774195499723,0.0,RHMTD,50,case57,0.12
True,27,-0.04,True,1,1,False,27,True,3.8671814289191986e-10,0.0040769118236876995,0.6888920449707977,3.3624250936554745,4.786802123999225,0.0,RHMTD,51,case57,0.12
True,44,-0.04,True,9,9,False,44,True,2.8265298534181436e-07,0.02835648426568295,0.6945965908896752,3.5240979050286114,4.817648223252042,0.0,RHMTD,52,case57,0.12
True,1,0.04,False,20,20,False,0,False,0.5511674110141291,0.28839187814097883,0.6888920449707976,3.944470899295993,8.438816323177889,0.0,RHMTD,53,case57,0.12
True,20,-0.04,True,1,1,False,19,False,0.1714416009440448,0.00443782117589936,0.6966117256962414,4.130318798706867,9.559525383519942,0.0,RHMTD,54,case57,0.12
True,41,-0.04,True,1,1,False,41,True,3.867180879718638e-10,0.0015946478857900145,0.6972560626695584,4.636037501040846,6.170417263638248,0.0,RHMTD,55,case57,0.12
True,25,0.04,True,4,4,False,26,False,0.17144160094704172,0.03489213478410346,0.698920706562514,3.801264599314891,8.150083650252784,0.0,RHMTD,56,case57,0.12
True,33,0.04,False,20,20,False,35,False,0.15124046118150936,0.013758886472065232,0.6962612347826309,6.3582624978153035,13.695286057191002,0.0,RHMTD,57,case57,0.12
True,42,-0.04,True,3,3,False,42,True,3.867180879721019e-10,0.012031516260396443,0.6929319469967196,3.7173520569922403,6.277163967024538,0.0,RHMTD,58,case57,0.12
True,21,0.04,False,20,20,False,0,False,0.535171182305329,0.2968111678485036,0.6999410134821527,4.27692299708724,7.037998235318822,0.0,RHMTD,59,case57,0.12
True,36,-0.04,True,1,1,False,36,True,3.867180879718849e-10,0.005230874519335571,0.7005853504554697,7.88775204855483,28.137419105041797,0.0,RHMTD,60,case57,0.12
True,46,0.04,False,20,20,False,0,False,0.5480622507561757,0.2869282183529194,0.6852365378252869,3.3649771561613306,4.52755448932294,0.0,RHMTD,61,case57,0.12
True,56,0.04,False,20,20,False,38,False,0.17144695330976545,0.028988825108752017,0.6853295016033916,4.57987290865276,11.938060389366001,0.0,RHMTD,62,case57,0.12
True,8,-0.04,True,1,1,False,8,True,3.8671819781197475e-10,0.0011886458853966667,0.6922876100234026,6.638648046646267,29.290229530306544,0.0,RHMTD,63,case57,0.12
True,2,0.04,True,2,2,False,2,True,3.867181703520242e-10,0.007690316759129134,0.6882828194429812,3.344558351091109,5.897787178400906,0.0,RHMTD,64,case57,0.12
True,43,0.04,True,1,1,False,37,False,0.1714416009440448,0.005899817328350541,0.6896281382435194,3.7194895528955385,6.370718780090105,0.0,RHMTD,65,case57,0.12
True,11,0.04,True,1,1,False,11,True,3.8671819781197475e-10,0.0018014113453742608,0.6906229661304469,3.974170799483545,6.967042273026893,0.0,RHMTD,66,case57,0.12
True,7,0.04,False,20,20,False,7,True,0.028123205878014496,0.02910638391414435,0.6948808045365922,4.376218636753038,12.007974658627063,0.0,RHMTD,67,case57,0.12
True,7,-0.04,False,20,20,False,7,True,2.806012652398042e-08,0.030016779441136513,0.690742598075205,4.99115425045602,9.66767856734805,0.0,RHMTD,68,case57,0.12
True,51,-0.04,False,20,20,False,51,True,0.0017836283692486293,0.015329486270554436,0.6900727820691769,6.586106447502971,12.926969095133249,0.0,RHMTD,69,case57,0.12
True,12,-0.04,True,1,1,False,12,True,3.8671819781197475e-10,0.00040709445492763543,0.6904487520154985,4.754816700005904,10.355423553846778,0.0,RHMTD,70,case57,0.12
True,17,-0.04,False,20,20,False,18,False,0.15229469359889455,0.023691094456725414,0.6842837156510418,4.483189506572671,10.942729815724308,0.0,RHMTD,71,case57,0.12
True,35,0.04,True,1,1,False,35,True,3.8671808797204457e-10,0.005486090716923039,0.6922876100234027,7.282041595317423,20.672375024878445,0.0,RHMTD,72,case57,0.12
True,37,0.04,True,1,1,False,43,False,0.1714416009440448,0.005877791093753561,0.6892776473299088,4.612743743928149,10.650253840140067,0.0,RHMTD,73,case57,0.12
True,11,0.04,True,1,1,False,11,True,3.8671819781197475e-10,0.0017213854313951362,0.6952664068957033,6.001495957025327,12.535937820212002,0.0,RHMTD,74,case57,0.12
True,43,-0.04,True,1,1,False,37,False,0.1714416009440448,0.0051200552888128175,0.6876130034369532,3.076160399359651,3.5102521273074676,0.0,RHMTD,75,case57,0.12
True,39,0.04,False,20,20,False,39,True,3.867180879718764e-10,0.015956952161767696,0.6872274010778421,4.33960625086911,8.370639587519696,0.0,RHMTD,76,case57,0.12
True,41,-0.04,True,1,1,False,41,True,3.8671806051185303e-10,0.004173711511760649,0.6888665659380867,8.257304152357392,41.26343123207336,0.0,RHMTD,77,case57,0.12
True,11,-0.04,True,1,1,False,11,True,3.8671819781197475e-10,0.0017214599527047767,0.6903291200707405,5.089918745215982,10.75262981466949,0.0,RHMTD,78,case57,0.12
True,24,0.04,True,4,4,False,24,True,0.1714416009440448,0.006932675421955901,0.6929319469967196,4.808891637367196,13.672289560781797,0.0,RHMTD,79,case57,0.12
True,26,-0.04,True,6,6,False,26,True,0.1714416009440448,0.010230563388540177,0.6939267748836472,3.3199248457094654,6.464899741695263,0.0,RHMTD,80,case57,0.12
True,37,0.04,True,1,1,False,43,False,0.1714416009440448,0.005802900454977587,0.6939267748836472,4.652347904630005,11.115718440851198,0.0,RHMTD,81,case57,0.12
True,26,-0.04,True,1,1,False,25,False,0.1714416009440448,0.01872485367496973,0.6902724752168364,4.054851952241734,8.772045813384468,0.0,RHMTD,82,case57,0.12
True,20,-0.04,True,1,1,False,19,False,0.1714416009440448,0.004592876887308095,0.6939522539163583,4.703202150994912,9.723427094286308,0.0,RHMTD,83,case57,0.12
True,54,0.04,True,1,1,False,54,True,4.055592739355447e-10,0.004098868247407356,0.691962598142503,5.108047992689535,11.589838934014553,0.0,RHMTD,84,case57,0.12
True,31,0.04,True,4,4,False,31,True,0.11424064851280225,0.00869074666111746,0.6945965908896752,3.7480146012967452,6.97873779863585,0.0,RHMTD,85,case57,0.12
True,28,0.04,True,1,1,False,28,True,3.867181428919181e-10,0.002422661544478527,0.6869686664636361,5.113729048753157,10.055206585093408,0.0,RHMTD,86,case57,0.12
True,26,-0.04,False,20,20,False,25,False,0.1714416009440448,0.010305091216503085,0.6872936783445357,5.776445893570781,13.882512177224283,0.0,RHMTD,87,case57,0.12
True,17,-0.04,False,20,20,False,17,True,0.061538707958880695,0.045759372302039664,0.6833143667968253,4.244826943613589,9.094451784039848,0.0,RHMTD,88,case57,0.12
True,55,-0.04,True,1,1,False,55,True,3.8671808797186776e-10,0.002181148678111878,0.6962612347826308,4.854360403260216,10.847246434423141,0.0,RHMTD,89,case57,0.12
True,11,0.04,True,1,1,False,11,True,3.8671819781197475e-10,0.0009079980121505553,0.6927577328817712,5.051535452366807,8.458943446748911,0.0,RHMTD,90,case57,0.12
True,48,-0.04,True,19,19,False,48,True,3.8671808797186145e-10,0.01030930777199803,0.687201922045131,4.874924954492599,11.100272944895552,0.0,RHMTD,91,case57,0.12
True,50,-0.04,True,1,1,False,50,True,4.2758002675235684e-10,0.006550241248234545,0.6948553255038811,5.257808294845745,12.424493083381098,0.0,RHMTD,92,case57,0.12
True,53,-0.04,True,2,2,False,53,True,0.171441601036695,0.006317321066799006,0.6899474633359368,6.715568795334548,13.979939534328896,0.0,RHMTD,93,case57,0.12
True,43,0.04,True,1,1,False,37,False,0.1714416009440448,0.005805778855101001,0.6856545134842911,5.655462451977655,10.457429516827716,0.0,RHMTD,94,case57,0.12
True,40,-0.04,False,20,20,False,40,True,1.1767311710687026e-09,0.018517307986352986,0.6893366887964552,6.482854249770753,12.981566670350736,0.0,RHMTD,95,case57,0.12
True,10,-0.04,True,1,1,False,10,True,3.8671819781197475e-10,0.0028568529993463127,0.6929574260294307,4.96332919865381,9.908408619230613,0.0,RHMTD,96,case57,0.12
True,14,0.04,True,5,5,False,14,True,4.0131899074420366e-10,0.007079764601579664,0.6834651645627764,4.854799955501221,10.393556253984572,0.0,RHMTD,97,case57,0.12
True,53,-0.04,True,2,2,False,53,True,0.17144214414790634,0.010259279221132768,0.6936017630027477,4.393129298114218,11.178936064243318,0.0,RHMTD,98,case57,0.12
True,49,-0.04,True,9,9,False,49,True,2.7234096662826937e-08,0.007457548619619035,0.6845679292979587,4.214677104027942,10.294301444082523,0.0,RHMTD,99,case57,0.12
True,56,0.04,False,20,20,False,38,False,0.17144500610476837,0.03625921028628656,0.6938604976169535,5.009962446638383,11.1629931780044,0.0,RHMTD,100,case57,0.12
True,17,-0.04,False,20,20,False,18,False,0.17279637870913087,0.02676227334067811,0.6945965908896752,4.304737542406656,10.38543932954781,0.0,RHMTD,101,case57,0.12
True,12,0.04,True,1,1,False,12,True,3.8671819781197475e-10,0.0004070944547836198,0.6912010258370702,5.217139501473866,11.587745841825383,0.0,RHMTD,102,case57,0.12
True,48,-0.04,True,12,12,False,48,True,3.8671806051183597e-10,0.009780136904492488,0.689334292183813,4.264187495573424,6.873915236792535,0.0,RHMTD,103,case57,0.12
True,31,0.04,True,9,9,False,31,True,0.16403032744552884,0.008750743870445131,0.6889583222374913,6.346162548288703,26.196606599842212,0.0,RHMTD,104,case57,0.12
True,31,0.04,True,2,2,False,30,False,0.1465284369829396,0.00853325112671346,0.6878972170838701,3.4100354445399716,5.374484788626433,0.0,RHMTD,105,case57,0.12
True,41,-0.04,True,1,1,False,41,True,3.8671808797193585e-10,0.0015713042725960865,0.6946220699223863,4.547674901550636,10.998497260152371,0.0,RHMTD,106,case57,0.12
True,16,-0.04,False,20,20,False,0,False,0.5013336778064975,0.282816721929869,0.6876033710241637,4.768050057464279,10.656708665192129,0.0,RHMTD,107,case57,0.12
True,20,0.04,True,1,1,False,20,True,0.1714416009440448,0.004454088099740177,0.6960615416349714,7.999008198385126,34.722637466620675,0.0,RHMTD,108,case57,0.12
True,50,0.04,True,2,2,False,50,True,2.0822768875286006e-09,0.009523005585834429,0.6841095015360935,3.653499996289611,6.972876767395065,0.0,RHMTD,109,case57,0.12
True,17,0.04,True,7,7,False,17,True,0.19878252252503026,0.054881824096542575,0.6916432730500855,10.271291856770404,41.400720825186035,0.0,RHMTD,110,case57,0.12
True,41,0.04,True,1,1,False,41,True,3.8671808797191424e-10,0.004049662685501213,0.6799907657993962,4.369481196044944,6.569430674426273,0.0,RHMTD,111,case57,0.12
True,15,0.04,False,20,20,False,0,False,0.5488049222705654,0.2959290934907708,0.6933079169430413,6.705970797338523,13.411638932302628,0.0,RHMTD,112,case57,0.12
True,12,-0.04,True,1,1,False,12,True,3.8671819781197475e-10,0.00043894733424417707,0.6876441692581463,6.15396884677466,18.743992302916034,0.0,RHMTD,113,case57,0.12
True,33,-0.04,False,20,20,False,33,True,0.33603402030429796,0.1721599237932868,0.6819747347847692,4.915997953503393,10.823654505657034,0.0,RHMTD,114,case57,0.12
True,8,0.04,True,1,1,False,8,True,3.8671819781197475e-10,0.0011786695827607808,0.6958756324235197,4.534752105246298,10.57412741938606,0.0,RHMTD,115,case57,0.12
True,16,-0.04,False,20,20,False,0,False,0.5131774855319127,0.28789508327056945,0.6906472376844581,5.013687498285435,11.051163123920563,0.0,RHMTD,116,case57,0.12
True,46,-0.04,False,20,20,False,0,False,0.5059149366941199,0.3106811773760762,0.6899786291571299,3.07118755299598,3.873118487535976,0.0,RHMTD,117,case57,0.12
True,8,-0.04,True,1,1,False,8,True,3.8671819781197475e-10,0.0010592007207440696,0.6939522539163582,5.3013667988125235,13.103241974022243,0.0,RHMTD,118,case57,0.12
True,20,0.04,True,1,1,False,19,False,0.1714416009440448,0.004476258759748991,0.6939267748836472,4.77988954517059,12.58242737967521,0.0,RHMTD,119,case57,0.12
True,52,-0.04,True,1,1,False,53,False,0.17144160094498087,0.0069766982137637774,0.6893366887964552,4.96706880221609,11.128908320097255,0.0,RHMTD,120,case57,0.12
True,9,-0.04,False,20,20,False,9,True,3.867181428929028e-10,0.0177985395491002,0.7022499943484253,4.642589585273527,9.149335755500946,0.0,RHMTD,121,case57,0.12
True,21,0.04,False,20,20,False,0,False,0.5174850756309735,0.3051284562636292,0.698920706562514,4.687118800939061,11.015124979894612,0.0,RHMTD,122,case57,0.12
True,43,0.04,True,1,1,False,43,True,0.1714416009440448,0.005834939013400953,0.6856545134842912,4.657331347698346,11.170622872305108,0.0,RHMTD,123,case57,0.12
True,18,-0.04,True,9,9,False,18,True,0.18295717552455126,0.060880113974741086,0.6818005206698209,6.259000094723888,13.059212203370429,0.0,RHMTD,124,case57,0.12
True,38,-0.04,True,18,18,False,38,True,0.1714416009440448,0.02542762779778499,0.6895618609768258,7.131010398734361,13.27479757310358,0.0,RHMTD,125,case57,0.12
True,47,-0.04,False,20,20,False,0,False,0.5839480636289516,0.25312442494521087,0.698920706562514,5.354125061421655,13.460751736420212,0.0,RHMTD,126,case57,0.12
True,51,-0.04,False,20,20,False,51,True,0.17081034215483257,0.018762005175208308,0.6876033710241637,4.960235406178981,11.106710697640667,0.0,RHMTD,127,case57,0.12
True,23,0.04,True,0,0,False,0,False,0.5766024531852859,0.20986091010912528,0.6972560626695584,5.672685508034192,12.395446182927119,0.0,RHMTD,128,case57,0.12
True,40,0.04,True,15,15,False,40,True,2.1871340708518e-05,0.01946705309314169,0.6869080759854246,6.920839540543966,14.380781227373552,0.0,RHMTD,129,case57,0.12
True,20,-0.04,True,1,1,False,20,True,0.17144160094622607,0.005209439544124759,0.6905974870977359,4.9121229036245495,11.241818085545676,0.0,RHMTD,130,case57,0.12
True,51,-0.04,False,20,20,False,51,True,0.07255562427117183,0.020676717925450883,0.6972815417022694,4.227733254083432,8.651264532818466,0.0,RHMTD,131,case57,0.12
True,26,0.04,True,17,17,False,25,False,0.17144160094505106,0.009409527954774732,0.6761043996850329,4.818002102547325,7.938639281201197,0.0,RHMTD,132,case57,0.12
True,43,-0.04,True,1,1,False,37,False,0.1714416009440448,0.005915014830924338,0.6962612347826308,5.227051951806061,11.617099365685137,0.0,RHMTD,133,case57,0.12
True,54,-0.04,True,1,1,False,54,True,3.9342502085169044e-10,0.011732621528427224,0.6925463446376084,5.165327052236535,9.826553889433859,0.0,RHMTD,134,case57,0.12
True,32,0.04,False,20,20,False,0,False,0.5158628042654582,0.307648731764529,0.6929574260294307,3.662208345485851,5.290040260297251,0.0,RHMTD,135,case57,0.12
True,47,0.04,False,20,20,False,0,False,0.5665592036855214,0.22320434360372282,0.6912673031037639,3.6345291446195915,7.723662187345329,0.0,RHMTD,136,case57,0.12
True,51,0.04,True,2,2,False,51,True,0.005861999230529558,0.018421731208430676,0.6912673031037639,4.038572797435336,12.292908009840176,0.0,RHMTD,137,case57,0.12
True,53,0.04,True,1,1,False,52,False,0.17144160157153612,0.006906579311733732,0.6952664068957033,4.204762596054934,11.757681577000769,0.0,RHMTD,138,case57,0.12
True,54,0.04,True,1,1,False,54,True,3.8739673557435737e-10,0.008411609323259451,0.6912927821364749,4.555143901961856,9.270027730963195,0.0,RHMTD,139,case57,0.12
True,20,0.04,True,1,1,False,20,True,0.1714416009440448,0.004580198859107903,0.6925718236703196,5.713622842449695,12.402710079913966,0.0,RHMTD,140,case57,0.12
True,52,0.04,True,5,5,False,53,False,0.17144160094859148,0.0059843172653354934,0.6854293413039206,5.166897899471223,13.314858017838569,0.0,RHMTD,141,case57,0.12
True,10,0.04,True,1,1,False,10,True,3.8671819781197475e-10,0.0028271369693840457,0.6934020698550882,4.193983250297606,8.034704142482951,0.0,RHMTD,142,case57,0.12
True,12,-0.04,True,1,1,False,12,True,3.8671819781197475e-10,0.0004070859170693318,0.6979258786755865,4.617166696698405,10.356729131308384,0.0,RHMTD,143,case57,0.12
True,10,0.04,True,1,1,False,10,True,3.8671819781197475e-10,0.0028356469225459336,0.6870939851968763,4.85259169654455,10.451562196249142,0.0,RHMTD,144,case57,0.12
True,11,-0.04,True,1,1,False,11,True,3.8671819781197475e-10,0.001769639538571911,0.683790176443676,3.900527095538564,7.41918750863988,0.0,RHMTD,145,case57,0.12
True,25,-0.04,True,2,2,False,26,False,0.1714416012647016,0.02692955345769939,0.6955251415099092,4.558329243445769,8.864214262575844,0.0,RHMTD,146,case57,0.12
True,36,0.04,True,1,1,False,36,True,3.867180879718631e-10,0.0029482663114947976,0.6860304834306128,4.263260299921967,8.415753854205835,0.0,RHMTD,147,case57,0.12
True,44,-0.04,False,20,20,False,44,True,1.6273534431762036e-08,0.012898740591453383,0.6896281382435194,6.003306154161692,14.7549541288754,0.0,RHMTD,148,case57,0.12
True,24,0.04,True,6,6,False,24,True,0.17144160108540507,0.013220697619742742,0.6886333103565918,4.0792228479404,7.95006810803898,0.0,RHMTD,149,case57,0.12
True,3,0.04,False,20,20,False,3,True,3.867181703523038e-10,0.013158104539287344,0.6956168978093138,5.394606202025898,11.651358002563944,0.0,RHMTD,150,case57,0.12
True,42,0.04,True,3,3,False,42,True,3.8671808797186166e-10,0.007749593274563252,0.6934020698550881,4.2634750047000125,8.032786057447087,0.0,RHMTD,151,case57,0.12
True,23,0.04,False,20,20,False,0,False,0.515687973357514,0.3092050925853237,0.6846342065646526,4.595120847807266,8.930789222358726,0.0,RHMTD,152,case57,0.12
True,45,0.04,True,1,1,False,45,True,3.8671808797186145e-10,0.006256232296048523,0.6939522539163583,3.3839041512692347,5.447060352889824,0.0,RHMTD,153,case57,0.12
True,24,-0.04,True,2,2,False,29,False,0.1714416009440448,0.010321561792552277,0.6888920449707976,8.817464593448676,16.419887501979314,0.0,RHMTD,154,case57,0.12
True,22,-0.04,False,20,20,False,0,False,0.5887153491378909,0.27964111553112486,0.699590522568542,5.650756196700968,14.256597883650114,0.0,RHMTD,155,case57,0.12
True,23,0.04,False,20,20,False,0,False,0.479902914992215,0.32168759839097216,0.6846596855973635,5.388799996580929,15.731977098039355,0.0,RHMTD,156,case57,0.12
True,54,0.04,True,1,1,False,54,True,5.745462048328786e-10,0.0041020724369798265,0.6923130890561137,6.1239916540216655,15.518787497421743,0.0,RHMTD,157,case57,0.12
True,33,-0.04,False,20,20,False,0,False,0.564918955525998,0.3033464143418874,0.6985956946816145,4.83728755498305,11.595695806317963,0.0,RHMTD,158,case57,0.12
True,39,-0.04,False,20,20,False,39,True,3.8671808797295204e-10,0.014170687993766778,0.6955914187766028,4.857241499121301,9.293530971626765,0.0,RHMTD,159,case57,0.12
True,13,0.04,True,1,1,False,13,True,3.8671819781197475e-10,0.0007730669393091387,0.6869998322848293,4.238514549797401,9.279137483099476,0.0,RHMTD,160,case57,0.12
True,38,0.04,False,20,20,False,38,True,0.17205525137848138,0.03405844496575184,0.6925802486044091,4.844374948879704,11.704254179494457,0.0,RHMTD,161,case57,0.12
True,35,0.04,True,1,1,False,35,True,3.875442692238224e-10,0.002015373644122552,0.6799838715322143,4.900277088745497,10.397812171140686,0.0,RHMTD,162,case57,0.12
True,26,-0.04,True,6,6,False,25,False,0.1714416009440448,0.010290557646139483,0.6824193786104268,4.31118315027561,8.985187145299284,0.0,RHMTD,163,case57,0.12
True,1,0.04,False,20,20,False,1,True,0.033052062389331865,0.11150133125951925,0.6966117256962415,8.94446444872301,16.11485896282836,0.0,RHMTD,164,case57,0.12
True,49,-0.04,True,17,17,False,49,True,3.8671808797221626e-10,0.006160997650920064,0.6759625588699775,5.297216592589393,13.662647901219323,0.0,RHMTD,165,case57,0.12
True,40,0.04,True,5,5,False,40,True,6.368340063560673e-09,0.019460001762529627,0.6972560626695584,5.704608396627009,11.782464614952923,0.0,RHMTD,166,case57,0.12
True,40,0.04,True,5,5,False,40,True,3.381276114413813e-09,0.017971069739652987,0.6946220699223863,4.122085453127511,9.333491043071263,0.0,RHMTD,167,case57,0.12
True,28,0.04,True,1,1,False,28,True,3.867181428919181e-10,0.002728606960241762,0.684459992449704,4.2519145557889715,8.270768765942195,0.0,RHMTD,168,case57,0.12
True,38,0.04,False,20,20,False,38,True,0.1720190964428566,0.03903880085636931,0.6949470818032858,4.101743854698725,5.82180039782544,0.0,RHMTD,169,case57,0.12
True,27,0.04,True,2,2,False,27,True,3.8706742259727275e-10,0.004289252419888054,0.6796936295638499,5.9526916447794065,13.409781258087605,0.0,RHMTD,170,case57,0.12
True,30,-0.04,True,8,8,False,30,True,0.12528224909804733,0.009756918210774828,0.6886333103565918,5.494120833463967,13.419597581378186,0.0,RHMTD,171,case57,0.12
True,31,-0.04,True,18,18,False,31,True,0.15260059501136386,0.009470516711091179,0.6922876100234026,6.513641701894812,14.691812862292881,0.0,RHMTD,172,case57,0.12
True,27,0.04,True,1,1,False,27,True,3.8671814289191847e-10,0.0048746333200678175,0.6794915398035482,4.915431144763716,13.197833625599744,0.0,RHMTD,173,case57,0.12
True,51,0.04,False,20,20,False,51,True,0.017019890220441227,0.02005596934814868,0.6932161606436366,4.268018752918579,9.520106244599448,0.0,RHMTD,174,case57,0.12
True,28,0.04,True,1,1,False,28,True,3.867181154319088e-10,0.005128493525787521,0.6899786291571299,3.759879249264486,9.276816970668735,0.0,RHMTD,175,case57,0.12
True,33,-0.04,False,20,20,False,25,False,0.4067434356487534,0.06651985574243685,0.6832876802854145,4.708858398953453,13.00122770480812,0.0,RHMTD,176,case57,0.12
True,20,-0.04,True,2,2,False,19,False,0.1714416009440448,0.0046266319022555905,0.6919371191097919,5.69018550158944,12.401321128709244,0.0,RHMTD,177,case57,0.12
True,5,0.04,True,1,1,False,5,True,3.8671819781197475e-10,0.008479643792129659,0.6929319469967196,6.1440354969818145,13.319667277392016,0.0,RHMTD,178,case57,0.12
True,38,0.04,False,20,20,False,38,True,0.17144452090191054,0.028564017187095506,0.6948553255038811,5.00689999316819,9.937663105665708,0.0,RHMTD,179,case57,0.12
True,52,-0.04,True,4,4,False,52,True,0.17187698578026084,0.008188661860253764,0.6979258786755864,4.862397952820174,11.787606851430617,0.0,RHMTD,180,case57,0.12
True,48,0.04,True,9,9,False,48,True,3.8671808797186316e-10,0.009664396921132225,0.7005853504554697,3.111702195019461,4.229972942266613,0.0,RHMTD,181,case57,0.12
True,32,-0.04,False,20,20,False,0,False,0.5267475900915338,0.2983537977874747,0.6912010258370703,3.6797500593820587,7.19858195516281,0.0,RHMTD,182,case57,0.12
True,48,0.04,True,19,19,False,48,True,3.8671808797193797e-10,0.011646473969604483,0.6898868728577252,3.725800011307001,6.975871190661566,0.0,RHMTD,183,case57,0.12
True,48,0.04,True,2,2,False,48,True,3.867180879718616e-10,0.010334583363240786,0.6962612347826308,4.169633286073804,9.496541632688606,0.0,RHMTD,184,case57,0.12
True,5,0.04,True,1,1,False,5,True,3.867181703520086e-10,0.006428401638558223,0.685887769065786,3.2611416972940788,3.74620031216182,0.0,RHMTD,185,case57,0.12
True,41,0.04,True,1,1,False,41,True,3.867180879718727e-10,0.005587871804388518,0.687227401077842,3.4534397011157125,5.549246113514529,0.0,RHMTD,186,case57,0.12
True,29,-0.04,True,7,7,False,24,False,0.1714416009952373,0.012747971756688221,0.6886644761777849,3.349254300701432,6.106733070919291,0.0,RHMTD,187,case57,0.12
True,10,-0.04,True,1,1,False,10,True,3.8671819781197475e-10,0.003044879852533338,0.6898868728577252,4.890908350353129,11.440115197910927,0.0,RHMTD,188,case57,0.12
True,13,0.04,True,1,1,False,13,True,3.8671819781197475e-10,0.0007726729374092123,0.6879889733832748,3.185168796335347,4.2821235459996405,0.0,RHMTD,189,case57,0.12
True,7,-0.04,False,20,20,False,7,True,0.002127576758634126,0.03170143799738247,0.6882477079974806,8.83568960125558,39.92253157193775,0.0,RHMTD,190,case57,0.12
True,34,-0.04,True,4,4,False,34,True,3.8830090494730533e-10,0.014829463354217623,0.6912673031037639,3.818864602362737,6.550643124501222,0.0,RHMTD,191,case57,0.12
True,23,-0.04,False,20,20,False,0,False,0.5746237198168266,0.28119605324218194,0.6900727820691769,2.8007395012537017,3.078797904890962,0.0,RHMTD,192,case57,0.12
True,22,-0.04,False,20,20,False,0,False,0.5843133832125236,0.27088563698758805,0.688784108122543,4.755370892235078,9.884900640463458,0.0,RHMTD,193,case57,0.12
True,53,-0.04,True,1,1,False,53,True,0.255184037269549,0.008523892935691897,0.6899531501244189,3.0304334504762664,3.8162958138855174,0.0,RHMTD,194,case57,0.12
True,40,0.04,True,9,9,False,40,True,4.041918912048116e-10,0.016053975309576668,0.6926635799697243,4.416043794481084,8.332653847173788,0.0,RHMTD,195,case57,0.12
True,4,-0.04,False,20,20,False,0,False,0.4981686543679562,0.314099302430467,0.69260693511582,2.8223250003065914,3.1753288552863523,0.0,RHMTD,196,case57,0.12
True,23,0.04,False,20,20,False,0,False,0.5281323483219693,0.2869362144526155,0.6906229661304469,2.595197851769626,2.7493243076605722,0.0,RHMTD,197,case57,0.12
True,17,0.04,False,20,20,False,18,False,0.1677418778727082,0.06273217415582,0.6909422912228644,2.9694916593143716,3.5181872081011534,0.0,RHMTD,198,case57,0.12
True,28,0.04,True,2,2,False,28,True,3.867181428919181e-10,0.002651093900801799,0.6835731014110312,2.6396960020065308,3.0586131470045075,0.0,RHMTD,199,case57,0.12
True,26,-0.04,True,5,5,False,26,True,0.2526374583080834,0.008991316504044725,0.503183516997878,28.89942085603252,57.617046177620075,0.0,Robust-MTD,0,case57,0.12
True,49,-0.04,True,3,3,False,49,True,0.26613174597070727,0.011354915035418902,0.503183516997878,35.13278329919558,75.47118925431279,0.0,Robust-MTD,1,case57,0.12
True,53,-0.04,True,1,1,False,52,False,0.2713525363344306,0.00765362906848837,0.503183516997878,25.276673049665987,33.42909764323853,0.0,Robust-MTD,2,case57,0.12
True,37,0.04,True,1,1,False,44,False,0.2581630104270974,0.0053428289795756706,0.503183516997878,26.45865839731414,54.127239913214005,0.0,Robust-MTD,3,case57,0.12
True,46,0.04,True,17,17,False,0,False,0.6109107038913768,0.3412939224812248,0.503183516997878,30.258222957490943,45.51453127933202,0.0,Robust-MTD,4,case57,0.12
True,17,0.04,False,20,20,False,18,False,0.2734821392808363,0.012034972820078125,0.503183516997878,27.017058397177607,47.844042317592546,0.0,Robust-MTD,5,case57,0.12
True,24,0.04,False,20,20,False,29,False,0.28746039552908853,0.02192034055362244,0.503183516997878,35.11173970182426,57.44061074219647,0.0,Robust-MTD,6,case57,0.12
True,3,0.04,False,20,20,False,3,True,0.023713757373676914,0.015307081857947904,0.503183516997878,20.021193998400122,30.926606277353134,0.0,Robust-MTD,7,case57,0.12
True,8,-0.04,True,2,2,False,8,True,3.867181978120026e-10,0.009089423376042537,0.503183516997878,27.9507958504837,45.55366520071403,0.0,Robust-MTD,8,case57,0.12
True,22,0.04,False,20,20,False,0,False,0.6741765010394952,0.27727091303296975,0.503183516997878,27.929366656462662,39.70398784440477,0.0,Robust-MTD,9,case57,0.12
True,29,-0.04,True,16,16,False,29,True,0.3111243220557008,0.02470560720008034,0.503183516997878,26.373662595869973,53.96540000510869,0.0,Robust-MTD,10,case57,0.12
True,28,-0.04,True,1,1,False,28,True,3.867181428923341e-10,0.006528291967923215,0.503183516997878,37.845812493469566,61.5455621882575,0.0,Robust-MTD,11,case57,0.12
True,8,0.04,True,9,9,False,8,True,3.8671819781197506e-10,0.009089423376042537,0.503183516997878,20.675499996286817,30.463393757236194,0.0,Robust-MTD,12,case57,0.12
True,28,-0.04,True,4,4,False,28,True,5.272586164227165e-10,0.006528291967961402,0.503183516997878,26.535641751252115,37.76144195289817,0.0,Robust-MTD,13,case57,0.12
True,22,0.04,False,20,20,False,0,False,0.6422542573411314,0.3127491118570208,0.503183516997878,32.50309163995553,73.25793574855199,0.0,Robust-MTD,14,case57,0.12
True,26,0.04,True,11,11,False,25,False,0.24272752668896844,0.00917650109527971,0.503183516997878,28.997241804609075,47.61271874303931,0.0,Robust-MTD,15,case57,0.12
True,40,-0.04,False,20,20,False,40,True,0.24386014054705815,0.14179282608784677,0.503183516997878,31.6886417043861,60.159208040568075,0.0,Robust-MTD,16,case57,0.12
True,1,-0.04,False,20,20,False,0,False,0.631465586548041,0.26704495880388046,0.503183516997878,20.92534599651117,30.55989996646531,0.0,Robust-MTD,17,case57,0.12
True,37,-0.04,True,1,1,False,44,False,0.21946625498381106,0.005975741990450207,0.503183516997878,28.044443696853705,40.23986185493415,0.0,Robust-MTD,18,case57,0.12
True,42,-0.04,True,19,19,False,42,True,1.6161294583043395e-07,0.02188694173491292,0.503183516997878,37.96287909790408,77.10016071796423,0.0,Robust-MTD,19,case57,0.12
True,32,0.04,False,20,20,False,0,False,0.5732952421886821,0.35755970041341095,0.503183516997878,26.966293848818168,50.22813097457402,0.0,Robust-MTD,20,case57,0.12
True,20,0.04,True,2,2,False,17,False,0.3405498184169506,0.009915182602877414,0.503183516997878,32.40903544938192,60.64877852913924,0.0,Robust-MTD,21,case57,0.12
True,46,0.04,False,20,20,False,0,False,0.5766946124302756,0.3601756363444457,0.503183516997878,22.3652915970888,31.605947556090545,0.0,Robust-MTD,22,case57,0.12
True,42,0.04,False,20,20,False,42,True,5.4848910956991844e-09,0.021886941823845086,0.503183516997878,34.29682060377672,84.236083336873,0.0,Robust-MTD,23,case57,0.12
True,56,-0.04,True,3,3,False,38,False,0.171499086331823,0.026968278590855255,0.503183516997878,26.758435353985988,35.9193603944732,0.0,Robust-MTD,24,case57,0.12
True,53,0.04,True,1,1,False,51,False,0.2687926309034279,0.009397286583242473,0.503183516997878,36.06442090240307,60.09022352227477,0.0,Robust-MTD,25,case57,0.12
True,48,0.04,True,1,1,False,49,False,0.246358965523988,0.011755411730845728,0.503183516997878,32.66482489707414,53.18523510068192,0.0,Robust-MTD,26,case57,0.12
True,24,-0.04,False,20,20,False,24,True,0.31275673656096675,0.02461589783480017,0.503183516997878,29.16202915366739,40.72513960418293,0.0,Robust-MTD,27,case57,0.12
True,20,0.04,True,1,1,False,17,False,0.3168678037778767,0.011042503774140964,0.503183516997878,34.37974584812764,44.04184551385707,0.0,Robust-MTD,28,case57,0.12
True,34,-0.04,True,18,18,False,34,True,0.4231041924591426,0.07516875333878095,0.503183516997878,32.29487725184299,53.755447911680726,0.0,Robust-MTD,29,case57,0.12
True,11,-0.04,True,1,1,False,11,True,3.8671819781197475e-10,0.00908522205410003,0.503183516997878,30.09638949879445,44.1735750238877,0.0,Robust-MTD,30,case57,0.12
True,38,0.04,False,20,20,False,56,False,0.1715798399122167,0.026967667039352702,0.503183516997878,33.11976459517609,54.68755212787073,0.0,Robust-MTD,31,case57,0.12
True,32,0.04,False,20,20,False,0,False,0.5857447032288502,0.35292731555707757,0.503183516997878,30.380270900786854,48.326439567608766,0.0,Robust-MTD,32,case57,0.12
True,15,-0.04,False,20,20,False,0,False,0.5653789916681401,0.36799168470555954,0.503183516997878,30.077683355193585,40.432319388492054,0.0,Robust-MTD,33,case57,0.12
True,36,0.04,True,1,1,False,36,True,8.759290356021533e-05,0.002100394431466233,0.503183516997878,29.51711049536243,36.64221041253769,0.0,Robust-MTD,34,case57,0.12
True,26,0.04,False,20,20,False,25,False,0.23011157674926697,0.009357944985225505,0.503183516997878,35.10926675226074,50.47718955029272,0.0,Robust-MTD,35,case57,0.12
True,28,0.04,True,2,2,False,28,True,3.8671814289211745e-10,0.006528291967923215,0.503183516997878,37.258560545160435,62.385170528432354,0.0,Robust-MTD,36,case57,0.12
True,3,0.04,True,14,14,False,3,True,0.07558071926506922,0.014968143643014093,0.503183516997878,38.35816655482631,48.2188371999655,0.0,Robust-MTD,37,case57,0.12
True,6,0.04,False,20,20,False,6,True,0.0002559681238659696,0.02003248610183394,0.503183516997878,36.03971664560959,50.36405418068172,0.0,Robust-MTD,38,case57,0.12
True,51,-0.04,False,20,20,False,54,False,0.23587572883563224,0.022541786922675673,0.503183516997878,37.03572914528195,68.78551667905413,0.0,Robust-MTD,39,case57,0.12
True,17,0.04,True,1,1,False,18,False,0.28893953852010434,0.011756397027121992,0.503183516997878,35.67903755174484,63.83382497297134,0.0,Robust-MTD,40,case57,0.12
True,49,-0.04,False,20,20,False,50,False,0.22511709783821165,0.012941651190356408,0.503183516997878,37.64032920880709,67.65385067556055,0.0,Robust-MTD,41,case57,0.12
True,19,-0.04,True,1,1,False,17,False,0.31890529455951966,0.01099170463498765,0.503183516997878,38.15628329466563,58.94439725379931,0.0,Robust-MTD,42,case57,0.12
True,31,0.04,False,20,20,False,0,False,0.6321199623649129,0.31097415747816276,0.503183516997878,34.023752095527016,56.59203815157526,0.0,Robust-MTD,43,case57,0.12
True,55,0.04,True,4,4,False,55,True,1.264956024908889e-07,0.0075049741142741285,0.503183516997878,38.97692280297633,94.65893895248884,0.0,Robust-MTD,44,case57,0.12
True,2,0.04,True,5,5,False,2,True,0.010497782696653267,0.010716629739255619,0.503183516997878,33.967308248975314,64.7829937748611,0.0,Robust-MTD,45,case57,0.12
True,34,-0.04,False,20,20,False,34,True,0.4183240792237,0.07964510193675847,0.503183516997878,35.14472290116828,61.593171468121,0.0,Robust-MTD,46,case57,0.12
True,14,-0.04,True,1,1,False,14,True,3.867181428926593e-10,0.00670443600680325,0.503183516997878,34.15095219388604,56.92256489710418,0.0,Robust-MTD,47,case57,0.12
True,1,0.04,False,20,20,False,0,False,0.5745661197437176,0.3530010717485398,0.503183516997878,28.934137549367733,40.40751606808045,0.0,Robust-MTD,48,case57,0.12
True,34,-0.04,False,20,20,False,34,True,0.42980937606269265,0.07694001268997826,0.503183516997878,33.40012919798028,58.329314275761135,0.0,Robust-MTD,49,case57,0.12
True,40,-0.04,False,20,20,False,40,True,0.5260819484669896,0.2257798946869078,0.503183516997878,36.68361870513763,53.614495196961826,0.0,Robust-MTD,50,case57,0.12
True,27,-0.04,True,2,2,False,26,False,0.2474986946636054,0.009093483777950597,0.503183516997878,39.046016603242606,54.09906433487779,0.0,Robust-MTD,51,case57,0.12
True,44,-0.04,True,1,1,False,44,True,0.1451253010728461,0.0066652897146284645,0.503183516997878,39.55042089801282,64.333150011953,0.0,Robust-MTD,52,case57,0.12
True,1,0.04,False,20,20,False,0,False,0.5606072207776579,0.3696915283348384,0.503183516997878,37.52272904384881,93.93026938196272,0.0,Robust-MTD,53,case57,0.12
True,20,-0.04,True,1,1,False,17,False,0.32933073732045565,0.010602254131001835,0.503183516997878,33.40666464646347,51.195506277144894,0.0,Robust-MTD,54,case57,0.12
True,41,-0.04,False,20,20,False,41,True,2.9890457442127546e-05,0.029266838933527727,0.503183516997878,38.643001994933,67.87186104629656,0.0,Robust-MTD,55,case57,0.12
True,25,0.04,False,20,20,False,26,False,0.26455397258457963,0.00866155533015524,0.503183516997878,34.41106444806792,47.71663571300451,0.0,Robust-MTD,56,case57,0.12
True,33,0.04,False,20,20,False,33,True,0.4067094691375376,0.054793725973766624,0.503183516997878,36.08004795387387,69.65932501188946,0.0,Robust-MTD,57,case57,0.12
True,42,-0.04,False,20,20,False,42,True,3.9325456229946947e-10,0.02188694183292033,0.503183516997878,36.955527201644145,70.81826071953402,0.0,Robust-MTD,58,case57,0.12
True,21,0.04,False,20,20,False,0,False,0.6017720509160456,0.34055986594923243,0.503183516997878,37.81527500250377,71.25818549830001,0.0,Robust-MTD,59,case57,0.12
True,36,-0.04,True,1,1,False,36,True,0.013720788060881785,0.0020994121563667487,0.503183516997878,34.41343350568786,53.44235030643179,0.0,Robust-MTD,60,case57,0.12
True,46,0.04,False,20,20,False,0,False,0.5953507182678731,0.34587815272677425,0.503183516997878,35.07057090755552,62.31382087862586,0.0,Robust-MTD,61,case57,0.12
True,56,0.04,False,20,20,False,38,False,0.1714433758782703,0.026968645340986593,0.503183516997878,37.85225423926022,61.61988961684985,0.0,Robust-MTD,62,case57,0.12
True,8,-0.04,True,6,6,False,8,True,3.8671819781199657e-10,0.009089423376042537,0.503183516997878,31.680910347495228,56.19789406191559,0.0,Robust-MTD,63,case57,0.12
True,2,0.04,False,20,20,False,2,True,0.012350557891981319,0.01072394128661367,0.503183516997878,45.13863335014321,94.05193476704886,0.0,Robust-MTD,64,case57,0.12
True,43,0.04,True,1,1,False,44,False,0.20208031766201587,0.0061723318636149995,0.503183516997878,34.23492494330276,56.60869761195503,0.0,Robust-MTD,65,case57,0.12
True,11,0.04,True,12,12,False,11,True,3.8671819781197475e-10,0.00908522205410003,0.503183516997878,31.107545798295178,43.7550496775657,0.0,Robust-MTD,66,case57,0.12
True,7,0.04,False,20,20,False,0,False,0.6187819900509913,0.3402613447294932,0.503183516997878,37.37148134969175,46.72800835687668,0.0,Robust-MTD,67,case57,0.12
True,7,-0.04,False,20,20,False,0,False,0.6613674024166215,0.2734026794583956,0.503183516997878,33.068266650661826,47.38377502944786,0.0,Robust-MTD,68,case57,0.12
True,51,-0.04,False,20,20,False,51,True,0.3244642049770596,0.017267697397079902,0.503183516997878,34.848210398922674,55.44700624886901,0.0,Robust-MTD,69,case57,0.12
True,12,-0.04,True,1,1,False,12,True,3.8671819781197475e-10,0.0010834955122085523,0.503183516997878,36.07091653975658,60.347704135347165,0.0,Robust-MTD,70,case57,0.12
True,17,-0.04,False,20,20,False,18,False,0.2854329614289153,0.011820885676922055,0.503183516997878,37.92557294946164,82.05175893672278,0.0,Robust-MTD,71,case57,0.12
True,35,0.04,True,1,1,False,35,True,0.0005531028500929445,0.0020007403720213655,0.503183516997878,41.53340416087303,83.49217674403918,0.0,Robust-MTD,72,case57,0.12
True,37,0.04,True,1,1,False,44,False,0.15116494154824925,0.006620847613300349,0.503183516997878,36.62553960457444,59.024504182161785,0.0,Robust-MTD,73,case57,0.12
True,11,0.04,True,3,3,False,11,True,3.8671819781197506e-10,0.00908522205410003,0.503183516997878,38.16761475172825,75.14841424417683,0.0,Robust-MTD,74,case57,0.12
True,43,-0.04,True,1,1,False,44,False,0.209644047766598,0.006090556958578455,0.503183516997878,35.95564390416257,43.53848927421495,0.0,Robust-MTD,75,case57,0.12
True,39,0.04,True,1,1,False,39,True,4.161752293841055e-10,0.007163770741165705,0.503183516997878,35.596343749784864,48.892027366673595,0.0,Robust-MTD,76,case57,0.12
True,41,-0.04,False,20,20,False,41,True,7.353946274439263e-08,0.029266195236660103,0.503183516997878,36.5772688499419,56.12507773039399,0.0,Robust-MTD,77,case57,0.12
True,11,-0.04,True,4,4,False,11,True,3.8671819781197475e-10,0.00908522205410003,0.503183516997878,35.14542079356033,50.58386874443386,0.0,Robust-MTD,78,case57,0.12
True,24,0.04,True,4,4,False,24,True,0.2833601860954607,0.02158168018805443,0.503183516997878,37.36157295643352,49.74181009456515,0.0,Robust-MTD,79,case57,0.12
True,26,-0.04,True,19,19,False,25,False,0.22933500923286887,0.00936809077571933,0.503183516997878,34.24521450069733,52.09525002283044,0.0,Robust-MTD,80,case57,0.12
True,37,0.04,True,1,1,False,44,False,0.20770081684960653,0.006112070710486639,0.503183516997878,34.61076670209877,51.39736731071028,0.0,Robust-MTD,81,case57,0.12
True,26,-0.04,True,6,6,False,26,True,0.23346506786129254,0.009314269747420131,0.503183516997878,35.22861019591801,48.637097261962516,0.0,Robust-MTD,82,case57,0.12
True,20,-0.04,True,2,2,False,17,False,0.3217976002288163,0.01088843842780826,0.503183516997878,32.165439586970024,64.95362560963258,0.0,Robust-MTD,83,case57,0.12
True,54,0.04,False,20,20,False,54,True,0.21447953517786983,0.02450603291110857,0.503183516997878,34.3924665969098,54.477697913534946,0.0,Robust-MTD,84,case57,0.12
True,31,0.04,False,20,20,False,31,True,0.5217135260601407,0.1358816155468161,0.503183516997878,33.894549997057766,54.2536285269307,0.0,Robust-MTD,85,case57,0.12
True,28,0.04,True,2,2,False,28,True,3.8671814289197916e-10,0.006528291967923215,0.503183516997878,30.634593806462362,40.92048750608231,0.0,Robust-MTD,86,case57,0.12
True,26,-0.04,True,11,11,False,25,False,0.2562578119014486,0.008908649283830975,0.503183516997878,33.267256151884794,57.14748719765342,0.0,Robust-MTD,87,case57,0.12
True,17,-0.04,True,12,12,False,17,True,0.34167311674901824,0.009808371756956407,0.503183516997878,35.28853765456006,46.350477371015586,0.0,Robust-MTD,88,case57,0.12
True,55,-0.04,True,2,2,False,55,True,1.8729405133406049e-07,0.007504974109391889,0.503183516997878,33.547876999364235,45.002460671821616,0.0,Robust-MTD,89,case57,0.12
True,11,0.04,True,9,9,False,11,True,3.867181978119748e-10,0.00908522205410003,0.503183516997878,36.012818705057725,47.0692294795299,0.0,Robust-MTD,90,case57,0.12
True,48,-0.04,True,1,1,False,49,False,0.2705314865284624,0.010264204682613005,0.503183516997878,35.130202196887694,43.61168574541808,0.0,Robust-MTD,91,case57,0.12
True,50,-0.04,True,5,5,False,50,True,0.1791834851792684,0.01405247584454174,0.503183516997878,37.654527206905186,54.14698816894088,0.0,Robust-MTD,92,case57,0.12
True,53,-0.04,True,2,2,False,51,False,0.24986767015768838,0.010586912921166149,0.503183516997878,37.944012496154755,47.885195515118546,0.0,Robust-MTD,93,case57,0.12
True,43,0.04,True,2,2,False,44,False,0.2670456197664019,0.005073669461360407,0.503183516997878,36.936670952127315,68.65440685942303,0.0,Robust-MTD,94,case57,0.12
True,40,-0.04,False,20,20,False,40,True,0.3089826305384359,0.10496228865928434,0.503183516997878,38.566306204302236,56.062802695669234,0.0,Robust-MTD,95,case57,0.12
True,10,-0.04,False,20,20,False,10,True,3.8671819781197703e-10,0.012263197133519796,0.503183516997878,39.470083406195045,80.80109728034586,0.0,Robust-MTD,96,case57,0.12
True,14,0.04,True,5,5,False,14,True,3.932891222533825e-10,0.006704436006801557,0.503183516997878,37.672766752075404,47.90202912117822,0.0,Robust-MTD,97,case57,0.12
True,53,-0.04,True,1,1,False,53,True,0.27516544024896955,0.007899529489096401,0.503183516997878,39.39855819626246,66.07246846833733,0.0,Robust-MTD,98,case57,0.12
True,49,-0.04,False,20,20,False,50,False,0.25283698068642674,0.012113212333654836,0.503183516997878,35.778562602354214,49.57496106217151,0.0,Robust-MTD,99,case57,0.12
True,56,0.04,False,20,20,False,38,False,0.17144162798100107,0.026968654290353916,0.503183516997878,41.92825420759618,84.83105866471308,0.0,Robust-MTD,100,case57,0.12
True,17,-0.04,True,8,8,False,17,True,0.33461916995146423,0.010367871452404951,0.503183516997878,48.35264375433326,90.55830144498037,0.0,Robust-MTD,101,case57,0.12
True,12,0.04,True,1,1,False,12,True,3.8671819781197475e-10,0.0010834955122085523,0.503183516997878,43.23228950379416,88.82652469619644,0.0,Robust-MTD,102,case57,0.12
True,48,-0.04,True,2,2,False,48,True,0.2709665823818542,0.010354821112526894,0.503183516997878,35.36474774591625,47.08220624597744,0.0,Robust-MTD,103,case57,0.12
True,31,0.04,False,20,20,False,31,True,0.43845039650254497,0.09123066245008554,0.503183516997878,36.10270210483577,49.3685913475929,0.0,Robust-MTD,104,case57,0.12
True,31,0.04,False,20,20,False,0,False,0.5534475563303819,0.3705905352875386,0.503183516997878,38.98508954443969,68.28993539966177,0.0,Robust-MTD,105,case57,0.12
True,41,-0.04,False,20,20,False,41,True,1.718206930402382e-07,0.029266197387222168,0.503183516997878,39.70440000121016,51.011460385052494,0.0,Robust-MTD,106,case57,0.12
True,16,-0.04,False,20,20,False,0,False,0.5572349349290171,0.37288651142931595,0.503183516997878,33.75871885509696,60.285710752941675,0.0,Robust-MTD,107,case57,0.12
True,20,0.04,True,1,1,False,17,False,0.3351470773949579,0.010241101516733202,0.503183516997878,29.905166593380272,39.186420844635016,0.0,Robust-MTD,108,case57,0.12
True,50,0.04,True,14,14,False,50,True,0.2590780421417397,0.011951479116459279,0.503183516997878,35.30669159081299,52.92338396247943,0.0,Robust-MTD,109,case57,0.12
True,17,0.04,True,7,7,False,18,False,0.2980496396433202,0.011562625876747529,0.503183516997878,36.29608340852428,75.49072265101132,0.0,Robust-MTD,110,case57,0.12
True,41,0.04,False,20,20,False,41,True,0.006882391408196144,0.02955986290799827,0.503183516997878,35.385583303286694,49.87501009600237,0.0,Robust-MTD,111,case57,0.12
True,15,0.04,False,20,20,False,0,False,0.5857548605971393,0.35102018934957996,0.503183516997878,35.80467289139051,51.49303603393495,0.0,Robust-MTD,112,case57,0.12
True,12,-0.04,True,1,1,False,12,True,3.8671819781197475e-10,0.0010834955122085523,0.503183516997878,35.409235453698784,60.94753124343698,0.0,Robust-MTD,113,case57,0.12
True,33,-0.04,False,20,20,False,31,False,0.4085967004747871,0.08550631067392886,0.503183516997878,34.830416590557434,53.21690800192301,0.0,Robust-MTD,114,case57,0.12
True,8,0.04,True,5,5,False,8,True,3.8671819781197475e-10,0.009089423376042537,0.503183516997878,36.26520204707049,49.05644787359053,0.0,Robust-MTD,115,case57,0.12
True,16,-0.04,False,20,20,False,0,False,0.5723906411019634,0.36067212505697166,0.503183516997878,37.26425834465772,54.15420000208543,0.0,Robust-MTD,116,case57,0.12
True,46,-0.04,False,20,20,False,0,False,0.5952099148245124,0.3352815595105363,0.503183516997878,35.68948334723245,47.79484644532207,0.0,Robust-MTD,117,case57,0.12
True,8,-0.04,True,8,8,False,8,True,3.8671819781197475e-10,0.009089423376042537,0.503183516997878,37.98602514725644,56.07580267533195,0.0,Robust-MTD,118,case57,0.12
True,20,0.04,True,2,2,False,17,False,0.3290525208899449,0.010614559575781585,0.503183516997878,36.12733749614563,50.32384372025263,0.0,Robust-MTD,119,case57,0.12
True,52,-0.04,True,1,1,False,51,False,0.2516484020949199,0.010829709995923678,0.503183516997878,38.03837924497202,65.93917289574165,0.0,Robust-MTD,120,case57,0.12
True,9,-0.04,False,20,20,False,9,True,0.027237455634458563,0.07299938471106271,0.503183516997878,36.73225394450128,69.42928925855085,0.0,Robust-MTD,121,case57,0.12
True,21,0.04,False,20,20,False,0,False,0.5738073890540893,0.3624331676886482,0.503183516997878,41.780104002100416,89.6213098050794,0.0,Robust-MTD,122,case57,0.12
True,43,0.04,True,1,1,False,44,False,0.23573580337826178,0.005756816256861575,0.503183516997878,30.371612444287166,38.55178126250394,0.0,Robust-MTD,123,case57,0.12
True,18,-0.04,True,9,9,False,18,True,0.3003167094292336,0.011510883673236836,0.503183516997878,37.86965004983358,58.05454170622398,0.0,Robust-MTD,124,case57,0.12
True,38,-0.04,False,20,20,False,38,True,0.171441606879638,0.026968654335764855,0.503183516997878,37.96267306024674,56.56731427006889,0.0,Robust-MTD,125,case57,0.12
True,47,-0.04,False,20,20,False,0,False,0.6618961968328353,0.27914442616508667,0.503183516997878,39.52730009332299,80.07111313636415,0.0,Robust-MTD,126,case57,0.12
True,51,-0.04,False,20,20,False,51,True,0.2780914309840043,0.020181567181631655,0.503183516997878,36.55742704577278,44.59970802417956,0.0,Robust-MTD,127,case57,0.12
True,23,0.04,True,0,0,False,0,False,0.6353889358817613,0.3274094629958945,0.503183516997878,33.03046450309921,45.79286008083727,0.0,Robust-MTD,128,case57,0.12
True,40,0.04,True,15,15,False,40,True,0.23068025454523708,0.13573004016015913,0.503183516997878,36.831104147131555,55.14353751204909,0.0,Robust-MTD,129,case57,0.12
True,20,-0.04,True,1,1,False,19,False,0.3345130241624758,0.008558758182582006,0.503183516997878,35.70642064441927,47.662912469240844,0.0,Robust-MTD,130,case57,0.12
True,51,-0.04,False,20,20,False,54,False,0.22154971124858752,0.022994408449554415,0.503183516997878,38.21446464571636,57.02177914499772,0.0,Robust-MTD,131,case57,0.12
True,26,0.04,True,2,2,False,26,True,0.24753575779487505,0.009092798713768986,0.503183516997878,34.85507715377025,53.52578751335387,0.0,Robust-MTD,132,case57,0.12
True,43,-0.04,True,1,1,False,44,False,0.1705741710584307,0.00646702149915722,0.503183516997878,32.18171034823172,43.65631811378992,0.0,Robust-MTD,133,case57,0.12
True,54,-0.04,False,20,20,False,54,True,0.18649638393765536,0.025807042398166734,0.503183516997878,36.37775010720361,78.74999022169506,0.0,Robust-MTD,134,case57,0.12
True,32,0.04,False,20,20,False,0,False,0.5718077284255172,0.36724647401376326,0.503183516997878,36.044747894629836,47.63026875152718,0.0,Robust-MTD,135,case57,0.12
True,47,0.04,False,20,20,False,0,False,0.6403973156910763,0.2750673605613574,0.503183516997878,37.81145429238677,49.58310237852857,0.0,Robust-MTD,136,case57,0.12
True,51,0.04,True,2,2,False,54,False,0.21169833913930977,0.02380852150798747,0.503183516997878,36.27512485254556,47.13906696997583,0.0,Robust-MTD,137,case57,0.12
True,53,0.04,True,1,1,False,51,False,0.1976933600678544,0.012821658911227865,0.503183516997878,34.61648754600901,61.817679181695,0.0,Robust-MTD,138,case57,0.12
True,54,0.04,False,20,20,False,54,True,0.195005868394586,0.025408266695556618,0.503183516997878,30.59213960368652,41.75141662126408,0.0,Robust-MTD,139,case57,0.12
True,20,0.04,True,2,2,False,17,False,0.32651430546563176,0.010714773026882443,0.503183516997878,34.5762708428083,70.97764760546855,0.0,Robust-MTD,140,case57,0.12
True,52,0.04,True,1,1,False,51,False,0.2255742372659481,0.011745082111984852,0.503183516997878,27.643943604198284,35.81980796298012,0.0,Robust-MTD,141,case57,0.12
True,10,0.04,True,13,13,False,10,True,3.867181978119977e-10,0.012263197133519796,0.503183516997878,39.764283297699876,72.3107079626061,0.0,Robust-MTD,142,case57,0.12
True,12,-0.04,True,1,1,False,12,True,3.8671819781197475e-10,0.0010834955122085523,0.503183516997878,38.96185835474171,73.84546702087391,0.0,Robust-MTD,143,case57,0.12
True,10,0.04,True,13,13,False,10,True,3.86718142892651e-10,0.012263197133519798,0.503183516997878,35.12348339718301,62.58180836448449,0.0,Robust-MTD,144,case57,0.12
True,11,-0.04,True,19,19,False,11,True,3.8671819781197475e-10,0.00908522205410003,0.503183516997878,35.746737400768325,47.65892671712209,0.0,Robust-MTD,145,case57,0.12
True,25,-0.04,True,4,4,False,26,False,0.33491636125704244,0.008250631834911936,0.503183516997878,34.0042729570996,48.74566669459457,0.0,Robust-MTD,146,case57,0.12
True,36,0.04,True,1,1,False,36,True,0.00395102468212178,0.002100173106776608,0.503183516997878,36.54000200040173,58.391822886187605,0.0,Robust-MTD,147,case57,0.12
True,44,-0.04,True,12,12,False,44,True,0.10826538420446007,0.00690697881958172,0.503183516997878,42.16406449850183,76.05689194751905,0.0,Robust-MTD,148,case57,0.12
True,24,0.04,False,20,20,False,24,True,0.32665372555900424,0.026791856429457014,0.503183516997878,34.08604580035899,51.02839582250456,0.0,Robust-MTD,149,case57,0.12
True,3,0.04,False,20,20,False,3,True,0.05528617652188719,0.015121712101776439,0.503183516997878,33.47537508816458,46.12792708212513,0.0,Robust-MTD,150,case57,0.12
True,42,0.04,False,20,20,False,42,True,7.340760758319662e-09,0.02188694182030518,0.503183516997878,38.51973749988247,86.59735242254101,0.0,Robust-MTD,151,case57,0.12
True,23,0.04,False,20,20,False,0,False,0.682962554298872,0.2910163984321537,0.503183516997878,36.10984791012015,57.87073366809637,0.0,Robust-MTD,152,case57,0.12
True,45,0.04,False,20,20,False,45,True,3.8671808797744146e-10,0.015738058034434763,0.503183516997878,34.08714575343765,41.2059993861476,0.0,Robust-MTD,153,case57,0.12
True,24,-0.04,False,20,20,False,29,False,0.33462101320639137,0.028086446457289527,0.503183516997878,36.99507710698526,58.7566461443203,0.0,Robust-MTD,154,case57,0.12
True,22,-0.04,False,20,20,False,0,False,0.668334191960247,0.27181620777269794,0.503183516997878,37.70438960636966,46.446431265212595,0.0,Robust-MTD,155,case57,0.12
True,23,0.04,False,20,20,False,0,False,0.5635967787486122,0.36408079251436126,0.503183516997878,38.99193535617087,53.45885839196853,0.0,Robust-MTD,156,case57,0.12
True,54,0.04,False,20,20,False,54,True,0.2947915931872568,0.020735372769742803,0.503183516997878,34.44022285693791,48.60344555636403,0.0,Robust-MTD,157,case57,0.12
True,33,-0.04,False,20,20,False,34,False,0.4273646623407705,0.06596684696539562,0.503183516997878,32.72627500409726,44.45775629428681,0.0,Robust-MTD,158,case57,0.12
True,39,-0.04,True,8,8,False,39,True,1.4756289403885635e-06,0.007163770870058061,0.503183516997878,37.152591656195,64.0507503063418,0.0,Robust-MTD,159,case57,0.12
True,13,0.04,True,1,1,False,13,True,3.8671819781197475e-10,0.0013139947365297274,0.503183516997878,33.130722952773795,49.76209999003914,0.0,Robust-MTD,160,case57,0.12
True,38,0.04,False,20,20,False,56,False,0.1714782178422607,0.026968413410465013,0.503183516997878,43.78883555473294,96.32527980138549,0.0,Robust-MTD,161,case57,0.12
True,35,0.04,True,1,1,False,35,True,0.007270781140390079,0.0020011759747417986,0.503183516997878,33.088849994237535,46.15009645058312,0.0,Robust-MTD,162,case57,0.12
True,26,-0.04,True,1,1,False,25,False,0.23941375620243663,0.00922888982465629,0.503183516997878,37.17547295091208,76.71393780910877,0.0,Robust-MTD,163,case57,0.12
True,1,0.04,False,20,20,False,0,False,0.6088454114796711,0.3460892613934106,0.503183516997878,36.19133955799043,86.44751049287152,0.0,Robust-MTD,164,case57,0.12
True,49,-0.04,True,18,18,False,48,False,0.2681178744963522,0.009898831153410946,0.503183516997878,33.42867504397873,47.59258993144615,0.0,Robust-MTD,165,case57,0.12
True,40,0.04,False,20,20,False,40,True,0.6358218739060166,0.22930206922064106,0.503183516997878,32.37444788683206,48.88335868890866,0.0,Robust-MTD,166,case57,0.12
True,40,0.04,False,20,20,False,0,False,0.6474804894814886,0.30197233810408913,0.503183516997878,30.193579199840315,41.96625627519098,0.0,Robust-MTD,167,case57,0.12
True,28,0.04,True,2,2,False,28,True,4.92382567755567e-10,0.00652829196797239,0.503183516997878,42.74539579637349,66.03180269012229,0.0,Robust-MTD,168,case57,0.12
True,38,0.04,False,20,20,False,38,True,0.18173211682195273,0.026812222652133993,0.503183516997878,38.885251895408146,75.96848566608972,0.0,Robust-MTD,169,case57,0.12
True,27,0.04,True,1,1,False,26,False,0.2682254575399901,0.008496259648248999,0.503183516997878,48.48761469183955,142.73428961168975,0.0,Robust-MTD,170,case57,0.12
True,30,-0.04,False,20,20,False,0,False,0.6069551811643855,0.34265812665010476,0.503183516997878,29.167243748088367,54.72922462795396,0.0,Robust-MTD,171,case57,0.12
True,31,-0.04,False,20,20,False,0,False,0.6584163188025175,0.298992934432081,0.503183516997878,37.045768648386,59.94200623536024,0.0,Robust-MTD,172,case57,0.12
True,27,0.04,True,1,1,False,26,False,0.23408535841993205,0.00930571541589024,0.503183516997878,40.237393756979145,93.35462083399764,0.0,Robust-MTD,173,case57,0.12
True,51,0.04,False,20,20,False,51,True,0.2590101283738411,0.020961182062907202,0.503183516997878,34.42432920855936,53.57855686743278,0.0,Robust-MTD,174,case57,0.12
True,28,0.04,True,4,4,False,28,True,3.867181154323156e-10,0.006528291967923215,0.503183516997878,36.84899375657551,58.83913926663809,0.0,Robust-MTD,175,case57,0.12
True,33,-0.04,False,20,20,False,34,False,0.4048229996002563,0.06913884203066939,0.503183516997878,32.04772509925533,53.03159196919298,0.0,Robust-MTD,176,case57,0.12
True,20,-0.04,True,2,2,False,18,False,0.3129364444731402,0.011169937819608023,0.503183516997878,36.316891651949845,60.440833325265004,0.0,Robust-MTD,177,case57,0.12
True,5,0.04,False,20,20,False,5,True,3.163126260081416e-07,0.015721928787804283,0.503183516997878,40.316254098434,66.87837055069399,0.0,Robust-MTD,178,case57,0.12
True,38,0.04,False,20,20,False,38,True,0.17145049189637546,0.026968602506608534,0.503183516997878,27.1589001029497,37.74618546885904,0.0,Robust-MTD,179,case57,0.12
True,52,-0.04,True,1,1,False,51,False,0.24308085834410678,0.010994396532029199,0.503183516997878,36.76349779416341,77.38055449153764,0.0,Robust-MTD,180,case57,0.12
True,48,0.04,True,1,1,False,48,True,0.23983904793902694,0.008521061755092665,0.503183516997878,33.40539775090292,60.53961630386767,0.0,Robust-MTD,181,case57,0.12
True,32,-0.04,False,20,20,False,0,False,0.5962505082627907,0.35239986898411557,0.503183516997878,42.09231264539994,93.42643157579008,0.0,Robust-MTD,182,case57,0.12
True,48,0.04,True,1,1,False,49,False,0.2655714746305489,0.010102227142356288,0.503183516997878,32.461900101043284,49.27902773488314,0.0,Robust-MTD,183,case57,0.12
True,48,0.04,True,2,2,False,49,False,0.20351001636148558,0.012818106557590882,0.503183516997878,25.86179380014073,33.25649521430024,0.0,Robust-MTD,184,case57,0.12
True,5,0.04,True,12,12,False,5,True,0.0027286282917528075,0.015728249101899155,0.503183516997878,37.300901851267554,49.91812055232003,0.0,Robust-MTD,185,case57,0.12
True,41,0.04,False,20,20,False,41,True,8.576016271001341e-05,0.029268330463910263,0.503183516997878,37.62379781110212,52.39024167240132,0.0,Robust-MTD,186,case57,0.12
True,29,-0.04,False,20,20,False,24,False,0.3109573285488215,0.02471726647121015,0.503183516997878,37.323725046007894,63.1800375005696,0.0,Robust-MTD,187,case57,0.12
True,10,-0.04,True,11,11,False,10,True,3.86718197811975e-10,0.012263197133519796,0.503183516997878,41.499579104129225,80.91779405949639,0.0,Robust-MTD,188,case57,0.12
True,13,0.04,True,1,1,False,13,True,3.8671819781197475e-10,0.0013139947365297274,0.503183516997878,20.717745792353526,24.174420890631154,0.0,Robust-MTD,189,case57,0.12
True,7,-0.04,False,20,20,False,0,False,0.603031971254786,0.33655025503758584,0.503183516997878,35.56918130198028,70.22321936383382,0.0,Robust-MTD,190,case57,0.12
True,34,-0.04,False,20,20,False,31,False,0.555556123030926,0.14881474254346527,0.503183516997878,27.015477206441574,36.217035725712776,0.0,Robust-MTD,191,case57,0.12
True,23,-0.04,False,20,20,False,0,False,0.5979915360496076,0.3477590485037019,0.503183516997878,37.01458340801764,87.33017112244853,0.0,Robust-MTD,192,case57,0.12
True,22,-0.04,False,20,20,False,0,False,0.5733238268870804,0.36180063056654066,0.503183516997878,31.05156465608161,49.941212509293116,0.0,Robust-MTD,193,case57,0.12
True,53,-0.04,True,2,2,False,51,False,0.24637142511296267,0.010911119954605445,0.503183516997878,19.03274160285946,23.618270838051103,0.0,Robust-MTD,194,case57,0.12
True,40,0.04,False,20,20,False,40,True,0.20227366796894747,0.08322893696151966,0.503183516997878,39.55366055597551,60.60436666593888,0.0,Robust-MTD,195,case57,0.12
True,4,-0.04,False,20,20,False,0,False,0.6205485841486401,0.3334756124008326,0.503183516997878,21.79623124829959,27.088571130298078,0.0,Robust-MTD,196,case57,0.12
True,23,0.04,False,20,20,False,0,False,0.584200821432964,0.3526763127759328,0.503183516997878,41.32096245593857,99.43585032015108,0.0,Robust-MTD,197,case57,0.12
True,17,0.04,True,14,14,False,20,False,0.33920764290425826,0.008863733171451926,0.503183516997878,20.342229152447544,24.69651875435375,0.0,Robust-MTD,198,case57,0.12
True,28,0.04,True,2,2,False,28,True,3.867181428926187e-10,0.006528291967923215,0.503183516997878,12.800022950978018,15.13392849592492,0.0,Robust-MTD,199,case57,0.12
True,26,-0.04,False,20,20,False,0,False,0.6356434034654884,0.3281284309752524,0.6265602689131131,27.60192920686677,52.831560079357594,0.0,HMTD-MDE,0,case57,0.15
True,49,-0.04,False,20,20,False,49,True,0.15908001568220048,0.0168164570426794,0.6265602689131131,31.864339704043232,68.08211912575645,0.0,HMTD-MDE,1,case57,0.15
True,53,-0.04,True,2,2,False,53,True,0.19177882530272017,0.0059324258289685395,0.6265602689131131,25.194299904978834,31.72645418380854,0.0,HMTD-MDE,2,case57,0.15
True,37,0.04,True,5,5,False,37,True,0.1720266043167202,0.013864297365664534,0.6265602689131131,38.48806890891865,74.26434441586028,0.0,HMTD-MDE,3,case57,0.15
True,46,0.04,True,17,17,False,0,False,0.6128679216187239,0.35875704390583113,0.6265602689131131,32.131985304295085,60.236970859114095,0.0,HMTD-MDE,4,case57,0.15
True,17,0.04,False,20,20,False,17,True,0.37340535471683794,0.08710961835992864,0.6265602689131131,22.558464438770898,30.157207988668237,0.0,HMTD-MDE,5,case57,0.15
True,24,0.04,False,20,20,False,24,True,0.39707938856613123,0.021355014885305168,0.6265602689131131,25.723351948545314,34.36451458546799,0.0,HMTD-MDE,6,case57,0.15
True,3,0.04,True,1,1,False,3,True,7.307534335276936e-09,0.005049005143383727,0.6265602689131131,31.812545951106586,67.7669506374514,0.0,HMTD-MDE,7,case57,0.15
True,8,-0.04,True,1,1,False,8,True,3.8671819781197475e-10,0.0005030671795806873,0.6265602689131131,30.56431045406498,54.906652690260685,0.0,HMTD-MDE,8,case57,0.15
True,22,0.04,False,20,20,False,17,False,0.6107057883261983,0.21294870448964587,0.6265602689131131,29.887839607545175,56.436864638817504,0.0,HMTD-MDE,9,case57,0.15
True,29,-0.04,False,20,20,False,31,False,0.40893888414927637,0.023579358667473967,0.6265602689131131,24.003943905699998,31.898569053737454,0.0,HMTD-MDE,10,case57,0.15
True,28,-0.04,False,20,20,False,28,True,0.14197209897903346,0.03348149128444115,0.6265602689131131,25.06152065761853,35.072889560251504,0.0,HMTD-MDE,11,case57,0.15
True,8,0.04,True,1,1,False,8,True,3.8671819781197475e-10,0.0005030671795806873,0.6265602689131131,27.44423949625343,36.83230173483025,0.0,HMTD-MDE,12,case57,0.15
True,28,-0.04,False,20,20,False,28,True,0.1542441232946651,0.034447931293598785,0.6265602689131131,30.514704348752275,51.298747945111245,0.0,HMTD-MDE,13,case57,0.15
True,22,0.04,False,20,20,False,0,False,0.6431364648739594,0.3429382510163066,0.6265602689131131,31.487268744967878,41.545814511482604,0.0,HMTD-MDE,14,case57,0.15
True,26,0.04,False,20,20,False,0,False,0.6146397842783513,0.3500421906600365,0.6265602689131131,24.85698524978943,33.37119168718346,0.0,HMTD-MDE,15,case57,0.15
True,40,-0.04,False,20,20,False,40,True,0.007584307768650351,0.015553853878492759,0.6265602689131131,27.293933305190876,36.893599628820084,0.0,HMTD-MDE,16,case57,0.15
True,1,-0.04,False,20,20,False,0,False,0.6785559204192144,0.32460080004394076,0.6265602689131131,36.6160146513721,69.58416251291057,0.0,HMTD-MDE,17,case57,0.15
True,37,-0.04,False,20,20,False,37,True,0.17208956418275273,0.013867988463682928,0.6265602689131131,31.80637929181103,46.93432469503025,0.0,HMTD-MDE,18,case57,0.15
True,42,-0.04,False,20,20,False,42,True,6.434893417652683e-07,0.04817538720044468,0.6265602689131131,34.491347696166486,46.014964219648434,0.0,HMTD-MDE,19,case57,0.15
True,32,0.04,False,20,20,False,0,False,0.5811440897040567,0.3736420792124876,0.6265602689131131,23.312566641834565,29.533505905419595,0.0,HMTD-MDE,20,case57,0.15
True,20,0.04,True,7,7,False,20,True,0.2526652415631582,0.012257780129084935,0.6265602689131131,32.98238766146824,57.536590282688884,0.0,HMTD-MDE,21,case57,0.15
True,46,0.04,False,20,20,False,0,False,0.5988016991515163,0.3637256018799713,0.6265602689131131,33.28313759993762,71.0458256333368,0.0,HMTD-MDE,22,case57,0.15
True,42,0.04,False,20,20,False,42,True,9.516337898097586e-05,0.04818356869827897,0.6265602689131131,35.84773345210124,62.08968363644091,0.0,HMTD-MDE,23,case57,0.15
True,56,-0.04,True,3,3,False,56,True,0.17144169684659613,0.02128812438340876,0.6265602689131131,31.90410425595473,48.70338924811222,0.0,HMTD-MDE,24,case57,0.15
True,53,0.04,True,1,1,False,52,False,0.21756340169928728,0.006789381639002653,0.6265602689131131,31.828741607023403,62.66469762194905,0.0,HMTD-MDE,25,case57,0.15
True,48,0.04,True,1,1,False,48,True,3.9946136384560764e-10,0.004032292094264536,0.6265602689131131,33.234570850618184,52.9146472923458,0.0,HMTD-MDE,26,case57,0.15
True,24,-0.04,True,16,16,False,29,False,0.39889990979571055,0.021632391917976928,0.6265602689131131,27.906766696833074,38.96488781902008,0.0,HMTD-MDE,27,case57,0.15
True,20,0.04,True,8,8,False,19,False,0.2567129080911431,0.012701543065265575,0.6265602689131131,35.10286674427334,75.63829160353635,0.0,HMTD-MDE,28,case57,0.15
True,34,-0.04,True,18,18,False,31,False,0.4290699596603839,0.028186233189273352,0.6265602689131131,34.63455209566746,54.98341840284412,0.0,HMTD-MDE,29,case57,0.15
True,11,-0.04,True,1,1,False,11,True,3.8671819781197475e-10,0.0005275231951491883,0.6265602689131131,31.793247748282738,52.640820774831816,0.0,HMTD-MDE,30,case57,0.15
True,38,0.04,False,20,20,False,38,True,0.17144160500381245,0.021288120508257676,0.6265602689131131,29.302770746289752,44.835503824288025,0.0,HMTD-MDE,31,case57,0.15
True,32,0.04,False,20,20,False,0,False,0.6231333213813217,0.35101174049331796,0.6265602689131131,27.48478949361015,40.45289308123756,0.0,HMTD-MDE,32,case57,0.15
True,15,-0.04,False,20,20,False,0,False,0.6021567265638231,0.38992438771734333,0.6265602689131131,33.05746259866282,52.548751479480416,0.0,HMTD-MDE,33,case57,0.15
True,36,0.04,True,1,1,False,36,True,3.87765720287369e-08,0.0013935080128146143,0.6265602689131131,36.83925005316269,63.88389135536272,0.0,HMTD-MDE,34,case57,0.15
True,26,0.04,False,20,20,False,0,False,0.5921264230464128,0.3669003504962258,0.6265602689131131,31.401116598863155,74.88771213684231,0.0,HMTD-MDE,35,case57,0.15
True,28,0.04,False,20,20,False,27,False,0.16968691041562717,0.038744784856841304,0.6265602689131131,34.76087290619034,67.49829339096328,0.0,HMTD-MDE,36,case57,0.15
True,3,0.04,True,1,1,False,3,True,4.100899357311295e-10,0.005049005140629459,0.6265602689131131,32.414495895500295,83.6120687541552,0.0,HMTD-MDE,37,case57,0.15
True,6,0.04,True,1,1,False,6,True,3.8671819781197475e-10,0.0034776928279501634,0.6265602689131131,34.949610245530494,45.65883954928723,0.0,HMTD-MDE,38,case57,0.15
True,51,-0.04,False,20,20,False,51,True,0.20430442978106408,0.047096818287876804,0.6265602689131131,34.14068739803042,49.97028567304369,0.0,HMTD-MDE,39,case57,0.15
True,17,0.04,False,20,20,False,17,True,0.4499946364733055,0.12573631058716683,0.6265602689131131,31.360520800808445,41.04281490144786,0.0,HMTD-MDE,40,case57,0.15
True,49,-0.04,True,12,12,False,49,True,0.11815896481098206,0.01786914956405698,0.6265602689131131,35.806658351793885,68.61454171594232,0.0,HMTD-MDE,41,case57,0.15
True,19,-0.04,True,1,1,False,19,True,0.267315690431061,0.014226520377155666,0.6265602689131131,27.581004245439544,45.79740447516088,0.0,HMTD-MDE,42,case57,0.15
True,31,0.04,False,20,20,False,31,True,0.43729610789830464,0.03788150674098868,0.6265602689131131,33.73061869642697,49.60466281045228,0.0,HMTD-MDE,43,case57,0.15
True,55,0.04,True,1,1,False,55,True,0.061248085105438894,0.001998986533262017,0.6265602689131131,31.980575047782622,45.68998751055915,0.0,HMTD-MDE,44,case57,0.15
True,2,0.04,True,5,5,False,2,True,3.509214007931267e-06,0.007166243018604722,0.6265602689131131,31.138608252513222,42.52117469732186,0.0,HMTD-MDE,45,case57,0.15
True,34,-0.04,True,18,18,False,31,False,0.4285046243889258,0.028101143692263342,0.6265602689131131,30.56119579996448,51.61456703208387,0.0,HMTD-MDE,46,case57,0.15
True,14,-0.04,False,20,20,False,14,True,3.8671819781197796e-10,0.010722152701147406,0.6265602689131131,32.712056356831454,68.7988294987008,0.0,HMTD-MDE,47,case57,0.15
True,1,0.04,False,20,20,False,0,False,0.5859467450543254,0.35578407748015517,0.6265602689131131,27.957872999832034,38.97709760640283,0.0,HMTD-MDE,48,case57,0.15
True,34,-0.04,False,20,20,False,31,False,0.4249294027173783,0.026524905345663242,0.6265602689131131,28.412451944313943,40.375460090581335,0.0,HMTD-MDE,49,case57,0.15
True,40,-0.04,False,20,20,False,40,True,0.009110471001783305,0.015540462698215738,0.6265602689131131,30.103804302052595,51.24156939564274,0.0,HMTD-MDE,50,case57,0.15
True,27,-0.04,False,20,20,False,17,False,0.6025824937747325,0.14340398155161513,0.6265602689131131,27.185562549857423,38.92864972003736,0.0,HMTD-MDE,51,case57,0.15
True,44,-0.04,False,20,20,False,0,False,0.5912864266159691,0.37149474565930307,0.6265602689131131,31.803666747873645,60.93714795424603,0.0,HMTD-MDE,52,case57,0.15
True,1,0.04,False,20,20,False,0,False,0.6242973875597438,0.3356742431799675,0.6265602689131131,32.42623544938397,56.41308124468198,0.0,HMTD-MDE,53,case57,0.15
True,20,-0.04,True,4,4,False,20,True,0.2561486472561489,0.01261317251509239,0.6265602689131131,31.51145840238314,49.034404146368615,0.0,HMTD-MDE,54,case57,0.15
True,41,-0.04,True,1,1,False,55,False,0.01412878361934773,0.001972673367356848,0.6265602689131131,29.43509994947817,37.97233269142453,0.0,HMTD-MDE,55,case57,0.15
True,25,0.04,False,20,20,False,0,False,0.6460831911520091,0.30573144627740956,0.6265602689131131,31.814277099329047,52.722951796022265,0.0,HMTD-MDE,56,case57,0.15
True,33,0.04,False,20,20,False,0,False,0.6227772885511782,0.35650345757209106,0.6265602689131131,30.06764590390958,41.35168128123041,0.0,HMTD-MDE,57,case57,0.15
True,42,-0.04,False,20,20,False,42,True,0.08536279846967663,0.06412890982208856,0.6265602689131131,37.16259165084921,46.40253687393852,0.0,HMTD-MDE,58,case57,0.15
True,21,0.04,False,20,20,False,0,False,0.5961859425502957,0.3670432429720303,0.6265602689131131,31.863581150537357,44.01537259400358,0.0,HMTD-MDE,59,case57,0.15
True,36,-0.04,True,1,1,False,36,True,3.867180879721475e-10,0.0013935080137157999,0.6265602689131131,35.362906361115165,55.64080658077729,0.0,HMTD-MDE,60,case57,0.15
True,46,0.04,False,20,20,False,0,False,0.6180040228087562,0.3562499534401789,0.6265602689131131,34.758766647428274,48.27616490947549,0.0,HMTD-MDE,61,case57,0.15
True,56,0.04,False,20,20,False,38,False,0.17144160147016865,0.021288120381213294,0.6265602689131131,34.35290214547422,45.86055658292026,0.0,HMTD-MDE,62,case57,0.15
True,8,-0.04,True,1,1,False,8,True,3.8671819781197475e-10,0.0005030671795806873,0.6265602689131131,31.68211450392846,42.16119346092456,0.0,HMTD-MDE,63,case57,0.15
True,2,0.04,True,1,1,False,2,True,6.651349480051032e-08,0.007166245009928113,0.6265602689131131,32.354029145790264,43.74029788887129,0.0,HMTD-MDE,64,case57,0.15
True,43,0.04,True,6,6,False,43,True,0.1720307185685046,0.01386453679184469,0.6265602689131131,30.964020898682065,55.81830418377649,0.0,HMTD-MDE,65,case57,0.15
True,11,0.04,True,1,1,False,11,True,3.8671819781197475e-10,0.0005275231951491883,0.6265602689131131,31.235045861103572,50.2505336800823,0.0,HMTD-MDE,66,case57,0.15
True,7,0.04,False,20,20,False,7,True,1.311772139827578e-05,0.03468070409657095,0.6265602689131131,31.38852485571988,39.83164098463021,0.0,HMTD-MDE,67,case57,0.15
True,7,-0.04,False,20,20,False,7,True,6.874671145962775e-05,0.034683843899508834,0.6265602689131131,35.3160812985152,49.30282743007412,0.0,HMTD-MDE,68,case57,0.15
True,51,-0.04,False,20,20,False,51,True,0.31219926454531194,0.04943201757381033,0.6265602689131131,31.83420845598448,41.98031638225077,0.0,HMTD-MDE,69,case57,0.15
True,12,-0.04,True,1,1,False,12,True,3.8671819781197475e-10,0.00012058049498454505,0.6265602689131131,34.837266700924374,50.25800834409893,0.0,HMTD-MDE,70,case57,0.15
True,17,-0.04,False,20,20,False,17,True,0.25224029654592606,0.05345275077070084,0.6265602689131131,31.241712399059907,41.23033368086909,0.0,HMTD-MDE,71,case57,0.15
True,35,0.04,True,1,1,False,35,True,4.706299347474026e-10,0.0012793849570675473,0.6265602689131131,27.1889229567023,49.916219039005234,0.0,HMTD-MDE,72,case57,0.15
True,37,0.04,False,20,20,False,37,True,0.17158885018395859,0.013840670177548243,0.6265602689131131,30.177958248532377,39.99222913116682,0.0,HMTD-MDE,73,case57,0.15
True,11,0.04,True,1,1,False,11,True,3.8671819781197475e-10,0.0005275231951491883,0.6265602689131131,30.14014781510923,57.749618109664894,0.0,HMTD-MDE,74,case57,0.15
True,43,-0.04,False,20,20,False,37,False,0.17154602486276296,0.013838645542082077,0.6265602689131131,30.40400419558864,47.61124374344946,0.0,HMTD-MDE,75,case57,0.15
True,39,0.04,False,20,20,False,0,False,0.6260888635690764,0.34734929135915493,0.6265602689131131,33.70264999684878,48.23101806396153,0.0,HMTD-MDE,76,case57,0.15
True,41,-0.04,True,1,1,False,41,True,0.17042750964274028,0.0017054372246693985,0.6265602689131131,30.036489546182565,54.420264580403455,0.0,HMTD-MDE,77,case57,0.15
True,11,-0.04,True,1,1,False,11,True,3.8671819781197475e-10,0.0005275231951491883,0.6265602689131131,40.49988339829724,65.59662887593731,0.0,HMTD-MDE,78,case57,0.15
True,24,0.04,True,13,13,False,34,False,0.40718175187088895,0.022698896824559816,0.6265602689131131,31.354191651917066,61.08239343739115,0.0,HMTD-MDE,79,case57,0.15
True,26,-0.04,False,20,20,False,0,False,0.6190704793623633,0.3538218488874587,0.6265602689131131,32.978400005958974,39.269668763154186,0.0,HMTD-MDE,80,case57,0.15
True,37,0.04,False,20,20,False,43,False,0.17585156436075636,0.014146854016617078,0.6265602689131131,33.90382906072773,59.50679581728764,0.0,HMTD-MDE,81,case57,0.15
True,26,-0.04,False,20,20,False,0,False,0.6135253373151693,0.37455995120311836,0.6265602689131131,35.06915424950421,70.9507437364664,0.0,HMTD-MDE,82,case57,0.15
True,20,-0.04,True,3,3,False,20,True,0.25823612079472824,0.012871357972784105,0.6265602689131131,37.021512651699595,73.67220864689446,0.0,HMTD-MDE,83,case57,0.15
True,54,0.04,False,20,20,False,0,False,0.6165186401560964,0.3540485750402764,0.6265602689131131,29.112379244179465,46.906678826781,0.0,HMTD-MDE,84,case57,0.15
True,31,0.04,False,20,20,False,31,True,0.43178345799347556,0.03055036272716183,0.6265602689131131,38.530566747067496,52.92257978871933,0.0,HMTD-MDE,85,case57,0.15
True,28,0.04,False,20,20,False,28,True,0.13898954094983865,0.033282973222653056,0.6265602689131131,32.385762594640255,67.55929340433796,0.0,HMTD-MDE,86,case57,0.15
True,26,-0.04,False,20,20,False,0,False,0.6490797906176394,0.33283131789628706,0.6265602689131131,34.308964607771486,60.698323251563124,0.0,HMTD-MDE,87,case57,0.15
True,17,-0.04,False,20,20,False,0,False,0.6904696845396081,0.23480631689358927,0.6265602689131131,34.35471254342701,65.54302736185493,0.0,HMTD-MDE,88,case57,0.15
True,55,-0.04,True,1,1,False,55,True,0.047428154177733536,0.0019539650925017313,0.6265602689131131,37.69070224952884,97.22555652842857,0.0,HMTD-MDE,89,case57,0.15
True,11,0.04,True,1,1,False,11,True,3.8671819781197475e-10,0.0005275231951491883,0.6265602689131131,31.460695897112604,53.15472886140925,0.0,HMTD-MDE,90,case57,0.15
True,48,-0.04,True,1,1,False,48,True,3.8671808797186145e-10,0.004032292094244319,0.6265602689131131,29.505716759013012,40.65494023088834,0.0,HMTD-MDE,91,case57,0.15
True,50,-0.04,True,1,1,False,49,False,0.16283082646421662,0.015204886362836017,0.6265602689131131,28.78301875316538,40.61224137840329,0.0,HMTD-MDE,92,case57,0.15
True,53,-0.04,True,2,2,False,53,True,0.23901438972144662,0.007863821297853946,0.6265602689131131,27.136535447789356,40.01788815658075,0.0,HMTD-MDE,93,case57,0.15
True,43,0.04,True,9,9,False,43,True,0.1714570702425749,0.013834817192348116,0.6265602689131131,30.021848052274436,56.02925179409796,0.0,HMTD-MDE,94,case57,0.15
True,40,-0.04,True,4,4,False,40,True,0.0048527325873475285,0.015579298808352121,0.6265602689131131,35.48947084636893,70.84492087014951,0.0,HMTD-MDE,95,case57,0.15
True,10,-0.04,True,1,1,False,10,True,3.8671819781197475e-10,0.0012424510890462752,0.6265602689131131,27.7556353044929,37.55765235982837,0.0,HMTD-MDE,96,case57,0.15
True,14,0.04,True,15,15,False,14,True,3.867181703519506e-10,0.010722152701147408,0.6265602689131131,31.002545705996454,54.663575044833124,0.0,HMTD-MDE,97,case57,0.15
True,53,-0.04,True,1,1,False,53,True,0.2088739491664612,0.0064571294466658595,0.6265602689131131,28.211377051775344,59.51318605802954,0.0,HMTD-MDE,98,case57,0.15
True,49,-0.04,False,20,20,False,49,True,0.13932034769948792,0.0169200842318702,0.6265602689131131,34.49041455460247,56.817522272467635,0.0,HMTD-MDE,99,case57,0.15
True,56,0.04,True,6,6,False,38,False,0.17144160133163516,0.021288120373880507,0.6265602689131131,34.63180624821689,69.66962529986631,0.0,HMTD-MDE,100,case57,0.15
True,17,-0.04,False,20,20,False,18,False,0.3358901017471852,0.03262605112857965,0.6265602689131131,33.1644916877849,51.903653526096626,0.0,HMTD-MDE,101,case57,0.15
True,12,0.04,True,1,1,False,12,True,3.8671819781197475e-10,0.00012058049498454505,0.6265602689131131,28.533487507957034,55.61403128085658,0.0,HMTD-MDE,102,case57,0.15
True,48,-0.04,True,1,1,False,48,True,3.867180605118774e-10,0.00403229209424432,0.6265602689131131,32.99618325836491,65.0373663433129,0.0,HMTD-MDE,103,case57,0.15
True,31,0.04,False,20,20,False,31,True,0.4245824277392994,0.02683939094827561,0.6265602689131131,26.587479302543215,35.13331037538592,0.0,HMTD-MDE,104,case57,0.15
True,31,0.04,False,20,20,False,33,False,0.4461897889510441,0.0480538254400671,0.6265602689131131,35.782943753292784,66.8392874620622,0.0,HMTD-MDE,105,case57,0.15
True,41,-0.04,True,1,1,False,41,True,0.17133224210361264,0.0017206107038039008,0.6265602689131131,29.521208337973803,44.39718778012321,0.0,HMTD-MDE,106,case57,0.15
True,16,-0.04,False,20,20,False,0,False,0.584358476555767,0.3765625272318358,0.6265602689131131,31.343706246116195,53.390264516929165,0.0,HMTD-MDE,107,case57,0.15
True,20,0.04,True,10,10,False,20,True,0.20126829930734752,0.00931786659552987,0.6265602689131131,31.88061654218473,44.16369936079718,0.0,HMTD-MDE,108,case57,0.15
True,50,0.04,True,1,1,False,50,True,0.1608954069116815,0.011222148784042612,0.6265602689131131,33.76179360493552,66.31856461463033,0.0,HMTD-MDE,109,case57,0.15
True,17,0.04,False,20,20,False,17,True,0.2605542220701391,0.05334990290085421,0.6265602689131131,27.66267079859972,41.65552884514909,0.0,HMTD-MDE,110,case57,0.15
True,41,0.04,True,1,1,False,41,True,0.07466797908115104,0.001523100086368864,0.6265602689131131,32.14242309331894,54.94067532126794,0.0,HMTD-MDE,111,case57,0.15
True,15,0.04,False,20,20,False,0,False,0.6288051918530716,0.34671079121591086,0.6265602689131131,32.44576644501649,61.09794164949563,0.0,HMTD-MDE,112,case57,0.15
True,12,-0.04,True,1,1,False,12,True,3.8671819781197475e-10,0.00012058049498454505,0.6265602689131131,32.49023340467829,55.993140157079324,0.0,HMTD-MDE,113,case57,0.15
True,33,-0.04,False,20,20,False,0,False,0.6995754791425388,0.22280826413977772,0.6265602689131131,31.580870907055214,47.16456250753254,0.0,HMTD-MDE,114,case57,0.15
True,8,0.04,True,1,1,False,8,True,3.8671819781197475e-10,0.0005030671795806873,0.6265602689131131,31.444379198364917,52.46353541733698,0.0,HMTD-MDE,115,case57,0.15
True,16,-0.04,False,20,20,False,0,False,0.6151133021874436,0.351650184997777,0.6265602689131131,30.784856251557358,46.018766335328124,0.0,HMTD-MDE,116,case57,0.15
True,46,-0.04,False,20,20,False,0,False,0.5956103156249192,0.36620874235499734,0.6265602689131131,27.927456205361523,42.47832951077728,0.0,HMTD-MDE,117,case57,0.15
True,8,-0.04,True,1,1,False,8,True,3.8671819781197475e-10,0.0005030671795806873,0.6265602689131131,30.149743755464442,51.12564162991477,0.0,HMTD-MDE,118,case57,0.15
True,20,0.04,True,5,5,False,20,True,0.24826543355872013,0.011882719435249703,0.6265602689131131,31.468997898628004,47.4124916829169,0.0,HMTD-MDE,119,case57,0.15
True,52,-0.04,True,1,1,False,52,True,0.2509829609612118,0.008710664034108138,0.6265602689131131,31.300210245535713,50.51149019564037,0.0,HMTD-MDE,120,case57,0.15
True,9,-0.04,True,3,3,False,9,True,3.867181978119748e-10,0.008084136410972628,0.6265602689131131,30.185366605292074,52.761534819728716,0.0,HMTD-MDE,121,case57,0.15
True,21,0.04,False,20,20,False,0,False,0.588873457308971,0.36999287185233454,0.6265602689131131,32.4815417494392,46.24289405182941,0.0,HMTD-MDE,122,case57,0.15
True,43,0.04,True,1,1,False,43,True,0.1714623438215449,0.013835019706585286,0.6265602689131131,33.34340851288289,69.79121913609562,0.0,HMTD-MDE,123,case57,0.15
True,18,-0.04,True,9,9,False,18,True,0.29785090744171594,0.04127869571754648,0.6265602689131131,38.184643801650964,92.533445218578,0.0,HMTD-MDE,124,case57,0.15
True,38,-0.04,False,20,20,False,38,True,0.1714416009440448,0.02128812036521859,0.6265602689131131,29.926425172016025,40.01844614977018,0.0,HMTD-MDE,125,case57,0.15
True,47,-0.04,False,20,20,False,0,False,0.63993632339625,0.25795972891406227,0.6265602689131131,35.04554164537694,70.6642604462104,0.0,HMTD-MDE,126,case57,0.15
True,51,-0.04,False,20,20,False,51,True,0.24261857888592356,0.03986320821740978,0.6265602689131131,33.6560623080004,54.29919823654927,0.0,HMTD-MDE,127,case57,0.15
True,23,0.04,True,0,0,False,0,False,0.627892746418259,0.34656647994549467,0.6265602689131131,39.24539365398232,76.47852852824147,0.0,HMTD-MDE,128,case57,0.15
True,40,0.04,True,15,15,False,40,True,0.0068979915012036255,0.015560969515529984,0.6265602689131131,32.413541644928046,55.54948477947621,0.0,HMTD-MDE,129,case57,0.15
True,20,-0.04,True,1,1,False,19,False,0.20689288695083619,0.009523678834890057,0.6265602689131131,27.82206665724516,51.133549417136244,0.0,HMTD-MDE,130,case57,0.15
True,51,-0.04,False,20,20,False,51,True,0.14279759340331682,0.03435086125154769,0.6265602689131131,34.6587333449861,58.7295565463137,0.0,HMTD-MDE,131,case57,0.15
True,26,0.04,False,20,20,False,0,False,0.6055339295704527,0.3628512671283658,0.6265602689131131,29.58047069841996,41.70915141585285,0.0,HMTD-MDE,132,case57,0.15
True,43,-0.04,True,7,7,False,37,False,0.17218796291375343,0.01387386748653939,0.6265602689131131,30.983556344290264,51.458704506512746,0.0,HMTD-MDE,133,case57,0.15
True,54,-0.04,False,20,20,False,0,False,0.6030442083814056,0.3648856458690885,0.6265602689131131,32.47206659580115,59.84355240361766,0.0,HMTD-MDE,134,case57,0.15
True,32,0.04,False,20,20,False,0,False,0.6211160957589735,0.36563901720146785,0.6265602689131131,32.41285615367815,58.21761457191316,0.0,HMTD-MDE,135,case57,0.15
True,47,0.04,False,20,20,False,0,False,0.6618972467427839,0.30794534119741956,0.6265602689131131,29.750987447914667,40.6177413358819,0.0,HMTD-MDE,136,case57,0.15
True,51,0.04,True,2,2,False,51,True,0.17173207683817884,0.043650509643082355,0.6265602689131131,29.945462592877448,42.348487497656606,0.0,HMTD-MDE,137,case57,0.15
True,53,0.04,True,1,1,False,51,False,0.2707631492885876,0.013347882313872577,0.6265602689131131,30.457866698270664,45.56573896261399,0.0,HMTD-MDE,138,case57,0.15
True,54,0.04,False,20,20,False,45,False,0.5352253464270296,0.22864985304791732,0.6265602689131131,33.240193547680974,58.874631262733615,0.0,HMTD-MDE,139,case57,0.15
True,20,0.04,True,2,2,False,19,False,0.24750486104569316,0.011819760138845179,0.6265602689131131,32.89770208939444,65.25807465950496,0.0,HMTD-MDE,140,case57,0.15
True,52,0.04,True,1,1,False,53,False,0.2645725982772297,0.010189680197045145,0.6265602689131131,28.952402152935974,49.76883402850947,0.0,HMTD-MDE,141,case57,0.15
True,10,0.04,True,1,1,False,10,True,3.8671819781197475e-10,0.0012424510890462752,0.6265602689131131,32.49302290205378,61.31469196116086,0.0,HMTD-MDE,142,case57,0.15
True,12,-0.04,True,1,1,False,12,True,3.8671819781197475e-10,0.00012058049498454505,0.6265602689131131,32.10237919120118,51.73098540690263,0.0,HMTD-MDE,143,case57,0.15
True,10,0.04,True,1,1,False,10,True,3.8671819781197475e-10,0.0012424510890462752,0.6265602689131131,29.14358961279504,51.853323212708375,0.0,HMTD-MDE,144,case57,0.15
True,11,-0.04,True,1,1,False,11,True,3.8671819781197475e-10,0.0005275231951491883,0.6265602689131131,35.184877054416575,67.8301764826756,0.0,HMTD-MDE,145,case57,0.15
True,25,-0.04,False,20,20,False,0,False,0.6320476587939343,0.31526177989588766,0.6265602689131131,30.17794799816329,43.36591287865304,0.0,HMTD-MDE,146,case57,0.15
True,36,0.04,True,1,1,False,36,True,3.9364366751812533e-10,0.0013935080137156821,0.6265602689131131,31.449350048205815,43.704350022017046,0.0,HMTD-MDE,147,case57,0.15
True,44,-0.04,False,20,20,False,44,True,0.5438041954743444,0.2277359163265399,0.6265602689131131,31.934097810881212,65.55420595104808,0.0,HMTD-MDE,148,case57,0.15
True,24,0.04,True,7,7,False,34,False,0.40314232573446496,0.022418544640489094,0.6265602689131131,29.093095753341913,42.59913682471961,0.0,HMTD-MDE,149,case57,0.15
True,3,0.04,True,1,1,False,3,True,5.97577552171077e-10,0.005049005140694266,0.6265602689131131,41.50409380090423,87.30751665716525,0.0,HMTD-MDE,150,case57,0.15
True,42,0.04,False,20,20,False,42,True,3.761554027832636e-05,0.0481774171195763,0.6265602689131131,29.72533965948969,65.09371725551318,0.0,HMTD-MDE,151,case57,0.15
True,23,0.04,False,20,20,False,0,False,0.6570277692256521,0.2988163822054233,0.6265602689131131,32.049345795530826,54.76884999370668,0.0,HMTD-MDE,152,case57,0.15
True,45,0.04,False,20,20,False,45,True,0.0007052151911605304,0.031234443400340414,0.6265602689131131,31.455268553690985,55.24979725887533,0.0,HMTD-MDE,153,case57,0.15
True,24,-0.04,False,20,20,False,34,False,0.40228196492186746,0.022327364227297062,0.6265602689131131,27.763545798370615,41.28636636014563,0.0,HMTD-MDE,154,case57,0.15
True,22,-0.04,False,20,20,False,45,False,0.6370016834077195,0.2411517151618294,0.6265602689131131,30.81473734928295,48.74598124879413,0.0,HMTD-MDE,155,case57,0.15
True,23,0.04,False,20,20,False,0,False,0.584674442817141,0.37715154452331845,0.6265602689131131,33.690552148618735,54.10040031711106,0.0,HMTD-MDE,156,case57,0.15
True,54,0.04,False,20,20,False,54,True,0.46898388402959007,0.13236314928964393,0.6265602689131131,34.20130834565498,52.61267154419331,0.0,HMTD-MDE,157,case57,0.15
True,33,-0.04,False,20,20,False,0,False,0.6621139896970477,0.3336048160107925,0.6265602689131131,27.63841250562109,57.37170213833451,0.0,HMTD-MDE,158,case57,0.15
True,39,-0.04,False,20,20,False,0,False,0.5888150825043663,0.3704523699489987,0.6265602689131131,30.96118754183408,48.343937151366845,0.0,HMTD-MDE,159,case57,0.15
True,13,0.04,True,1,1,False,13,True,3.8671819781197475e-10,0.0004244116964367384,0.6265602689131131,27.024208244984038,35.00822924252134,0.0,HMTD-MDE,160,case57,0.15
True,38,0.04,False,20,20,False,38,True,0.17144160118646587,0.021288120372481206,0.6265602689131131,31.211035352316685,48.55673719139307,0.0,HMTD-MDE,161,case57,0.15
True,35,0.04,True,1,1,False,35,True,3.867180879719111e-10,0.0012793849570660442,0.6265602689131131,31.63018739433028,58.354840986430645,0.0,HMTD-MDE,162,case57,0.15
True,26,-0.04,False,20,20,False,0,False,0.6044773972170071,0.37574108553385144,0.6265602689131131,29.21833539439831,48.340060099144466,0.0,HMTD-MDE,163,case57,0.15
True,1,0.04,False,20,20,False,0,False,0.6071986667231248,0.374248652004704,0.6265602689131131,34.054072841536254,72.9397597402567,0.0,HMTD-MDE,164,case57,0.15
True,49,-0.04,False,20,20,False,50,False,0.20526033303868899,0.012715718264992154,0.6265602689131131,34.883100097067654,76.32053989800627,0.0,HMTD-MDE,165,case57,0.15
True,40,0.04,True,5,5,False,40,True,0.003598695567182987,0.015590112898114671,0.6265602689131131,28.70590615493711,44.53500385570806,0.0,HMTD-MDE,166,case57,0.15
True,40,0.04,False,20,20,False,40,True,0.005119137551013591,0.015576297011267224,0.6265602689131131,28.03621035127435,49.6857347112382,0.0,HMTD-MDE,167,case57,0.15
True,28,0.04,False,20,20,False,28,True,0.04307484013804944,0.029617814731885368,0.6265602689131131,33.627597949816845,62.94271670922172,0.0,HMTD-MDE,168,case57,0.15
True,38,0.04,False,20,20,False,38,True,0.1714416650816997,0.02128812299030402,0.6265602689131131,28.114914442994632,40.997910406440496,0.0,HMTD-MDE,169,case57,0.15
True,27,0.04,False,20,20,False,27,True,0.15636534483906556,0.04080801964663651,0.6265602689131131,30.49342074082233,45.90817290300038,0.0,HMTD-MDE,170,case57,0.15
True,30,-0.04,False,20,20,False,34,False,0.40217053655125373,0.02225541310613372,0.6265602689131131,30.622458353172988,53.67132704705001,0.0,HMTD-MDE,171,case57,0.15
True,31,-0.04,False,20,20,False,31,True,0.4377981634892509,0.041208843333399525,0.6265602689131131,32.4610249575926,54.04979962622749,0.0,HMTD-MDE,172,case57,0.15
True,27,0.04,False,20,20,False,27,True,0.2346288217903649,0.04705721043958093,0.6265602689131131,32.272768701659516,48.99878894502764,0.0,HMTD-MDE,173,case57,0.15
True,51,0.04,False,20,20,False,51,True,0.1951516668013418,0.03365910065451872,0.6265602689131131,34.18731255515013,58.89509616536088,0.0,HMTD-MDE,174,case57,0.15
True,28,0.04,False,20,20,False,28,True,0.054586387749575874,0.02990011789209058,0.6265602689131131,32.44398329698015,64.14555241935888,0.0,HMTD-MDE,175,case57,0.15
True,33,-0.04,False,20,20,False,0,False,0.6584978617338545,0.3075021671647127,0.6265602689131131,30.735204205848277,62.64046874130144,0.0,HMTD-MDE,176,case57,0.15
True,20,-0.04,True,4,4,False,20,True,0.2716469242272729,0.015374437192798884,0.6265602689131131,32.70848550600931,82.11895272543192,0.0,HMTD-MDE,177,case57,0.15
True,5,0.04,True,1,1,False,5,True,3.867181978119758e-10,0.002869766259089462,0.6265602689131131,25.762852106709033,37.61294196301606,0.0,HMTD-MDE,178,case57,0.15
True,38,0.04,False,20,20,False,38,True,0.1714416012784057,0.02128812037578674,0.6265602689131131,31.057173045701347,50.99265867320355,0.0,HMTD-MDE,179,case57,0.15
True,52,-0.04,True,1,1,False,53,False,0.2515450308073395,0.008757473196918372,0.6265602689131131,34.46402915578801,67.79060800618028,0.0,HMTD-MDE,180,case57,0.15
True,48,0.04,True,1,1,False,48,True,3.867180605118517e-10,0.00403229209424432,0.6265602689131131,27.738070700434037,52.417089510709054,0.0,HMTD-MDE,181,case57,0.15
True,32,-0.04,False,20,20,False,0,False,0.6141796957492428,0.3600897232187479,0.6265602689131131,24.846979143330827,30.971911066444594,0.0,HMTD-MDE,182,case57,0.15
True,48,0.04,True,1,1,False,48,True,3.8671808797199137e-10,0.004032292094244319,0.6265602689131131,28.33678949973546,56.115213921293616,0.0,HMTD-MDE,183,case57,0.15
True,48,0.04,True,1,1,False,48,True,3.8671808797186704e-10,0.004032292094244319,0.6265602689131131,26.351433346280828,48.13131079135929,0.0,HMTD-MDE,184,case57,0.15
True,5,0.04,True,1,1,False,5,True,4.6333915070429457e-10,0.0028697662590967546,0.6265602689131131,31.056566690676846,50.971575011499255,0.0,HMTD-MDE,185,case57,0.15
True,41,0.04,True,1,1,False,41,True,0.12159166056631887,0.001575059504231893,0.6265602689131131,33.50302264734637,67.3733294272097,0.0,HMTD-MDE,186,case57,0.15
True,29,-0.04,False,20,20,False,31,False,0.410631323361436,0.02392516652790041,0.6265602689131131,24.22731460246723,34.47679165692535,0.0,HMTD-MDE,187,case57,0.15
True,10,-0.04,True,1,1,False,10,True,3.8671819781197475e-10,0.0012424510890462752,0.6265602689131131,27.080449796631,38.164374642656206,0.0,HMTD-MDE,188,case57,0.15
True,13,0.04,True,1,1,False,13,True,3.8671819781197475e-10,0.0004244116964367384,0.6265602689131131,21.72604800434783,31.898162528523248,0.0,HMTD-MDE,189,case57,0.15
True,7,-0.04,False,20,20,False,7,True,0.0003739828377147036,0.03471676264202671,0.6265602689131131,27.8198604559293,49.058577115647495,0.0,HMTD-MDE,190,case57,0.15
True,34,-0.04,False,20,20,False,31,False,0.4127144373071815,0.023899951849705656,0.6265602689131131,28.62187509017531,47.93464821414091,0.0,HMTD-MDE,191,case57,0.15
True,23,-0.04,False,20,20,False,0,False,0.6286010410010161,0.34866709471953883,0.6265602689131131,17.587506110430695,21.255304143414836,0.0,HMTD-MDE,192,case57,0.15
True,22,-0.04,False,20,20,False,0,False,0.6156042964839502,0.3645645875779895,0.6265602689131131,28.819477153592743,46.40552980999929,0.0,HMTD-MDE,193,case57,0.15
True,53,-0.04,True,2,2,False,52,False,0.2506027660432695,0.008679447507254075,0.6265602689131131,18.22706664679572,23.34724407119211,0.0,HMTD-MDE,194,case57,0.15
True,40,0.04,True,9,9,False,40,True,0.0038395773003283623,0.015587445691999864,0.6265602689131131,30.879577138694003,48.34641940833536,0.0,HMTD-MDE,195,case57,0.15
True,4,-0.04,False,20,20,False,0,False,0.6374908427684994,0.3134645603062724,0.6265602689131131,19.11475645028986,22.92747740575578,0.0,HMTD-MDE,196,case57,0.15
True,23,0.04,False,20,20,False,0,False,0.6238346250751058,0.3498471270458565,0.6265602689131131,11.79392299382016,13.633469041087665,0.0,HMTD-MDE,197,case57,0.15
True,17,0.04,False,20,20,False,19,False,0.3166821863423842,0.019689589752294803,0.6265602689131131,22.66403960529715,32.82052705762908,0.0,HMTD-MDE,198,case57,0.15
True,28,0.04,False,20,20,False,28,True,0.16895937693432536,0.03642672479564445,0.6265602689131131,12.851593797677197,14.624345535412433,0.0,HMTD-MDE,199,case57,0.15
True,26,-0.04,True,2,2,False,25,False,0.17144160094426564,0.006082884963424346,0.5133468636919061,428.4098583419109,517.7915663516633,0.0,MS-HIDE,0,case57,0.15
True,49,-0.04,True,1,1,False,49,True,0.003579310188502531,0.0025490150152073683,0.43540686042370447,321.6045895504067,409.2269465181744,0.0,MS-HIDE,1,case57,0.15
True,53,-0.04,True,1,1,False,53,True,0.1714416009479924,0.0023943285316033857,0.4304283793678806,415.0384477485204,499.3893222068449,0.0,MS-HIDE,2,case57,0.15
True,37,0.04,True,2,2,False,43,False,0.17144160096126357,0.0024160830021530202,0.5203341984212165,317.03404791187495,375.10673780052457,0.0,MS-HIDE,3,case57,0.15
True,46,0.04,True,17,17,False,0,False,0.48755327343525273,0.325906313199311,0.507913629823336,304.2973167030141,362.2596104396507,0.0,MS-HIDE,4,case57,0.15
True,17,0.04,True,5,5,False,17,True,0.000681022947275722,0.003811239483839026,0.5096043972051276,422.0431562484009,470.8811339573018,0.0,MS-HIDE,5,case57,0.15
True,24,0.04,True,2,2,False,29,False,0.17144700394733126,0.0031749356257491515,0.6662981242855807,322.1580167475622,373.238875620882,0.0,MS-HIDE,6,case57,0.15
True,3,0.04,True,2,2,False,3,True,3.8671819781197475e-10,0.001647971732443759,0.46205676178317134,428.4258875006344,495.242779416732,0.0,MS-HIDE,7,case57,0.15
True,8,-0.04,True,1,1,False,8,True,3.8671819781197475e-10,0.0005195606806325235,0.3693247634686926,318.8016124535352,373.27933479391504,0.0,MS-HIDE,8,case57,0.15
True,22,0.04,False,20,20,False,17,False,0.39445968405238785,0.09124138469794466,0.49720209840117136,303.39710435073357,368.2173083361704,0.0,MS-HIDE,9,case57,0.15
True,29,-0.04,True,2,2,False,29,True,0.1714416009934159,0.003174932424717864,0.6690925426019667,421.80178125272505,494.70224202959946,0.0,MS-HIDE,10,case57,0.15
True,28,-0.04,True,1,1,False,28,True,3.867181428919181e-10,0.001205598988583353,0.5244297929414766,332.98911461024545,395.38922018837184,0.0,MS-HIDE,11,case57,0.15
True,8,0.04,True,1,1,False,8,True,3.8671819781197475e-10,0.00051956068021007,0.3709331976856428,410.2555541001493,511.7264833272214,0.0,MS-HIDE,12,case57,0.15
True,28,-0.04,True,1,1,False,28,True,3.867181428919184e-10,0.0012040439925826484,0.5053601945913737,305.3816291503608,380.5342794890749,0.0,MS-HIDE,13,case57,0.15
True,22,0.04,False,20,20,False,0,False,0.48300686562307327,0.32835213308275985,0.5592401157902511,295.8988040452823,383.02556905837264,0.0,MS-HIDE,14,case57,0.15
True,26,0.04,True,10,10,False,26,True,0.1714416009440448,0.006194345482382957,0.4958311846458286,438.88078950112686,498.527614897468,0.0,MS-HIDE,15,case57,0.15
True,40,-0.04,True,1,1,False,40,True,1.1716657284685859e-07,0.010778210598828192,0.4540825203338575,311.1721021035919,380.0879624875961,0.0,MS-HIDE,16,case57,0.15
True,1,-0.04,False,20,20,False,1,True,0.03072197502918213,0.06652417077118863,0.5273799318176016,406.2037708936259,524.255866656314,0.0,MS-HIDE,17,case57,0.15
True,37,-0.04,True,2,2,False,43,False,0.1714416009440448,0.0025209707936130277,0.5287802366145609,310.8136561466381,376.3300833496032,0.0,MS-HIDE,18,case57,0.15
True,42,-0.04,True,2,2,False,42,True,3.8671808797186145e-10,0.003215103811766962,0.5692312194318554,304.788906199974,391.5955478936667,0.0,MS-HIDE,19,case57,0.15
True,32,0.04,False,20,20,False,0,False,0.4645668955688196,0.32433824775819436,0.5636465308236873,431.7231292021461,520.8236035541647,0.0,MS-HIDE,20,case57,0.15
True,20,0.04,True,4,4,False,20,True,0.1714416009440448,0.0029086045477823837,0.4949823951484758,317.18601255561225,384.78771462687297,0.0,MS-HIDE,21,case57,0.15
True,46,0.04,False,20,20,False,0,False,0.49451226644621893,0.3175790886694479,0.5297121828169,400.2478728390997,472.2692996379932,0.0,MS-HIDE,22,case57,0.15
True,42,0.04,True,1,1,False,42,True,3.8671808797186145e-10,0.0032151038122222027,0.5634622827174329,318.85751874069683,386.0941809514771,0.0,MS-HIDE,23,case57,0.15
True,56,-0.04,True,3,3,False,38,False,0.17144160094404476,0.007432336708562268,0.560640801866669,311.4343146502506,408.9032893214608,0.0,MS-HIDE,24,case57,0.15
True,53,0.04,True,1,1,False,52,False,0.1714416009464561,0.0024023643940028674,0.410230524076861,315.64910209563095,380.7007270748727,0.0,MS-HIDE,25,case57,0.15
True,48,0.04,True,2,2,False,48,True,6.391817367929148e-10,0.0016782311397269588,0.5167809320008794,313.16105424484704,372.41825626406353,0.0,MS-HIDE,26,case57,0.15
True,24,-0.04,True,2,2,False,24,True,0.1714416010001242,0.0031749324253345828,0.6659665696457645,313.3354541932931,425.4467035585549,0.0,MS-HIDE,27,case57,0.15
True,20,0.04,True,1,1,False,19,False,0.1714416009440448,0.002921336716458574,0.5583041624235082,326.1645978986053,417.335539936903,0.0,MS-HIDE,28,case57,0.15
True,34,-0.04,True,3,3,False,34,True,3.880386648874097e-10,0.0032269262588699114,0.45943558136669876,318.8113271462498,386.86798366834415,0.0,MS-HIDE,29,case57,0.15
True,11,-0.04,True,1,1,False,11,True,3.8671819781197475e-10,0.0005931971725081524,0.36308886415372194,325.92592289147433,402.8307211905485,0.0,MS-HIDE,30,case57,0.15
True,38,0.04,True,11,11,False,56,False,0.1714416009440448,0.007432313240390064,0.5809801822674343,301.46771249128506,370.58908719045576,0.0,MS-HIDE,31,case57,0.15
True,32,0.04,False,20,20,False,0,False,0.5196044460988082,0.30524375902573253,0.5256259276924228,303.4344750456512,381.69593603233807,0.0,MS-HIDE,32,case57,0.15
True,15,-0.04,False,20,20,False,0,False,0.46001019948950084,0.3392401942285717,0.49033435624835187,322.0009355020011,414.48867532017175,0.0,MS-HIDE,33,case57,0.15
True,36,0.04,True,1,1,False,36,True,3.867180879719948e-10,0.0011689721838437233,0.3911215270284525,315.5877709505148,394.51972439419484,0.0,MS-HIDE,34,case57,0.15
True,26,0.04,True,5,5,False,26,True,0.1714416009440448,0.006149328386901201,0.5177317878830388,311.81736870494206,417.0916068891529,0.0,MS-HIDE,35,case57,0.15
True,28,0.04,True,1,1,False,28,True,3.867181428919181e-10,0.0012040439929879724,0.5201090497929683,310.4020021564793,378.93810174136894,0.0,MS-HIDE,36,case57,0.15
True,3,0.04,True,2,2,False,3,True,3.8671819781197475e-10,0.0016479717321472684,0.4765778431208774,319.6108562493464,390.32921038160566,0.0,MS-HIDE,37,case57,0.15
True,6,0.04,True,1,1,False,6,True,4.1660849725872455e-10,0.0013850797553207417,0.5521417864490432,308.31138955254573,384.055177049595,0.0,MS-HIDE,38,case57,0.15
True,51,-0.04,True,5,5,False,51,True,3.8671808797275207e-10,0.006233224228895042,0.49835818478335253,304.23795000242535,388.72027914912906,0.0,MS-HIDE,39,case57,0.15
True,17,0.04,True,6,6,False,17,True,0.005039197968376025,0.0038255597033541237,0.49392437670724904,308.56229154742323,389.4681020698045,0.0,MS-HIDE,40,case57,0.15
True,49,-0.04,True,2,2,False,49,True,3.8671808797218276e-10,0.0025190864979742654,0.4340812789592132,312.2327186516486,416.1085330153583,0.0,MS-HIDE,41,case57,0.15
True,19,-0.04,True,3,3,False,20,False,0.1714416009440448,0.0029089714152476702,0.5035389457279732,313.9227937470423,390.18179969862103,0.0,MS-HIDE,42,case57,0.15
True,31,0.04,True,2,2,False,31,True,0.029765934040383264,0.002991471523545092,0.40923429843035,296.2769813457271,367.4224128189963,0.0,MS-HIDE,43,case57,0.15
True,55,0.04,True,1,1,False,55,True,1.4600195220406712e-08,0.0013961078473326408,0.42926689315154565,313.0163938476471,389.6470312494785,0.0,MS-HIDE,44,case57,0.15
True,2,0.04,True,2,2,False,2,True,3.867181978119916e-10,0.0024538720170489167,0.5021408056593596,300.23614370438736,373.69991816522094,0.0,MS-HIDE,45,case57,0.15
True,34,-0.04,True,3,3,False,34,True,5.701232658423377e-10,0.003224164009740035,0.48026000540147823,319.3242687062593,384.8587119253353,0.0,MS-HIDE,46,case57,0.15
True,14,-0.04,True,2,2,False,14,True,3.867181978120033e-10,0.0020718805793250887,0.5908670622569265,323.9037270483095,407.04141697497107,0.0,MS-HIDE,47,case57,0.15
True,1,0.04,False,20,20,False,0,False,0.5037779920904972,0.2631713384257752,0.5842749786412662,305.35192289971747,373.64398125209846,0.0,MS-HIDE,48,case57,0.15
True,34,-0.04,True,2,2,False,34,True,3.867180879718857e-10,0.0032051482652912973,0.46245516775947293,302.7561625407543,405.0102728535421,0.0,MS-HIDE,49,case57,0.15
True,40,-0.04,True,14,14,False,40,True,8.764265559833942e-07,0.010794665409486127,0.5097111944420007,318.14275000360794,401.70174133381806,0.0,MS-HIDE,50,case57,0.15
True,27,-0.04,True,1,1,False,27,True,3.867181428919181e-10,0.0016718571285077653,0.5111408735245779,333.5611708491342,414.6256847452605,0.0,MS-HIDE,51,case57,0.15
True,44,-0.04,True,3,3,False,44,True,9.675972923313258e-05,0.005534350531050166,0.5202394109592012,314.53615419450216,370.4200880980353,0.0,MS-HIDE,52,case57,0.15
True,1,0.04,False,20,20,False,1,True,0.008189268931017632,0.043194698546214286,0.5055677196360749,329.64445410470944,398.1454211258097,0.0,MS-HIDE,53,case57,0.15
True,20,-0.04,True,1,1,False,19,False,0.1714416009440448,0.0029115775475110376,0.5043296353204775,308.77583550463896,395.79616248665843,0.0,MS-HIDE,54,case57,0.15
True,41,-0.04,True,1,1,False,41,True,6.395129792824052e-10,0.0010054493082295372,0.36898161277692004,308.3312833943637,399.41482705762616,0.0,MS-HIDE,55,case57,0.15
True,25,0.04,True,10,10,False,25,True,0.1714416009440448,0.006164363087487122,0.49363976327354736,326.70963529963046,403.6527874850435,0.0,MS-HIDE,56,case57,0.15
True,33,0.04,True,7,7,False,33,True,5.8714848852978075e-05,0.01971375495852953,0.4497656381252748,298.10066469945014,382.22287771641277,0.0,MS-HIDE,57,case57,0.15
True,42,-0.04,True,1,1,False,42,True,3.8671808797186145e-10,0.0032151038122222027,0.5634622827174329,311.87613969959784,374.5331476122374,0.0,MS-HIDE,58,case57,0.15
True,21,0.04,False,20,20,False,0,False,0.47766461674381544,0.31520165303204956,0.5437282531150862,297.087812400423,373.46966397599317,0.0,MS-HIDE,59,case57,0.15
True,36,-0.04,True,1,1,False,36,True,3.885627626491068e-10,0.0011689721803019044,0.3864907820620791,311.74847084621433,380.06471488042735,0.0,MS-HIDE,60,case57,0.15
True,46,0.04,False,20,20,False,0,False,0.525976871044613,0.29006914726730637,0.534094821490741,284.162712606485,347.36625241930597,0.0,MS-HIDE,61,case57,0.15
True,56,0.04,True,7,7,False,56,True,0.17144160094404476,0.007432291548669737,0.5562899939613327,333.33440430869814,437.86597561556846,0.0,MS-HIDE,62,case57,0.15
True,8,-0.04,True,2,2,False,8,True,3.8671819781197475e-10,0.0005195606807633493,0.3627622866283642,283.35893740004394,410.22443301044405,0.0,MS-HIDE,63,case57,0.15
True,2,0.04,True,1,1,False,2,True,3.8671819781198685e-10,0.0024538720169869892,0.5064068172987926,309.43178325833287,376.5052378323162,0.0,MS-HIDE,64,case57,0.15
True,43,0.04,True,1,1,False,37,False,0.17144160095843677,0.0024214403328993985,0.5180561614653584,325.6393874529749,456.7178166966187,0.0,MS-HIDE,65,case57,0.15
True,11,0.04,True,1,1,False,11,True,3.8671819781197475e-10,0.0005931971731876904,0.35787503330893655,292.5348938588286,384.6073146269191,0.0,MS-HIDE,66,case57,0.15
True,7,0.04,False,20,20,False,7,True,3.867181978119834e-10,0.01961980913514195,0.47577711285877433,308.84591020003427,395.4486496455502,0.0,MS-HIDE,67,case57,0.15
True,7,-0.04,False,20,20,False,7,True,1.1385612117929804e-09,0.019536676434805673,0.5436009929126611,315.3920686483616,402.1562268200796,0.0,MS-HIDE,68,case57,0.15
True,51,-0.04,True,4,4,False,51,True,3.9538816346700717e-10,0.0061920162475126665,0.48287443994090284,250.0329437025357,314.72441217338206,0.0,MS-HIDE,69,case57,0.15
True,12,-0.04,True,1,1,False,12,True,3.8671819781197475e-10,0.0004898550651757037,0.2896394669878182,300.76820430113,396.60046457720455,0.0,MS-HIDE,70,case57,0.15
True,17,-0.04,True,4,4,False,17,True,0.012763595249881143,0.003837918966909505,0.5102233174047305,312.7956207987154,391.8732604419347,0.0,MS-HIDE,71,case57,0.15
True,35,0.04,True,1,1,False,35,True,3.8671808797186145e-10,0.0008405664334699184,0.4137906887798981,305.10778960597236,399.4289089809172,0.0,MS-HIDE,72,case57,0.15
True,37,0.04,True,1,1,False,37,True,0.17144160103581182,0.002421422384848671,0.5224617918291306,316.2999812455382,386.38989612518344,0.0,MS-HIDE,73,case57,0.15
True,11,0.04,True,1,1,False,11,True,3.8671819781197475e-10,0.0005931971734728878,0.37040070082038823,265.50773335038684,354.00503960845526,0.0,MS-HIDE,74,case57,0.15
True,43,-0.04,True,1,1,False,37,False,0.1714416009495869,0.0024168445827814408,0.5260333347364693,312.3212414997397,391.36728751473134,0.0,MS-HIDE,75,case57,0.15
True,39,0.04,True,5,5,False,39,True,3.8682116989690063e-10,0.005652736647556612,0.5118409443800763,260.40084364649374,353.64686808316037,0.0,MS-HIDE,76,case57,0.15
True,41,-0.04,True,2,2,False,41,True,4.3657780001767553e-10,0.0010054493081499479,0.36558939335169455,297.4599250621395,346.22677117877174,0.0,MS-HIDE,77,case57,0.15
True,11,-0.04,True,1,1,False,11,True,3.8671819781197475e-10,0.0005931971729768775,0.3693247634686926,276.20884800562635,330.6718003761489,0.0,MS-HIDE,78,case57,0.15
True,24,0.04,True,1,1,False,24,True,0.17144160094920596,0.003176395257754011,0.654885777899638,264.7962957038544,312.6912083389471,0.0,MS-HIDE,79,case57,0.15
True,26,-0.04,True,1,1,False,25,False,0.1714416009440448,0.006104617516006988,0.49140209130683604,291.7258335452061,391.5889812575188,0.0,MS-HIDE,80,case57,0.15
True,37,0.04,True,1,1,False,37,True,0.1714416010159146,0.002416069584350263,0.5207368952282813,263.68753539572936,324.0130413760198,0.0,MS-HIDE,81,case57,0.15
True,26,-0.04,True,3,3,False,25,False,0.1714416009440448,0.006216890067094687,0.5069723697475903,292.73799589136615,370.65051910176413,0.0,MS-HIDE,82,case57,0.15
True,20,-0.04,True,2,2,False,20,True,0.1714416009440448,0.002919137422697508,0.49237847343449875,257.9526521003572,324.98449854028877,0.0,MS-HIDE,83,case57,0.15
True,54,0.04,True,1,1,False,54,True,4.4525692516747086e-10,0.002915960766813616,0.6458233269052098,251.6960729524726,314.381417259574,0.0,MS-HIDE,84,case57,0.15
True,31,0.04,True,2,2,False,31,True,0.012520193812587775,0.0030103720215432584,0.40679494581108017,276.1721272545401,336.4277190645226,0.0,MS-HIDE,85,case57,0.15
True,28,0.04,True,1,1,False,28,True,3.867181428919181e-10,0.001204048447980638,0.515432962442273,273.60436449816916,378.95128512755036,0.0,MS-HIDE,86,case57,0.15
True,26,-0.04,True,2,2,False,25,False,0.1714416009440448,0.00622506359513816,0.49718171828008484,273.15851244784426,330.1173643092625,0.0,MS-HIDE,87,case57,0.15
True,17,-0.04,True,4,4,False,17,True,0.014757356769284066,0.003843683458731401,0.46827842990185153,266.3606396992691,325.57776491157716,0.0,MS-HIDE,88,case57,0.15
True,55,-0.04,True,1,1,False,55,True,5.848629372267342e-09,0.0013956395548093592,0.41837007343296057,273.94268954521976,353.1634211132769,0.0,MS-HIDE,89,case57,0.15
True,11,0.04,True,1,1,False,11,True,3.8671819781197475e-10,0.0005931971730388325,0.35659830867090647,274.4628791959258,387.27857081103144,0.0,MS-HIDE,90,case57,0.15
True,48,-0.04,True,3,3,False,48,True,3.8671808797186145e-10,0.0018171001203424104,0.5185965083862105,263.3308229414979,329.6885860443581,0.0,MS-HIDE,91,case57,0.15
True,50,-0.04,True,3,3,False,50,True,3.867180879718942e-10,0.002363480836664617,0.44203270787860627,262.1709166560322,328.5545622173231,0.0,MS-HIDE,92,case57,0.15
True,53,-0.04,True,2,2,False,53,True,0.1714416009440448,0.0024065568165074543,0.4168289277870012,257.807862458867,335.87361844838597,0.0,MS-HIDE,93,case57,0.15
True,43,0.04,True,3,3,False,43,True,0.17144246599007018,0.002453971413576805,0.5165804160019002,263.3716792508494,337.9744354460854,0.0,MS-HIDE,94,case57,0.15
True,40,-0.04,False,20,20,False,40,True,2.919741875064277e-07,0.010781419432022314,0.4774419512752581,265.5695708061103,345.066247950308,0.0,MS-HIDE,95,case57,0.15
True,10,-0.04,True,1,1,False,10,True,3.8671819781197475e-10,0.001201828237875235,0.37280359496555376,265.8138228027383,364.1380434622988,0.0,MS-HIDE,96,case57,0.15
True,14,0.04,True,2,2,False,14,True,3.8671819781197475e-10,0.002083297135192016,0.5636583689082151,266.02933324465994,321.9562059472083,0.0,MS-HIDE,97,case57,0.15
True,53,-0.04,True,1,1,False,52,False,0.1714416009440448,0.002399345134268196,0.4515518462198175,260.8786894910736,315.4347604024224,0.0,MS-HIDE,98,case57,0.15
True,49,-0.04,True,3,3,False,49,True,4.2405374164489953e-10,0.0025190864983526493,0.42951800839929605,283.4634185943287,383.3567399298772,0.0,MS-HIDE,99,case57,0.15
True,56,0.04,True,6,6,False,38,False,0.1714416009440448,0.007432289485235932,0.558769283354706,263.38313955056947,344.6930642821826,0.0,MS-HIDE,100,case57,0.15
True,17,-0.04,True,5,5,False,17,True,0.005259143596978651,0.0038171159491264136,0.482705371269387,250.27555820124692,314.58426181343384,0.0,MS-HIDE,101,case57,0.15
True,12,0.04,True,1,1,False,12,True,3.8671819781197475e-10,0.0004898550651726738,0.29019663370979665,274.93688960385043,350.888212810969,0.0,MS-HIDE,102,case57,0.15
True,48,-0.04,True,2,2,False,48,True,4.1275093577908267e-10,0.001678231138981852,0.5369313316829127,268.5557772027096,338.17401638661977,0.0,MS-HIDE,103,case57,0.15
True,31,0.04,True,2,2,False,31,True,0.004007191942788545,0.002985166860203379,0.4142417957881455,265.7878835045267,380.55450448591733,0.0,MS-HIDE,104,case57,0.15
True,31,0.04,True,1,1,False,30,False,0.02790013875882656,0.0031839942534226968,0.4310509600944661,281.67156660347246,349.8197642649757,0.0,MS-HIDE,105,case57,0.15
True,41,-0.04,True,1,1,False,41,True,4.9962137951685e-10,0.001005473422631679,0.3715817519405364,267.0034354465315,324.8179187386995,0.0,MS-HIDE,106,case57,0.15
True,16,-0.04,False,20,20,False,0,False,0.44868958025497496,0.3326150045372556,0.5844293110562307,261.20047694130335,323.14261847350286,0.0,MS-HIDE,107,case57,0.15
True,20,0.04,True,1,1,False,20,True,0.1714416009440448,0.0029081008928050467,0.5004874548274467,259.607829147717,331.31700450030627,0.0,MS-HIDE,108,case57,0.15
True,50,0.04,True,4,4,False,50,True,3.8671808797206484e-10,0.00236348083657616,0.4524142796547018,260.08141055644955,319.79261844535364,0.0,MS-HIDE,109,case57,0.15
True,17,0.04,True,4,4,False,17,True,0.0009166294774240956,0.00380889189323552,0.5057553490521947,273.6266123043606,366.8086041521747,0.0,MS-HIDE,110,case57,0.15
True,41,0.04,True,1,1,False,41,True,3.8671808797234685e-10,0.0010054493076538497,0.3762694527602316,269.2596104927361,347.27007352921646,0.0,MS-HIDE,111,case57,0.15
True,15,0.04,False,20,20,False,0,False,0.44973447870257155,0.33416948498206267,0.5585425343213899,267.9800186975626,321.6960416117218,0.0,MS-HIDE,112,case57,0.15
True,12,-0.04,True,1,1,False,12,True,3.8671819781197475e-10,0.0004898550651757037,0.2896394669878182,261.89237703802064,331.63532461621804,0.0,MS-HIDE,113,case57,0.15
True,33,-0.04,False,20,20,False,33,True,6.187750387155691e-05,0.020036804116293643,0.47639513949999274,268.0440043070121,336.90025382093154,0.0,MS-HIDE,114,case57,0.15
True,8,0.04,True,1,1,False,8,True,3.8671819781197475e-10,0.0005195606805279519,0.35678276729964387,265.7632833928801,328.95038161077537,0.0,MS-HIDE,115,case57,0.15
True,16,-0.04,False,20,20,False,16,True,0.09979302566750266,0.11699724203415453,0.5874781134485828,268.80491044721566,345.55068362969905,0.0,MS-HIDE,116,case57,0.15
True,46,-0.04,False,20,20,False,0,False,0.513574318334423,0.3225314279894259,0.5498477722404769,264.09405839513056,311.8309767334722,0.0,MS-HIDE,117,case57,0.15
True,8,-0.04,True,1,1,False,8,True,3.8671819781197475e-10,0.0005195606802327018,0.36607995767188006,269.20043320569675,343.97474545985466,0.0,MS-HIDE,118,case57,0.15
True,20,0.04,True,1,1,False,20,True,0.1714416009440448,0.0029023535378289497,0.5198757982387127,270.8138666494051,337.87317322567105,0.0,MS-HIDE,119,case57,0.15
True,52,-0.04,True,1,1,False,53,False,0.17144160094404476,0.002458162092162249,0.4227136364821783,261.5940374467755,319.03115001623524,0.0,MS-HIDE,120,case57,0.15
True,9,-0.04,True,4,4,False,9,True,3.8671819781197475e-10,0.006866470730962377,0.4131942651172181,261.7861144070048,331.545005631051,0.0,MS-HIDE,121,case57,0.15
True,21,0.04,False,20,20,False,0,False,0.4635122656322598,0.32827484803392987,0.5520011723858986,264.7008457919583,341.5358103986364,0.0,MS-HIDE,122,case57,0.15
True,43,0.04,True,1,1,False,37,False,0.17144340626616386,0.002416176563633911,0.5152384332067311,274.67191249888856,339.67761215171777,0.0,MS-HIDE,123,case57,0.15
True,18,-0.04,True,7,7,False,18,True,0.0032967860609299407,0.0060184546050012855,0.4835924685757501,281.23252910445444,367.4291187693598,0.0,MS-HIDE,124,case57,0.15
True,38,-0.04,True,7,7,False,38,True,0.17144160094404476,0.007432741563351591,0.5666779163926225,256.76318755431566,308.34588542347774,0.0,MS-HIDE,125,case57,0.15
True,47,-0.04,False,20,20,False,0,False,0.4679652853966574,0.3299779147546155,0.525427088286903,245.2733291022014,303.47187853767537,0.0,MS-HIDE,126,case57,0.15
True,51,-0.04,True,4,4,False,51,True,2.615415384039258e-09,0.006192016351927044,0.4747070145156338,263.7761812948156,325.9080544434255,0.0,MS-HIDE,127,case57,0.15
True,23,0.04,True,0,0,False,0,False,0.5281731139880721,0.29727276547544396,0.5320204035723047,287.2216645948356,446.125597981154,0.0,MS-HIDE,128,case57,0.15
True,40,0.04,True,15,15,False,40,True,1.5912280752474724e-05,0.010772066555074091,0.4597417434085542,263.51265830453485,328.09521185117774,0.0,MS-HIDE,129,case57,0.15
True,20,-0.04,True,1,1,False,19,False,0.1714416009440448,0.0029475719926100683,0.5322974000014591,262.099606404081,329.988393408712,0.0,MS-HIDE,130,case57,0.15
True,51,-0.04,True,3,3,False,51,True,1.5838656207505407e-08,0.006192016190544022,0.4784636626994935,252.6803062937688,307.6314128440572,0.0,MS-HIDE,131,case57,0.15
True,26,0.04,True,2,2,False,25,False,0.17144160096087435,0.00610498683336111,0.5146149315259635,262.95393534819596,346.34804970410187,0.0,MS-HIDE,132,case57,0.15
True,43,-0.04,True,1,1,False,37,False,0.17144160095646238,0.002454100543700267,0.5245296987146839,264.67176885635126,338.0733919737395,0.0,MS-HIDE,133,case57,0.15
True,54,-0.04,True,2,2,False,54,True,0.007966082981713809,0.002936782152446639,0.6683838355543987,276.1208207986783,360.1207398605766,0.0,MS-HIDE,134,case57,0.15
True,32,0.04,False,20,20,False,0,False,0.4728437205694454,0.33054284817325963,0.5160499502826562,255.81783320812974,308.67968296515755,0.0,MS-HIDE,135,case57,0.15
True,47,0.04,False,20,20,False,0,False,0.4855323797725924,0.267866427471609,0.5464004911228404,255.17773544415834,329.7748318640515,0.0,MS-HIDE,136,case57,0.15
True,51,0.04,True,2,2,False,51,True,1.043798116870234e-08,0.006483878865512206,0.5027504594405459,245.12495425587986,296.70666222518776,0.0,MS-HIDE,137,case57,0.15
True,53,0.04,True,1,1,False,52,False,0.1714416009440448,0.002399088115478178,0.46116578031498867,256.4943897043122,310.7452673197258,0.0,MS-HIDE,138,case57,0.15
True,54,0.04,True,3,3,False,54,True,4.798029128211239e-10,0.0029159123450706328,0.640694709488655,257.7641541516641,319.64035894488916,0.0,MS-HIDE,139,case57,0.15
True,20,0.04,True,2,2,False,19,False,0.1714416009440448,0.0028993096968240244,0.5464851827507898,259.6949833940016,330.5959148827242,0.0,MS-HIDE,140,case57,0.15
True,52,0.04,True,1,1,False,53,False,0.17144160094646407,0.002430688162218665,0.43287678629748627,267.2264126071241,350.4897854581941,0.0,MS-HIDE,141,case57,0.15
True,10,0.04,True,1,1,False,10,True,3.8671819781197475e-10,0.001201947346318968,0.3890573887390409,261.84429170098156,342.0339895383222,0.0,MS-HIDE,142,case57,0.15
True,12,-0.04,True,1,1,False,12,True,3.8671819781197475e-10,0.0004898550651757037,0.2896394669878182,273.68381450360175,330.3527479292825,0.0,MS-HIDE,143,case57,0.15
True,10,0.04,True,1,1,False,10,True,3.8671819781197475e-10,0.0012017929724463202,0.39055484267199125,274.0896478993818,339.3896958004916,0.0,MS-HIDE,144,case57,0.15
True,11,-0.04,True,1,1,False,11,True,3.8671819781197475e-10,0.0005931971729520436,0.37245952251776493,263.0375770502724,316.0582472657552,0.0,MS-HIDE,145,case57,0.15
True,25,-0.04,True,1,1,False,26,False,0.17144160094452596,0.006086050181947191,0.47871604545915536,271.7070687649539,328.8141416793224,0.0,MS-HIDE,146,case57,0.15
True,36,0.04,True,1,1,False,36,True,3.897964556354137e-10,0.0011689721802456714,0.3925126477231957,268.34865215350874,333.73494854022283,0.0,MS-HIDE,147,case57,0.15
True,44,-0.04,True,3,3,False,44,True,3.5831997039828834e-08,0.005534710580534345,0.5149271284777558,264.01201894914266,324.2889318615198,0.0,MS-HIDE,148,case57,0.15
True,24,0.04,True,1,1,False,29,False,0.17144160095756805,0.003176348330172805,0.6433703658293017,259.80993544799276,317.9612232168438,0.0,MS-HIDE,149,case57,0.15
True,3,0.04,True,1,1,False,3,True,3.8671819781197475e-10,0.001647971780475371,0.47880201375614784,264.57334794686176,302.6796396152349,0.0,MS-HIDE,150,case57,0.15
True,42,0.04,True,2,2,False,42,True,3.8671808797186145e-10,0.003215103812093237,0.5554412691291204,260.5829292006092,325.018850385095,0.0,MS-HIDE,151,case57,0.15
True,23,0.04,False,20,20,False,0,False,0.5247207610177032,0.32763824801056896,0.5323321515350106,263.71536480728537,315.2617708401522,0.0,MS-HIDE,152,case57,0.15
True,45,0.04,True,3,3,False,45,True,3.8671808797186145e-10,0.0036158739184796364,0.5095123320396021,257.80074355425313,317.5967579998542,0.0,MS-HIDE,153,case57,0.15
True,24,-0.04,True,1,1,False,24,True,0.17144160096700736,0.003174932424653135,0.6627059923060161,266.52894995058887,347.2690583264921,0.0,MS-HIDE,154,case57,0.15
True,22,-0.04,False,20,20,False,0,False,0.5227050688670926,0.31700937137151586,0.4980590939854834,270.75990405282937,330.1545021007769,0.0,MS-HIDE,155,case57,0.15
True,23,0.04,False,20,20,False,0,False,0.4741817879191285,0.32867963323777577,0.49829192979424386,265.51447080273647,372.4321580113611,0.0,MS-HIDE,156,case57,0.15
True,54,0.04,True,2,2,False,54,True,4.563303219506535e-10,0.0029736689891438654,0.6666017642677334,264.86369379854295,314.4218274217565,0.0,MS-HIDE,157,case57,0.15
True,33,-0.04,False,20,20,False,33,True,3.405027706386047e-05,0.02374289968935422,0.5094185796739569,256.82438319781795,318.8929934287444,0.0,MS-HIDE,158,case57,0.15
True,39,-0.04,True,2,2,False,39,True,3.867180879719114e-10,0.0053879390003117094,0.5092157697880488,264.55588119861204,330.66631279943977,0.0,MS-HIDE,159,case57,0.15
True,13,0.04,True,1,1,False,13,True,3.8671819781197475e-10,0.0005543372194306523,0.28632010636839283,266.5172395994887,325.05692465929314,0.0,MS-HIDE,160,case57,0.15
True,38,0.04,True,4,4,False,56,False,0.17144160094404476,0.007432290387496749,0.5640194494394114,263.6339104064973,331.8500517576467,0.0,MS-HIDE,161,case57,0.15
True,35,0.04,True,1,1,False,35,True,3.8671808797186145e-10,0.0008405664349177474,0.39916214330033883,268.7555687472923,326.7074499948649,0.0,MS-HIDE,162,case57,0.15
True,26,-0.04,True,2,2,False,26,True,0.17144160094404481,0.006123538220477368,0.49006298283565525,270.70539799460676,318.80103542644065,0.0,MS-HIDE,163,case57,0.15
True,1,0.04,False,20,20,False,1,True,0.002878742941077254,0.03816884823093205,0.505635605170078,277.21497279417235,340.88018329057377,0.0,MS-HIDE,164,case57,0.15
True,49,-0.04,True,4,4,False,49,True,3.867180879722866e-10,0.0025190864979701766,0.4406334925771789,262.33089779270813,305.48469788918743,0.0,MS-HIDE,165,case57,0.15
True,40,0.04,True,5,5,False,40,True,3.161312474560043e-08,0.010785846156464681,0.5130380810439198,269.9889499985147,328.50489162956364,0.0,MS-HIDE,166,case57,0.15
True,40,0.04,True,4,4,False,40,True,0.00010668144412552235,0.010855473854291933,0.5032113181591826,269.6271080960287,332.2707079758402,0.0,MS-HIDE,167,case57,0.15
True,28,0.04,True,1,1,False,28,True,3.867181428919181e-10,0.0012040439929849253,0.49733918100306124,266.8360334006138,339.86877435527276,0.0,MS-HIDE,168,case57,0.15
True,38,0.04,True,11,11,False,38,True,0.17144160094404476,0.007433167824269555,0.5524648667789019,262.5525415001903,329.6389957948123,0.0,MS-HIDE,169,case57,0.15
True,27,0.04,True,1,1,False,27,True,3.867181428919807e-10,0.0016292784602007194,0.5251252425317016,273.7408437067643,325.24398606037727,0.0,MS-HIDE,170,case57,0.15
True,30,-0.04,True,3,3,False,30,True,0.0017565712683463033,0.0031870337039856364,0.4302205272504114,275.6513209431432,336.0839273809688,0.0,MS-HIDE,171,case57,0.15
True,31,-0.04,True,2,2,False,31,True,0.02950956394164006,0.0030462377175079726,0.4070787331336356,261.5336519025732,326.9541079760529,0.0,MS-HIDE,172,case57,0.15
True,27,0.04,True,1,1,False,27,True,3.867181428919287e-10,0.0016322465061572359,0.5386643971222809,269.74515839247033,344.83717049588455,0.0,MS-HIDE,173,case57,0.15
True,51,0.04,True,5,5,False,51,True,3.9244266011957723e-10,0.006197335797039444,0.5022161615724058,263.6419938033214,358.0514437693637,0.0,MS-HIDE,174,case57,0.15
True,28,0.04,True,1,1,False,28,True,3.867181428919181e-10,0.0012040439930438432,0.5059173613133522,272.16792495164555,319.3207538453862,0.0,MS-HIDE,175,case57,0.15
True,33,-0.04,True,12,12,False,33,True,0.0001853180815995548,0.022918854952376867,0.46072001863858203,262.08123969554435,318.20319200051017,0.0,MS-HIDE,176,case57,0.15
True,20,-0.04,True,1,1,False,20,True,0.1714416009440448,0.0029306451618615185,0.5369291567251662,273.61472280172165,326.33608572068624,0.0,MS-HIDE,177,case57,0.15
True,5,0.04,True,2,2,False,5,True,3.8671819781202413e-10,0.001593213275058601,0.5481611472453843,268.80311670247465,356.71785483718855,0.0,MS-HIDE,178,case57,0.15
True,38,0.04,True,7,7,False,38,True,0.1714416009440448,0.0074322909422936435,0.5602174769206204,246.41442914144136,302.46855418081395,0.0,MS-HIDE,179,case57,0.15
True,52,-0.04,True,1,1,False,52,True,0.1714416009440448,0.002456736945634355,0.4506322784497804,259.9847208010033,305.1312330062501,0.0,MS-HIDE,180,case57,0.15
True,48,0.04,True,3,3,False,48,True,3.933290268122692e-10,0.001678231139291455,0.5232589676637799,272.73822290007956,349.99246279767254,0.0,MS-HIDE,181,case57,0.15
True,32,-0.04,False,20,20,False,0,False,0.47875069277374105,0.322663556906658,0.521017670142677,261.4402978506405,311.8500273791142,0.0,MS-HIDE,182,case57,0.15
True,48,0.04,True,2,2,False,48,True,5.218017388992199e-10,0.0016782311390421368,0.5278365841974597,278.8582833658438,369.69686701195315,0.0,MS-HIDE,183,case57,0.15
True,48,0.04,True,1,1,False,48,True,1.1629863667122427e-09,0.0016782311399179753,0.5121598289793386,183.91442910651676,268.14330799970776,0.0,MS-HIDE,184,case57,0.15
True,5,0.04,True,1,1,False,5,True,3.86718197812006e-10,0.0015932132752330354,0.5512818756685612,272.10075430048164,357.95140237314627,0.0,MS-HIDE,185,case57,0.15
True,41,0.04,True,1,1,False,41,True,3.883369936478343e-10,0.0010054493076551182,0.3861635332964162,249.9591376486933,347.574093771982,0.0,MS-HIDE,186,case57,0.15
True,29,-0.04,True,2,2,False,24,False,0.1714416009440448,0.0033734898330667978,0.653984342180614,263.87262915377505,332.59921218268573,0.0,MS-HIDE,187,case57,0.15
True,10,-0.04,True,1,1,False,10,True,3.8671819781197475e-10,0.0012018201936610125,0.3798917616539803,254.03425614058506,344.47013959288597,0.0,MS-HIDE,188,case57,0.15
True,13,0.04,True,1,1,False,13,True,3.867181978119748e-10,0.0005543372193715222,0.28685260323364736,137.98005634744186,182.90017351973802,0.0,MS-HIDE,189,case57,0.15
True,7,-0.04,False,20,20,False,7,True,1.393685251513265e-09,0.019367041635119823,0.4994470692767282,261.9761582551291,329.278443788644,0.0,MS-HIDE,190,case57,0.15
True,34,-0.04,True,3,3,False,34,True,3.8671808797186145e-10,0.003327931615066342,0.49365809383752624,181.05999380350113,252.78447328309994,0.0,MS-HIDE,191,case57,0.15
True,23,-0.04,False,20,20,False,0,False,0.48642461714873403,0.31745680103737123,0.5556259270143917,247.18016665137839,321.6370556532638,0.0,MS-HIDE,192,case57,0.15
True,22,-0.04,False,20,20,False,0,False,0.5185985646283792,0.2998247968869848,0.5851508266329479,185.11362914578058,250.47078300558496,0.0,MS-HIDE,193,case57,0.15
True,53,-0.04,True,1,1,False,53,True,0.17144160094404476,0.002460043539964712,0.407846832269328,96.7627979523968,130.5058586760424,0.0,MS-HIDE,194,case57,0.15
True,40,0.04,True,1,1,False,40,True,2.8968996229087576e-08,0.010766883962121563,0.433654347889762,242.83279145311099,321.19527259492315,0.0,MS-HIDE,195,case57,0.15
True,4,-0.04,False,20,20,False,0,False,0.4746708091176666,0.3307307077254485,0.5176331840820473,128.77081879414618,183.385262201773,0.0,MS-HIDE,196,case57,0.15
True,23,0.04,False,20,20,False,0,False,0.47698975554009143,0.3242980289094607,0.5062141942986695,255.92943320807538,350.80169998982456,0.0,MS-HIDE,197,case57,0.15
True,17,0.04,True,5,5,False,17,True,0.00734013693225517,0.003844993871234244,0.503877993405481,138.25835419993382,187.12390205764677,0.0,MS-HIDE,198,case57,0.15
True,28,0.04,True,1,1,False,28,True,3.867181428919181e-10,0.0012040439926566122,0.4991242952764031,79.32189168932382,87.68497502896935,0.0,MS-HIDE,199,case57,0.15
True,26,-0.04,True,3,3,False,26,True,0.1714416013545693,0.012395489138195175,0.687525865069558,2.0262998528778553,2.4406284792348742,0.0,RHMTD,0,case57,0.15
True,49,-0.04,True,1,1,False,49,True,3.8671808797221755e-10,0.004856329411356483,0.6931561070608963,6.035833348869346,8.740262515493704,0.0,RHMTD,1,case57,0.15
True,53,-0.04,True,3,3,False,52,False,0.17144160094844352,0.005740397171625941,0.6988000752877717,5.423454151605256,10.746714525157609,0.0,RHMTD,2,case57,0.15
True,37,0.04,True,1,1,False,43,False,0.1714416009440448,0.0037877296992692875,0.6983387441861587,3.7198624020675197,6.81534588511568,0.0,RHMTD,3,case57,0.15
True,46,0.04,True,17,17,False,0,False,0.5158016871906992,0.3025562556139072,0.6869399490961604,4.226066599949263,7.998813915764914,0.0,RHMTD,4,case57,0.15
True,17,0.04,False,20,20,False,17,True,0.15623425310580505,0.061628733668117185,0.6977488077927999,2.1475520537933335,2.977539587300271,0.0,RHMTD,5,case57,0.15
True,24,0.04,True,2,2,False,24,True,0.17144160098278927,0.016669296638523304,0.6803029620551986,3.0139500537188724,3.8267076946794996,0.0,RHMTD,6,case57,0.15
True,3,0.04,True,3,3,False,3,True,3.8671819781201916e-10,0.007490005530361697,0.6911110115990569,4.257522799889557,5.233389601926338,0.0,RHMTD,7,case57,0.15
True,8,-0.04,True,1,1,False,8,True,3.8671819781197475e-10,0.0005849761701895996,0.7044440435146472,3.7122021574759856,6.126270836102779,0.0,RHMTD,8,case57,0.15
True,22,0.04,False,20,20,False,0,False,0.6103253873425092,0.2192856968050028,0.6928143307153747,5.244066604063846,11.95543570211159,0.0,RHMTD,9,case57,0.15
True,29,-0.04,True,5,5,False,29,True,0.17144160094414937,0.013885220601283325,0.6864519746762539,2.0199709048029035,2.279427414759994,0.0,RHMTD,10,case57,0.15
True,28,-0.04,True,1,1,False,28,True,3.867181428919903e-10,0.005473494198886958,0.6916572346998489,4.0231749502709135,6.740764307323851,0.0,RHMTD,11,case57,0.15
True,8,0.04,True,1,1,False,8,True,3.8671819781197475e-10,0.0008180231760246557,0.6888525819648673,3.1304334552260116,4.328836029162632,0.0,RHMTD,12,case57,0.15
True,28,-0.04,True,1,1,False,28,True,3.867181428919181e-10,0.0017282263239907687,0.6931561070608961,4.663252001046203,10.468603865592744,0.0,RHMTD,13,case57,0.15
True,22,0.04,False,20,20,False,0,False,0.5213411851539504,0.2760456753021905,0.6956899860954233,5.503314497764222,11.419116632896477,0.0,RHMTD,14,case57,0.15
True,26,0.04,True,9,9,False,25,False,0.1714416009440448,0.008472028701282636,0.6926373364311791,2.024923000135459,2.3222899064421654,0.0,RHMTD,15,case57,0.15
True,40,-0.04,False,20,20,False,40,True,6.270033574342525e-09,0.01683351403804978,0.6907255127152533,3.793362493161112,6.27090865455103,0.0,RHMTD,16,case57,0.15
True,1,-0.04,False,20,20,False,1,True,0.0022691853778385156,0.05910079729461254,0.6890521899016802,3.79223320633173,7.25873511109967,0.0,RHMTD,17,case57,0.15
True,37,-0.04,True,1,1,False,37,True,0.1714416009440448,0.004463237101712121,0.6931698332964336,4.364635399542749,11.236502396059226,0.0,RHMTD,18,case57,0.15
True,42,-0.04,True,3,3,False,42,True,3.8671808797186244e-10,0.006476041966600513,0.6983387441861587,4.777779101277702,12.262076730257832,0.0,RHMTD,19,case57,0.15
True,32,0.04,False,20,20,False,0,False,0.4390743381693127,0.3306664904961683,0.6931698332964336,2.1094604569952935,3.241908340714872,0.0,RHMTD,20,case57,0.15
True,20,0.04,True,1,1,False,19,False,0.1714416009443045,0.003754422121439237,0.6915723427006698,9.448797901859507,18.40314378496267,0.0,RHMTD,21,case57,0.15
True,46,0.04,False,20,20,False,0,False,0.4621989646402158,0.3222957606643111,0.6988000752877717,3.053097950760275,4.61462500388734,0.0,RHMTD,22,case57,0.15
True,42,0.04,True,3,3,False,42,True,3.8671808797195596e-10,0.00786140775693785,0.6895846867669347,5.104387542814948,11.523929779650656,0.0,RHMTD,23,case57,0.15
True,56,-0.04,True,3,3,False,38,False,0.17144182991001503,0.020907716982626837,0.6977350815572625,4.964247898897156,10.670260668848643,0.0,RHMTD,24,case57,0.15
True,53,0.04,True,1,1,False,52,False,0.17144160094404476,0.005010007990886654,0.6948294298744694,3.438664539135061,5.339868724695408,0.0,RHMTD,25,case57,0.15
True,48,0.04,True,16,16,False,48,True,3.8671808797188456e-10,0.007152723156970848,0.6930268557349437,4.613306393730454,11.241741341655148,0.0,RHMTD,26,case57,0.15
True,24,-0.04,True,4,4,False,29,False,0.17144160127048388,0.008103080772282735,0.6894417092054449,5.330876907100901,10.289313152316028,0.0,RHMTD,27,case57,0.15
True,20,0.04,True,1,1,False,19,False,0.1714416009440448,0.0033949546768582226,0.6952286549938103,5.650785603211261,11.949754517991106,0.0,RHMTD,28,case57,0.15
True,34,-0.04,True,3,3,False,34,True,4.003498413000744e-10,0.017737572447333243,0.6952286549938103,5.9389499423559755,13.096061898977508,0.0,RHMTD,29,case57,0.15
True,11,-0.04,True,1,1,False,11,True,3.8671819781197475e-10,0.0012440753695168048,0.6988000752877718,3.793983405921608,4.799400296178657,0.0,RHMTD,30,case57,0.15
True,38,0.04,False,20,20,False,56,False,0.17144167812552993,0.026913595485798924,0.69475359765666,5.058349954197183,13.883539265953017,0.0,RHMTD,31,case57,0.15
True,32,0.04,False,20,20,False,0,False,0.4818971048943521,0.31582805621204135,0.6878587539979998,3.6201124516082928,8.122214570175856,0.0,RHMTD,32,case57,0.15
True,15,-0.04,False,20,20,False,0,False,0.441026891141532,0.3301475177637674,0.6921622790940286,5.3079164965311065,10.30413924599998,0.0,RHMTD,33,case57,0.15
True,36,0.04,True,1,1,False,36,True,3.8671808797186145e-10,0.002332261675500566,0.6957474256235274,4.439941808232106,9.467419132124634,0.0,RHMTD,34,case57,0.15
True,26,0.04,True,8,8,False,25,False,0.1714416009440448,0.00808877690689746,0.6885059668008883,3.596597703290172,6.127280576038177,0.0,RHMTD,35,case57,0.15
True,28,0.04,True,1,1,False,28,True,3.867181428919184e-10,0.004332333402863049,0.6993325721530264,6.510137493023649,12.951869066455433,0.0,RHMTD,36,case57,0.15
True,3,0.04,True,1,1,False,3,True,3.91256744253623e-10,0.0055917947729693775,0.6936886039261507,4.881154210306704,8.757747881463747,0.0,RHMTD,37,case57,0.15
True,6,0.04,True,3,3,False,6,True,3.867181978119756e-10,0.008205529560788417,0.6936311643980465,5.39960834721569,10.65596700354945,0.0,RHMTD,38,case57,0.15
True,51,-0.04,False,20,20,False,51,True,7.326183715913246e-05,0.01615468995538954,0.6931561070608963,4.61293964763172,11.021185433492066,0.0,RHMTD,39,case57,0.15
True,17,0.04,False,20,20,False,17,True,0.043805627907851974,0.0351808813241218,0.6941773874988385,4.284102038946003,8.360126439947637,0.0,RHMTD,40,case57,0.15
True,49,-0.04,True,3,3,False,49,True,3.867180879718745e-10,0.004768750186526955,0.6881204679170847,3.43586670642253,5.048659801832403,0.0,RHMTD,41,case57,0.15
True,19,-0.04,True,1,1,False,20,False,0.1714416009440448,0.003280369703763466,0.6956181742975751,3.4380791475996375,6.744912147405559,0.0,RHMTD,42,case57,0.15
True,31,0.04,True,2,2,False,31,True,0.06675497283408952,0.006697321620942416,0.6919626711572157,5.2305186982266605,12.432718442869374,0.0,RHMTD,43,case57,0.15
True,55,0.04,True,1,1,False,55,True,3.8671808797186145e-10,0.0014561474166691457,0.6941636612633011,4.505218856502324,8.397436040104369,0.0,RHMTD,44,case57,0.15
True,2,0.04,True,4,4,False,2,True,3.867181978119748e-10,0.006270837514016551,0.6957474256235274,3.499177045887336,6.74894727417268,0.0,RHMTD,45,case57,0.15
True,34,-0.04,True,1,1,False,34,True,2.5318670016783777e-09,0.010069291864120316,0.6967549798259324,3.793608397245407,8.098781248554587,0.0,RHMTD,46,case57,0.15
True,14,-0.04,True,4,4,False,14,True,3.8671819781197475e-10,0.0021368573559816485,0.6921185658014618,6.788462502299808,16.745412469026657,0.0,RHMTD,47,case57,0.15
True,1,0.04,False,20,20,False,1,True,0.1323729769786641,0.08355286264183903,0.6972163109275453,3.707310455502011,7.728789889370093,0.0,RHMTD,48,case57,0.15
True,34,-0.04,True,1,1,False,34,True,3.867181154320038e-10,0.007541202905098053,0.6942211007914053,11.971393643761985,42.25295654614458,0.0,RHMTD,49,case57,0.15
True,40,-0.04,False,20,20,False,40,True,6.483005740917684e-09,0.01242942175112502,0.6895046243404982,4.316737499902956,8.106541694724003,0.0,RHMTD,50,case57,0.15
True,27,-0.04,True,1,1,False,27,True,3.8671814289191816e-10,0.003057140291443119,0.6918196935957259,3.2860562088899314,4.502735746791588,0.0,RHMTD,51,case57,0.15
True,44,-0.04,True,6,6,False,44,True,5.489624170512838e-10,0.02389891795283932,0.6952149287582728,4.552539440919645,9.078387162298903,0.0,RHMTD,52,case57,0.15
True,1,0.04,False,20,20,False,0,False,0.524177930933284,0.27167202292220954,0.696079505399188,5.053076994954608,10.432168145780453,0.0,RHMTD,53,case57,0.15
True,20,-0.04,True,1,1,False,20,True,0.1714416009440448,0.003279558584986665,0.6982813046580545,4.6488061983836815,11.070689931511879,0.0,RHMTD,54,case57,0.15
True,41,-0.04,True,1,1,False,41,True,3.867180879718616e-10,0.0010811986050015838,0.6998650690182808,4.142027045600116,9.152570829610342,0.0,RHMTD,55,case57,0.15
True,25,0.04,True,4,4,False,26,False,0.1714416009440448,0.03008784841556908,0.7023852218172706,4.428933444432914,8.99260448932183,0.0,RHMTD,56,case57,0.15
True,33,0.04,False,20,20,False,35,False,0.1427796490864555,0.009297299798821924,0.7008588969851484,3.836166750988923,6.72181606933009,0.0,RHMTD,57,case57,0.15
True,42,-0.04,True,5,5,False,42,True,3.867180879718727e-10,0.009484789171490142,0.6936886039261507,4.17601655353792,7.355138150160201,0.0,RHMTD,58,case57,0.15
True,21,0.04,False,20,20,False,0,False,0.48654612582074847,0.3132363842609576,0.7044440435146473,4.304724797839299,8.559178817085922,0.0,RHMTD,59,case57,0.15
True,36,-0.04,True,1,1,False,36,True,3.867180879718795e-10,0.0035499368484604474,0.6997939032546392,13.692176845506765,61.15771010518076,0.0,RHMTD,60,case57,0.15
True,46,0.04,False,20,20,False,0,False,0.5249687513048064,0.29095635969743316,0.6924377284943661,4.404120892286301,9.797916063689632,0.0,RHMTD,61,case57,0.15
True,56,0.04,False,20,20,False,56,True,0.17144160095539285,0.021922126512895743,0.6874684255414538,5.039031308842823,10.201958951074634,0.0,RHMTD,62,case57,0.15
True,8,-0.04,True,1,1,False,8,True,3.8671819781197475e-10,0.0008238331161162694,0.695214928758273,6.458777055377141,19.00713097129483,0.0,RHMTD,63,case57,0.15
True,2,0.04,True,2,2,False,2,True,3.8671819781197475e-10,0.004094321971568352,0.6883637983921796,4.766954196384177,12.035414265119472,0.0,RHMTD,64,case57,0.15
True,43,0.04,True,1,1,False,37,False,0.1714416009440448,0.004471055996772006,0.6910972853635196,4.25706259557046,8.249664213508371,0.0,RHMTD,65,case57,0.15
True,11,0.04,True,1,1,False,11,True,3.8671819781197475e-10,0.0012535115687530639,0.69475359765666,4.668064601719379,9.271564611117359,0.0,RHMTD,66,case57,0.15
True,7,0.04,False,20,20,False,7,True,0.0034644299218806675,0.022524297794891374,0.6977350815572625,4.414727003313601,8.59297947608866,0.0,RHMTD,67,case57,0.15
True,7,-0.04,False,20,20,False,7,True,5.912608074956125e-10,0.02312269745461579,0.6958232578413369,4.168218851555139,11.252994404640049,0.0,RHMTD,68,case57,0.15
True,51,-0.04,False,20,20,False,51,True,2.3850665567249623e-05,0.011361934418172624,0.6948294298744694,4.703329250332899,16.451271454570815,0.0,RHMTD,69,case57,0.15
True,12,-0.04,True,1,1,False,12,True,3.8671819781197475e-10,0.00026479565955397764,0.6927131686489885,5.362143850652501,11.530795841827057,0.0,RHMTD,70,case57,0.15
True,17,-0.04,False,20,20,False,18,False,0.12250330472918539,0.017828502172771613,0.6885771325645298,5.170524993445724,14.307492010993887,0.0,RHMTD,71,case57,0.15
True,35,0.04,True,1,1,False,35,True,3.8671808797197245e-10,0.004293379199359178,0.6978062473209042,3.7800602469360456,7.746495827450422,0.0,RHMTD,72,case57,0.15
True,37,0.04,True,1,1,False,37,True,0.1714416009440448,0.004447852867967407,0.6952149287582728,4.1478873521555215,10.053591048927048,0.0,RHMTD,73,case57,0.15
True,11,0.04,True,1,1,False,11,True,3.8671819781197475e-10,0.001216862405565346,0.6946824318930183,7.465470899478532,24.76282081042884,0.0,RHMTD,74,case57,0.15
True,43,-0.04,True,1,1,False,43,True,0.1714416009440448,0.00377518113181545,0.6936886039261507,3.7934457475785166,7.180709796375595,0.0,RHMTD,75,case57,0.15
True,39,0.04,False,20,20,False,39,True,3.867180879718638e-10,0.01215107244760164,0.695214928758273,5.306218803161755,9.532366332132371,0.0,RHMTD,76,case57,0.15
True,41,-0.04,True,1,1,False,41,True,3.8671808797186145e-10,0.0010177385959881718,0.696279922488782,4.764685247209854,8.248572252341566,0.0,RHMTD,77,case57,0.15
True,11,-0.04,True,1,1,False,11,True,3.8671819781197475e-10,0.0012175235415731328,0.6924951680224704,4.498764549498446,8.89214371854905,0.0,RHMTD,78,case57,0.15
True,24,0.04,True,4,4,False,29,False,0.17144160094404481,0.0046367574206790585,0.6957474256235275,3.846195849473588,11.707177083007991,0.0,RHMTD,79,case57,0.15
True,26,-0.04,True,6,6,False,26,True,0.17144160094404481,0.006826703512781383,0.6932272728245378,4.4695394550217316,7.422071174369197,0.0,RHMTD,80,case57,0.15
True,37,0.04,True,1,1,False,37,True,0.1714416009440448,0.004404977578503071,0.6983387441861587,5.761425048694946,9.299229216412677,0.0,RHMTD,81,case57,0.15
True,26,-0.04,True,1,1,False,26,True,0.1714416009440448,0.011329012147800207,0.6894287921226888,4.183568793814629,9.268916375003759,0.0,RHMTD,82,case57,0.15
True,20,-0.04,True,1,1,False,19,False,0.1714416009440448,0.0033766281767279535,0.6962224829606778,5.7174875371856615,21.04735211469233,0.0,RHMTD,83,case57,0.15
True,54,0.04,True,1,1,False,54,True,3.867180879718616e-10,0.0035878405409293626,0.6962087567251404,3.7863459874643013,7.536658929893755,0.0,RHMTD,84,case57,0.15
True,31,0.04,True,2,2,False,31,True,0.08083964419028239,0.006554882545787225,0.6993325721530264,4.9652188492473215,10.987119030323813,0.0,RHMTD,85,case57,0.15
True,28,0.04,True,1,1,False,28,True,3.867181428919181e-10,0.0017325023974065908,0.6901034573966519,2.952277095755562,3.2752201921539386,0.0,RHMTD,86,case57,0.15
True,26,-0.04,True,2,2,False,25,False,0.17144160094404481,0.007566815761485622,0.692176005329566,3.5852374508976936,5.251462492742581,0.0,RHMTD,87,case57,0.15
True,17,-0.04,False,20,20,False,17,True,0.07756857762083612,0.03714515891245988,0.6844020496416723,3.521279152482748,6.267970224143939,0.0,RHMTD,88,case57,0.15
True,55,-0.04,True,1,1,False,55,True,3.86718087971862e-10,0.0015586519418547696,0.7008588969851485,4.644108345382847,10.188533327891491,0.0,RHMTD,89,case57,0.15
True,11,0.04,True,1,1,False,11,True,3.8671819781197475e-10,0.0005927472152675113,0.6953044872116196,6.0173292411491275,12.65142642077992,0.0,RHMTD,90,case57,0.15
True,48,-0.04,True,14,14,False,48,True,3.8671808797186145e-10,0.007759462876131769,0.6901171836321892,4.458658344810829,6.351345212897305,0.0,RHMTD,91,case57,0.15
True,50,-0.04,True,1,1,False,50,True,3.8671808797186337e-10,0.004936670651804704,0.6998650690182808,3.2491124991793185,6.171025324147195,0.0,RHMTD,92,case57,0.15
True,53,-0.04,True,2,2,False,53,True,0.17144160094761093,0.004675674496954231,0.6941499350277638,2.987712499452755,3.9547978987684482,0.0,RHMTD,93,case57,0.15
True,43,0.04,True,1,1,False,43,True,0.1714416009440448,0.004410989119201852,0.6916435084643114,4.600227193441242,12.768727116053931,0.0,RHMTD,94,case57,0.15
True,40,-0.04,True,4,4,False,40,True,3.8671808797216694e-10,0.012944365874711797,0.6883637983921796,3.6610832990845665,7.213393389247358,0.0,RHMTD,95,case57,0.15
True,10,-0.04,True,1,1,False,10,True,3.8671819781197475e-10,0.0020968769403474467,0.6962224829606779,3.9761123480275273,9.015304170316085,0.0,RHMTD,96,case57,0.15
True,14,0.04,True,2,2,False,14,True,3.867180330544301e-10,0.005811891854855742,0.6876016972873675,4.735695806448348,10.077145791728983,0.0,RHMTD,97,case57,0.15
True,53,-0.04,True,2,2,False,52,False,0.17144160095593908,0.008571299826419389,0.6926236101956417,6.417368995607831,13.216613134136454,0.0,RHMTD,98,case57,0.15
True,49,-0.04,True,2,2,False,49,True,3.867180605119772e-10,0.005454401379615014,0.6899167665425952,3.9875460031908005,7.413558030384599,0.0,RHMTD,99,case57,0.15
True,56,0.04,False,20,20,False,38,False,0.17144160529214436,0.02855453442591,0.6988000752877718,4.12927299621515,8.233681821729995,0.0,RHMTD,100,case57,0.15
True,17,-0.04,False,20,20,False,17,True,0.16924927465132952,0.0186234077184791,0.6993325721530264,5.951022854424082,12.531052684062177,0.0,RHMTD,101,case57,0.15
True,12,0.04,True,1,1,False,12,True,3.8671819781197475e-10,0.0002647956594451373,0.6972737504556497,3.687737512518652,7.249927052180286,0.0,RHMTD,102,case57,0.15
True,48,-0.04,True,7,7,False,48,True,3.8671808797186145e-10,0.008837167680057144,0.6905348014412355,4.858068804605864,9.428226761519928,0.0,RHMTD,103,case57,0.15
True,31,0.04,True,9,9,False,31,True,0.11746746772565476,0.0066367772620784336,0.6937023301616883,3.4407667466439307,3.938114590710036,0.0,RHMTD,104,case57,0.15
True,31,0.04,True,2,2,False,30,False,0.14450369979246144,0.006685607517037684,0.6915723427006698,3.3236457384191453,4.638529807562014,0.0,RHMTD,105,case57,0.15
True,41,-0.04,True,1,1,False,41,True,3.867180879718893e-10,0.0011028055964370938,0.6951574892301686,4.125010399729945,4.426005904679204,0.0,RHMTD,106,case57,0.15
True,16,-0.04,False,20,20,False,0,False,0.49078922064329655,0.27216126987582046,0.6873262571327452,3.3273168024607003,3.775712515925994,0.0,RHMTD,107,case57,0.15
True,20,0.04,True,1,1,False,19,False,0.1714416009440448,0.0032840895276770297,0.6958232578413369,3.569154255092144,7.747008049045691,0.0,RHMTD,108,case57,0.15
True,50,0.04,True,2,2,False,50,True,1.3877258991749447e-09,0.007939155507069032,0.6875879710518301,3.380983296665363,5.401596488081851,0.0,RHMTD,109,case57,0.15
True,17,0.04,True,7,7,False,17,True,0.17144127918858554,0.025339968749221065,0.69475359765666,4.3826001026900485,4.653941650758518,0.0,RHMTD,110,case57,0.15
True,41,0.04,True,1,1,False,41,True,3.867180879718817e-10,0.0030690894774622604,0.6860707060010777,4.388127103447914,13.069258004543373,0.0,RHMTD,111,case57,0.15
True,15,0.04,False,20,20,False,0,False,0.5018269650427445,0.30663639084868993,0.6998076294901766,4.384856205433607,8.993354495032694,0.0,RHMTD,112,case57,0.15
True,12,-0.04,True,1,1,False,12,True,3.8671819781197475e-10,0.00026491928615516024,0.6901171836321892,3.802031191298738,9.424482655595057,0.0,RHMTD,113,case57,0.15
True,33,-0.04,False,20,20,False,33,True,0.26847324267684064,0.13739923660359665,0.6839407185400593,3.454425002564676,6.150370853720233,0.0,RHMTD,114,case57,0.15
True,8,0.04,True,1,1,False,8,True,3.8671819781197475e-10,0.0008108597638294957,0.6977488077927999,4.144297903985716,12.596773548284547,0.0,RHMTD,115,case57,0.15
True,16,-0.04,False,20,20,False,16,True,0.43064334234603313,0.2256467958995526,0.6876591460611869,4.987872749916278,13.885532974381945,0.0,RHMTD,116,case57,0.15
True,46,-0.04,False,20,20,False,0,False,0.4803887708675144,0.31533159076435247,0.6921185658014617,3.7428019422804937,8.127774414606394,0.0,RHMTD,117,case57,0.15
True,8,-0.04,True,1,1,False,8,True,3.8671819781197475e-10,0.00103313819484923,0.6988000752877718,3.3654520520940423,5.299991945503284,0.0,RHMTD,118,case57,0.15
True,20,0.04,True,1,1,False,20,True,0.1714416009440448,0.010568336311368757,0.6942211007914053,4.055687453364953,7.5436396262375665,0.0,RHMTD,119,case57,0.15
True,52,-0.04,True,1,1,False,53,False,0.17144160094503538,0.004983216845725199,0.6878141580697676,3.402633353834972,5.25189018226229,0.0,RHMTD,120,case57,0.15
True,9,-0.04,True,9,9,False,9,True,3.867181978121489e-10,0.013953674368252051,0.7054378714815148,3.4288416616618633,3.796739917015664,0.0,RHMTD,121,case57,0.15
True,21,0.04,False,20,20,False,0,False,0.460590368092266,0.3233257649600091,0.696741253590395,3.9369458914734428,8.494870807044212,0.0,RHMTD,122,case57,0.15
True,43,0.04,True,1,1,False,43,True,0.1714416009440448,0.004590652945975056,0.688533419271963,6.661720955162309,11.093244404764876,0.0,RHMTD,123,case57,0.15
True,18,-0.04,True,9,9,False,18,True,0.1641189216745921,0.04476045035210079,0.6855428755899908,5.1622186991153285,10.290093079675,0.0,RHMTD,124,case57,0.15
True,38,-0.04,True,18,18,False,38,True,0.17144160094404476,0.019632806063221264,0.6956899860954232,3.7601749965688214,6.911879125982526,0.0,RHMTD,125,case57,0.15
True,47,-0.04,False,20,20,False,0,False,0.5297629368031013,0.2879647731079061,0.7013913938504029,3.6327147972770035,7.341351784998551,0.0,RHMTD,126,case57,0.15
True,51,-0.04,False,20,20,False,51,True,0.049398961121500856,0.016614237274226486,0.6898730532500285,3.6652561568189412,8.383881559711883,0.0,RHMTD,127,case57,0.15
True,23,0.04,True,0,0,False,0,False,0.5175090515983963,0.19970134188718716,0.6972737504556495,3.9058353548171,9.589306238922292,0.0,RHMTD,128,case57,0.15
True,40,0.04,True,15,15,False,40,True,9.209221657812968e-09,0.014739968260052824,0.6915005309028216,4.4379604601999745,9.716643780120648,0.0,RHMTD,129,case57,0.15
True,20,-0.04,True,2,2,False,19,False,0.17144160094702218,0.003903941554383939,0.6932272728245378,3.1863397074630484,5.294601773493925,0.0,RHMTD,130,case57,0.15
True,51,-0.04,False,20,20,False,51,True,0.004017746305279609,0.01699909303086978,0.7023852218172706,3.929856049944646,10.766928453813307,0.0,RHMTD,131,case57,0.15
True,26,0.04,True,4,4,False,26,True,0.1714416009440448,0.006896371351283222,0.6808080064493784,3.7976625957526267,7.507344373152593,0.0,RHMTD,132,case57,0.15
True,43,-0.04,True,1,1,False,43,True,0.1714416009440448,0.004463417505937772,0.7003264001198939,4.4619083986617625,8.652137839817456,0.0,RHMTD,133,case57,0.15
True,54,-0.04,True,1,1,False,54,True,3.8980404444705413e-10,0.010602463510362045,0.6946961581285558,6.4475166029296815,32.86694646521938,0.0,RHMTD,134,case57,0.15
True,32,0.04,False,20,20,False,0,False,0.47879994000003284,0.31708653865434716,0.6977488077928,3.712908294983208,7.8041659668088,0.0,RHMTD,135,case57,0.15
True,47,0.04,False,20,20,False,0,False,0.5318098247974579,0.28558656227398266,0.6921622790940287,5.419847898883745,10.282394022215186,0.0,RHMTD,136,case57,0.15
True,51,0.04,True,2,2,False,51,True,0.0011180593642230372,0.014444546272054921,0.6962799224887821,3.6031164578162134,7.413774373708296,0.0,RHMTD,137,case57,0.15
True,53,0.04,True,1,1,False,52,False,0.1714416009444578,0.005251066988617623,0.7003264001198938,4.749260350945406,9.658328857040035,0.0,RHMTD,138,case57,0.15
True,54,0.04,True,2,2,False,54,True,3.881475752238889e-10,0.01294748656014897,0.6957474256235274,4.116022793459706,8.103378524538133,0.0,RHMTD,139,case57,0.15
True,20,0.04,True,1,1,False,20,True,0.1714416009440448,0.0033999158094331163,0.6944957410389617,3.2879478443646803,6.302106234943496,0.0,RHMTD,140,case57,0.15
True,52,0.04,True,1,1,False,52,True,0.17144160094789487,0.004648646891693948,0.6884349641558213,4.873356351163238,9.714641683967802,0.0,RHMTD,141,case57,0.15
True,10,0.04,True,1,1,False,10,True,3.8671819781197475e-10,0.002085127673163934,0.6978820795387135,3.4585686516948044,4.943154141074053,0.0,RHMTD,142,case57,0.15
True,12,-0.04,True,1,1,False,12,True,3.8671819781197475e-10,0.00026479446383159813,0.7008588969851485,5.17741670482792,11.017718803486789,0.0,RHMTD,143,case57,0.15
True,10,0.04,True,1,1,False,10,True,3.8671819781197475e-10,0.002157902875527545,0.6835552196562558,4.884022902115248,12.47243513353169,0.0,RHMTD,144,case57,0.15
True,11,-0.04,True,1,1,False,11,True,3.8671819781197475e-10,0.0012399970447070467,0.6891991878831312,4.929043864831328,12.143424976966344,0.0,RHMTD,145,case57,0.15
True,25,-0.04,True,2,2,False,26,False,0.1714416009440448,0.01019377877472076,0.6988000752877718,4.96707285346929,13.365766612696465,0.0,RHMTD,146,case57,0.15
True,36,0.04,True,1,1,False,36,True,3.8671808797186145e-10,0.0020942641823497687,0.6900160308115183,3.311266508535482,5.174727379926482,0.0,RHMTD,147,case57,0.15
True,44,-0.04,True,14,14,False,44,True,4.2586778599451403e-10,0.008356184023010804,0.6901034573966519,3.364029253134504,6.633841650909746,0.0,RHMTD,148,case57,0.15
True,24,0.04,True,4,4,False,24,True,0.17144160111970613,0.010469917203587297,0.6921048395659243,4.778595649986528,10.512116653262654,0.0,RHMTD,149,case57,0.15
True,3,0.04,True,9,9,False,3,True,3.867181978122439e-10,0.010209036615475368,0.6998076294901767,4.244689553161152,9.277658318751499,0.0,RHMTD,150,case57,0.15
True,42,0.04,True,3,3,False,42,True,3.8671808797186145e-10,0.0059169144244267,0.6958232578413369,4.287591500906274,10.42234933411237,0.0,RHMTD,151,case57,0.15
True,23,0.04,False,20,20,False,0,False,0.472544407883642,0.32147007657556126,0.6880583619348126,4.414335350156762,11.77315176173579,0.0,RHMTD,152,case57,0.15
True,45,0.04,True,1,1,False,45,True,3.8671808797186145e-10,0.004639234280768068,0.6967549798259324,3.3028417121386155,3.692018476431264,0.0,RHMTD,153,case57,0.15
True,24,-0.04,True,1,1,False,29,False,0.1714416009440448,0.007122283998976997,0.6895846867669346,2.910468852496706,3.5911026934627444,0.0,RHMTD,154,case57,0.15
True,22,-0.04,False,20,20,False,0,False,0.547219212782968,0.2953628892858143,0.6991192379806761,3.2095893984660506,4.392374385497534,0.0,RHMTD,155,case57,0.15
True,23,0.04,False,20,20,False,0,False,0.4510602573649106,0.3274616957219024,0.6905785147338024,5.472458200529218,12.366328522330154,0.0,RHMTD,156,case57,0.15
True,54,0.04,True,1,1,False,54,True,3.8671808797209e-10,0.0030012942635798587,0.6951574892301686,4.435935345827602,11.08715831360314,0.0,RHMTD,157,case57,0.15
True,33,-0.04,False,20,20,False,0,False,0.49504592997088853,0.3109111775253499,0.701852724952016,4.448952147504315,9.246460456051864,0.0,RHMTD,158,case57,0.15
True,39,-0.04,False,20,20,False,39,True,3.8671808797205677e-10,0.010946346962166802,0.6983387441861588,6.200033295317553,13.506620225962278,0.0,RHMTD,159,case57,0.15
True,13,0.04,True,1,1,False,13,True,3.8671819781197475e-10,0.0005086522761810709,0.6911247378345943,3.680737651302479,7.090239878743889,0.0,RHMTD,160,case57,0.15
True,38,0.04,False,20,20,False,38,True,0.17144161442505565,0.018060816510436672,0.6930139386521875,2.955672951065935,3.390970520558768,0.0,RHMTD,161,case57,0.15
True,35,0.04,True,1,1,False,35,True,3.86718087971926e-10,0.0014150638761917102,0.6832086137379918,3.608306249952875,7.19048485043459,0.0,RHMTD,162,case57,0.15
True,26,-0.04,True,4,4,False,25,False,0.1714416009440448,0.007848220078918533,0.690103457396652,3.7024249031674117,7.9378919734153905,0.0,RHMTD,163,case57,0.15
True,1,0.04,False,20,20,False,1,True,0.20293077190658598,0.10642475391468337,0.6993325721530264,3.1640832545235753,4.423820212832656,0.0,RHMTD,164,case57,0.15
True,49,-0.04,True,4,4,False,49,True,3.908423588233891e-10,0.004962041294365101,0.67846214098434,3.760233146022074,9.220141376135873,0.0,RHMTD,165,case57,0.15
True,40,0.04,True,5,5,False,40,True,3.867180605123041e-10,0.015503917204728998,0.701391393850403,3.9225373999215667,7.717787497676912,0.0,RHMTD,166,case57,0.15
True,40,0.04,True,4,4,False,40,True,3.867180879719787e-10,0.014353511146409184,0.6972163109275453,3.7331604020437226,8.979141607414933,0.0,RHMTD,167,case57,0.15
True,28,0.04,True,1,1,False,28,True,3.867181428919181e-10,0.0019065658932329085,0.689141748355027,6.762460549362004,12.636183394352,0.0,RHMTD,168,case57,0.15
True,38,0.04,False,20,20,False,38,True,0.17146774770153775,0.03159028657452527,0.6998650690182808,3.689868646324612,7.39980207872577,0.0,RHMTD,169,case57,0.15
True,27,0.04,True,2,2,False,27,True,3.867181154319306e-10,0.0031417117513174355,0.6871266399502172,4.664681194117293,9.472927066963177,0.0,RHMTD,170,case57,0.15
True,30,-0.04,True,8,8,False,30,True,0.17129242131272523,0.007212078048445801,0.6941499350277638,4.089620753074996,7.829195179510865,0.0,RHMTD,171,case57,0.15
True,31,-0.04,True,1,1,False,31,True,0.10554221300460888,0.007285265741594709,0.686851199795595,8.753779050312005,39.55880767898637,0.0,RHMTD,172,case57,0.15
True,27,0.04,True,1,1,False,27,True,4.140716100054616e-10,0.0071086743857997625,0.6855566018255282,4.3234606011537835,10.106631609960461,0.0,RHMTD,173,case57,0.15
True,51,0.04,False,20,20,False,51,True,0.0031958422533526214,0.015812721300917897,0.6982813046580546,4.996262441272847,12.969710727338686,0.0,RHMTD,174,case57,0.15
True,28,0.04,True,1,1,False,28,True,3.8671814289192033e-10,0.00423799172692442,0.6936886039261508,3.6703313438920304,6.893591364496392,0.0,RHMTD,175,case57,0.15
True,33,-0.04,False,20,20,False,33,True,0.11634838867272647,0.06577708308966697,0.6873836966608493,3.420212503988296,5.093962483806539,0.0,RHMTD,176,case57,0.15
True,20,-0.04,True,2,2,False,19,False,0.1714416009440448,0.00339484363365834,0.6972737504556497,5.39807909517549,20.152970190974884,0.0,RHMTD,177,case57,0.15
True,5,0.04,True,1,1,False,5,True,3.8671819781197475e-10,0.0061853556935565395,0.6942211007914054,3.5944458475569263,5.2219207806047105,0.0,RHMTD,178,case57,0.15
True,38,0.04,False,20,20,False,56,False,0.17144160097577985,0.02225078403904395,0.6957474256235274,3.7004104029620066,8.44502502586693,0.0,RHMTD,179,case57,0.15
True,52,-0.04,True,1,1,False,53,False,0.1714416009440448,0.00627975930175351,0.6977350815572625,3.0562375497538596,3.4251937322551416,0.0,RHMTD,180,case57,0.15
True,48,0.04,True,6,6,False,48,True,3.8671808797186145e-10,0.0073905413558013775,0.7044440435146472,3.5923688556067646,5.838218791177504,0.0,RHMTD,181,case57,0.15
True,32,-0.04,False,20,20,False,0,False,0.4742013825381591,0.3139131987383432,0.6890384636661429,3.6353458475787193,6.40928151260596,0.0,RHMTD,182,case57,0.15
True,48,0.04,True,7,7,False,48,True,3.867180879718625e-10,0.008396929286252191,0.6911110115990569,2.900631196098402,3.34190382855013,0.0,RHMTD,183,case57,0.15
True,48,0.04,True,1,1,False,48,True,3.8671808797186145e-10,0.00794465428367219,0.6988000752877718,2.9537689522840083,4.01640800118912,0.0,RHMTD,184,case57,0.15
True,5,0.04,True,1,1,False,5,True,3.8671819781197506e-10,0.0049811152766937525,0.6885908588000672,4.4856771535705775,12.007923552300783,0.0,RHMTD,185,case57,0.15
True,41,0.04,True,1,1,False,41,True,3.8671808797186357e-10,0.004498757296842529,0.6883904417104729,4.35169359552674,11.024978494970128,0.0,RHMTD,186,case57,0.15
True,29,-0.04,True,3,3,False,29,True,0.17144160095490113,0.010358947449140845,0.6876291497584421,3.365685441531241,6.376011850079522,0.0,RHMTD,187,case57,0.15
True,10,-0.04,True,1,1,False,10,True,3.8671819781197475e-10,0.002201046189027825,0.6930268557349438,3.431333336629905,5.966641622944739,0.0,RHMTD,188,case57,0.15
True,13,0.04,True,1,1,False,13,True,3.8671819781197475e-10,0.0005084513111756362,0.6870829266576503,3.844460495747626,7.267400308046498,0.0,RHMTD,189,case57,0.15
True,7,-0.04,False,20,20,False,7,True,6.009736587037686e-06,0.02464730045821084,0.688994750373576,4.219535455922596,4.808414899162036,0.0,RHMTD,190,case57,0.15
True,34,-0.04,True,4,4,False,34,True,3.867180879797793e-10,0.01251860365246731,0.6962799224887821,4.16253954754211,9.793543705018239,0.0,RHMTD,191,case57,0.15
True,23,-0.04,False,20,20,False,0,False,0.5384688214165475,0.28700798915853654,0.6948294298744694,2.8192166006192565,3.070730611216277,0.0,RHMTD,192,case57,0.15
True,22,-0.04,False,20,20,False,0,False,0.5413115224878884,0.28371340536797685,0.6927268948845258,4.3501064501469955,10.020608312333934,0.0,RHMTD,193,case57,0.15
True,53,-0.04,True,1,1,False,53,True,0.17144847481741288,0.005010542131991316,0.6937023301616883,2.85405435715802,3.1518056464847177,0.0,RHMTD,194,case57,0.15
True,40,0.04,True,1,1,False,40,True,3.867180879721658e-10,0.012411830040136861,0.6920611262733576,2.950554102426395,3.2312190771335736,0.0,RHMTD,195,case57,0.15
True,4,-0.04,False,20,20,False,0,False,0.4594572756108948,0.323838695576322,0.6982675784225172,3.1200334458844736,4.035717257647779,0.0,RHMTD,196,case57,0.15
True,23,0.04,False,20,20,False,45,False,0.37007705934171786,0.1381680278987156,0.6931698332964336,2.249158249469474,2.6876041083596647,0.0,RHMTD,197,case57,0.15
True,17,0.04,False,20,20,False,17,True,0.15727663737099648,0.05040577472451284,0.6946824318930183,3.407681256067008,7.070743752410637,0.0,RHMTD,198,case57,0.15
True,28,0.04,True,1,1,False,28,True,3.867181428919181e-10,0.0018664993774932526,0.6847341294173327,2.613975096028298,2.876674960134551,0.0,RHMTD,199,case57,0.15
True,26,-0.04,True,3,3,False,26,True,0.24088059220706365,0.0070610250357342015,0.5002782899150092,27.097845793468878,37.90004107286222,0.0,Robust-MTD,0,case57,0.15
True,49,-0.04,True,3,3,False,50,False,0.25529630832618116,0.009193327160052665,0.5002782899150092,28.811910390504636,37.65778326487634,0.0,Robust-MTD,1,case57,0.15
True,53,-0.04,True,1,1,False,51,False,0.2729346880931317,0.006719709591957924,0.5002782899150092,20.490831244387664,30.634562525665388,0.0,Robust-MTD,2,case57,0.15
True,37,0.04,True,1,1,False,44,False,0.24331477817059405,0.004242424408685342,0.5002782899150092,28.89333354542032,43.66629374853804,0.0,Robust-MTD,3,case57,0.15
True,46,0.04,True,17,17,False,0,False,0.5831321321193949,0.3449041641716529,0.5002782899150092,26.110014494042844,44.02775030757766,0.0,Robust-MTD,4,case57,0.15
True,17,0.04,True,14,14,False,18,False,0.25120121441251697,0.009556342942185842,0.5002782899150092,24.220920650986955,30.742849720991217,0.0,Robust-MTD,5,case57,0.15
True,24,0.04,False,20,20,False,24,True,0.29736972846999665,0.017565758013114836,0.5002782899150092,31.794806255493317,45.70447292062459,0.0,Robust-MTD,6,case57,0.15
True,3,0.04,False,20,20,False,3,True,0.006564736750501469,0.011983674103382708,0.5002782899150092,20.767168700695038,29.2147100699367,0.0,Robust-MTD,7,case57,0.15
True,8,-0.04,True,2,2,False,8,True,3.86718197811975e-10,0.006972091736540137,0.5002782899150092,28.410564543446526,42.55460482090713,0.0,Robust-MTD,8,case57,0.15
True,22,0.04,False,20,20,False,0,False,0.6464477846838821,0.2892474299262908,0.5002782899150092,33.68410840048455,83.76112328551245,0.0,Robust-MTD,9,case57,0.15
True,29,-0.04,True,4,4,False,24,False,0.32065448684921855,0.019909307200672084,0.5002782899150092,24.879670652444474,32.97766283503734,0.0,Robust-MTD,10,case57,0.15
True,28,-0.04,True,1,1,False,28,True,3.867181428920942e-10,0.004933589770315231,0.5002782899150092,42.89989995304495,121.57278156664688,0.0,Robust-MTD,11,case57,0.15
True,8,0.04,True,4,4,False,8,True,3.8671819781197475e-10,0.006972091736540137,0.5002782899150092,21.986208242014982,30.0527892424725,0.0,Robust-MTD,12,case57,0.15
True,28,-0.04,True,1,1,False,28,True,5.185897739119563e-10,0.00493358977034403,0.5002782899150092,26.095428990083747,33.42788506124634,0.0,Robust-MTD,13,case57,0.15
True,22,0.04,False,20,20,False,0,False,0.6134022298248062,0.3198062854711821,0.5002782899150092,31.133754207985476,66.96783362713178,0.0,Robust-MTD,14,case57,0.15
True,26,0.04,True,1,1,False,25,False,0.23344932497208215,0.0071464950743540005,0.5002782899150092,24.996604095213115,33.506179208052345,0.0,Robust-MTD,15,case57,0.15
True,40,-0.04,False,20,20,False,40,True,0.031938968458298245,0.0736007168256464,0.5002782899150092,38.04165843757801,50.06472017266799,0.0,Robust-MTD,16,case57,0.15
True,1,-0.04,False,20,20,False,0,False,0.6118871191453905,0.26881035467016584,0.5002782899150092,21.914445798029192,30.381987756118182,0.0,Robust-MTD,17,case57,0.15
True,37,-0.04,True,1,1,False,44,False,0.1749719331342701,0.00486353140955721,0.5002782899150092,31.961749849142503,71.14866812189578,0.0,Robust-MTD,18,case57,0.15
True,42,-0.04,True,19,19,False,42,True,3.86718087971899e-10,0.01705983238281525,0.5002782899150092,29.824354298762046,47.20497500675267,0.0,Robust-MTD,19,case57,0.15
True,32,0.04,False,20,20,False,0,False,0.5448512581270682,0.36227328898476735,0.5002782899150092,27.158262507873587,40.900767265702626,0.0,Robust-MTD,20,case57,0.15
True,20,0.04,True,1,1,False,17,False,0.3385581395565855,0.007749891023528039,0.5002782899150092,27.076426995336078,37.90381458238699,0.0,Robust-MTD,21,case57,0.15
True,46,0.04,False,20,20,False,0,False,0.5422379668604275,0.368331799211326,0.5002782899150092,20.30236039427109,30.145994006306868,0.0,Robust-MTD,22,case57,0.15
True,42,0.04,False,20,20,False,42,True,3.867180605190442e-10,0.017059832382815252,0.5002782899150092,36.70355414797086,126.03678718442099,0.0,Robust-MTD,23,case57,0.15
True,56,-0.04,True,3,3,False,56,True,0.17144170176895607,0.02093464960455531,0.5002782899150092,31.094897899311036,79.5723437651759,0.0,Robust-MTD,24,case57,0.15
True,53,0.04,True,1,1,False,51,False,0.24948864557011052,0.008200697604058312,0.5002782899150092,37.623972856090404,62.171735096490025,0.0,Robust-MTD,25,case57,0.15
True,48,0.04,True,1,1,False,49,False,0.23363689498554377,0.009472139393547697,0.5002782899150092,33.609941607574,59.25414764205926,0.0,Robust-MTD,26,case57,0.15
True,24,-0.04,True,14,14,False,24,True,0.3058372512029621,0.018216675861097743,0.5002782899150092,38.16713124688249,78.95161251071842,0.0,Robust-MTD,27,case57,0.15
True,20,0.04,True,1,1,False,18,False,0.296482663751058,0.008912096814816233,0.5002782899150092,32.33166044810787,59.831055899849176,0.0,Robust-MTD,28,case57,0.15
True,34,-0.04,True,18,18,False,34,True,0.4157939739590982,0.056265192065380186,0.5002782899150092,37.54922069783788,69.77235565427692,0.0,Robust-MTD,29,case57,0.15
True,11,-0.04,True,1,1,False,11,True,3.8671819781197475e-10,0.006973339497397281,0.5002782899150092,38.16090010514017,79.7108170198044,0.0,Robust-MTD,30,case57,0.15
True,38,0.04,False,20,20,False,56,False,0.1714421232407072,0.020934647948282016,0.5002782899150092,33.984495810000226,47.03282503178344,0.0,Robust-MTD,31,case57,0.15
True,32,0.04,False,20,20,False,0,False,0.5554594639428664,0.3596714070340771,0.5002782899150092,42.67067089967895,82.10164790216378,0.0,Robust-MTD,32,case57,0.15
True,15,-0.04,False,20,20,False,0,False,0.5417733031562157,0.3630466644011956,0.5002782899150092,33.48738114873413,70.50576455367263,0.0,Robust-MTD,33,case57,0.15
True,36,0.04,True,1,1,False,36,True,1.2014487717320284e-06,0.0014826466234344243,0.5002782899150092,39.83634179458022,73.82783094944898,0.0,Robust-MTD,34,case57,0.15
True,26,0.04,True,3,3,False,25,False,0.21775958611986376,0.007291748311868822,0.5002782899150092,35.47609170200303,61.4349648996722,0.0,Robust-MTD,35,case57,0.15
True,28,0.04,True,1,1,False,28,True,3.867181428919942e-10,0.004933589770315231,0.5002782899150092,31.867033347953114,46.074813944869675,0.0,Robust-MTD,36,case57,0.15
True,3,0.04,True,14,14,False,3,True,0.032205969373153426,0.011891031272361057,0.5002782899150092,41.83408941025846,65.04316214704886,0.0,Robust-MTD,37,case57,0.15
True,6,0.04,False,20,20,False,6,True,4.647339100607639e-06,0.015687335402040675,0.5002782899150092,32.10995824483689,46.91501695779153,0.0,Robust-MTD,38,case57,0.15
True,51,-0.04,False,20,20,False,54,False,0.2129600341450752,0.01854907954155004,0.5002782899150092,39.28831459779758,74.2796940758126,0.0,Robust-MTD,39,case57,0.15
True,17,0.04,True,1,1,False,18,False,0.2734685889756977,0.009289762248614199,0.5002782899150092,37.638906404026784,64.17801105417317,0.0,Robust-MTD,40,case57,0.15
True,49,-0.04,True,7,7,False,50,False,0.2030436291809347,0.010362944866692453,0.5002782899150092,39.332704051048495,82.55379104230087,0.0,Robust-MTD,41,case57,0.15
True,19,-0.04,True,1,1,False,18,False,0.307260423276007,0.008722125948088338,0.5002782899150092,33.13368754461408,51.44022708118428,0.0,Robust-MTD,42,case57,0.15
True,31,0.04,False,20,20,False,0,False,0.6114279844230951,0.21825874526427652,0.5002782899150092,30.91455831308849,57.70577737421264,0.0,Robust-MTD,43,case57,0.15
True,55,0.04,True,2,2,False,55,True,3.936295645995396e-10,0.005655526748362337,0.5002782899150092,34.371399905649014,64.13457082235256,0.0,Robust-MTD,44,case57,0.15
True,2,0.04,True,5,5,False,2,True,0.0013585297749068798,0.008238693112972201,0.5002782899150092,32.78877485427074,48.58880626852624,0.0,Robust-MTD,45,case57,0.15
True,34,-0.04,False,20,20,False,34,True,0.40984385509907945,0.05940276322057188,0.5002782899150092,31.1195541464258,52.09021041810047,0.0,Robust-MTD,46,case57,0.15
True,14,-0.04,True,1,1,False,14,True,3.867181978122748e-10,0.005077598098494851,0.5002782899150092,31.64110825455282,45.777020507375724,0.0,Robust-MTD,47,case57,0.15
True,1,0.04,False,20,20,False,1,True,0.4822601769736452,0.31648459283992314,0.5002782899150092,34.4642937037861,62.14827920484824,0.0,Robust-MTD,48,case57,0.15
True,34,-0.04,False,20,20,False,34,True,0.4195154760726569,0.05684017941870045,0.5002782899150092,48.506033391458914,105.79381282732358,0.0,Robust-MTD,49,case57,0.15
True,40,-0.04,False,20,20,False,40,True,0.1503402109264121,0.09778481145206477,0.5002782899150092,32.718874953570776,51.87630270083902,0.0,Robust-MTD,50,case57,0.15
True,27,-0.04,True,1,1,False,26,False,0.23428126101651334,0.00713755801775293,0.5002782899150092,35.58661469724029,71.51758336403873,0.0,Robust-MTD,51,case57,0.15
True,44,-0.04,True,1,1,False,44,True,0.10625686811095404,0.005247048187227553,0.5002782899150092,35.62623969919514,89.93227568280417,0.0,Robust-MTD,52,case57,0.15
True,1,0.04,False,20,20,False,0,False,0.5291623702549388,0.37576291582959453,0.5002782899150092,31.851720900158398,47.85855867085048,0.0,Robust-MTD,53,case57,0.15
True,20,-0.04,True,1,1,False,17,False,0.31798256684736903,0.008478166135268781,0.5002782899150092,35.430377058219165,59.9442146223737,0.0,Robust-MTD,54,case57,0.15
True,41,-0.04,False,20,20,False,41,True,3.111463756646478e-08,0.022796237125571057,0.5002782899150092,45.808770795702,83.75131731154403,0.0,Robust-MTD,55,case57,0.15
True,25,0.04,True,10,10,False,25,True,0.25325248931871486,0.006880716607497288,0.5002782899150092,34.26827705116011,52.76708127930761,0.0,Robust-MTD,56,case57,0.15
True,33,0.04,False,20,20,False,33,True,0.40524379274318234,0.04376687602981673,0.5002782899150092,46.72129369573668,83.2763146143407,0.0,Robust-MTD,57,case57,0.15
True,42,-0.04,False,20,20,False,42,True,3.867180879745421e-10,0.01705983238281525,0.5002782899150092,33.148998086107895,50.73175267025363,0.0,Robust-MTD,58,case57,0.15
True,21,0.04,False,20,20,False,0,False,0.5752370727301829,0.3445774147244642,0.5002782899150092,35.374541697092354,43.6888277385151,0.0,Robust-MTD,59,case57,0.15
True,36,-0.04,True,1,1,False,36,True,0.0009200350520069227,0.00148261533764572,0.5002782899150092,33.235629202681594,48.36311071703676,0.0,Robust-MTD,60,case57,0.15
True,46,0.04,False,20,20,False,0,False,0.5644539929735322,0.35502578813694197,0.5002782899150092,33.9140811964171,45.52255653834436,0.0,Robust-MTD,61,case57,0.15
True,56,0.04,False,20,20,False,56,True,0.17144160202629852,0.02093464994018767,0.5002782899150092,36.072822849382646,56.236531527247294,0.0,Robust-MTD,62,case57,0.15
True,8,-0.04,True,2,2,False,8,True,3.8671819781197486e-10,0.006972091736540137,0.5002782899150092,37.64935196086299,55.98756313556806,0.0,Robust-MTD,63,case57,0.15
True,2,0.04,True,1,1,False,2,True,0.0015901793812114354,0.008239180523678922,0.5002782899150092,35.420147943659686,47.91951283405069,0.0,Robust-MTD,64,case57,0.15
True,43,0.04,True,1,1,False,44,False,0.16985268170177484,0.004897623681582952,0.5002782899150092,35.927664453629404,57.441883298452034,0.0,Robust-MTD,65,case57,0.15
True,11,0.04,True,2,2,False,11,True,3.8671819781197475e-10,0.006973339497397281,0.5002782899150092,31.538337399251755,49.00174313515891,0.0,Robust-MTD,66,case57,0.15
True,7,0.04,False,20,20,False,0,False,0.5976007847361308,0.33920854015206486,0.5002782899150092,35.51160414936021,49.12195147480816,0.0,Robust-MTD,67,case57,0.15
True,7,-0.04,False,20,20,False,0,False,0.6296749266902836,0.27796385739510787,0.5002782899150092,34.38550830760505,45.64164344046731,0.0,Robust-MTD,68,case57,0.15
True,51,-0.04,True,10,10,False,51,True,0.31112310232132423,0.014119218033926587,0.5002782899150092,30.120479146717116,62.277780586737215,0.0,Robust-MTD,69,case57,0.15
True,12,-0.04,True,1,1,False,12,True,3.8671819781197475e-10,0.0007511966053550718,0.5002782899150092,41.29239800677169,58.263570495182655,0.0,Robust-MTD,70,case57,0.15
True,17,-0.04,True,3,3,False,18,False,0.26932789155194,0.009343300668971571,0.5002782899150092,32.556295848917216,61.210768052842475,0.0,Robust-MTD,71,case57,0.15
True,35,0.04,True,1,1,False,35,True,1.1258105659039906e-05,0.0014088774092605842,0.5002782899150092,35.66689174040221,48.99768571776804,0.0,Robust-MTD,72,case57,0.15
True,37,0.04,True,1,1,False,44,False,0.10828429716207001,0.00523766927219951,0.5002782899150092,32.54253945196979,51.67166941391771,0.0,Robust-MTD,73,case57,0.15
True,11,0.04,True,1,1,False,11,True,3.8671819781197475e-10,0.006973339497397281,0.5002782899150092,31.01671880867798,47.89654108753894,0.0,Robust-MTD,74,case57,0.15
True,43,-0.04,True,1,1,False,44,False,0.17511239944933907,0.004862580284543097,0.5002782899150092,35.491633499623276,56.03464613377582,0.0,Robust-MTD,75,case57,0.15
True,39,0.04,True,1,1,False,39,True,3.867180879718788e-10,0.005387938967377669,0.5002782899150092,34.779133449774235,48.137083649635315,0.0,Robust-MTD,76,case57,0.15
True,41,-0.04,False,20,20,False,41,True,3.9332822707907026e-10,0.02279623683264104,0.5002782899150092,36.41724380431697,56.93658335658259,0.0,Robust-MTD,77,case57,0.15
True,11,-0.04,True,4,4,False,11,True,3.8671819781197475e-10,0.006973339497397281,0.5002782899150092,34.78295425593387,42.46018987323625,0.0,Robust-MTD,78,case57,0.15
True,24,0.04,True,4,4,False,24,True,0.27971642535410396,0.01628742476717763,0.5002782899150092,31.415902145090513,56.249106558971114,0.0,Robust-MTD,79,case57,0.15
True,26,-0.04,True,3,3,False,26,True,0.21774406424034218,0.0072918733028987295,0.5002782899150092,31.18688119284343,41.08268060081173,0.0,Robust-MTD,80,case57,0.15
True,37,0.04,True,1,1,False,44,False,0.1744523301832236,0.004867042326616798,0.5002782899150092,32.64608330500778,64.86896900460127,0.0,Robust-MTD,81,case57,0.15
True,26,-0.04,True,6,6,False,26,True,0.2239326544735094,0.007239378627869023,0.5002782899150092,38.89525425620377,49.47674556460698,0.0,Robust-MTD,82,case57,0.15
True,20,-0.04,True,1,1,False,18,False,0.3043873281263572,0.008769541086355043,0.5002782899150092,32.68777710327413,54.604993428802125,0.0,Robust-MTD,83,case57,0.15
True,54,0.04,False,20,20,False,54,True,0.1880279975496333,0.02004434884061756,0.5002782899150092,35.93433959467802,60.48598151246554,0.0,Robust-MTD,84,case57,0.15
True,31,0.04,False,20,20,False,31,True,0.41368990116996074,0.07830017594977082,0.5002782899150092,35.696879142778926,47.7661999524571,0.0,Robust-MTD,85,case57,0.15
True,28,0.04,True,1,1,False,28,True,3.8671814289192725e-10,0.004933589770315231,0.5002782899150092,28.92853769590147,43.82063123630362,0.0,Robust-MTD,86,case57,0.15
True,26,-0.04,True,11,11,False,25,False,0.24996711142924083,0.006934701444021095,0.5002782899150092,35.393189449678175,59.99779941630551,0.0,Robust-MTD,87,case57,0.15
True,17,-0.04,True,3,3,False,17,True,0.33902327882078753,0.007742063799767339,0.5002782899150092,35.920150054153055,81.26315207337032,0.0,Robust-MTD,88,case57,0.15
True,55,-0.04,True,1,1,False,55,True,4.039813086709906e-10,0.005655526748361914,0.5002782899150092,35.01949165365659,70.5806673009647,0.0,Robust-MTD,89,case57,0.15
True,11,0.04,True,7,7,False,11,True,3.8671819781197475e-10,0.006973339497397281,0.5002782899150092,33.99358120805118,47.71148339204957,0.0,Robust-MTD,90,case57,0.15
True,48,-0.04,True,1,1,False,48,True,0.27085518222192584,0.007836527468412088,0.5002782899150092,36.57329580455553,71.852085084538,0.0,Robust-MTD,91,case57,0.15
True,50,-0.04,True,5,5,False,50,True,0.16106878540042585,0.011085741365821215,0.5002782899150092,35.59592489618808,58.66605595801958,0.0,Robust-MTD,92,case57,0.15
True,53,-0.04,True,1,1,False,51,False,0.21793822851141115,0.009155331202649667,0.5002782899150092,31.228039602865465,61.75388964184095,0.0,Robust-MTD,93,case57,0.15
True,43,0.04,True,1,1,False,44,False,0.2568478431641969,0.004036031346345739,0.5002782899150092,30.396758308052085,49.725366366328686,0.0,Robust-MTD,94,case57,0.15
True,40,-0.04,False,20,20,False,40,True,0.1571624779251966,0.06335737702635884,0.5002782899150092,31.27998330164701,39.20427644625308,0.0,Robust-MTD,95,case57,0.15
True,10,-0.04,False,20,20,False,10,True,3.8671819781197475e-10,0.009478531457816183,0.5002782899150092,31.113220704719424,54.366885087802096,0.0,Robust-MTD,96,case57,0.15
True,14,0.04,True,1,1,False,14,True,3.8671814289266603e-10,0.005077598098494852,0.5002782899150092,33.56924564286601,58.594420508597985,0.0,Robust-MTD,97,case57,0.15
True,53,-0.04,True,1,1,False,51,False,0.2763530064477977,0.006560951257368932,0.5002782899150092,36.355260404525325,78.18307857378389,0.0,Robust-MTD,98,case57,0.15
True,49,-0.04,True,1,1,False,50,False,0.24213631476196848,0.009571718616264605,0.5002782899150092,40.56262285739649,90.34409193554895,0.0,Robust-MTD,99,case57,0.15
True,56,0.04,True,6,6,False,38,False,0.1714416014238142,0.020934649943845952,0.5002782899150092,28.10644790297374,38.236770877847455,0.0,Robust-MTD,100,case57,0.15
True,17,-0.04,True,2,2,False,18,False,0.32618417990808046,0.008274691258640998,0.5002782899150092,32.649291545385495,63.47034166101366,0.0,Robust-MTD,101,case57,0.15
True,12,0.04,True,1,1,False,12,True,3.8671819781197475e-10,0.0007511966053550718,0.5002782899150092,36.58621244831011,60.3896853834158,0.0,Robust-MTD,102,case57,0.15
True,48,-0.04,True,1,1,False,48,True,0.26897691761021253,0.007833653658323295,0.5002782899150092,31.21340840589255,50.60506039590109,0.0,Robust-MTD,103,case57,0.15
True,31,0.04,False,20,20,False,31,True,0.4092909858980357,0.06659809130448269,0.5002782899150092,34.41127719706856,52.806227692053696,0.0,Robust-MTD,104,case57,0.15
True,31,0.04,False,20,20,False,0,False,0.5283972156859353,0.3745781993456513,0.5002782899150092,35.42283744609449,56.34935864654837,0.0,Robust-MTD,105,case57,0.15
True,41,-0.04,False,20,20,False,41,True,5.497352339846841e-10,0.02279623683898708,0.5002782899150092,31.955268702586178,44.42976423015352,0.0,Robust-MTD,106,case57,0.15
True,16,-0.04,False,20,20,False,0,False,0.5312053404863397,0.3718501077236877,0.5002782899150092,30.56539799727034,40.69785592146219,0.0,Robust-MTD,107,case57,0.15
True,20,0.04,True,1,1,False,17,False,0.30665883179039943,0.008699310645536149,0.5002782899150092,33.07266249903478,62.85324754717295,0.0,Robust-MTD,108,case57,0.15
True,50,0.04,True,14,14,False,50,True,0.2470773472845698,0.009593331051591021,0.5002782899150092,36.18342519621365,63.4483062545769,0.0,Robust-MTD,109,case57,0.15
True,17,0.04,True,4,4,False,18,False,0.28265232222360676,0.009159703127870926,0.5002782899150092,34.53125830856152,65.04699376237113,0.0,Robust-MTD,110,case57,0.15
True,41,0.04,False,20,20,False,41,True,4.6722407433745085e-05,0.022796971276322884,0.5002782899150092,33.95069785474334,68.14273365598639,0.0,Robust-MTD,111,case57,0.15
True,15,0.04,False,20,20,False,0,False,0.5527925983857354,0.35773453635842134,0.5002782899150092,30.790716595947742,65.42925178073347,0.0,Robust-MTD,112,case57,0.15
True,12,-0.04,True,1,1,False,12,True,3.8671819781197475e-10,0.0007511966053550718,0.5002782899150092,32.708362498669885,54.516124993097065,0.0,Robust-MTD,113,case57,0.15
True,33,-0.04,False,20,20,False,31,False,0.39563866536837156,0.06306595614477553,0.5002782899150092,28.526179151958786,39.20546041044875,0.0,Robust-MTD,114,case57,0.15
True,8,0.04,True,1,1,False,8,True,3.8671819781197475e-10,0.006972091736540137,0.5002782899150092,35.49143540149089,67.77699998347089,0.0,Robust-MTD,115,case57,0.15
True,16,-0.04,False,20,20,False,0,False,0.543927864541925,0.3632862003521922,0.5002782899150092,34.67638340080157,60.431609826628126,0.0,Robust-MTD,116,case57,0.15
True,46,-0.04,False,20,20,False,0,False,0.5655156857513416,0.3447266744074353,0.5002782899150092,33.528493758058175,58.23969136108646,0.0,Robust-MTD,117,case57,0.15
True,8,-0.04,True,7,7,False,8,True,3.8671819781197475e-10,0.006972091736540137,0.5002782899150092,31.99051253905054,61.68133366736584,0.0,Robust-MTD,118,case57,0.15
True,20,0.04,True,1,1,False,17,False,0.3188223901777625,0.008458694405509828,0.5002782899150092,27.787345804972574,42.67983125173487,0.0,Robust-MTD,119,case57,0.15
True,52,-0.04,True,1,1,False,51,False,0.21683937284319393,0.009392727971542305,0.5002782899150092,36.57144374737982,91.84248989913613,0.0,Robust-MTD,120,case57,0.15
True,9,-0.04,False,20,20,False,9,True,0.0006168757841219385,0.051376916960084014,0.5002782899150092,31.926987439510413,51.746769034070915,0.0,Robust-MTD,121,case57,0.15
True,21,0.04,False,20,20,False,0,False,0.5388050660697495,0.37126992078418675,0.5002782899150092,31.145383199327625,52.043410370242796,0.0,Robust-MTD,122,case57,0.15
True,43,0.04,True,1,1,False,44,False,0.19346838635615604,0.0047302657067913555,0.5002782899150092,31.972060448606495,55.192807706771426,0.0,Robust-MTD,123,case57,0.15
True,18,-0.04,True,9,9,False,18,True,0.28141468918766416,0.009176727499874296,0.5002782899150092,32.32149784453213,63.23190773255194,0.0,Robust-MTD,124,case57,0.15
True,38,-0.04,False,20,20,False,38,True,0.17144160094404476,0.020934649943102887,0.5002782899150092,32.09493114845827,59.13682082027664,0.0,Robust-MTD,125,case57,0.15
True,47,-0.04,False,20,20,False,0,False,0.6269849784302477,0.3080626368074286,0.5002782899150092,28.36900200054515,42.83421426953282,0.0,Robust-MTD,126,case57,0.15
True,51,-0.04,False,20,20,False,54,False,0.2519730220598944,0.016733128565961135,0.5002782899150092,32.600595749681816,54.99128090741579,0.0,Robust-MTD,127,case57,0.15
True,23,0.04,True,0,0,False,0,False,0.6010701640231516,0.3379093844346564,0.5002782899150092,29.575737498817034,46.1435666657053,0.0,Robust-MTD,128,case57,0.15
True,40,0.04,True,15,15,False,40,True,0.03051370506221218,0.07276908896732573,0.5002782899150092,30.413906098692678,40.6073124962859,0.0,Robust-MTD,129,case57,0.15
True,20,-0.04,True,1,1,False,19,False,0.34062248405817885,0.0069205603888637555,0.5002782899150092,34.882133346400224,64.04388128721621,0.0,Robust-MTD,130,case57,0.15
True,51,-0.04,True,15,15,False,54,False,0.19625278186062267,0.019087700156938066,0.5002782899150092,37.87681239773519,86.63506041048096,0.0,Robust-MTD,131,case57,0.15
True,26,0.04,True,1,1,False,25,False,0.23608376491225272,0.007117681346133406,0.5002782899150092,30.455650051590055,60.34003750246484,0.0,Robust-MTD,132,case57,0.15
True,43,-0.04,True,1,1,False,44,False,0.13119910351335284,0.005124328932798676,0.5002782899150092,29.845929206931032,45.792558955145104,0.0,Robust-MTD,133,case57,0.15
True,54,-0.04,False,20,20,False,54,True,0.16195662137722375,0.02099181586645173,0.5002782899150092,31.477412549429573,53.47174587659538,0.0,Robust-MTD,134,case57,0.15
True,32,0.04,False,20,20,False,0,False,0.543226819756086,0.36748608794722964,0.5002782899150092,33.54813334008213,43.88214855862318,0.0,Robust-MTD,135,case57,0.15
True,47,0.04,False,20,20,False,0,False,0.6147952885886425,0.2922784988102407,0.5002782899150092,32.477275002747774,46.746664549573374,0.0,Robust-MTD,136,case57,0.15
True,51,0.04,True,2,2,False,54,False,0.18816501723628187,0.01958110119384913,0.5002782899150092,32.41926044865977,49.001956864958636,0.0,Robust-MTD,137,case57,0.15
True,53,0.04,True,1,1,False,51,False,0.15682424892041966,0.010710597712531402,0.5002782899150092,29.899735454819165,67.60645865579136,0.0,Robust-MTD,138,case57,0.15
True,54,0.04,False,20,20,False,54,True,0.16976039550788052,0.020722512760524607,0.5002782899150092,32.871429246733896,50.1432330114767,0.0,Robust-MTD,139,case57,0.15
True,20,0.04,True,1,1,False,17,False,0.3142123174611528,0.008567016018330525,0.5002782899150092,26.17653954657726,36.65129410510418,0.0,Robust-MTD,140,case57,0.15
True,52,0.04,True,1,1,False,51,False,0.18495951325228677,0.010021335209261401,0.5002782899150092,32.56604184862226,75.53234200458974,0.0,Robust-MTD,141,case57,0.15
True,10,0.04,True,4,4,False,10,True,3.8671819781197646e-10,0.009478531457816183,0.5002782899150092,33.22037720645312,68.67024825769478,0.0,Robust-MTD,142,case57,0.15
True,12,-0.04,True,1,1,False,12,True,3.8671819781197475e-10,0.0007511966053550718,0.5002782899150092,32.59878134413157,54.41694372566419,0.0,Robust-MTD,143,case57,0.15
True,10,0.04,True,9,9,False,10,True,3.8671819781203395e-10,0.009478531457816183,0.5002782899150092,29.642208304721862,43.761953842476956,0.0,Robust-MTD,144,case57,0.15
True,11,-0.04,True,3,3,False,11,True,3.8671819781197475e-10,0.006973339497397281,0.5002782899150092,29.359579156152904,46.81977881118655,0.0,Robust-MTD,145,case57,0.15
True,25,-0.04,True,1,1,False,26,False,0.26297626694172094,0.006705600782269879,0.5002782899150092,30.213220801670104,49.39178096828983,0.0,Robust-MTD,146,case57,0.15
True,36,0.04,True,1,1,False,36,True,0.00017014813509350088,0.001482641879516501,0.5002782899150092,31.241195905022323,46.11020686279517,0.0,Robust-MTD,147,case57,0.15
True,44,-0.04,True,1,1,False,44,True,0.0744049329404638,0.005381665295667173,0.5002782899150092,36.13930220599286,43.046475006849505,0.0,Robust-MTD,148,case57,0.15
True,24,0.04,True,15,15,False,24,True,0.3292289950426328,0.020807283478845993,0.5002782899150092,32.34843125392217,42.23045415128582,0.0,Robust-MTD,149,case57,0.15
True,3,0.04,True,9,9,False,3,True,0.01935048399973126,0.011942282632793622,0.5002782899150092,25.955270903068595,39.9614642636152,0.0,Robust-MTD,150,case57,0.15
True,42,0.04,False,20,20,False,42,True,3.8671808797269463e-10,0.01705983238281525,0.5002782899150092,31.628345799981616,65.34497920947616,0.0,Robust-MTD,151,case57,0.15
True,23,0.04,False,20,20,False,0,False,0.6500961023141488,0.30357095571816256,0.5002782899150092,28.31278534431476,39.831279151258066,0.0,Robust-MTD,152,case57,0.15
True,45,0.04,True,7,7,False,45,True,3.8671808797225886e-10,0.012294438851283989,0.5002782899150092,30.537497813929804,51.043037828640095,0.0,Robust-MTD,153,case57,0.15
True,24,-0.04,False,20,20,False,29,False,0.3339355569325205,0.021379979145547453,0.5002782899150092,31.221224990440533,65.79034964961467,0.0,Robust-MTD,154,case57,0.15
True,22,-0.04,False,20,20,False,0,False,0.6506958597564474,0.28414190001361583,0.5002782899150092,33.77794801199343,47.46243574190885,0.0,Robust-MTD,155,case57,0.15
True,23,0.04,False,20,20,False,0,False,0.535128209822165,0.36911939397224575,0.5002782899150092,33.817737648496404,48.18008510628717,0.0,Robust-MTD,156,case57,0.15
True,54,0.04,False,20,20,False,54,True,0.2795613018359088,0.01681819361922441,0.5002782899150092,32.26843319716863,62.0291955099674,0.0,Robust-MTD,157,case57,0.15
True,33,-0.04,False,20,20,False,34,False,0.4278142347062135,0.04831868321676684,0.5002782899150092,33.033264451660216,78.06510181108025,0.0,Robust-MTD,158,case57,0.15
True,39,-0.04,True,2,2,False,39,True,5.867037397837598e-10,0.005387938967386322,0.5002782899150092,30.51453114603646,47.83182855462656,0.0,Robust-MTD,159,case57,0.15
True,13,0.04,True,1,1,False,13,True,3.8671819781197475e-10,0.0009207615179477884,0.5002782899150092,30.328356244717725,45.39095418294892,0.0,Robust-MTD,160,case57,0.15
True,38,0.04,False,20,20,False,56,False,0.1714416396166417,0.020934649817749944,0.5002782899150092,33.43360204889905,58.55224521656055,0.0,Robust-MTD,161,case57,0.15
True,35,0.04,True,1,1,False,35,True,0.00032906923146761946,0.0014088870599035601,0.5002782899150092,34.48504375410266,67.64128157519737,0.0,Robust-MTD,162,case57,0.15
True,26,-0.04,True,1,1,False,25,False,0.2254647817740319,0.007225487604793912,0.5002782899150092,25.585870794020593,35.33919730689377,0.0,Robust-MTD,163,case57,0.15
True,1,0.04,False,20,20,False,0,False,0.579993317188911,0.3419376299607584,0.5002782899150092,32.11102084314916,59.01555410528095,0.0,Robust-MTD,164,case57,0.15
True,49,-0.04,True,3,3,False,49,True,0.27003572347572524,0.008258191168531222,0.5002782899150092,29.77043339924421,59.349010765436105,0.0,Robust-MTD,165,case57,0.15
True,40,0.04,False,20,20,False,40,True,0.28128079165895464,0.11679436724670252,0.5002782899150092,27.748893853276968,35.907206291449256,0.0,Robust-MTD,166,case57,0.15
True,40,0.04,False,20,20,False,40,True,0.5308927603855155,0.22402696951976406,0.5002782899150092,31.78501244983636,48.64273893763314,0.0,Robust-MTD,167,case57,0.15
True,28,0.04,True,1,1,False,28,True,3.8671814289205976e-10,0.004933589770315231,0.5002782899150092,38.16888970031869,65.8939660643228,0.0,Robust-MTD,168,case57,0.15
True,38,0.04,False,20,20,False,56,False,0.17155763265753338,0.020933954998461988,0.5002782899150092,35.205560649046674,60.75803369167261,0.0,Robust-MTD,169,case57,0.15
True,27,0.04,True,1,1,False,25,False,0.2550279251136062,0.00684906140910704,0.5002782899150092,32.44421874405816,62.17453302524522,0.0,Robust-MTD,170,case57,0.15
True,30,-0.04,False,20,20,False,0,False,0.5733842183494386,0.35141806606191295,0.5002782899150092,34.374466611188836,68.64901638182346,0.0,Robust-MTD,171,case57,0.15
True,31,-0.04,False,20,20,False,0,False,0.6555869304257704,0.29278956431980585,0.5002782899150092,29.466629147646017,56.457763919024735,0.0,Robust-MTD,172,case57,0.15
True,27,0.04,True,1,1,False,25,False,0.22080405348821977,0.0072666146515165285,0.5002782899150092,26.468083358486183,35.622752126073486,0.0,Robust-MTD,173,case57,0.15
True,51,0.04,True,14,14,False,54,False,0.23359121527495869,0.01755561799626166,0.5002782899150092,29.98992099019233,52.55917352333201,0.0,Robust-MTD,174,case57,0.15
True,28,0.04,True,3,3,False,28,True,3.8671814289210505e-10,0.004933589770315231,0.5002782899150092,28.51385400572326,40.30225033056922,0.0,Robust-MTD,175,case57,0.15
True,33,-0.04,False,20,20,False,34,False,0.39712225877742463,0.05359897156721195,0.5002782899150092,31.548625006689687,50.185266367043376,0.0,Robust-MTD,176,case57,0.15
True,20,-0.04,True,1,1,False,18,False,0.2990617814058656,0.008876846600915547,0.5002782899150092,30.197893950389698,46.10235831059981,0.0,Robust-MTD,177,case57,0.15
True,5,0.04,False,20,20,False,5,True,6.758062343396414e-10,0.012262622556291396,0.5002782899150092,27.313381203566678,47.80274378135801,0.0,Robust-MTD,178,case57,0.15
True,38,0.04,False,20,20,False,38,True,0.17144161158722868,0.02093464991091208,0.5002782899150092,28.762943804031238,43.63420421432239,0.0,Robust-MTD,179,case57,0.15
True,52,-0.04,True,1,1,False,51,False,0.21023577585682063,0.009420856844261697,0.5002782899150092,28.525268845260143,39.70451907371172,0.0,Robust-MTD,180,case57,0.15
True,48,0.04,True,1,1,False,48,True,0.22454638054959702,0.006181830850681277,0.5002782899150092,36.56259580166079,80.66027440072504,0.0,Robust-MTD,181,case57,0.15
True,32,-0.04,False,20,20,False,0,False,0.5638671207914896,0.35889692556781166,0.5002782899150092,27.057060404331423,42.59078577160836,0.0,Robust-MTD,182,case57,0.15
True,48,0.04,True,1,1,False,49,False,0.2661724773186555,0.007714177678318808,0.5002782899150092,33.74436885351315,66.13962915143931,0.0,Robust-MTD,183,case57,0.15
True,48,0.04,True,1,1,False,50,False,0.1925430091045785,0.01010262128469425,0.5002782899150092,23.332483306876384,31.01915451406967,0.0,Robust-MTD,184,case57,0.15
True,5,0.04,True,12,12,False,5,True,3.6223345147534314e-05,0.012262663194781665,0.5002782899150092,25.680224952520803,33.26143781014253,0.0,Robust-MTD,185,case57,0.15
True,41,0.04,False,20,20,False,41,True,1.1143225005306732e-07,0.022796237968696283,0.5002782899150092,37.44956245063804,62.63700652634728,0.0,Robust-MTD,186,case57,0.15
True,29,-0.04,False,20,20,False,24,False,0.32129671270553484,0.020014651369978674,0.5002782899150092,29.978666696115397,46.140483664930805,0.0,Robust-MTD,187,case57,0.15
True,10,-0.04,True,11,11,False,10,True,3.8671819781197475e-10,0.009478531457816183,0.5002782899150092,27.986464646528475,42.83586845267566,0.0,Robust-MTD,188,case57,0.15
True,13,0.04,True,1,1,False,13,True,3.8671819781197475e-10,0.0009207615179477884,0.5002782899150092,18.348818691447377,21.040670821093954,0.0,Robust-MTD,189,case57,0.15
True,7,-0.04,False,20,20,False,0,False,0.568397743164792,0.3491533834985049,0.5002782899150092,28.19779370620381,48.9132625050843,0.0,Robust-MTD,190,case57,0.15
True,34,-0.04,False,20,20,False,31,False,0.41768198473324875,0.07031174746003531,0.5002782899150092,26.530414453009143,36.76250861608424,0.0,Robust-MTD,191,case57,0.15
True,23,-0.04,False,20,20,False,0,False,0.5615019618159982,0.3593752277087013,0.5002782899150092,34.478060354012996,61.44569792668337,0.0,Robust-MTD,192,case57,0.15
True,22,-0.04,False,20,20,False,0,False,0.541097687064241,0.36908745935554754,0.5002782899150092,24.468731301021762,32.6612819073489,0.0,Robust-MTD,193,case57,0.15
True,53,-0.04,True,1,1,False,51,False,0.21399146662044702,0.009367207268317402,0.5002782899150092,17.530949955107644,21.933158309548162,0.0,Robust-MTD,194,case57,0.15
True,40,0.04,False,20,20,False,40,True,0.08791929178180523,0.06518896413407772,0.5002782899150092,29.259572995943017,44.374783016974106,0.0,Robust-MTD,195,case57,0.15
True,4,-0.04,False,20,20,False,0,False,0.5874044349456331,0.3416999677344577,0.5002782899150092,20.431375043699518,25.04338541184552,0.0,Robust-MTD,196,case57,0.15
True,23,0.04,False,20,20,False,0,False,0.5539564529489848,0.3585250217642054,0.5002782899150092,31.435220799176022,59.03818094229791,0.0,Robust-MTD,197,case57,0.15
True,17,0.04,True,10,10,False,17,True,0.3419851492571293,0.0074216518710632,0.5002782899150092,19.217601997661404,21.92828300758265,0.0,Robust-MTD,198,case57,0.15
True,28,0.04,True,1,1,False,28,True,3.8671814289223967e-10,0.004933589770315231,0.5002782899150092,11.970489606028423,13.858741646981798,0.0,Robust-MTD,199,case57,0.15
True,26,-0.04,False,20,20,False,0,False,0.6118597849470762,0.3346857724416738,0.6377182129149895,22.53530199814122,32.59923956647981,0.0,HMTD-MDE,0,case57,0.18
True,49,-0.04,False,20,20,False,49,True,0.12395180359983354,0.014651467460200383,0.6377182129149895,24.600424896925688,33.39780446840451,0.0,HMTD-MDE,1,case57,0.18
True,53,-0.04,True,1,1,False,52,False,0.19965563836714884,0.0049098618973842725,0.6377182129149895,25.50739794387482,32.40751878765878,0.0,HMTD-MDE,2,case57,0.18
True,37,0.04,True,5,5,False,37,True,0.17198614278237484,0.011272615501836602,0.6377182129149895,27.02442285080906,38.50446007854772,0.0,HMTD-MDE,3,case57,0.18
True,46,0.04,True,17,17,False,0,False,0.5871411769933931,0.36151520348604727,0.6377182129149895,34.36711029498838,60.644880970357924,0.0,HMTD-MDE,4,case57,0.18
True,17,0.04,False,20,20,False,17,True,0.22834086200932435,0.04654419662554891,0.6377182129149895,19.104295794386417,26.429754134733233,0.0,HMTD-MDE,5,case57,0.18
True,24,0.04,False,20,20,False,24,True,0.3981643019614976,0.01760078680974591,0.6377182129149895,24.436435458483174,33.71550066804048,0.0,HMTD-MDE,6,case57,0.18
True,3,0.04,True,1,1,False,3,True,3.8671819781229854e-10,0.00399995126315793,0.6377182129149895,27.98459170735441,38.39189374994025,0.0,HMTD-MDE,7,case57,0.18
True,8,-0.04,True,1,1,False,8,True,3.8671819781197475e-10,0.00035233885516366655,0.6377182129149895,28.542289554025047,51.03668685769663,0.0,HMTD-MDE,8,case57,0.18
True,22,0.04,False,20,20,False,17,False,0.6086834667993918,0.21717788376480396,0.6377182129149895,28.224306294578128,49.52149583841675,0.0,HMTD-MDE,9,case57,0.18
True,29,-0.04,False,20,20,False,31,False,0.407397329298758,0.019181268513243706,0.6377182129149895,20.70741679344792,29.71117708948441,0.0,HMTD-MDE,10,case57,0.18
True,28,-0.04,False,20,20,False,28,True,0.11619198178703195,0.02608307827647905,0.6377182129149895,25.780941697303206,34.69423367641867,0.0,HMTD-MDE,11,case57,0.18
True,8,0.04,True,1,1,False,8,True,3.8671819781197475e-10,0.00035233885516366655,0.6377182129149895,23.453847848577425,30.925129813840616,0.0,HMTD-MDE,12,case57,0.18
True,28,-0.04,False,20,20,False,28,True,0.13072268833225265,0.02666286827550124,0.6377182129149895,28.944420645711944,49.51653751486447,0.0,HMTD-MDE,13,case57,0.18
True,22,0.04,False,20,20,False,0,False,0.6191133360317477,0.3454097514947591,0.6377182129149895,33.32224804616999,68.69562289793978,0.0,HMTD-MDE,14,case57,0.18
True,26,0.04,False,20,20,False,0,False,0.5904480371019512,0.34678639821662705,0.6377182129149895,20.404247852275148,28.595639282139018,0.0,HMTD-MDE,15,case57,0.18
True,40,-0.04,False,20,20,False,40,True,0.002598478447321944,0.012710844697105017,0.6377182129149895,25.503045905497856,36.84419759665616,0.0,HMTD-MDE,16,case57,0.18
True,1,-0.04,False,20,20,False,0,False,0.6539922916631251,0.3268661553855942,0.6377182129149895,25.36010209005326,34.44579583301675,0.0,HMTD-MDE,17,case57,0.18
True,37,-0.04,True,15,15,False,37,True,0.17205389405905505,0.01127559524801341,0.6377182129149895,28.81462499499321,40.73481313535013,0.0,HMTD-MDE,18,case57,0.18
True,42,-0.04,False,20,20,False,42,True,5.139706334101294e-09,0.03849071102702291,0.6377182129149895,26.59320624661632,40.80552472732962,0.0,HMTD-MDE,19,case57,0.18
True,32,0.04,False,20,20,False,0,False,0.5592027974512548,0.37324618524897,0.6377182129149895,21.03460625221487,28.540187183534737,0.0,HMTD-MDE,20,case57,0.18
True,20,0.04,True,2,2,False,19,False,0.2532214789056021,0.009934332599039836,0.6377182129149895,25.241256156004965,32.157728826859966,0.0,HMTD-MDE,21,case57,0.18
True,46,0.04,False,20,20,False,0,False,0.5723212744765189,0.36589111001028574,0.6377182129149895,23.74664359667804,30.459760694066063,0.0,HMTD-MDE,22,case57,0.18
True,42,0.04,False,20,20,False,42,True,5.716135929227797e-07,0.038490742726910526,0.6377182129149895,28.562072903150693,54.59700624342077,0.0,HMTD-MDE,23,case57,0.18
True,56,-0.04,True,3,3,False,38,False,0.1714416009603366,0.017343495999449208,0.6377182129149895,27.128793657175265,53.96951252187137,0.0,HMTD-MDE,24,case57,0.18
True,53,0.04,True,1,1,False,52,False,0.23177435859738849,0.005983161584668508,0.6377182129149895,29.176297795493156,52.86555206403137,0.0,HMTD-MDE,25,case57,0.18
True,48,0.04,True,1,1,False,48,True,3.8671808797252433e-10,0.0031742322752525607,0.6377182129149895,32.5472458061995,54.10641040944034,0.0,HMTD-MDE,26,case57,0.18
True,24,-0.04,True,16,16,False,30,False,0.3993817678759664,0.01777667324352846,0.6377182129149895,34.49762925156392,73.79489823943004,0.0,HMTD-MDE,27,case57,0.18
True,20,0.04,True,3,3,False,20,True,0.2661032590146376,0.011340617487950486,0.6377182129149895,28.56107520929072,47.10165831493215,0.0,HMTD-MDE,28,case57,0.18
True,34,-0.04,True,18,18,False,31,False,0.42752396783833824,0.022609896241240483,0.6377182129149895,29.010629208642058,45.44314821832816,0.0,HMTD-MDE,29,case57,0.18
True,11,-0.04,True,1,1,False,11,True,3.8671819781197475e-10,0.0003672045916893344,0.6377182129149895,26.910477250930853,36.234989899094224,0.0,HMTD-MDE,30,case57,0.18
True,38,0.04,False,20,20,False,38,True,0.17144160094404476,0.01734349599909562,0.6377182129149895,29.85171880281996,55.663427137187696,0.0,HMTD-MDE,31,case57,0.18
True,32,0.04,False,20,20,False,0,False,0.6010175275659932,0.35194814947158426,0.6377182129149895,29.384341699187644,53.1113312317757,0.0,HMTD-MDE,32,case57,0.18
True,15,-0.04,False,20,20,False,0,False,0.5789906142017022,0.3775097580868615,0.6377182129149895,31.462616706267003,58.892508951248615,0.0,HMTD-MDE,33,case57,0.18
True,36,0.04,True,1,1,False,36,True,3.8671808797200373e-10,0.0010340877774272226,0.6377182129149895,26.487600087421015,42.50308572372888,0.0,HMTD-MDE,34,case57,0.18
True,26,0.04,False,20,20,False,0,False,0.5676506571092196,0.3684652628084495,0.6377182129149895,33.89807710191235,66.11728336720263,0.0,HMTD-MDE,35,case57,0.18
True,28,0.04,False,20,20,False,28,True,0.17143097445059502,0.03041577508151031,0.6377182129149895,31.45861475495622,61.978260768228225,0.0,HMTD-MDE,36,case57,0.18
True,3,0.04,True,1,1,False,3,True,4.085123257811414e-10,0.003999951263163717,0.6377182129149895,28.778693851199932,46.840755984885625,0.0,HMTD-MDE,37,case57,0.18
True,6,0.04,True,1,1,False,6,True,3.8671819781197475e-10,0.0027288290985634546,0.6377182129149895,30.4160082974704,43.704110095859505,0.0,HMTD-MDE,38,case57,0.18
True,51,-0.04,False,20,20,False,51,True,0.18524823824037748,0.037473292623687524,0.6377182129149895,32.539277005707845,53.283407725393786,0.0,HMTD-MDE,39,case57,0.18
True,17,0.04,False,20,20,False,17,True,0.252072878537923,0.05189578023072059,0.6377182129149895,29.478862407268025,53.63224103930408,0.0,HMTD-MDE,40,case57,0.18
True,49,-0.04,True,12,12,False,49,True,0.0932907061770265,0.015415607314177142,0.6377182129149895,33.31373134860769,67.49668061384006,0.0,HMTD-MDE,41,case57,0.18
True,19,-0.04,True,1,1,False,20,False,0.270944319712865,0.012326400536161334,0.6377182129149895,33.750452057574876,79.83427498547826,0.0,HMTD-MDE,42,case57,0.18
True,31,0.04,False,20,20,False,31,True,0.43583073953911666,0.030481195342202796,0.6377182129149895,34.35651254549157,63.65725210052916,0.0,HMTD-MDE,43,case57,0.18
True,55,0.04,True,1,1,False,55,True,0.03158780607380343,0.001486608742782737,0.6377182129149895,28.06377705419436,38.996020177728504,0.0,HMTD-MDE,44,case57,0.18
True,2,0.04,True,2,2,False,2,True,5.382869767590575e-09,0.005750451090326275,0.6377182129149895,30.7685102452524,53.732831258093945,0.0,HMTD-MDE,45,case57,0.18
True,34,-0.04,True,18,18,False,31,False,0.42704669990657984,0.02251155177403627,0.6377182129149895,29.872729096678086,51.83982742018998,0.0,HMTD-MDE,46,case57,0.18
True,14,-0.04,False,20,20,False,14,True,3.867181978119748e-10,0.008633468735441685,0.6377182129149895,28.342845937004313,44.85254411702045,0.0,HMTD-MDE,47,case57,0.18
True,1,0.04,False,20,20,False,0,False,0.555304172940789,0.3310646291112084,0.6377182129149895,27.827958366833627,46.86465623381082,0.0,HMTD-MDE,48,case57,0.18
True,34,-0.04,False,20,20,False,31,False,0.4235272883896652,0.021400133757079484,0.6377182129149895,28.49947510403581,37.46984409226572,0.0,HMTD-MDE,49,case57,0.18
True,40,-0.04,False,20,20,False,40,True,0.0028177205152801342,0.012709709666288206,0.6377182129149895,25.9270957991248,40.01330832252279,0.0,HMTD-MDE,50,case57,0.18
True,27,-0.04,False,20,20,False,27,True,0.28981606097478607,0.04674807743461935,0.6377182129149895,29.986937547801062,50.48172853130384,0.0,HMTD-MDE,51,case57,0.18
True,44,-0.04,False,20,20,False,0,False,0.5695773540596998,0.37118585299091356,0.6377182129149895,30.882708393619396,52.1283871436026,0.0,HMTD-MDE,52,case57,0.18
True,1,0.04,False,20,20,False,0,False,0.6027671461754924,0.33699572858328786,0.6377182129149895,32.7929749910254,61.154628460644744,0.0,HMTD-MDE,53,case57,0.18
True,20,-0.04,True,3,3,False,19,False,0.2616462436487706,0.010726608632798635,0.6377182129149895,28.726381296291947,47.09864430769813,0.0,HMTD-MDE,54,case57,0.18
True,41,-0.04,True,1,1,False,55,False,0.010404419986962277,0.001492947383636136,0.6377182129149895,29.98863334651105,47.98603993258439,0.0,HMTD-MDE,55,case57,0.18
True,25,0.04,False,20,20,False,0,False,0.634078750558107,0.3014309116906041,0.6377182129149895,33.069654257269576,57.04267705150415,0.0,HMTD-MDE,56,case57,0.18
True,33,0.04,False,20,20,False,0,False,0.6004801279068651,0.35746701274505976,0.6377182129149895,28.50366874190513,44.08547885250301,0.0,HMTD-MDE,57,case57,0.18
True,42,-0.04,False,20,20,False,42,True,0.0023506093586753304,0.03876733636451564,0.6377182129149895,28.18108949577436,44.28702709556094,0.0,HMTD-MDE,58,case57,0.18
True,21,0.04,False,20,20,False,0,False,0.570068665472162,0.3690158424845416,0.6377182129149895,30.7267001044238,53.22622942330785,0.0,HMTD-MDE,59,case57,0.18
True,36,-0.04,True,1,1,False,36,True,3.867181154320339e-10,0.0010340877774272224,0.6377182129149895,28.522920855903067,54.251041696988985,0.0,HMTD-MDE,60,case57,0.18
True,46,0.04,False,20,20,False,0,False,0.5928952132942209,0.3589884263485328,0.6377182129149895,33.03154385066591,56.613007962005256,0.0,HMTD-MDE,61,case57,0.18
True,56,0.04,False,20,20,False,56,True,0.17144160096002628,0.01734349599905556,0.6377182129149895,32.36371051170863,75.1144291542005,0.0,HMTD-MDE,62,case57,0.18
True,8,-0.04,True,1,1,False,8,True,3.8671819781197475e-10,0.00035233885516366655,0.6377182129149895,28.189777050283737,53.870595479384065,0.0,HMTD-MDE,63,case57,0.18
True,2,0.04,True,1,1,False,2,True,4.1996202429105197e-10,0.005750451091940094,0.6377182129149895,30.388408302678727,50.84744791092818,0.0,HMTD-MDE,64,case57,0.18
True,43,0.04,True,6,6,False,43,True,0.1720219557142397,0.011274184013103487,0.6377182129149895,33.58721455151681,60.79694584477694,0.0,HMTD-MDE,65,case57,0.18
True,11,0.04,True,1,1,False,11,True,3.8671819781197475e-10,0.0003672045916893344,0.6377182129149895,34.19862294686027,60.33004165219612,0.0,HMTD-MDE,66,case57,0.18
True,7,0.04,False,20,20,False,7,True,3.328725077570521e-08,0.02831644492331643,0.6377182129149895,29.611585396924056,38.18572772433984,0.0,HMTD-MDE,67,case57,0.18
True,7,-0.04,False,20,20,False,7,True,5.969830820632964e-08,0.028316446798684104,0.6377182129149895,30.888629247783683,47.34567115665414,0.0,HMTD-MDE,68,case57,0.18
True,51,-0.04,False,20,20,False,51,True,0.3025470311386696,0.03633500975588204,0.6377182129149895,35.32432909414638,51.121779141249164,0.0,HMTD-MDE,69,case57,0.18
True,12,-0.04,True,1,1,False,12,True,3.8671819781197475e-10,8.179595351485668e-05,0.6377182129149895,25.182808400131762,38.64218568487559,0.0,HMTD-MDE,70,case57,0.18
True,17,-0.04,False,20,20,False,17,True,0.22394782197833077,0.042268791961260675,0.6377182129149895,27.82999585615471,40.54840684693773,0.0,HMTD-MDE,71,case57,0.18
True,35,0.04,True,1,1,False,35,True,3.867180879721173e-10,0.0009462818882931556,0.6377182129149895,34.91399589693174,87.7995788760018,0.0,HMTD-MDE,72,case57,0.18
True,37,0.04,True,3,3,False,37,True,0.17163811883644808,0.011258324773138692,0.6377182129149895,32.09707490168512,57.7545756183099,0.0,HMTD-MDE,73,case57,0.18
True,11,0.04,True,1,1,False,11,True,3.8671819781197475e-10,0.0003672045916893344,0.6377182129149895,29.362977051641792,35.7082326867385,0.0,HMTD-MDE,74,case57,0.18
True,43,-0.04,False,20,20,False,37,False,0.1715835604557204,0.011256298502820707,0.6377182129149895,30.469327053287998,57.5961481954437,0.0,HMTD-MDE,75,case57,0.18
True,39,0.04,False,20,20,False,0,False,0.6094914437697458,0.3300994206781132,0.6377182129149895,28.190241949050687,43.28985452884809,0.0,HMTD-MDE,76,case57,0.18
True,41,-0.04,True,1,1,False,41,True,0.15541467690020758,0.0012296880469385737,0.6377182129149895,30.75139163993299,45.062816675636,0.0,HMTD-MDE,77,case57,0.18
True,11,-0.04,True,1,1,False,11,True,3.8671819781197475e-10,0.0003672045916893344,0.6377182129149895,31.576566703733988,51.152080573956496,0.0,HMTD-MDE,78,case57,0.18
True,24,0.04,True,13,13,False,34,False,0.40579992132640325,0.018353047318172642,0.6377182129149895,30.26430821046233,58.011926471954226,0.0,HMTD-MDE,79,case57,0.18
True,26,-0.04,False,20,20,False,0,False,0.5958499196394038,0.3552258368349748,0.6377182129149895,34.15572285302915,55.346394013031386,0.0,HMTD-MDE,80,case57,0.18
True,37,0.04,False,20,20,False,37,True,0.17508029245446008,0.011439994748111783,0.6377182129149895,30.016429210081697,53.72418368933723,0.0,HMTD-MDE,81,case57,0.18
True,26,-0.04,False,20,20,False,0,False,0.5963242263999431,0.36833070805211615,0.6377182129149895,31.278610456502065,52.426437530084534,0.0,HMTD-MDE,82,case57,0.18
True,20,-0.04,True,3,3,False,19,False,0.26542015013856834,0.011229247387179831,0.6377182129149895,31.57130829931702,51.54757564305331,0.0,HMTD-MDE,83,case57,0.18
True,54,0.04,False,20,20,False,0,False,0.6036478331913298,0.3204980639804236,0.6377182129149895,32.42513965815306,43.46766285307247,0.0,HMTD-MDE,84,case57,0.18
True,31,0.04,False,20,20,False,31,True,0.43172516361237867,0.025457136182108202,0.6377182129149895,29.84611239808146,48.336672253208235,0.0,HMTD-MDE,85,case57,0.18
True,28,0.04,True,11,11,False,28,True,0.11188657799619081,0.025930506594115194,0.6377182129149895,27.08825829613488,39.22572500014214,0.0,HMTD-MDE,86,case57,0.18
True,26,-0.04,False,20,20,False,0,False,0.6247612840476248,0.3363344622411941,0.6377182129149895,31.174479244509712,54.231472624815076,0.0,HMTD-MDE,87,case57,0.18
True,17,-0.04,False,20,20,False,0,False,0.6634913334264523,0.16331518191732092,0.6377182129149895,29.35187080875039,53.242621448589496,0.0,HMTD-MDE,88,case57,0.18
True,55,-0.04,True,1,1,False,55,True,0.024104459529969927,0.0014879337863477737,0.6377182129149895,27.84038310928736,37.32374372193592,0.0,HMTD-MDE,89,case57,0.18
True,11,0.04,True,1,1,False,11,True,3.8671819781197475e-10,0.0003672045916893344,0.6377182129149895,34.54202704888303,52.69539551518396,0.0,HMTD-MDE,90,case57,0.18
True,48,-0.04,True,1,1,False,48,True,3.8671808797186145e-10,0.0031742322752525607,0.6377182129149895,28.822852051234804,39.12273125315551,0.0,HMTD-MDE,91,case57,0.18
True,50,-0.04,True,1,1,False,49,False,0.14673416224228725,0.013549454249903283,0.6377182129149895,31.87484164664056,56.13298505195419,0.0,HMTD-MDE,92,case57,0.18
True,53,-0.04,True,2,2,False,53,True,0.2556036555242297,0.0073640924422769954,0.6377182129149895,36.50275630061515,69.38223754696082,0.0,HMTD-MDE,93,case57,0.18
True,43,0.04,True,6,6,False,43,True,0.17145437309479247,0.011251980978180899,0.6377182129149895,29.755204054526985,50.81756186846179,0.0,HMTD-MDE,94,case57,0.18
True,40,-0.04,True,4,4,False,40,True,0.0016886767332127447,0.012716692295030025,0.6377182129149895,31.24061039125081,52.528875006828464,0.0,HMTD-MDE,95,case57,0.18
True,10,-0.04,True,1,1,False,10,True,3.8671819781197475e-10,0.0009033949416845461,0.6377182129149895,26.48141874524299,38.48554789437913,0.0,HMTD-MDE,96,case57,0.18
True,14,0.04,True,15,15,False,14,True,3.8671819781197506e-10,0.008633468735441685,0.6377182129149895,29.439537404687144,42.62167642882561,0.0,HMTD-MDE,97,case57,0.18
True,53,-0.04,True,1,1,False,53,True,0.2134905435433926,0.005301279791165979,0.6377182129149895,29.841410447261296,45.451431573019384,0.0,HMTD-MDE,98,case57,0.18
True,49,-0.04,False,20,20,False,49,True,0.13039121531050762,0.014273351612557774,0.6377182129149895,30.97757291106973,52.12712679349352,0.0,HMTD-MDE,99,case57,0.18
True,56,0.04,True,6,6,False,38,False,0.1714416010664135,0.017343496001268208,0.6377182129149895,35.11800839332864,98.00304370000958,0.0,HMTD-MDE,100,case57,0.18
True,17,-0.04,False,20,20,False,18,False,0.32687078977287015,0.028035812027234926,0.6377182129149895,36.54663729830645,55.23595028789716,0.0,HMTD-MDE,101,case57,0.18
True,12,0.04,True,1,1,False,12,True,3.8671819781197475e-10,8.179595351485668e-05,0.6377182129149895,30.710481200367212,67.4786854273407,0.0,HMTD-MDE,102,case57,0.18
True,48,-0.04,True,1,1,False,48,True,3.867180879718715e-10,0.0031742322752525607,0.6377182129149895,31.796125005348586,51.88118159712758,0.0,HMTD-MDE,103,case57,0.18
True,31,0.04,False,20,20,False,31,True,0.4258762299304001,0.02228455294392439,0.6377182129149895,36.39722500811331,72.61325835133904,0.0,HMTD-MDE,104,case57,0.18
True,31,0.04,False,20,20,False,33,False,0.4384878694446441,0.033523271809025486,0.6377182129149895,34.76451875467319,72.21854821254966,0.0,HMTD-MDE,105,case57,0.18
True,41,-0.04,True,1,1,False,41,True,0.16195581816843174,0.0012455556249629848,0.6377182129149895,29.39252489595674,46.8616086174734,0.0,HMTD-MDE,106,case57,0.18
True,16,-0.04,False,20,20,False,0,False,0.562397111544667,0.37481137134607895,0.6377182129149895,41.29421050020028,90.44989584363071,0.0,HMTD-MDE,107,case57,0.18
True,20,0.04,True,2,2,False,19,False,0.21805669223850252,0.008039303673957247,0.6377182129149895,30.18089160323143,48.49608748918399,0.0,HMTD-MDE,108,case57,0.18
True,50,0.04,True,1,1,False,50,True,0.16791097557533244,0.00989246825123346,0.6377182129149895,31.971939757931978,64.22257501108108,0.0,HMTD-MDE,109,case57,0.18
True,17,0.04,False,20,20,False,17,True,0.234193816835105,0.0417658529106254,0.6377182129149895,26.939850102644414,43.521472928114235,0.0,HMTD-MDE,110,case57,0.18
True,41,0.04,True,1,1,False,41,True,0.03854366103072679,0.0011175785051326433,0.6377182129149895,34.89588120719418,76.17360206204468,0.0,HMTD-MDE,111,case57,0.18
True,15,0.04,False,20,20,False,0,False,0.6107854407125767,0.34445104124616177,0.6377182129149895,34.10033324616961,45.97478331706955,0.0,HMTD-MDE,112,case57,0.18
True,12,-0.04,True,1,1,False,12,True,3.8671819781197475e-10,8.179595351485668e-05,0.6377182129149895,39.1276020440273,71.84723360114734,0.0,HMTD-MDE,113,case57,0.18
True,33,-0.04,False,20,20,False,33,True,0.667587725183092,0.16573202113083169,0.6377182129149895,33.82049179344904,46.367227096925504,0.0,HMTD-MDE,114,case57,0.18
True,8,0.04,True,1,1,False,8,True,3.8671819781197475e-10,0.00035233885516366655,0.6377182129149895,33.38430630101357,66.36168960249051,0.0,HMTD-MDE,115,case57,0.18
True,16,-0.04,False,20,20,False,0,False,0.5943963946055565,0.35302867371455876,0.6377182129149895,30.90103114664089,51.34618784650229,0.0,HMTD-MDE,116,case57,0.18
True,46,-0.04,False,20,20,False,0,False,0.5718263047539561,0.3672860046160312,0.6377182129149895,29.389474957133643,53.27185449423269,0.0,HMTD-MDE,117,case57,0.18
True,8,-0.04,True,1,1,False,8,True,3.8671819781197475e-10,0.00035233885516366655,0.6377182129149895,30.5076687480323,49.946820584591485,0.0,HMTD-MDE,118,case57,0.18
True,20,0.04,True,2,2,False,19,False,0.25731620334918975,0.010306728738697946,0.6377182129149895,29.81541869812645,39.821537493844545,0.0,HMTD-MDE,119,case57,0.18
True,52,-0.04,True,1,1,False,52,True,0.26473205281117956,0.008267386511597738,0.6377182129149895,35.1720895501785,59.247904227231636,0.0,HMTD-MDE,120,case57,0.18
True,9,-0.04,True,2,2,False,9,True,3.8671819781197475e-10,0.006518941633274629,0.6377182129149895,29.422301898011938,52.624801761703566,0.0,HMTD-MDE,121,case57,0.18
True,21,0.04,False,20,20,False,0,False,0.5671647992098544,0.3689655058293978,0.6377182129149895,32.90561025496572,63.24164311517961,0.0,HMTD-MDE,122,case57,0.18
True,43,0.04,True,1,1,False,43,True,0.171464754189074,0.011252282545377888,0.6377182129149895,27.376941696275026,42.43585660587996,0.0,HMTD-MDE,123,case57,0.18
True,18,-0.04,True,9,9,False,18,True,0.2822003566033529,0.03411168782315406,0.6377182129149895,32.5161687535001,69.56135415530298,0.0,HMTD-MDE,124,case57,0.18
True,38,-0.04,False,20,20,False,56,False,0.17144160094404476,0.01734349599909562,0.6377182129149895,28.571462392574176,42.23596425435972,0.0,HMTD-MDE,125,case57,0.18
True,47,-0.04,False,20,20,False,0,False,0.6230959531122746,0.25982787307868915,0.6377182129149895,31.75589570018929,64.95296631183011,0.0,HMTD-MDE,126,case57,0.18
True,51,-0.04,False,20,20,False,51,True,0.2184218666656113,0.032112164182703684,0.6377182129149895,28.449504199670628,37.624617296387456,0.0,HMTD-MDE,127,case57,0.18
True,23,0.04,True,0,0,False,0,False,0.6074520479396762,0.3472905743636236,0.6377182129149895,28.84017704927828,52.12426222278737,0.0,HMTD-MDE,128,case57,0.18
True,40,0.04,True,6,6,False,40,True,0.00298210325262992,0.01270848849454382,0.6377182129149895,28.19932084530592,45.80630382697565,0.0,HMTD-MDE,129,case57,0.18
True,20,-0.04,True,1,1,False,20,True,0.20660597757955626,0.00764384166764242,0.6377182129149895,27.647474844707176,34.229947574203834,0.0,HMTD-MDE,130,case57,0.18
True,51,-0.04,False,20,20,False,51,True,0.1313954169853185,0.029474592211177715,0.6377182129149895,36.146854009712115,73.36114828067366,0.0,HMTD-MDE,131,case57,0.18
True,26,0.04,False,20,20,False,0,False,0.5819400293642079,0.3629220633329221,0.6377182129149895,33.920750007382594,48.06529969500846,0.0,HMTD-MDE,132,case57,0.18
True,43,-0.04,True,7,7,False,37,False,0.17224817269388273,0.011284409768185313,0.6377182129149895,30.92925825039856,54.12949584133458,0.0,HMTD-MDE,133,case57,0.18
True,54,-0.04,False,20,20,False,0,False,0.5922875196026135,0.35719741053317344,0.6377182129149895,28.459056201973,39.5226917229593,0.0,HMTD-MDE,134,case57,0.18
True,32,0.04,False,20,20,False,0,False,0.6011711586195977,0.3601844115170064,0.6377182129149895,33.709902002010494,76.01161039783621,0.0,HMTD-MDE,135,case57,0.18
True,47,0.04,False,20,20,False,0,False,0.6392309572620751,0.31697242919592716,0.6377182129149895,31.622527149738747,50.71856637077872,0.0,HMTD-MDE,136,case57,0.18
True,51,0.04,True,2,2,False,51,True,0.15983131673053763,0.036052552730260895,0.6377182129149895,31.305920748854987,47.652783352532445,0.0,HMTD-MDE,137,case57,0.18
True,53,0.04,True,1,1,False,51,False,0.25833478269396126,0.012885320472834276,0.6377182129149895,26.23220004606992,42.97161842696369,0.0,HMTD-MDE,138,case57,0.18
True,54,0.04,False,20,20,False,45,False,0.529801398292092,0.21601004547085256,0.6377182129149895,29.0140626457287,48.4288298233878,0.0,HMTD-MDE,139,case57,0.18
True,20,0.04,True,2,2,False,20,True,0.2580238300733483,0.010375994137086453,0.6377182129149895,27.587989548919722,37.520727040828206,0.0,HMTD-MDE,140,case57,0.18
True,52,0.04,True,1,1,False,52,True,0.27163372732027924,0.009910400214996274,0.6377182129149895,30.424085451522842,40.458854226744755,0.0,HMTD-MDE,141,case57,0.18
True,10,0.04,True,1,1,False,10,True,3.8671819781197475e-10,0.0009033949416845461,0.6377182129149895,38.73998115013819,64.1400794615038,0.0,HMTD-MDE,142,case57,0.18
True,12,-0.04,True,1,1,False,12,True,3.8671819781197475e-10,8.179595351485668e-05,0.6377182129149895,34.885276964632794,62.85680004220923,0.0,HMTD-MDE,143,case57,0.18
True,10,0.04,True,1,1,False,10,True,3.8671819781197475e-10,0.0009033949416845461,0.6377182129149895,33.261035406030715,50.194291345542304,0.0,HMTD-MDE,144,case57,0.18
True,11,-0.04,True,1,1,False,11,True,3.8671819781197475e-10,0.0003672045916893344,0.6377182129149895,31.068270912510343,48.89203992206607,0.0,HMTD-MDE,145,case57,0.18
True,25,-0.04,False,20,20,False,0,False,0.608561848509993,0.31872705157897896,0.6377182129149895,27.993516603601165,42.019964897190235,0.0,HMTD-MDE,146,case57,0.18
True,36,0.04,True,1,1,False,36,True,3.8671808797208877e-10,0.0010340877774272226,0.6377182129149895,30.679691553814337,48.11694371746854,0.0,HMTD-MDE,147,case57,0.18
True,44,-0.04,False,20,20,False,44,True,0.3221323480348797,0.13261348851056295,0.6377182129149895,28.992002151790075,40.74789405567575,0.0,HMTD-MDE,148,case57,0.18
True,24,0.04,True,7,7,False,34,False,0.4027783119117742,0.018379187104854693,0.6377182129149895,28.080070854048245,42.769333071191795,0.0,HMTD-MDE,149,case57,0.18
True,3,0.04,True,1,1,False,3,True,3.8671819781199197e-10,0.00399995126315793,0.6377182129149895,33.041372953448445,56.761729466961704,0.0,HMTD-MDE,150,case57,0.18
True,42,0.04,False,20,20,False,42,True,1.7260565384811656e-07,0.03849071672267145,0.6377182129149895,36.62511869915761,60.291281892568804,0.0,HMTD-MDE,151,case57,0.18
True,23,0.04,False,20,20,False,0,False,0.637849345675867,0.3044721644444168,0.6377182129149895,30.524506251094863,39.17636426340323,0.0,HMTD-MDE,152,case57,0.18
True,45,0.04,False,20,20,False,45,True,3.8564407827347875e-07,0.025323328549137093,0.6377182129149895,33.46555005409755,54.72156485775491,0.0,HMTD-MDE,153,case57,0.18
True,24,-0.04,True,15,15,False,34,False,0.402201448306332,0.018299337210886422,0.6377182129149895,31.014672844321467,49.38513991073708,0.0,HMTD-MDE,154,case57,0.18
True,22,-0.04,False,20,20,False,0,False,0.6318658320349869,0.24819213021413894,0.6377182129149895,30.307966651162133,49.55433571885808,0.0,HMTD-MDE,155,case57,0.18
True,23,0.04,False,20,20,False,0,False,0.5639763600637806,0.37396026188230097,0.6377182129149895,27.465837443014607,39.81464379176032,0.0,HMTD-MDE,156,case57,0.18
True,54,0.04,False,20,20,False,54,True,0.3233825535557821,0.07694343882920068,0.6377182129149895,32.8882354486268,56.16663893160877,0.0,HMTD-MDE,157,case57,0.18
True,33,-0.04,False,20,20,False,0,False,0.6723723903136226,0.2956858283050513,0.6377182129149895,34.98156676068902,60.595077063771924,0.0,HMTD-MDE,158,case57,0.18
True,39,-0.04,False,20,20,False,0,False,0.5706050004487561,0.3682940649678732,0.6377182129149895,30.775464553153142,67.35151010216214,0.0,HMTD-MDE,159,case57,0.18
True,13,0.04,True,1,1,False,13,True,3.8671819781197475e-10,0.00029895657087607164,0.6377182129149895,38.53723960055504,82.86123329598922,0.0,HMTD-MDE,160,case57,0.18
True,38,0.04,False,20,20,False,38,True,0.17144160094580238,0.017343495999132985,0.6377182129149895,31.842593854526058,44.32042114785874,0.0,HMTD-MDE,161,case57,0.18
True,35,0.04,True,1,1,False,35,True,3.867180879718686e-10,0.0009462818882931556,0.6377182129149895,28.2936979085207,39.5950913312845,0.0,HMTD-MDE,162,case57,0.18
True,26,-0.04,False,20,20,False,0,False,0.5832524844679798,0.3714603901342235,0.6377182129149895,29.584531200816855,47.1865958039416,0.0,HMTD-MDE,163,case57,0.18
True,1,0.04,False,20,20,False,0,False,0.5884311716516549,0.37078208965382503,0.6377182129149895,31.829795849625953,54.51263572904281,0.0,HMTD-MDE,164,case57,0.18
True,49,-0.04,True,6,6,False,49,True,0.17626989684933586,0.011793914742898256,0.6377182129149895,30.09371234511491,46.048997604521,0.0,HMTD-MDE,165,case57,0.18
True,40,0.04,True,5,5,False,40,True,0.0010997467995309742,0.01272020842852598,0.6377182129149895,34.14888545230497,72.241890951409,0.0,HMTD-MDE,166,case57,0.18
True,40,0.04,True,5,5,False,40,True,0.0014984788437976515,0.012717717040942695,0.6377182129149895,33.55640838854015,59.19015173858498,0.0,HMTD-MDE,167,case57,0.18
True,28,0.04,False,20,20,False,28,True,0.021763415873968944,0.023872177510951532,0.6377182129149895,28.5835936490912,48.68052923993674,0.0,HMTD-MDE,168,case57,0.18
True,38,0.04,False,20,20,False,56,False,0.17144160095579855,0.017343495999349368,0.6377182129149895,26.264360497589223,36.60288717364893,0.0,HMTD-MDE,169,case57,0.18
True,27,0.04,False,20,20,False,27,True,0.1434568347481769,0.03367325354788889,0.6377182129149895,32.49265010817908,40.27627085451969,0.0,HMTD-MDE,170,case57,0.18
True,30,-0.04,False,20,20,False,34,False,0.4026872418805689,0.018336112627916762,0.6377182129149895,32.703674846561626,44.173064568894915,0.0,HMTD-MDE,171,case57,0.18
True,31,-0.04,False,20,20,False,31,True,0.4370788857989557,0.03193510340778797,0.6377182129149895,36.03738755919039,52.81639108434322,0.0,HMTD-MDE,172,case57,0.18
True,27,0.04,False,20,20,False,27,True,0.13562992209272481,0.034313329256999814,0.6377182129149895,28.844760300125927,40.22540654113983,0.0,HMTD-MDE,173,case57,0.18
True,51,0.04,False,20,20,False,51,True,0.17288009169401133,0.028443692767298932,0.6377182129149895,31.216839648550376,52.16123363352383,0.0,HMTD-MDE,174,case57,0.18
True,28,0.04,False,20,20,False,28,True,0.02953970287918739,0.023984864501395593,0.6377182129149895,34.82053325569723,76.17783092719039,0.0,HMTD-MDE,175,case57,0.18
True,33,-0.04,False,20,20,False,0,False,0.6496032558239834,0.31898083572286734,0.6377182129149895,30.491506203543395,42.90388811205049,0.0,HMTD-MDE,176,case57,0.18
True,20,-0.04,True,4,4,False,18,False,0.2726426278241548,0.013316446421111287,0.6377182129149895,30.212387596839108,56.15574169787579,0.0,HMTD-MDE,177,case57,0.18
True,5,0.04,True,1,1,False,5,True,3.867181978119748e-10,0.002231348121019709,0.6377182129149895,27.111791606876068,39.86027262872085,0.0,HMTD-MDE,178,case57,0.18
True,38,0.04,False,20,20,False,38,True,0.17144160094404476,0.017343495999095626,0.6377182129149895,29.569131150492467,51.19495415419806,0.0,HMTD-MDE,179,case57,0.18
True,52,-0.04,True,1,1,False,53,False,0.265069605589168,0.008311196173225174,0.6377182129149895,30.33435830147937,56.11181218991988,0.0,HMTD-MDE,180,case57,0.18
True,48,0.04,True,1,1,False,48,True,3.867180879718651e-10,0.0031742322752525607,0.6377182129149895,29.966383401188068,53.72655448445586,0.0,HMTD-MDE,181,case57,0.18
True,32,-0.04,False,20,20,False,0,False,0.5919678653474385,0.3601864031188523,0.6377182129149895,26.30574589711614,39.653974364046015,0.0,HMTD-MDE,182,case57,0.18
True,48,0.04,True,1,1,False,48,True,3.8671808797189816e-10,0.0031742322752525607,0.6377182129149895,29.34369160211645,51.811924358480624,0.0,HMTD-MDE,183,case57,0.18
True,48,0.04,True,1,1,False,48,True,3.867180879718624e-10,0.0031742322752525607,0.6377182129149895,29.20331034983974,38.73484971991275,0.0,HMTD-MDE,184,case57,0.18
True,5,0.04,True,1,1,False,5,True,4.317790040980947e-10,0.0022313481210231665,0.6377182129149895,28.72363119968213,45.296258016605876,0.0,HMTD-MDE,185,case57,0.18
True,41,0.04,True,1,1,False,41,True,0.07898665776130767,0.0011415747553798483,0.6377182129149895,31.251275102840737,56.483991639106556,0.0,HMTD-MDE,186,case57,0.18
True,29,-0.04,False,20,20,False,31,False,0.40871685814551917,0.019385018639492862,0.6377182129149895,26.303664554143324,36.99898153136019,0.0,HMTD-MDE,187,case57,0.18
True,10,-0.04,True,1,1,False,10,True,3.8671819781197475e-10,0.0009033949416845461,0.6377182129149895,27.829349949024618,38.39867295755539,0.0,HMTD-MDE,188,case57,0.18
True,13,0.04,True,1,1,False,13,True,3.8671819781197475e-10,0.00029895657087607164,0.6377182129149895,19.071127101778984,22.515416966052726,0.0,HMTD-MDE,189,case57,0.18
True,7,-0.04,False,20,20,False,7,True,5.263347452052194e-07,0.028316477570999393,0.6377182129149895,30.04559580294881,49.72016810497735,0.0,HMTD-MDE,190,case57,0.18
True,34,-0.04,False,20,20,False,31,False,0.412897677104114,0.019692897386208837,0.6377182129149895,32.311129101435654,66.14648719551043,0.0,HMTD-MDE,191,case57,0.18
True,23,-0.04,False,20,20,False,0,False,0.6078812889263787,0.34549196764588763,0.6377182129149895,19.13804784126114,22.91703535884153,0.0,HMTD-MDE,192,case57,0.18
True,22,-0.04,False,20,20,False,0,False,0.5947841599933869,0.3607040773878954,0.6377182129149895,30.105466398526914,41.98060980706942,0.0,HMTD-MDE,193,case57,0.18
True,53,-0.04,True,1,1,False,53,True,0.2640976539106224,0.008188085721231822,0.6377182129149895,19.7045479551889,23.57870037085377,0.0,HMTD-MDE,194,case57,0.18
True,40,0.04,True,1,1,False,40,True,0.001102815360423602,0.012720063202261246,0.6377182129149895,27.32552709057927,36.838614568114295,0.0,HMTD-MDE,195,case57,0.18
True,4,-0.04,False,20,20,False,0,False,0.611618066221143,0.3134717688881206,0.6377182129149895,18.795493847574107,21.80988300824538,0.0,HMTD-MDE,196,case57,0.18
True,23,0.04,False,20,20,False,0,False,0.6037178143442333,0.3493983563115431,0.6377182129149895,13.124637404689565,16.320668469415978,0.0,HMTD-MDE,197,case57,0.18
True,17,0.04,False,20,20,False,20,False,0.3187517224079199,0.015867802959123475,0.6377182129149895,19.269831260317005,26.196258387062702,0.0,HMTD-MDE,198,case57,0.18
True,28,0.04,False,20,20,False,28,True,0.15931523074356865,0.028353111700822834,0.6377182129149895,13.4400562470546,17.501287499908358,0.0,HMTD-MDE,199,case57,0.18
True,26,-0.04,True,3,3,False,26,True,0.1714416009440448,0.004984484252069425,0.4894858342568967,377.79942895576824,496.09279130818464,0.0,MS-HIDE,0,case57,0.18
True,49,-0.04,True,1,1,False,49,True,3.933216688340425e-10,0.0019073841920311853,0.4459700800066241,270.7931144948816,331.0281086480245,0.0,MS-HIDE,1,case57,0.18
True,53,-0.04,True,1,1,False,52,False,0.1714416009440448,0.0018087043992608314,0.44755024684241485,362.955191754736,450.8553396037326,0.0,MS-HIDE,2,case57,0.18
True,37,0.04,True,1,1,False,43,False,0.17144160094899402,0.0018392260151081996,0.532990178476818,267.5925894989632,318.0292082921369,0.0,MS-HIDE,3,case57,0.18
True,46,0.04,True,17,17,False,0,False,0.5036981221316562,0.2999868038212957,0.5258791342610414,261.2227605422959,333.5293354612077,0.0,MS-HIDE,4,case57,0.18
True,17,0.04,True,6,6,False,17,True,0.038931586884883046,0.003070740035176278,0.4724534791779601,372.59744999173563,438.22609819763005,0.0,MS-HIDE,5,case57,0.18
True,24,0.04,True,2,2,False,29,False,0.1714416473616911,0.0024362942064859194,0.670016684093652,276.9973916001618,326.4544979319908,0.0,MS-HIDE,6,case57,0.18
True,3,0.04,True,1,1,False,3,True,3.8671819781197475e-10,0.0012238862690423266,0.47083059144701866,369.7125060047256,443.75807436881706,0.0,MS-HIDE,7,case57,0.18
True,8,-0.04,True,1,1,False,8,True,3.8671819781197475e-10,0.0003808977784112032,0.3495688675567397,271.67537914647255,326.5014187199995,0.0,MS-HIDE,8,case57,0.18
True,22,0.04,False,20,20,False,0,False,0.5268049694409468,0.29551164655275103,0.518705207839936,264.06249800347723,323.9934521232499,0.0,MS-HIDE,9,case57,0.18
True,29,-0.04,True,2,2,False,24,False,0.17144160098259822,0.0024327935899204098,0.6654452883418984,372.20928113965783,423.5587993869571,0.0,MS-HIDE,10,case57,0.18
True,28,-0.04,True,1,1,False,28,True,3.8695894143193154e-10,0.0013014880661665646,0.4627716439899253,283.32888764853124,357.51047677476896,0.0,MS-HIDE,11,case57,0.18
True,8,0.04,True,1,1,False,8,True,3.8671819781197475e-10,0.000380897778796194,0.3575094206119088,360.8730187523179,416.53686218196646,0.0,MS-HIDE,12,case57,0.18
True,28,-0.04,True,1,1,False,28,True,3.867181428919181e-10,0.0008876676645042988,0.45185367017178923,279.2067187518114,337.85466811968945,0.0,MS-HIDE,13,case57,0.18
True,22,0.04,False,20,20,False,0,False,0.45654113215597414,0.33644924215076866,0.5200913668677886,263.3129249414196,332.30229018081445,0.0,MS-HIDE,14,case57,0.18
True,26,0.04,True,2,2,False,26,True,0.1714416009449043,0.004835242332520543,0.5047606587050764,371.1603105417453,423.0309889797368,0.0,MS-HIDE,15,case57,0.18
True,40,-0.04,True,11,11,False,40,True,2.9295808898375417e-07,0.008706215630995842,0.4385255770115345,275.77839585137554,329.03840830549603,0.0,MS-HIDE,16,case57,0.18
True,1,-0.04,False,20,20,False,1,True,3.880620345124468e-05,0.031002218934166315,0.5221114339056677,365.86872295010835,430.23860834364433,0.0,MS-HIDE,17,case57,0.18
True,37,-0.04,True,1,1,False,37,True,0.1714416009440448,0.0019430405514152273,0.5201339311647102,273.032216556021,324.1764746926492,0.0,MS-HIDE,18,case57,0.18
True,42,-0.04,True,1,1,False,42,True,3.8671808797186145e-10,0.002461478123074168,0.5638300692619566,270.5590458965162,320.21991035726387,0.0,MS-HIDE,19,case57,0.18
True,32,0.04,False,20,20,False,0,False,0.43860244171081,0.3303572203513432,0.5541982085264078,372.71069579874165,454.36007352837026,0.0,MS-HIDE,20,case57,0.18
True,20,0.04,True,1,1,False,20,True,0.1714416009440448,0.002227360586807041,0.5196954139854852,278.01214999635704,317.9587857594015,0.0,MS-HIDE,21,case57,0.18
True,46,0.04,False,20,20,False,0,False,0.43646850060789366,0.3328325387487668,0.536208202560017,355.1193645078456,444.42136668658463,0.0,MS-HIDE,22,case57,0.18
True,42,0.04,True,1,1,False,42,True,3.8671808797186145e-10,0.002461478123074168,0.5638300692619566,273.2298772520153,329.68355039774906,0.0,MS-HIDE,23,case57,0.18
True,56,-0.04,True,3,3,False,56,True,0.1714416009440448,0.0058689951865893856,0.5716513602606518,263.45526880177204,325.57921246043406,0.0,MS-HIDE,24,case57,0.18
True,53,0.04,True,2,2,False,53,True,0.1714416009455551,0.0018137637500476817,0.42494842733023286,277.80357705487404,345.91409965069033,0.0,MS-HIDE,25,case57,0.18
True,48,0.04,True,1,1,False,48,True,3.8671806051199856e-10,0.0012384408322659722,0.508043296520779,261.1649499507621,319.8350773920538,0.0,MS-HIDE,26,case57,0.18
True,24,-0.04,True,2,2,False,29,False,0.17146508341169367,0.0024328065459427537,0.6720374935299135,264.4490207108902,319.0649327269057,0.0,MS-HIDE,27,case57,0.18
True,20,0.04,True,1,1,False,19,False,0.1714416009440448,0.0022239720570314016,0.5216633547744498,267.9332084429916,326.72461074544117,0.0,MS-HIDE,28,case57,0.18
True,34,-0.04,True,3,3,False,34,True,3.8910017392620933e-10,0.0024822568541428684,0.4568717758545395,259.98470420308877,336.62067084806046,0.0,MS-HIDE,29,case57,0.18
True,11,-0.04,True,1,1,False,11,True,3.8671819781197475e-10,0.0004390069185276437,0.34390836114396717,269.2194480157923,328.36255035654176,0.0,MS-HIDE,30,case57,0.18
True,38,0.04,True,3,3,False,56,False,0.17144160094404476,0.005868995123887825,0.5646850584339401,258.7294416036457,323.9309917029459,0.0,MS-HIDE,31,case57,0.18
True,32,0.04,False,20,20,False,0,False,0.4336898125567207,0.3359747414409068,0.5047892967646765,266.93712705164216,316.9255562941544,0.0,MS-HIDE,32,case57,0.18
True,15,-0.04,False,20,20,False,0,False,0.4375189847661029,0.3307462736251265,0.5266695724786349,269.24927505024243,331.758477081894,0.0,MS-HIDE,33,case57,0.18
True,36,0.04,True,1,1,False,36,True,3.8671811543198216e-10,0.0008591887025202019,0.38182479044675616,271.66738740634173,355.63741281221155,0.0,MS-HIDE,34,case57,0.18
True,26,0.04,True,1,1,False,25,False,0.1714416009440448,0.004845676508066329,0.5198203033765285,270.7226520549739,325.80852080718614,0.0,MS-HIDE,35,case57,0.18
True,28,0.04,True,1,1,False,28,True,3.867181428919181e-10,0.0008876676646525405,0.47651972532924947,262.073612443055,328.92112769186497,0.0,MS-HIDE,36,case57,0.18
True,3,0.04,True,1,1,False,3,True,3.8671819781197475e-10,0.00122388626904258,0.4694729699995428,260.05192499724217,308.3483583468478,0.0,MS-HIDE,37,case57,0.18
True,6,0.04,True,1,1,False,6,True,3.8671819781211e-10,0.0010128562969582225,0.5323507130508267,262.8325208002934,321.45092315331567,0.0,MS-HIDE,38,case57,0.18
True,51,-0.04,True,3,3,False,51,True,3.8696155295416813e-10,0.004905320237963248,0.4805699621921222,267.01174159825314,354.360944396467,0.0,MS-HIDE,39,case57,0.18
True,17,0.04,True,6,6,False,17,True,0.0029694249245631314,0.0030110389863697803,0.5327562989384318,269.2795270966599,331.21815689955844,0.0,MS-HIDE,40,case57,0.18
True,49,-0.04,True,2,2,False,49,True,3.930337294636912e-10,0.0019073841923933682,0.4340942858955835,263.44996039697435,326.4884148578858,0.0,MS-HIDE,41,case57,0.18
True,19,-0.04,True,2,2,False,20,False,0.1714416009440448,0.0022342540426979196,0.5339284495368164,270.3818667039741,323.84475240542093,0.0,MS-HIDE,42,case57,0.18
True,31,0.04,True,1,1,False,31,True,0.0003542015706780783,0.002284339140321096,0.39857400579180446,273.989664457622,345.4583618760808,0.0,MS-HIDE,43,case57,0.18
True,55,0.04,True,1,1,False,55,True,3.963693178043844e-10,0.0010396007225042824,0.3726333828238522,264.27251455315854,335.29742085083853,0.0,MS-HIDE,44,case57,0.18
True,2,0.04,True,2,2,False,2,True,3.8671819781197946e-10,0.0018491267058912753,0.49506493887007164,264.8869313503383,330.13563085987704,0.0,MS-HIDE,45,case57,0.18
True,34,-0.04,True,2,2,False,34,True,3.8671808797234427e-10,0.002477671793681631,0.46833840377271574,268.7836792494636,349.8877809353871,0.0,MS-HIDE,46,case57,0.18
True,14,-0.04,True,1,1,False,14,True,3.867181978119822e-10,0.001550984294873082,0.5838466478441635,271.77074594947044,372.85092439851724,0.0,MS-HIDE,47,case57,0.18
True,1,0.04,False,20,20,False,1,True,0.3324092346713198,0.16679347460845967,0.5500050007745232,257.3081809881842,325.8131374779623,0.0,MS-HIDE,48,case57,0.18
True,34,-0.04,True,3,3,False,34,True,3.8671808797186145e-10,0.002539382118630778,0.45078043575675864,259.2405937524745,304.50095800624695,0.0,MS-HIDE,49,case57,0.18
True,40,-0.04,True,14,14,False,40,True,8.750073924596187e-09,0.008722090211611605,0.4671207308245691,254.57947094982958,313.5131104470929,0.0,MS-HIDE,50,case57,0.18
True,27,-0.04,True,1,1,False,27,True,3.867181428919183e-10,0.0012582605125126833,0.469381732683164,256.9669186428655,337.6307499886025,0.0,MS-HIDE,51,case57,0.18
True,44,-0.04,True,3,3,False,44,True,0.001065500734205273,0.004365921691913277,0.5124839866826768,275.80279170069844,341.812642037985,0.0,MS-HIDE,52,case57,0.18
True,1,0.04,False,20,20,False,1,True,0.4529930160806347,0.19610698024128576,0.504258751049706,283.45248959958553,337.6257247000467,0.0,MS-HIDE,53,case57,0.18
True,20,-0.04,True,1,1,False,19,False,0.1714416009440448,0.002235999014772448,0.5142051187304898,254.87995635485277,312.6271062530577,0.0,MS-HIDE,54,case57,0.18
True,41,-0.04,True,1,1,False,41,True,4.008376302404894e-10,0.0007374062656379277,0.3563657863265667,272.31359170691576,353.8644399290206,0.0,MS-HIDE,55,case57,0.18
True,25,0.04,True,3,3,False,26,False,0.17144160094462021,0.004802517901888142,0.4780109783926588,275.553383451188,334.1687207954238,0.0,MS-HIDE,56,case57,0.18
True,33,0.04,True,7,7,False,33,True,9.343834966740074e-07,0.015868669090439918,0.45216547587541855,264.55967075307854,334.04576460598037,0.0,MS-HIDE,57,case57,0.18
True,42,-0.04,True,1,1,False,42,True,3.8671808797186145e-10,0.002461478123074168,0.5638300692619566,256.90477290481795,320.328158326447,0.0,MS-HIDE,58,case57,0.18
True,21,0.04,False,20,20,False,0,False,0.4574158933457683,0.31848260986821175,0.5311901299360944,255.3194189007627,333.80253536452074,0.0,MS-HIDE,59,case57,0.18
True,36,-0.04,True,1,1,False,36,True,3.8671811543223626e-10,0.0008591887028641852,0.3825765315262943,264.89164579252247,307.7846993342974,0.0,MS-HIDE,60,case57,0.18
True,46,0.04,False,20,20,False,0,False,0.4926253011542785,0.31428231630012265,0.5274197050416222,261.6214876557933,315.67391048592987,0.0,MS-HIDE,61,case57,0.18
True,56,0.04,True,4,4,False,56,True,0.1714416009440448,0.005868995034108572,0.5457329598177983,254.23595226020552,319.9904357898049,0.0,MS-HIDE,62,case57,0.18
True,8,-0.04,True,1,1,False,8,True,3.8671819781197475e-10,0.00038089777883968306,0.34006023393056384,262.92124995670747,332.0165895071114,0.0,MS-HIDE,63,case57,0.18
True,2,0.04,True,1,1,False,2,True,3.8671819781197796e-10,0.001849126705813343,0.5033666408430995,265.7622562983306,316.7905493348371,0.0,MS-HIDE,64,case57,0.18
True,43,0.04,True,1,1,False,37,False,0.17144160095506852,0.001842990131186004,0.517089343172668,271.235900055035,355.7319937564899,0.0,MS-HIDE,65,case57,0.18
True,11,0.04,True,1,1,False,11,True,3.8671819781197475e-10,0.0004390069178139787,0.3495688675567397,262.26982505759224,317.68705896975007,0.0,MS-HIDE,66,case57,0.18
True,7,0.04,False,20,20,False,7,True,3.8671819781197594e-10,0.015681429342322008,0.5086162954558734,255.68650194909426,324.5397964725272,0.0,MS-HIDE,67,case57,0.18
True,7,-0.04,False,20,20,False,7,True,4.1717566608221397e-10,0.015521775636600208,0.5229874605755792,259.41627509891987,319.77484936651314,0.0,MS-HIDE,68,case57,0.18
True,51,-0.04,True,4,4,False,51,True,3.995232474266491e-10,0.004876102676283398,0.46417333972898367,245.87760219583288,312.4307878315449,0.0,MS-HIDE,69,case57,0.18
True,12,-0.04,True,1,1,False,12,True,3.8671819781197475e-10,0.000352235279046383,0.28240629147036567,278.53105634858366,333.15234586189035,0.0,MS-HIDE,70,case57,0.18
True,17,-0.04,True,5,5,False,17,True,0.006500873424401558,0.0029781096275962636,0.48512948872129025,264.2860354098957,359.4037353759632,0.0,MS-HIDE,71,case57,0.18
True,35,0.04,True,1,1,False,35,True,3.8671808797186145e-10,0.000612442450001698,0.4080888281378267,263.5818813054357,323.6957253189758,0.0,MS-HIDE,72,case57,0.18
True,37,0.04,True,1,1,False,37,True,0.17144160095040514,0.0018430248643529672,0.5190214721334431,246.20913739781827,316.2575306429062,0.0,MS-HIDE,73,case57,0.18
True,11,0.04,True,1,1,False,11,True,3.8671819781197475e-10,0.0004390069185912092,0.3492696932464434,264.44800835161004,320.2088797901524,0.0,MS-HIDE,74,case57,0.18
True,43,-0.04,True,1,1,False,43,True,0.17144160095129854,0.0018395974269754644,0.5137195923571687,263.9288124453742,319.6372211416019,0.0,MS-HIDE,75,case57,0.18
True,39,0.04,True,3,3,False,39,True,3.867180879718683e-10,0.004221855299804235,0.49457805671269395,281.22392295044847,354.1016957897227,0.0,MS-HIDE,76,case57,0.18
True,41,-0.04,True,2,2,False,41,True,7.273483142241336e-09,0.0007374062764877905,0.3741235773424304,261.3276228978066,325.87581420375506,0.0,MS-HIDE,77,case57,0.18
True,11,-0.04,True,1,1,False,11,True,3.8671819781197475e-10,0.0004390069185407334,0.3463093652524406,262.5793561019236,330.21671181486454,0.0,MS-HIDE,78,case57,0.18
True,24,0.04,True,1,1,False,29,False,0.17144160097854963,0.0024327935901710556,0.6685452411614908,269.9015583959408,320.6637086346746,0.0,MS-HIDE,79,case57,0.18
True,26,-0.04,True,3,3,False,25,False,0.1714416009440448,0.004816891658129272,0.4792590706396111,267.5890958023956,339.7297788702418,0.0,MS-HIDE,80,case57,0.18
True,37,0.04,True,1,1,False,43,False,0.17144160111040263,0.0018392200870489227,0.5180127319575101,250.81971459439956,336.79025481396826,0.0,MS-HIDE,81,case57,0.18
True,26,-0.04,True,1,1,False,26,True,0.1714416009440448,0.004929848850261465,0.4893049863790812,274.1696458979277,345.9096437814879,0.0,MS-HIDE,82,case57,0.18
True,20,-0.04,True,2,2,False,20,True,0.1714416009440448,0.002263983251205653,0.5185029336386907,285.0230314041255,352.7368847891922,0.0,MS-HIDE,83,case57,0.18
True,54,0.04,True,1,1,False,54,True,7.067144110779512e-10,0.002238471280086656,0.6303897414806525,268.9559542981442,341.917726767133,0.0,MS-HIDE,84,case57,0.18
True,31,0.04,True,1,1,False,31,True,0.007584697633564537,0.0022847824065551107,0.403279065448863,274.27311034989543,343.1314839661355,0.0,MS-HIDE,85,case57,0.18
True,28,0.04,True,1,1,False,28,True,3.867181428919181e-10,0.0008876676640638865,0.4768344966352184,276.5319103025831,375.21434581431095,0.0,MS-HIDE,86,case57,0.18
True,26,-0.04,True,1,1,False,26,True,0.1714416009440448,0.004953605722859862,0.5089499217651822,260.2310831513023,322.75985869055154,0.0,MS-HIDE,87,case57,0.18
True,17,-0.04,True,2,2,False,17,True,0.00606983762218353,0.0029762920060507625,0.4802779172489237,274.96437910886016,334.664788065129,0.0,MS-HIDE,88,case57,0.18
True,55,-0.04,True,1,1,False,55,True,3.867180879719969e-10,0.0010396006314170364,0.3740732570833817,260.80779999902006,316.467493082746,0.0,MS-HIDE,89,case57,0.18
True,11,0.04,True,1,1,False,11,True,3.8671819781197475e-10,0.0004390069185276437,0.34390836114396717,259.4128812517738,306.5449479181553,0.0,MS-HIDE,90,case57,0.18
True,48,-0.04,True,2,2,False,48,True,3.867180879724733e-10,0.0012380714394664258,0.49527317690424066,252.50108959735374,318.7435351137538,0.0,MS-HIDE,91,case57,0.18
True,50,-0.04,True,3,3,False,50,True,3.867180879718792e-10,0.0017672400004410107,0.43411898261455706,260.76278319815174,316.9756250077626,0.0,MS-HIDE,92,case57,0.18
True,53,-0.04,True,3,3,False,52,False,0.1714416009440448,0.001808553823032277,0.43992014431132465,271.95105840510223,325.17061281250795,0.0,MS-HIDE,93,case57,0.18
True,43,0.04,True,1,1,False,37,False,0.17144163203188928,0.0018773553401995162,0.5096017409872043,259.22512709803414,319.97270142601343,0.0,MS-HIDE,94,case57,0.18
True,40,-0.04,True,7,7,False,40,True,6.929795478512719e-07,0.008695874877414956,0.4360450658562173,257.28556659887545,318.6261333117728,0.0,MS-HIDE,95,case57,0.18
True,10,-0.04,True,1,1,False,10,True,3.8671819781197475e-10,0.0009479782272431292,0.345288864488453,265.05947693949565,334.1383541672258,0.0,MS-HIDE,96,case57,0.18
True,14,0.04,True,2,2,False,14,True,3.8671819781197475e-10,0.0015607608867469472,0.578880564982643,256.2205896974774,309.0840434684652,0.0,MS-HIDE,97,case57,0.18
True,53,-0.04,True,1,1,False,52,False,0.17144160094404476,0.0018115433890736757,0.4405728646115544,263.6778625455918,333.6641027388396,0.0,MS-HIDE,98,case57,0.18
True,49,-0.04,True,1,1,False,49,True,4.3048705416119775e-10,0.0019073841933129059,0.4301580302815753,269.6423166402383,364.4449985731626,0.0,MS-HIDE,99,case57,0.18
True,56,0.04,True,1,1,False,38,False,0.1714416009440448,0.005868994735875467,0.5596552353439003,258.90866045083385,310.85725444136193,0.0,MS-HIDE,100,case57,0.18
True,17,-0.04,True,3,3,False,17,True,0.03214895487673165,0.0030182378271004324,0.5000844104247252,275.35293545224704,359.32926103996584,0.0,MS-HIDE,101,case57,0.18
True,12,0.04,True,1,1,False,12,True,3.8671819781197475e-10,0.0003522352790850866,0.2786405723332528,274.49758944276255,349.53606729686726,0.0,MS-HIDE,102,case57,0.18
True,48,-0.04,True,1,1,False,48,True,3.867180879718728e-10,0.0012384649137353809,0.4980469783157607,265.4481331992429,318.3831329981331,0.0,MS-HIDE,103,case57,0.18
True,31,0.04,True,1,1,False,31,True,0.0002781512470944147,0.002283977759457204,0.39731544734368307,272.00711884361226,332.1166023873957,0.0,MS-HIDE,104,case57,0.18
True,31,0.04,True,1,1,False,30,False,0.028742759810191917,0.0024419069379567004,0.41390548137964117,261.9323187507689,318.0069830821594,0.0,MS-HIDE,105,case57,0.18
True,41,-0.04,True,1,1,False,41,True,5.381866578764508e-10,0.0007374062657707409,0.3630841267835123,271.74596889526583,336.33913368103094,0.0,MS-HIDE,106,case57,0.18
True,16,-0.04,False,20,20,False,0,False,0.4714972431727476,0.2525696405324307,0.5665735214017696,250.49454174586572,315.79139373789076,0.0,MS-HIDE,107,case57,0.18
True,20,0.04,True,1,1,False,20,True,0.1714416009440448,0.002223258322087135,0.5331549108780163,262.37288335105404,357.3322375159478,0.0,MS-HIDE,108,case57,0.18
True,50,0.04,True,2,2,False,50,True,3.867180879719294e-10,0.0017672400007508057,0.4311669333369816,257.72506249777507,303.1118683691603,0.0,MS-HIDE,109,case57,0.18
True,17,0.04,True,4,4,False,17,True,0.008839269477821316,0.0030197473333014647,0.49883113646851585,261.4259894908173,325.44572503247764,0.0,MS-HIDE,110,case57,0.18
True,41,0.04,True,1,1,False,41,True,3.867180605121183e-10,0.000737406265589216,0.366610867368532,251.214347948553,325.27141936880076,0.0,MS-HIDE,111,case57,0.18
True,15,0.04,False,20,20,False,0,False,0.4388491310835875,0.3349197046280708,0.5446929335652239,254.28468760219403,334.1829291457543,0.0,MS-HIDE,112,case57,0.18
True,12,-0.04,True,1,1,False,12,True,3.8671819781197475e-10,0.0003522352790850866,0.2786405723332528,272.6163438463118,338.9256805647165,0.0,MS-HIDE,113,case57,0.18
True,33,-0.04,False,20,20,False,33,True,8.600631281105778e-06,0.016210974418555957,0.4965295630960151,269.5855688012671,343.12023126985883,0.0,MS-HIDE,114,case57,0.18
True,8,0.04,True,1,1,False,8,True,3.8671819781197475e-10,0.0003808977797962466,0.3530202602422976,249.92076239723247,313.81480387353804,0.0,MS-HIDE,115,case57,0.18
True,16,-0.04,False,20,20,False,0,False,0.5059627341999337,0.3018743958806816,0.5353372047138543,264.28662709658965,337.02594760688953,0.0,MS-HIDE,116,case57,0.18
True,46,-0.04,False,20,20,False,0,False,0.5180130732336603,0.2905039478025214,0.519634328690059,250.04960215010215,324.98226524330676,0.0,MS-HIDE,117,case57,0.18
True,8,-0.04,True,1,1,False,8,True,3.8671819781197475e-10,0.00038089777861661107,0.35032060863627784,266.0675685998285,343.72086211515125,0.0,MS-HIDE,118,case57,0.18
True,20,0.04,True,2,2,False,19,False,0.1714416009440448,0.0022233482955807743,0.5339118081968116,247.08570424991194,291.4762232336216,0.0,MS-HIDE,119,case57,0.18
True,52,-0.04,True,1,1,False,52,True,0.17144160095103303,0.0018137600225693127,0.45747270108634774,251.11382719187532,300.3361663315445,0.0,MS-HIDE,120,case57,0.18
True,9,-0.04,True,1,1,False,9,True,3.8671819781197475e-10,0.005497497005047486,0.4392064963108968,260.0997790606925,346.9721565634245,0.0,MS-HIDE,121,case57,0.18
True,21,0.04,False,20,20,False,0,False,0.4251351726798773,0.33791724642830456,0.5310244474407604,251.82083755207714,317.8598482685629,0.0,MS-HIDE,122,case57,0.18
True,43,0.04,True,1,1,False,43,True,0.17144160096204916,0.0018430242027243076,0.5276882987005435,266.4040333009325,358.7603083055001,0.0,MS-HIDE,123,case57,0.18
True,18,-0.04,True,5,5,False,18,True,0.0045102308468415115,0.004633672889070673,0.5032045293206929,258.8454624492442,309.96777439140715,0.0,MS-HIDE,124,case57,0.18
True,38,-0.04,True,3,3,False,56,False,0.17144160094404476,0.005868994880276446,0.556128464733187,266.93455000349786,319.9626500310842,0.0,MS-HIDE,125,case57,0.18
True,47,-0.04,False,20,20,False,0,False,0.46971306255420175,0.31818371412206176,0.5633973811270069,270.83058539719786,338.2107253128197,0.0,MS-HIDE,126,case57,0.18
True,51,-0.04,True,4,4,False,51,True,3.8671808797280454e-10,0.004876102640864479,0.4506057784762989,263.7613208440598,327.50484964926727,0.0,MS-HIDE,127,case57,0.18
True,23,0.04,True,0,0,False,0,False,0.47577934645236586,0.3093374169406885,0.5203220240624636,259.57989164453465,304.7827089758357,0.0,MS-HIDE,128,case57,0.18
True,40,0.04,True,6,6,False,40,True,3.201884258499067e-07,0.008693675269883641,0.42098354832366924,257.5685438961955,301.64748787065037,0.0,MS-HIDE,129,case57,0.18
True,20,-0.04,True,1,1,False,19,False,0.1714416009440448,0.002260246552702949,0.5407863750191999,277.54679999197833,334.51177319802815,0.0,MS-HIDE,130,case57,0.18
True,51,-0.04,True,3,3,False,51,True,3.950822896864343e-10,0.004876102638029484,0.47031492694681276,272.11448335729074,342.690196147305,0.0,MS-HIDE,131,case57,0.18
True,26,0.04,True,2,2,False,25,False,0.1714416009472729,0.004817057060910258,0.4952701752417969,259.28300005034544,332.0215666550212,0.0,MS-HIDE,132,case57,0.18
True,43,-0.04,True,1,1,False,37,False,0.17144160095890226,0.0018773944848646021,0.5206367773263147,260.48585195385385,344.99765981163364,0.0,MS-HIDE,133,case57,0.18
True,54,-0.04,True,2,2,False,54,True,1.3005384884473374e-09,0.0022384715058099787,0.6472692287279179,270.37929163780063,327.56157020048704,0.0,MS-HIDE,134,case57,0.18
True,32,0.04,False,20,20,False,0,False,0.4509871839483751,0.33031493032095,0.5247063644553105,259.130243799882,324.74525066209026,0.0,MS-HIDE,135,case57,0.18
True,47,0.04,False,20,20,False,0,False,0.441579019027328,0.3313793526971955,0.537645756485598,251.473812450422,296.6137190378504,0.0,MS-HIDE,136,case57,0.18
True,51,0.04,True,2,2,False,51,True,3.887272069743543e-10,0.0048761027791515655,0.449250843601371,262.12429580045864,315.86658924061345,0.0,MS-HIDE,137,case57,0.18
True,53,0.04,True,1,1,False,53,True,0.1714416009440448,0.0018128229173820197,0.4472171822100043,265.78759175608866,309.13164968951605,0.0,MS-HIDE,138,case57,0.18
True,54,0.04,True,1,1,False,54,True,4.887537566363923e-10,0.00223857722052503,0.6317575823940957,252.00339380826335,314.3079482513713,0.0,MS-HIDE,139,case57,0.18
True,20,0.04,True,1,1,False,20,True,0.1714416009440448,0.0022236581673750573,0.5120327622066047,265.65713560266886,316.4749690855388,0.0,MS-HIDE,140,case57,0.18
True,52,0.04,True,1,1,False,53,False,0.1714416009440448,0.0018112716330457856,0.4431133284687523,268.00377284234855,354.29706489958335,0.0,MS-HIDE,141,case57,0.18
True,10,0.04,True,1,1,False,10,True,3.8671819781197475e-10,0.0009479782273527144,0.3575094206119088,257.9612313507823,315.6003714364488,0.0,MS-HIDE,142,case57,0.18
True,12,-0.04,True,1,1,False,12,True,3.8671819781197475e-10,0.0003522352790850866,0.2786405723332528,263.43179164396133,331.13158191845287,0.0,MS-HIDE,143,case57,0.18
True,10,0.04,True,1,1,False,10,True,3.8671819781197475e-10,0.0009479782271731314,0.35032060863627784,270.5837914982112,322.107595205307,0.0,MS-HIDE,144,case57,0.18
True,11,-0.04,True,1,1,False,11,True,3.8671819781197475e-10,0.00043900691819896936,0.3575094206119088,274.7123624518281,365.08415623102337,0.0,MS-HIDE,145,case57,0.18
True,25,-0.04,True,1,1,False,26,False,0.1714416009440448,0.004850762942258393,0.4678255729801617,256.5095977479359,311.3907625200227,0.0,MS-HIDE,146,case57,0.18
True,36,0.04,True,1,1,False,36,True,3.8897622202414244e-10,0.0008591887028613531,0.3863870498213109,261.15140205365606,315.7456253335113,0.0,MS-HIDE,147,case57,0.18
True,44,-0.04,True,1,1,False,44,True,1.119835059075829e-07,0.004368803749929498,0.5076202970128145,273.6473061522702,328.49788391613407,0.0,MS-HIDE,148,case57,0.18
True,24,0.04,True,1,1,False,24,True,0.1714416009917171,0.002432793590812069,0.661701833379879,266.93795419705566,335.8429270971101,0.0,MS-HIDE,149,case57,0.18
True,3,0.04,True,1,1,False,3,True,3.8671819781197475e-10,0.0012238862725395766,0.4765579537545,274.3472624977585,355.07270624511875,0.0,MS-HIDE,150,case57,0.18
True,42,0.04,True,4,4,False,42,True,3.8671808797186145e-10,0.0024614781226113876,0.561206692968772,249.55036259198096,298.04450834344607,0.0,MS-HIDE,151,case57,0.18
True,23,0.04,False,20,20,False,0,False,0.4660187939059486,0.3323071683838378,0.5179312315234168,267.30145844630897,353.15796906361356,0.0,MS-HIDE,152,case57,0.18
True,45,0.04,True,4,4,False,45,True,3.8671808797186145e-10,0.002777939663387267,0.4949638969310275,266.4765728113707,331.6916253970703,0.0,MS-HIDE,153,case57,0.18
True,24,-0.04,True,1,1,False,24,True,0.17144160097837918,0.0024327935901702143,0.6627587125881165,262.1939312579343,312.43840267998166,0.0,MS-HIDE,154,case57,0.18
True,22,-0.04,False,20,20,False,0,False,0.5201924579636735,0.2547654849398343,0.5476818045728356,256.5151438524481,307.931952146464,0.0,MS-HIDE,155,case57,0.18
True,23,0.04,False,20,20,False,0,False,0.45316364088351474,0.3342756303684395,0.49238125737519955,248.05954994808417,323.6705503426492,0.0,MS-HIDE,156,case57,0.18
True,54,0.04,True,1,1,False,54,True,4.968711253312648e-10,0.0022384869791072723,0.6516009342825335,262.90316444064956,332.080474315444,0.0,MS-HIDE,157,case57,0.18
True,33,-0.04,False,20,20,False,33,True,0.00011102295341398755,0.01593632284788983,0.44178933698665435,265.8597979549086,332.7735045109876,0.0,MS-HIDE,158,case57,0.18
True,39,-0.04,True,3,3,False,39,True,3.8671808797188456e-10,0.004221855299642727,0.5181667928800715,265.6547976541333,326.1529496579897,0.0,MS-HIDE,159,case57,0.18
True,13,0.04,True,1,1,False,13,True,3.8671819781197475e-10,0.0004048351370025438,0.26794599767278376,262.56802899588365,332.4675812473288,0.0,MS-HIDE,160,case57,0.18
True,38,0.04,True,3,3,False,38,True,0.17144160094404476,0.005868994786159826,0.5661935049968128,259.0419520449359,321.1790704546729,0.0,MS-HIDE,161,case57,0.18
True,35,0.04,True,1,1,False,35,True,3.8671808797186145e-10,0.0006124424510046759,0.3933520443657726,262.3684227495687,329.01988543162594,0.0,MS-HIDE,162,case57,0.18
True,26,-0.04,True,2,2,False,26,True,0.1714416009440448,0.0048356334833399,0.46997406354768484,267.07482089695986,325.88656666048337,0.0,MS-HIDE,163,case57,0.18
True,1,0.04,False,20,20,False,1,True,6.844940053651282e-05,0.029157426589316835,0.4663326597180991,262.08857295277994,341.1517920001643,0.0,MS-HIDE,164,case57,0.18
True,49,-0.04,True,2,2,False,49,True,4.375267288164687e-10,0.0019073841934813783,0.4388520862570142,265.7416896050563,335.1818413735601,0.0,MS-HIDE,165,case57,0.18
True,40,0.04,True,9,9,False,40,True,3.143983306073398e-09,0.00875901827894329,0.4525509088133421,262.46464585128706,326.0492518107641,0.0,MS-HIDE,166,case57,0.18
True,40,0.04,True,10,10,False,40,True,4.770701760191627e-07,0.00869492345364695,0.48675637451069553,262.0166582579259,339.9621645454318,0.0,MS-HIDE,167,case57,0.18
True,28,0.04,True,1,1,False,28,True,3.867181428919181e-10,0.000887667664630944,0.4823062539026237,254.41907069762237,302.219579188386,0.0,MS-HIDE,168,case57,0.18
True,38,0.04,True,5,5,False,56,False,0.1714416009440448,0.00586899641601864,0.5482749804296692,257.09154149517417,332.6860660337843,0.0,MS-HIDE,169,case57,0.18
True,27,0.04,True,1,1,False,27,True,3.867181428919181e-10,0.0012790148387646783,0.4382896826473379,265.0321791530587,329.7338916745503,0.0,MS-HIDE,170,case57,0.18
True,30,-0.04,True,2,2,False,30,True,0.0001540635722266371,0.002442796293370097,0.4322671991768706,268.4719271521317,326.52968991023954,0.0,MS-HIDE,171,case57,0.18
True,31,-0.04,True,1,1,False,31,True,0.026819954481144898,0.0022878190617555624,0.398353265772743,275.8736875053728,339.4060288381298,0.0,MS-HIDE,172,case57,0.18
True,27,0.04,True,1,1,False,27,True,3.867181428919181e-10,0.0012284860987653303,0.4774195246517363,277.99847075657453,363.035985417082,0.0,MS-HIDE,173,case57,0.18
True,51,0.04,True,2,2,False,51,True,5.1126339863757584e-06,0.004878681417078413,0.4786095275680296,276.843087549787,347.1109776961385,0.0,MS-HIDE,174,case57,0.18
True,28,0.04,True,1,1,False,28,True,3.867181428919181e-10,0.0008876676649107936,0.4357372744886284,266.9313729420537,327.7244915952906,0.0,MS-HIDE,175,case57,0.18
True,33,-0.04,True,12,12,False,33,True,0.00010227066958727562,0.016268809096195203,0.4922537804965891,285.1741229038453,405.14110061340034,0.0,MS-HIDE,176,case57,0.18
True,20,-0.04,True,1,1,False,20,True,0.1714416009440448,0.002256460623828053,0.5349915111998695,272.9349770495901,346.6331586183515,0.0,MS-HIDE,177,case57,0.18
True,5,0.04,True,2,2,False,5,True,3.8671819781199704e-10,0.0011734587397229826,0.5701562738696976,265.8292520965915,337.794177379692,0.0,MS-HIDE,178,case57,0.18
True,38,0.04,True,2,2,False,38,True,0.1714416009440448,0.005868994787861041,0.5604069764234384,243.94816039712168,313.71009757276624,0.0,MS-HIDE,179,case57,0.18
True,52,-0.04,True,1,1,False,52,True,0.1714416009440448,0.0018662531490951525,0.4548532387558914,257.0376457966631,304.75112920394173,0.0,MS-HIDE,180,case57,0.18
True,48,0.04,True,2,2,False,48,True,3.8671808797187857e-10,0.0013661474792030185,0.5020664558936165,267.7304168581031,332.7021413628245,0.0,MS-HIDE,181,case57,0.18
True,32,-0.04,False,20,20,False,0,False,0.4710629789991653,0.32258461129036453,0.5565138952089929,260.2947019971907,325.6899035681272,0.0,MS-HIDE,182,case57,0.18
True,48,0.04,True,1,1,False,48,True,3.980662924485857e-10,0.0012380714349930616,0.4974639031770127,262.61228330258746,344.20549589267466,0.0,MS-HIDE,183,case57,0.18
True,48,0.04,True,2,2,False,48,True,6.335206371445014e-10,0.001238071372392399,0.5011178414080207,163.3190916472813,205.78070803021546,0.0,MS-HIDE,184,case57,0.18
True,5,0.04,True,1,1,False,5,True,3.8671819781198737e-10,0.0011734587399253888,0.5551521841940557,254.0752456494374,311.65021906199405,0.0,MS-HIDE,185,case57,0.18
True,41,0.04,True,1,1,False,41,True,3.8745821922369343e-10,0.0007374062654359892,0.3652614343613265,253.43150849803354,325.4332038195571,0.0,MS-HIDE,186,case57,0.18
True,29,-0.04,True,2,2,False,29,True,0.17144160099321548,0.0024327935898935237,0.6713743854430592,280.3582604014082,341.76559203187935,0.0,MS-HIDE,187,case57,0.18
True,10,-0.04,True,1,1,False,10,True,3.8671819781197475e-10,0.0009479782273527144,0.3575094206119088,238.6077667499194,314.47118987853173,0.0,MS-HIDE,188,case57,0.18
True,13,0.04,True,1,1,False,13,True,3.8671819781197475e-10,0.00040483513631693916,0.2774274271572498,139.19653949851636,193.69704615091908,0.0,MS-HIDE,189,case57,0.18
True,7,-0.04,False,20,20,False,7,True,4.258292311112819e-10,0.015612666820162205,0.5150532983212049,261.9031751033617,324.02262534305925,0.0,MS-HIDE,190,case57,0.18
True,34,-0.04,True,3,3,False,34,True,3.8671808797186145e-10,0.0024838728431824386,0.489637389538055,174.57010615325999,263.1166687759105,0.0,MS-HIDE,191,case57,0.18
True,23,-0.04,False,20,20,False,0,False,0.4984611547817087,0.3060763280129083,0.5488362575749112,271.12442515499424,327.45312287297565,0.0,MS-HIDE,192,case57,0.18
True,22,-0.04,False,20,20,False,0,False,0.4717135340164506,0.3199099749136871,0.49067225678042586,174.28542085690424,257.93455002130946,0.0,MS-HIDE,193,case57,0.18
True,53,-0.04,True,2,2,False,53,True,0.1714416009440448,0.0018719368646524194,0.41798906374047956,97.65534374746494,128.7683830159949,0.0,MS-HIDE,194,case57,0.18
True,40,0.04,True,1,1,False,40,True,5.726616186542621e-09,0.008699033668198264,0.4652844524566291,253.69620209967252,358.5142833646387,0.0,MS-HIDE,195,case57,0.18
True,4,-0.04,False,20,20,False,0,False,0.4557319028366085,0.32502492204809924,0.5233809027138423,138.45701046229806,183.90787472890224,0.0,MS-HIDE,196,case57,0.18
True,23,0.04,False,20,20,False,0,False,0.42675226697385094,0.33542867000471416,0.5392549794855216,247.35066659923177,325.4342914005975,0.0,MS-HIDE,197,case57,0.18
True,17,0.04,True,2,2,False,17,True,0.002540044876966894,0.0029637111166556296,0.49624972642078446,142.2894519928377,184.27013300242834,0.0,MS-HIDE,198,case57,0.18
True,28,0.04,True,1,1,False,28,True,3.867181428922617e-10,0.0013014582816804978,0.45331462671839146,76.9073000003118,86.41890682920348,0.0,MS-HIDE,199,case57,0.18
True,26,-0.04,True,2,2,False,26,True,0.1714416013020855,0.010504641524025707,0.690420445633376,1.986177000799216,2.2936277295229957,0.0,RHMTD,0,case57,0.18
True,49,-0.04,True,1,1,False,49,True,3.867180879722154e-10,0.0037932193300671776,0.6990116448445949,4.677600090508349,9.204618752119133,0.0,RHMTD,1,case57,0.18
True,53,-0.04,True,1,1,False,52,False,0.17144160094667243,0.00444646782929119,0.7033959938490439,3.8968352979281917,9.464387156185696,0.0,RHMTD,2,case57,0.18
True,37,0.04,True,1,1,False,37,True,0.1714416009440448,0.0029110839845981114,0.6996823510925599,3.552712654345669,6.531052113859914,0.0,RHMTD,3,case57,0.18
True,46,0.04,True,17,17,False,0,False,0.4739383419461913,0.3167720457772808,0.6916897557165201,4.962987540056929,10.481645222171212,0.0,RHMTD,4,case57,0.18
True,17,0.04,False,20,20,False,17,True,0.14075684717991366,0.05165604280745104,0.7005040988246873,2.0240333455149084,2.3302955349208787,0.0,RHMTD,5,case57,0.18
True,24,0.04,True,1,1,False,29,False,0.17144160096794858,0.014584387751399442,0.682936836212508,3.6034501012181863,5.050464527448647,0.0,RHMTD,6,case57,0.18
True,3,0.04,True,3,3,False,3,True,3.867181978119748e-10,0.00613971407482283,0.6933151830157251,2.808279247255996,3.1282021082006395,0.0,RHMTD,7,case57,0.18
True,8,-0.04,True,1,1,False,8,True,3.8671819781197475e-10,0.00041130141004733917,0.7048574435171934,3.027631205623038,4.155868405359798,0.0,RHMTD,8,case57,0.18
True,22,0.04,False,20,20,False,0,False,0.5749286393507073,0.26521142654311136,0.6957630475844472,3.4438937465893105,7.594319089548663,0.0,RHMTD,9,case57,0.18
True,29,-0.04,True,3,3,False,24,False,0.1714416009440448,0.012978273131296257,0.690749675452607,2.0806332962820306,2.2828193701570854,0.0,RHMTD,10,case57,0.18
True,28,-0.04,True,1,1,False,28,True,3.867181154318987e-10,0.004543484949987377,0.6949851357934962,3.7360769521910697,5.036843472043994,0.0,RHMTD,11,case57,0.18
True,8,0.04,True,1,1,False,8,True,3.8671819781197475e-10,0.0005904464252585824,0.6951205032904323,3.509993801708333,7.417375658405945,0.0,RHMTD,12,case57,0.18
True,28,-0.04,True,1,1,False,28,True,3.867181428919181e-10,0.0014374335342018424,0.6952388358222182,4.5276417571585625,12.857443725806661,0.0,RHMTD,13,case57,0.18
True,22,0.04,False,20,20,False,0,False,0.4853704836740295,0.3012098844968198,0.6976403657542809,3.659437649184838,6.641108376788911,0.0,RHMTD,14,case57,0.18
True,26,0.04,True,7,7,False,25,False,0.1714416009440448,0.00651863078021236,0.6990708111104877,2.0070437458343804,2.2459000087110326,0.0,RHMTD,15,case57,0.18
True,40,-0.04,False,20,20,False,40,True,8.117553255366501e-10,0.014166778047014585,0.6932695379164557,3.444056201260537,6.9869006605586055,0.0,RHMTD,16,case57,0.18
True,1,-0.04,False,20,20,False,1,True,0.0006545052886254742,0.04271501534271883,0.6919720658793613,7.385170849738643,39.43915419222323,0.0,RHMTD,17,case57,0.18
True,37,-0.04,True,1,1,False,43,False,0.1714416009440448,0.0035137810645395483,0.6977586982860667,4.1016750037670135,5.173176788957805,0.0,RHMTD,18,case57,0.18
True,42,-0.04,True,1,1,False,42,True,3.8671808797186145e-10,0.005125121229335376,0.7021120429785728,7.516045743250288,36.24258300988004,0.0,RHMTD,19,case57,0.18
True,32,0.04,False,20,20,False,0,False,0.41398657938365374,0.33635980158476025,0.6948357989497677,1.9834396021906286,2.254491718485952,0.0,RHMTD,20,case57,0.18
True,20,0.04,True,1,1,False,20,True,0.1714416009440448,0.00309369612371749,0.6974910289105525,2.899701858405024,3.3791702124290173,0.0,RHMTD,21,case57,0.18
True,46,0.04,False,20,20,False,0,False,0.43530905974683204,0.32892556949675295,0.7019345441808942,3.339177093585022,5.203375616110863,0.0,RHMTD,22,case57,0.18
True,42,0.04,True,3,3,False,42,True,3.867180879718643e-10,0.0064472585778061605,0.6918818953015256,4.9409041937906295,11.646832991391422,0.0,RHMTD,23,case57,0.18
True,56,-0.04,True,3,3,False,56,True,0.17144160094404476,0.017384703941630823,0.7018162116491085,4.083395857014693,6.96555000613444,0.0,RHMTD,24,case57,0.18
True,53,0.04,True,1,1,False,52,False,0.1714416009440448,0.0039880836005474285,0.6936725747889062,5.187772904173471,9.925139934057377,0.0,RHMTD,25,case57,0.18
True,48,0.04,True,2,2,False,48,True,3.8671808797186166e-10,0.005740398086206078,0.6961479117741884,3.1318543013185263,4.509416906512345,0.0,RHMTD,26,case57,0.18
True,24,-0.04,True,4,4,False,29,False,0.17144160121646987,0.0071125094884262425,0.6946815831001607,3.8305041525745764,7.144658363540661,0.0,RHMTD,27,case57,0.18
True,20,0.04,True,1,1,False,19,False,0.1714416009440448,0.0026017274027267732,0.6978178645519597,3.0258207058068365,4.7930830041877925,0.0,RHMTD,28,case57,0.18
True,34,-0.04,True,2,2,False,34,True,3.8671808797716347e-10,0.014973146155670984,0.6962972486179171,5.799583363113925,12.293085435521812,0.0,RHMTD,29,case57,0.18
True,11,-0.04,True,1,1,False,11,True,3.8671819781197475e-10,0.0009090334857761056,0.6990116448445949,4.38072080432903,8.801045824657198,0.0,RHMTD,30,case57,0.18
True,38,0.04,False,20,20,False,56,False,0.17144160094485625,0.021486368804442796,0.6977868602400168,3.4328457491938025,5.935760770807977,0.0,RHMTD,31,case57,0.18
True,32,0.04,False,20,20,False,0,False,0.46242375202364483,0.32175156944848865,0.6866504789689919,2.9842812509741634,3.7514333234867108,0.0,RHMTD,32,case57,0.18
True,15,-0.04,False,20,20,False,0,False,0.42655268220916653,0.33038176419976284,0.697727693974124,3.7095685984240845,9.243528844672257,0.0,RHMTD,33,case57,0.18
True,36,0.04,True,1,1,False,36,True,3.8671808797186145e-10,0.0016969093079271668,0.6990708111104879,5.378383240895346,23.565216339193285,0.0,RHMTD,34,case57,0.18
True,26,0.04,True,2,2,False,26,True,0.1714416009440448,0.0051823132112598525,0.6932841787037822,3.8877894054166973,9.351963960216382,0.0,RHMTD,35,case57,0.18
True,28,0.04,True,1,1,False,28,True,3.867181428919181e-10,0.0036517613392419526,0.7034551601149368,2.945985406404361,3.610803873743862,0.0,RHMTD,36,case57,0.18
True,3,0.04,True,1,1,False,3,True,3.867181703521163e-10,0.0043882596238247916,0.694804794637825,2.9272544459672645,3.2560440944507727,0.0,RHMTD,37,case57,0.18
True,6,0.04,True,1,1,False,6,True,3.8671819781197506e-10,0.006635564522714753,0.6961197498202385,5.102120901574381,11.151852397597397,0.0,RHMTD,38,case57,0.18
True,51,-0.04,False,20,20,False,51,True,1.2291241927036362e-09,0.013499966119237296,0.6909136530836621,4.383375102770515,9.169233968714254,0.0,RHMTD,39,case57,0.18
True,17,0.04,False,20,20,False,17,True,0.020066949593110738,0.030323003096816306,0.6990708111104877,5.249598005320877,11.194869360770099,0.0,RHMTD,40,case57,0.18
True,49,-0.04,True,1,1,False,49,True,3.8671808797186916e-10,0.0037442217241590017,0.693061034806834,2.9918269865447655,3.6953118571545938,0.0,RHMTD,41,case57,0.18
True,19,-0.04,True,1,1,False,20,False,0.1714416009440448,0.00252994589009535,0.6977276939741239,5.228691702359356,10.71134229132442,0.0,RHMTD,42,case57,0.18
True,31,0.04,True,1,1,False,31,True,0.022130445286856208,0.005279599168593107,0.6952698401341609,3.8851375982631,7.811819374910557,0.0,RHMTD,43,case57,0.18
True,55,0.04,True,1,1,False,55,True,3.8671808797186145e-10,0.001084606605051628,0.697581199488388,3.161912556970492,4.930576746119187,0.0,RHMTD,44,case57,0.18
True,2,0.04,True,1,1,False,2,True,3.8671819781197475e-10,0.0049146149268891656,0.6962070780400815,2.9423145577311516,3.354744066018613,0.0,RHMTD,45,case57,0.18
True,34,-0.04,True,1,1,False,34,True,2.6913450851424832e-09,0.008428110733398884,0.7005632650905803,3.4380833996692672,5.328827098128389,0.0,RHMTD,46,case57,0.18
True,14,-0.04,True,1,1,False,14,True,3.8671819781197475e-10,0.0015822210203510383,0.69632825292986,3.6268208554247394,8.629201742587613,0.0,RHMTD,47,case57,0.18
True,1,0.04,False,20,20,False,1,True,0.008656319486551899,0.04804567954596394,0.6989243166247521,5.610408500069752,14.959393747267319,0.0,RHMTD,48,case57,0.18
True,34,-0.04,True,1,1,False,34,True,3.867180879718846e-10,0.005690732150251076,0.6991891436422736,6.462800101144239,12.952532738563637,0.0,RHMTD,49,case57,0.18
True,40,-0.04,False,20,20,False,40,True,4.2949782253644055e-10,0.010395878133578267,0.6952388358222181,5.098366693709977,13.283008307917045,0.0,RHMTD,50,case57,0.18
True,27,-0.04,True,1,1,False,27,True,3.867181428919181e-10,0.0023794915802039366,0.6967002854903678,4.365522903390229,5.947122559882719,0.0,RHMTD,51,case57,0.18
True,44,-0.04,True,9,9,False,44,True,5.670841431123162e-10,0.02108546776425759,0.7004730945127446,3.2894791569560766,3.9634750050026972,0.0,RHMTD,52,case57,0.18
True,1,0.04,False,20,20,False,1,True,0.1048300612509098,0.07245910396261082,0.7004730945127445,3.1121853011427447,4.291033282061108,0.0,RHMTD,53,case57,0.18
True,20,-0.04,True,1,1,False,19,False,0.1714416009499062,0.00294942572131843,0.7006224313564731,3.4191021462902427,5.300826465827413,0.0,RHMTD,54,case57,0.18
True,41,-0.04,True,1,1,False,41,True,3.8671808797186145e-10,0.0007803491738187332,0.70205287671268,3.2270187395624816,3.590472316136588,0.0,RHMTD,55,case57,0.18
True,25,0.04,True,4,4,False,26,False,0.17144160094404481,0.014593058591862839,0.701993710446787,3.875077102566138,9.888662476441825,0.0,RHMTD,56,case57,0.18
True,33,0.04,False,20,20,False,33,True,0.4107439842713348,0.0299879086811511,0.7019345441808942,3.1098750507226214,3.650255908723924,0.0,RHMTD,57,case57,0.18
True,42,-0.04,True,2,2,False,42,True,3.8671808797186166e-10,0.009056419207294634,0.6962070780400816,3.3473083429271355,5.065499697229826,0.0,RHMTD,58,case57,0.18
True,21,0.04,False,20,20,False,0,False,0.4603450740426416,0.32040744569091484,0.7077211765875997,3.0959813040681183,4.470397933619097,0.0,RHMTD,59,case57,0.18
True,36,-0.04,True,1,1,False,36,True,3.8671808797186874e-10,0.002853661882906042,0.7003547619809588,5.358498002169654,21.89514401834459,0.0,RHMTD,60,case57,0.18
True,46,0.04,False,20,20,False,0,False,0.4798209126120792,0.31152552117329496,0.6966721235364177,3.9727665047394107,9.29671069898177,0.0,RHMTD,61,case57,0.18
True,56,0.04,False,20,20,False,38,False,0.1714416009575568,0.018757880837587556,0.691943903925411,3.675812596338801,7.583008357323707,0.0,RHMTD,62,case57,0.18
True,8,-0.04,True,1,1,False,8,True,3.8671819781197475e-10,0.0005929771859416044,0.6990708111104877,4.709891803213395,12.674354494083676,0.0,RHMTD,63,case57,0.18
True,2,0.04,True,2,2,False,2,True,3.8671819781197475e-10,0.0032123569140247578,0.6878267761163078,4.078983393264934,7.653427400509832,0.0,RHMTD,64,case57,0.18
True,43,0.04,True,1,1,False,37,False,0.1714416009440448,0.003550563624918069,0.6922567702200261,3.8049022085033357,6.55517713457812,0.0,RHMTD,65,case57,0.18
True,11,0.04,True,1,1,False,11,True,3.8671819781197475e-10,0.0009135608659620754,0.6939548849517473,3.216776900808327,5.872974355588667,0.0,RHMTD,66,case57,0.18
True,7,0.04,False,20,20,False,7,True,4.73210622736527e-05,0.020150594738191464,0.6990116448445949,5.025772901717573,13.290889275958772,0.0,RHMTD,67,case57,0.18
True,7,-0.04,False,20,20,False,7,True,7.288711850176816e-10,0.018803277089766007,0.6994456860289883,4.9533208017237484,12.50446902704426,0.0,RHMTD,68,case57,0.18
True,51,-0.04,True,5,5,False,51,True,2.1366847334883108e-08,0.013986154156296234,0.6952980020881112,4.437047953251749,9.510219120420516,0.0,RHMTD,69,case57,0.18
True,12,-0.04,True,1,1,False,12,True,3.8671819781197475e-10,0.0001841710345099502,0.6930920391187767,3.8230730046052486,9.787943729315886,0.0,RHMTD,70,case57,0.18
True,17,-0.04,True,8,8,False,18,False,0.1274774073333391,0.01376787838024218,0.6948639609037178,3.274422904360108,7.13588574435562,0.0,RHMTD,71,case57,0.18
True,35,0.04,True,1,1,False,35,True,3.867180879720453e-10,0.0031564396394405205,0.6952388358222181,4.433745896676555,14.616710069822147,0.0,RHMTD,72,case57,0.18
True,37,0.04,True,1,1,False,43,False,0.1714416009440448,0.003507084519515883,0.6991299773763807,4.127083357889205,8.664983295602726,0.0,RHMTD,73,case57,0.18
True,11,0.04,True,1,1,False,11,True,3.8671819781197475e-10,0.000896633479591693,0.6960887455082957,4.435931250918657,9.829750002245426,0.0,RHMTD,74,case57,0.18
True,43,-0.04,True,1,1,False,43,True,0.17144160094404476,0.002905838072150535,0.6962662443059744,3.6648521054303274,6.245354184648025,0.0,RHMTD,75,case57,0.18
True,39,0.04,True,7,7,False,39,True,3.867180879718622e-10,0.009723787962013957,0.6976093614423382,4.6151520538842306,13.668362505268313,0.0,RHMTD,76,case57,0.18
True,41,-0.04,True,1,1,False,41,True,3.867180879718682e-10,0.0008140959586255701,0.6937265746318299,3.6121040961006656,5.182195830275309,0.0,RHMTD,77,case57,0.18
True,11,-0.04,True,1,1,False,11,True,3.8671819781197475e-10,0.0008968002068881858,0.6967904560682034,3.5005271492991596,5.037287494633351,0.0,RHMTD,78,case57,0.18
True,24,0.04,True,3,3,False,24,True,0.17144160094404481,0.0033532417330019593,0.6991299773763806,3.7897978589171544,6.7656798433745315,0.0,RHMTD,79,case57,0.18
True,26,-0.04,True,6,6,False,26,True,0.1714416009440448,0.005351417073582971,0.697786860240017,4.2808332946151495,12.947195471497258,0.0,RHMTD,80,case57,0.18
True,37,0.04,True,1,1,False,37,True,0.1714416009440448,0.0034822413013113557,0.7006505933104232,3.2318291458068416,3.791250343783763,0.0,RHMTD,81,case57,0.18
True,26,-0.04,True,1,1,False,25,False,0.1714416009440448,0.009622619037066366,0.6900045771316918,4.488968796795234,11.54393812757917,0.0,RHMTD,82,case57,0.18
True,20,-0.04,True,1,1,False,19,False,0.1714416009440448,0.0025920144163956425,0.7005322607786375,3.114983349223621,3.530962500371973,0.0,RHMTD,83,case57,0.18
True,54,0.04,True,1,1,False,54,True,3.8671808797186145e-10,0.003016894138281014,0.7004139282468518,3.982533552334644,9.222398273414003,0.0,RHMTD,84,case57,0.18
True,31,0.04,True,1,1,False,31,True,0.05062304700246052,0.0051668866057680615,0.7019937104467869,3.755541643477045,6.513639586046342,0.0,RHMTD,85,case57,0.18
True,28,0.04,True,1,1,False,28,True,3.867181428919181e-10,0.001296531309607882,0.6962662443059743,3.350566650624387,5.495016367058273,0.0,RHMTD,86,case57,0.18
True,26,-0.04,True,1,1,False,26,True,0.1714416009440448,0.00582014648464955,0.6948949652156604,5.287545901956037,10.753538960125315,0.0,RHMTD,87,case57,0.18
True,17,-0.04,True,11,11,False,17,True,0.07702917967142833,0.03278028860046507,0.6889308340112762,5.29369781143032,11.427537817507988,0.0,RHMTD,88,case57,0.18
True,55,-0.04,True,1,1,False,55,True,3.8671808797186145e-10,0.0011678798772455626,0.7033959938490438,4.788793699117377,10.344458345207386,0.0,RHMTD,89,case57,0.18
True,11,0.04,True,1,1,False,11,True,3.8671819781197475e-10,0.0004108952300372295,0.7002499506157964,3.812470959383063,9.240252140443774,0.0,RHMTD,90,case57,0.18
True,48,-0.04,True,1,1,False,48,True,3.8671808797186145e-10,0.0059550640582434426,0.6949822934355034,4.062302142847329,7.663383049657569,0.0,RHMTD,91,case57,0.18
True,50,-0.04,True,2,2,False,50,True,3.867180879718617e-10,0.003795890992512599,0.6991891436422737,3.872093796962872,4.82117501087488,0.0,RHMTD,92,case57,0.18
True,53,-0.04,True,2,2,False,53,True,0.17144160094579283,0.0035101784100407298,0.6975501951764453,3.438141758670099,5.579898288124243,0.0,RHMTD,93,case57,0.18
True,43,0.04,True,1,1,False,43,True,0.1714416009440448,0.0034832597171578442,0.6963845768377602,3.1968770956154913,4.14186421548948,0.0,RHMTD,94,case57,0.18
True,40,-0.04,True,4,4,False,40,True,3.867180879720496e-10,0.010159666468123637,0.6921976039541333,4.896918794838712,6.899483033339516,0.0,RHMTD,95,case57,0.18
True,10,-0.04,True,1,1,False,10,True,3.8671819781197475e-10,0.0016027083962987592,0.6991018154224306,4.289345900178887,10.593119039549501,0.0,RHMTD,96,case57,0.18
True,14,0.04,True,2,2,False,14,True,3.867181428923722e-10,0.004976837178524039,0.6947766326838746,7.003187344525941,18.578464575693978,0.0,RHMTD,97,case57,0.18
True,53,-0.04,True,2,2,False,53,True,0.17144160094925862,0.00743340642240248,0.6960887455082957,3.0263960477896035,3.9705232571577667,0.0,RHMTD,98,case57,0.18
True,49,-0.04,True,2,2,False,49,True,3.8671808797195e-10,0.004183804867400937,0.6962972486179173,2.926414704415947,3.276979213114828,0.0,RHMTD,99,case57,0.18
True,56,0.04,False,20,20,False,38,False,0.1714416009921167,0.01928236084819851,0.701993710446787,3.1685750029282644,4.819023195886985,0.0,RHMTD,100,case57,0.18
True,17,-0.04,False,20,20,False,17,True,0.15361514441563037,0.013791866481166582,0.7034551601149367,4.552989604417235,11.258522630669177,0.0,RHMTD,101,case57,0.18
True,12,0.04,True,1,1,False,12,True,3.8671819781197475e-10,0.00021983039461920915,0.6990708111104877,3.974781348370015,9.354915196308866,0.0,RHMTD,102,case57,0.18
True,48,-0.04,True,2,2,False,48,True,3.8671808797186145e-10,0.0070238779445383785,0.6948386413077603,3.7649688019882888,7.2969708475284305,0.0,RHMTD,103,case57,0.18
True,31,0.04,True,3,3,False,31,True,0.05272273312336345,0.005233438597521323,0.6977586982860668,3.7125289876712486,6.096395797794692,0.0,RHMTD,104,case57,0.18
True,31,0.04,True,2,2,False,30,False,0.15501203821637016,0.005247355893140274,0.6961197498202385,4.940047959098592,6.215033654007156,0.0,RHMTD,105,case57,0.18
True,41,-0.04,True,1,1,False,41,True,3.8671808797187003e-10,0.0008140947832486295,0.7004449325587945,3.365037398179993,3.763268096372492,0.0,RHMTD,106,case57,0.18
True,16,-0.04,False,20,20,False,16,True,0.3195059770061431,0.17613602235323045,0.6909164954416549,3.9183458109619096,7.264675325131979,0.0,RHMTD,107,case57,0.18
True,20,0.04,True,1,1,False,20,True,0.1714416009440448,0.002540408467554607,0.6989068334794326,3.480700045474805,5.234891039435756,0.0,RHMTD,108,case57,0.18
True,50,0.04,True,2,2,False,50,True,6.247260935319791e-10,0.006884560628887957,0.6930018685409411,4.21410204435233,8.831326712970627,0.0,RHMTD,109,case57,0.18
True,17,0.04,True,7,7,False,17,True,0.1634027023537897,0.02172976132528456,0.6962662443059745,4.941322788363323,11.585720500443145,0.0,RHMTD,110,case57,0.18
True,41,0.04,True,1,1,False,41,True,3.867180879718682e-10,0.0024032943530804436,0.6906881150088903,4.367729200748727,10.329737496795135,0.0,RHMTD,111,case57,0.18
True,15,0.04,False,20,20,False,0,False,0.45569306432621365,0.3103335137375092,0.6962380823520242,4.607745801331475,10.93948336783797,0.0,RHMTD,112,case57,0.18
True,12,-0.04,True,1,1,False,12,True,3.8671819781197475e-10,0.0002199156464426584,0.6881992568569845,4.499995813239366,10.697143734432766,0.0,RHMTD,113,case57,0.18
True,33,-0.04,False,20,20,False,33,True,0.03546795678938337,0.07018066479763133,0.6918227290356325,3.7111978919710964,6.848154182080183,0.0,RHMTD,114,case57,0.18
True,8,0.04,True,1,1,False,8,True,3.8671819781197475e-10,0.0005929771858505654,0.6989834828906447,10.14380834531039,34.155882973573206,0.0,RHMTD,115,case57,0.18
True,16,-0.04,False,20,20,False,0,False,0.46350115953222415,0.24463785859348608,0.6900975900675201,3.8978709024377167,6.58807982399595,0.0,RHMTD,116,case57,0.18
True,46,-0.04,False,20,20,False,0,False,0.5177378690215952,0.2946667848426516,0.6952388358222182,3.8412978523410857,6.7315643362235305,0.0,RHMTD,117,case57,0.18
True,8,-0.04,True,1,1,False,8,True,3.8671819781197475e-10,0.0007506948968829041,0.7033959938490438,3.176056142547168,4.536522927810438,0.0,RHMTD,118,case57,0.18
True,20,0.04,True,1,1,False,19,False,0.1714416009440448,0.009554969270007815,0.6977276939741242,3.024704151903279,4.458635070477613,0.0,RHMTD,119,case57,0.18
True,52,-0.04,True,1,1,False,53,False,0.1714416009440448,0.004542285986498722,0.6875222286318622,3.556468794704415,6.193989567691462,0.0,RHMTD,120,case57,0.18
True,9,-0.04,True,9,9,False,9,True,3.867181978119969e-10,0.011351700783482925,0.7047391109854075,5.706381154595874,11.40360589197373,0.0,RHMTD,121,case57,0.18
True,21,0.04,False,20,20,False,0,False,0.43830498070033486,0.32885459330335876,0.6966411192244748,3.53287490142975,4.056847904575998,0.0,RHMTD,122,case57,0.18
True,43,0.04,True,1,1,False,37,False,0.1714416009440448,0.0036408590441288553,0.6905106162112117,4.00113535579294,8.248947898391634,0.0,RHMTD,123,case57,0.18
True,18,-0.04,True,9,9,False,18,True,0.16043649072462662,0.037604545982467937,0.6888260226461138,4.228916697320528,8.560308330925187,0.0,RHMTD,124,case57,0.18
True,38,-0.04,True,18,18,False,56,False,0.17144160094404476,0.015915922904946443,0.6989834828906448,4.295645846286789,10.653102697688155,0.0,RHMTD,125,case57,0.18
True,47,-0.04,False,20,20,False,0,False,0.49097711543674877,0.30635887230075215,0.7049166097830862,3.009543550433591,3.3161038416437805,0.0,RHMTD,126,case57,0.18
True,51,-0.04,False,20,20,False,51,True,5.845256002351571e-05,0.012000481253012044,0.6934335155475109,3.4805562492692843,6.237852372578347,0.0,RHMTD,127,case57,0.18
True,23,0.04,True,0,0,False,0,False,0.5075194079530032,0.25697478289454223,0.6976685277082312,4.21110829920508,9.003660082817088,0.0,RHMTD,128,case57,0.18
True,40,0.04,True,15,15,False,40,True,3.9786468223782995e-10,0.012117089106556865,0.6962662443059744,3.961987554794178,8.365691688959487,0.0,RHMTD,129,case57,0.18
True,20,-0.04,True,2,2,False,20,True,0.17144160094782795,0.0030477441089604524,0.6978460265059099,4.831714549800381,10.751514614094052,0.0,RHMTD,130,case57,0.18
True,51,-0.04,False,20,20,False,51,True,1.2707198757845342e-05,0.013202387380079533,0.703336827583151,6.3284751027822495,14.748628559755186,0.0,RHMTD,131,case57,0.18
True,26,0.04,True,4,4,False,26,True,0.1714416009440448,0.005455298172594428,0.6894522034155127,3.9209188485983764,8.44592532957904,0.0,RHMTD,132,case57,0.18
True,43,-0.04,True,1,1,False,43,True,0.1714416009440448,0.0035138025583135186,0.7019345441808941,3.8199897011509165,8.85012529033702,0.0,RHMTD,133,case57,0.18
True,54,-0.04,True,1,1,False,54,True,3.867180879775191e-10,0.009519943973135327,0.6991018154224307,3.852470757556148,8.058312174398452,0.0,RHMTD,134,case57,0.18
True,32,0.04,False,20,20,False,0,False,0.4452981356587563,0.3263193850172008,0.7033959938490437,5.647556309122592,19.434479175833996,0.0,RHMTD,135,case57,0.18
True,47,0.04,False,20,20,False,0,False,0.49499755812791907,0.3025040169363875,0.6948639609037177,4.9706333462381735,7.00649582140616,0.0,RHMTD,136,case57,0.18
True,51,0.04,True,2,2,False,51,True,0.00018510039188417778,0.011823498805391642,0.7006505933104232,3.5220435907831416,6.803586025489494,0.0,RHMTD,137,case57,0.18
True,53,0.04,True,2,2,False,53,True,0.1714416009444194,0.004159670567249822,0.7004139282468516,5.070554203120992,12.286214635241778,0.0,RHMTD,138,case57,0.18
True,54,0.04,True,2,2,False,54,True,3.8671808797386556e-10,0.011767799738213331,0.6991299773763808,5.292806253419258,8.179435748024863,0.0,RHMTD,139,case57,0.18
True,20,0.04,True,1,1,False,20,True,0.1714416009440448,0.0027379765830581196,0.6961197498202385,3.9019854564685374,6.645968410884971,0.0,RHMTD,140,case57,0.18
True,52,0.04,True,1,1,False,52,True,0.17144160094814162,0.0035970472069016997,0.6939548849517474,4.592810448957607,9.015392305445861,0.0,RHMTD,141,case57,0.18
True,10,0.04,True,1,1,False,10,True,3.8671819781197475e-10,0.0016599780053648718,0.703336827583151,3.4871250041760504,5.592553879250777,0.0,RHMTD,142,case57,0.18
True,12,-0.04,True,1,1,False,12,True,3.8671819781197475e-10,0.0002198300814048486,0.7033959938490438,4.390012347721495,11.126679464359768,0.0,RHMTD,143,case57,0.18
True,10,0.04,True,1,1,False,10,True,3.8671819781197475e-10,0.0016534327968185834,0.6890035214437926,3.9789437956642364,10.505213114083745,0.0,RHMTD,144,case57,0.18
True,11,-0.04,True,1,1,False,11,True,3.8671819781197475e-10,0.0008968072417560264,0.6917179176704702,6.597727103508078,20.264604125986825,0.0,RHMTD,145,case57,0.18
True,25,-0.04,True,2,2,False,26,False,0.1714416009440448,0.007522413278317599,0.6990708111104879,3.7934895022772253,9.34681635699235,0.0,RHMTD,146,case57,0.18
True,36,0.04,True,1,1,False,36,True,3.8671808797186145e-10,0.0015654771383361993,0.6934673622174464,3.8600832398515195,8.06445835332852,0.0,RHMTD,147,case57,0.18
True,44,-0.04,True,14,14,False,44,True,3.867180879721124e-10,0.007217999994133917,0.6962070780400815,4.420551998191513,9.717610085499473,0.0,RHMTD,148,case57,0.18
True,24,0.04,True,4,4,False,29,False,0.1714416011541857,0.008473230859320287,0.6961789160861314,3.8706229999661446,8.04466668632813,0.0,RHMTD,149,case57,0.18
True,3,0.04,True,2,2,False,3,True,3.8671819781203767e-10,0.007902317406936737,0.6991018154224307,4.219114652369171,9.018826714600438,0.0,RHMTD,150,case57,0.18
True,42,0.04,True,2,2,False,42,True,3.8671808797186145e-10,0.0048213214188453455,0.693061034806834,3.3809544489486143,5.719856877112762,0.0,RHMTD,151,case57,0.18
True,23,0.04,False,20,20,False,0,False,0.4527766194370035,0.32544430168061705,0.6920312321452541,4.8355583945522085,11.448812158778313,0.0,RHMTD,152,case57,0.18
True,45,0.04,True,1,1,False,45,True,3.8671808797186145e-10,0.003524755477425597,0.7005322607786374,3.045820852275938,3.8123770966194583,0.0,RHMTD,153,case57,0.18
True,24,-0.04,True,1,1,False,24,True,0.1714416009440448,0.005895503958276564,0.6948949652156605,3.361991702695377,4.046502421260818,0.0,RHMTD,154,case57,0.18
True,22,-0.04,False,20,20,False,0,False,0.5225768895854424,0.29910758648898983,0.7008479694312452,2.8573999006766826,3.2304809777997434,0.0,RHMTD,155,case57,0.18
True,23,0.04,False,20,20,False,0,False,0.4195804740639263,0.33493984869658155,0.6962070780400815,3.5085729527054355,5.268836839240979,0.0,RHMTD,156,case57,0.18
True,54,0.04,True,1,1,False,54,True,3.8671808797208004e-10,0.0023053793060567557,0.6951515076023751,4.9325145984767005,6.1274089384824295,0.0,RHMTD,157,case57,0.18
True,33,-0.04,False,20,20,False,0,False,0.5288960540621958,0.27610350335251943,0.7004730945127444,3.019233242957853,3.4536505845608194,0.0,RHMTD,158,case57,0.18
True,39,-0.04,False,20,20,False,39,True,3.867180879719128e-10,0.008736442345758521,0.7006505933104232,3.6218041059328243,5.119880978600129,0.0,RHMTD,159,case57,0.18
True,13,0.04,True,1,1,False,13,True,3.8671819781197475e-10,0.0003582549173070644,0.6935828523912395,3.013868848211132,3.4560791740659624,0.0,RHMTD,160,case57,0.18
True,38,0.04,False,20,20,False,38,True,0.1714416009440448,0.013248726130318732,0.6937773861540686,3.552264504833147,5.548864929005506,0.0,RHMTD,161,case57,0.18
True,35,0.04,True,1,1,False,35,True,3.8671808797186636e-10,0.0010450484954728225,0.6878577804282506,3.419687453424558,6.116693731746638,0.0,RHMTD,162,case57,0.18
True,26,-0.04,True,4,4,False,25,False,0.1714416009440448,0.006675034162501742,0.6962070780400815,5.96938754315488,22.773547892575156,0.0,RHMTD,163,case57,0.18
True,1,0.04,False,20,20,False,1,True,0.000893109708874141,0.04498267655883541,0.7004730945127446,4.676112448214553,14.465410067350605,0.0,RHMTD,164,case57,0.18
True,49,-0.04,True,4,4,False,49,True,3.8783379163205245e-10,0.003860742074773165,0.6842185297447168,10.391087402240373,51.96268579456958,0.0,RHMTD,165,case57,0.18
True,40,0.04,True,5,5,False,40,True,3.867180879720352e-10,0.012837232159092549,0.7034551601149367,3.6324041517218575,6.312408071244138,0.0,RHMTD,166,case57,0.18
True,40,0.04,True,4,4,False,40,True,3.867180879719339e-10,0.011946852587931156,0.701906382226944,4.623683448880911,11.61750204337296,0.0,RHMTD,167,case57,0.18
True,28,0.04,True,1,1,False,28,True,3.867181428919181e-10,0.00140020437466659,0.6916305894506272,3.4459874499589205,7.018214275012725,0.0,RHMTD,168,case57,0.18
True,38,0.04,False,20,20,False,38,True,0.17144160098674824,0.023434302405365703,0.7006505933104232,8.558064643875696,16.43213745555847,0.0,RHMTD,169,case57,0.18
True,27,0.04,True,2,2,False,27,True,3.8671814289191986e-10,0.002415193128263056,0.69317936733862,4.379558458458632,14.242758374894041,0.0,RHMTD,170,case57,0.18
True,30,-0.04,True,1,1,False,31,False,0.1661310862698115,0.005637493988059598,0.7003547619809587,5.033374959020875,11.259421549038963,0.0,RHMTD,171,case57,0.18
True,31,-0.04,True,1,1,False,31,True,0.05752197553071928,0.005835600941770607,0.6924652733296475,4.922656298731454,11.040783656062564,0.0,RHMTD,172,case57,0.18
True,27,0.04,True,1,1,False,27,True,4.154700903541511e-10,0.006400181560659255,0.691748921982413,3.6579082894604653,8.152406555018388,0.0,RHMTD,173,case57,0.18
True,51,0.04,True,9,9,False,51,True,1.4317238253508609e-06,0.012929447681868177,0.6991018154224307,4.481943848077208,13.1025473063346,0.0,RHMTD,174,case57,0.18
True,28,0.04,True,1,1,False,28,True,3.867181428919183e-10,0.003604065326663841,0.6977276939741239,3.160941702662967,4.295002741855571,0.0,RHMTD,175,case57,0.18
True,33,-0.04,False,20,20,False,33,True,0.016283088850357976,0.05414045884361128,0.6924652733296475,4.923522949684411,6.987836907501358,0.0,RHMTD,176,case57,0.18
True,20,-0.04,True,2,2,False,19,False,0.1714416009440448,0.0026020875497172846,0.6947456283719318,4.174233350204304,11.04419584735297,0.0,RHMTD,177,case57,0.18
True,5,0.04,True,1,1,False,5,True,3.8671819781197475e-10,0.004680007521068035,0.697727693974124,3.946939657907933,7.649881241377443,0.0,RHMTD,178,case57,0.18
True,38,0.04,False,20,20,False,56,False,0.171441600960761,0.018190771485077396,0.6977276939741239,5.715002003125846,12.621658301213769,0.0,RHMTD,179,case57,0.18
True,52,-0.04,True,1,1,False,52,True,0.1714416009440448,0.004913609530796297,0.703277661317258,3.516683349153027,7.004037511069329,0.0,RHMTD,180,case57,0.18
True,48,0.04,True,3,3,False,48,True,3.8671808797186145e-10,0.005890908473453885,0.7062597269194502,4.305012547411025,8.062952075852097,0.0,RHMTD,181,case57,0.18
True,32,-0.04,False,20,20,False,0,False,0.4454423943542922,0.32638255868497174,0.6946272958401462,3.1434894975973293,5.270893755368888,0.0,RHMTD,182,case57,0.18
True,48,0.04,True,1,1,False,48,True,3.8671808797186145e-10,0.0049693289199143655,0.6924061070637546,3.625343754538335,7.175278579234147,0.0,RHMTD,183,case57,0.18
True,48,0.04,True,1,1,False,48,True,3.8671808797186145e-10,0.006178854415886255,0.6981025688926246,3.3374353079125285,3.745453548617668,0.0,RHMTD,184,case57,0.18
True,5,0.04,True,1,1,False,5,True,3.8671819781197475e-10,0.0038584249325064332,0.6924934352835976,5.419356204220094,10.365027075749845,0.0,RHMTD,185,case57,0.18
True,41,0.04,True,1,1,False,41,True,3.867180879719114e-10,0.002515157675218086,0.6948949652156605,3.0746291478862986,4.9443395662819976,0.0,RHMTD,186,case57,0.18
True,29,-0.04,True,3,3,False,24,False,0.1714416009588753,0.008807031328647973,0.6905269797358278,3.5280458017950878,7.160137494793162,0.0,RHMTD,187,case57,0.18
True,10,-0.04,True,1,1,False,10,True,3.8671819781197475e-10,0.0016603279540858573,0.694622416834268,4.533916740911081,7.344929804094156,0.0,RHMTD,188,case57,0.18
True,13,0.04,True,1,1,False,13,True,3.8671819781197475e-10,0.0003581379518605402,0.6917799262943558,3.0748957477044314,3.2987056911224535,0.0,RHMTD,189,case57,0.18
True,7,-0.04,False,20,20,False,7,True,2.6821454741196526e-08,0.02237941151876812,0.6918255713936253,4.733291748561896,9.867100312840199,0.0,RHMTD,190,case57,0.18
True,34,-0.04,True,1,1,False,34,True,3.8671808797615566e-10,0.010969693497749261,0.7006505933104232,4.250241644331254,8.915174994035624,0.0,RHMTD,191,case57,0.18
True,23,-0.04,False,20,20,False,0,False,0.4981863569442816,0.3025700565221451,0.6975045500771758,2.7977792458841577,3.1562913995003328,0.0,RHMTD,192,case57,0.18
True,22,-0.04,False,20,20,False,0,False,0.5152599501148608,0.2928776205491677,0.6931822096966125,3.883156197844073,8.935141982510686,0.0,RHMTD,193,case57,0.18
True,53,-0.04,True,1,1,False,53,True,0.17144160101970707,0.0039880742349132515,0.6949541314815534,2.88955005526077,3.229781851405279,0.0,RHMTD,194,case57,0.18
True,40,0.04,True,1,1,False,40,True,3.867180879719923e-10,0.01002407836975138,0.6990116448445949,3.432089654961601,5.195217009168122,0.0,RHMTD,195,case57,0.18
True,4,-0.04,False,20,20,False,0,False,0.44658524544072886,0.3238473691065005,0.7018753779150012,2.840193751035258,3.1259590265108272,0.0,RHMTD,196,case57,0.18
True,23,0.04,False,20,20,False,45,False,0.4134201172855316,0.17337492344003844,0.6991299773763808,2.7283311530482024,3.014191664988175,0.0,RHMTD,197,case57,0.18
True,17,0.04,False,20,20,False,17,True,0.145505240160038,0.0504549965800662,0.6965819529585819,2.7523374592419714,3.0965312907937914,0.0,RHMTD,198,case57,0.18
True,28,0.04,True,1,1,False,28,True,3.867181428919181e-10,0.0013941769318518268,0.6945681295742532,2.6767311966978014,2.975821160362102,0.0,RHMTD,199,case57,0.18
True,26,-0.04,True,1,1,False,26,True,0.22762127744205043,0.005763526312365988,0.4971035860341183,24.300037504872307,36.375185434008024,0.0,Robust-MTD,0,case57,0.18
True,49,-0.04,True,1,1,False,50,False,0.2389622824899651,0.007755156497160078,0.4971035860341183,33.29001050151419,59.00751278095414,0.0,Robust-MTD,1,case57,0.18
True,53,-0.04,True,1,1,False,51,False,0.26220774661053786,0.0061293398074643585,0.4971035860341183,19.24659169453662,30.72969547647517,0.0,Robust-MTD,2,case57,0.18
True,37,0.04,True,1,1,False,44,False,0.21968194130894475,0.003546227424890246,0.4971035860341183,23.887750052381307,30.7679610705236,0.0,Robust-MTD,3,case57,0.18
True,46,0.04,True,17,17,False,0,False,0.5603699619037037,0.3500082697116053,0.4971035860341183,23.44574369781185,28.700185756315477,0.0,Robust-MTD,4,case57,0.18
True,17,0.04,True,3,3,False,18,False,0.2317692369746716,0.007852601319187238,0.4971035860341183,25.778001989237964,37.662050026119694,0.0,Robust-MTD,5,case57,0.18
True,24,0.04,True,11,11,False,24,True,0.3131475568485738,0.015330662905362044,0.4971035860341183,27.894200093578547,42.31742326810493,0.0,Robust-MTD,6,case57,0.18
True,3,0.04,False,20,20,False,3,True,0.0013687481090490648,0.009742199329467169,0.4971035860341183,20.531004303484224,32.12995388021228,0.0,Robust-MTD,7,case57,0.18
True,8,-0.04,True,2,2,False,8,True,3.8671819781197475e-10,0.00557430855268673,0.4971035860341183,27.52399166347459,40.30229375639467,0.0,Robust-MTD,8,case57,0.18
True,22,0.04,False,20,20,False,0,False,0.6211756975637993,0.29993920059167606,0.4971035860341183,27.37679790589027,53.874289253144525,0.0,Robust-MTD,9,case57,0.18
True,29,-0.04,True,4,4,False,24,False,0.3293329778841804,0.01696232465414533,0.4971035860341183,25.134952150983736,33.562237813021056,0.0,Robust-MTD,10,case57,0.18
True,28,-0.04,True,1,1,False,28,True,3.867181154319505e-10,0.003887984971364634,0.4971035860341183,24.943168708705343,32.51530031848233,0.0,Robust-MTD,11,case57,0.18
True,8,0.04,True,4,4,False,8,True,3.8671819781197475e-10,0.00557430855268673,0.4971035860341183,19.111512502422556,30.308748190873306,0.0,Robust-MTD,12,case57,0.18
True,28,-0.04,True,1,1,False,28,True,4.841195115020558e-10,0.0038879849713823965,0.4971035860341183,25.31192715105135,30.919989230460487,0.0,Robust-MTD,13,case57,0.18
True,22,0.04,False,20,20,False,0,False,0.5887842789708155,0.3278812209287469,0.4971035860341183,24.329956216388382,30.50463056715671,0.0,Robust-MTD,14,case57,0.18
True,26,0.04,True,1,1,False,25,False,0.22301571414815932,0.0057982031813341274,0.4971035860341183,24.452620794181712,32.49565416190308,0.0,Robust-MTD,15,case57,0.18
True,40,-0.04,False,20,20,False,40,True,0.002382093690826516,0.054483070040947885,0.4971035860341183,32.89248129585758,61.974908621050425,0.0,Robust-MTD,16,case57,0.18
True,1,-0.04,False,20,20,False,0,False,0.5979079185245876,0.2743596357085435,0.4971035860341183,21.20543329801876,32.996072870446376,0.0,Robust-MTD,17,case57,0.18
True,37,-0.04,True,1,1,False,44,False,0.1291304852259531,0.004058476940180885,0.4971035860341183,26.648450060747564,34.02791011612866,0.0,Robust-MTD,18,case57,0.18
True,42,-0.04,True,19,19,False,42,True,3.8671808797186347e-10,0.013881013809685911,0.4971035860341183,27.285204097279347,41.45058536960279,0.0,Robust-MTD,19,case57,0.18
True,32,0.04,False,20,20,False,0,False,0.5222009930894577,0.3676069511613015,0.4971035860341183,25.283285550540313,31.96943753573578,0.0,Robust-MTD,20,case57,0.18
True,20,0.04,True,1,1,False,17,False,0.33513747695250745,0.006348732923578284,0.4971035860341183,29.781877258210443,61.40815625258257,0.0,Robust-MTD,21,case57,0.18
True,46,0.04,False,20,20,False,0,False,0.5159871666715204,0.375228943009435,0.4971035860341183,20.812718698289245,34.54328748339322,0.0,Robust-MTD,22,case57,0.18
True,42,0.04,False,20,20,False,42,True,3.867180879744753e-10,0.013881013809685911,0.4971035860341183,28.810218907892704,49.744204204762354,0.0,Robust-MTD,23,case57,0.18
True,56,-0.04,True,3,3,False,56,True,0.17144160096897584,0.017016825558333108,0.4971035860341183,25.792412494774908,41.915785425226204,0.0,Robust-MTD,24,case57,0.18
True,53,0.04,True,1,1,False,51,False,0.2216612264360759,0.007320458427313748,0.4971035860341183,30.4809686524095,51.15251043753234,0.0,Robust-MTD,25,case57,0.18
True,48,0.04,True,1,1,False,50,False,0.22085854614555311,0.007905772362685587,0.4971035860341183,30.600195899023674,46.85122922528537,0.0,Robust-MTD,26,case57,0.18
True,24,-0.04,True,9,9,False,24,True,0.3045812249624361,0.014621398107941257,0.4971035860341183,26.782129239290953,39.76362707035151,0.0,Robust-MTD,27,case57,0.18
True,20,0.04,True,1,1,False,18,False,0.2749647127077271,0.00742943350436257,0.4971035860341183,31.47940205526538,47.122307689278394,0.0,Robust-MTD,28,case57,0.18
True,34,-0.04,True,18,18,False,34,True,0.4095351753587531,0.045124632190359115,0.4971035860341183,28.195016703102738,43.0834360420704,0.0,Robust-MTD,29,case57,0.18
True,11,-0.04,True,1,1,False,11,True,3.8671819781197475e-10,0.005579122792763829,0.4971035860341183,31.01395429985132,67.3329214710975,0.0,Robust-MTD,30,case57,0.18
True,38,0.04,False,20,20,False,56,False,0.1714416012777388,0.017016825557669323,0.4971035860341183,28.42391236044932,40.714999992633246,0.0,Robust-MTD,31,case57,0.18
True,32,0.04,False,20,20,False,0,False,0.532380254192213,0.3656550084276222,0.4971035860341183,31.168499958585016,56.38451249978971,0.0,Robust-MTD,32,case57,0.18
True,15,-0.04,False,20,20,False,0,False,0.5241022436634208,0.3611305531090398,0.4971035860341183,32.42758340202272,59.271610734867885,0.0,Robust-MTD,33,case57,0.18
True,36,0.04,True,1,1,False,36,True,7.078755540438952e-09,0.001097653132842022,0.4971035860341183,29.372416686965153,37.159694390720716,0.0,Robust-MTD,34,case57,0.18
True,26,0.04,True,3,3,False,25,False,0.20745436797180927,0.005897005442268131,0.4971035860341183,29.584810452070087,59.49257355823647,0.0,Robust-MTD,35,case57,0.18
True,28,0.04,True,1,1,False,28,True,3.8671814289194163e-10,0.003887984971364634,0.4971035860341183,30.81265626824461,54.010566353099435,0.0,Robust-MTD,36,case57,0.18
True,3,0.04,True,14,14,False,3,True,0.009915944943797066,0.009723408227123026,0.4971035860341183,34.16987299860921,55.35325027303772,0.0,Robust-MTD,37,case57,0.18
True,6,0.04,False,20,20,False,6,True,3.555443921531904e-08,0.012815797418659054,0.4971035860341183,30.44252290565055,50.54891422914808,0.0,Robust-MTD,38,case57,0.18
True,51,-0.04,True,10,10,False,54,False,0.1943642574645828,0.01584794317668917,0.4971035860341183,27.7291059930576,34.869341005105525,0.0,Robust-MTD,39,case57,0.18
True,17,0.04,True,1,1,False,18,False,0.2577877333397782,0.0076302653606168756,0.4971035860341183,28.94876664504409,45.0572354689939,0.0,Robust-MTD,40,case57,0.18
True,49,-0.04,True,2,2,False,50,False,0.18297147601248193,0.008589683757003615,0.4971035860341183,33.89866680081468,60.58148691954558,0.0,Robust-MTD,41,case57,0.18
True,19,-0.04,True,1,1,False,18,False,0.29558388562832644,0.007180849753623507,0.4971035860341183,35.23911674856208,57.95908305153718,0.0,Robust-MTD,42,case57,0.18
True,31,0.04,False,20,20,False,30,False,0.4728576555626819,0.10050589950387112,0.4971035860341183,27.156402042601258,42.03311453456991,0.0,Robust-MTD,43,case57,0.18
True,55,0.04,True,2,2,False,55,True,3.867180879718684e-10,0.004439834208312832,0.4971035860341183,27.31875850004144,39.01645977166483,0.0,Robust-MTD,44,case57,0.18
True,2,0.04,True,2,2,False,2,True,0.0001019776470348993,0.006617494865741553,0.4971035860341183,31.090849958127365,44.44216218835209,0.0,Robust-MTD,45,case57,0.18
True,34,-0.04,True,11,11,False,31,False,0.4042116175342291,0.04748201116397778,0.4971035860341183,33.84246670175344,50.02921526320279,0.0,Robust-MTD,46,case57,0.18
True,14,-0.04,True,1,1,False,14,True,3.8671819781206295e-10,0.0040101025346374036,0.4971035860341183,29.04296458582394,45.719407976139344,0.0,Robust-MTD,47,case57,0.18
True,1,0.04,False,20,20,False,1,True,0.33484408003740795,0.25252856249565714,0.4971035860341183,28.52661875076592,44.40581044764259,0.0,Robust-MTD,48,case57,0.18
True,34,-0.04,False,20,20,False,34,True,0.4113553411540179,0.045492344607784424,0.4971035860341183,29.242389506543986,41.37015833694025,0.0,Robust-MTD,49,case57,0.18
True,40,-0.04,False,20,20,False,40,True,0.014150879452926318,0.05609599824588866,0.4971035860341183,26.529083302011713,37.825930965482264,0.0,Robust-MTD,50,case57,0.18
True,27,-0.04,True,1,1,False,26,False,0.22038001133926527,0.00581682520145941,0.4971035860341183,35.399106302065775,65.30160804104526,0.0,Robust-MTD,51,case57,0.18
True,44,-0.04,True,1,1,False,44,True,0.07548753799717588,0.0042556927912074955,0.4971035860341183,30.723587598185986,49.61972323944792,0.0,Robust-MTD,52,case57,0.18
True,1,0.04,False,20,20,False,0,False,0.5087091526561774,0.378688310680828,0.4971035860341183,34.12395834457129,65.35410208743998,0.0,Robust-MTD,53,case57,0.18
True,20,-0.04,True,1,1,False,18,False,0.30463897371470094,0.007039906316206733,0.4971035860341183,28.6755061999429,39.693991348030984,0.0,Robust-MTD,54,case57,0.18
True,41,-0.04,False,20,20,False,41,True,3.867180879721349e-10,0.01862804899691668,0.4971035860341183,28.29763735353481,38.591898218146525,0.0,Robust-MTD,55,case57,0.18
True,25,0.04,True,2,2,False,25,True,0.240769127352203,0.005646212145946305,0.4971035860341183,30.476679137791507,39.99210587353446,0.0,Robust-MTD,56,case57,0.18
True,33,0.04,False,20,20,False,33,True,0.40201100416745295,0.036713285478345736,0.4971035860341183,31.67073745571543,50.58153931749987,0.0,Robust-MTD,57,case57,0.18
True,42,-0.04,True,8,8,False,42,True,3.867180605126125e-10,0.013881013809685911,0.4971035860341183,27.015206243959256,38.97662078088615,0.0,Robust-MTD,58,case57,0.18
True,21,0.04,False,20,20,False,0,False,0.5537509628700519,0.34968715000860945,0.4971035860341183,30.96262930193916,62.78938366449438,0.0,Robust-MTD,59,case57,0.18
True,36,-0.04,True,1,1,False,36,True,2.4916507952950918e-05,0.001097652685935038,0.4971035860341183,30.88726869900711,47.91193752898836,0.0,Robust-MTD,60,case57,0.18
True,46,0.04,False,20,20,False,0,False,0.5392074119370576,0.3631716483146846,0.4971035860341183,32.029558389331214,54.97529015410692,0.0,Robust-MTD,61,case57,0.18
True,56,0.04,False,20,20,False,56,True,0.17144160095853261,0.01701682555834671,0.4971035860341183,29.229353851405904,50.32041814411059,0.0,Robust-MTD,62,case57,0.18
True,8,-0.04,True,2,2,False,8,True,3.8671819781197475e-10,0.00557430855268673,0.4971035860341183,38.984147942392156,91.57943749742117,0.0,Robust-MTD,63,case57,0.18
True,2,0.04,True,1,1,False,2,True,0.00011821476711199306,0.006617515135202411,0.4971035860341183,35.186670898110606,70.68415271642152,0.0,Robust-MTD,64,case57,0.18
True,43,0.04,True,1,1,False,44,False,0.13663112510464082,0.00402610354896561,0.4971035860341183,34.004595802980475,48.3119600714418,0.0,Robust-MTD,65,case57,0.18
True,11,0.04,True,1,1,False,11,True,3.8671819781197475e-10,0.005579122792763829,0.4971035860341183,31.63709575019311,51.94211182533765,0.0,Robust-MTD,66,case57,0.18
True,7,0.04,False,20,20,False,0,False,0.582343039030149,0.331974454088105,0.4971035860341183,32.46745620272122,46.470626714290134,0.0,Robust-MTD,67,case57,0.18
True,7,-0.04,False,20,20,False,0,False,0.6054560706618877,0.2776134514186357,0.4971035860341183,29.559227044228464,40.8141826861538,0.0,Robust-MTD,68,case57,0.18
True,51,-0.04,True,9,9,False,51,True,0.2895931180879029,0.012268268413348278,0.4971035860341183,32.233399999677204,50.62495627498724,0.0,Robust-MTD,69,case57,0.18
True,12,-0.04,True,1,1,False,12,True,3.8671819781197475e-10,0.0005513257275912979,0.4971035860341183,40.694264450576156,85.56181460153313,0.0,Robust-MTD,70,case57,0.18
True,17,-0.04,True,3,3,False,18,False,0.25621501058602475,0.0076466359133643465,0.4971035860341183,31.23167505254969,49.93662147608121,0.0,Robust-MTD,71,case57,0.18
True,35,0.04,True,1,1,False,35,True,8.716862359046046e-08,0.001041087561411748,0.4971035860341183,29.706664447439834,55.174278866616085,0.0,Robust-MTD,72,case57,0.18
True,37,0.04,True,1,1,False,44,False,0.07471122885334948,0.00425814315074135,0.4971035860341183,31.800670898519456,50.08801251242405,0.0,Robust-MTD,73,case57,0.18
True,11,0.04,True,1,1,False,11,True,3.8671819781197475e-10,0.005579122792763829,0.4971035860341183,32.28674369165674,62.781676449230886,0.0,Robust-MTD,74,case57,0.18
True,43,-0.04,True,1,1,False,44,False,0.13959740520348943,0.00401293255734423,0.4971035860341183,31.353504199068993,58.04222916776781,0.0,Robust-MTD,75,case57,0.18
True,39,0.04,True,1,1,False,39,True,3.867180879718683e-10,0.004221855299842537,0.4971035860341183,35.39963550574612,88.13407916750293,0.0,Robust-MTD,76,case57,0.18
True,41,-0.04,False,20,20,False,41,True,3.867180605143769e-10,0.018628048996916682,0.4971035860341183,32.03297290892806,44.31351520470344,0.0,Robust-MTD,77,case57,0.18
True,11,-0.04,True,1,1,False,11,True,3.8671819781197475e-10,0.005579122792763829,0.4971035860341183,37.41126245295163,75.67286078119652,0.0,Robust-MTD,78,case57,0.18
True,24,0.04,True,3,3,False,24,True,0.27665258352636884,0.012972785419646136,0.4971035860341183,32.954560304642655,65.68112888780888,0.0,Robust-MTD,79,case57,0.18
True,26,-0.04,True,3,3,False,25,False,0.20740495823650074,0.005897279657096998,0.4971035860341183,32.88959784549661,67.14772498235106,0.0,Robust-MTD,80,case57,0.18
True,37,0.04,True,1,1,False,44,False,0.14066443336372592,0.004008142129452282,0.4971035860341183,32.7093896077713,64.75275558768773,0.0,Robust-MTD,81,case57,0.18
True,26,-0.04,True,2,2,False,26,True,0.21569630582352725,0.005847915527789132,0.4971035860341183,30.878231150563806,50.79662467469463,0.0,Robust-MTD,82,case57,0.18
True,20,-0.04,True,1,1,False,18,False,0.2835532364574971,0.007328396558781093,0.4971035860341183,30.939493654295802,53.90280656574761,0.0,Robust-MTD,83,case57,0.18
True,54,0.04,False,20,20,False,54,True,0.16685365747812206,0.017022888835725287,0.4971035860341183,30.919416653341614,57.86595624813347,0.0,Robust-MTD,84,case57,0.18
True,31,0.04,False,20,20,False,31,True,0.3834393670127452,0.058901234430099,0.4971035860341183,32.756189748761244,60.37333329732064,0.0,Robust-MTD,85,case57,0.18
True,28,0.04,True,1,1,False,28,True,3.8671814289191986e-10,0.003887984971364634,0.4971035860341183,31.51671679806896,55.864618736086435,0.0,Robust-MTD,86,case57,0.18
True,26,-0.04,True,4,4,False,25,False,0.24139464837541708,0.005639797282314022,0.4971035860341183,31.548899953486398,46.91452055994891,0.0,Robust-MTD,87,case57,0.18
True,17,-0.04,True,3,3,False,18,False,0.3347505212594333,0.00638013148441627,0.4971035860341183,31.64532924129162,58.84974375367165,0.0,Robust-MTD,88,case57,0.18
True,55,-0.04,True,1,1,False,55,True,3.8671808797189366e-10,0.004439834208312832,0.4971035860341183,31.482710503041744,56.11400897032583,0.0,Robust-MTD,89,case57,0.18
True,11,0.04,True,2,2,False,11,True,3.8671819781197475e-10,0.005579122792763829,0.4971035860341183,29.547376951086335,51.93947290244978,0.0,Robust-MTD,90,case57,0.18
True,48,-0.04,True,1,1,False,48,True,0.26912825859824,0.006145709942935419,0.4971035860341183,32.34875420166645,52.0610312523786,0.0,Robust-MTD,91,case57,0.18
True,50,-0.04,True,5,5,False,50,True,0.14590810237849416,0.009072652977690126,0.4971035860341183,30.208198007312603,39.99459131446201,0.0,Robust-MTD,92,case57,0.18
True,53,-0.04,True,1,1,False,51,False,0.18065088814760924,0.008081976654926359,0.4971035860341183,35.554591749678366,74.47441871627237,0.0,Robust-MTD,93,case57,0.18
True,43,0.04,True,1,1,False,44,False,0.23990142032831996,0.0033674557679648424,0.4971035860341183,32.772674996522255,53.56252499332187,0.0,Robust-MTD,94,case57,0.18
True,40,-0.04,False,20,20,False,40,True,0.06681026259290114,0.05193075999017359,0.4971035860341183,34.03947285551112,45.200181574909955,0.0,Robust-MTD,95,case57,0.18
True,10,-0.04,True,19,19,False,10,True,3.8671819781197475e-10,0.007633539043840547,0.4971035860341183,28.660783343366347,45.18300418858417,0.0,Robust-MTD,96,case57,0.18
True,14,0.04,True,1,1,False,14,True,3.8671819781224984e-10,0.0040101025346374036,0.4971035860341183,32.129243650706485,49.545596158714034,0.0,Robust-MTD,97,case57,0.18
True,53,-0.04,True,1,1,False,51,False,0.27224713128979056,0.005782170060736655,0.4971035860341183,31.378737499471754,39.93502501398327,0.0,Robust-MTD,98,case57,0.18
True,49,-0.04,True,1,1,False,50,False,0.22791143051054852,0.007908985202176375,0.4971035860341183,30.043758454849012,50.87651691574139,0.0,Robust-MTD,99,case57,0.18
True,56,0.04,True,6,6,False,38,False,0.17144160119505905,0.017016825557855407,0.4971035860341183,28.620695805875584,40.84142885985786,0.0,Robust-MTD,100,case57,0.18
True,17,-0.04,True,2,2,False,18,False,0.3179750393681712,0.006819935887204108,0.4971035860341183,31.844939399161373,46.980132692260675,0.0,Robust-MTD,101,case57,0.18
True,12,0.04,True,1,1,False,12,True,3.8671819781197475e-10,0.0005513257275912979,0.4971035860341183,31.93726039316971,57.14365860912949,0.0,Robust-MTD,102,case57,0.18
True,48,-0.04,True,1,1,False,48,True,0.2647347300724485,0.0061255519553653414,0.4971035860341183,35.39533755683806,78.7783152132761,0.0,Robust-MTD,103,case57,0.18
True,31,0.04,False,20,20,False,31,True,0.3991102362775498,0.0535279924943491,0.4971035860341183,33.67431269434746,62.414212466683246,0.0,Robust-MTD,104,case57,0.18
True,31,0.04,False,20,20,False,0,False,0.5226855848737453,0.37200320597248604,0.4971035860341183,31.13384979951661,62.33558088715654,0.0,Robust-MTD,105,case57,0.18
True,41,-0.04,False,20,20,False,41,True,3.8671808798179905e-10,0.01862804899691668,0.4971035860341183,34.55301470821723,52.745625344687156,0.0,Robust-MTD,106,case57,0.18
True,16,-0.04,False,20,20,False,0,False,0.5117602627629623,0.37249420244827836,0.4971035860341183,28.90929369314108,40.58427675045099,0.0,Robust-MTD,107,case57,0.18
True,20,0.04,True,1,1,False,18,False,0.2750966188946471,0.007416134401764025,0.4971035860341183,39.79126665217336,87.57777888386046,0.0,Robust-MTD,108,case57,0.18
True,50,0.04,True,14,14,False,50,True,0.23158099554450542,0.008015139003718905,0.4971035860341183,32.03508955484722,50.131419053650475,0.0,Robust-MTD,109,case57,0.18
True,17,0.04,True,3,3,False,18,False,0.2676483075758219,0.007531335477630426,0.4971035860341183,36.0817667999072,78.63051045278553,0.0,Robust-MTD,110,case57,0.18
True,41,0.04,False,20,20,False,41,True,4.743434068812167e-08,0.018628049346301835,0.4971035860341183,36.63862715184223,67.79119345010261,0.0,Robust-MTD,111,case57,0.18
True,15,0.04,False,20,20,False,0,False,0.5270203709210374,0.3647725068936064,0.4971035860341183,31.659289554227144,55.568923286045916,0.0,Robust-MTD,112,case57,0.18
True,12,-0.04,True,1,1,False,12,True,3.8671819781197475e-10,0.0005513257275912979,0.4971035860341183,29.53171675617341,40.736987785203425,0.0,Robust-MTD,113,case57,0.18
True,33,-0.04,False,20,20,False,31,False,0.3875361018707126,0.05016629046272872,0.4971035860341183,35.14536659931764,74.18376459681895,0.0,Robust-MTD,114,case57,0.18
True,8,0.04,True,1,1,False,8,True,3.8671819781197475e-10,0.00557430855268673,0.4971035860341183,31.8554124009097,47.239654496661394,0.0,Robust-MTD,115,case57,0.18
True,16,-0.04,False,20,20,False,0,False,0.5221632777355354,0.36705962515897833,0.4971035860341183,31.87692710198462,67.36827440909111,0.0,Robust-MTD,116,case57,0.18
True,46,-0.04,False,20,20,False,0,False,0.5412790602056955,0.3537106730475543,0.4971035860341183,34.3093249539379,70.89801522961353,0.0,Robust-MTD,117,case57,0.18
True,8,-0.04,True,1,1,False,8,True,3.8671819781197475e-10,0.00557430855268673,0.4971035860341183,33.97452084755059,67.79737885808572,0.0,Robust-MTD,118,case57,0.18
True,20,0.04,True,1,1,False,18,False,0.3064753033189336,0.007011173196842282,0.4971035860341183,33.6197645025095,65.73277527932078,0.0,Robust-MTD,119,case57,0.18
True,52,-0.04,True,1,1,False,51,False,0.18047037662426044,0.008259524730920962,0.4971035860341183,30.68506879499182,44.59414822922554,0.0,Robust-MTD,120,case57,0.18
True,9,-0.04,False,20,20,False,9,True,5.598932239744648e-06,0.0407280475279142,0.4971035860341183,29.520593758206815,37.89363604446408,0.0,Robust-MTD,121,case57,0.18
True,21,0.04,False,20,20,False,0,False,0.5119595932151803,0.3786084022761277,0.4971035860341183,33.25339154980611,48.00734789751007,0.0,Robust-MTD,122,case57,0.18
True,43,0.04,True,1,1,False,44,False,0.1465087304643207,0.003981397325533596,0.4971035860341183,32.79358959989622,55.05987235228531,0.0,Robust-MTD,123,case57,0.18
True,18,-0.04,True,5,5,False,18,True,0.26231854000618193,0.007584135611969654,0.4971035860341183,31.402308351243843,60.5449756665621,0.0,Robust-MTD,124,case57,0.18
True,38,-0.04,False,20,20,False,56,False,0.17144160094404476,0.017016825558382086,0.4971035860341183,30.13287920039147,49.93217115697917,0.0,Robust-MTD,125,case57,0.18
True,47,-0.04,False,20,20,False,0,False,0.5903200134254718,0.3316236433908725,0.4971035860341183,31.763722794130445,44.708595881820656,0.0,Robust-MTD,126,case57,0.18
True,51,-0.04,True,14,14,False,54,False,0.22746940599579266,0.014390752094442096,0.4971035860341183,29.51077290053945,46.47282770310998,0.0,Robust-MTD,127,case57,0.18
True,23,0.04,True,0,0,False,0,False,0.5725977132334186,0.34682623729814466,0.4971035860341183,26.02682928845752,33.64245479460806,0.0,Robust-MTD,128,case57,0.18
True,40,0.04,True,15,15,False,40,True,0.0026564643040095275,0.05443675908635912,0.4971035860341183,35.66247925336938,62.795799694140456,0.0,Robust-MTD,129,case57,0.18
True,20,-0.04,True,1,1,False,17,False,0.34156890903115167,0.005906505399170476,0.4971035860341183,33.16169778991025,66.01719343161678,0.0,Robust-MTD,130,case57,0.18
True,51,-0.04,True,15,15,False,54,False,0.1765258242499305,0.01636046476994477,0.4971035860341183,31.170731160091236,50.28345625614751,0.0,Robust-MTD,131,case57,0.18
True,26,0.04,True,1,1,False,25,False,0.22566490282102655,0.0057786037041153634,0.4971035860341183,30.09412494720891,50.132138154003776,0.0,Robust-MTD,132,case57,0.18
True,43,-0.04,True,1,1,False,44,False,0.09759899390648052,0.004181233754782566,0.4971035860341183,31.928168851300143,55.19092979084235,0.0,Robust-MTD,133,case57,0.18
True,54,-0.04,False,20,20,False,54,True,0.14282928728049246,0.017734364435170947,0.4971035860341183,32.440872900770046,53.18229347467423,0.0,Robust-MTD,134,case57,0.18
True,32,0.04,False,20,20,False,0,False,0.522034656744365,0.36895670062525404,0.4971035860341183,32.902900100452825,48.56134312867656,0.0,Robust-MTD,135,case57,0.18
True,47,0.04,False,20,20,False,0,False,0.5911760384268459,0.3086628234475097,0.4971035860341183,31.125456298468634,44.25125899142588,0.0,Robust-MTD,136,case57,0.18
True,51,0.04,True,2,2,False,54,False,0.16958168379177072,0.016693800544749893,0.4971035860341183,28.15146460197866,40.3127895842772,0.0,Robust-MTD,137,case57,0.18
True,53,0.04,True,1,1,False,51,False,0.1240435337393281,0.009136503156379091,0.4971035860341183,30.08488544728607,52.9599443951156,0.0,Robust-MTD,138,case57,0.18
True,54,0.04,False,20,20,False,54,True,0.14985561710477074,0.017548840061010394,0.4971035860341183,31.271229148842394,44.297847599955304,0.0,Robust-MTD,139,case57,0.18
True,20,0.04,True,1,1,False,18,False,0.3007272601464536,0.0071011732023413135,0.4971035860341183,36.3118145003682,69.71031247812789,0.0,Robust-MTD,140,case57,0.18
True,52,0.04,True,1,1,False,51,False,0.14578782203990098,0.008701836297306677,0.4971035860341183,37.948058400070295,79.70440239005258,0.0,Robust-MTD,141,case57,0.18
True,10,0.04,True,3,3,False,10,True,3.867181978119748e-10,0.007633539043840547,0.4971035860341183,29.137852051644586,39.81550382159185,0.0,Robust-MTD,142,case57,0.18
True,12,-0.04,True,1,1,False,12,True,3.8671819781197475e-10,0.0005513257275912979,0.4971035860341183,30.69213534181472,52.08863509469666,0.0,Robust-MTD,143,case57,0.18
True,10,0.04,True,2,2,False,10,True,3.867181703519494e-10,0.007633539043840547,0.4971035860341183,28.802920851740055,49.86447884875816,0.0,Robust-MTD,144,case57,0.18
True,11,-0.04,True,1,1,False,11,True,3.8671819781197475e-10,0.005579122792763829,0.4971035860341183,32.96617284358945,62.53746184520424,0.0,Robust-MTD,145,case57,0.18
True,25,-0.04,True,1,1,False,26,False,0.2579906365819003,0.005423705696698966,0.4971035860341183,30.723297997610644,42.53638097143269,0.0,Robust-MTD,146,case57,0.18
True,36,0.04,True,1,1,False,36,True,2.940716497706152e-06,0.001097653088236734,0.4971035860341183,31.594004156067967,50.934742344543345,0.0,Robust-MTD,147,case57,0.18
True,44,-0.04,True,1,1,False,44,True,0.05022220268140086,0.004329820133981949,0.4971035860341183,37.519260396948084,78.94932233612055,0.0,Robust-MTD,148,case57,0.18
True,24,0.04,True,2,2,False,24,True,0.3337492888791154,0.01732026257474283,0.4971035860341183,30.965154161094688,45.340787176974125,0.0,Robust-MTD,149,case57,0.18
True,3,0.04,True,9,9,False,3,True,0.00497906385968221,0.009735057002297376,0.4971035860341183,34.0563979028957,46.52758571610321,0.0,Robust-MTD,150,case57,0.18
True,42,0.04,False,20,20,False,42,True,3.867180879720494e-10,0.013881013809685911,0.4971035860341183,32.99280855571851,43.870811027591124,0.0,Robust-MTD,151,case57,0.18
True,23,0.04,False,20,20,False,0,False,0.6203270072640895,0.31633606631705535,0.4971035860341183,28.944193746428937,49.299539558705874,0.0,Robust-MTD,152,case57,0.18
True,45,0.04,True,7,7,False,45,True,3.867180605118642e-10,0.010010483274255397,0.4971035860341183,31.249091401696205,62.909712150576546,0.0,Robust-MTD,153,case57,0.18
True,24,-0.04,True,1,1,False,29,False,0.3351112698306774,0.017415596828485008,0.4971035860341183,33.89997080375906,55.65896873304157,0.0,Robust-MTD,154,case57,0.18
True,22,-0.04,False,20,20,False,0,False,0.6323482346342496,0.29528432136107313,0.4971035860341183,30.71770624956116,46.03933546459303,0.0,Robust-MTD,155,case57,0.18
True,23,0.04,False,20,20,False,0,False,0.5131168130928775,0.37442228405328193,0.4971035860341183,33.95342484291177,47.835270519135605,0.0,Robust-MTD,156,case57,0.18
True,54,0.04,False,20,20,False,54,True,0.25749860625136667,0.014403933369714385,0.4971035860341183,32.73990215093363,61.55607323744334,0.0,Robust-MTD,157,case57,0.18
True,33,-0.04,False,20,20,False,34,False,0.42870672337718957,0.03779851291929606,0.4971035860341183,25.566429254831746,33.73960422468372,0.0,Robust-MTD,158,case57,0.18
True,39,-0.04,True,1,1,False,39,True,3.8671808797188456e-10,0.004221855299842537,0.4971035860341183,30.18464370688889,43.62950141367039,0.0,Robust-MTD,159,case57,0.18
True,13,0.04,True,1,1,False,13,True,3.8671819781197475e-10,0.0006813832337123996,0.4971035860341183,31.79825419501867,55.191127388388864,0.0,Robust-MTD,160,case57,0.18
True,38,0.04,False,20,20,False,56,False,0.1714416009450337,0.0170168255583802,0.4971035860341183,29.923525048070587,50.87634795054329,0.0,Robust-MTD,161,case57,0.18
True,35,0.04,True,1,1,False,35,True,5.580791048849008e-06,0.0010410876492049051,0.4971035860341183,34.664933299063705,65.14955204329455,0.0,Robust-MTD,162,case57,0.18
True,26,-0.04,True,1,1,False,26,True,0.2126181165535591,0.0058670497048415185,0.4971035860341183,33.0990832997486,54.91893124708442,0.0,Robust-MTD,163,case57,0.18
True,1,0.04,False,20,20,False,0,False,0.5431490719284399,0.32389110071490246,0.4971035860341183,31.474785585305657,50.590300673502504,0.0,Robust-MTD,164,case57,0.18
True,49,-0.04,True,3,3,False,50,False,0.26034276109851073,0.007180976965033975,0.4971035860341183,30.762947894982062,51.958218080108075,0.0,Robust-MTD,165,case57,0.18
True,40,0.04,False,20,20,False,40,True,0.040085616819035316,0.05847180057367021,0.4971035860341183,30.76918125152588,54.08232047338972,0.0,Robust-MTD,166,case57,0.18
True,40,0.04,False,20,20,False,40,True,0.17997059389931136,0.08848582023902846,0.4971035860341183,27.38465208967682,40.09336453163997,0.0,Robust-MTD,167,case57,0.18
True,28,0.04,True,1,1,False,28,True,3.8671814289196903e-10,0.003887984971364634,0.4971035860341183,32.659931349917315,50.55136426817626,0.0,Robust-MTD,168,case57,0.18
True,38,0.04,False,20,20,False,56,False,0.17144180555309999,0.01701682495189449,0.4971035860341183,30.43546885601245,59.509162523318096,0.0,Robust-MTD,169,case57,0.18
True,27,0.04,True,1,1,False,25,False,0.2363018053044471,0.005689581609451862,0.4971035860341183,32.556416653096676,44.736824653227835,0.0,Robust-MTD,170,case57,0.18
True,30,-0.04,False,20,20,False,0,False,0.5508164691366384,0.3574674641494232,0.4971035860341183,32.73772279499099,61.66214787808713,0.0,Robust-MTD,171,case57,0.18
True,31,-0.04,False,20,20,False,0,False,0.6682387945451713,0.25627204443835067,0.4971035860341183,34.963000100106,56.15435627114494,0.0,Robust-MTD,172,case57,0.18
True,27,0.04,True,1,1,False,25,False,0.209228090432841,0.005887008236722436,0.4971035860341183,27.412195701617748,33.69949138141238,0.0,Robust-MTD,173,case57,0.18
True,51,0.04,True,7,7,False,54,False,0.21201907985218119,0.01517503823670898,0.4971035860341183,31.63795619620942,53.8745128142182,0.0,Robust-MTD,174,case57,0.18
True,28,0.04,True,1,1,False,28,True,3.8671814289198464e-10,0.003887984971364634,0.4971035860341183,35.47156460408587,60.30713393411138,0.0,Robust-MTD,175,case57,0.18
True,33,-0.04,False,20,20,False,34,False,0.39020321301426025,0.04394060837222617,0.4971035860341183,28.553829243173823,41.15358512208332,0.0,Robust-MTD,176,case57,0.18
True,20,-0.04,True,1,1,False,18,False,0.2853645563145122,0.007315159130538758,0.4971035860341183,29.40516255039256,54.9855083518196,0.0,Robust-MTD,177,case57,0.18
True,5,0.04,True,4,4,False,5,True,3.8671817035212257e-10,0.009968501372025847,0.4971035860341183,30.887583404546604,43.15909375436605,0.0,Robust-MTD,178,case57,0.18
True,38,0.04,False,20,20,False,38,True,0.17144160094404476,0.017016825558382086,0.4971035860341183,33.701995853334665,66.473747958662,0.0,Robust-MTD,179,case57,0.18
True,52,-0.04,True,1,1,False,51,False,0.1756232902749012,0.008233177480958358,0.4971035860341183,30.63422499690205,52.73671908071267,0.0,Robust-MTD,180,case57,0.18
True,48,0.04,True,1,1,False,48,True,0.20262208544992066,0.004603252135363517,0.4971035860341183,34.47697095689364,65.11124582611956,0.0,Robust-MTD,181,case57,0.18
True,32,-0.04,False,20,20,False,0,False,0.5386750757141051,0.36495119677415283,0.4971035860341183,32.61250215873588,66.13396669854413,0.0,Robust-MTD,182,case57,0.18
True,48,0.04,True,1,1,False,49,False,0.26673096526162116,0.006144124435451383,0.4971035860341183,31.490864598890763,50.867593745351776,0.0,Robust-MTD,183,case57,0.18
True,48,0.04,True,1,1,False,50,False,0.18449918204514013,0.00826389188686589,0.4971035860341183,26.535091747064143,37.72701102134307,0.0,Robust-MTD,184,case57,0.18
True,5,0.04,True,1,1,False,5,True,1.2437332702463388e-07,0.009968501449516505,0.4971035860341183,32.60798130359035,59.99596010660754,0.0,Robust-MTD,185,case57,0.18
True,41,0.04,False,20,20,False,41,True,4.0304598288198876e-10,0.01862804899700461,0.4971035860341183,33.95175416080747,49.00544317788451,0.0,Robust-MTD,186,case57,0.18
True,29,-0.04,True,1,1,False,24,False,0.3292751522353486,0.01697720754092889,0.4971035860341183,33.851762596168555,66.92373059049714,0.0,Robust-MTD,187,case57,0.18
True,10,-0.04,True,4,4,False,10,True,3.8671819781197475e-10,0.007633539043840547,0.4971035860341183,32.28067919553723,51.79199793783483,0.0,Robust-MTD,188,case57,0.18
True,13,0.04,True,1,1,False,13,True,3.8671819781197475e-10,0.0006813832337123996,0.4971035860341183,19.431926947436295,22.72408955032006,0.0,Robust-MTD,189,case57,0.18
True,7,-0.04,False,20,20,False,0,False,0.5430831540156199,0.35665395965526503,0.4971035860341183,28.49142075574491,51.56339098466561,0.0,Robust-MTD,190,case57,0.18
True,34,-0.04,False,20,20,False,31,False,0.40058600978851905,0.05310552341359487,0.4971035860341183,28.436595952371135,39.7009753418388,0.0,Robust-MTD,191,case57,0.18
True,23,-0.04,False,20,20,False,0,False,0.53370100105598,0.3687826610305604,0.4971035860341183,31.25494574487675,57.959804125130184,0.0,Robust-MTD,192,case57,0.18
True,22,-0.04,False,20,20,False,0,False,0.5164606497081483,0.37562907772446713,0.4971035860341183,29.915026994422078,50.85276660101954,0.0,Robust-MTD,193,case57,0.18
True,53,-0.04,True,1,1,False,51,False,0.18011509791466712,0.008191032276731245,0.4971035860341183,19.10038325295318,23.518451780546457,0.0,Robust-MTD,194,case57,0.18
True,40,0.04,False,20,20,False,40,True,0.02740731300154706,0.05352364092999427,0.4971035860341183,30.672447950928472,50.0588812690694,0.0,Robust-MTD,195,case57,0.18
True,4,-0.04,False,20,20,False,0,False,0.5596955894415336,0.35039430505786207,0.4971035860341183,18.77360630023759,22.221195528982207,0.0,Robust-MTD,196,case57,0.18
True,23,0.04,False,20,20,False,0,False,0.530389341387153,0.36480674686892317,0.4971035860341183,31.013851903844625,47.13066222029739,0.0,Robust-MTD,197,case57,0.18
True,17,0.04,True,2,2,False,17,True,0.3297721904294762,0.006515474752551056,0.4971035860341183,19.579431298188865,24.095929812756367,0.0,Robust-MTD,198,case57,0.18
True,28,0.04,True,1,1,False,28,True,3.867181428920368e-10,0.003887984971364634,0.4971035860341183,10.784012346994132,12.317093752790242,0.0,Robust-MTD,199,case57,0.18
True,26,-0.04,False,20,20,False,0,False,0.5974568318719216,0.3392421116242352,0.6449621867960693,22.222991692251526,30.686649694689553,0.0,HMTD-MDE,0,case57,0.2
True,49,-0.04,False,20,20,False,49,True,0.10759121533633478,0.013461358531468586,0.6449621867960693,24.796645948663354,39.574999731848955,0.0,HMTD-MDE,1,case57,0.2
True,53,-0.04,True,1,1,False,53,True,0.2061236469371159,0.004450389954396036,0.6449621867960693,28.97438131039962,48.702389918617,0.0,HMTD-MDE,2,case57,0.2
True,37,0.04,True,5,5,False,37,True,0.1719858580467513,0.009982985235517536,0.6449621867960693,26.913514593616128,39.73629584070296,0.0,HMTD-MDE,3,case57,0.2
True,46,0.04,True,17,17,False,0,False,0.572216017139353,0.3637529756599128,0.6449621867960693,31.17560835380573,52.33059549937026,0.0,HMTD-MDE,4,case57,0.2
True,17,0.04,False,20,20,False,17,True,0.20258077086269466,0.039267755835392486,0.6449621867960693,22.90937299549114,30.50716665165965,0.0,HMTD-MDE,5,case57,0.2
True,24,0.04,False,20,20,False,30,False,0.3987980067816613,0.015768807744184682,0.6449621867960693,26.535670849261805,36.929879226954675,0.0,HMTD-MDE,6,case57,0.2
True,3,0.04,True,1,1,False,3,True,3.8671819781215627e-10,0.0034832369284029763,0.6449621867960693,29.014751993236132,66.93960209086072,0.0,HMTD-MDE,7,case57,0.2
True,8,-0.04,True,1,1,False,8,True,3.8671819781197475e-10,0.00028489480589777717,0.6449621867960693,31.873254102538343,52.00933509040624,0.0,HMTD-MDE,8,case57,0.2
True,22,0.04,False,20,20,False,17,False,0.6073898348669017,0.22062113072802253,0.6449621867960693,30.193339500692673,57.95309549139348,0.0,HMTD-MDE,9,case57,0.2
True,29,-0.04,False,20,20,False,31,False,0.4066676489222374,0.017064975801047048,0.6449621867960693,22.359104102361016,28.820799366803843,0.0,HMTD-MDE,10,case57,0.2
True,28,-0.04,False,20,20,False,28,True,0.09599050451743178,0.022646012290534864,0.6449621867960693,24.474304050090723,33.497789248940556,0.0,HMTD-MDE,11,case57,0.2
True,8,0.04,True,1,1,False,8,True,3.8671819781197475e-10,0.00028489480589777717,0.6449621867960693,22.957654207129963,33.886144432472065,0.0,HMTD-MDE,12,case57,0.2
True,28,-0.04,False,20,20,False,28,True,0.11018779624412925,0.023036692496876114,0.6449621867960693,29.45123540412169,53.001114309881814,0.0,HMTD-MDE,13,case57,0.2
True,22,0.04,False,20,20,False,0,False,0.6050241339704564,0.34711342894613906,0.6449621867960693,29.65140624437481,63.0201978929108,0.0,HMTD-MDE,14,case57,0.2
True,26,0.04,False,20,20,False,0,False,0.5769113426276968,0.34580866121360043,0.6449621867960693,25.05793745513074,36.559272589511245,0.0,HMTD-MDE,15,case57,0.2
True,40,-0.04,False,20,20,False,40,True,0.0012646294853161054,0.011280528778619478,0.6449621867960693,30.731385442777537,53.990258331759854,0.0,HMTD-MDE,16,case57,0.2
True,1,-0.04,False,20,20,False,0,False,0.6391948482197117,0.3295257820064361,0.6449621867960693,30.295743641909212,48.25424793816638,0.0,HMTD-MDE,17,case57,0.2
True,37,-0.04,True,15,15,False,37,True,0.17206288001840073,0.00998588727055923,0.6449621867960693,28.937937450245954,47.75938955717721,0.0,HMTD-MDE,18,case57,0.2
True,42,-0.04,False,20,20,False,42,True,4.6133765585023014e-09,0.03399701617374942,0.6449621867960693,26.776875095674768,33.63671488768889,0.0,HMTD-MDE,19,case57,0.2
True,32,0.04,False,20,20,False,0,False,0.5467974402758118,0.3737548756766368,0.6449621867960693,23.803870848496445,36.5360663185129,0.0,HMTD-MDE,20,case57,0.2
True,20,0.04,True,2,2,False,20,True,0.25392766513313325,0.008818082503911214,0.6449621867960693,25.800297898240387,32.30108685093002,0.0,HMTD-MDE,21,case57,0.2
True,46,0.04,False,20,20,False,0,False,0.557551995693139,0.36774621822974374,0.6449621867960693,27.554262551711872,34.81918958714234,0.0,HMTD-MDE,22,case57,0.2
True,42,0.04,False,20,20,False,42,True,1.266341954061922e-08,0.03399701658245823,0.6449621867960693,27.236160446773283,38.692727062152706,0.0,HMTD-MDE,23,case57,0.2
True,56,-0.04,True,3,3,False,38,False,0.17144160094404476,0.015389855031208715,0.6449621867960693,26.306556255440228,40.708797913976035,0.0,HMTD-MDE,24,case57,0.2
True,53,0.04,True,1,1,False,53,True,0.2417082168802721,0.0056916763598968455,0.6449621867960693,27.1324875036953,35.97994168812875,0.0,HMTD-MDE,25,case57,0.2
True,48,0.04,True,1,1,False,48,True,3.8671808797219646e-10,0.002753712702745942,0.6449621867960693,37.157554397708736,82.01742498495152,0.0,HMTD-MDE,26,case57,0.2
True,24,-0.04,True,16,16,False,30,False,0.39965526702918935,0.01587614688517056,0.6449621867960693,30.68267720809672,49.98226074967535,0.0,HMTD-MDE,27,case57,0.2
True,20,0.04,True,1,1,False,20,True,0.2702047724504723,0.010771388692024526,0.6449621867960693,28.256260298076086,49.63983057241422,0.0,HMTD-MDE,28,case57,0.2
True,34,-0.04,True,18,18,False,31,False,0.4268484768796029,0.0200376384482188,0.6449621867960693,26.014931246754713,38.06238362449221,0.0,HMTD-MDE,29,case57,0.2
True,11,-0.04,True,1,1,False,11,True,3.8671819781197475e-10,0.0002955651145503168,0.6449621867960693,24.88076665031258,32.5806068489328,0.0,HMTD-MDE,30,case57,0.2
True,38,0.04,False,20,20,False,56,False,0.1714416009440448,0.015389855031208715,0.6449621867960693,26.9578812061809,35.161587191396414,0.0,HMTD-MDE,31,case57,0.2
True,32,0.04,False,20,20,False,0,False,0.5879016679548882,0.3534937137711702,0.6449621867960693,26.84098135214299,39.20046489802191,0.0,HMTD-MDE,32,case57,0.2
True,15,-0.04,False,20,20,False,0,False,0.5619790895505204,0.3651247850943873,0.6449621867960693,31.800683197798204,47.48016661615113,0.0,HMTD-MDE,33,case57,0.2
True,36,0.04,True,1,1,False,36,True,3.867181154319156e-10,0.0008651682048311886,0.6449621867960693,28.81364164641127,48.40552295499948,0.0,HMTD-MDE,34,case57,0.2
True,26,0.04,False,20,20,False,0,False,0.5535509071923476,0.37007737234560206,0.6449621867960693,32.66698320803698,76.25280829379335,0.0,HMTD-MDE,35,case57,0.2
True,28,0.04,False,20,20,False,28,True,0.16960179762471175,0.02633479921229571,0.6449621867960693,32.06148740428034,61.490879210759886,0.0,HMTD-MDE,36,case57,0.2
True,3,0.04,True,1,1,False,3,True,4.0569040848571224e-10,0.0034832369284074688,0.6449621867960693,29.878866745275445,54.93603929062375,0.0,HMTD-MDE,37,case57,0.2
True,6,0.04,True,1,1,False,6,True,3.8671819781197475e-10,0.002363277542522319,0.6449621867960693,35.853049796423875,66.81761934305541,0.0,HMTD-MDE,38,case57,0.2
True,51,-0.04,False,20,20,False,51,True,0.17611447187615054,0.033126452644134774,0.6449621867960693,33.78629564540461,49.76333539816554,0.0,HMTD-MDE,39,case57,0.2
True,17,0.04,False,20,20,False,17,True,0.21243647973653404,0.04011035510559249,0.6449621867960693,31.887189598637637,60.753127737552866,0.0,HMTD-MDE,40,case57,0.2
True,49,-0.04,True,12,12,False,49,True,0.0777947336294287,0.014102226585224765,0.6449621867960693,32.57796889229212,55.232761046499945,0.0,HMTD-MDE,41,case57,0.2
True,19,-0.04,True,1,1,False,20,False,0.2721180571060981,0.011425669272227126,0.6449621867960693,30.34241644490976,53.35591808834579,0.0,HMTD-MDE,42,case57,0.2
True,31,0.04,False,20,20,False,31,True,0.4347833605121986,0.02710280434077175,0.6449621867960693,35.776635495130904,60.63748268352358,0.0,HMTD-MDE,43,case57,0.2
True,55,0.04,True,1,1,False,55,True,0.020111170098605184,0.0012602716179722613,0.6449621867960693,28.153423051116988,46.002309821778915,0.0,HMTD-MDE,44,case57,0.2
True,2,0.04,True,2,2,False,2,True,4.0838017647051686e-10,0.005048856714368892,0.6449621867960693,33.72277495218441,61.82064407912551,0.0,HMTD-MDE,45,case57,0.2
True,34,-0.04,True,18,18,False,31,False,0.4264052433278872,0.01991130554466411,0.6449621867960693,33.11986874905415,54.17952321295162,0.0,HMTD-MDE,46,case57,0.2
True,14,-0.04,True,1,1,False,14,True,3.8671819781197475e-10,0.007593593808137527,0.6449621867960693,31.702687451615933,59.32842470647303,0.0,HMTD-MDE,47,case57,0.2
True,1,0.04,False,20,20,False,16,False,0.5364096545484978,0.3148340004078052,0.6449621867960693,36.054597853217274,70.47820063307881,0.0,HMTD-MDE,48,case57,0.2
True,34,-0.04,False,20,20,False,31,False,0.42286719403255696,0.019017660678848435,0.6449621867960693,30.215137399500236,66.31081010855269,0.0,HMTD-MDE,49,case57,0.2
True,40,-0.04,False,20,20,False,40,True,0.0012930609943086235,0.011280489697319393,0.6449621867960693,28.450354249798693,39.52562532504092,0.0,HMTD-MDE,50,case57,0.2
True,27,-0.04,False,20,20,False,27,True,0.158881044890474,0.0314127272594051,0.6449621867960693,27.573893597582355,35.38648506510074,0.0,HMTD-MDE,51,case57,0.2
True,44,-0.04,False,20,20,False,0,False,0.5585206935487321,0.3711344058275655,0.6449621867960693,33.90020215592813,64.25056631851476,0.0,HMTD-MDE,52,case57,0.2
True,1,0.04,False,20,20,False,0,False,0.590468552687567,0.3387864874984242,0.6449621867960693,32.71162915043533,67.3389580246294,0.0,HMTD-MDE,53,case57,0.2
True,20,-0.04,True,1,1,False,20,True,0.2650759499088578,0.009858774608538297,0.6449621867960693,31.15497078979388,71.33108298294246,0.0,HMTD-MDE,54,case57,0.2
True,41,-0.04,True,1,1,False,55,False,0.009251809659708728,0.0012634505318857812,0.6449621867960693,32.00334165303502,50.686173280701084,0.0,HMTD-MDE,55,case57,0.2
True,25,0.04,False,20,20,False,0,False,0.6273611899240674,0.29990910990691116,0.6449621867960693,31.584728995221667,45.0698913569795,0.0,HMTD-MDE,56,case57,0.2
True,33,0.04,False,20,20,False,0,False,0.5917573774265308,0.35668408633060456,0.6449621867960693,33.03767925244756,53.62013125850354,0.0,HMTD-MDE,57,case57,0.2
True,42,-0.04,False,20,20,False,42,True,0.000118920991809626,0.03400780967089986,0.6449621867960693,33.890489558689296,55.07047146384141,0.0,HMTD-MDE,58,case57,0.2
True,21,0.04,False,20,20,False,0,False,0.5552889729561289,0.370686026665321,0.6449621867960693,31.32807720685378,54.815112808137236,0.0,HMTD-MDE,59,case57,0.2
True,36,-0.04,True,1,1,False,36,True,3.8671808797195244e-10,0.0008651682048311887,0.6449621867960693,32.25267515226733,60.51904406922404,0.0,HMTD-MDE,60,case57,0.2
True,46,0.04,False,20,20,False,0,False,0.5785079523664993,0.3609536732621534,0.6449621867960693,31.913735353737135,63.657029162277475,0.0,HMTD-MDE,61,case57,0.2
True,56,0.04,False,20,20,False,38,False,0.1714416009530465,0.015389855031188737,0.6449621867960693,28.220752059132792,46.33730419445784,0.0,HMTD-MDE,62,case57,0.2
True,8,-0.04,True,1,1,False,8,True,3.8671819781197475e-10,0.00028489480589777717,0.6449621867960693,27.761118844500743,37.6450652634958,0.0,HMTD-MDE,63,case57,0.2
True,2,0.04,True,1,1,False,2,True,3.867181978120117e-10,0.005048856714374031,0.6449621867960693,26.368879195069894,33.58048961963505,0.0,HMTD-MDE,64,case57,0.2
True,43,0.04,True,6,6,False,37,False,0.17204442884564547,0.009985186821865194,0.6449621867960693,31.08017080812715,61.86901843757371,0.0,HMTD-MDE,65,case57,0.2
True,11,0.04,True,1,1,False,11,True,3.8671819781197475e-10,0.0002955651145503168,0.6449621867960693,27.902764492318965,39.99170237802902,0.0,HMTD-MDE,66,case57,0.2
True,7,0.04,False,20,20,False,7,True,4.556969661678429e-09,0.025269140638313318,0.6449621867960693,31.587687550927516,81.370679489919,0.0,HMTD-MDE,67,case57,0.2
True,7,-0.04,False,20,20,False,7,True,5.187276602648633e-10,0.025269140528155588,0.6449621867960693,32.280506248935126,47.06992084102242,0.0,HMTD-MDE,68,case57,0.2
True,51,-0.04,False,20,20,False,51,True,0.29250957000526345,0.031096216877710706,0.6449621867960693,27.938533495762385,45.20575653004927,0.0,HMTD-MDE,69,case57,0.2
True,12,-0.04,True,1,1,False,12,True,3.8671819781197475e-10,6.506154484848831e-05,0.6449621867960693,32.19587304920424,42.37586046801881,0.0,HMTD-MDE,70,case57,0.2
True,17,-0.04,False,20,20,False,17,True,0.21352809882834856,0.037636709519536814,0.6449621867960693,32.369818750885315,50.72985144797716,0.0,HMTD-MDE,71,case57,0.2
True,35,0.04,True,1,1,False,35,True,3.8671808797200037e-10,0.0007903150392325828,0.6449621867960693,33.06415429979097,62.79807778191754,0.0,HMTD-MDE,72,case57,0.2
True,37,0.04,True,3,3,False,43,False,0.17168185636141753,0.009972203046063537,0.6449621867960693,35.68562284053769,82.01656903256662,0.0,HMTD-MDE,73,case57,0.2
True,11,0.04,True,1,1,False,11,True,3.8671819781197475e-10,0.0002955651145503168,0.6449621867960693,31.53213559999131,46.50519586284646,0.0,HMTD-MDE,74,case57,0.2
True,43,-0.04,False,20,20,False,43,True,0.1716149599405029,0.009970022162130996,0.6449621867960693,34.841941596823744,77.72698817425407,0.0,HMTD-MDE,75,case57,0.2
True,39,0.04,False,20,20,False,0,False,0.5932686663901429,0.3109733779506569,0.6449621867960693,26.77012725325767,37.462056541698985,0.0,HMTD-MDE,76,case57,0.2
True,41,-0.04,True,1,1,False,41,True,0.13215251736705744,0.0010031452245854707,0.6449621867960693,31.61088319902774,51.451654802076526,0.0,HMTD-MDE,77,case57,0.2
True,11,-0.04,True,1,1,False,11,True,3.8671819781197475e-10,0.0002955651145503168,0.6449621867960693,33.793622854864225,56.96012433327272,0.0,HMTD-MDE,78,case57,0.2
True,24,0.04,True,13,13,False,30,False,0.4051416392580633,0.016252924685866102,0.6449621867960693,33.99966669967398,68.46002740494441,0.0,HMTD-MDE,79,case57,0.2
True,26,-0.04,False,20,20,False,0,False,0.5823253660468549,0.35679582007419297,0.6449621867960693,31.811306200688705,48.84664966957644,0.0,HMTD-MDE,80,case57,0.2
True,37,0.04,False,20,20,False,43,False,0.17486029549395005,0.010114747702529866,0.6449621867960693,32.230227056425065,51.11026670201682,0.0,HMTD-MDE,81,case57,0.2
True,26,-0.04,False,20,20,False,0,False,0.5865670544527597,0.36481636467055756,0.6449621867960693,32.67065635009203,81.84044585505036,0.0,HMTD-MDE,82,case57,0.2
True,20,-0.04,True,2,2,False,20,True,0.2690702702282432,0.010500526824603163,0.6449621867960693,32.5148874981096,68.34064789873084,0.0,HMTD-MDE,83,case57,0.2
True,54,0.04,False,20,20,False,0,False,0.5784386928675846,0.2791784652491147,0.6449621867960693,27.934825094416738,40.173392280121355,0.0,HMTD-MDE,84,case57,0.2
True,31,0.04,False,20,20,False,31,True,0.43148217156695134,0.023068799468179236,0.6449621867960693,30.5395896488335,47.97004797437694,0.0,HMTD-MDE,85,case57,0.2
True,28,0.04,True,11,11,False,28,True,0.09108306775339423,0.02252353824170983,0.6449621867960693,32.39051465061493,53.11402496881784,0.0,HMTD-MDE,86,case57,0.2
True,26,-0.04,False,20,20,False,0,False,0.6101530302020524,0.3392106866922455,0.6449621867960693,30.032319005113095,45.89774377527647,0.0,HMTD-MDE,87,case57,0.2
True,17,-0.04,False,20,20,False,17,True,0.5275395700220818,0.08453043148056899,0.6449621867960693,31.912887492217124,52.84077112446539,0.0,HMTD-MDE,88,case57,0.2
True,55,-0.04,True,1,1,False,55,True,0.0142743952540235,0.0012620163449628455,0.6449621867960693,29.419520843657665,41.59031907620376,0.0,HMTD-MDE,89,case57,0.2
True,11,0.04,True,1,1,False,11,True,3.8671819781197475e-10,0.0002955651145503168,0.6449621867960693,28.887220745673403,55.92531874135604,0.0,HMTD-MDE,90,case57,0.2
True,48,-0.04,True,1,1,False,48,True,3.8671808797186145e-10,0.002753712702745942,0.6449621867960693,31.271281201043166,46.23902467719747,0.0,HMTD-MDE,91,case57,0.2
True,50,-0.04,True,1,1,False,49,False,0.1336475684645245,0.012631639548955463,0.6449621867960693,32.34262090118136,59.996045852312825,0.0,HMTD-MDE,92,case57,0.2
True,53,-0.04,True,1,1,False,52,False,0.26457630421669714,0.007292823610251507,0.6449621867960693,29.968110405025072,42.46302948158701,0.0,HMTD-MDE,93,case57,0.2
True,43,0.04,True,6,6,False,37,False,0.17145372801873793,0.00996532257517498,0.6449621867960693,28.947991505265236,40.96641394717154,0.0,HMTD-MDE,94,case57,0.2
True,40,-0.04,True,4,4,False,40,True,0.000808974002964188,0.01128288000435821,0.6449621867960693,32.211881258990616,57.96575244457931,0.0,HMTD-MDE,95,case57,0.2
True,10,-0.04,True,1,1,False,10,True,3.8671819781197475e-10,0.0007455511118699345,0.6449621867960693,29.67691255034879,43.55668540520128,0.0,HMTD-MDE,96,case57,0.2
True,14,0.04,True,7,7,False,14,True,3.867181978119748e-10,0.007593593808137527,0.6449621867960693,30.183970788493752,43.73706697369926,0.0,HMTD-MDE,97,case57,0.2
True,53,-0.04,True,1,1,False,53,True,0.21745652652879424,0.004764652902824318,0.6449621867960693,28.94576049875468,52.37113333132584,0.0,HMTD-MDE,98,case57,0.2
True,49,-0.04,False,20,20,False,49,True,0.1233373694669301,0.012980201516434949,0.6449621867960693,30.22652490180917,43.17037498985883,0.0,HMTD-MDE,99,case57,0.2
True,56,0.04,True,6,6,False,38,False,0.17144160101377046,0.015389855032371627,0.6449621867960693,31.878472855896693,45.44374405231793,0.0,HMTD-MDE,100,case57,0.2
True,17,-0.04,False,20,20,False,18,False,0.31927112804912955,0.025793200650676886,0.6449621867960693,33.62215000379365,57.462631617090665,0.0,HMTD-MDE,101,case57,0.2
True,12,0.04,True,1,1,False,12,True,3.8671819781197475e-10,6.506154484848831e-05,0.6449621867960693,31.584495896822773,51.95257528976072,0.0,HMTD-MDE,102,case57,0.2
True,48,-0.04,True,1,1,False,48,True,3.867180879718647e-10,0.002753712702745942,0.6449621867960693,28.385606297524646,58.26951045310126,0.0,HMTD-MDE,103,case57,0.2
True,31,0.04,False,20,20,False,31,True,0.42658127080886055,0.020078958572194248,0.6449621867960693,29.904129201895557,50.906176763237454,0.0,HMTD-MDE,104,case57,0.2
True,31,0.04,False,20,20,False,33,False,0.4398343942385358,0.028314180742235073,0.6449621867960693,33.013554199715145,49.81488513003571,0.0,HMTD-MDE,105,case57,0.2
True,41,-0.04,True,1,1,False,41,True,0.14413857504066008,0.0010179169349130803,0.6449621867960693,31.243447843007743,54.45587943540889,0.0,HMTD-MDE,106,case57,0.2
True,16,-0.04,False,20,20,False,0,False,0.5503340217539637,0.3742960759998441,0.6449621867960693,28.618760500103235,41.92893091822045,0.0,HMTD-MDE,107,case57,0.2
True,20,0.04,True,1,1,False,20,True,0.23236784904071123,0.007623782683603069,0.6449621867960693,32.10784164839424,56.37898747809233,0.0,HMTD-MDE,108,case57,0.2
True,50,0.04,True,1,1,False,50,True,0.17068524499676355,0.009290011667430336,0.6449621867960693,36.60051659680903,73.20674440125003,0.0,HMTD-MDE,109,case57,0.2
True,17,0.04,False,20,20,False,17,True,0.22441164061181232,0.037149686321401934,0.6449621867960693,27.492402246571146,41.997327090939514,0.0,HMTD-MDE,110,case57,0.2
True,41,0.04,True,1,1,False,41,True,0.021746918472077832,0.000932479243819484,0.6449621867960693,33.47107100125868,56.9076756888535,0.0,HMTD-MDE,111,case57,0.2
True,15,0.04,False,20,20,False,0,False,0.6008886557100147,0.34348062221629416,0.6449621867960693,28.64520220318809,37.14785036863762,0.0,HMTD-MDE,112,case57,0.2
True,12,-0.04,True,1,1,False,12,True,3.8671819781197475e-10,6.506154484848831e-05,0.6449621867960693,33.544343849644065,48.54027945839342,0.0,HMTD-MDE,113,case57,0.2
True,33,-0.04,False,20,20,False,33,True,0.59292849337104,0.11555908945592523,0.6449621867960693,35.20491654635407,68.27653750078754,0.0,HMTD-MDE,114,case57,0.2
True,8,0.04,True,1,1,False,8,True,3.8671819781197475e-10,0.00028489480589777717,0.6449621867960693,33.073360251728445,54.75690172461328,0.0,HMTD-MDE,115,case57,0.2
True,16,-0.04,False,20,20,False,0,False,0.5828589401746831,0.35436869097931306,0.6449621867960693,33.345960298902355,63.93930414342322,0.0,HMTD-MDE,116,case57,0.2
True,46,-0.04,False,20,20,False,0,False,0.5584887939046892,0.36842005908893927,0.6449621867960693,27.159500055131502,40.92303335492036,0.0,HMTD-MDE,117,case57,0.2
True,8,-0.04,True,1,1,False,8,True,3.8671819781197475e-10,0.00028489480589777717,0.6449621867960693,30.986293603200465,48.99581425706856,0.0,HMTD-MDE,118,case57,0.2
True,20,0.04,True,2,2,False,20,True,0.26215176338062085,0.00954954410226893,0.6449621867960693,27.700918749906123,48.26508812548128,0.0,HMTD-MDE,119,case57,0.2
True,52,-0.04,True,1,1,False,52,True,0.270332312458593,0.008222671228542214,0.6449621867960693,37.6811875088606,73.0748041678453,0.0,HMTD-MDE,120,case57,0.2
True,9,-0.04,True,2,2,False,9,True,3.8671819781197475e-10,0.0057420482213255955,0.6449621867960693,31.3425312488107,63.181174322380684,0.0,HMTD-MDE,121,case57,0.2
True,21,0.04,False,20,20,False,0,False,0.5548446979295256,0.3692895933154119,0.6449621867960693,31.428481350303628,41.954679193440825,0.0,HMTD-MDE,122,case57,0.2
True,43,0.04,True,1,1,False,43,True,0.17146709969220428,0.009965656279632706,0.6449621867960693,30.11834170029033,54.3780669948319,0.0,HMTD-MDE,123,case57,0.2
True,18,-0.04,True,9,9,False,18,True,0.2715193363613988,0.030744595854752223,0.6449621867960693,28.741552057908848,46.50286458490882,0.0,HMTD-MDE,124,case57,0.2
True,38,-0.04,True,18,18,False,38,True,0.1714416009440448,0.015389855031208717,0.6449621867960693,29.733460405259393,50.553996139206006,0.0,HMTD-MDE,125,case57,0.2
True,47,-0.04,False,20,20,False,0,False,0.6143831670974568,0.2639453751230578,0.6449621867960693,30.130691605154425,52.57019933487755,0.0,HMTD-MDE,126,case57,0.2
True,51,-0.04,False,20,20,False,51,True,0.20284109616221216,0.028567038258267577,0.6449621867960693,30.798662555753253,60.92886285332498,0.0,HMTD-MDE,127,case57,0.2
True,23,0.04,True,0,0,False,0,False,0.5955276911352699,0.3483081941046495,0.6449621867960693,30.417991598369554,48.6754184763413,0.0,HMTD-MDE,128,case57,0.2
True,40,0.04,True,6,6,False,40,True,0.001668579898183274,0.011278438981090379,0.6449621867960693,28.452939543058164,43.45503754739184,0.0,HMTD-MDE,129,case57,0.2
True,20,-0.04,True,1,1,False,19,False,0.20761512365217372,0.006747996649391539,0.6449621867960693,29.40395214536693,50.450746456044726,0.0,HMTD-MDE,130,case57,0.2
True,51,-0.04,False,20,20,False,51,True,0.12781751007197706,0.027056702423725303,0.6449621867960693,28.67553110118024,36.727941691060586,0.0,HMTD-MDE,131,case57,0.2
True,26,0.04,False,20,20,False,0,False,0.568507877501913,0.36377127777290413,0.6449621867960693,29.614666645647958,55.9117982251337,0.0,HMTD-MDE,132,case57,0.2
True,43,-0.04,True,7,7,False,37,False,0.1723231458849748,0.00999608188572302,0.6449621867960693,32.12426239333581,60.98614522488791,0.0,HMTD-MDE,133,case57,0.2
True,54,-0.04,False,20,20,False,0,False,0.5895537029004693,0.3507101201027991,0.6449621867960693,32.96819163952023,61.23415143229071,0.0,HMTD-MDE,134,case57,0.2
True,32,0.04,False,20,20,False,0,False,0.58988352690831,0.3575929456634457,0.6449621867960693,28.925685395370238,41.795052384259186,0.0,HMTD-MDE,135,case57,0.2
True,47,0.04,False,20,20,False,0,False,0.6249968710926082,0.32289874208699243,0.6449621867960693,33.11818119836971,68.12408536789007,0.0,HMTD-MDE,136,case57,0.2
True,51,0.04,True,2,2,False,51,True,0.1555847275311608,0.0325019168260112,0.6449621867960693,29.134762490866706,46.23608505353332,0.0,HMTD-MDE,137,case57,0.2
True,53,0.04,True,1,1,False,51,False,0.2418413684364703,0.012703378819895726,0.6449621867960693,26.294668708578683,38.28347498492804,0.0,HMTD-MDE,138,case57,0.2
True,54,0.04,False,20,20,False,45,False,0.5311336096364108,0.2046947171108579,0.6449621867960693,26.971893847803585,43.78440833534115,0.0,HMTD-MDE,139,case57,0.2
True,20,0.04,True,2,2,False,19,False,0.26354653779567794,0.009705646754950073,0.6449621867960693,33.85035209648777,61.59508749551607,0.0,HMTD-MDE,140,case57,0.2
True,52,0.04,True,1,1,False,51,False,0.26961772879838936,0.00995244514440616,0.6449621867960693,32.919210504041985,53.331244047149106,0.0,HMTD-MDE,141,case57,0.2
True,10,0.04,True,1,1,False,10,True,3.8671819781197475e-10,0.0007455511118699345,0.6449621867960693,39.58186665258836,70.48653335659766,0.0,HMTD-MDE,142,case57,0.2
True,12,-0.04,True,1,1,False,12,True,3.8671819781197475e-10,6.506154484848831e-05,0.6449621867960693,27.491925095091574,37.494779223925455,0.0,HMTD-MDE,143,case57,0.2
True,10,0.04,True,1,1,False,10,True,3.8671819781197475e-10,0.0007455511118699345,0.6449621867960693,31.046677147969604,54.198279173579074,0.0,HMTD-MDE,144,case57,0.2
True,11,-0.04,True,1,1,False,11,True,3.8671819781197475e-10,0.0002955651145503168,0.6449621867960693,29.755983155337162,62.859035684959956,0.0,HMTD-MDE,145,case57,0.2
True,25,-0.04,False,20,20,False,0,False,0.5950257090975155,0.3220180883573809,0.6449621867960693,31.386518751969557,48.83691461291165,0.0,HMTD-MDE,146,case57,0.2
True,36,0.04,True,1,1,False,36,True,3.867180879720312e-10,0.0008651682048311887,0.6449621867960693,28.510062597342767,45.62903750338592,0.0,HMTD-MDE,147,case57,0.2
True,44,-0.04,False,20,20,False,44,True,0.19791660702229621,0.09196805721567074,0.6449621867960693,31.907408352708444,50.08679317834324,0.0,HMTD-MDE,148,case57,0.2
True,24,0.04,True,7,7,False,31,False,0.4025519256571946,0.016405063059777427,0.6449621867960693,28.264458346529864,37.923982707434334,0.0,HMTD-MDE,149,case57,0.2
True,3,0.04,True,1,1,False,3,True,3.86718197811984e-10,0.0034832369284029763,0.6449621867960693,36.616939603118226,90.47937499417458,0.0,HMTD-MDE,150,case57,0.2
True,42,0.04,False,20,20,False,42,True,3.3385075402341125e-09,0.03399701615423217,0.6449621867960693,29.004808198078535,44.55090239353013,0.0,HMTD-MDE,151,case57,0.2
True,23,0.04,False,20,20,False,0,False,0.6262235408335969,0.30889515751421803,0.6449621867960693,32.421495849848725,56.846423557726695,0.0,HMTD-MDE,152,case57,0.2
True,45,0.04,False,20,20,False,45,True,1.1970678889162588e-09,0.02250114295671235,0.6449621867960693,27.123952202964574,48.37034584779759,0.0,HMTD-MDE,153,case57,0.2
True,24,-0.04,True,15,15,False,34,False,0.4021769400857685,0.016318232428114518,0.6449621867960693,38.16139370028395,71.29118605516852,0.0,HMTD-MDE,154,case57,0.2
True,22,-0.04,False,20,20,False,0,False,0.628439588660667,0.2532584173939186,0.6449621867960693,28.3402750530513,37.82777644810267,0.0,HMTD-MDE,155,case57,0.2
True,23,0.04,False,20,20,False,0,False,0.5522650722765726,0.3728758654355241,0.6449621867960693,34.19851054495666,58.64242325187661,0.0,HMTD-MDE,156,case57,0.2
True,54,0.04,False,20,20,False,54,True,0.2711519487646994,0.06041662193193026,0.6449621867960693,34.93020630266983,64.48888895101847,0.0,HMTD-MDE,157,case57,0.2
True,33,-0.04,False,20,20,False,0,False,0.6751440749843984,0.24468083610560018,0.6449621867960693,38.348433253122494,73.34877048851925,0.0,HMTD-MDE,158,case57,0.2
True,39,-0.04,False,20,20,False,0,False,0.5616535454009044,0.3668485952865117,0.6449621867960693,34.28155629662797,64.76987500209364,0.0,HMTD-MDE,159,case57,0.2
True,13,0.04,True,1,1,False,13,True,3.8671819781197475e-10,0.00024296946723677138,0.6449621867960693,29.359260405180976,47.00115893501789,0.0,HMTD-MDE,160,case57,0.2
True,38,0.04,False,20,20,False,56,False,0.1714416009440448,0.015389855031208714,0.6449621867960693,32.86292290431447,62.37041462445632,0.0,HMTD-MDE,161,case57,0.2
True,35,0.04,True,1,1,False,35,True,3.867180879718642e-10,0.0007903150392325828,0.6449621867960693,30.44973960495554,52.013937837909914,0.0,HMTD-MDE,162,case57,0.2
True,26,-0.04,False,20,20,False,0,False,0.5712153141603451,0.36844900595015373,0.6449621867960693,36.23373959562741,74.3318610067945,0.0,HMTD-MDE,163,case57,0.2
True,1,0.04,False,20,20,False,0,False,0.5783364778408263,0.3678357400131847,0.6449621867960693,29.551993735367432,50.87128095910887,0.0,HMTD-MDE,164,case57,0.2
True,49,-0.04,True,6,6,False,49,True,0.16317472713174375,0.011270562969173267,0.6449621867960693,29.43327289831359,54.87876459083055,0.0,HMTD-MDE,165,case57,0.2
True,40,0.04,True,5,5,False,40,True,0.0004910753220021518,0.011284408839151263,0.6449621867960693,27.17541880265344,48.326047256705365,0.0,HMTD-MDE,166,case57,0.2
True,40,0.04,True,4,4,False,40,True,0.0006487991737321869,0.011283616865332595,0.6449621867960693,36.23695014684927,60.351124676526574,0.0,HMTD-MDE,167,case57,0.2
True,28,0.04,False,20,20,False,28,True,0.012988937173675642,0.021189928112653786,0.6449621867960693,28.083654199144803,56.92131727992092,0.0,HMTD-MDE,168,case57,0.2
True,38,0.04,False,20,20,False,38,True,0.17144160094799968,0.015389855031280222,0.6449621867960693,30.130066751735285,51.73135000513869,0.0,HMTD-MDE,169,case57,0.2
True,27,0.04,False,20,20,False,27,True,0.13236185211675083,0.03033612100008833,0.6449621867960693,30.726995851728134,58.54057499964256,0.0,HMTD-MDE,170,case57,0.2
True,30,-0.04,False,20,20,False,31,False,0.4029548699618957,0.016402594983100337,0.6449621867960693,31.69664810120594,48.14457083120943,0.0,HMTD-MDE,171,case57,0.2
True,31,-0.04,False,20,20,False,31,True,0.4362053630568012,0.027893376005030595,0.6449621867960693,34.577418651315384,74.97312084888108,0.0,HMTD-MDE,172,case57,0.2
True,27,0.04,False,20,20,False,27,True,0.1205045119338724,0.030776896942419075,0.6449621867960693,33.745247847400606,72.81329582328911,0.0,HMTD-MDE,173,case57,0.2
True,51,0.04,False,20,20,False,51,True,0.16152586799578805,0.025885552129024308,0.6449621867960693,31.167187448590994,49.084122612839565,0.0,HMTD-MDE,174,case57,0.2
True,28,0.04,False,20,20,False,28,True,0.018546692868403283,0.021250538990722333,0.6449621867960693,29.211187444161624,47.05165001796559,0.0,HMTD-MDE,175,case57,0.2
True,33,-0.04,False,20,20,False,0,False,0.6478717885890489,0.3172927490497604,0.6449621867960693,32.44379990210291,49.75097703281795,0.0,HMTD-MDE,176,case57,0.2
True,20,-0.04,True,4,4,False,18,False,0.2718984861493777,0.012362109377189713,0.6449621867960693,33.46240209357347,47.0263101073215,0.0,HMTD-MDE,177,case57,0.2
True,5,0.04,True,1,1,False,5,True,3.8671819781197475e-10,0.00192160191471911,0.6449621867960693,35.91172905289568,58.72554762172515,0.0,HMTD-MDE,178,case57,0.2
True,38,0.04,False,20,20,False,38,True,0.1714416009440448,0.015389855031208714,0.6449621867960693,33.21851039654575,51.07430207135623,0.0,HMTD-MDE,179,case57,0.2
True,52,-0.04,True,1,1,False,52,True,0.270428975090927,0.008249212710966597,0.6449621867960693,30.468904160079546,41.334598229150295,0.0,HMTD-MDE,180,case57,0.2
True,48,0.04,True,1,1,False,48,True,3.8671808797186254e-10,0.002753712702745942,0.6449621867960693,30.00731669308152,54.39079375064467,0.0,HMTD-MDE,181,case57,0.2
True,32,-0.04,False,20,20,False,0,False,0.5791440056914382,0.36102719204689415,0.6449621867960693,32.262835442088544,61.636673254543,0.0,HMTD-MDE,182,case57,0.2
True,48,0.04,True,1,1,False,48,True,3.8671808797187495e-10,0.002753712702745942,0.6449621867960693,27.58355829573702,39.402757701464004,0.0,HMTD-MDE,183,case57,0.2
True,48,0.04,True,1,1,False,48,True,3.8671808797186166e-10,0.002753712702745942,0.6449621867960693,24.700141593348235,33.436824957607314,0.0,HMTD-MDE,184,case57,0.2
True,5,0.04,True,1,1,False,5,True,4.115783220222055e-10,0.00192160191472078,0.6449621867960693,40.77433955098968,116.45354935026263,0.0,HMTD-MDE,185,case57,0.2
True,41,0.04,True,1,1,False,41,True,0.051974966129560866,0.0009448710222471374,0.6449621867960693,29.757699949550442,52.792654157383375,0.0,HMTD-MDE,186,case57,0.2
True,29,-0.04,True,10,10,False,31,False,0.40783971819232195,0.017214348861223562,0.6449621867960693,21.04407930164598,25.379330932628363,0.0,HMTD-MDE,187,case57,0.2
True,10,-0.04,True,1,1,False,10,True,3.8671819781197475e-10,0.0007455511118699345,0.6449621867960693,33.297875145217404,68.17520862969106,0.0,HMTD-MDE,188,case57,0.2
True,13,0.04,True,1,1,False,13,True,3.8671819781197475e-10,0.00024296946723677138,0.6449621867960693,19.198914704611525,23.304423590889204,0.0,HMTD-MDE,189,case57,0.2
True,7,-0.04,False,20,20,False,7,True,3.203963290325624e-09,0.025269140662474366,0.6449621867960693,33.13616460363846,61.838867014739684,0.0,HMTD-MDE,190,case57,0.2
True,34,-0.04,False,20,20,False,31,False,0.41298383789523546,0.017652621332250578,0.6449621867960693,26.97621260304004,42.867618764285,0.0,HMTD-MDE,191,case57,0.2
True,23,-0.04,False,20,20,False,0,False,0.5960515121252135,0.3446436845661733,0.6449621867960693,19.664085342083126,23.076579134794883,0.0,HMTD-MDE,192,case57,0.2
True,22,-0.04,False,20,20,False,0,False,0.5831178874782345,0.3589280291497964,0.6449621867960693,27.299991642939858,35.55983153346462,0.0,HMTD-MDE,193,case57,0.2
True,53,-0.04,True,1,1,False,53,True,0.269815101320997,0.008094558082026488,0.6449621867960693,19.69374575128313,23.149647921673026,0.0,HMTD-MDE,194,case57,0.2
True,40,0.04,True,1,1,False,40,True,0.00047605572984399846,0.011284435356123865,0.6449621867960693,26.95826659910381,41.002507699886344,0.0,HMTD-MDE,195,case57,0.2
True,4,-0.04,False,20,20,False,0,False,0.5974251065196479,0.31573838316627123,0.6449621867960693,19.54519795253873,23.05668159679044,0.0,HMTD-MDE,196,case57,0.2
True,23,0.04,False,20,20,False,0,False,0.5919799801323044,0.3499557243473296,0.6449621867960693,12.793149997014552,14.924313963274473,0.0,HMTD-MDE,197,case57,0.2
True,17,0.04,False,20,20,False,20,False,0.32337606100598965,0.014526547604357088,0.6449621867960693,22.22921670472715,25.809875034610744,0.0,HMTD-MDE,198,case57,0.2
True,28,0.04,False,20,20,False,28,True,0.1475008636964198,0.024474120450138293,0.6449621867960693,15.892139702918938,17.888637812575325,0.0,HMTD-MDE,199,case57,0.2
True,26,-0.04,True,3,3,False,26,True,0.1714416009441749,0.004170119817699051,0.4796691154681159,376.376366551267,438.4351670101765,0.0,MS-HIDE,0,case57,0.2
True,49,-0.04,True,1,1,False,49,True,4.265858192654436e-10,0.0016130129423518533,0.4407417890514927,276.157537594554,327.9663726250874,0.0,MS-HIDE,1,case57,0.2
True,53,-0.04,True,1,1,False,52,False,0.171441600947596,0.0015268310330088586,0.4495417380822841,358.9561062894063,414.30617884034405,0.0,MS-HIDE,2,case57,0.2
True,37,0.04,True,1,1,False,37,True,0.17144160094950736,0.0015616745182058527,0.5334111506249117,263.0054124427261,342.4424901691964,0.0,MS-HIDE,3,case57,0.2
True,46,0.04,True,17,17,False,0,False,0.4535569239902754,0.3274535486531365,0.49892248588204885,250.36694589653052,325.43952144624205,0.0,MS-HIDE,4,case57,0.2
True,17,0.04,True,3,3,False,17,True,0.002703859297318123,0.00788318253952118,0.5083502976183366,369.9365604959894,437.015037480161,0.0,MS-HIDE,5,case57,0.2
True,24,0.04,True,3,3,False,29,False,0.171441601070441,0.002072505558585046,0.6692858702294886,270.88078960077837,328.5317389672855,0.0,MS-HIDE,6,case57,0.2
True,3,0.04,True,1,1,False,3,True,3.8671819781197475e-10,0.0010234120718180608,0.46679411637890617,356.23735205153935,402.4804274115025,0.0,MS-HIDE,7,case57,0.2
True,8,-0.04,True,1,1,False,8,True,3.8671819781197475e-10,0.0003177869000190791,0.3394475328782709,286.5293937502429,344.71509344293736,0.0,MS-HIDE,8,case57,0.2
True,22,0.04,False,20,20,False,0,False,0.4831873888667887,0.3082936832837846,0.4707811664753304,276.75991654396057,341.0368663433474,0.0,MS-HIDE,9,case57,0.2
True,29,-0.04,True,2,2,False,24,False,0.17144160103669115,0.002072505558888803,0.6766243854853351,374.4596832955722,445.5896597704864,0.0,MS-HIDE,10,case57,0.2
True,28,-0.04,True,1,1,False,28,True,1.3866554926884086e-09,0.0011222732837502592,0.35460350804510354,276.6243042424321,332.80269163951743,0.0,MS-HIDE,11,case57,0.2
True,8,0.04,True,1,1,False,8,True,3.8671819781197475e-10,0.0003177869002985445,0.34027054429886283,349.32935630204156,405.1529142423544,0.0,MS-HIDE,12,case57,0.2
True,28,-0.04,True,2,2,False,28,True,1.3653937604816286e-09,0.001122273283390422,0.37057343640681584,264.84330619568937,328.51777077594306,0.0,MS-HIDE,13,case57,0.2
True,22,0.04,False,20,20,False,0,False,0.4833378963951998,0.27406566616840244,0.5257733651957028,250.16471040144094,311.1573348141974,0.0,MS-HIDE,14,case57,0.2
True,26,0.04,True,3,3,False,25,False,0.1714416009440448,0.004202867921123709,0.4916193824379803,372.3765895498218,449.9905631499145,0.0,MS-HIDE,15,case57,0.2
True,40,-0.04,True,11,11,False,40,True,3.6243800628787487e-07,0.007675200573172656,0.4765945135317163,263.9808333478868,324.44509225024376,0.0,MS-HIDE,16,case57,0.2
True,1,-0.04,False,20,20,False,1,True,0.00019275804959572465,0.024738718553600453,0.45229442840313544,369.79325835127383,493.6726708401705,0.0,MS-HIDE,17,case57,0.2
True,37,-0.04,True,1,1,False,37,True,0.17144160094404476,0.0016562590951360065,0.5149884348548092,267.9276312905131,330.32018366793636,0.0,MS-HIDE,18,case57,0.2
True,42,-0.04,True,2,2,False,42,True,3.8671808797186145e-10,0.0020954845314066274,0.5669330636629529,270.7057354535209,336.26153365476057,0.0,MS-HIDE,19,case57,0.2
True,32,0.04,False,20,20,False,0,False,0.4292725280388079,0.3366361457594586,0.5043178178426346,374.8927084438037,451.2998273741701,0.0,MS-HIDE,20,case57,0.2
True,20,0.04,True,1,1,False,20,True,0.1714416009440448,0.001899389627521945,0.519550247297401,280.6547209533164,337.51012567663565,0.0,MS-HIDE,21,case57,0.2
True,46,0.04,False,20,20,False,0,False,0.42073119539841164,0.3340260891083007,0.533965902724124,360.0932793022366,442.5451965100376,0.0,MS-HIDE,22,case57,0.2
True,42,0.04,True,3,3,False,42,True,3.8671808797186145e-10,0.002095484531212994,0.5414633863351833,267.6317125034984,317.5652604229981,0.0,MS-HIDE,23,case57,0.2
True,56,-0.04,True,3,3,False,38,False,0.17144160094404476,0.00509470487524591,0.5508941982798531,260.02426033956,321.1161166545935,0.0,MS-HIDE,24,case57,0.2
True,53,0.04,True,1,1,False,52,False,0.17144160094404476,0.00152665842094307,0.4460921319437757,273.14316254633013,331.8877291982063,0.0,MS-HIDE,25,case57,0.2
True,48,0.04,True,1,1,False,48,True,3.867180879718616e-10,0.0012942536278235767,0.38816757577023986,261.07406651135534,355.22997289081104,0.0,MS-HIDE,26,case57,0.2
True,24,-0.04,True,2,2,False,24,True,0.17144160097484193,0.0020725055586728026,0.6804454217908515,271.6712041408755,324.7094285208732,0.0,MS-HIDE,27,case57,0.2
True,20,0.04,True,1,1,False,19,False,0.1714416009440448,0.0019001977700408917,0.5339973994443932,265.57810610102024,330.79386307508685,0.0,MS-HIDE,28,case57,0.2
True,34,-0.04,True,2,2,False,34,True,3.867180879719484e-10,0.0020993388474523362,0.4634399029650444,262.3454791435506,320.0563089339994,0.0,MS-HIDE,29,case57,0.2
True,11,-0.04,True,1,1,False,11,True,3.8671819781197475e-10,0.00036839150146271833,0.3424478073616517,274.1978124890011,325.7438708504197,0.0,MS-HIDE,30,case57,0.2
True,38,0.04,True,3,3,False,56,False,0.17144160094404476,0.005094704799048432,0.5602728051661255,271.54189789434895,355.6733642530162,0.0,MS-HIDE,31,case57,0.2
True,32,0.04,False,20,20,False,0,False,0.42692836596508477,0.3359840418755316,0.5226316330739487,265.7441562449094,311.15090868261177,0.0,MS-HIDE,32,case57,0.2
True,15,-0.04,False,20,20,False,0,False,0.4266190959338486,0.32610417106776307,0.5225162832982897,274.75674580200575,346.91095626330934,0.0,MS-HIDE,33,case57,0.2
True,36,0.04,True,1,1,False,36,True,3.8671811543196014e-10,0.0007148334759064396,0.3746310625035559,255.17787905118894,326.83647259837016,0.0,MS-HIDE,34,case57,0.2
True,26,0.04,True,1,1,False,25,False,0.1714416009440448,0.004206871205223952,0.4999716669985881,269.1625290986849,337.3490298166871,0.0,MS-HIDE,35,case57,0.2
True,28,0.04,True,1,1,False,28,True,1.1621811867584778e-09,0.001122273283444504,0.3610567736983548,268.5802166495705,323.93755237280857,0.0,MS-HIDE,36,case57,0.2
True,3,0.04,True,2,2,False,3,True,3.8671819781197475e-10,0.0010234120715768371,0.47033267994961503,259.389533297508,346.28841670346446,0.0,MS-HIDE,37,case57,0.2
True,6,0.04,True,1,1,False,6,True,3.8671819781197915e-10,0.0010506935694074902,0.4789864042985631,256.8858188489685,307.2304705303395,0.0,MS-HIDE,38,case57,0.2
True,51,-0.04,True,3,3,False,51,True,3.869127752136967e-10,0.004248720643485353,0.4632012365448426,266.3408624997828,332.43027497665025,0.0,MS-HIDE,39,case57,0.2
True,17,0.04,True,5,5,False,17,True,0.03405737296075318,0.0025945095233157276,0.479874903887928,275.3939583461033,322.2176500217757,0.0,MS-HIDE,40,case57,0.2
True,49,-0.04,True,1,1,False,49,True,3.8671808797186874e-10,0.0016490029448002906,0.4407417890514927,271.8348479102133,336.61394102382474,0.0,MS-HIDE,41,case57,0.2
True,19,-0.04,True,2,2,False,20,False,0.1714416009440448,0.0018963231586541518,0.507608563418325,255.9136938449228,321.3413714925992,0.0,MS-HIDE,42,case57,0.2
True,31,0.04,True,1,1,False,30,False,0.02718048276407908,0.0020817288972731743,0.43709552817950625,263.30356239923276,324.1149766981835,0.0,MS-HIDE,43,case57,0.2
True,55,0.04,True,1,1,False,55,True,3.920073455869798e-10,0.0008710260659507293,0.35592617937266596,267.89586885424796,328.54975183436187,0.0,MS-HIDE,44,case57,0.2
True,2,0.04,True,2,2,False,2,True,3.8671819781197656e-10,0.001558553134258431,0.49369174435510954,263.7376415543258,317.4526201939443,0.0,MS-HIDE,45,case57,0.2
True,34,-0.04,True,1,1,False,34,True,3.8671808797186145e-10,0.002131777579847414,0.46422825571819504,250.78867504780644,322.93655627872795,0.0,MS-HIDE,46,case57,0.2
True,14,-0.04,True,1,1,False,14,True,3.8671819781197734e-10,0.0013023726319667743,0.5148487654155617,263.62095825606957,350.924472589395,0.0,MS-HIDE,47,case57,0.2
True,1,0.04,False,20,20,False,1,True,0.000680899311391331,0.027030791046114937,0.5091218309805496,264.45730625418946,336.3091618899489,0.0,MS-HIDE,48,case57,0.2
True,34,-0.04,True,3,3,False,34,True,3.9316487626338114e-10,0.0020963463459576052,0.46193303172416794,272.5582937535364,343.49589026824106,0.0,MS-HIDE,49,case57,0.2
True,40,-0.04,True,14,14,False,40,True,6.091569135294599e-09,0.007667186146521078,0.40787497152599184,266.85363740543835,337.34076074615587,0.0,MS-HIDE,50,case57,0.2
True,27,-0.04,True,1,1,False,27,True,4.799005248189328e-10,0.001174664711218814,0.3628109262319663,261.5947769052582,320.7447681372287,0.0,MS-HIDE,51,case57,0.2
True,44,-0.04,True,3,3,False,44,True,1.9142103617768304e-05,0.0037935841754579837,0.5268288267075082,255.8243228995707,375.2449773659464,0.0,MS-HIDE,52,case57,0.2
True,1,0.04,False,20,20,False,1,True,0.00020749618258593492,0.02501132865646052,0.483100574553205,269.02807924489025,318.7968437297968,0.0,MS-HIDE,53,case57,0.2
True,20,-0.04,True,2,2,False,20,True,0.1714416009440448,0.0018982368904307987,0.5177429073417457,270.2709083998343,350.5308149207849,0.0,MS-HIDE,54,case57,0.2
True,41,-0.04,True,1,1,False,41,True,4.0220044857705564e-10,0.0006132213469075278,0.35166287562564413,270.32789385702927,351.20582953095436,0.0,MS-HIDE,55,case57,0.2
True,25,0.04,True,2,2,False,26,False,0.17144160094423472,0.004170120092776389,0.4490285580734841,266.05610004626215,329.73501458764076,0.0,MS-HIDE,56,case57,0.2
True,33,0.04,True,15,15,False,33,True,1.4554876021268609e-05,0.014157952136756764,0.4446834571747753,278.2184084004257,321.42153153545223,0.0,MS-HIDE,57,case57,0.2
True,42,-0.04,True,2,2,False,42,True,3.8671808797186145e-10,0.0020954845316290558,0.5679989265671327,258.31123955431394,317.59406395140104,0.0,MS-HIDE,58,case57,0.2
True,21,0.04,False,20,20,False,0,False,0.4458663413350239,0.32972598804932113,0.5520364524908327,256.2180290959077,313.5860725946259,0.0,MS-HIDE,59,case57,0.2
True,36,-0.04,True,1,1,False,36,True,3.867180879721284e-10,0.0007148334763384611,0.37313425791769705,269.9616000056267,345.2399339992553,0.0,MS-HIDE,60,case57,0.2
True,46,0.04,False,20,20,False,0,False,0.44520951778229984,0.3260412443359929,0.5527352204711432,269.1159103473183,349.18182672408875,0.0,MS-HIDE,61,case57,0.2
True,56,0.04,True,3,3,False,38,False,0.1714416009440448,0.005094704816581693,0.540549007466255,262.83854165521916,314.2188958503539,0.0,MS-HIDE,62,case57,0.2
True,8,-0.04,True,2,2,False,8,True,3.8671819781197475e-10,0.0003177869002325071,0.3360188810487895,257.718531251885,318.17496039439,0.0,MS-HIDE,63,case57,0.2
True,2,0.04,True,1,1,False,2,True,3.867181978119759e-10,0.0015585531342639117,0.5006740174634274,282.1026247489499,361.5723610128043,0.0,MS-HIDE,64,case57,0.2
True,43,0.04,True,1,1,False,43,True,0.17144160113014395,0.0015646421720127443,0.5138705691460236,266.0534770548111,343.96935440890957,0.0,MS-HIDE,65,case57,0.2
True,11,0.04,True,1,1,False,11,True,3.8671819781197475e-10,0.0003683915006784564,0.33743029460712765,248.9959021040704,315.0203732395312,0.0,MS-HIDE,66,case57,0.2
True,7,0.04,False,20,20,False,7,True,3.8671819781197506e-10,0.013721480763422425,0.5417929197800307,252.9567104531452,329.83832322934177,0.0,MS-HIDE,67,case57,0.2
True,7,-0.04,False,20,20,False,7,True,3.9227351299314374e-10,0.01372076737314984,0.539862740152598,248.45244165044278,286.8699055718025,0.0,MS-HIDE,68,case57,0.2
True,51,-0.04,True,3,3,False,51,True,3.9305415554847845e-10,0.004226153272340225,0.4527331134497563,268.4257228480419,348.9048214862123,0.0,MS-HIDE,69,case57,0.2
True,12,-0.04,True,1,1,False,12,True,3.8671819781197475e-10,0.0002901152597598226,0.27540479289454173,259.69463560322765,307.47760481026495,0.0,MS-HIDE,70,case57,0.2
True,17,-0.04,True,3,3,False,17,True,0.001621067702580272,0.002549776566774107,0.5152415259228256,267.39405625266954,331.88595383253414,0.0,MS-HIDE,71,case57,0.2
True,35,0.04,True,1,1,False,35,True,3.8671808797186145e-10,0.0009331971383940741,0.32818164532036603,260.1581145514501,335.6669503409649,0.0,MS-HIDE,72,case57,0.2
True,37,0.04,True,1,1,False,43,False,0.1714416009508751,0.001564659889450288,0.5185287529998509,249.85121466161218,294.18717154185293,0.0,MS-HIDE,73,case57,0.2
True,11,0.04,True,1,1,False,11,True,3.8671819781197475e-10,0.0003683915015089427,0.3392781705445239,245.99476859730203,304.58342642232316,0.0,MS-HIDE,74,case57,0.2
True,43,-0.04,True,1,1,False,37,False,0.1714416009752386,0.0015619078467854126,0.5216486588905789,253.66834790620484,317.3726521083154,0.0,MS-HIDE,75,case57,0.2
True,39,0.04,True,2,2,False,39,True,3.867180879718649e-10,0.003647474192318536,0.5015297357935581,273.4723791421857,337.8033836605028,0.0,MS-HIDE,76,case57,0.2
True,41,-0.04,True,1,1,False,41,True,4.0318839611769116e-10,0.0006132213468806799,0.3621691319762279,266.3655415555695,320.00907117617317,0.0,MS-HIDE,77,case57,0.2
True,11,-0.04,True,1,1,False,11,True,3.8671819781197475e-10,0.0003683915014164428,0.33576762064856125,259.2751270538429,339.6831416641362,0.0,MS-HIDE,78,case57,0.2
True,24,0.04,True,1,1,False,24,True,0.1714416009850825,0.0020725055589859956,0.6741898057407172,269.4854207977187,324.18907739047427,0.0,MS-HIDE,79,case57,0.2
True,26,-0.04,True,1,1,False,26,True,0.1714416009443669,0.004170132427441028,0.4733111510163849,250.89890630333684,307.62813815090345,0.0,MS-HIDE,80,case57,0.2
True,37,0.04,True,1,1,False,43,False,0.17144160112490886,0.0015616723772958884,0.5235455027679679,264.65281034470536,324.4649631436914,0.0,MS-HIDE,81,case57,0.2
True,26,-0.04,True,1,1,False,26,True,0.1714416009440448,0.004294157801586178,0.48534592057966813,266.21400629810523,332.4862423352897,0.0,MS-HIDE,82,case57,0.2
True,20,-0.04,True,2,2,False,19,False,0.1714416009440448,0.0019355620767611376,0.5119633022705685,261.2287582975114,321.15961458766833,0.0,MS-HIDE,83,case57,0.2
True,54,0.04,True,1,1,False,54,True,5.155068947629109e-10,0.0019102505312627886,0.6262483451748133,251.70240419975016,309.53547567769425,0.0,MS-HIDE,84,case57,0.2
True,31,0.04,True,2,2,False,31,True,0.016189380468018877,0.0019462592153766968,0.4062666140181333,272.7879188081715,332.46889314032165,0.0,MS-HIDE,85,case57,0.2
True,28,0.04,True,1,1,False,28,True,7.41781409242273e-10,0.0011222732831842792,0.36771703219518226,263.8889166060835,351.0699312551879,0.0,MS-HIDE,86,case57,0.2
True,26,-0.04,True,3,3,False,26,True,0.17144160094404481,0.004401647498336934,0.49941495125978913,265.986435348168,319.4831350818277,0.0,MS-HIDE,87,case57,0.2
True,17,-0.04,True,2,2,False,17,True,0.0027051424961965055,0.002556877856028296,0.4932810298523598,282.3122354981024,369.8818993434543,0.0,MS-HIDE,88,case57,0.2
True,55,-0.04,True,1,1,False,55,True,3.8671808797195125e-10,0.0008710260658895629,0.3691277953053025,257.94413754774723,306.2288208602695,0.0,MS-HIDE,89,case57,0.2
True,11,0.04,True,1,1,False,11,True,3.8671819781197475e-10,0.00036839150160813256,0.33447472646924326,263.7475812487537,318.49200389406184,0.0,MS-HIDE,90,case57,0.2
True,48,-0.04,True,2,2,False,48,True,1.9270009662524347e-09,0.0012947159987247543,0.3617495452810763,271.6968144988641,317.53826842177665,0.0,MS-HIDE,91,case57,0.2
True,50,-0.04,True,1,1,False,50,True,3.86718087971904e-10,0.0014815974620797803,0.43581486270728387,253.55263539531737,304.1541645419784,0.0,MS-HIDE,92,case57,0.2
True,53,-0.04,True,1,1,False,52,False,0.17144160094404476,0.0015311948621555076,0.3979418853992238,261.3308082567528,332.91911103588063,0.0,MS-HIDE,93,case57,0.2
True,43,0.04,True,1,1,False,43,True,0.1714416009878636,0.0015995053794962471,0.515687764096621,257.1425104542868,309.00229136168497,0.0,MS-HIDE,94,case57,0.2
True,40,-0.04,True,4,4,False,40,True,1.578599308773806e-09,0.00767032657516078,0.4330617113358029,254.53553535044193,311.4795645757113,0.0,MS-HIDE,95,case57,0.2
True,10,-0.04,True,1,1,False,10,True,3.8671819781197475e-10,0.0008020016223035871,0.3352066697295907,269.94323750259355,317.0564627944259,0.0,MS-HIDE,96,case57,0.2
True,14,0.04,True,2,2,False,14,True,3.867181978119751e-10,0.0013023726319397657,0.5103659107909215,269.17394585034344,339.3785669468343,0.0,MS-HIDE,97,case57,0.2
True,53,-0.04,True,1,1,False,53,True,0.17144160094404476,0.0015310264314820907,0.42662831695122316,274.1548334102845,336.7784527741606,0.0,MS-HIDE,98,case57,0.2
True,49,-0.04,True,3,3,False,49,True,4.311860079994638e-10,0.001613012942315386,0.4383276425295256,271.69735610077623,342.30630558740813,0.0,MS-HIDE,99,case57,0.2
True,56,0.04,True,1,1,False,38,False,0.17144160094404476,0.005094704795421053,0.5599861792284886,261.48879584798124,335.6982059252914,0.0,MS-HIDE,100,case57,0.2
True,17,-0.04,True,3,3,False,17,True,0.057178949713874355,0.00264043270065375,0.5141088686764019,264.43771040649153,330.88598367467057,0.0,MS-HIDE,101,case57,0.2
True,12,0.04,True,1,1,False,12,True,3.8671819781197475e-10,0.0002901152601130332,0.26767867149353447,254.63790609210264,306.81921013456304,0.0,MS-HIDE,102,case57,0.2
True,48,-0.04,True,1,1,False,48,True,3.867180879718739e-10,0.0013040352620220636,0.32832572647628533,262.43032084894367,304.0953961142805,0.0,MS-HIDE,103,case57,0.2
True,31,0.04,True,3,3,False,31,True,9.796363463669858e-05,0.0019444639144178893,0.39560720850835157,247.63697500166018,296.85263719584333,0.0,MS-HIDE,104,case57,0.2
True,31,0.04,True,2,2,False,31,True,0.06461815212465914,0.0020910618438490587,0.42668449895491334,266.2983937509125,315.5521020409651,0.0,MS-HIDE,105,case57,0.2
True,41,-0.04,True,1,1,False,41,True,4.971371193788535e-10,0.0006132213469478752,0.35814207161581235,266.0695874830708,349.44691522978246,0.0,MS-HIDE,106,case57,0.2
True,16,-0.04,False,20,20,False,0,False,0.46835637567386124,0.30047223194242567,0.5385968234660613,263.6152958031744,318.68178955919575,0.0,MS-HIDE,107,case57,0.2
True,20,0.04,True,4,4,False,20,True,0.1714416009440448,0.0019246523268972777,0.4916082452754659,257.08105000376236,308.1778791267425,0.0,MS-HIDE,108,case57,0.2
True,50,0.04,True,3,3,False,50,True,3.867180879718899e-10,0.001481597461880447,0.4449996810581873,273.1381708319532,337.80411664920393,0.0,MS-HIDE,109,case57,0.2
True,17,0.04,True,3,3,False,17,True,0.059339214276119656,0.0026939285116303895,0.4983454021665438,271.0980417992687,330.9711485460866,0.0,MS-HIDE,110,case57,0.2
True,41,0.04,True,1,1,False,41,True,3.867180879720722e-10,0.0006132213466798961,0.36083631961920365,275.64126045035664,337.75774970708886,0.0,MS-HIDE,111,case57,0.2
True,15,0.04,False,20,20,False,0,False,0.4563360351423834,0.3260592539731734,0.49787077606115804,256.852395797614,324.9721934087575,0.0,MS-HIDE,112,case57,0.2
True,12,-0.04,True,1,1,False,12,True,3.8671819781197475e-10,0.0002901152601130332,0.26767867149353447,265.65854170476086,327.0075690350495,0.0,MS-HIDE,113,case57,0.2
True,33,-0.04,False,20,20,False,33,True,6.746092944698078e-06,0.01419207123907469,0.43845501476350957,281.29340400046203,352.91386425087694,0.0,MS-HIDE,114,case57,0.2
True,8,0.04,True,1,1,False,8,True,3.8671819781197475e-10,0.00031778690141623654,0.34297535213523345,266.20869809703436,326.3393521105172,0.0,MS-HIDE,115,case57,0.2
True,16,-0.04,False,20,20,False,0,False,0.4473175120076333,0.32477669089883593,0.532700931509104,259.75728965422604,313.3449354209006,0.0,MS-HIDE,116,case57,0.2
True,46,-0.04,False,20,20,False,0,False,0.4955101375275109,0.30461138096040946,0.5305996800941457,252.61941664211918,305.57881730201194,0.0,MS-HIDE,117,case57,0.2
True,8,-0.04,True,1,1,False,8,True,3.8671819781197475e-10,0.0003177869002905102,0.33973415881590785,259.16022930759937,325.1927318808157,0.0,MS-HIDE,118,case57,0.2
True,20,0.04,True,1,1,False,19,False,0.1714416009440448,0.0018979897322699102,0.5162109047410692,267.711472910014,363.8564312801464,0.0,MS-HIDE,119,case57,0.2
True,52,-0.04,True,1,1,False,53,False,0.17144160094806618,0.0015309945628504576,0.4139771529512583,263.89709590002894,319.86438472813467,0.0,MS-HIDE,120,case57,0.2
True,9,-0.04,True,1,1,False,9,True,3.8671819781197475e-10,0.0047965004060637065,0.42955466844272855,264.79596465360373,341.71356220904283,0.0,MS-HIDE,121,case57,0.2
True,21,0.04,False,20,20,False,0,False,0.43043790307935836,0.33381160434597923,0.5584794935912294,265.352576947771,317.14082463004166,0.0,MS-HIDE,122,case57,0.2
True,43,0.04,True,1,1,False,37,False,0.17144160101983452,0.0015646596975933107,0.5235455027679679,264.6067520021461,337.1685089514358,0.0,MS-HIDE,123,case57,0.2
True,18,-0.04,True,3,3,False,18,True,0.0011014302194577309,0.004033724902442797,0.5185186726780753,265.63949386472814,351.44024763139896,0.0,MS-HIDE,124,case57,0.2
True,38,-0.04,True,6,6,False,38,True,0.1714416009440448,0.005094705343293447,0.53999052392977,274.8721353476867,357.29931043169927,0.0,MS-HIDE,125,case57,0.2
True,47,-0.04,False,20,20,False,0,False,0.4387602744919507,0.3311305026062316,0.5175358070323528,257.77376040350646,311.11447740986483,0.0,MS-HIDE,126,case57,0.2
True,51,-0.04,True,3,3,False,51,True,3.8671806051283153e-10,0.0042261532725715355,0.46032803016589585,264.01240201084875,332.4235579872039,0.0,MS-HIDE,127,case57,0.2
True,23,0.04,True,0,0,False,0,False,0.4432326227593898,0.3315194236780821,0.5415493809120452,263.160849941778,357.85129971918656,0.0,MS-HIDE,128,case57,0.2
True,40,0.04,True,4,4,False,40,True,2.250916889414603e-09,0.007666737984726037,0.4275019377412009,264.3210875132354,324.14290209126193,0.0,MS-HIDE,129,case57,0.2
True,20,-0.04,True,1,1,False,19,False,0.1714416009440448,0.0019298787656108463,0.5339937369054581,265.34483959549107,329.7632878442528,0.0,MS-HIDE,130,case57,0.2
True,51,-0.04,True,3,3,False,51,True,3.9428448653129865e-10,0.004226153271469493,0.4551931506102621,265.76610829797573,347.13133156183176,0.0,MS-HIDE,131,case57,0.2
True,26,0.04,True,2,2,False,26,True,0.1714416009455284,0.004171035283122962,0.4783305532481078,273.3040332532255,377.0950223028194,0.0,MS-HIDE,132,case57,0.2
True,43,-0.04,True,1,1,False,37,False,0.17144160098664146,0.0015995233175707768,0.524304653457632,269.02436881209724,327.2256586584263,0.0,MS-HIDE,133,case57,0.2
True,54,-0.04,True,1,1,False,54,True,0.00012828311365514633,0.0019109248969299928,0.6505739537996884,279.8527792620007,367.9673600941897,0.0,MS-HIDE,134,case57,0.2
True,32,0.04,False,20,20,False,0,False,0.4564893229369783,0.32588837443563,0.5267474750175475,265.11397709837183,339.1901684633922,0.0,MS-HIDE,135,case57,0.2
True,47,0.04,False,20,20,False,0,False,0.4484144971829422,0.3262035608643893,0.5364424251729613,260.8788021025248,336.81623154552653,0.0,MS-HIDE,136,case57,0.2
True,51,0.04,True,2,2,False,51,True,3.9061820381776804e-10,0.0042261532771598435,0.45601791821567433,267.63915839546826,338.4960628231056,0.0,MS-HIDE,137,case57,0.2
True,53,0.04,True,1,1,False,52,False,0.1714416009471947,0.0015269549808240301,0.4275270205025636,261.383274954278,315.7494104554644,0.0,MS-HIDE,138,case57,0.2
True,54,0.04,True,1,1,False,54,True,5.002468686276088e-10,0.0019103072338189464,0.631111643767361,276.1251562013058,333.47444433602504,0.0,MS-HIDE,139,case57,0.2
True,20,0.04,True,2,2,False,20,True,0.1714416009440448,0.0018972567506020106,0.5262523287972165,272.6514915993903,316.0714746889426,0.0,MS-HIDE,140,case57,0.2
True,52,0.04,True,1,1,False,53,False,0.17144160094404476,0.0015308550477026173,0.42352880946958726,272.17449989984743,344.99809652916156,0.0,MS-HIDE,141,case57,0.2
True,10,0.04,True,1,1,False,10,True,3.8671819781197475e-10,0.0008020016223191906,0.3474602802169151,249.47400841338094,328.07622085965704,0.0,MS-HIDE,142,case57,0.2
True,12,-0.04,True,1,1,False,12,True,3.8671819781197475e-10,0.00029011526073611187,0.2653729852052923,254.07362499972808,310.9351670223987,0.0,MS-HIDE,143,case57,0.2
True,10,0.04,True,1,1,False,10,True,3.8671819781197475e-10,0.0008020016222398245,0.33973415881590785,262.4431521981023,337.1129568753531,0.0,MS-HIDE,144,case57,0.2
True,11,-0.04,True,1,1,False,11,True,3.8671819781197475e-10,0.0003683915010502192,0.3474602802169151,268.9700208429713,332.82176284410525,0.0,MS-HIDE,145,case57,0.2
True,25,-0.04,True,1,1,False,25,True,0.1714416009440448,0.004211979696394249,0.46029700871403323,273.4760438062949,393.9980211871444,0.0,MS-HIDE,146,case57,0.2
True,36,0.04,True,1,1,False,36,True,3.8822590580792945e-10,0.0007148334762483374,0.38202360117453416,270.47027305234224,339.1896378452657,0.0,MS-HIDE,147,case57,0.2
True,44,-0.04,True,1,1,False,44,True,3.8671806051239954e-10,0.003792771265538183,0.5189710880361614,279.5353229477769,380.82142671628395,0.0,MS-HIDE,148,case57,0.2
True,24,0.04,True,1,1,False,24,True,0.1714423287887693,0.002072505912684838,0.6763462965917044,259.9893291568151,316.92092979792506,0.0,MS-HIDE,149,case57,0.2
True,3,0.04,True,2,2,False,3,True,3.8671819781197475e-10,0.0010234120716261467,0.467998468106696,273.2529188418994,388.4693854372017,0.0,MS-HIDE,150,case57,0.2
True,42,0.04,True,2,2,False,42,True,3.8671808797186145e-10,0.002095484531265195,0.5666705191444084,260.45956244634,326.1298042169074,0.0,MS-HIDE,151,case57,0.2
True,23,0.04,False,20,20,False,0,False,0.47106110574756216,0.32095741710118353,0.5113677755323616,246.71613124373835,305.57935180549975,0.0,MS-HIDE,152,case57,0.2
True,45,0.04,True,1,1,False,45,True,3.8671808797186145e-10,0.0023695424059910247,0.501760506432359,250.87238564155996,296.6836913343286,0.0,MS-HIDE,153,case57,0.2
True,24,-0.04,True,1,1,False,24,True,0.17144160098777836,0.0020725055589873613,0.6648720701158886,269.05512305093,329.1170395648806,0.0,MS-HIDE,154,case57,0.2
True,22,-0.04,False,20,20,False,0,False,0.46537225419491524,0.3172214090739813,0.5647239430375159,267.66796254960354,317.87177085352596,0.0,MS-HIDE,155,case57,0.2
True,23,0.04,False,20,20,False,0,False,0.43111703259872064,0.33220449215086123,0.5428740670751778,267.1394102508202,323.79684166808147,0.0,MS-HIDE,156,case57,0.2
True,54,0.04,True,1,1,False,54,True,5.219511281831328e-10,0.0019102570987504686,0.6506975891650434,272.1401001501363,351.13937289861497,0.0,MS-HIDE,157,case57,0.2
True,33,-0.04,False,20,20,False,33,True,9.53850379507471e-06,0.014188534087994857,0.44949263887940516,269.5061583974166,321.11986008821987,0.0,MS-HIDE,158,case57,0.2
True,39,-0.04,True,3,3,False,39,True,3.867180879718745e-10,0.0036474741921080083,0.516396185381869,273.8811084505869,361.0369437694317,0.0,MS-HIDE,159,case57,0.2
True,13,0.04,True,1,1,False,13,True,3.8671819781197475e-10,0.0003368264113194662,0.26113239847157566,255.53967084269968,309.1692062007496,0.0,MS-HIDE,160,case57,0.2
True,38,0.04,True,2,2,False,56,False,0.17144160094404476,0.0050947047969262015,0.5650046052672695,263.3651729556732,334.2375124891987,0.0,MS-HIDE,161,case57,0.2
True,35,0.04,True,1,1,False,35,True,3.8671808797186145e-10,0.0009331971386629313,0.31663254584321787,259.1842124471441,308.93765825894667,0.0,MS-HIDE,162,case57,0.2
True,26,-0.04,True,2,2,False,25,False,0.1714416009440448,0.00419887983323458,0.4536204068387984,261.826447994099,351.3579434744315,0.0,MS-HIDE,163,case57,0.2
True,1,0.04,False,20,20,False,1,True,3.395197732012736e-06,0.02566347468161038,0.5012856866353794,259.57323125039693,359.78160830854904,0.0,MS-HIDE,164,case57,0.2
True,49,-0.04,True,1,1,False,49,True,5.329664735276737e-10,0.0016130129428111818,0.439761999905571,265.0589145021513,314.1440170293208,0.0,MS-HIDE,165,case57,0.2
True,40,0.04,True,8,8,False,40,True,1.4270070888096156e-09,0.007717830402944258,0.47134291629676484,263.0121061927639,323.92528327472974,0.0,MS-HIDE,166,case57,0.2
True,40,0.04,True,4,4,False,40,True,3.6148212523381337e-09,0.0077093990313560476,0.4873571309602685,269.25604180432856,337.4260985263391,0.0,MS-HIDE,167,case57,0.2
True,28,0.04,True,1,1,False,28,True,7.456656602159648e-10,0.0011222732833946316,0.36100122202338636,286.80206240387633,344.45616843295284,0.0,MS-HIDE,168,case57,0.2
True,38,0.04,True,4,4,False,56,False,0.1714416009440448,0.005094704826776827,0.5684784703816108,261.2870978482533,324.9381222674856,0.0,MS-HIDE,169,case57,0.2
True,27,0.04,True,1,1,False,27,True,4.840813808584865e-10,0.0011746647104719941,0.37149779022309054,257.83113139041234,305.15692560293246,0.0,MS-HIDE,170,case57,0.2
True,30,-0.04,True,2,2,False,30,True,0.10545805230110795,0.002078462469381748,0.4437125637969468,274.58851659321226,322.72810030553956,0.0,MS-HIDE,171,case57,0.2
True,31,-0.04,True,1,1,False,31,True,0.010025375391542666,0.0019454649022110286,0.3984037759561292,268.8893395505147,337.16038783895783,0.0,MS-HIDE,172,case57,0.2
True,27,0.04,True,2,2,False,27,True,5.900592533424112e-10,0.001174664711131454,0.35015792288964526,258.18398329720367,315.16116426209925,0.0,MS-HIDE,173,case57,0.2
True,51,0.04,True,2,2,False,51,True,4.0487379803273485e-10,0.004226153272313457,0.45719964456765905,260.072625009343,317.70340801158454,0.0,MS-HIDE,174,case57,0.2
True,28,0.04,True,1,1,False,28,True,2.4073420908345786e-09,0.0011222732841677794,0.3657885737994988,261.4023249479942,311.73533540568314,0.0,MS-HIDE,175,case57,0.2
True,33,-0.04,True,12,12,False,33,True,1.6804421722861524e-05,0.014174914722827284,0.4458096203083966,268.2520875096088,343.8025170180481,0.0,MS-HIDE,176,case57,0.2
True,20,-0.04,True,1,1,False,19,False,0.1714416009440448,0.001929439989126369,0.5329011622632707,269.9641292972956,344.1286878398387,0.0,MS-HIDE,177,case57,0.2
True,5,0.04,True,2,2,False,5,True,3.8671819781202387e-10,0.001203245862630475,0.5049593358282493,264.1163395514013,328.3634735911619,0.0,MS-HIDE,178,case57,0.2
True,38,0.04,True,2,2,False,56,False,0.1714416009440448,0.00509470481780674,0.5562383286238389,218.31554170348682,278.5929231904447,0.0,MS-HIDE,179,case57,0.2
True,52,-0.04,True,1,1,False,53,False,0.1714416009440448,0.0015842628906112422,0.42382447306804943,267.5001312047243,356.3686660287204,0.0,MS-HIDE,180,case57,0.2
True,48,0.04,True,2,2,False,48,True,3.8671806051185184e-10,0.0011526724596241213,0.40086187338681,249.98957909992896,306.44624823180493,0.0,MS-HIDE,181,case57,0.2
True,32,-0.04,False,20,20,False,0,False,0.43321641666957306,0.3350287187727089,0.540946508481356,264.3629499041708,341.42887432535645,0.0,MS-HIDE,182,case57,0.2
True,48,0.04,True,2,2,False,48,True,3.86718087971992e-10,0.0011454617973227766,0.4197652483130932,248.94298125582282,322.1248455171008,0.0,MS-HIDE,183,case57,0.2
True,48,0.04,True,2,2,False,48,True,3.8671806051191616e-10,0.0013040373246509412,0.3374782770468724,168.80277300369926,223.42388270189986,0.0,MS-HIDE,184,case57,0.2
True,5,0.04,True,1,1,False,5,True,3.8671819781198163e-10,0.0009841693908282086,0.48961744465742035,276.85666890174616,351.88258365378715,0.0,MS-HIDE,185,case57,0.2
True,41,0.04,True,1,1,False,41,True,3.8671806051220143e-10,0.0006132213467242946,0.3610713665025487,223.99370200000703,281.5631187579129,0.0,MS-HIDE,186,case57,0.2
True,29,-0.04,True,2,2,False,29,True,0.1714416010007864,0.0020725055588738375,0.6699656937880678,272.66050220059697,328.94792919396434,0.0,MS-HIDE,187,case57,0.2
True,10,-0.04,True,1,1,False,10,True,3.8671819781197475e-10,0.0008020016223542866,0.34327272238661666,218.3168270479655,271.60609995771665,0.0,MS-HIDE,188,case57,0.2
True,13,0.04,True,1,1,False,13,True,3.8671819781197475e-10,0.00033682641069362383,0.2709990034890693,129.74771030421834,174.5742062747013,0.0,MS-HIDE,189,case57,0.2
True,7,-0.04,False,20,20,False,7,True,3.893344121335037e-10,0.013716347608039673,0.523445811944385,276.47791024355683,366.11417498497764,0.0,MS-HIDE,190,case57,0.2
True,34,-0.04,True,2,2,False,34,True,3.867180879719136e-10,0.002117894192735287,0.4753137398120853,188.98016445164103,254.49024551780897,0.0,MS-HIDE,191,case57,0.2
True,23,-0.04,False,20,20,False,0,False,0.4428043398056237,0.3261389251882641,0.545145707993274,259.05214789672755,354.4591170066269,0.0,MS-HIDE,192,case57,0.2
True,22,-0.04,False,20,20,False,0,False,0.45114128274613613,0.328970056405274,0.5391461321941392,182.79263956064824,227.86940025980584,0.0,MS-HIDE,193,case57,0.2
True,53,-0.04,True,1,1,False,52,False,0.17144160094404476,0.0015868725676432382,0.43734482484769577,102.5622352521168,129.3985729396809,0.0,MS-HIDE,194,case57,0.2
True,40,0.04,True,1,1,False,40,True,1.8663938326315346e-09,0.007667857943863228,0.4755122533243266,216.98483345098794,259.2771750234533,0.0,MS-HIDE,195,case57,0.2
True,4,-0.04,False,20,20,False,0,False,0.42394042195475323,0.3334019073420679,0.5585842373202626,129.14574580208864,174.77188750635833,0.0,MS-HIDE,196,case57,0.2
True,23,0.04,False,20,20,False,0,False,0.42597598775778406,0.3364857858887557,0.5322417233587027,213.79649785230868,270.24144585302565,0.0,MS-HIDE,197,case57,0.2
True,17,0.04,True,2,2,False,17,True,8.594802329052917e-05,0.0026029462440104027,0.46703673511153726,135.06327925424557,169.45072886301207,0.0,MS-HIDE,198,case57,0.2
True,28,0.04,True,1,1,False,28,True,4.580498687393698e-10,0.001122273282748972,0.36520617514282594,79.20748323958833,86.73944371985272,0.0,MS-HIDE,199,case57,0.2
True,26,-0.04,True,2,2,False,26,True,0.1714416011036989,0.00861165363209332,0.6946651679887632,1.9786436983849853,2.243132729199715,0.0,RHMTD,0,case57,0.2
True,49,-0.04,True,1,1,False,49,True,3.867180879722141e-10,0.003281377041758706,0.7031763863922,3.4298251441214234,6.355727362097241,0.0,RHMTD,1,case57,0.2
True,53,-0.04,True,1,1,False,53,True,0.17144160094556185,0.0038227468800116453,0.7061114305861951,3.8626475929049775,6.959360418841245,0.0,RHMTD,2,case57,0.2
True,37,0.04,True,1,1,False,37,True,0.1714416009440448,0.0025123811158494387,0.6963739639653085,4.114395845681429,10.32244138186798,0.0,RHMTD,3,case57,0.2
True,46,0.04,True,17,17,False,0,False,0.43733174930649493,0.32960821630805615,0.6946312741064754,4.568262438988313,9.32914644945413,0.0,RHMTD,4,case57,0.2
True,17,0.04,False,20,20,False,17,True,0.0963424641176704,0.04466210181513056,0.6998393279171573,1.97063539235387,2.23887114552781,0.0,RHMTD,5,case57,0.2
True,24,0.04,True,1,1,False,29,False,0.17144160096374994,0.013931570892921175,0.6929940233908594,4.5981979463249445,12.88272470992525,0.0,RHMTD,6,case57,0.2
True,3,0.04,True,3,3,False,3,True,3.8671819781197475e-10,0.005504218492867223,0.6977877947654327,4.184414594783448,10.49319820012898,0.0,RHMTD,7,case57,0.2
True,8,-0.04,True,1,1,False,8,True,3.8671819781197475e-10,0.00033345882170102213,0.7050455676820152,5.088197946315631,13.826496401452472,0.0,RHMTD,8,case57,0.2
True,22,0.04,False,20,20,False,0,False,0.5525372648204315,0.2640262829070227,0.6976274094521628,3.5602020449005067,6.48204786120914,0.0,RHMTD,9,case57,0.2
True,29,-0.04,True,3,3,False,29,True,0.17144160094671976,0.01023752167174569,0.6955706455796734,2.02607705432456,2.522575043258257,0.0,RHMTD,10,case57,0.2
True,28,-0.04,True,1,1,False,28,True,3.867181428919194e-10,0.00415274446920808,0.6906948533828214,3.2157521520275623,6.9017643079860145,0.0,RHMTD,11,case57,0.2
True,8,0.04,True,1,1,False,8,True,3.8671819781197475e-10,0.00048432174357702424,0.6983076530817569,3.588016692083329,9.55703751242254,0.0,RHMTD,12,case57,0.2
True,28,-0.04,True,1,1,False,28,True,3.867181428919181e-10,0.0011951786331795642,0.6980451085632124,4.604168693185784,9.816495879204012,0.0,RHMTD,13,case57,0.2
True,22,0.04,False,20,20,False,0,False,0.4697075656650588,0.30429006142578235,0.6999195205737923,4.429345749667846,8.756597875617445,0.0,RHMTD,14,case57,0.2
True,26,0.04,True,6,6,False,25,False,0.1714416009440448,0.005583931531383605,0.7029138418736557,2.059118601027876,2.5348264316562563,0.0,RHMTD,15,case57,0.2
True,40,-0.04,True,14,14,False,40,True,8.328074443461015e-10,0.012903969525064464,0.6989696876590645,4.3438708438770846,12.449597599334085,0.0,RHMTD,16,case57,0.2
True,1,-0.04,False,20,20,False,1,True,0.00013316599367868464,0.03789270770601047,0.6959342983056191,3.614706202642992,7.456514300429262,0.0,RHMTD,17,case57,0.2
True,37,-0.04,True,1,1,False,43,False,0.1714416009440448,0.0030482838595780586,0.6993944315367031,3.3176604949403554,3.6776026885490936,0.0,RHMTD,18,case57,0.2
True,42,-0.04,True,1,1,False,42,True,3.8671808797186145e-10,0.004456267902095131,0.7018636637994773,3.7081103917444125,7.956783642293887,0.0,RHMTD,19,case57,0.2
True,32,0.04,False,20,20,False,0,False,0.41198817501255136,0.3353330862143549,0.7002570270282067,2.0654480991652235,2.4166642921045423,0.0,RHMTD,20,case57,0.2
True,20,0.04,True,1,1,False,19,False,0.1714416009440448,0.002646422470825393,0.7010446605838406,4.341337489313446,6.5979250357486485,0.0,RHMTD,21,case57,0.2
True,46,0.04,False,20,20,False,0,False,0.4209556363788681,0.3331121146868769,0.7050455676820151,3.603799850679934,7.942249655025082,0.0,RHMTD,22,case57,0.2
True,42,0.04,True,3,3,False,42,True,3.8671808797186166e-10,0.005703135215905833,0.6967968937971228,4.679824996856041,8.823983350885117,0.0,RHMTD,23,case57,0.2
True,56,-0.04,True,1,1,False,56,True,0.1714416009440448,0.015685256922112645,0.7034389309107447,5.284783354727551,11.551214262726734,0.0,RHMTD,24,case57,0.2
True,53,0.04,True,1,1,False,53,True,0.1714416009440448,0.0034826215033759316,0.6932174433063512,3.843243748997338,8.76200624916237,0.0,RHMTD,25,case57,0.2
True,48,0.04,True,2,2,False,48,True,3.8671808797186145e-10,0.0050234038901803115,0.6994537086425714,3.3107813476817682,5.7711708155693495,0.0,RHMTD,26,case57,0.2
True,24,-0.04,True,4,4,False,24,True,0.171441601223168,0.006552376491182677,0.6989286196054825,4.93046460323967,7.91543511732018,0.0,RHMTD,27,case57,0.2
True,20,0.04,True,1,1,False,20,True,0.1714416009440448,0.002218309889431022,0.7001977499223384,3.6928812449332327,6.520718729007062,0.0,RHMTD,28,case57,0.2
True,34,-0.04,True,2,2,False,34,True,3.867180605147919e-10,0.012075042128802217,0.6985911131510678,4.488889483036473,9.718795807566503,0.0,RHMTD,29,case57,0.2
True,11,-0.04,True,1,1,False,11,True,3.8671819781197475e-10,0.0007519078100424372,0.7015854344509314,3.6830811528488994,9.199485066346826,0.0,RHMTD,30,case57,0.2
True,38,0.04,True,4,4,False,38,True,0.17144160094404476,0.016301881786840475,0.697600212182758,3.5943167546065524,5.913919076556343,0.0,RHMTD,31,case57,0.2
True,32,0.04,False,20,20,False,0,False,0.44621436316934854,0.32605971814697243,0.6909906030593058,5.554506205953658,24.82282708806452,0.0,RHMTD,32,case57,0.2
True,15,-0.04,False,20,20,False,0,False,0.42203445398062417,0.32739132091313305,0.701060345413842,3.57263543701265,5.81300767953508,0.0,RHMTD,33,case57,0.2
True,36,0.04,True,1,1,False,36,True,3.8671808797186145e-10,0.0014191996864771964,0.7026512973551109,3.3752457035006955,3.8099607307231125,0.0,RHMTD,34,case57,0.2
True,26,0.04,True,2,2,False,25,False,0.1714416009440448,0.004497943165650443,0.6970594383156674,4.365068837068975,12.489656565594494,0.0,RHMTD,35,case57,0.2
True,28,0.04,True,1,1,False,28,True,3.867181428919181e-10,0.0032984013201675486,0.7058488860676505,4.108372697373852,7.589077387820006,0.0,RHMTD,36,case57,0.2
True,3,0.04,True,1,1,False,3,True,3.8671817035200247e-10,0.00379889617110106,0.6956508382363082,6.705064603011124,33.541249696281746,0.0,RHMTD,37,case57,0.2
True,6,0.04,True,1,1,False,6,True,3.867181978119748e-10,0.005854215555235341,0.6988536576696125,5.437466749572195,11.189185449620721,0.0,RHMTD,38,case57,0.2
True,51,-0.04,False,20,20,False,51,True,3.8671808797355976e-10,0.012065364435849218,0.695650838236308,4.9239980056881905,12.566151813371109,0.0,RHMTD,39,case57,0.2
True,17,0.04,True,9,9,False,17,True,0.010102875612706171,0.028329465017252094,0.7026512973551109,3.6204916512360796,6.025083627901044,0.0,RHMTD,40,case57,0.2
True,49,-0.04,True,1,1,False,49,True,3.867180879718678e-10,0.0032466926670628566,0.6962971879836142,4.21687290945556,9.639212823822168,0.0,RHMTD,41,case57,0.2
True,19,-0.04,True,1,1,False,20,False,0.1714416009440448,0.002165228937176241,0.7013228899323865,3.291937499307096,5.251841389690527,0.0,RHMTD,42,case57,0.2
True,31,0.04,True,1,1,False,31,True,0.06054970480114908,0.0045634479253937104,0.6991109714673922,5.781012497027405,11.835253814933823,0.0,RHMTD,43,case57,0.2
True,55,0.04,True,1,1,False,55,True,3.8671808797186145e-10,0.000909979385986072,0.7012479279965167,4.344189708353952,10.23489826184232,0.0,RHMTD,44,case57,0.2
True,2,0.04,True,1,1,False,2,True,3.8671819781197475e-10,0.004189507288593304,0.7005195715467514,4.532908360124566,12.418260728009047,0.0,RHMTD,45,case57,0.2
True,34,-0.04,True,1,1,False,34,True,3.867180879718616e-10,0.003461424297709731,0.7009853834779722,4.029562548385002,6.621341331629093,0.0,RHMTD,46,case57,0.2
True,14,-0.04,True,1,1,False,14,True,3.8671819781197475e-10,0.001323266488640775,0.6966626547553845,3.500360346515663,6.329843771527524,0.0,RHMTD,47,case57,0.2
True,1,0.04,False,20,20,False,1,True,0.0010627934832749201,0.04083454419096699,0.7028388799377856,4.469362707459368,10.932337856502278,0.0,RHMTD,48,case57,0.2
True,34,-0.04,True,1,1,False,34,True,3.86718087971872e-10,0.004792429906124248,0.7002570270282068,3.459097907762043,4.05447261582595,0.0,RHMTD,49,case57,0.2
True,40,-0.04,False,20,20,False,40,True,3.867180879722365e-10,0.009140534772384502,0.6980451085632122,3.336374947684817,4.090220842044805,0.0,RHMTD,50,case57,0.2
True,27,-0.04,True,1,1,False,27,True,3.867181428919181e-10,0.0020455978953501388,0.6993735159859367,3.3524623984703794,6.180433300323785,0.0,RHMTD,51,case57,0.2
True,44,-0.04,True,9,9,False,44,True,5.806252302776683e-10,0.019624376056454652,0.7029138418736556,3.5570833540987223,5.140649696113548,0.0,RHMTD,52,case57,0.2
True,1,0.04,False,20,20,False,1,True,0.012749620907804033,0.046620286802406985,0.7029138418736556,4.617889644578099,8.473275005235354,0.0,RHMTD,53,case57,0.2
True,20,-0.04,True,1,1,False,19,False,0.17144160094569888,0.0030112691647668686,0.702651297355111,3.1663040834246203,4.490399351925589,0.0,RHMTD,54,case57,0.2
True,41,-0.04,True,1,1,False,41,True,3.8671808797186145e-10,0.0006444644135611347,0.7007978008952975,3.153112405561842,6.056328871636652,0.0,RHMTD,55,case57,0.2
True,25,0.04,True,4,4,False,26,False,0.1714416009440448,0.013396965688027626,0.7047830231634706,3.6841417488176376,6.618361893924889,0.0,RHMTD,56,case57,0.2
True,33,0.04,False,20,20,False,29,False,0.40140367576010366,0.029082588058391968,0.7029138418736556,4.238029252155684,6.378580987802723,0.0,RHMTD,57,case57,0.2
True,42,-0.04,True,2,2,False,42,True,3.8671808797186145e-10,0.008736519095856725,0.6994537086425716,5.882295750780031,24.820614585769377,0.0,RHMTD,58,case57,0.2
True,21,0.04,False,20,20,False,0,False,0.44328093198707114,0.32435050790900416,0.7085057009130991,3.9352959458483383,7.760698552010586,0.0,RHMTD,59,case57,0.2
True,36,-0.04,True,1,1,False,36,True,3.867181154318936e-10,0.002500340267743316,0.7045047938149245,4.267577000427991,9.815374974277804,0.0,RHMTD,60,case57,0.2
True,46,0.04,False,20,20,False,0,False,0.4529430793416925,0.3202958730341349,0.6990360095315222,3.338581242132932,5.4391232464695385,0.0,RHMTD,61,case57,0.2
True,56,0.04,True,7,7,False,38,False,0.17144160095814295,0.01714084587565532,0.6942683844284803,4.634883347898722,12.61393710155972,0.0,RHMTD,62,case57,0.2
True,8,-0.04,True,1,1,False,8,True,3.8671819781197475e-10,0.00048768484218572296,0.7007821160652958,3.4258834464708343,5.249681914574473,0.0,RHMTD,63,case57,0.2
True,2,0.04,True,1,1,False,2,True,3.8671819781197475e-10,0.002697599377667113,0.6916909991917157,3.3071062032831833,4.938338932697663,0.0,RHMTD,64,case57,0.2
True,43,0.04,True,1,1,False,37,False,0.1714416009440448,0.003075060993453365,0.6961759272733972,4.500977098359726,10.474258655449377,0.0,RHMTD,65,case57,0.2
True,11,0.04,True,1,1,False,11,True,3.8671819781197475e-10,0.0007549391434555541,0.6943224308135836,3.33026664739009,4.829568121931518,0.0,RHMTD,66,case57,0.2
True,7,0.04,False,20,20,False,7,True,5.028533724899651e-06,0.017625488076428473,0.7029138418736556,3.3178562589455396,4.893391358200464,0.0,RHMTD,67,case57,0.2
True,7,-0.04,False,20,20,False,7,True,3.8991448572606727e-10,0.017211747670243936,0.7020303308313853,4.094983247341588,8.644523253315128,0.0,RHMTD,68,case57,0.2
True,51,-0.04,True,5,5,False,51,True,3.8671806051933493e-10,0.012579756742113028,0.6956508382363082,3.8450793537776917,8.722300617955629,0.0,RHMTD,69,case57,0.2
True,12,-0.04,True,1,1,False,12,True,3.8671819781197475e-10,0.00017715035484214208,0.6966417392046179,4.228162494837306,8.830924658104777,0.0,RHMTD,70,case57,0.2
True,17,-0.04,True,8,8,False,18,False,0.12961366033322422,0.011847929589866937,0.6989286196054825,4.9144002550747246,13.742371136322625,0.0,RHMTD,71,case57,0.2
True,35,0.04,True,1,1,False,35,True,3.867180879719831e-10,0.0027807177397786266,0.696716701140488,3.9408791984897102,10.709949364536442,0.0,RHMTD,72,case57,0.2
True,37,0.04,True,1,1,False,37,True,0.1714416009440448,0.0030476406334949465,0.7002570270282069,3.8872437842655927,10.222685674671087,0.0,RHMTD,73,case57,0.2
True,11,0.04,True,1,1,False,11,True,3.8671819781197475e-10,0.0006343916925124052,0.6961759272733974,3.985966701293364,8.77467497775797,0.0,RHMTD,74,case57,0.2
True,43,-0.04,True,1,1,False,37,False,0.1714416009440448,0.002484189101779918,0.6976002121827581,5.1141124131390825,10.908520864904867,0.0,RHMTD,75,case57,0.2
True,39,0.04,True,7,7,False,39,True,3.8671808797186197e-10,0.008465075337879253,0.6964052666340019,3.860820649424568,8.146812167251483,0.0,RHMTD,76,case57,0.2
True,41,-0.04,True,1,1,False,41,True,3.8671808797186306e-10,0.0007015276598169328,0.6945517701741885,6.528518599225208,12.992452015169,0.0,RHMTD,77,case57,0.2
True,11,-0.04,True,1,1,False,11,True,3.8671819781197475e-10,0.0007444192512089295,0.6901488487949661,4.063548005069606,10.471339919604363,0.0,RHMTD,78,case57,0.2
True,24,0.04,True,3,3,False,24,True,0.1714416009440448,0.0027632957737087327,0.7010603454138419,5.4419623978901654,14.407537467195656,0.0,RHMTD,79,case57,0.2
True,26,-0.04,True,4,4,False,26,True,0.1714416009440448,0.004647520314067025,0.7002570270282069,3.446999948937446,4.9773059319704815,0.0,RHMTD,80,case57,0.2
True,37,0.04,True,1,1,False,37,True,0.1714416009440448,0.003050991714271013,0.7023887528365664,4.434866746305488,5.3189190919511224,0.0,RHMTD,81,case57,0.2
True,26,-0.04,True,1,1,False,26,True,0.1714416009440448,0.00493291936660401,0.6910446494444095,6.232687598094344,13.403623586054914,0.0,RHMTD,82,case57,0.2
True,20,-0.04,True,1,1,False,19,False,0.1714416009440448,0.0022119370141909086,0.7037171602592909,5.293397890636697,10.254708936554396,0.0,RHMTD,83,case57,0.2
True,54,0.04,True,1,1,False,54,True,3.8671808797186145e-10,0.002513881460439988,0.7021105234880205,3.9284250000491734,9.584314908715896,0.0,RHMTD,84,case57,0.2
True,31,0.04,True,1,1,False,31,True,0.03333492015406139,0.005060684683135394,0.7037171602592907,3.5089499986497685,6.425681521068327,0.0,RHMTD,85,case57,0.2
True,28,0.04,True,1,1,False,28,True,3.867181428919181e-10,0.0010892287081273853,0.696716701140488,4.814106193953194,9.79864730325063,0.0,RHMTD,86,case57,0.2
True,26,-0.04,True,1,1,False,25,False,0.1714416009440448,0.00479289266707891,0.6989286196054824,5.087602150160819,11.055618766113184,0.0,RHMTD,87,case57,0.2
True,17,-0.04,True,11,11,False,17,True,0.16102450659082904,0.03210814152834916,0.6932617986301688,4.333958294591866,9.814282716251917,0.0,RHMTD,88,case57,0.2
True,55,-0.04,True,1,1,False,55,True,3.8671808797186145e-10,0.0009827130280797,0.7010446605838405,3.006197852664627,3.524688983452508,0.0,RHMTD,89,case57,0.2
True,11,0.04,True,1,1,False,11,True,3.8671819781197475e-10,0.00033090370700178504,0.7032174544457823,3.314935404341668,5.329348210943864,0.0,RHMTD,90,case57,0.2
True,48,-0.04,True,1,1,False,48,True,3.8671808797186145e-10,0.005190688936746467,0.6970751231456689,3.0864792002830654,3.9031190448440625,0.0,RHMTD,91,case57,0.2
True,50,-0.04,True,2,2,False,50,True,3.867180879718616e-10,0.0032428842784969747,0.701060345413842,3.0872126546455547,3.819998257677072,0.0,RHMTD,92,case57,0.2
True,53,-0.04,True,2,2,False,52,False,0.17144160094656336,0.003025802973397828,0.7018479789694758,3.6099770513828844,6.1043122084811365,0.0,RHMTD,93,case57,0.2
True,43,0.04,True,1,1,False,37,False,0.1714416009440448,0.0030274762239694457,0.697600212182758,6.673883451730944,26.810361031675725,0.0,RHMTD,94,case57,0.2
True,40,-0.04,True,4,4,False,40,True,3.8671808797202167e-10,0.008930250048495325,0.6975043346961217,4.214197851251811,9.17244411248249,0.0,RHMTD,95,case57,0.2
True,10,-0.04,True,1,1,False,10,True,3.8671819781197475e-10,0.0013617505397178896,0.702051246382152,4.7708103084005415,9.465418406762199,0.0,RHMTD,96,case57,0.2
True,14,0.04,True,2,2,False,14,True,3.8671819781209537e-10,0.004573866699459372,0.6994537086425714,3.4542626002803445,8.398352426593192,0.0,RHMTD,97,case57,0.2
True,53,-0.04,True,2,2,False,52,False,0.17144160094662061,0.006848354508485411,0.7007821160652961,3.947193754720501,9.828554480918687,0.0,RHMTD,98,case57,0.2
True,49,-0.04,True,3,3,False,49,True,3.8671806051189315e-10,0.003578470073416872,0.6983285686325233,2.903633302776143,3.1855889712460344,0.0,RHMTD,99,case57,0.2
True,56,0.04,True,13,13,False,38,False,0.17144160097333805,0.01608174056987891,0.7013228899323868,3.829035398666747,8.08286731189583,0.0,RHMTD,100,case57,0.2
True,17,-0.04,True,12,12,False,17,True,0.1713273965115745,0.01235019847191203,0.7047830231634707,4.435033196932636,8.848958276212217,0.0,RHMTD,101,case57,0.2
True,12,0.04,True,1,1,False,12,True,3.8671819781197475e-10,0.00017723885031653978,0.7015854344509311,4.973995892214589,9.460458642570316,0.0,RHMTD,102,case57,0.2
True,48,-0.04,True,2,2,False,48,True,3.8671808797186145e-10,0.006132808596079809,0.6982536066966536,3.2108437997521833,4.10191812552512,0.0,RHMTD,103,case57,0.2
True,31,0.04,True,3,3,False,31,True,0.028113243669896572,0.004544924341758429,0.7021262083180217,5.472070962423459,11.937488161493114,0.0,RHMTD,104,case57,0.2
True,31,0.04,True,2,2,False,30,False,0.1657387933935579,0.004562369160577248,0.7001820650923368,5.127064400585368,11.449549661483621,0.0,RHMTD,105,case57,0.2
True,41,-0.04,True,1,1,False,41,True,3.867180605118366e-10,0.0006805799868046133,0.7012479279965167,4.381929145893082,10.794018793967552,0.0,RHMTD,106,case57,0.2
True,16,-0.04,False,20,20,False,16,True,0.18454068109323712,0.11762656888448532,0.6963791946860736,4.497887543402612,7.749045750824751,0.0,RHMTD,107,case57,0.2
True,20,0.04,True,1,1,False,20,True,0.1714416009440448,0.005847474151277293,0.6984289137919739,4.051558399805799,11.012915984611029,0.0,RHMTD,108,case57,0.2
True,50,0.04,True,2,2,False,50,True,4.653306829834491e-10,0.006351213572557844,0.6965597325021589,5.215479154139757,10.88716420927085,0.0,RHMTD,109,case57,0.2
True,17,0.04,True,7,7,False,17,True,0.17138488083392056,0.02059593655266933,0.6989286196054825,3.300762496655807,5.234999975073153,0.0,RHMTD,110,case57,0.2
True,41,0.04,True,1,1,False,41,True,3.867180605118362e-10,0.0020696297214996768,0.6960092602414891,3.558652044739574,6.640283681917937,0.0,RHMTD,111,case57,0.2
True,15,0.04,False,20,20,False,0,False,0.4301294634119879,0.2817647171136603,0.6985911131510678,4.390456402325071,9.994347620522614,0.0,RHMTD,112,case57,0.2
True,12,-0.04,True,1,1,False,12,True,3.8671819781197475e-10,0.00017729311171765216,0.6923939724179001,3.5400417575147003,6.316938984673474,0.0,RHMTD,113,case57,0.2
True,33,-0.04,False,20,20,False,33,True,0.004856073376292805,0.05803945085492845,0.6959935754114877,4.017683360143565,13.198630968690852,0.0,RHMTD,114,case57,0.2
True,8,0.04,True,1,1,False,8,True,3.8671819781197475e-10,0.0004876848421639067,0.7004446096108814,3.7551563465967774,8.308006217703225,0.0,RHMTD,115,case57,0.2
True,16,-0.04,False,20,20,False,16,True,0.36494957498992636,0.18083980872015737,0.6924420852380717,4.691449989331886,7.687239575898293,0.0,RHMTD,116,case57,0.2
True,46,-0.04,False,20,20,False,0,False,0.508332106844248,0.2980564696491725,0.6980451085632124,4.348616598872468,9.532462537754332,0.0,RHMTD,117,case57,0.2
True,8,-0.04,True,1,1,False,8,True,3.8671819781197475e-10,0.0006192385518653159,0.7063739751047395,5.247337554465048,14.028332725865775,0.0,RHMTD,118,case57,0.2
True,20,0.04,True,1,1,False,19,False,0.1714416009440448,0.009002855629634756,0.6999944825096623,3.349130996502936,5.166775008547121,0.0,RHMTD,119,case57,0.2
True,52,-0.04,True,1,1,False,53,False,0.1714416009440448,0.00397344783628225,0.6917388836874303,5.253454254125245,15.037196164485072,0.0,RHMTD,120,case57,0.2
True,9,-0.04,True,9,9,False,9,True,3.8671817035195113e-10,0.010090378655776309,0.7077023825274638,3.2217083469731733,4.26110657572281,0.0,RHMTD,121,case57,0.2
True,21,0.04,False,20,20,False,0,False,0.4280122845738474,0.3315887640515958,0.6996360605044811,3.7076834531035274,8.692262190743351,0.0,RHMTD,122,case57,0.2
True,43,0.04,True,1,1,False,43,True,0.1714416009440448,0.003168250659373691,0.693256567909404,4.239054152276367,8.923657995183023,0.0,RHMTD,123,case57,0.2
True,18,-0.04,True,9,9,False,18,True,0.14964585475686212,0.055064478932076895,0.6967219318612528,3.2009729387937114,3.6824142269324556,0.0,RHMTD,124,case57,0.2
True,38,-0.04,True,18,18,False,38,True,0.1714416009440448,0.014155125138810967,0.7012479279965167,4.035473047406413,4.4205881451489555,0.0,RHMTD,125,case57,0.2
True,47,-0.04,False,20,20,False,0,False,0.47210890903892744,0.31370516317830366,0.7071772934903748,3.810818790225312,8.13273334351834,0.0,RHMTD,126,case57,0.2
True,51,-0.04,True,2,2,False,51,True,4.469988543662207e-06,0.010669003097684893,0.6970001612097991,2.8976502071600407,3.3507423417177056,0.0,RHMTD,127,case57,0.2
True,23,0.04,True,0,0,False,0,False,0.5169889001095506,0.2677085834057466,0.6991911641240269,4.9458311521448195,12.753964573494162,0.0,RHMTD,128,case57,0.2
True,40,0.04,True,3,3,False,40,True,3.9426084584683544e-10,0.010862587979873495,0.7005195715467513,3.534502087859437,5.8007332962006375,0.0,RHMTD,129,case57,0.2
True,20,-0.04,True,2,2,False,20,True,0.1714416009483766,0.0026276173635865104,0.700535256376753,3.5006145510124043,7.165059013641439,0.0,RHMTD,130,case57,0.2
True,51,-0.04,False,20,20,False,51,True,3.339675652596685e-09,0.011461610806261012,0.70424224929638,4.661254154052585,9.70070418552497,0.0,RHMTD,131,case57,0.2
True,26,0.04,True,1,1,False,26,True,0.1714416009440448,0.004761137619039936,0.6945849753321284,4.859773002681322,10.076766338897885,0.0,RHMTD,132,case57,0.2
True,43,-0.04,True,1,1,False,37,False,0.1714416009440448,0.0030517587927796257,0.7039797047778353,2.9989728442160413,3.4432205342454845,0.0,RHMTD,133,case57,0.2
True,54,-0.04,True,1,1,False,54,True,3.9427385976145585e-10,0.009380733687121133,0.6998393279171574,3.4433541033649817,5.290591329685418,0.0,RHMTD,134,case57,0.2
True,32,0.04,False,20,20,False,0,False,0.4303905734793562,0.32982393930394327,0.7039797047778353,3.8921480416320264,9.366145828971641,0.0,RHMTD,135,case57,0.2
True,47,0.04,False,20,20,False,0,False,0.4769204634841312,0.3091897975285039,0.6986660750869378,4.650072896038182,10.442197910742836,0.0,RHMTD,136,case57,0.2
True,51,0.04,True,2,2,False,51,True,5.217612708792355e-05,0.010527051341118653,0.7031920712222017,5.21033750846982,12.0469693967607,0.0,RHMTD,137,case57,0.2
True,53,0.04,True,2,2,False,52,False,0.17144160094438968,0.0036190135511187547,0.70424224929638,3.346993844024837,5.813472956651823,0.0,RHMTD,138,case57,0.2
True,54,0.04,True,2,2,False,54,True,3.8671808797287635e-10,0.013070265946744838,0.7002570270282069,4.184458346571773,11.957537507987583,0.0,RHMTD,139,case57,0.2
True,20,0.04,True,1,1,False,20,True,0.1714416009440448,0.002305556316460217,0.7001820650923369,4.470726996078156,9.930332694784738,0.0,RHMTD,140,case57,0.2
True,52,0.04,True,1,1,False,52,True,0.1714416009480723,0.003089055252384883,0.6972574750075787,5.4900228074984625,13.660631290986212,0.0,RHMTD,141,case57,0.2
True,10,0.04,True,1,1,False,10,True,3.8671819781197475e-10,0.0014014514041661343,0.70424224929638,3.9937478548381478,5.924595525721097,0.0,RHMTD,142,case57,0.2
True,12,-0.04,True,1,1,False,12,True,3.8671819781197475e-10,0.0001772387363655586,0.7037171602592909,4.339847998926416,12.844823178602384,0.0,RHMTD,143,case57,0.2
True,10,0.04,True,1,1,False,10,True,3.8671819781197475e-10,0.0014053777909133996,0.6922526886095728,5.919058306608349,27.801254522637464,0.0,RHMTD,144,case57,0.2
True,11,-0.04,True,1,1,False,11,True,3.8671819781197475e-10,0.000744420890290774,0.6947062360423455,4.770016748807393,9.56337741808967,0.0,RHMTD,145,case57,0.2
True,25,-0.04,True,2,2,False,25,True,0.17144160094404481,0.0064949744113144674,0.7015854344509311,4.421116699813865,8.637722299317845,0.0,RHMTD,146,case57,0.2
True,36,0.04,True,1,1,False,36,True,3.8671808797186145e-10,0.001316013326092159,0.6993194696008332,3.378952102502808,6.418400027905592,0.0,RHMTD,147,case57,0.2
True,44,-0.04,True,14,14,False,44,True,3.867180879721126e-10,0.006201724867085892,0.6991911641240269,5.306195851881057,12.159658659948057,0.0,RHMTD,148,case57,0.2
True,24,0.04,True,4,4,False,29,False,0.17144160110250917,0.0066157357348978,0.7005195715467514,4.091547903954051,8.719224695232702,0.0,RHMTD,149,case57,0.2
True,3,0.04,True,2,2,False,3,True,3.867181978120289e-10,0.007005206150950978,0.7007228389594276,3.128410442150198,5.1238347630715,0.0,RHMTD,150,case57,0.2
True,42,0.04,True,2,2,False,42,True,3.8671808797186145e-10,0.004184229159580146,0.6962971879836142,4.151862606522627,9.00403124978766,0.0,RHMTD,151,case57,0.2
True,23,0.04,False,20,20,False,0,False,0.44130810892710537,0.32707129597317375,0.6959342983056193,4.802972957259044,6.872058936278359,0.0,RHMTD,152,case57,0.2
True,45,0.04,True,1,1,False,45,True,3.8671808797186145e-10,0.003047388248575836,0.7026512973551109,6.744554147007875,29.879104517749518,0.0,RHMTD,153,case57,0.2
True,24,-0.04,True,1,1,False,29,False,0.1714416009440448,0.005281803154378995,0.6961968428241637,3.399385398370214,5.7238229434005925,0.0,RHMTD,154,case57,0.2
True,22,-0.04,False,20,20,False,0,False,0.5029572931449368,0.3047655422488381,0.7033587382541098,5.395224952371791,13.28026246337686,0.0,RHMTD,155,case57,0.2
True,23,0.04,False,20,20,False,0,False,0.40860583230789704,0.3373475483576653,0.7005195715467514,4.732091602636501,10.769617286860017,0.0,RHMTD,156,case57,0.2
True,54,0.04,True,1,1,False,54,True,3.867180879720918e-10,0.001971276766829064,0.6990360095315222,3.61593755078502,7.575995827210137,0.0,RHMTD,157,case57,0.2
True,33,-0.04,False,20,20,False,0,False,0.5495244610752331,0.24811094783880835,0.7031763863922001,3.885095746954903,8.627631247509273,0.0,RHMTD,158,case57,0.2
True,39,-0.04,True,8,8,False,39,True,3.8671808797188777e-10,0.007655196428708702,0.7021262083180217,5.391104202135466,13.437431602505985,0.0,RHMTD,159,case57,0.2
True,13,0.04,True,1,1,False,13,True,3.8671819781197475e-10,0.0002917014177592351,0.6948091582955711,3.8080019439803436,9.209674669546079,0.0,RHMTD,160,case57,0.2
True,38,0.04,False,20,20,False,38,True,0.17144160094404476,0.01170456149013074,0.6935601804815307,4.75972275598906,11.389097315259292,0.0,RHMTD,161,case57,0.2
True,35,0.04,True,1,1,False,35,True,3.8671808797186145e-10,0.0015603881747475743,0.6927568620958954,3.6166645033517852,6.455483013996854,0.0,RHMTD,162,case57,0.2
True,26,-0.04,True,1,1,False,26,True,0.17144160094404481,0.0058123359948651036,0.6991911641240272,3.735383355524391,7.591294375015426,0.0,RHMTD,163,case57,0.2
True,1,0.04,False,20,20,False,1,True,3.0780638751173665e-05,0.036411466823124676,0.7018479789694758,3.7427374481922016,8.801295547164045,0.0,RHMTD,164,case57,0.2
True,49,-0.04,True,4,4,False,49,True,3.879316146884139e-10,0.0033275425243157047,0.6890804831206139,4.755712344194762,11.147212487412625,0.0,RHMTD,165,case57,0.2
True,40,0.04,True,3,3,False,40,True,3.8671808797195436e-10,0.011490219517486125,0.7047830231634707,4.175693908473477,10.684206281439401,0.0,RHMTD,166,case57,0.2
True,40,0.04,True,4,4,False,40,True,3.867180879719143e-10,0.010741320487159258,0.7047080612276005,5.370556152774952,13.022080628434217,0.0,RHMTD,167,case57,0.2
True,28,0.04,True,1,1,False,28,True,3.867181428919181e-10,0.001164535064366578,0.6956971370106553,3.6586415575584397,7.624563103308905,0.0,RHMTD,168,case57,0.2
True,38,0.04,False,20,20,False,38,True,0.17144160097194636,0.021092856143292805,0.7034546157407462,3.8855667546158656,8.163723253528595,0.0,RHMTD,169,case57,0.2
True,27,0.04,True,2,2,False,27,True,3.867181428919183e-10,0.0020661114749409813,0.695772098946525,4.0722416481003165,8.760814584093168,0.0,RHMTD,170,case57,0.2
True,30,-0.04,True,1,1,False,31,False,0.1673555894222786,0.004923165156808124,0.7034389309107447,6.427462492138147,10.8418934309157,0.0,RHMTD,171,case57,0.2
True,31,-0.04,True,1,1,False,31,True,0.021790606988313976,0.005138724218837302,0.6915104613756301,3.3943270944291726,4.160137838334783,0.0,RHMTD,172,case57,0.2
True,27,0.04,True,1,1,False,27,True,4.179399360689062e-10,0.006055991812182346,0.6929601295085716,3.6237500462448224,6.662387817050335,0.0,RHMTD,173,case57,0.2
True,51,0.04,True,7,7,False,51,True,1.2998654272614261e-09,0.011542510713294683,0.7039797047778353,3.0789667973294854,3.554691336466934,0.0,RHMTD,174,case57,0.2
True,28,0.04,True,1,1,False,28,True,3.867181428919181e-10,0.0032678264463100954,0.6999944825096621,3.9618332986719906,10.259441647212954,0.0,RHMTD,175,case57,0.2
True,33,-0.04,False,20,20,False,33,True,0.004329699734039447,0.04706137489890961,0.6958541056489842,4.339464555960149,10.320677084382625,0.0,RHMTD,176,case57,0.2
True,20,-0.04,True,2,2,False,20,True,0.1714416009440448,0.00221844294117346,0.6991911641240269,4.719000050681643,11.883530949126005,0.0,RHMTD,177,case57,0.2
True,5,0.04,True,1,1,False,5,True,3.8671819781197475e-10,0.003955796013557179,0.6999944825096622,4.553893752745353,11.432229148340411,0.0,RHMTD,178,case57,0.2
True,38,0.04,False,20,20,False,38,True,0.1714416009506611,0.016353341316035972,0.701060345413842,4.340277094161138,9.045580634847285,0.0,RHMTD,179,case57,0.2
True,52,-0.04,True,1,1,False,52,True,0.1714416009440448,0.009468663185950653,0.7018479789694758,2.9205166938481852,3.332097569364123,0.0,RHMTD,180,case57,0.2
True,48,0.04,True,3,3,False,48,True,3.8671808797186145e-10,0.005151048707498569,0.7085057009130993,3.8981542456895113,10.503130647703076,0.0,RHMTD,181,case57,0.2
True,32,-0.04,False,20,20,False,0,False,0.4480159760076842,0.32298885887807294,0.6975845273527566,4.799041801015846,9.19912711251528,0.0,RHMTD,182,case57,0.2
True,48,0.04,True,1,1,False,48,True,3.8671808797186145e-10,0.004388211044871873,0.6939849243591694,4.582233363180421,13.476936885854236,0.0,RHMTD,183,case57,0.2
True,48,0.04,True,1,1,False,48,True,3.8671808797186145e-10,0.00546031945617312,0.7004393788901166,3.308808250585571,3.7301430566003617,0.0,RHMTD,184,case57,0.2
True,5,0.04,True,1,1,False,5,True,3.8671819781197475e-10,0.003308264345832257,0.6961916121033989,4.4015185500029474,9.806418765219863,0.0,RHMTD,185,case57,0.2
True,41,0.04,True,1,1,False,41,True,3.8671808797188896e-10,0.0021585459549683635,0.6970001612097989,3.8413687580032274,6.969860751996749,0.0,RHMTD,186,case57,0.2
True,29,-0.04,True,1,1,False,24,False,0.17144160095911612,0.007916438412142778,0.6944716518411564,2.8096436988562346,3.197962831472978,0.0,RHMTD,187,case57,0.2
True,10,-0.04,True,1,1,False,10,True,3.8671819781197475e-10,0.0014011031133156968,0.6969896788327474,5.10151669732295,8.136654194095197,0.0,RHMTD,188,case57,0.2
True,13,0.04,True,1,1,False,13,True,3.8671819781197475e-10,0.0002916246654021036,0.6961166501675289,2.882381292874925,3.217091693659313,0.0,RHMTD,189,case57,0.2
True,7,-0.04,False,20,20,False,7,True,1.1887571863715966e-07,0.02401213756032392,0.6929242921757544,4.904066550079733,10.039429125026814,0.0,RHMTD,190,case57,0.2
True,34,-0.04,True,1,1,False,34,True,3.867180879744859e-10,0.010136053932870632,0.7021262083180217,4.634452145546675,10.606118780560802,0.0,RHMTD,191,case57,0.2
True,23,-0.04,False,20,20,False,0,False,0.48372405666634694,0.3070365179479141,0.6944847595773829,2.7927084447583184,3.115227387752384,0.0,RHMTD,192,case57,0.2
True,22,-0.04,False,20,20,False,0,False,0.49385034124917937,0.30058464928600354,0.6950970860376962,4.129872948396951,11.177854472771287,0.0,RHMTD,193,case57,0.2
True,53,-0.04,True,1,1,False,52,False,0.1714416009448702,0.0063714386212431005,0.6986660750869378,2.8076373069779947,3.071320557501167,0.0,RHMTD,194,case57,0.2
True,40,0.04,True,1,1,False,40,True,3.8671806051191574e-10,0.009049883128374155,0.7015854344509311,3.5496708616847172,6.50583992537577,0.0,RHMTD,195,case57,0.2
True,4,-0.04,False,20,20,False,0,False,0.42843880556840586,0.3294021119384752,0.7042422492963798,2.990145850344561,3.6622500076191518,0.0,RHMTD,196,case57,0.2
True,23,0.04,False,20,20,False,45,False,0.42119607812835097,0.20288874097768794,0.7013228899323867,2.6828373956959695,2.9761791665805504,0.0,RHMTD,197,case57,0.2
True,17,0.04,False,20,20,False,18,False,0.16855978655158071,0.047914714043488044,0.6985701976003014,3.2640125486068428,5.383545201038943,0.0,RHMTD,198,case57,0.2
True,28,0.04,True,1,1,False,28,True,3.867181428919181e-10,0.0011610700379876499,0.698912934775481,2.66700845095329,2.9750878253253177,0.0,RHMTD,199,case57,0.2
True,26,-0.04,True,1,1,False,26,True,0.21896364038601546,0.005105381528689467,0.4948417944683423,28.260041811154224,51.191877131350374,0.0,Robust-MTD,0,case57,0.2
True,49,-0.04,True,1,1,False,50,False,0.22625818394686262,0.007017021732549179,0.4948417944683423,30.217876951792277,52.25930419692304,0.0,Robust-MTD,1,case57,0.2
True,53,-0.04,True,1,1,False,51,False,0.2490101552588445,0.005826936153187085,0.4948417944683423,21.274535552947782,30.938535110908564,0.0,Robust-MTD,2,case57,0.2
True,37,0.04,True,1,1,False,44,False,0.19888654945551734,0.0032062744039835873,0.4948417944683423,23.793151997961104,31.449158667237498,0.0,Robust-MTD,3,case57,0.2
True,46,0.04,True,17,17,False,0,False,0.5473360185149716,0.35354028292667666,0.4948417944683423,26.583208251395263,39.249925006879494,0.0,Robust-MTD,4,case57,0.2
True,17,0.04,True,3,3,False,18,False,0.22066964807278625,0.006981552477588396,0.4948417944683423,25.509350004722364,32.21579555538484,0.0,Robust-MTD,5,case57,0.2
True,24,0.04,True,5,5,False,24,True,0.32420934936097934,0.014451869099186767,0.4948417944683423,26.153502048691735,40.60708717152011,0.0,Robust-MTD,6,case57,0.2
True,3,0.04,True,16,16,False,3,True,0.0004140981072760963,0.008621037203614342,0.4948417944683423,22.930900153005496,34.1535750310868,0.0,Robust-MTD,7,case57,0.2
True,8,-0.04,True,1,1,False,8,True,3.8671819781197475e-10,0.004882064964206214,0.4948417944683423,27.949727096711285,34.81208817684095,0.0,Robust-MTD,8,case57,0.2
True,22,0.04,False,20,20,False,0,False,0.6060313263572102,0.3066542938263783,0.4948417944683423,25.790777057409286,35.74471396568697,0.0,Robust-MTD,9,case57,0.2
True,29,-0.04,True,3,3,False,29,True,0.3344517664501811,0.01557342389773089,0.4948417944683423,24.10813750466332,30.71500450605527,0.0,Robust-MTD,10,case57,0.2
True,28,-0.04,True,1,1,False,28,True,3.867181428919449e-10,0.0033735226776998493,0.4948417944683423,31.04539584601298,65.68426520971117,0.0,Robust-MTD,11,case57,0.2
True,8,0.04,True,1,1,False,8,True,3.8671819781197475e-10,0.004882064964206214,0.4948417944683423,20.17621235572733,30.509220849489793,0.0,Robust-MTD,12,case57,0.2
True,28,-0.04,True,1,1,False,28,True,4.551910360201059e-10,0.003373522677711143,0.4948417944683423,28.62748950428795,44.73960802715739,0.0,Robust-MTD,13,case57,0.2
True,22,0.04,False,20,20,False,0,False,0.5743269876994536,0.3332075416038328,0.4948417944683423,27.32691671117209,49.7334819403477,0.0,Robust-MTD,14,case57,0.2
True,26,0.04,True,1,1,False,26,True,0.21605564964738264,0.005122406839801203,0.4948417944683423,25.261352147208527,32.01556901913136,0.0,Robust-MTD,15,case57,0.2
True,40,-0.04,False,20,20,False,40,True,0.00039492891790810587,0.047375411523741646,0.4948417944683423,35.80911666213069,97.95006873609964,0.0,Robust-MTD,16,case57,0.2
True,1,-0.04,False,20,20,False,0,False,0.5904723205239737,0.2787580496624254,0.4948417944683423,24.00645835150499,37.144216356682605,0.0,Robust-MTD,17,case57,0.2
True,37,-0.04,True,1,1,False,44,False,0.1022059800878798,0.00362214504563613,0.4948417944683423,30.00568955030758,63.99933750508356,0.0,Robust-MTD,18,case57,0.2
True,42,-0.04,True,4,4,False,42,True,3.8671808797186176e-10,0.012298808387578544,0.4948417944683423,27.089108247309923,39.967667291057296,0.0,Robust-MTD,19,case57,0.2
True,32,0.04,False,20,20,False,0,False,0.5095869641974846,0.3709375620667279,0.4948417944683423,23.317216645227745,33.121831237804145,0.0,Robust-MTD,20,case57,0.2
True,20,0.04,True,1,1,False,17,False,0.33188545856536206,0.005664226302748569,0.4948417944683423,27.171862495015375,37.206604448147125,0.0,Robust-MTD,21,case57,0.2
True,46,0.04,False,20,20,False,0,False,0.5018413147010818,0.3790389317151846,0.4948417944683423,22.187566704815254,33.837752440013,0.0,Robust-MTD,22,case57,0.2
True,42,0.04,True,18,18,False,42,True,3.867180879729902e-10,0.012298808387578544,0.4948417944683423,26.39715419500135,35.55669167544693,0.0,Robust-MTD,23,case57,0.2
True,56,-0.04,True,3,3,False,56,True,0.17144160094404476,0.015075329385466215,0.4948417944683423,25.814599957084283,41.831578547134995,0.0,Robust-MTD,24,case57,0.2
True,53,0.04,True,1,1,False,51,False,0.20098428474459942,0.006826243996146087,0.4948417944683423,30.24748335010372,42.27548121998555,0.0,Robust-MTD,25,case57,0.2
True,48,0.04,True,1,1,False,50,False,0.21251929470239814,0.007104646265809073,0.4948417944683423,27.331654258887284,36.14422979007942,0.0,Robust-MTD,26,case57,0.2
True,24,-0.04,True,9,9,False,24,True,0.30554319174929323,0.012991152814144192,0.4948417944683423,27.777597901877016,42.532921145902954,0.0,Robust-MTD,27,case57,0.2
True,20,0.04,True,1,1,False,18,False,0.2612224611069677,0.006658877036921594,0.4948417944683423,29.284583395929076,44.73584550432862,0.0,Robust-MTD,28,case57,0.2
True,34,-0.04,True,18,18,False,34,True,0.4052382072227106,0.039962486216400125,0.4948417944683423,31.176789655000903,52.42375351954252,0.0,Robust-MTD,29,case57,0.2
True,11,-0.04,True,1,1,False,11,True,3.8671819781197475e-10,0.004888621605915981,0.4948417944683423,30.93207284982782,44.51668928959408,0.0,Robust-MTD,30,case57,0.2
True,38,0.04,False,20,20,False,56,False,0.17144160094404476,0.015075329385466215,0.4948417944683423,28.23647274635732,49.73156843043398,0.0,Robust-MTD,31,case57,0.2
True,32,0.04,False,20,20,False,0,False,0.5199054051950568,0.3690280128771451,0.4948417944683423,30.597831300110556,40.69922851922461,0.0,Robust-MTD,32,case57,0.2
True,15,-0.04,False,20,20,False,0,False,0.5145670554793418,0.36100210456408505,0.4948417944683423,32.71678750170395,59.32361605227927,0.0,Robust-MTD,33,case57,0.2
True,36,0.04,True,1,1,False,36,True,5.073313917093421e-10,0.0009164437876425398,0.4948417944683423,32.04255204764195,45.521468477090835,0.0,Robust-MTD,34,case57,0.2
True,26,0.04,True,2,2,False,26,True,0.20173962413476162,0.00519505367836978,0.4948417944683423,37.94434579613153,63.56927233573517,0.0,Robust-MTD,35,case57,0.2
True,28,0.04,True,1,1,False,28,True,3.8671814289192767e-10,0.0033735226776998493,0.4948417944683423,34.517179254908115,58.412110107019565,0.0,Robust-MTD,36,case57,0.2
True,3,0.04,True,8,8,False,3,True,0.0038235465933636726,0.008615439305030127,0.4948417944683423,32.732231251429766,50.446914922213196,0.0,Robust-MTD,37,case57,0.2
True,6,0.04,False,20,20,False,6,True,1.2198661291046392e-09,0.011385499125552733,0.4948417944683423,30.56221658771392,46.38429548358548,0.0,Robust-MTD,38,case57,0.2
True,51,-0.04,True,10,10,False,54,False,0.18376022971740463,0.01446615647551374,0.4948417944683423,30.59231879597064,43.836241328972434,0.0,Robust-MTD,39,case57,0.2
True,17,0.04,True,1,1,False,18,False,0.2475444289753145,0.006792529829335288,0.4948417944683423,29.58691670501139,43.952098238514736,0.0,Robust-MTD,40,case57,0.2
True,49,-0.04,True,2,2,False,50,False,0.17110410928180256,0.007679595284587984,0.4948417944683423,34.554889498394914,54.44050141377376,0.0,Robust-MTD,41,case57,0.2
True,19,-0.04,True,1,1,False,18,False,0.28784936083499807,0.0064008381271941205,0.4948417944683423,31.83606663660612,55.006554175633944,0.0,Robust-MTD,42,case57,0.2
True,31,0.04,False,20,20,False,30,False,0.39927173442772523,0.06468782433889525,0.4948417944683423,34.33809389534872,63.269567012321225,0.0,Robust-MTD,43,case57,0.2
True,55,0.04,True,1,1,False,55,True,3.867180879718649e-10,0.0038404153115128067,0.4948417944683423,34.36968130117748,70.81704645534047,0.0,Robust-MTD,44,case57,0.2
True,2,0.04,True,2,2,False,2,True,1.3474172949942487e-05,0.0058139303060758315,0.4948417944683423,35.005660308524966,59.3892125238199,0.0,Robust-MTD,45,case57,0.2
True,34,-0.04,True,11,11,False,31,False,0.40079126095357814,0.04194469458052559,0.4948417944683423,31.498602099600244,56.3380569277797,0.0,Robust-MTD,46,case57,0.2
True,14,-0.04,True,1,1,False,14,True,3.8671819781200764e-10,0.0034844732392646867,0.4948417944683423,34.51088965230156,64.65692262863742,0.0,Robust-MTD,47,case57,0.2
True,1,0.04,False,20,20,False,1,True,0.22818107905950738,0.20624972288991503,0.4948417944683423,30.681114600156434,65.60835894488264,0.0,Robust-MTD,48,case57,0.2
True,34,-0.04,False,20,20,False,34,True,0.40522239529169507,0.040300356009083854,0.4948417944683423,26.029760407982394,35.46210597560276,0.0,Robust-MTD,49,case57,0.2
True,40,-0.04,False,20,20,False,40,True,0.0020984796817889693,0.04755030418818715,0.4948417944683423,30.586049947305582,48.88588125759272,0.0,Robust-MTD,50,case57,0.2
True,27,-0.04,True,1,1,False,26,False,0.21184882112595654,0.005145605346354644,0.4948417944683423,31.197452105698176,47.392670801491505,0.0,Robust-MTD,51,case57,0.2
True,44,-0.04,True,1,1,False,44,True,0.05931271250724372,0.0037459184241648885,0.4948417944683423,35.78952489478979,80.6321416370338,0.0,Robust-MTD,52,case57,0.2
True,1,0.04,False,20,20,False,0,False,0.4997127847768982,0.3783883708786537,0.4948417944683423,32.212460291339085,69.54278269549832,0.0,Robust-MTD,53,case57,0.2
True,20,-0.04,True,1,1,False,18,False,0.2949067989828095,0.006311187837542115,0.4948417944683423,35.81076670088805,52.15882053307725,0.0,Robust-MTD,54,case57,0.2
True,41,-0.04,False,20,20,False,41,True,3.867180605118429e-10,0.016569358082100326,0.4948417944683423,35.04578540450893,57.32390452467371,0.0,Robust-MTD,55,case57,0.2
True,25,0.04,True,2,2,False,25,True,0.2325657118107577,0.00501319396933001,0.4948417944683423,34.80121455795597,56.54943962290418,0.0,Robust-MTD,56,case57,0.2
True,33,0.04,False,20,20,False,34,False,0.39911886409422354,0.033276378372613935,0.4948417944683423,27.945793795515783,41.04169552738315,0.0,Robust-MTD,57,case57,0.2
True,42,-0.04,True,8,8,False,42,True,3.867180879721542e-10,0.012298808387578544,0.4948417944683423,33.03266654838808,62.41355768579524,0.0,Robust-MTD,58,case57,0.2
True,21,0.04,False,20,20,False,0,False,0.5415855496655643,0.35301530623485733,0.4948417944683423,36.1427021009149,74.00116666103716,0.0,Robust-MTD,59,case57,0.2
True,36,-0.04,True,1,1,False,36,True,1.3663665561955617e-06,0.0009164437709115221,0.4948417944683423,25.426312399213202,40.66649614542257,0.0,Robust-MTD,60,case57,0.2
True,46,0.04,False,20,20,False,0,False,0.5249036525292273,0.36782775394065065,0.4948417944683423,31.77203349478077,56.30420838424472,0.0,Robust-MTD,61,case57,0.2
True,56,0.04,False,20,20,False,38,False,0.17144160095166613,0.015075329385449754,0.4948417944683423,30.53557940002065,46.86352531716697,0.0,Robust-MTD,62,case57,0.2
True,8,-0.04,True,2,2,False,8,True,3.8671819781197475e-10,0.004882064964206214,0.4948417944683423,34.689003945095465,69.38346661045216,0.0,Robust-MTD,63,case57,0.2
True,2,0.04,True,1,1,False,2,True,1.5521344026995157e-05,0.005813932189885153,0.4948417944683423,27.73004399787169,37.00622086762451,0.0,Robust-MTD,64,case57,0.2
True,43,0.04,True,1,1,False,44,False,0.11527649639090724,0.0035782696691225415,0.4948417944683423,31.263454249710776,51.248455682070926,0.0,Robust-MTD,65,case57,0.2
True,11,0.04,True,1,1,False,11,True,3.8671819781197475e-10,0.004888621605915981,0.4948417944683423,31.931933455052782,56.97485451237299,0.0,Robust-MTD,66,case57,0.2
True,7,0.04,False,20,20,False,0,False,0.5702934179258264,0.3199123718184705,0.4948417944683423,32.89207515481394,48.17598781955895,0.0,Robust-MTD,67,case57,0.2
True,7,-0.04,False,20,20,False,0,False,0.58770741466234,0.2709251470151143,0.4948417944683423,35.065008292440325,63.85727496817709,0.0,Robust-MTD,68,case57,0.2
True,51,-0.04,True,5,5,False,51,True,0.27242074600698796,0.011358213783328406,0.4948417944683423,31.80668740533292,55.54453270160594,0.0,Robust-MTD,69,case57,0.2
True,12,-0.04,True,1,1,False,12,True,3.8671819781197475e-10,0.00045950791273184757,0.4948417944683423,33.0221062497003,64.04762328893412,0.0,Robust-MTD,70,case57,0.2
True,17,-0.04,True,3,3,False,18,False,0.24873987376601014,0.00678555160876686,0.4948417944683423,37.158427049871534,66.43822982732674,0.0,Robust-MTD,71,case57,0.2
True,35,0.04,True,1,1,False,35,True,2.3513740385914497e-09,0.000868359885308281,0.4948417944683423,29.57129370770417,44.527037508669316,0.0,Robust-MTD,72,case57,0.2
True,37,0.04,True,1,1,False,44,False,0.05770897368672763,0.003749968892579739,0.4948417944683423,31.134183346875943,48.38699433603325,0.0,Robust-MTD,73,case57,0.2
True,11,0.04,True,1,1,False,11,True,3.8671819781197475e-10,0.004888621605915981,0.4948417944683423,31.320374953793362,49.1057663690299,0.0,Robust-MTD,74,case57,0.2
True,43,-0.04,True,1,1,False,44,False,0.11763061578210904,0.0035700385029593987,0.4948417944683423,35.29101024614647,60.947999701602406,0.0,Robust-MTD,75,case57,0.2
True,39,0.04,True,1,1,False,39,True,3.867180879718649e-10,0.0036474741932404305,0.4948417944683423,30.83096675691195,55.40307534683963,0.0,Robust-MTD,76,case57,0.2
True,41,-0.04,False,20,20,False,41,True,3.867180879732405e-10,0.016569358082100326,0.4948417944683423,34.68936879944522,58.31226492009593,0.0,Robust-MTD,77,case57,0.2
True,11,-0.04,True,1,1,False,11,True,3.8671819781197475e-10,0.004888621605915981,0.4948417944683423,33.977758351829834,60.22757739410737,0.0,Robust-MTD,78,case57,0.2
True,24,0.04,True,2,2,False,24,True,0.27525026559209076,0.011391560428994175,0.4948417944683423,31.607443597749807,53.30795235931875,0.0,Robust-MTD,79,case57,0.2
True,26,-0.04,True,3,3,False,25,False,0.20138719233327187,0.005196627307819101,0.4948417944683423,36.13024164515082,75.22922743228266,0.0,Robust-MTD,80,case57,0.2
True,37,0.04,True,1,1,False,44,False,0.11933722709032174,0.0035640066655803983,0.4948417944683423,33.78078325185925,49.18876428855586,0.0,Robust-MTD,81,case57,0.2
True,26,-0.04,True,1,1,False,26,True,0.21084278740320825,0.005150914385642916,0.4948417944683423,36.97044370055664,73.97596492664889,0.0,Robust-MTD,82,case57,0.2
True,20,-0.04,True,1,1,False,18,False,0.26908178686481754,0.006585578137328123,0.4948417944683423,31.29709799832199,43.400101471343085,0.0,Robust-MTD,83,case57,0.2
True,54,0.04,False,20,20,False,54,True,0.15516319498514858,0.015476614555242085,0.4948417944683423,30.00366655178368,52.64491038687994,0.0,Robust-MTD,84,case57,0.2
True,31,0.04,False,20,20,False,31,True,0.3755639325203377,0.051671357552125506,0.4948417944683423,34.15168540668674,58.95348302146887,0.0,Robust-MTD,85,case57,0.2
True,28,0.04,True,1,1,False,28,True,3.8671814289191867e-10,0.0033735226776998493,0.4948417944683423,37.28234994923696,69.40837886650118,0.0,Robust-MTD,86,case57,0.2
True,26,-0.04,True,1,1,False,25,False,0.23463820448106093,0.004997004050490545,0.4948417944683423,31.689643702702593,54.625020871753804,0.0,Robust-MTD,87,case57,0.2
True,17,-0.04,True,2,2,False,18,False,0.3312929640098846,0.005696147823853415,0.4948417944683423,28.14277285069693,35.97430769295897,0.0,Robust-MTD,88,case57,0.2
True,55,-0.04,True,1,1,False,55,True,3.867180605118526e-10,0.003840415311512807,0.4948417944683423,35.362343792803586,66.96389583230484,0.0,Robust-MTD,89,case57,0.2
True,11,0.04,True,1,1,False,11,True,3.8671819781197475e-10,0.004888621605915981,0.4948417944683423,37.215512394323014,62.861459763371386,0.0,Robust-MTD,90,case57,0.2
True,48,-0.04,True,1,1,False,48,True,0.2662031525548332,0.005267241914245388,0.4948417944683423,33.87192495574709,59.75887050735765,0.0,Robust-MTD,91,case57,0.2
True,50,-0.04,True,5,5,False,50,True,0.13704155537127988,0.008054378061998546,0.4948417944683423,28.13871255493723,40.69422738684808,0.0,Robust-MTD,92,case57,0.2
True,53,-0.04,True,1,1,False,51,False,0.1561534007692173,0.007473710394946088,0.4948417944683423,28.610460605705157,37.19997568405235,0.0,Robust-MTD,93,case57,0.2
True,43,0.04,True,1,1,False,44,False,0.22414233387561971,0.0030435585857268186,0.4948417944683423,27.879029299947433,46.6108708322281,0.0,Robust-MTD,94,case57,0.2
True,40,-0.04,False,20,20,False,40,True,0.030950388885169756,0.04655268676493054,0.4948417944683423,38.216900001862086,77.25829818518834,0.0,Robust-MTD,95,case57,0.2
True,10,-0.04,True,1,1,False,10,True,3.8671819781197475e-10,0.006716505493575347,0.4948417944683423,38.36118114122655,65.75821455917324,0.0,Robust-MTD,96,case57,0.2
True,14,0.04,True,1,1,False,14,True,3.8671817035206415e-10,0.0034844732392646876,0.4948417944683423,28.906799948890693,43.36794194823597,0.0,Robust-MTD,97,case57,0.2
True,53,-0.04,True,1,1,False,51,False,0.2653657936915389,0.00543403253083529,0.4948417944683423,28.495375101920217,45.03062914300244,0.0,Robust-MTD,98,case57,0.2
True,49,-0.04,True,1,1,False,50,False,0.21745983613260708,0.007076996910878008,0.4948417944683423,29.124735452933237,43.906772584887236,0.0,Robust-MTD,99,case57,0.2
True,56,0.04,True,6,6,False,38,False,0.17144160112039583,0.015075329385140973,0.4948417944683423,30.773518796195276,52.442683625849895,0.0,Robust-MTD,100,case57,0.2
True,17,-0.04,True,2,2,False,18,False,0.31257347022423804,0.006079016087067945,0.4948417944683423,38.39259590313304,80.77380000613633,0.0,Robust-MTD,101,case57,0.2
True,12,0.04,True,1,1,False,12,True,3.8671819781197475e-10,0.00045950791273184757,0.4948417944683423,32.46336874726694,44.26237354055048,0.0,Robust-MTD,102,case57,0.2
True,48,-0.04,True,1,1,False,48,True,0.26015678620631466,0.005252559147370924,0.4948417944683423,32.65011250041425,47.259818110615015,0.0,Robust-MTD,103,case57,0.2
True,31,0.04,False,20,20,False,31,True,0.3935414638097833,0.04745029531977145,0.4948417944683423,35.1413167983992,74.30119194323197,0.0,Robust-MTD,104,case57,0.2
True,31,0.04,False,20,20,False,0,False,0.5328644402987879,0.36230756789281016,0.4948417944683423,28.830118689802475,42.91832678136417,0.0,Robust-MTD,105,case57,0.2
True,41,-0.04,False,20,20,False,41,True,3.867180879761423e-10,0.016569358082100326,0.4948417944683423,26.01760845282115,34.5885038288543,0.0,Robust-MTD,106,case57,0.2
True,16,-0.04,False,20,20,False,0,False,0.5012648630187251,0.3734824316803095,0.4948417944683423,36.81682085734792,68.25971040525475,0.0,Robust-MTD,107,case57,0.2
True,20,0.04,True,1,1,False,18,False,0.256771244809035,0.00668983810946594,0.4948417944683423,34.87578550702892,52.912568434840075,0.0,Robust-MTD,108,case57,0.2
True,50,0.04,True,14,14,False,50,True,0.21998482363758817,0.007212867703202673,0.4948417944683423,35.01554795366246,78.02046042925214,0.0,Robust-MTD,109,case57,0.2
True,17,0.04,True,3,3,False,18,False,0.2580390773427589,0.006706671368913667,0.4948417944683423,34.548408395494334,65.95752355933655,0.0,Robust-MTD,110,case57,0.2
True,41,0.04,False,20,20,False,41,True,5.456946521027055e-10,0.016569358082885347,0.4948417944683423,30.12938324827701,55.313808351638734,0.0,Robust-MTD,111,case57,0.2
True,15,0.04,False,20,20,False,0,False,0.5127621366595326,0.3692304260937099,0.4948417944683423,30.605562453274615,46.06703396129889,0.0,Robust-MTD,112,case57,0.2
True,12,-0.04,True,1,1,False,12,True,3.8671819781197475e-10,0.00045950791273184757,0.4948417944683423,34.96090005792212,64.67797151999551,0.0,Robust-MTD,113,case57,0.2
True,33,-0.04,False,20,20,False,31,False,0.3826962966077752,0.04422848275662962,0.4948417944683423,28.43622299551498,42.87795414566063,0.0,Robust-MTD,114,case57,0.2
True,8,0.04,True,1,1,False,8,True,3.8671819781197475e-10,0.004882064964206214,0.4948417944683423,31.29622079723049,50.91653184208556,0.0,Robust-MTD,115,case57,0.2
True,16,-0.04,False,20,20,False,0,False,0.5102633713632533,0.3696976057380522,0.4948417944683423,31.674714546534233,65.78088571550325,0.0,Robust-MTD,116,case57,0.2
True,46,-0.04,False,20,20,False,0,False,0.5275759450198803,0.3590088283938463,0.4948417944683423,35.71289569372311,75.74451872496867,0.0,Robust-MTD,117,case57,0.2
True,8,-0.04,True,1,1,False,8,True,3.8671819781197475e-10,0.004882064964206214,0.4948417944683423,32.57940000621602,68.35998751048467,0.0,Robust-MTD,118,case57,0.2
True,20,0.04,True,1,1,False,18,False,0.2970533538850321,0.00628459128221634,0.4948417944683423,31.535674945916984,52.133676767698496,0.0,Robust-MTD,119,case57,0.2
True,52,-0.04,True,1,1,False,51,False,0.15825838832519154,0.007612796721300304,0.4948417944683423,31.099889561301097,52.34013308072463,0.0,Robust-MTD,120,case57,0.2
True,9,-0.04,False,20,20,False,9,True,1.4883141404340063e-07,0.03584234820094626,0.4948417944683423,33.6729936505435,55.878502366249464,0.0,Robust-MTD,121,case57,0.2
True,21,0.04,False,20,20,False,0,False,0.4974484258026196,0.3826334237538858,0.4948417944683423,28.798310295678675,53.25241700629704,0.0,Robust-MTD,122,case57,0.2
True,43,0.04,True,1,1,False,44,False,0.11774373492583504,0.003569640385540566,0.4948417944683423,32.46260205341969,51.415489337523496,0.0,Robust-MTD,123,case57,0.2
True,18,-0.04,True,5,5,False,18,True,0.24994521377044893,0.006771781502693749,0.4948417944683423,33.359252152149566,70.15219163731672,0.0,Robust-MTD,124,case57,0.2
True,38,-0.04,True,18,18,False,38,True,0.17144160094404476,0.015075329385466213,0.4948417944683423,28.898972950992174,56.08662911690772,0.0,Robust-MTD,125,case57,0.2
True,47,-0.04,False,20,20,False,0,False,0.5672210629446225,0.3441086375161302,0.4948417944683423,33.15133745491039,91.42640555801336,0.0,Robust-MTD,126,case57,0.2
True,51,-0.04,True,2,2,False,54,False,0.21353387431974385,0.013175066159556985,0.4948417944683423,30.087616748642176,48.91187949979213,0.0,Robust-MTD,127,case57,0.2
True,23,0.04,True,0,0,False,0,False,0.5567653153747673,0.3516945776156504,0.4948417944683423,29.34816664783284,47.53603924764321,0.0,Robust-MTD,128,case57,0.2
True,40,0.04,True,15,15,False,40,True,0.0005243798137622163,0.04736993292787549,0.4948417944683423,35.96671249833889,65.35510384710511,0.0,Robust-MTD,129,case57,0.2
True,20,-0.04,True,1,1,False,17,False,0.3380999775896218,0.005412258686287877,0.4948417944683423,30.96775614831131,52.03170173335821,0.0,Robust-MTD,130,case57,0.2
True,51,-0.04,True,3,3,False,54,False,0.1656040649115379,0.014944451895079139,0.4948417944683423,29.439947949140333,49.94709584279917,0.0,Robust-MTD,131,case57,0.2
True,26,0.04,True,1,1,False,25,False,0.21935681164946447,0.005103014485119587,0.4948417944683423,41.0182770981919,75.95460596203341,0.0,Robust-MTD,132,case57,0.2
True,43,-0.04,True,1,1,False,44,False,0.07917078435373333,0.0036923413772585734,0.4948417944683423,31.02232286182698,52.784710121341064,0.0,Robust-MTD,133,case57,0.2
True,54,-0.04,False,20,20,False,54,True,0.13225073882917848,0.016073797715678104,0.4948417944683423,35.859204138978384,52.67687113664582,0.0,Robust-MTD,134,case57,0.2
True,32,0.04,False,20,20,False,0,False,0.5107783115535715,0.37037955866403227,0.4948417944683423,32.091704054619186,57.39498510374688,0.0,Robust-MTD,135,case57,0.2
True,47,0.04,False,20,20,False,0,False,0.5765526991053779,0.3185890810954481,0.4948417944683423,32.6724978920538,58.96684373728931,0.0,Robust-MTD,136,case57,0.2
True,51,0.04,True,2,2,False,54,False,0.15908087309409308,0.015211877468702494,0.4948417944683423,28.85760214412585,47.58020063454751,0.0,Robust-MTD,137,case57,0.2
True,53,0.04,True,1,1,False,51,False,0.10755409459490814,0.008287128800207566,0.4948417944683423,33.78127079922706,58.045725000556565,0.0,Robust-MTD,138,case57,0.2
True,54,0.04,False,20,20,False,54,True,0.1387764965131602,0.015926651382077033,0.4948417944683423,30.219910488813184,48.2792666356545,0.0,Robust-MTD,139,case57,0.2
True,20,0.04,True,1,1,False,18,False,0.29134258463517804,0.006355735907872372,0.4948417944683423,33.154502042452805,71.48608267307284,0.0,Robust-MTD,140,case57,0.2
True,52,0.04,True,1,1,False,51,False,0.12354049715041582,0.007961061416358875,0.4948417944683423,31.140372846857645,44.133022209280185,0.0,Robust-MTD,141,case57,0.2
True,10,0.04,True,3,3,False,10,True,3.8671819781197475e-10,0.006716505493575347,0.4948417944683423,29.926079054712318,39.63022299285513,0.0,Robust-MTD,142,case57,0.2
True,12,-0.04,True,1,1,False,12,True,3.8671819781197475e-10,0.00045950791273184757,0.4948417944683423,33.5787061980227,45.19023780303546,0.0,Robust-MTD,143,case57,0.2
True,10,0.04,True,2,2,False,10,True,3.8671819781197506e-10,0.006716505493575347,0.4948417944683423,30.72351029550191,53.39668267988603,0.0,Robust-MTD,144,case57,0.2
True,11,-0.04,True,1,1,False,11,True,3.8671819781197475e-10,0.004888621605915981,0.4948417944683423,27.511562549625523,45.21867950679734,0.0,Robust-MTD,145,case57,0.2
True,25,-0.04,True,1,1,False,25,True,0.2547337643147444,0.004792918229202604,0.4948417944683423,31.69841060298495,57.80136074172333,0.0,Robust-MTD,146,case57,0.2
True,36,0.04,True,1,1,False,36,True,1.1883239085124916e-07,0.0009164437863965861,0.4948417944683423,34.307881351560354,88.18952676956545,0.0,Robust-MTD,147,case57,0.2
True,44,-0.04,True,1,1,False,44,True,0.038512659484475895,0.0037951708774604173,0.4948417944683423,33.76606445526704,68.51293954823632,0.0,Robust-MTD,148,case57,0.2
True,24,0.04,True,2,2,False,24,True,0.3371935351408539,0.015733243511210644,0.4948417944683423,31.986635347129777,57.77951420750469,0.0,Robust-MTD,149,case57,0.2
True,3,0.04,True,4,4,False,3,True,0.0017223584929272672,0.008619095882869339,0.4948417944683423,30.98729591583833,55.246188142336905,0.0,Robust-MTD,150,case57,0.2
True,42,0.04,False,20,20,False,42,True,3.8671808797192065e-10,0.012298808387578544,0.4948417944683423,40.2061146509368,76.35165177634919,0.0,Robust-MTD,151,case57,0.2
True,23,0.04,False,20,20,False,0,False,0.6021105064586645,0.32445535253309843,0.4948417944683423,28.29343959747348,41.824004816589884,0.0,Robust-MTD,152,case57,0.2
True,45,0.04,True,7,7,False,45,True,3.8671808797186683e-10,0.008872938518095718,0.4948417944683423,37.30090205499437,61.37573986197823,0.0,Robust-MTD,153,case57,0.2
True,24,-0.04,True,1,1,False,29,False,0.33643100838846024,0.015568852060180993,0.4948417944683423,29.2838103545364,51.934408632223494,0.0,Robust-MTD,154,case57,0.2
True,22,-0.04,False,20,20,False,0,False,0.6204303676219554,0.3018020971187199,0.4948417944683423,30.867247897549532,54.638528524083085,0.0,Robust-MTD,155,case57,0.2
True,23,0.04,False,20,20,False,0,False,0.5010959811566728,0.377691124304002,0.4948417944683423,34.65730625030119,65.53276696649846,0.0,Robust-MTD,156,case57,0.2
True,54,0.04,False,20,20,False,54,True,0.24133110743566183,0.01319264474592138,0.4948417944683423,34.209587454097345,58.271382687962614,0.0,Robust-MTD,157,case57,0.2
True,33,-0.04,False,20,20,False,34,False,0.42921059965690966,0.032943246557504954,0.4948417944683423,32.08685824647546,62.03000771347433,0.0,Robust-MTD,158,case57,0.2
True,39,-0.04,True,1,1,False,39,True,3.867180879718745e-10,0.0036474741932404305,0.4948417944683423,32.95567710301839,73.87727500172332,0.0,Robust-MTD,159,case57,0.2
True,13,0.04,True,1,1,False,13,True,3.8671819781197475e-10,0.0005704733218803301,0.4948417944683423,34.720385348191485,51.968795820721425,0.0,Robust-MTD,160,case57,0.2
True,38,0.04,False,20,20,False,56,False,0.1714416009440448,0.015075329385466211,0.4948417944683423,33.9828166004736,54.55260864109733,0.0,Robust-MTD,161,case57,0.2
True,35,0.04,True,1,1,False,35,True,2.1500277757269496e-07,0.0008683598876303992,0.4948417944683423,32.58825410739519,66.14148543158082,0.0,Robust-MTD,162,case57,0.2
True,26,-0.04,True,1,1,False,26,True,0.20516078168792604,0.005179265170706179,0.4948417944683423,34.58161039161496,68.25579376018142,0.0,Robust-MTD,163,case57,0.2
True,1,0.04,False,20,20,False,0,False,0.5029130025973233,0.2997549187114504,0.4948417944683423,34.05810215335805,72.69582773733418,0.0,Robust-MTD,164,case57,0.2
True,49,-0.04,True,3,3,False,50,False,0.24855174203295335,0.0066143091237935905,0.4948417944683423,31.29845635558013,58.965741997235455,0.0,Robust-MTD,165,case57,0.2
True,40,0.04,False,20,20,False,40,True,0.008133808772806062,0.047860792408059016,0.4948417944683423,30.632279196288437,57.03998086391948,0.0,Robust-MTD,166,case57,0.2
True,40,0.04,False,20,20,False,40,True,0.04833078622313717,0.05333761102367297,0.4948417944683423,30.29372064920608,58.865822592633776,0.0,Robust-MTD,167,case57,0.2
True,28,0.04,True,1,1,False,28,True,3.86718142891941e-10,0.0033735226776998493,0.4948417944683423,36.86987920955289,90.48643546993848,0.0,Robust-MTD,168,case57,0.2
True,38,0.04,False,20,20,False,38,True,0.17144160203997477,0.015075329383268199,0.4948417944683423,32.612441704259254,68.49531458574349,0.0,Robust-MTD,169,case57,0.2
True,27,0.04,True,1,1,False,25,False,0.2240031497207464,0.005073796064523116,0.4948417944683423,31.76684154896066,63.093230949016295,0.0,Robust-MTD,170,case57,0.2
True,30,-0.04,False,20,20,False,0,False,0.5413406262036533,0.35954949140703973,0.4948417944683423,28.148662351304665,48.71697737544309,0.0,Robust-MTD,171,case57,0.2
True,31,-0.04,False,20,20,False,0,False,0.6431560738254439,0.19262837410212036,0.4948417944683423,33.89346874610055,48.73965865990614,0.0,Robust-MTD,172,case57,0.2
True,27,0.04,True,1,1,False,25,False,0.2027008487438675,0.005190711985532104,0.4948417944683423,29.838512357673608,53.48904726852198,0.0,Robust-MTD,173,case57,0.2
True,51,0.04,True,7,7,False,54,False,0.19962843180421794,0.01392700605727531,0.4948417944683423,37.80603539489675,92.15229374240155,0.0,Robust-MTD,174,case57,0.2
True,28,0.04,True,1,1,False,28,True,3.8671814289194804e-10,0.0033735226776998493,0.4948417944683423,30.581208312651142,53.752124350285165,0.0,Robust-MTD,175,case57,0.2
True,33,-0.04,False,20,20,False,34,False,0.38592574576395045,0.039321851490592995,0.4948417944683423,31.896297840285115,50.962047628127046,0.0,Robust-MTD,176,case57,0.2
True,20,-0.04,True,1,1,False,18,False,0.2766238968083654,0.006520976277065018,0.4948417944683423,33.41315210564062,48.09670069662393,0.0,Robust-MTD,177,case57,0.2
True,5,0.04,True,4,4,False,5,True,3.867181978120524e-10,0.008826035223823752,0.4948417944683423,31.266731349751353,44.065527696511715,0.0,Robust-MTD,178,case57,0.2
True,38,0.04,False,20,20,False,56,False,0.1714416009440448,0.015075329385466211,0.4948417944683423,31.888020900078118,57.712821185123175,0.0,Robust-MTD,179,case57,0.2
True,52,-0.04,True,1,1,False,51,False,0.15416609486176494,0.007570520635764105,0.4948417944683423,31.185443644062616,53.309192002052455,0.0,Robust-MTD,180,case57,0.2
True,48,0.04,True,1,1,False,48,True,0.18518544517965246,0.003823050773827923,0.4948417944683423,26.25029364717193,35.72704934631474,0.0,Robust-MTD,181,case57,0.2
True,32,-0.04,False,20,20,False,0,False,0.5250092495008478,0.3684272716789829,0.4948417944683423,30.404031052603386,40.871557709760964,0.0,Robust-MTD,182,case57,0.2
True,48,0.04,True,1,1,False,49,False,0.2671653476957655,0.005375641036270971,0.4948417944683423,35.92626228637528,60.995579476002604,0.0,Robust-MTD,183,case57,0.2
True,48,0.04,True,1,1,False,50,False,0.18006076016243294,0.007337401895594492,0.4948417944683423,24.762714456301183,31.5836520283483,0.0,Robust-MTD,184,case57,0.2
True,5,0.04,True,1,1,False,5,True,1.7343454035235089e-09,0.008826035224426387,0.4948417944683423,35.41747504204977,68.83963123545983,0.0,Robust-MTD,185,case57,0.2
True,41,0.04,False,20,20,False,41,True,3.867180605118778e-10,0.016569358082100326,0.4948417944683423,32.986062549753115,72.06931393302511,0.0,Robust-MTD,186,case57,0.2
True,29,-0.04,True,1,1,False,24,False,0.3334633634543956,0.015469477009677312,0.4948417944683423,28.291331298532896,41.91760865796823,0.0,Robust-MTD,187,case57,0.2
True,10,-0.04,True,3,3,False,10,True,3.8671819781197475e-10,0.006716505493575347,0.4948417944683423,30.345093796495348,46.74410664301831,0.0,Robust-MTD,188,case57,0.2
True,13,0.04,True,1,1,False,13,True,3.8671819781197475e-10,0.0005704733218803301,0.4948417944683423,19.75467290612869,24.316661851480603,0.0,Robust-MTD,189,case57,0.2
True,7,-0.04,False,20,20,False,0,False,0.5309376841692343,0.3575285207270164,0.4948417944683423,31.480337493121624,54.251818437478526,0.0,Robust-MTD,190,case57,0.2
True,34,-0.04,False,20,20,False,31,False,0.3954669670289223,0.04628315850724335,0.4948417944683423,24.873185405158438,31.595508012105714,0.0,Robust-MTD,191,case57,0.2
True,23,-0.04,False,20,20,False,0,False,0.5187911784737257,0.3739543991826352,0.4948417944683423,35.74485409480985,62.685783291817664,0.0,Robust-MTD,192,case57,0.2
True,22,-0.04,False,20,20,False,0,False,0.503078775448228,0.379435389391517,0.4948417944683423,24.32443130237516,33.28430270194076,0.0,Robust-MTD,193,case57,0.2
True,53,-0.04,True,1,1,False,51,False,0.1590623198324153,0.007534666112070524,0.4948417944683423,18.41706030536443,24.58695174427703,0.0,Robust-MTD,194,case57,0.2
True,40,0.04,False,20,20,False,40,True,0.010112477721660806,0.04715569480732023,0.4948417944683423,29.77787499257829,45.31249581195881,0.0,Robust-MTD,195,case57,0.2
True,4,-0.04,False,20,20,False,0,False,0.543771965756832,0.3557738745000786,0.4948417944683423,19.640418808558024,23.512200301047415,0.0,Robust-MTD,196,case57,0.2
True,23,0.04,False,20,20,False,0,False,0.5173528429290272,0.3687263826238618,0.4948417944683423,30.1241229462903,57.853197873919285,0.0,Robust-MTD,197,case57,0.2
True,17,0.04,True,2,2,False,17,True,0.31394249088367343,0.006034179074196659,0.4948417944683423,19.89275199593976,23.596220195759088,0.0,Robust-MTD,198,case57,0.2
True,28,0.04,True,1,1,False,28,True,3.867181428919724e-10,0.0033735226776998493,0.4948417944683423,13.241954194381833,15.773646152229048,0.0,Robust-MTD,199,case57,0.2
